activityId,alpha,mu,actualTimeSec,predictedTimeSec,errorSec,errorPct,cohort,stage,fitObjective,fatigueCoef,fatigueModel,fatigueState,acuteTrimpCol
11387382620,0.45,0.0,3148.0,4025.888322123712,877.888322123712,27.8871766875385,hardTrailRun,Stage 0 reproduction Stage 3 LOO,activity,,,,
13696739223,0.45,0.0,5809.0,9147.294834644004,3338.2948346440044,57.46763357968677,hardTrailRun,Stage 0 reproduction Stage 3 LOO,activity,,,,
13824163131,0.45,0.0,3241.0,4989.342804447604,1748.342804447604,53.94454811624819,hardTrailRun,Stage 0 reproduction Stage 3 LOO,activity,,,,
14087416092,0.45,0.0,15517.0,15547.974594890125,30.974594890125445,0.19961716111442576,hardTrailRun,Stage 0 reproduction Stage 3 LOO,activity,,,,
14155390870,0.45,0.0,5996.0,8681.060094480239,2685.060094480239,44.78085547832287,hardTrailRun,Stage 0 reproduction Stage 3 LOO,activity,,,,
14300194854,0.45,0.0,10836.0,14544.773194354213,3708.773194354213,34.22640452523268,hardTrailRun,Stage 0 reproduction Stage 3 LOO,activity,,,,
14388179928,0.45,0.0,3356.0,5052.751401736668,1696.7514017366684,50.558742602403704,hardTrailRun,Stage 0 reproduction Stage 3 LOO,activity,,,,
14511853016,0.45,0.0,3409.0,4603.103210612692,1194.1032106126922,35.02796159028138,hardTrailRun,Stage 0 reproduction Stage 3 LOO,activity,,,,
14736619046,0.45,0.0,7519.0,9752.784593165867,2233.7845931658667,29.708532958716145,hardTrailRun,Stage 0 reproduction Stage 3 LOO,activity,,,,
14765648151,0.45,0.0,3295.0,5131.896737831989,1836.8967378319894,55.74800418306493,hardTrailRun,Stage 0 reproduction Stage 3 LOO,activity,,,,
14852373707,0.45,0.0,2322.0,2496.135783759933,174.13578375993302,7.499387758825711,hardTrailRun,Stage 0 reproduction Stage 3 LOO,activity,,,,
14893241615,0.45,0.0,2746.0,4257.660953520386,1511.660953520386,55.049561308098546,hardTrailRun,Stage 0 reproduction Stage 3 LOO,activity,,,,
14953411411,0.5,-0.15,33087.0,29331.680675164615,-3755.3193248353855,-11.349833242165762,hardTrailRun,Stage 0 reproduction Stage 3 LOO,activity,,,,
15007483824,0.45,0.0,3314.0,5737.999022509543,2423.9990225095426,73.14420707632898,hardTrailRun,Stage 0 reproduction Stage 3 LOO,activity,,,,
15018253166,0.5,-0.1,30983.0,21401.61195202709,-9581.388047972909,-30.92466206620698,hardTrailRun,Stage 0 reproduction Stage 3 LOO,activity,,,,
15059995436,0.45,0.0,7678.0,11331.712984159649,3653.712984159649,47.58678020525721,hardTrailRun,Stage 0 reproduction Stage 3 LOO,activity,,,,
15087396899,0.45,0.0,11532.0,18201.847925690912,6669.847925690912,57.83773782250184,hardTrailRun,Stage 0 reproduction Stage 3 LOO,activity,,,,
15114097922,0.5,-0.15,33819.0,27757.487070567233,-6061.512929432767,-17.92339492425195,hardTrailRun,Stage 0 reproduction Stage 3 LOO,activity,,,,
15179557231,0.5,-0.1,33543.0,21890.591222330575,-11652.408777669425,-34.73871978555712,hardTrailRun,Stage 0 reproduction Stage 3 LOO,activity,,,,
15224440864,0.45,0.0,6297.0,10402.222572978342,4105.222572978342,65.1933074952889,hardTrailRun,Stage 0 reproduction Stage 3 LOO,activity,,,,
15250276952,0.45,0.0,7979.0,14246.774277911858,6267.774277911858,78.55338109928385,hardTrailRun,Stage 0 reproduction Stage 3 LOO,activity,,,,
15329205386,0.45,0.0,10390.0,13937.239317740781,3547.239317740781,34.14089814957441,hardTrailRun,Stage 0 reproduction Stage 3 LOO,activity,,,,
15493651485,0.45,0.0,4622.0,6513.256175998397,1891.2561759983973,40.91856720031149,hardTrailRun,Stage 0 reproduction Stage 3 LOO,activity,,,,
15563904138,0.45,0.0,42256.0,44126.188235043024,1870.1882350430242,4.42585250625479,hardTrailRun,Stage 0 reproduction Stage 3 LOO,activity,,,,
15652573322,0.45,0.0,3132.0,4452.112521924251,1320.1125219242513,42.14918652376281,hardTrailRun,Stage 0 reproduction Stage 3 LOO,activity,,,,
15717135978,0.45,0.0,14017.0,14688.319512819258,671.3195128192583,4.789323769845604,hardTrailRun,Stage 0 reproduction Stage 3 LOO,activity,,,,
15756279445,0.45,0.0,8201.0,9549.697516264749,1348.6975162647486,16.445525134309825,hardTrailRun,Stage 0 reproduction Stage 3 LOO,activity,,,,
15809536896,0.45,0.0,6794.0,7839.7835235454,1045.7835235454004,15.392751303288202,hardTrailRun,Stage 0 reproduction Stage 3 LOO,activity,,,,
15913800933,0.45,0.0,3009.0,4226.344593425565,1217.344593425565,40.45678276588784,hardTrailRun,Stage 0 reproduction Stage 3 LOO,activity,,,,
15961811819,0.45,0.0,2785.0,5166.259837041369,2381.259837041369,85.50304621333461,hardTrailRun,Stage 0 reproduction Stage 3 LOO,activity,,,,
16043688171,0.45,0.0,7974.0,7204.428824894918,-769.5711751050821,-9.651005456547306,hardTrailRun,Stage 0 reproduction Stage 3 LOO,activity,,,,
16043688538,0.45,0.0,18442.0,17342.56848145099,-1099.4315185490086,-5.961563380051017,hardTrailRun,Stage 0 reproduction Stage 3 LOO,activity,,,,
16043688740,0.5,-0.15,28210.0,21752.664660629824,-6457.335339370176,-22.89023516260254,hardTrailRun,Stage 0 reproduction Stage 3 LOO,activity,,,,
16106633286,0.45,0.0,15404.0,12675.158504284433,-2728.8414957155674,-17.71514863487125,hardTrailRun,Stage 0 reproduction Stage 3 LOO,activity,,,,
16121104478,0.45,0.0,5582.0,8664.350049066868,3082.3500490668685,55.219456271351994,hardTrailRun,Stage 0 reproduction Stage 3 LOO,activity,,,,
16183294852,0.45,0.0,3140.0,5813.746375871116,2673.7463758711156,85.15115846723297,hardTrailRun,Stage 0 reproduction Stage 3 LOO,activity,,,,
16213470764,0.45,0.0,6317.0,8214.471591437878,1897.4715914378776,30.037543002024343,hardTrailRun,Stage 0 reproduction Stage 3 LOO,activity,,,,
16251238864,0.45,0.0,4467.0,5362.847035743516,895.8470357435162,20.05478029423587,hardTrailRun,Stage 0 reproduction Stage 3 LOO,activity,,,,
16262137158,0.45,0.0,10091.0,9541.532750978522,-549.467249021478,-5.445121881096799,hardTrailRun,Stage 0 reproduction Stage 3 LOO,activity,,,,
16325125849,0.45,0.0,10638.0,15686.286134753103,5048.286134753103,47.45521841279473,hardTrailRun,Stage 0 reproduction Stage 3 LOO,activity,,,,
16335274846,0.45,0.0,8540.0,10920.22257764673,2380.2225776467294,27.871458754645545,hardTrailRun,Stage 0 reproduction Stage 3 LOO,activity,,,,
17383625132,0.45,0.0,5217.0,8252.81115131823,3035.8111513182303,58.190744706119034,hardTrailRun,Stage 0 reproduction Stage 3 LOO,activity,,,,
17481444994,0.45,0.0,12779.0,19338.40855301315,6559.408553013149,51.32959193217895,hardTrailRun,Stage 0 reproduction Stage 3 LOO,activity,,,,
18160385145,0.45,0.0,13509.0,16110.343747803006,2601.3437478030064,19.256375363113527,hardTrailRun,Stage 0 reproduction Stage 3 LOO,activity,,,,
18516570001,0.45,0.0,8382.0,8419.840806057658,37.84080605765848,0.4514531860851645,hardTrailRun,Stage 0 reproduction Stage 3 LOO,activity,,,,
11387382620,0.4,,3148.0,3921.6925988180064,773.6925988180064,24.57727442242714,hardTrailRun,Stage 1 TRIMP fatigue CTL LOO,activity,0.1,exponential,decayed,decayedTrimpBefore
13696739223,0.4,,5809.0,8993.875755302784,3184.8757553027845,54.82657523330667,hardTrailRun,Stage 1 TRIMP fatigue CTL LOO,activity,0.2,exponential,decayed,decayedTrimpBefore
13824163131,0.4,,3241.0,4854.451916538444,1613.4519165384436,49.78253367906336,hardTrailRun,Stage 1 TRIMP fatigue CTL LOO,activity,0.1,exponential,decayed,decayedTrimpBefore
14087416092,0.4,,15517.0,15188.682070598665,-328.3179294013353,-2.11585956951302,hardTrailRun,Stage 1 TRIMP fatigue CTL LOO,activity,0.1,exponential,decayed,decayedTrimpBefore
14155390870,0.4,,5996.0,8465.714115960644,2469.7141159606435,41.189361507015406,hardTrailRun,Stage 1 TRIMP fatigue CTL LOO,activity,0.1,linear,decayed,decayedTrimpBefore
14300194854,0.4,,10836.0,14358.64725425467,3522.6472542546708,32.50874173361638,hardTrailRun,Stage 1 TRIMP fatigue CTL LOO,activity,0.2,exponential,decayed,decayedTrimpBefore
14388179928,0.4,,3356.0,4917.715018902526,1561.715018902526,46.53501248219684,hardTrailRun,Stage 1 TRIMP fatigue CTL LOO,activity,0.1,exponential,decayed,decayedTrimpBefore
14511853016,0.4,,3409.0,4479.289691477932,1070.2896914779321,31.396001510059612,hardTrailRun,Stage 1 TRIMP fatigue CTL LOO,activity,0.1,exponential,decayed,decayedTrimpBefore
14736619046,0.4,,7519.0,9501.34036918184,1982.3403691818403,26.364415070911562,hardTrailRun,Stage 1 TRIMP fatigue CTL LOO,activity,0.1,linear,decayed,decayedTrimpBefore
14765648151,0.4,,3295.0,4995.872897468944,1700.8728974689438,51.61981479420164,hardTrailRun,Stage 1 TRIMP fatigue CTL LOO,activity,0.1,exponential,decayed,decayedTrimpBefore
14852373707,0.4,,2322.0,2425.0969915666765,103.09699156667648,4.4400082500722,hardTrailRun,Stage 1 TRIMP fatigue CTL LOO,activity,0.1,exponential,decayed,decayedTrimpBefore
14893241615,0.4,,2746.0,4141.42394365214,1395.4239436521402,50.816603920325576,hardTrailRun,Stage 1 TRIMP fatigue CTL LOO,activity,0.1,exponential,decayed,decayedTrimpBefore
14953411411,0.4,,33087.0,29285.60126534182,-3801.3987346581816,-11.489100657835953,hardTrailRun,Stage 1 TRIMP fatigue CTL LOO,activity,0.0,linear,decayed,decayedTrimpBefore
15007483824,0.4,,3314.0,5582.55996071024,2268.5599607102404,68.45383104134703,hardTrailRun,Stage 1 TRIMP fatigue CTL LOO,activity,0.1,exponential,decayed,decayedTrimpBefore
15018253166,0.4,,30983.0,22010.60640057826,-8972.393599421739,-28.959085948493495,hardTrailRun,Stage 1 TRIMP fatigue CTL LOO,activity,0.0,linear,decayed,decayedTrimpBefore
15059995436,0.4,,7678.0,11091.432713612294,3413.432713612294,44.457315884505,hardTrailRun,Stage 1 TRIMP fatigue CTL LOO,activity,0.2,exponential,decayed,decayedTrimpBefore
15087396899,0.4,,11532.0,18072.84655341633,6540.84655341633,56.71909949199038,hardTrailRun,Stage 1 TRIMP fatigue CTL LOO,activity,0.3,exponential,decayed,decayedTrimpBefore
15114097922,0.4,,33819.0,27867.798760853082,-5951.201239146918,-17.597212333738188,hardTrailRun,Stage 1 TRIMP fatigue CTL LOO,activity,0.0,linear,decayed,decayedTrimpBefore
15179557231,0.4,,33543.0,22492.78953235799,-11050.21046764201,-32.94341730805834,hardTrailRun,Stage 1 TRIMP fatigue CTL LOO,activity,0.0,linear,decayed,decayedTrimpBefore
15224440864,0.4,,6297.0,10208.360862446989,3911.360862446989,62.11467146969968,hardTrailRun,Stage 1 TRIMP fatigue CTL LOO,activity,0.2,exponential,decayed,decayedTrimpBefore
15250276952,0.4,,7979.0,13972.177391197774,5993.177391197774,75.11188609096095,hardTrailRun,Stage 1 TRIMP fatigue CTL LOO,activity,0.2,exponential,decayed,decayedTrimpBefore
15329205386,0.4,,10390.0,13613.639605105622,3223.6396051056217,31.02636771035247,hardTrailRun,Stage 1 TRIMP fatigue CTL LOO,activity,0.2,exponential,decayed,decayedTrimpBefore
15493651485,0.4,,4622.0,6332.497975021909,1710.497975021909,37.007745024273234,hardTrailRun,Stage 1 TRIMP fatigue CTL LOO,activity,0.1,exponential,decayed,decayedTrimpBefore
15563904138,0.4,,42256.0,44189.461724416644,1933.4617244166438,4.57559097978191,hardTrailRun,Stage 1 TRIMP fatigue CTL LOO,activity,0.3,exponential,decayed,decayedTrimpBefore
15652573322,0.4,,3132.0,4333.839283305943,1201.8392833059434,38.37290176583472,hardTrailRun,Stage 1 TRIMP fatigue CTL LOO,activity,0.1,exponential,decayed,decayedTrimpBefore
15717135978,0.4,,14017.0,14317.006896752728,300.0068967527277,2.140307460603037,hardTrailRun,Stage 1 TRIMP fatigue CTL LOO,activity,0.1,exponential,decayed,decayedTrimpBefore
15756279445,0.4,,8201.0,9295.012312025878,1094.0123120258777,13.339986733640746,hardTrailRun,Stage 1 TRIMP fatigue CTL LOO,activity,0.1,exponential,decayed,decayedTrimpBefore
15809536896,0.4,,6794.0,7666.742511500287,872.742511500287,12.845783213133458,hardTrailRun,Stage 1 TRIMP fatigue CTL LOO,activity,0.1,linear,decayed,decayedTrimpBefore
15913800933,0.4,,3009.0,4114.128522170117,1105.1285221701173,36.72743510036947,hardTrailRun,Stage 1 TRIMP fatigue CTL LOO,activity,0.1,exponential,decayed,decayedTrimpBefore
15961811819,0.4,,2785.0,5035.648103604864,2250.6481036048644,80.81321736462709,hardTrailRun,Stage 1 TRIMP fatigue CTL LOO,activity,0.1,linear,decayed,decayedTrimpBefore
16043688171,0.4,,7974.0,7004.991843423326,-969.0081565766741,-12.152096270086206,hardTrailRun,Stage 1 TRIMP fatigue CTL LOO,activity,0.1,exponential,decayed,decayedTrimpBefore
16043688538,0.4,,18442.0,16867.483684275296,-1574.5163157247043,-8.53766573975005,hardTrailRun,Stage 1 TRIMP fatigue CTL LOO,activity,0.1,exponential,decayed,decayedTrimpBefore
16043688740,0.4,,28210.0,21775.097281656344,-6434.902718343656,-22.8107150597081,hardTrailRun,Stage 1 TRIMP fatigue CTL LOO,activity,0.0,linear,decayed,decayedTrimpBefore
16106633286,0.4,,15404.0,12334.98918901023,-3069.01081098977,-19.923466703387238,hardTrailRun,Stage 1 TRIMP fatigue CTL LOO,activity,0.1,exponential,decayed,decayedTrimpBefore
16121104478,0.4,,5582.0,8433.43345237092,2851.4334523709203,51.0826487346994,hardTrailRun,Stage 1 TRIMP fatigue CTL LOO,activity,0.1,linear,decayed,decayedTrimpBefore
16183294852,0.4,,3140.0,5666.333252719096,2526.333252719096,80.45647301653172,hardTrailRun,Stage 1 TRIMP fatigue CTL LOO,activity,0.1,linear,decayed,decayedTrimpBefore
16213470764,0.4,,6317.0,8000.280430024104,1683.2804300241041,26.646832832422103,hardTrailRun,Stage 1 TRIMP fatigue CTL LOO,activity,0.1,exponential,decayed,decayedTrimpBefore
16251238864,0.4,,4467.0,5211.115064327551,744.1150643275514,16.658049346934213,hardTrailRun,Stage 1 TRIMP fatigue CTL LOO,activity,0.1,exponential,decayed,decayedTrimpBefore
16262137158,0.4,,10091.0,9289.885637766994,-801.1143622330055,-7.938899635645679,hardTrailRun,Stage 1 TRIMP fatigue CTL LOO,activity,0.1,exponential,decayed,decayedTrimpBefore
16325125849,0.4,,10638.0,15437.402997807785,4799.402997807785,45.115651417632876,hardTrailRun,Stage 1 TRIMP fatigue CTL LOO,activity,0.2,exponential,decayed,decayedTrimpBefore
16335274846,0.4,,8540.0,10613.980891024034,2073.9808910240336,24.285490527213508,hardTrailRun,Stage 1 TRIMP fatigue CTL LOO,activity,0.1,exponential,decayed,decayedTrimpBefore
17383625132,0.4,,5217.0,8035.8468804615,2818.8468804615004,54.03195093849914,hardTrailRun,Stage 1 TRIMP fatigue CTL LOO,activity,0.1,linear,decayed,decayedTrimpBefore
17481444994,0.4,,12779.0,19157.86080037406,6378.860800374059,49.91674466213365,hardTrailRun,Stage 1 TRIMP fatigue CTL LOO,activity,0.3,exponential,decayed,decayedTrimpBefore
18160385145,0.4,,13509.0,15864.401977987418,2355.401977987418,17.43579819370359,hardTrailRun,Stage 1 TRIMP fatigue CTL LOO,activity,0.2,exponential,decayed,decayedTrimpBefore
18516570001,0.4,,8382.0,8192.594651788053,-189.40534821194706,-2.259667719064031,hardTrailRun,Stage 1 TRIMP fatigue CTL LOO,activity,0.1,exponential,decayed,decayedTrimpBefore
11387382620,0.4,,3148.0,4402.591865621014,1254.5918656210142,39.85361707817707,hardTrailRun,Stage 2 TRIMP fatigue REDI LOO,activity,0.2,exponential,decayed,decayedTrimpBefore
13696739223,0.4,,5809.0,9012.613722716094,3203.6137227160943,55.14914310063857,hardTrailRun,Stage 2 TRIMP fatigue REDI LOO,activity,0.2,exponential,decayed,decayedTrimpBefore
13824163131,0.4,,3241.0,4852.15518296902,1611.1551829690197,49.71166871240419,hardTrailRun,Stage 2 TRIMP fatigue REDI LOO,activity,0.2,exponential,decayed,decayedTrimpBefore
14087416092,0.4,,15517.0,15292.06283129161,-224.93716870838944,-1.4496176368395273,hardTrailRun,Stage 2 TRIMP fatigue REDI LOO,activity,0.2,exponential,decayed,decayedTrimpBefore
14155390870,0.4,,5996.0,8482.230199133883,2486.2301991338827,41.46481319436095,hardTrailRun,Stage 2 TRIMP fatigue REDI LOO,activity,0.2,exponential,decayed,decayedTrimpBefore
14300194854,0.4,,10836.0,14290.520746062219,3454.5207460622187,31.880036416225714,hardTrailRun,Stage 2 TRIMP fatigue REDI LOO,activity,0.2,exponential,decayed,decayedTrimpBefore
14388179928,0.4,,3356.0,4906.452281978029,1550.4522819780286,46.19941245464924,hardTrailRun,Stage 2 TRIMP fatigue REDI LOO,activity,0.2,exponential,decayed,decayedTrimpBefore
14511853016,0.4,,3409.0,4485.519768801664,1076.5197688016642,31.57875531832397,hardTrailRun,Stage 2 TRIMP fatigue REDI LOO,activity,0.2,exponential,decayed,decayedTrimpBefore
14736619046,0.4,,7519.0,9408.833128691043,1889.8331286910434,25.134101990837127,hardTrailRun,Stage 2 TRIMP fatigue REDI LOO,activity,0.2,exponential,decayed,decayedTrimpBefore
14765648151,0.4,,3295.0,4941.862445810284,1646.862445810284,49.9806508591892,hardTrailRun,Stage 2 TRIMP fatigue REDI LOO,activity,0.2,exponential,decayed,decayedTrimpBefore
14852373707,0.4,,2322.0,2407.5362872869514,85.53628728695139,3.6837333026249524,hardTrailRun,Stage 2 TRIMP fatigue REDI LOO,activity,0.2,exponential,decayed,decayedTrimpBefore
14893241615,0.4,,2746.0,4158.3394635584655,1412.3394635584655,51.43260974357121,hardTrailRun,Stage 2 TRIMP fatigue REDI LOO,activity,0.2,exponential,decayed,decayedTrimpBefore
14953411411,0.4,,33087.0,29285.60126534182,-3801.3987346581816,-11.489100657835953,hardTrailRun,Stage 2 TRIMP fatigue REDI LOO,activity,0.0,linear,decayed,decayedTrimpBefore
15007483824,0.4,,3314.0,5541.626018712927,2227.6260187129274,67.21864872398695,hardTrailRun,Stage 2 TRIMP fatigue REDI LOO,activity,0.2,exponential,decayed,decayedTrimpBefore
15018253166,0.4,,30983.0,21920.20979388285,-9062.790206117152,-29.250847904067236,hardTrailRun,Stage 2 TRIMP fatigue REDI LOO,activity,0.0,linear,decayed,decayedTrimpBefore
15059995436,0.4,,7678.0,11091.432713612294,3413.432713612294,44.457315884505,hardTrailRun,Stage 2 TRIMP fatigue REDI LOO,activity,0.2,exponential,decayed,decayedTrimpBefore
15087396899,0.4,,11532.0,17786.963443650795,6254.963443650795,54.240057610568805,hardTrailRun,Stage 2 TRIMP fatigue REDI LOO,activity,0.3,exponential,decayed,decayedTrimpBefore
15114097922,0.4,,33819.0,27867.798760853082,-5951.201239146918,-17.597212333738188,hardTrailRun,Stage 2 TRIMP fatigue REDI LOO,activity,0.0,linear,decayed,decayedTrimpBefore
15179557231,0.4,,33543.0,22069.657621604492,-11473.342378395508,-34.20487844973768,hardTrailRun,Stage 2 TRIMP fatigue REDI LOO,activity,0.0,linear,decayed,decayedTrimpBefore
15224440864,0.4,,6297.0,9981.09364723276,3684.0936472327594,58.50553671959281,hardTrailRun,Stage 2 TRIMP fatigue REDI LOO,activity,0.2,exponential,decayed,decayedTrimpBefore
15250276952,0.4,,7979.0,13660.395982322918,5681.395982322918,71.20436122725803,hardTrailRun,Stage 2 TRIMP fatigue REDI LOO,activity,0.2,exponential,decayed,decayedTrimpBefore
15329205386,0.4,,10390.0,13348.85787228209,2958.8578722820894,28.477939097998934,hardTrailRun,Stage 2 TRIMP fatigue REDI LOO,activity,0.2,exponential,decayed,decayedTrimpBefore
15493651485,0.4,,4622.0,6291.174121808275,1669.1741218082752,36.11367636971604,hardTrailRun,Stage 2 TRIMP fatigue REDI LOO,activity,0.2,exponential,decayed,decayedTrimpBefore
15563904138,0.4,,42256.0,44217.05781024088,1961.0578102408836,4.640897884894177,hardTrailRun,Stage 2 TRIMP fatigue REDI LOO,activity,0.3,linear,decayed,decayedTrimpBefore
15652573322,0.4,,3132.0,4307.343001276875,1175.343001276875,37.52691574958094,hardTrailRun,Stage 2 TRIMP fatigue REDI LOO,activity,0.2,exponential,decayed,decayedTrimpBefore
15717135978,0.4,,14017.0,14405.354023201637,388.35402320163666,2.7705930170624002,hardTrailRun,Stage 2 TRIMP fatigue REDI LOO,activity,0.2,exponential,decayed,decayedTrimpBefore
15756279445,0.4,,8201.0,9293.585740901099,1092.5857409010987,13.32259164615411,hardTrailRun,Stage 2 TRIMP fatigue REDI LOO,activity,0.2,exponential,decayed,decayedTrimpBefore
15809536896,0.4,,6794.0,7715.751716085818,921.7517160858179,13.56714330417748,hardTrailRun,Stage 2 TRIMP fatigue REDI LOO,activity,0.2,exponential,decayed,decayedTrimpBefore
15913800933,0.4,,3009.0,4134.130221406651,1125.130221406651,37.392164220892354,hardTrailRun,Stage 2 TRIMP fatigue REDI LOO,activity,0.2,exponential,decayed,decayedTrimpBefore
15961811819,0.4,,2785.0,5075.212970624153,2290.212970624153,82.23385890930531,hardTrailRun,Stage 2 TRIMP fatigue REDI LOO,activity,0.2,exponential,decayed,decayedTrimpBefore
16043688171,0.4,,7974.0,7030.806488133055,-943.1935118669453,-11.82836107182023,hardTrailRun,Stage 2 TRIMP fatigue REDI LOO,activity,0.2,exponential,decayed,decayedTrimpBefore
16043688538,0.4,,18442.0,16867.64163115055,-1574.358368849451,-8.536809287764076,hardTrailRun,Stage 2 TRIMP fatigue REDI LOO,activity,0.1,linear,decayed,decayedTrimpBefore
16043688740,0.4,,28210.0,21836.95478105967,-6373.0452189403295,-22.591439982064266,hardTrailRun,Stage 2 TRIMP fatigue REDI LOO,activity,0.0,linear,decayed,decayedTrimpBefore
16106633286,0.4,,15404.0,12260.618822407007,-3143.3811775929935,-20.40626575949749,hardTrailRun,Stage 2 TRIMP fatigue REDI LOO,activity,0.1,exponential,decayed,decayedTrimpBefore
16121104478,0.4,,5582.0,8473.276849186857,2891.2768491868574,51.79643226776886,hardTrailRun,Stage 2 TRIMP fatigue REDI LOO,activity,0.2,exponential,decayed,decayedTrimpBefore
16183294852,0.4,,3140.0,5670.8373459755785,2530.8373459755785,80.59991547692925,hardTrailRun,Stage 2 TRIMP fatigue REDI LOO,activity,0.2,exponential,decayed,decayedTrimpBefore
16213470764,0.4,,6317.0,8008.6053716257375,1691.6053716257375,26.778619148737338,hardTrailRun,Stage 2 TRIMP fatigue REDI LOO,activity,0.2,exponential,decayed,decayedTrimpBefore
16251238864,0.4,,4467.0,5208.649164965069,741.6491649650688,16.602846764384797,hardTrailRun,Stage 2 TRIMP fatigue REDI LOO,activity,0.2,exponential,decayed,decayedTrimpBefore
16262137158,0.4,,10091.0,9308.25162291914,-782.7483770808594,-7.756896017053408,hardTrailRun,Stage 2 TRIMP fatigue REDI LOO,activity,0.2,exponential,decayed,decayedTrimpBefore
16325125849,0.4,,10638.0,15542.540168559231,4904.5401685592315,46.103968495574655,hardTrailRun,Stage 2 TRIMP fatigue REDI LOO,activity,0.3,exponential,decayed,decayedTrimpBefore
16335274846,0.4,,8540.0,10649.13151514878,2109.1315151487797,24.697090341320603,hardTrailRun,Stage 2 TRIMP fatigue REDI LOO,activity,0.2,exponential,decayed,decayedTrimpBefore
17383625132,0.4,,5217.0,8076.781781026994,2859.7817810269944,54.8165953810043,hardTrailRun,Stage 2 TRIMP fatigue REDI LOO,activity,0.2,exponential,decayed,decayedTrimpBefore
17481444994,0.4,,12779.0,19030.74391812981,6251.7439181298105,48.92201203638634,hardTrailRun,Stage 2 TRIMP fatigue REDI LOO,activity,0.3,exponential,decayed,decayedTrimpBefore
18160385145,0.4,,13509.0,16007.882533943117,2498.882533943117,18.4979090528027,hardTrailRun,Stage 2 TRIMP fatigue REDI LOO,activity,0.2,exponential,decayed,decayedTrimpBefore
18516570001,0.4,,8382.0,8261.277622241623,-120.72237775837675,-1.440257429711009,hardTrailRun,Stage 2 TRIMP fatigue REDI LOO,activity,0.2,exponential,decayed,decayedTrimpBefore
11387382620,0.5,,3148.0,3562.9703989847017,414.97039898470166,13.182033004596622,hardTrailRun,Stage 3 HRR speed ratio decayed TRIMP linear LOO,activity,0.4,linear,decayed,decayedTrimpBefore
13696739223,0.5,,5809.0,7372.254038285008,1563.2540382850084,26.910897543208957,hardTrailRun,Stage 3 HRR speed ratio decayed TRIMP linear LOO,activity,0.4,linear,decayed,decayedTrimpBefore
13824163131,0.5,,3241.0,4095.154778122582,854.1547781225818,26.35466763722869,hardTrailRun,Stage 3 HRR speed ratio decayed TRIMP linear LOO,activity,0.4,linear,decayed,decayedTrimpBefore
14087416092,0.5,,15517.0,13313.404847227748,-2203.595152772252,-14.201167447137022,hardTrailRun,Stage 3 HRR speed ratio decayed TRIMP linear LOO,activity,0.4,linear,decayed,decayedTrimpBefore
14155390870,0.5,,5996.0,7210.934038383228,1214.9340383832277,20.26240891232868,hardTrailRun,Stage 3 HRR speed ratio decayed TRIMP linear LOO,activity,0.4,linear,decayed,decayedTrimpBefore
14300194854,0.5,,10836.0,11780.468361927928,944.4683619279276,8.716024011885636,hardTrailRun,Stage 3 HRR speed ratio decayed TRIMP linear LOO,activity,0.4,linear,decayed,decayedTrimpBefore
14388179928,0.5,,3356.0,4067.4394818884643,711.4394818884643,21.199031045544228,hardTrailRun,Stage 3 HRR speed ratio decayed TRIMP linear LOO,activity,0.4,linear,decayed,decayedTrimpBefore
14511853016,0.5,,3409.0,3802.501214474695,393.5012144746952,11.543010104860523,hardTrailRun,Stage 3 HRR speed ratio decayed TRIMP linear LOO,activity,0.4,linear,decayed,decayedTrimpBefore
14736619046,0.5,,7519.0,8443.564345135548,924.5643451355481,12.29637378821051,hardTrailRun,Stage 3 HRR speed ratio decayed TRIMP linear LOO,activity,0.4,linear,decayed,decayedTrimpBefore
14765648151,0.5,,3295.0,4089.2664238033367,794.2664238033367,24.10520254334861,hardTrailRun,Stage 3 HRR speed ratio decayed TRIMP linear LOO,activity,0.4,linear,decayed,decayedTrimpBefore
14852373707,0.5,,2322.0,1947.6726655897,-374.32733441029995,-16.120901568057707,hardTrailRun,Stage 3 HRR speed ratio decayed TRIMP linear LOO,activity,0.4,linear,decayed,decayedTrimpBefore
14893241615,0.5,,2746.0,3419.538382804191,673.5383828041909,24.52798189381613,hardTrailRun,Stage 3 HRR speed ratio decayed TRIMP linear LOO,activity,0.4,linear,decayed,decayedTrimpBefore
14953411411,0.5,,33087.0,28073.05073813306,-5013.949261866939,-15.15383462346825,hardTrailRun,Stage 3 HRR speed ratio decayed TRIMP linear LOO,activity,0.4,linear,decayed,decayedTrimpBefore
15007483824,0.5,,3314.0,4522.494018567671,1208.4940185676714,36.466325243442114,hardTrailRun,Stage 3 HRR speed ratio decayed TRIMP linear LOO,activity,0.4,linear,decayed,decayedTrimpBefore
15018253166,0.5,,30983.0,26009.98538851714,-4973.01461148286,-16.05078466088778,hardTrailRun,Stage 3 HRR speed ratio decayed TRIMP linear LOO,activity,0.4,linear,decayed,decayedTrimpBefore
15059995436,0.5,,7678.0,10132.52964880148,2454.529648801479,31.968346559019007,hardTrailRun,Stage 3 HRR speed ratio decayed TRIMP linear LOO,activity,0.4,linear,decayed,decayedTrimpBefore
15087396899,0.5,,11532.0,14495.986368163085,2963.986368163085,25.702275131487035,hardTrailRun,Stage 3 HRR speed ratio decayed TRIMP linear LOO,activity,0.4,linear,decayed,decayedTrimpBefore
15114097922,0.5,,33819.0,31033.945732345404,-2785.0542676545956,-8.23517628449864,hardTrailRun,Stage 3 HRR speed ratio decayed TRIMP linear LOO,activity,0.4,linear,decayed,decayedTrimpBefore
15179557231,0.5,,33543.0,34220.955805082776,677.9558050827764,2.0211543543594086,hardTrailRun,Stage 3 HRR speed ratio decayed TRIMP linear LOO,activity,0.4,linear,decayed,decayedTrimpBefore
15224440864,0.5,,6297.0,8306.43391390539,2009.43391390539,31.91097211220248,hardTrailRun,Stage 3 HRR speed ratio decayed TRIMP linear LOO,activity,0.4,linear,decayed,decayedTrimpBefore
15250276952,0.5,,7979.0,11109.709669852076,3130.7096698520763,39.23686765073413,hardTrailRun,Stage 3 HRR speed ratio decayed TRIMP linear LOO,activity,0.4,linear,decayed,decayedTrimpBefore
15329205386,0.5,,10390.0,13175.797750035299,2785.797750035299,26.812297882919147,hardTrailRun,Stage 3 HRR speed ratio decayed TRIMP linear LOO,activity,0.4,linear,decayed,decayedTrimpBefore
15493651485,0.5,,4622.0,5764.273903718164,1142.2739037181636,24.713844736437984,hardTrailRun,Stage 3 HRR speed ratio decayed TRIMP linear LOO,activity,0.4,linear,decayed,decayedTrimpBefore
15563904138,0.5,,42256.0,39422.77747528307,-2833.2225247169335,-6.704899954366087,hardTrailRun,Stage 3 HRR speed ratio decayed TRIMP linear LOO,activity,0.4,linear,decayed,decayedTrimpBefore
15652573322,0.5,,3132.0,3485.701089590857,353.701089590857,11.293138237255972,hardTrailRun,Stage 3 HRR speed ratio decayed TRIMP linear LOO,activity,0.4,linear,decayed,decayedTrimpBefore
15717135978,0.5,,14017.0,14119.98281061845,102.98281061845046,0.7346993694688625,hardTrailRun,Stage 3 HRR speed ratio decayed TRIMP linear LOO,activity,0.4,linear,decayed,decayedTrimpBefore
15756279445,0.5,,8201.0,8958.108661885342,757.1086618853424,9.23190661974567,hardTrailRun,Stage 3 HRR speed ratio decayed TRIMP linear LOO,activity,0.4,linear,decayed,decayedTrimpBefore
15809536896,0.5,,6794.0,6541.547988199492,-252.45201180050844,-3.715808239630681,hardTrailRun,Stage 3 HRR speed ratio decayed TRIMP linear LOO,activity,0.4,linear,decayed,decayedTrimpBefore
15913800933,0.5,,3009.0,3499.32434374627,490.3243437462702,16.295259014498843,hardTrailRun,Stage 3 HRR speed ratio decayed TRIMP linear LOO,activity,0.4,linear,decayed,decayedTrimpBefore
15961811819,0.5,,2785.0,4113.254701253199,1328.2547012531986,47.693167010886846,hardTrailRun,Stage 3 HRR speed ratio decayed TRIMP linear LOO,activity,0.4,linear,decayed,decayedTrimpBefore
16043688171,0.5,,7974.0,8112.018708296844,138.01870829684412,1.7308591459348397,hardTrailRun,Stage 3 HRR speed ratio decayed TRIMP linear LOO,activity,0.4,linear,decayed,decayedTrimpBefore
16043688538,0.5,,18442.0,23957.14999864286,5515.149998642861,29.905379018777033,hardTrailRun,Stage 3 HRR speed ratio decayed TRIMP linear LOO,activity,0.4,linear,decayed,decayedTrimpBefore
16043688740,0.5,,28210.0,23754.529887472367,-4455.470112527633,-15.793938718637483,hardTrailRun,Stage 3 HRR speed ratio decayed TRIMP linear LOO,activity,0.4,linear,decayed,decayedTrimpBefore
16106633286,0.5,,15404.0,16886.08642381584,1482.0864238158392,9.621438741988051,hardTrailRun,Stage 3 HRR speed ratio decayed TRIMP linear LOO,activity,0.4,linear,decayed,decayedTrimpBefore
16121104478,0.5,,5582.0,7445.213833640528,1863.2138336405278,33.37896513150355,hardTrailRun,Stage 3 HRR speed ratio decayed TRIMP linear LOO,activity,0.4,linear,decayed,decayedTrimpBefore
16183294852,0.5,,3140.0,4593.9369696664835,1453.9369696664835,46.30372514861412,hardTrailRun,Stage 3 HRR speed ratio decayed TRIMP linear LOO,activity,0.4,linear,decayed,decayedTrimpBefore
16213470764,0.5,,6317.0,7049.036821144533,732.036821144533,11.588361898757842,hardTrailRun,Stage 3 HRR speed ratio decayed TRIMP linear LOO,activity,0.4,linear,decayed,decayedTrimpBefore
16251238864,0.5,,4467.0,7240.867071061988,2773.867071061988,62.09686749635075,hardTrailRun,Stage 3 HRR speed ratio decayed TRIMP linear LOO,activity,0.4,linear,decayed,decayedTrimpBefore
16262137158,0.5,,10091.0,10213.0967821015,122.09678210150014,1.2099572104003582,hardTrailRun,Stage 3 HRR speed ratio decayed TRIMP linear LOO,activity,0.4,linear,decayed,decayedTrimpBefore
16325125849,0.5,,10638.0,12539.554639950737,1901.5546399507366,17.87511411873225,hardTrailRun,Stage 3 HRR speed ratio decayed TRIMP linear LOO,activity,0.4,linear,decayed,decayedTrimpBefore
16335274846,0.5,,8540.0,12741.027412978605,4201.027412978605,49.19235846579163,hardTrailRun,Stage 3 HRR speed ratio decayed TRIMP linear LOO,activity,0.4,linear,decayed,decayedTrimpBefore
17383625132,0.5,,5217.0,6833.874738156195,1616.8747381561952,30.992423579762225,hardTrailRun,Stage 3 HRR speed ratio decayed TRIMP linear LOO,activity,0.4,linear,decayed,decayedTrimpBefore
17481444994,0.5,,12779.0,15469.775153728611,2690.7751537286113,21.056226259712115,hardTrailRun,Stage 3 HRR speed ratio decayed TRIMP linear LOO,activity,0.4,linear,decayed,decayedTrimpBefore
18160385145,0.5,,13509.0,13189.05325092071,-319.9467490792904,-2.3683969877806677,hardTrailRun,Stage 3 HRR speed ratio decayed TRIMP linear LOO,activity,0.4,linear,decayed,decayedTrimpBefore
18516570001,0.5,,8382.0,9021.063613138296,639.0636131382962,7.6242378088558365,hardTrailRun,Stage 3 HRR speed ratio decayed TRIMP linear LOO,activity,0.4,linear,decayed,decayedTrimpBefore
11387382620,0.5,,3148.0,3561.534769330235,413.5347693302351,13.136428504772399,hardTrailRun,Stage 3 HRR speed ratio decayed TRIMP exponential LOO,activity,0.4,exponential,decayed,decayedTrimpBefore
13696739223,0.5,,5809.0,7368.006349306562,1559.0063493065618,26.83777499236636,hardTrailRun,Stage 3 HRR speed ratio decayed TRIMP exponential LOO,activity,0.4,exponential,decayed,decayedTrimpBefore
13824163131,0.5,,3241.0,4094.21196519542,853.2119651954199,26.32557745126257,hardTrailRun,Stage 3 HRR speed ratio decayed TRIMP exponential LOO,activity,0.4,exponential,decayed,decayedTrimpBefore
14087416092,0.5,,15517.0,13304.571484094275,-2212.4285159057254,-14.258094450639463,hardTrailRun,Stage 3 HRR speed ratio decayed TRIMP exponential LOO,activity,0.4,exponential,decayed,decayedTrimpBefore
14155390870,0.5,,5996.0,7207.549502266062,1211.5495022660616,20.20596234599836,hardTrailRun,Stage 3 HRR speed ratio decayed TRIMP exponential LOO,activity,0.4,exponential,decayed,decayedTrimpBefore
14300194854,0.5,,10836.0,11770.460850239382,934.4608502393821,8.623669714280012,hardTrailRun,Stage 3 HRR speed ratio decayed TRIMP exponential LOO,activity,0.4,exponential,decayed,decayedTrimpBefore
14388179928,0.5,,3356.0,4066.453670681668,710.453670681668,21.16965645654553,hardTrailRun,Stage 3 HRR speed ratio decayed TRIMP exponential LOO,activity,0.4,exponential,decayed,decayedTrimpBefore
14511853016,0.5,,3409.0,3801.638364811948,392.6383648119481,11.51769917312843,hardTrailRun,Stage 3 HRR speed ratio decayed TRIMP exponential LOO,activity,0.4,exponential,decayed,decayedTrimpBefore
14736619046,0.5,,7519.0,8441.025671810998,922.0256718109977,12.262610344606964,hardTrailRun,Stage 3 HRR speed ratio decayed TRIMP exponential LOO,activity,0.4,exponential,decayed,decayedTrimpBefore
14765648151,0.5,,3295.0,4088.247747255946,793.2477472559458,24.07428671489972,hardTrailRun,Stage 3 HRR speed ratio decayed TRIMP exponential LOO,activity,0.4,exponential,decayed,decayedTrimpBefore
14852373707,0.5,,2322.0,1947.4261587444425,-374.57384125555745,-16.13151771126432,hardTrailRun,Stage 3 HRR speed ratio decayed TRIMP exponential LOO,activity,0.4,exponential,decayed,decayedTrimpBefore
14893241615,0.5,,2746.0,3418.8701076581865,672.8701076581865,24.50364558114299,hardTrailRun,Stage 3 HRR speed ratio decayed TRIMP exponential LOO,activity,0.4,exponential,decayed,decayedTrimpBefore
14953411411,0.5,,33087.0,28052.731730492702,-5034.268269507298,-15.215245472564142,hardTrailRun,Stage 3 HRR speed ratio decayed TRIMP exponential LOO,activity,0.4,exponential,decayed,decayedTrimpBefore
15007483824,0.5,,3314.0,4521.570440712523,1207.5704407125231,36.43845626772852,hardTrailRun,Stage 3 HRR speed ratio decayed TRIMP exponential LOO,activity,0.4,exponential,decayed,decayedTrimpBefore
15018253166,0.5,,30983.0,25996.234390367692,-4986.765609632308,-16.09516705816838,hardTrailRun,Stage 3 HRR speed ratio decayed TRIMP exponential LOO,activity,0.4,exponential,decayed,decayedTrimpBefore
15059995436,0.5,,7678.0,10129.859851029916,2451.859851029916,31.933574511981195,hardTrailRun,Stage 3 HRR speed ratio decayed TRIMP exponential LOO,activity,0.4,exponential,decayed,decayedTrimpBefore
15087396899,0.5,,11532.0,14486.969955763867,2954.969955763867,25.624089106519833,hardTrailRun,Stage 3 HRR speed ratio decayed TRIMP exponential LOO,activity,0.4,exponential,decayed,decayedTrimpBefore
15114097922,0.5,,33819.0,31018.60990745108,-2800.3900925489215,-8.280523056710493,hardTrailRun,Stage 3 HRR speed ratio decayed TRIMP exponential LOO,activity,0.4,exponential,decayed,decayedTrimpBefore
15179557231,0.5,,33543.0,34212.207602857896,669.2076028578958,1.9950737944068684,hardTrailRun,Stage 3 HRR speed ratio decayed TRIMP exponential LOO,activity,0.4,exponential,decayed,decayedTrimpBefore
15224440864,0.5,,6297.0,8302.786692676356,2005.7866926763563,31.853052130798098,hardTrailRun,Stage 3 HRR speed ratio decayed TRIMP exponential LOO,activity,0.4,exponential,decayed,decayedTrimpBefore
15250276952,0.5,,7979.0,11105.92964395405,3126.9296439540503,39.18949296846786,hardTrailRun,Stage 3 HRR speed ratio decayed TRIMP exponential LOO,activity,0.4,exponential,decayed,decayedTrimpBefore
15329205386,0.5,,10390.0,13173.82763351857,2783.827633518569,26.793336222507886,hardTrailRun,Stage 3 HRR speed ratio decayed TRIMP exponential LOO,activity,0.4,exponential,decayed,decayedTrimpBefore
15493651485,0.5,,4622.0,5763.548975821858,1141.5489758218582,24.69816044616742,hardTrailRun,Stage 3 HRR speed ratio decayed TRIMP exponential LOO,activity,0.4,exponential,decayed,decayedTrimpBefore
15563904138,0.5,,42256.0,39378.626773752585,-2877.373226247415,-6.809383818268211,hardTrailRun,Stage 3 HRR speed ratio decayed TRIMP exponential LOO,activity,0.4,exponential,decayed,decayedTrimpBefore
15652573322,0.5,,3132.0,3484.7626945077855,352.76269450778545,11.26317670842227,hardTrailRun,Stage 3 HRR speed ratio decayed TRIMP exponential LOO,activity,0.4,exponential,decayed,decayedTrimpBefore
15717135978,0.5,,14017.0,14115.169692354639,98.16969235463876,0.7003616491020814,hardTrailRun,Stage 3 HRR speed ratio decayed TRIMP exponential LOO,activity,0.4,exponential,decayed,decayedTrimpBefore
15756279445,0.5,,8201.0,8956.19428220355,755.1942822035508,9.208563372802717,hardTrailRun,Stage 3 HRR speed ratio decayed TRIMP exponential LOO,activity,0.4,exponential,decayed,decayedTrimpBefore
15809536896,0.5,,6794.0,6533.894342249596,-260.10565775040413,-3.828461256261468,hardTrailRun,Stage 3 HRR speed ratio decayed TRIMP exponential LOO,activity,0.4,exponential,decayed,decayedTrimpBefore
15913800933,0.5,,3009.0,3498.344376157337,489.34437615733714,16.262691131849024,hardTrailRun,Stage 3 HRR speed ratio decayed TRIMP exponential LOO,activity,0.4,exponential,decayed,decayedTrimpBefore
15961811819,0.5,,2785.0,4110.757532643679,1325.757532643679,47.603502069790984,hardTrailRun,Stage 3 HRR speed ratio decayed TRIMP exponential LOO,activity,0.4,exponential,decayed,decayedTrimpBefore
16043688171,0.5,,7974.0,8111.059440456484,137.05944045648357,1.7188292006080206,hardTrailRun,Stage 3 HRR speed ratio decayed TRIMP exponential LOO,activity,0.4,exponential,decayed,decayedTrimpBefore
16043688538,0.5,,18442.0,23953.895662472394,5511.895662472394,29.88773268882114,hardTrailRun,Stage 3 HRR speed ratio decayed TRIMP exponential LOO,activity,0.4,exponential,decayed,decayedTrimpBefore
16043688740,0.5,,28210.0,23744.157269112853,-4465.842730887147,-15.83070801448829,hardTrailRun,Stage 3 HRR speed ratio decayed TRIMP exponential LOO,activity,0.4,exponential,decayed,decayedTrimpBefore
16106633286,0.5,,15404.0,16882.65186477216,1478.6518647721605,9.599142201844717,hardTrailRun,Stage 3 HRR speed ratio decayed TRIMP exponential LOO,activity,0.4,exponential,decayed,decayedTrimpBefore
16121104478,0.5,,5582.0,7443.553122615917,1861.5531226159173,33.34921394869074,hardTrailRun,Stage 3 HRR speed ratio decayed TRIMP exponential LOO,activity,0.4,exponential,decayed,decayedTrimpBefore
16183294852,0.5,,3140.0,4592.093708093428,1452.0937080934282,46.245022550746114,hardTrailRun,Stage 3 HRR speed ratio decayed TRIMP exponential LOO,activity,0.4,exponential,decayed,decayedTrimpBefore
16213470764,0.5,,6317.0,7047.023144971861,730.0231449718613,11.556484802467331,hardTrailRun,Stage 3 HRR speed ratio decayed TRIMP exponential LOO,activity,0.4,exponential,decayed,decayedTrimpBefore
16251238864,0.5,,4467.0,7239.6734658697405,2772.6734658697405,62.07014698611463,hardTrailRun,Stage 3 HRR speed ratio decayed TRIMP exponential LOO,activity,0.4,exponential,decayed,decayedTrimpBefore
16262137158,0.5,,10091.0,10210.293608307833,119.29360830783298,1.1821782609041025,hardTrailRun,Stage 3 HRR speed ratio decayed TRIMP exponential LOO,activity,0.4,exponential,decayed,decayedTrimpBefore
16325125849,0.5,,10638.0,12532.55279984437,1894.5527998443704,17.80929497879649,hardTrailRun,Stage 3 HRR speed ratio decayed TRIMP exponential LOO,activity,0.4,exponential,decayed,decayedTrimpBefore
16335274846,0.5,,8540.0,12739.687587166069,4199.687587166069,49.17666963894694,hardTrailRun,Stage 3 HRR speed ratio decayed TRIMP exponential LOO,activity,0.4,exponential,decayed,decayedTrimpBefore
17383625132,0.5,,5217.0,6832.085560781284,1615.0855607812837,30.95812844127437,hardTrailRun,Stage 3 HRR speed ratio decayed TRIMP exponential LOO,activity,0.4,exponential,decayed,decayedTrimpBefore
17481444994,0.5,,12779.0,15461.98737327029,2682.987373270291,20.99528424188349,hardTrailRun,Stage 3 HRR speed ratio decayed TRIMP exponential LOO,activity,0.4,exponential,decayed,decayedTrimpBefore
18160385145,0.5,,13509.0,13181.131566000535,-327.8684339994652,-2.42703704196806,hardTrailRun,Stage 3 HRR speed ratio decayed TRIMP exponential LOO,activity,0.4,exponential,decayed,decayedTrimpBefore
18516570001,0.5,,8382.0,9019.307224279324,637.3072242793241,7.6032835156206655,hardTrailRun,Stage 3 HRR speed ratio decayed TRIMP exponential LOO,activity,0.4,exponential,decayed,decayedTrimpBefore
11387382620,0.55,,3148.0,3208.5669756946572,60.56697569465723,1.9239827094872055,hardTrailRun,Stage 3 HRR speed ratio cumulative TRIMP linear LOO,activity,0.2,linear,cumulative,cumTrimpBefore
13696739223,0.55,,5809.0,6695.328073985638,886.3280739856382,15.257842554409335,hardTrailRun,Stage 3 HRR speed ratio cumulative TRIMP linear LOO,activity,0.2,linear,cumulative,cumTrimpBefore
13824163131,0.55,,3241.0,3704.647478220905,463.6474782209052,14.305692015455268,hardTrailRun,Stage 3 HRR speed ratio cumulative TRIMP linear LOO,activity,0.2,linear,cumulative,cumTrimpBefore
14087416092,0.55,,15517.0,12379.465492779604,-3137.5345072203963,-20.219981357352555,hardTrailRun,Stage 3 HRR speed ratio cumulative TRIMP linear LOO,activity,0.2,linear,cumulative,cumTrimpBefore
14155390870,0.55,,5996.0,6551.387006161427,555.387006161427,9.262625186147883,hardTrailRun,Stage 3 HRR speed ratio cumulative TRIMP linear LOO,activity,0.2,linear,cumulative,cumTrimpBefore
14300194854,0.55,,10836.0,10977.878262934782,141.87826293478247,1.3093232090696056,hardTrailRun,Stage 3 HRR speed ratio cumulative TRIMP linear LOO,activity,0.2,linear,cumulative,cumTrimpBefore
14388179928,0.55,,3356.0,3681.9775658233943,325.97756582339434,9.713276693188151,hardTrailRun,Stage 3 HRR speed ratio cumulative TRIMP linear LOO,activity,0.2,linear,cumulative,cumTrimpBefore
14511853016,0.55,,3409.0,3442.096402929509,33.09640292950917,0.9708537086978343,hardTrailRun,Stage 3 HRR speed ratio cumulative TRIMP linear LOO,activity,0.2,linear,cumulative,cumTrimpBefore
14736619046,0.55,,7519.0,7716.058452410869,197.058452410869,2.620806655284865,hardTrailRun,Stage 3 HRR speed ratio cumulative TRIMP linear LOO,activity,0.2,linear,cumulative,cumTrimpBefore
14765648151,0.55,,3295.0,3705.41523715305,410.41523715304993,12.45569763742185,hardTrailRun,Stage 3 HRR speed ratio cumulative TRIMP linear LOO,activity,0.2,linear,cumulative,cumTrimpBefore
14852373707,0.55,,2322.0,1761.6956797001953,-560.3043202998047,-24.130246352274103,hardTrailRun,Stage 3 HRR speed ratio cumulative TRIMP linear LOO,activity,0.2,linear,cumulative,cumTrimpBefore
14893241615,0.55,,2746.0,3094.3439532959856,348.34395329598556,12.685504490021323,hardTrailRun,Stage 3 HRR speed ratio cumulative TRIMP linear LOO,activity,0.2,linear,cumulative,cumTrimpBefore
14953411411,0.55,,33087.0,28439.47491941908,-4647.525080580919,-14.046377974977844,hardTrailRun,Stage 3 HRR speed ratio cumulative TRIMP linear LOO,activity,0.2,linear,cumulative,cumTrimpBefore
15007483824,0.55,,3314.0,4098.75407944835,784.7540794483502,23.67996618733706,hardTrailRun,Stage 3 HRR speed ratio cumulative TRIMP linear LOO,activity,0.2,linear,cumulative,cumTrimpBefore
15018253166,0.55,,30983.0,24142.00706575151,-6840.99293424849,-22.07982743520153,hardTrailRun,Stage 3 HRR speed ratio cumulative TRIMP linear LOO,activity,0.2,linear,cumulative,cumTrimpBefore
15059995436,0.5,,7678.0,10045.547679027406,2367.547679027406,30.83547380864035,hardTrailRun,Stage 3 HRR speed ratio cumulative TRIMP linear LOO,activity,0.1,linear,cumulative,cumTrimpBefore
15087396899,0.5,,11532.0,14455.074286697667,2923.074286697667,25.34750508756215,hardTrailRun,Stage 3 HRR speed ratio cumulative TRIMP linear LOO,activity,0.1,linear,cumulative,cumTrimpBefore
15114097922,0.55,,33819.0,29046.913585290207,-4772.086414709793,-14.110666828439022,hardTrailRun,Stage 3 HRR speed ratio cumulative TRIMP linear LOO,activity,0.2,linear,cumulative,cumTrimpBefore
15179557231,0.55,,33543.0,31512.221718684283,-2030.7782813157173,-6.054253588873141,hardTrailRun,Stage 3 HRR speed ratio cumulative TRIMP linear LOO,activity,0.2,linear,cumulative,cumTrimpBefore
15224440864,0.55,,6297.0,7578.779947353648,1281.779947353648,20.355406500772556,hardTrailRun,Stage 3 HRR speed ratio cumulative TRIMP linear LOO,activity,0.2,linear,cumulative,cumTrimpBefore
15250276952,0.5,,7979.0,11086.254877621035,3107.254877621035,38.942911111931764,hardTrailRun,Stage 3 HRR speed ratio cumulative TRIMP linear LOO,activity,0.1,linear,cumulative,cumTrimpBefore
15329205386,0.5,,10390.0,13154.825452520114,2764.8254525201137,26.61044708874027,hardTrailRun,Stage 3 HRR speed ratio cumulative TRIMP linear LOO,activity,0.1,linear,cumulative,cumTrimpBefore
15493651485,0.55,,4622.0,5248.362846424609,626.3628464246094,13.551770801051696,hardTrailRun,Stage 3 HRR speed ratio cumulative TRIMP linear LOO,activity,0.2,linear,cumulative,cumTrimpBefore
15563904138,0.55,,42256.0,53650.54792953824,11394.54792953824,26.96551478970617,hardTrailRun,Stage 3 HRR speed ratio cumulative TRIMP linear LOO,activity,0.4,linear,cumulative,cumTrimpBefore
15652573322,0.55,,3132.0,3151.391641083511,19.391641083510876,0.6191456284645873,hardTrailRun,Stage 3 HRR speed ratio cumulative TRIMP linear LOO,activity,0.2,linear,cumulative,cumTrimpBefore
15717135978,0.55,,14017.0,13006.202927161756,-1010.7970728382443,-7.211222607107399,hardTrailRun,Stage 3 HRR speed ratio cumulative TRIMP linear LOO,activity,0.2,linear,cumulative,cumTrimpBefore
15756279445,0.55,,8201.0,8175.927126736653,-25.07287326334699,-0.30572946303313003,hardTrailRun,Stage 3 HRR speed ratio cumulative TRIMP linear LOO,activity,0.2,linear,cumulative,cumTrimpBefore
15809536896,0.55,,6794.0,5887.102058036883,-906.8979419631169,-13.348512539934013,hardTrailRun,Stage 3 HRR speed ratio cumulative TRIMP linear LOO,activity,0.2,linear,cumulative,cumTrimpBefore
15913800933,0.55,,3009.0,3162.4608936634427,153.46089366344268,5.1000629333148115,hardTrailRun,Stage 3 HRR speed ratio cumulative TRIMP linear LOO,activity,0.2,linear,cumulative,cumTrimpBefore
15961811819,0.55,,2785.0,3693.261351500138,908.2613515001381,32.61261585278773,hardTrailRun,Stage 3 HRR speed ratio cumulative TRIMP linear LOO,activity,0.2,linear,cumulative,cumTrimpBefore
16043688171,0.55,,7974.0,7396.431813608591,-577.5681863914087,-7.243142543157872,hardTrailRun,Stage 3 HRR speed ratio cumulative TRIMP linear LOO,activity,0.2,linear,cumulative,cumTrimpBefore
16043688538,0.5,,18442.0,23882.247963447953,5440.247963447953,29.49922982023616,hardTrailRun,Stage 3 HRR speed ratio cumulative TRIMP linear LOO,activity,0.1,linear,cumulative,cumTrimpBefore
16043688740,0.55,,28210.0,22664.441283872737,-5545.558716127263,-19.6581308618478,hardTrailRun,Stage 3 HRR speed ratio cumulative TRIMP linear LOO,activity,0.2,linear,cumulative,cumTrimpBefore
16106633286,0.55,,15404.0,15422.243681937076,18.243681937075962,0.11843470486286654,hardTrailRun,Stage 3 HRR speed ratio cumulative TRIMP linear LOO,activity,0.2,linear,cumulative,cumTrimpBefore
16121104478,0.55,,5582.0,6772.336793283407,1190.3367932834071,21.324557385944235,hardTrailRun,Stage 3 HRR speed ratio cumulative TRIMP linear LOO,activity,0.2,linear,cumulative,cumTrimpBefore
16183294852,0.55,,3140.0,4160.967904344894,1020.9679043448941,32.51490141225777,hardTrailRun,Stage 3 HRR speed ratio cumulative TRIMP linear LOO,activity,0.2,linear,cumulative,cumTrimpBefore
16213470764,0.55,,6317.0,6428.278984499626,111.27898449962595,1.7615796184838681,hardTrailRun,Stage 3 HRR speed ratio cumulative TRIMP linear LOO,activity,0.2,linear,cumulative,cumTrimpBefore
16251238864,0.5,,4467.0,7172.674379243133,2705.6743792431334,60.57027936519215,hardTrailRun,Stage 3 HRR speed ratio cumulative TRIMP linear LOO,activity,0.1,linear,cumulative,cumTrimpBefore
16262137158,0.55,,10091.0,9311.275823575428,-779.7241764245719,-7.726926730993676,hardTrailRun,Stage 3 HRR speed ratio cumulative TRIMP linear LOO,activity,0.2,linear,cumulative,cumTrimpBefore
16325125849,0.55,,10638.0,11831.194602014237,1193.1946020142368,11.21634331654669,hardTrailRun,Stage 3 HRR speed ratio cumulative TRIMP linear LOO,activity,0.2,linear,cumulative,cumTrimpBefore
16335274846,0.5,,8540.0,12686.814273956685,4146.814273956685,48.55754419153027,hardTrailRun,Stage 3 HRR speed ratio cumulative TRIMP linear LOO,activity,0.1,linear,cumulative,cumTrimpBefore
17383625132,0.55,,5217.0,6214.4561064815025,997.4561064815025,19.119342658261502,hardTrailRun,Stage 3 HRR speed ratio cumulative TRIMP linear LOO,activity,0.2,linear,cumulative,cumTrimpBefore
17481444994,0.5,,12779.0,15481.040477873878,2702.0404778738775,21.144381233851455,hardTrailRun,Stage 3 HRR speed ratio cumulative TRIMP linear LOO,activity,0.1,linear,cumulative,cumTrimpBefore
18160385145,0.55,,13509.0,12438.536348051737,-1070.4636519482629,-7.924077666357708,hardTrailRun,Stage 3 HRR speed ratio cumulative TRIMP linear LOO,activity,0.2,linear,cumulative,cumTrimpBefore
18516570001,0.55,,8382.0,8216.383629589818,-165.61637041018184,-1.9758574374872564,hardTrailRun,Stage 3 HRR speed ratio cumulative TRIMP linear LOO,activity,0.2,linear,cumulative,cumTrimpBefore
11387382620,0.55,,3148.0,3229.1605913881835,81.16059138818355,2.5781636400312435,hardTrailRun,Stage 3 HRR speed ratio cumulative TRIMP exponential LOO,activity,0.3,exponential,cumulative,cumTrimpBefore
13696739223,0.55,,5809.0,6788.000193328679,979.0001933286794,16.853162219464267,hardTrailRun,Stage 3 HRR speed ratio cumulative TRIMP exponential LOO,activity,0.3,exponential,cumulative,cumTrimpBefore
13824163131,0.55,,3241.0,3727.9093391130305,486.90933911303046,15.023429161154905,hardTrailRun,Stage 3 HRR speed ratio cumulative TRIMP exponential LOO,activity,0.3,exponential,cumulative,cumTrimpBefore
14087416092,0.55,,15517.0,12694.853181625671,-2822.146818374329,-18.187451300988137,hardTrailRun,Stage 3 HRR speed ratio cumulative TRIMP exponential LOO,activity,0.3,exponential,cumulative,cumTrimpBefore
14155390870,0.55,,5996.0,6630.118995674356,634.1189956743556,10.575700394835817,hardTrailRun,Stage 3 HRR speed ratio cumulative TRIMP exponential LOO,activity,0.3,exponential,cumulative,cumTrimpBefore
14300194854,0.55,,10836.0,11290.567264804282,454.5672648042819,4.194972912553358,hardTrailRun,Stage 3 HRR speed ratio cumulative TRIMP exponential LOO,activity,0.3,exponential,cumulative,cumTrimpBefore
14388179928,0.55,,3356.0,3707.7748698508713,351.77486985087126,10.481968708309632,hardTrailRun,Stage 3 HRR speed ratio cumulative TRIMP exponential LOO,activity,0.3,exponential,cumulative,cumTrimpBefore
14511853016,0.55,,3409.0,3465.1935842449657,56.19358424496568,1.648389094894857,hardTrailRun,Stage 3 HRR speed ratio cumulative TRIMP exponential LOO,activity,0.3,exponential,cumulative,cumTrimpBefore
14736619046,0.55,,7519.0,7815.727576136411,296.7275761364108,3.9463702106185763,hardTrailRun,Stage 3 HRR speed ratio cumulative TRIMP exponential LOO,activity,0.3,exponential,cumulative,cumTrimpBefore
14765648151,0.55,,3295.0,3734.56773509453,439.5677350945298,13.340447195585122,hardTrailRun,Stage 3 HRR speed ratio cumulative TRIMP exponential LOO,activity,0.3,exponential,cumulative,cumTrimpBefore
14852373707,0.55,,2322.0,1767.4013589026388,-554.5986410973612,-23.884523733736486,hardTrailRun,Stage 3 HRR speed ratio cumulative TRIMP exponential LOO,activity,0.3,exponential,cumulative,cumTrimpBefore
14893241615,0.55,,2746.0,3111.8883370099693,365.8883370099693,13.324411398760716,hardTrailRun,Stage 3 HRR speed ratio cumulative TRIMP exponential LOO,activity,0.3,exponential,cumulative,cumTrimpBefore
14953411411,0.55,,33087.0,30023.483795086297,-3063.5162049137034,-9.258972420931796,hardTrailRun,Stage 3 HRR speed ratio cumulative TRIMP exponential LOO,activity,0.3,exponential,cumulative,cumTrimpBefore
15007483824,0.55,,3314.0,4127.381815771482,813.3818157714823,24.54380856280876,hardTrailRun,Stage 3 HRR speed ratio cumulative TRIMP exponential LOO,activity,0.3,exponential,cumulative,cumTrimpBefore
15018253166,0.55,,30983.0,24684.064299168476,-6298.935700831524,-20.330296294198508,hardTrailRun,Stage 3 HRR speed ratio cumulative TRIMP exponential LOO,activity,0.3,exponential,cumulative,cumTrimpBefore
15059995436,0.55,,7678.0,9357.029589332018,1679.029589332018,21.86805925152407,hardTrailRun,Stage 3 HRR speed ratio cumulative TRIMP exponential LOO,activity,0.3,exponential,cumulative,cumTrimpBefore
15087396899,0.55,,11532.0,13955.376473136894,2423.3764731368938,21.014364144440634,hardTrailRun,Stage 3 HRR speed ratio cumulative TRIMP exponential LOO,activity,0.3,exponential,cumulative,cumTrimpBefore
15114097922,0.55,,33819.0,29800.509539052655,-4018.490460947345,-11.882345607343048,hardTrailRun,Stage 3 HRR speed ratio cumulative TRIMP exponential LOO,activity,0.3,exponential,cumulative,cumTrimpBefore
15179557231,0.55,,33543.0,32007.414740506065,-1535.5852594939352,-4.577960407518514,hardTrailRun,Stage 3 HRR speed ratio cumulative TRIMP exponential LOO,activity,0.3,exponential,cumulative,cumTrimpBefore
15224440864,0.55,,6297.0,7684.807895396673,1387.8078953966733,22.03919160547361,hardTrailRun,Stage 3 HRR speed ratio cumulative TRIMP exponential LOO,activity,0.3,exponential,cumulative,cumTrimpBefore
15250276952,0.55,,7979.0,10542.141612134008,2563.141612134008,32.1235945874672,hardTrailRun,Stage 3 HRR speed ratio cumulative TRIMP exponential LOO,activity,0.3,exponential,cumulative,cumTrimpBefore
15329205386,0.55,,10390.0,12317.964854263117,1927.9648542631166,18.55596587356224,hardTrailRun,Stage 3 HRR speed ratio cumulative TRIMP exponential LOO,activity,0.3,exponential,cumulative,cumTrimpBefore
15493651485,0.55,,4622.0,5289.412799752794,667.412799752794,14.439913452029293,hardTrailRun,Stage 3 HRR speed ratio cumulative TRIMP exponential LOO,activity,0.3,exponential,cumulative,cumTrimpBefore
15563904138,0.55,,42256.0,49874.017824358605,7618.017824358605,18.028251193578676,hardTrailRun,Stage 3 HRR speed ratio cumulative TRIMP exponential LOO,activity,0.4,exponential,cumulative,cumTrimpBefore
15652573322,0.55,,3132.0,3173.107283293452,41.10728329345193,1.3124930808892699,hardTrailRun,Stage 3 HRR speed ratio cumulative TRIMP exponential LOO,activity,0.3,exponential,cumulative,cumTrimpBefore
15717135978,0.55,,14017.0,13228.22013904128,-788.7798609587207,-5.627308703422421,hardTrailRun,Stage 3 HRR speed ratio cumulative TRIMP exponential LOO,activity,0.3,exponential,cumulative,cumTrimpBefore
15756279445,0.55,,8201.0,8265.84898010052,64.84898010051984,0.7907447884467728,hardTrailRun,Stage 3 HRR speed ratio cumulative TRIMP exponential LOO,activity,0.3,exponential,cumulative,cumTrimpBefore
15809536896,0.55,,6794.0,5966.182534377934,-827.8174656220663,-12.184537321490525,hardTrailRun,Stage 3 HRR speed ratio cumulative TRIMP exponential LOO,activity,0.3,exponential,cumulative,cumTrimpBefore
15913800933,0.55,,3009.0,3182.7115904090756,173.7115904090756,5.773067145532589,hardTrailRun,Stage 3 HRR speed ratio cumulative TRIMP exponential LOO,activity,0.3,exponential,cumulative,cumTrimpBefore
15961811819,0.55,,2785.0,3716.353610222921,931.3536102229209,33.44178133655012,hardTrailRun,Stage 3 HRR speed ratio cumulative TRIMP exponential LOO,activity,0.3,exponential,cumulative,cumTrimpBefore
16043688171,0.55,,7974.0,7455.226431647847,-518.7735683521532,-6.505813498271297,hardTrailRun,Stage 3 HRR speed ratio cumulative TRIMP exponential LOO,activity,0.3,exponential,cumulative,cumTrimpBefore
16043688538,0.55,,18442.0,22230.341192856125,3788.3411928561254,20.541921661729344,hardTrailRun,Stage 3 HRR speed ratio cumulative TRIMP exponential LOO,activity,0.3,exponential,cumulative,cumTrimpBefore
16043688740,0.55,,28210.0,23405.877869804728,-4804.122130195272,-17.029855122989265,hardTrailRun,Stage 3 HRR speed ratio cumulative TRIMP exponential LOO,activity,0.3,exponential,cumulative,cumTrimpBefore
16106633286,0.55,,15404.0,15591.60277875559,187.6027787555904,1.2178835286652194,hardTrailRun,Stage 3 HRR speed ratio cumulative TRIMP exponential LOO,activity,0.3,exponential,cumulative,cumTrimpBefore
16121104478,0.55,,5582.0,6836.234564422889,1254.234564422889,22.469268441828895,hardTrailRun,Stage 3 HRR speed ratio cumulative TRIMP exponential LOO,activity,0.3,exponential,cumulative,cumTrimpBefore
16183294852,0.55,,3140.0,4203.011940244157,1063.011940244157,33.85388344726614,hardTrailRun,Stage 3 HRR speed ratio cumulative TRIMP exponential LOO,activity,0.3,exponential,cumulative,cumTrimpBefore
16213470764,0.55,,6317.0,6506.142521287735,189.14252128773478,2.9941827020379104,hardTrailRun,Stage 3 HRR speed ratio cumulative TRIMP exponential LOO,activity,0.3,exponential,cumulative,cumTrimpBefore
16251238864,0.55,,4467.0,6596.455346782498,2129.455346782498,47.670815911853545,hardTrailRun,Stage 3 HRR speed ratio cumulative TRIMP exponential LOO,activity,0.3,exponential,cumulative,cumTrimpBefore
16262137158,0.55,,10091.0,9419.11027662208,-671.8897233779207,-6.65830664332495,hardTrailRun,Stage 3 HRR speed ratio cumulative TRIMP exponential LOO,activity,0.3,exponential,cumulative,cumTrimpBefore
16325125849,0.55,,10638.0,12195.605038954602,1557.6050389546017,14.641897339298756,hardTrailRun,Stage 3 HRR speed ratio cumulative TRIMP exponential LOO,activity,0.3,exponential,cumulative,cumTrimpBefore
16335274846,0.55,,8540.0,11748.40213302569,3208.402133025689,37.56911162793547,hardTrailRun,Stage 3 HRR speed ratio cumulative TRIMP exponential LOO,activity,0.3,exponential,cumulative,cumTrimpBefore
17383625132,0.55,,5217.0,6276.403722940888,1059.4037229408877,20.30676103011094,hardTrailRun,Stage 3 HRR speed ratio cumulative TRIMP exponential LOO,activity,0.3,exponential,cumulative,cumTrimpBefore
17481444994,0.55,,12779.0,14960.857939925263,2181.857939925263,17.07377682076268,hardTrailRun,Stage 3 HRR speed ratio cumulative TRIMP exponential LOO,activity,0.3,exponential,cumulative,cumTrimpBefore
18160385145,0.55,,13509.0,12826.201023364254,-682.7989766357459,-5.054400596903886,hardTrailRun,Stage 3 HRR speed ratio cumulative TRIMP exponential LOO,activity,0.3,exponential,cumulative,cumTrimpBefore
18516570001,0.55,,8382.0,8296.551237450527,-85.44876254947303,-1.0194316696429615,hardTrailRun,Stage 3 HRR speed ratio cumulative TRIMP exponential LOO,activity,0.3,exponential,cumulative,cumTrimpBefore
11387382620,0.55,,3148.0,3229.1605913881835,81.16059138818355,2.5781636400312435,hardTrailRun,Stage 3 HRR speed ratio LOO,activity,0.3,exponential,cumulative,cumTrimpBefore
13696739223,0.55,,5809.0,6788.000193328679,979.0001933286794,16.853162219464267,hardTrailRun,Stage 3 HRR speed ratio LOO,activity,0.3,exponential,cumulative,cumTrimpBefore
13824163131,0.55,,3241.0,3727.9093391130305,486.90933911303046,15.023429161154905,hardTrailRun,Stage 3 HRR speed ratio LOO,activity,0.3,exponential,cumulative,cumTrimpBefore
14087416092,0.55,,15517.0,12694.853181625671,-2822.146818374329,-18.187451300988137,hardTrailRun,Stage 3 HRR speed ratio LOO,activity,0.3,exponential,cumulative,cumTrimpBefore
14155390870,0.55,,5996.0,6630.118995674356,634.1189956743556,10.575700394835817,hardTrailRun,Stage 3 HRR speed ratio LOO,activity,0.3,exponential,cumulative,cumTrimpBefore
14300194854,0.55,,10836.0,11290.567264804282,454.5672648042819,4.194972912553358,hardTrailRun,Stage 3 HRR speed ratio LOO,activity,0.3,exponential,cumulative,cumTrimpBefore
14388179928,0.55,,3356.0,3707.7748698508713,351.77486985087126,10.481968708309632,hardTrailRun,Stage 3 HRR speed ratio LOO,activity,0.3,exponential,cumulative,cumTrimpBefore
14511853016,0.55,,3409.0,3465.1935842449657,56.19358424496568,1.648389094894857,hardTrailRun,Stage 3 HRR speed ratio LOO,activity,0.3,exponential,cumulative,cumTrimpBefore
14736619046,0.55,,7519.0,7815.727576136411,296.7275761364108,3.9463702106185763,hardTrailRun,Stage 3 HRR speed ratio LOO,activity,0.3,exponential,cumulative,cumTrimpBefore
14765648151,0.55,,3295.0,3734.56773509453,439.5677350945298,13.340447195585122,hardTrailRun,Stage 3 HRR speed ratio LOO,activity,0.3,exponential,cumulative,cumTrimpBefore
14852373707,0.55,,2322.0,1767.4013589026388,-554.5986410973612,-23.884523733736486,hardTrailRun,Stage 3 HRR speed ratio LOO,activity,0.3,exponential,cumulative,cumTrimpBefore
14893241615,0.55,,2746.0,3111.8883370099693,365.8883370099693,13.324411398760716,hardTrailRun,Stage 3 HRR speed ratio LOO,activity,0.3,exponential,cumulative,cumTrimpBefore
14953411411,0.55,,33087.0,30023.483795086297,-3063.5162049137034,-9.258972420931796,hardTrailRun,Stage 3 HRR speed ratio LOO,activity,0.3,exponential,cumulative,cumTrimpBefore
15007483824,0.55,,3314.0,4127.381815771482,813.3818157714823,24.54380856280876,hardTrailRun,Stage 3 HRR speed ratio LOO,activity,0.3,exponential,cumulative,cumTrimpBefore
15018253166,0.55,,30983.0,24684.064299168476,-6298.935700831524,-20.330296294198508,hardTrailRun,Stage 3 HRR speed ratio LOO,activity,0.3,exponential,cumulative,cumTrimpBefore
15059995436,0.55,,7678.0,9357.029589332018,1679.029589332018,21.86805925152407,hardTrailRun,Stage 3 HRR speed ratio LOO,activity,0.3,exponential,cumulative,cumTrimpBefore
15087396899,0.55,,11532.0,13955.376473136894,2423.3764731368938,21.014364144440634,hardTrailRun,Stage 3 HRR speed ratio LOO,activity,0.3,exponential,cumulative,cumTrimpBefore
15114097922,0.55,,33819.0,29800.509539052655,-4018.490460947345,-11.882345607343048,hardTrailRun,Stage 3 HRR speed ratio LOO,activity,0.3,exponential,cumulative,cumTrimpBefore
15179557231,0.55,,33543.0,32007.414740506065,-1535.5852594939352,-4.577960407518514,hardTrailRun,Stage 3 HRR speed ratio LOO,activity,0.3,exponential,cumulative,cumTrimpBefore
15224440864,0.55,,6297.0,7684.807895396673,1387.8078953966733,22.03919160547361,hardTrailRun,Stage 3 HRR speed ratio LOO,activity,0.3,exponential,cumulative,cumTrimpBefore
15250276952,0.55,,7979.0,10542.141612134008,2563.141612134008,32.1235945874672,hardTrailRun,Stage 3 HRR speed ratio LOO,activity,0.3,exponential,cumulative,cumTrimpBefore
15329205386,0.55,,10390.0,12317.964854263117,1927.9648542631166,18.55596587356224,hardTrailRun,Stage 3 HRR speed ratio LOO,activity,0.3,exponential,cumulative,cumTrimpBefore
15493651485,0.55,,4622.0,5289.412799752794,667.412799752794,14.439913452029293,hardTrailRun,Stage 3 HRR speed ratio LOO,activity,0.3,exponential,cumulative,cumTrimpBefore
15563904138,0.55,,42256.0,49874.017824358605,7618.017824358605,18.028251193578676,hardTrailRun,Stage 3 HRR speed ratio LOO,activity,0.4,exponential,cumulative,cumTrimpBefore
15652573322,0.55,,3132.0,3173.107283293452,41.10728329345193,1.3124930808892699,hardTrailRun,Stage 3 HRR speed ratio LOO,activity,0.3,exponential,cumulative,cumTrimpBefore
15717135978,0.55,,14017.0,13228.22013904128,-788.7798609587207,-5.627308703422421,hardTrailRun,Stage 3 HRR speed ratio LOO,activity,0.3,exponential,cumulative,cumTrimpBefore
15756279445,0.55,,8201.0,8265.84898010052,64.84898010051984,0.7907447884467728,hardTrailRun,Stage 3 HRR speed ratio LOO,activity,0.3,exponential,cumulative,cumTrimpBefore
15809536896,0.55,,6794.0,5966.182534377934,-827.8174656220663,-12.184537321490525,hardTrailRun,Stage 3 HRR speed ratio LOO,activity,0.3,exponential,cumulative,cumTrimpBefore
15913800933,0.55,,3009.0,3182.7115904090756,173.7115904090756,5.773067145532589,hardTrailRun,Stage 3 HRR speed ratio LOO,activity,0.3,exponential,cumulative,cumTrimpBefore
15961811819,0.55,,2785.0,3716.353610222921,931.3536102229209,33.44178133655012,hardTrailRun,Stage 3 HRR speed ratio LOO,activity,0.3,exponential,cumulative,cumTrimpBefore
16043688171,0.55,,7974.0,7455.226431647847,-518.7735683521532,-6.505813498271297,hardTrailRun,Stage 3 HRR speed ratio LOO,activity,0.3,exponential,cumulative,cumTrimpBefore
16043688538,0.55,,18442.0,22230.341192856125,3788.3411928561254,20.541921661729344,hardTrailRun,Stage 3 HRR speed ratio LOO,activity,0.3,exponential,cumulative,cumTrimpBefore
16043688740,0.55,,28210.0,23405.877869804728,-4804.122130195272,-17.029855122989265,hardTrailRun,Stage 3 HRR speed ratio LOO,activity,0.3,exponential,cumulative,cumTrimpBefore
16106633286,0.55,,15404.0,15591.60277875559,187.6027787555904,1.2178835286652194,hardTrailRun,Stage 3 HRR speed ratio LOO,activity,0.3,exponential,cumulative,cumTrimpBefore
16121104478,0.55,,5582.0,6836.234564422889,1254.234564422889,22.469268441828895,hardTrailRun,Stage 3 HRR speed ratio LOO,activity,0.3,exponential,cumulative,cumTrimpBefore
16183294852,0.55,,3140.0,4203.011940244157,1063.011940244157,33.85388344726614,hardTrailRun,Stage 3 HRR speed ratio LOO,activity,0.3,exponential,cumulative,cumTrimpBefore
16213470764,0.55,,6317.0,6506.142521287735,189.14252128773478,2.9941827020379104,hardTrailRun,Stage 3 HRR speed ratio LOO,activity,0.3,exponential,cumulative,cumTrimpBefore
16251238864,0.55,,4467.0,6596.455346782498,2129.455346782498,47.670815911853545,hardTrailRun,Stage 3 HRR speed ratio LOO,activity,0.3,exponential,cumulative,cumTrimpBefore
16262137158,0.55,,10091.0,9419.11027662208,-671.8897233779207,-6.65830664332495,hardTrailRun,Stage 3 HRR speed ratio LOO,activity,0.3,exponential,cumulative,cumTrimpBefore
16325125849,0.55,,10638.0,12195.605038954602,1557.6050389546017,14.641897339298756,hardTrailRun,Stage 3 HRR speed ratio LOO,activity,0.3,exponential,cumulative,cumTrimpBefore
16335274846,0.55,,8540.0,11748.40213302569,3208.402133025689,37.56911162793547,hardTrailRun,Stage 3 HRR speed ratio LOO,activity,0.3,exponential,cumulative,cumTrimpBefore
17383625132,0.55,,5217.0,6276.403722940888,1059.4037229408877,20.30676103011094,hardTrailRun,Stage 3 HRR speed ratio LOO,activity,0.3,exponential,cumulative,cumTrimpBefore
17481444994,0.55,,12779.0,14960.857939925263,2181.857939925263,17.07377682076268,hardTrailRun,Stage 3 HRR speed ratio LOO,activity,0.3,exponential,cumulative,cumTrimpBefore
18160385145,0.55,,13509.0,12826.201023364254,-682.7989766357459,-5.054400596903886,hardTrailRun,Stage 3 HRR speed ratio LOO,activity,0.3,exponential,cumulative,cumTrimpBefore
18516570001,0.55,,8382.0,8296.551237450527,-85.44876254947303,-1.0194316696429615,hardTrailRun,Stage 3 HRR speed ratio LOO,activity,0.3,exponential,cumulative,cumTrimpBefore
11387382620,0.45,0.0,3148.0,4025.888322123712,877.888322123712,27.8871766875385,hardTrailRun,Stage 0 reproduction Stage 3 LOO,segment,,,,
13696739223,0.45,0.0,5809.0,9147.294834644004,3338.2948346440044,57.46763357968677,hardTrailRun,Stage 0 reproduction Stage 3 LOO,segment,,,,
13824163131,0.45,0.0,3241.0,4989.342804447604,1748.342804447604,53.94454811624819,hardTrailRun,Stage 0 reproduction Stage 3 LOO,segment,,,,
14087416092,0.45,0.0,15517.0,15547.974594890125,30.974594890125445,0.19961716111442576,hardTrailRun,Stage 0 reproduction Stage 3 LOO,segment,,,,
14155390870,0.45,0.0,5996.0,8681.060094480239,2685.060094480239,44.78085547832287,hardTrailRun,Stage 0 reproduction Stage 3 LOO,segment,,,,
14300194854,0.45,0.0,10836.0,14544.773194354213,3708.773194354213,34.22640452523268,hardTrailRun,Stage 0 reproduction Stage 3 LOO,segment,,,,
14388179928,0.45,0.0,3356.0,5052.751401736668,1696.7514017366684,50.558742602403704,hardTrailRun,Stage 0 reproduction Stage 3 LOO,segment,,,,
14511853016,0.45,0.0,3409.0,4603.103210612692,1194.1032106126922,35.02796159028138,hardTrailRun,Stage 0 reproduction Stage 3 LOO,segment,,,,
14736619046,0.45,0.0,7519.0,9752.784593165867,2233.7845931658667,29.708532958716145,hardTrailRun,Stage 0 reproduction Stage 3 LOO,segment,,,,
14765648151,0.45,0.0,3295.0,5131.896737831989,1836.8967378319894,55.74800418306493,hardTrailRun,Stage 0 reproduction Stage 3 LOO,segment,,,,
14852373707,0.45,0.0,2322.0,2496.135783759933,174.13578375993302,7.499387758825711,hardTrailRun,Stage 0 reproduction Stage 3 LOO,segment,,,,
14893241615,0.45,0.0,2746.0,4257.660953520386,1511.660953520386,55.049561308098546,hardTrailRun,Stage 0 reproduction Stage 3 LOO,segment,,,,
14953411411,0.5,-0.15,33087.0,29331.680675164615,-3755.3193248353855,-11.349833242165762,hardTrailRun,Stage 0 reproduction Stage 3 LOO,segment,,,,
15007483824,0.45,0.0,3314.0,5737.999022509543,2423.9990225095426,73.14420707632898,hardTrailRun,Stage 0 reproduction Stage 3 LOO,segment,,,,
15018253166,0.5,-0.1,30983.0,21401.61195202709,-9581.388047972909,-30.92466206620698,hardTrailRun,Stage 0 reproduction Stage 3 LOO,segment,,,,
15059995436,0.45,0.0,7678.0,11331.712984159649,3653.712984159649,47.58678020525721,hardTrailRun,Stage 0 reproduction Stage 3 LOO,segment,,,,
15087396899,0.45,0.0,11532.0,18201.847925690912,6669.847925690912,57.83773782250184,hardTrailRun,Stage 0 reproduction Stage 3 LOO,segment,,,,
15114097922,0.5,-0.15,33819.0,27757.487070567233,-6061.512929432767,-17.92339492425195,hardTrailRun,Stage 0 reproduction Stage 3 LOO,segment,,,,
15179557231,0.5,-0.1,33543.0,21890.591222330575,-11652.408777669425,-34.73871978555712,hardTrailRun,Stage 0 reproduction Stage 3 LOO,segment,,,,
15224440864,0.45,0.0,6297.0,10402.222572978342,4105.222572978342,65.1933074952889,hardTrailRun,Stage 0 reproduction Stage 3 LOO,segment,,,,
15250276952,0.45,0.0,7979.0,14246.774277911858,6267.774277911858,78.55338109928385,hardTrailRun,Stage 0 reproduction Stage 3 LOO,segment,,,,
15329205386,0.45,0.0,10390.0,13937.239317740781,3547.239317740781,34.14089814957441,hardTrailRun,Stage 0 reproduction Stage 3 LOO,segment,,,,
15493651485,0.45,0.0,4622.0,6513.256175998397,1891.2561759983973,40.91856720031149,hardTrailRun,Stage 0 reproduction Stage 3 LOO,segment,,,,
15563904138,0.45,0.0,42256.0,44126.188235043024,1870.1882350430242,4.42585250625479,hardTrailRun,Stage 0 reproduction Stage 3 LOO,segment,,,,
15652573322,0.45,0.0,3132.0,4452.112521924251,1320.1125219242513,42.14918652376281,hardTrailRun,Stage 0 reproduction Stage 3 LOO,segment,,,,
15717135978,0.45,0.0,14017.0,14688.319512819258,671.3195128192583,4.789323769845604,hardTrailRun,Stage 0 reproduction Stage 3 LOO,segment,,,,
15756279445,0.45,0.0,8201.0,9549.697516264749,1348.6975162647486,16.445525134309825,hardTrailRun,Stage 0 reproduction Stage 3 LOO,segment,,,,
15809536896,0.45,0.0,6794.0,7839.7835235454,1045.7835235454004,15.392751303288202,hardTrailRun,Stage 0 reproduction Stage 3 LOO,segment,,,,
15913800933,0.45,0.0,3009.0,4226.344593425565,1217.344593425565,40.45678276588784,hardTrailRun,Stage 0 reproduction Stage 3 LOO,segment,,,,
15961811819,0.45,0.0,2785.0,5166.259837041369,2381.259837041369,85.50304621333461,hardTrailRun,Stage 0 reproduction Stage 3 LOO,segment,,,,
16043688171,0.45,0.0,7974.0,7204.428824894918,-769.5711751050821,-9.651005456547306,hardTrailRun,Stage 0 reproduction Stage 3 LOO,segment,,,,
16043688538,0.45,0.0,18442.0,17342.56848145099,-1099.4315185490086,-5.961563380051017,hardTrailRun,Stage 0 reproduction Stage 3 LOO,segment,,,,
16043688740,0.5,-0.15,28210.0,21752.664660629824,-6457.335339370176,-22.89023516260254,hardTrailRun,Stage 0 reproduction Stage 3 LOO,segment,,,,
16106633286,0.45,0.0,15404.0,12675.158504284433,-2728.8414957155674,-17.71514863487125,hardTrailRun,Stage 0 reproduction Stage 3 LOO,segment,,,,
16121104478,0.45,0.0,5582.0,8664.350049066868,3082.3500490668685,55.219456271351994,hardTrailRun,Stage 0 reproduction Stage 3 LOO,segment,,,,
16183294852,0.45,0.0,3140.0,5813.746375871116,2673.7463758711156,85.15115846723297,hardTrailRun,Stage 0 reproduction Stage 3 LOO,segment,,,,
16213470764,0.45,0.0,6317.0,8214.471591437878,1897.4715914378776,30.037543002024343,hardTrailRun,Stage 0 reproduction Stage 3 LOO,segment,,,,
16251238864,0.45,0.0,4467.0,5362.847035743516,895.8470357435162,20.05478029423587,hardTrailRun,Stage 0 reproduction Stage 3 LOO,segment,,,,
16262137158,0.45,0.0,10091.0,9541.532750978522,-549.467249021478,-5.445121881096799,hardTrailRun,Stage 0 reproduction Stage 3 LOO,segment,,,,
16325125849,0.45,0.0,10638.0,15686.286134753103,5048.286134753103,47.45521841279473,hardTrailRun,Stage 0 reproduction Stage 3 LOO,segment,,,,
16335274846,0.45,0.0,8540.0,10920.22257764673,2380.2225776467294,27.871458754645545,hardTrailRun,Stage 0 reproduction Stage 3 LOO,segment,,,,
17383625132,0.45,0.0,5217.0,8252.81115131823,3035.8111513182303,58.190744706119034,hardTrailRun,Stage 0 reproduction Stage 3 LOO,segment,,,,
17481444994,0.45,0.0,12779.0,19338.40855301315,6559.408553013149,51.32959193217895,hardTrailRun,Stage 0 reproduction Stage 3 LOO,segment,,,,
18160385145,0.45,0.0,13509.0,16110.343747803006,2601.3437478030064,19.256375363113527,hardTrailRun,Stage 0 reproduction Stage 3 LOO,segment,,,,
18516570001,0.45,0.0,8382.0,8419.840806057658,37.84080605765848,0.4514531860851645,hardTrailRun,Stage 0 reproduction Stage 3 LOO,segment,,,,
11387382620,0.5,,3148.0,3191.428737017655,43.42873701765484,1.3795659789598105,hardTrailRun,Stage 1 TRIMP fatigue CTL LOO,segment,0.4,linear,decayed,decayedTrimpBefore
13696739223,0.5,,5809.0,7307.300402315731,1498.300402315731,25.7927423363011,hardTrailRun,Stage 1 TRIMP fatigue CTL LOO,segment,0.4,linear,decayed,decayedTrimpBefore
13824163131,0.5,,3241.0,3935.55485351091,694.5548535109101,21.43026391579482,hardTrailRun,Stage 1 TRIMP fatigue CTL LOO,segment,0.4,linear,decayed,decayedTrimpBefore
14087416092,0.5,,15517.0,12469.050584732462,-3047.949415267538,-19.64264622844324,hardTrailRun,Stage 1 TRIMP fatigue CTL LOO,segment,0.4,linear,decayed,decayedTrimpBefore
14155390870,0.5,,5996.0,6911.826647615302,915.8266476153021,15.273960100321919,hardTrailRun,Stage 1 TRIMP fatigue CTL LOO,segment,0.4,linear,decayed,decayedTrimpBefore
14300194854,0.5,,10836.0,11716.298688505382,880.2986885053815,8.123834334674985,hardTrailRun,Stage 1 TRIMP fatigue CTL LOO,segment,0.4,linear,decayed,decayedTrimpBefore
14388179928,0.5,,3356.0,3990.733677006296,634.7336770062961,18.913399195658407,hardTrailRun,Stage 1 TRIMP fatigue CTL LOO,segment,0.4,linear,decayed,decayedTrimpBefore
14511853016,0.5,,3409.0,3632.9399200446464,223.93992004464644,6.5690794967628765,hardTrailRun,Stage 1 TRIMP fatigue CTL LOO,segment,0.4,linear,decayed,decayedTrimpBefore
14736619046,0.5,,7519.0,7732.667797106792,213.66779710679202,2.841704975485996,hardTrailRun,Stage 1 TRIMP fatigue CTL LOO,segment,0.4,linear,decayed,decayedTrimpBefore
14765648151,0.5,,3295.0,4056.91322274972,761.9132227497198,23.12331480272291,hardTrailRun,Stage 1 TRIMP fatigue CTL LOO,segment,0.4,linear,decayed,decayedTrimpBefore
14852373707,0.5,,2322.0,1957.224656129113,-364.7753438708869,-15.709532466446463,hardTrailRun,Stage 1 TRIMP fatigue CTL LOO,segment,0.4,linear,decayed,decayedTrimpBefore
14893241615,0.5,,2746.0,3354.648268333823,608.6482683338231,22.164904163649787,hardTrailRun,Stage 1 TRIMP fatigue CTL LOO,segment,0.4,linear,decayed,decayedTrimpBefore
14953411411,0.5,,33087.0,24315.16874905356,-8771.831250946441,-26.511413095615925,hardTrailRun,Stage 1 TRIMP fatigue CTL LOO,segment,0.4,linear,decayed,decayedTrimpBefore
15007483824,0.5,,3314.0,4524.935901084224,1210.9359010842236,36.54000908522099,hardTrailRun,Stage 1 TRIMP fatigue CTL LOO,segment,0.4,linear,decayed,decayedTrimpBefore
15018253166,0.5,,30983.0,18168.409967010077,-12814.590032989923,-41.36006853109745,hardTrailRun,Stage 1 TRIMP fatigue CTL LOO,segment,0.4,linear,decayed,decayedTrimpBefore
15059995436,0.5,,7678.0,8967.740433355448,1289.7404333554477,16.79786967120927,hardTrailRun,Stage 1 TRIMP fatigue CTL LOO,segment,0.4,linear,decayed,decayedTrimpBefore
15087396899,0.5,,11532.0,14586.864303327187,3054.8643033271874,26.490325210953756,hardTrailRun,Stage 1 TRIMP fatigue CTL LOO,segment,0.4,linear,decayed,decayedTrimpBefore
15114097922,0.5,,33819.0,22960.709521180223,-10858.290478819777,-32.10707140607285,hardTrailRun,Stage 1 TRIMP fatigue CTL LOO,segment,0.4,linear,decayed,decayedTrimpBefore
15179557231,0.5,,33543.0,18378.973478999687,-15164.026521000313,-45.20772298542263,hardTrailRun,Stage 1 TRIMP fatigue CTL LOO,segment,0.4,linear,decayed,decayedTrimpBefore
15224440864,0.5,,6297.0,8277.125393623146,1980.125393623146,31.445535868241166,hardTrailRun,Stage 1 TRIMP fatigue CTL LOO,segment,0.4,linear,decayed,decayedTrimpBefore
15250276952,0.5,,7979.0,11319.964023836657,3340.9640238366574,41.8719642039937,hardTrailRun,Stage 1 TRIMP fatigue CTL LOO,segment,0.4,linear,decayed,decayedTrimpBefore
15329205386,0.5,,10390.0,10982.964116630286,592.9641166302863,5.7070656076062205,hardTrailRun,Stage 1 TRIMP fatigue CTL LOO,segment,0.4,linear,decayed,decayedTrimpBefore
15493651485,0.5,,4622.0,5121.789891603665,499.7898916036647,10.813281947288289,hardTrailRun,Stage 1 TRIMP fatigue CTL LOO,segment,0.4,linear,decayed,decayedTrimpBefore
15563904138,0.5,,42256.0,35785.76349261614,-6470.236507383859,-15.311994763782325,hardTrailRun,Stage 1 TRIMP fatigue CTL LOO,segment,0.4,linear,decayed,decayedTrimpBefore
15652573322,0.5,,3132.0,3518.7537951648633,386.7537951648633,12.348460892875583,hardTrailRun,Stage 1 TRIMP fatigue CTL LOO,segment,0.4,linear,decayed,decayedTrimpBefore
15717135978,0.5,,14017.0,11671.568177632644,-2345.4318223673563,-16.7327660866616,hardTrailRun,Stage 1 TRIMP fatigue CTL LOO,segment,0.4,linear,decayed,decayedTrimpBefore
15756279445,0.5,,8201.0,7543.8160685783805,-657.1839314216195,-8.013460936734782,hardTrailRun,Stage 1 TRIMP fatigue CTL LOO,segment,0.4,linear,decayed,decayedTrimpBefore
15809536896,0.5,,6794.0,6316.9022532124445,-477.0977467875555,-7.022339517037908,hardTrailRun,Stage 1 TRIMP fatigue CTL LOO,segment,0.4,linear,decayed,decayedTrimpBefore
15913800933,0.5,,3009.0,3340.6257654125525,331.6257654125525,11.021128794036308,hardTrailRun,Stage 1 TRIMP fatigue CTL LOO,segment,0.4,linear,decayed,decayedTrimpBefore
15961811819,0.5,,2785.0,4106.175950131995,1321.1759501319948,47.43899282341094,hardTrailRun,Stage 1 TRIMP fatigue CTL LOO,segment,0.4,linear,decayed,decayedTrimpBefore
16043688171,0.5,,7974.0,5666.965871878916,-2307.034128121084,-28.931955456747982,hardTrailRun,Stage 1 TRIMP fatigue CTL LOO,segment,0.4,linear,decayed,decayedTrimpBefore
16043688538,0.5,,18442.0,13658.066049191171,-4783.933950808829,-25.940429187771546,hardTrailRun,Stage 1 TRIMP fatigue CTL LOO,segment,0.4,linear,decayed,decayedTrimpBefore
16043688740,0.5,,28210.0,17915.963416346338,-10294.036583653662,-36.49073585130685,hardTrailRun,Stage 1 TRIMP fatigue CTL LOO,segment,0.4,linear,decayed,decayedTrimpBefore
16106633286,0.5,,15404.0,10005.75410965412,-5398.245890345879,-35.04444228996286,hardTrailRun,Stage 1 TRIMP fatigue CTL LOO,segment,0.4,linear,decayed,decayedTrimpBefore
16121104478,0.5,,5582.0,6844.651297037277,1262.651297037277,22.620051899628752,hardTrailRun,Stage 1 TRIMP fatigue CTL LOO,segment,0.4,linear,decayed,decayedTrimpBefore
16183294852,0.5,,3140.0,4618.046127946177,1478.046127946177,47.07153273713939,hardTrailRun,Stage 1 TRIMP fatigue CTL LOO,segment,0.4,linear,decayed,decayedTrimpBefore
16213470764,0.5,,6317.0,6505.365234178058,188.36523417805802,2.981878014533133,hardTrailRun,Stage 1 TRIMP fatigue CTL LOO,segment,0.4,linear,decayed,decayedTrimpBefore
16251238864,0.5,,4467.0,4207.833671824604,-259.1663281753963,-5.801798257788142,hardTrailRun,Stage 1 TRIMP fatigue CTL LOO,segment,0.4,linear,decayed,decayedTrimpBefore
16262137158,0.5,,10091.0,7546.9694682720965,-2544.0305317279035,-25.210886252382352,hardTrailRun,Stage 1 TRIMP fatigue CTL LOO,segment,0.4,linear,decayed,decayedTrimpBefore
16325125849,0.5,,10638.0,12553.342461450584,1915.3424614505839,18.004723269887045,hardTrailRun,Stage 1 TRIMP fatigue CTL LOO,segment,0.4,linear,decayed,decayedTrimpBefore
16335274846,0.5,,8540.0,8576.759043903305,36.7590439033047,0.4304337693595398,hardTrailRun,Stage 1 TRIMP fatigue CTL LOO,segment,0.4,linear,decayed,decayedTrimpBefore
17383625132,0.5,,5217.0,6529.4895425171035,1312.4895425171035,25.15793641014191,hardTrailRun,Stage 1 TRIMP fatigue CTL LOO,segment,0.4,linear,decayed,decayedTrimpBefore
17481444994,0.5,,12779.0,15448.968978790796,2669.9689787907955,20.893410899059358,hardTrailRun,Stage 1 TRIMP fatigue CTL LOO,segment,0.4,linear,decayed,decayedTrimpBefore
18160385145,0.5,,13509.0,12908.964232710414,-600.0357672895861,-4.441748221849036,hardTrailRun,Stage 1 TRIMP fatigue CTL LOO,segment,0.4,linear,decayed,decayedTrimpBefore
18516570001,0.5,,8382.0,6642.335633072132,-1739.6643669278683,-20.754764577998905,hardTrailRun,Stage 1 TRIMP fatigue CTL LOO,segment,0.4,linear,decayed,decayedTrimpBefore
11387382620,0.5,,3148.0,3562.9703989847017,414.97039898470166,13.182033004596622,hardTrailRun,Stage 2 TRIMP fatigue REDI LOO,segment,0.4,linear,decayed,decayedTrimpBefore
13696739223,0.5,,5809.0,7322.524534885843,1513.5245348858434,26.05482070727911,hardTrailRun,Stage 2 TRIMP fatigue REDI LOO,segment,0.4,linear,decayed,decayedTrimpBefore
13824163131,0.5,,3241.0,3916.6211804559043,675.6211804559043,20.84607159691158,hardTrailRun,Stage 2 TRIMP fatigue REDI LOO,segment,0.4,linear,decayed,decayedTrimpBefore
14087416092,0.5,,15517.0,12449.160193402347,-3067.8398065976526,-19.770830744329785,hardTrailRun,Stage 2 TRIMP fatigue REDI LOO,segment,0.4,linear,decayed,decayedTrimpBefore
14155390870,0.5,,5996.0,6879.855233690368,883.8552336903676,14.740747726657233,hardTrailRun,Stage 2 TRIMP fatigue REDI LOO,segment,0.4,linear,decayed,decayedTrimpBefore
14300194854,0.5,,10836.0,11660.709153888798,824.709153888798,7.610826447847896,hardTrailRun,Stage 2 TRIMP fatigue REDI LOO,segment,0.4,linear,decayed,decayedTrimpBefore
14388179928,0.5,,3356.0,3963.051189484077,607.051189484077,18.088533655663795,hardTrailRun,Stage 2 TRIMP fatigue REDI LOO,segment,0.4,linear,decayed,decayedTrimpBefore
14511853016,0.5,,3409.0,3621.6942776931946,212.69427769319464,6.239198524294357,hardTrailRun,Stage 2 TRIMP fatigue REDI LOO,segment,0.4,linear,decayed,decayedTrimpBefore
14736619046,0.5,,7519.0,7614.641768513686,95.64176851368575,1.2720011772002362,hardTrailRun,Stage 2 TRIMP fatigue REDI LOO,segment,0.4,linear,decayed,decayedTrimpBefore
14765648151,0.5,,3295.0,3993.467265915734,698.4672659157341,21.197792592283278,hardTrailRun,Stage 2 TRIMP fatigue REDI LOO,segment,0.4,linear,decayed,decayedTrimpBefore
14852373707,0.5,,2322.0,1937.4570990006964,-384.5429009993036,-16.56084844958241,hardTrailRun,Stage 2 TRIMP fatigue REDI LOO,segment,0.4,linear,decayed,decayedTrimpBefore
14893241615,0.5,,2746.0,3354.648268333823,608.6482683338231,22.164904163649787,hardTrailRun,Stage 2 TRIMP fatigue REDI LOO,segment,0.4,linear,decayed,decayedTrimpBefore
14953411411,0.5,,33087.0,24315.16874905356,-8771.831250946441,-26.511413095615925,hardTrailRun,Stage 2 TRIMP fatigue REDI LOO,segment,0.4,linear,decayed,decayedTrimpBefore
15007483824,0.5,,3314.0,4472.51916702364,1158.51916702364,34.95833334410501,hardTrailRun,Stage 2 TRIMP fatigue REDI LOO,segment,0.4,linear,decayed,decayedTrimpBefore
15018253166,0.5,,30983.0,18093.793094572356,-12889.206905427644,-41.60090018857968,hardTrailRun,Stage 2 TRIMP fatigue REDI LOO,segment,0.4,linear,decayed,decayedTrimpBefore
15059995436,0.5,,7678.0,8967.740433355448,1289.7404333554477,16.79786967120927,hardTrailRun,Stage 2 TRIMP fatigue REDI LOO,segment,0.4,linear,decayed,decayedTrimpBefore
15087396899,0.5,,11532.0,14356.123776845223,2824.123776845223,24.489453493281502,hardTrailRun,Stage 2 TRIMP fatigue REDI LOO,segment,0.4,linear,decayed,decayedTrimpBefore
15114097922,0.5,,33819.0,22960.709521180223,-10858.290478819777,-32.10707140607285,hardTrailRun,Stage 2 TRIMP fatigue REDI LOO,segment,0.4,linear,decayed,decayedTrimpBefore
15179557231,0.5,,33543.0,18033.230228494034,-15509.769771505966,-46.238469342354485,hardTrailRun,Stage 2 TRIMP fatigue REDI LOO,segment,0.4,linear,decayed,decayedTrimpBefore
15224440864,0.5,,6297.0,8092.852985590658,1795.8529855906581,28.519183509459396,hardTrailRun,Stage 2 TRIMP fatigue REDI LOO,segment,0.4,linear,decayed,decayedTrimpBefore
15250276952,0.5,,7979.0,11067.365289011837,3088.3652890118374,38.706169808395,hardTrailRun,Stage 2 TRIMP fatigue REDI LOO,segment,0.4,linear,decayed,decayedTrimpBefore
15329205386,0.5,,10390.0,10769.348334613444,379.3483346134435,3.6510908047492157,hardTrailRun,Stage 2 TRIMP fatigue REDI LOO,segment,0.4,linear,decayed,decayedTrimpBefore
15493651485,0.5,,4622.0,5070.04874113097,448.0487411309696,9.69382823736412,hardTrailRun,Stage 2 TRIMP fatigue REDI LOO,segment,0.4,linear,decayed,decayedTrimpBefore
15563904138,0.5,,42256.0,35785.76349261614,-6470.236507383859,-15.311994763782325,hardTrailRun,Stage 2 TRIMP fatigue REDI LOO,segment,0.4,linear,decayed,decayedTrimpBefore
15652573322,0.5,,3132.0,3480.3786617298483,348.3786617298483,11.123201204656716,hardTrailRun,Stage 2 TRIMP fatigue REDI LOO,segment,0.4,linear,decayed,decayedTrimpBefore
15717135978,0.5,,14017.0,11671.568177632644,-2345.4318223673563,-16.7327660866616,hardTrailRun,Stage 2 TRIMP fatigue REDI LOO,segment,0.4,linear,decayed,decayedTrimpBefore
15756279445,0.5,,8201.0,7507.129983333061,-693.8700166669387,-8.460797666954502,hardTrailRun,Stage 2 TRIMP fatigue REDI LOO,segment,0.4,linear,decayed,decayedTrimpBefore
15809536896,0.5,,6794.0,6298.1841803406915,-495.81581965930854,-7.297848390628621,hardTrailRun,Stage 2 TRIMP fatigue REDI LOO,segment,0.4,linear,decayed,decayedTrimpBefore
15913800933,0.5,,3009.0,3340.6257654125525,331.6257654125525,11.021128794036308,hardTrailRun,Stage 2 TRIMP fatigue REDI LOO,segment,0.4,linear,decayed,decayedTrimpBefore
15961811819,0.5,,2785.0,4113.254701253199,1328.2547012531986,47.693167010886846,hardTrailRun,Stage 2 TRIMP fatigue REDI LOO,segment,0.4,linear,decayed,decayedTrimpBefore
16043688171,0.5,,7974.0,5666.965871878916,-2307.034128121084,-28.931955456747982,hardTrailRun,Stage 2 TRIMP fatigue REDI LOO,segment,0.4,linear,decayed,decayedTrimpBefore
16043688538,0.5,,18442.0,13658.066049191171,-4783.933950808829,-25.940429187771546,hardTrailRun,Stage 2 TRIMP fatigue REDI LOO,segment,0.4,linear,decayed,decayedTrimpBefore
16043688740,0.5,,28210.0,17966.85810039765,-10243.14189960235,-36.31032222475133,hardTrailRun,Stage 2 TRIMP fatigue REDI LOO,segment,0.4,linear,decayed,decayedTrimpBefore
16106633286,0.5,,15404.0,9945.427214358611,-5458.572785641389,-35.43607365386516,hardTrailRun,Stage 2 TRIMP fatigue REDI LOO,segment,0.4,linear,decayed,decayedTrimpBefore
16121104478,0.5,,5582.0,6844.651297037277,1262.651297037277,22.620051899628752,hardTrailRun,Stage 2 TRIMP fatigue REDI LOO,segment,0.4,linear,decayed,decayedTrimpBefore
16183294852,0.5,,3140.0,4593.9369696664835,1453.9369696664835,46.30372514861412,hardTrailRun,Stage 2 TRIMP fatigue REDI LOO,segment,0.4,linear,decayed,decayedTrimpBefore
16213470764,0.5,,6317.0,6477.495326558328,160.4953265583281,2.54068903844116,hardTrailRun,Stage 2 TRIMP fatigue REDI LOO,segment,0.4,linear,decayed,decayedTrimpBefore
16251238864,0.5,,4467.0,4193.021211079369,-273.9787889206309,-6.133395767195677,hardTrailRun,Stage 2 TRIMP fatigue REDI LOO,segment,0.4,linear,decayed,decayedTrimpBefore
16262137158,0.5,,10091.0,7523.968096747827,-2567.031903252173,-25.43882571848353,hardTrailRun,Stage 2 TRIMP fatigue REDI LOO,segment,0.4,linear,decayed,decayedTrimpBefore
16325125849,0.5,,10638.0,12539.554639950737,1901.5546399507366,17.87511411873225,hardTrailRun,Stage 2 TRIMP fatigue REDI LOO,segment,0.4,linear,decayed,decayedTrimpBefore
16335274846,0.5,,8540.0,8576.759043903305,36.7590439033047,0.4304337693595398,hardTrailRun,Stage 2 TRIMP fatigue REDI LOO,segment,0.4,linear,decayed,decayedTrimpBefore
17383625132,0.5,,5217.0,6529.4895425171035,1312.4895425171035,25.15793641014191,hardTrailRun,Stage 2 TRIMP fatigue REDI LOO,segment,0.4,linear,decayed,decayedTrimpBefore
17481444994,0.5,,12779.0,15346.461460287805,2567.4614602878046,20.09125487352535,hardTrailRun,Stage 2 TRIMP fatigue REDI LOO,segment,0.4,linear,decayed,decayedTrimpBefore
18160385145,0.5,,13509.0,13025.715268614042,-483.28473138595837,-3.577501897889987,hardTrailRun,Stage 2 TRIMP fatigue REDI LOO,segment,0.4,linear,decayed,decayedTrimpBefore
18516570001,0.5,,8382.0,6668.6669701341925,-1713.3330298658075,-20.440623119372553,hardTrailRun,Stage 2 TRIMP fatigue REDI LOO,segment,0.4,linear,decayed,decayedTrimpBefore
11387382620,0.6,,3148.0,2969.1419991539174,-178.85800084608263,-5.68163916283617,hardTrailRun,Stage 3 HRR speed ratio decayed TRIMP linear LOO,segment,0.4,linear,decayed,decayedTrimpBefore
13696739223,0.6,,5809.0,6143.545031904175,334.5450319041747,5.759081286007484,hardTrailRun,Stage 3 HRR speed ratio decayed TRIMP linear LOO,segment,0.4,linear,decayed,decayedTrimpBefore
13824163131,0.6,,3241.0,3412.6289817688184,171.62898176881845,5.295556364357249,hardTrailRun,Stage 3 HRR speed ratio decayed TRIMP linear LOO,segment,0.4,linear,decayed,decayedTrimpBefore
14087416092,0.6,,15517.0,11094.504039356458,-4422.495960643542,-28.500972872614177,hardTrailRun,Stage 3 HRR speed ratio decayed TRIMP linear LOO,segment,0.4,linear,decayed,decayedTrimpBefore
14155390870,0.6,,5996.0,6009.11169865269,13.111698652690393,0.21867409360724469,hardTrailRun,Stage 3 HRR speed ratio decayed TRIMP linear LOO,segment,0.4,linear,decayed,decayedTrimpBefore
14300194854,0.6,,10836.0,9817.056968273275,-1018.9430317267252,-9.40331332342862,hardTrailRun,Stage 3 HRR speed ratio decayed TRIMP linear LOO,segment,0.4,linear,decayed,decayedTrimpBefore
14388179928,0.6,,3356.0,3389.53290157372,33.53290157372021,0.9991925379535224,hardTrailRun,Stage 3 HRR speed ratio decayed TRIMP linear LOO,segment,0.4,linear,decayed,decayedTrimpBefore
14511853016,0.6,,3409.0,3168.7510120622464,-240.24898793775355,-7.047491579282886,hardTrailRun,Stage 3 HRR speed ratio decayed TRIMP linear LOO,segment,0.4,linear,decayed,decayedTrimpBefore
14736619046,0.6,,7519.0,7036.303620946292,-482.69637905370837,-6.419688509824556,hardTrailRun,Stage 3 HRR speed ratio decayed TRIMP linear LOO,segment,0.4,linear,decayed,decayedTrimpBefore
14765648151,0.6,,3295.0,3407.7220198361138,112.72201983611376,3.42100211945717,hardTrailRun,Stage 3 HRR speed ratio decayed TRIMP linear LOO,segment,0.4,linear,decayed,decayedTrimpBefore
14852373707,0.6,,2322.0,1623.0605546580834,-698.9394453419166,-30.100751306714752,hardTrailRun,Stage 3 HRR speed ratio decayed TRIMP linear LOO,segment,0.4,linear,decayed,decayedTrimpBefore
14893241615,0.6,,2746.0,2849.615319003492,103.615319003492,3.7733182448467595,hardTrailRun,Stage 3 HRR speed ratio decayed TRIMP linear LOO,segment,0.4,linear,decayed,decayedTrimpBefore
14953411411,0.6,,33087.0,23394.20894844422,-9692.791051555781,-29.294862186223536,hardTrailRun,Stage 3 HRR speed ratio decayed TRIMP linear LOO,segment,0.4,linear,decayed,decayedTrimpBefore
15007483824,0.6,,3314.0,3768.7450154730595,454.74501547305954,13.721937702868422,hardTrailRun,Stage 3 HRR speed ratio decayed TRIMP linear LOO,segment,0.4,linear,decayed,decayedTrimpBefore
15018253166,0.6,,30983.0,21674.987823764284,-9308.012176235716,-30.04232055073981,hardTrailRun,Stage 3 HRR speed ratio decayed TRIMP linear LOO,segment,0.4,linear,decayed,decayedTrimpBefore
15059995436,0.6,,7678.0,8443.774707334567,765.7747073345672,9.973622132515853,hardTrailRun,Stage 3 HRR speed ratio decayed TRIMP linear LOO,segment,0.4,linear,decayed,decayedTrimpBefore
15087396899,0.6,,11532.0,12079.988640135904,547.9886401359036,4.751895942905858,hardTrailRun,Stage 3 HRR speed ratio decayed TRIMP linear LOO,segment,0.4,linear,decayed,decayedTrimpBefore
15114097922,0.6,,33819.0,25861.621443621174,-7957.378556378826,-23.529313570415525,hardTrailRun,Stage 3 HRR speed ratio decayed TRIMP linear LOO,segment,0.4,linear,decayed,decayedTrimpBefore
15179557231,0.6,,33543.0,28517.463170902316,-5025.536829097684,-14.982371371367154,hardTrailRun,Stage 3 HRR speed ratio decayed TRIMP linear LOO,segment,0.4,linear,decayed,decayedTrimpBefore
15224440864,0.6,,6297.0,6922.028261587827,625.0282615878268,9.925810093502093,hardTrailRun,Stage 3 HRR speed ratio decayed TRIMP linear LOO,segment,0.4,linear,decayed,decayedTrimpBefore
15250276952,0.6,,7979.0,9258.0913915434,1279.0913915433994,16.03072304227847,hardTrailRun,Stage 3 HRR speed ratio decayed TRIMP linear LOO,segment,0.4,linear,decayed,decayedTrimpBefore
15329205386,0.6,,10390.0,10979.831458362753,589.8314583627525,5.676914902432652,hardTrailRun,Stage 3 HRR speed ratio decayed TRIMP linear LOO,segment,0.4,linear,decayed,decayedTrimpBefore
15493651485,0.6,,4622.0,4803.561586431804,181.56158643180424,3.9282039470316796,hardTrailRun,Stage 3 HRR speed ratio decayed TRIMP linear LOO,segment,0.4,linear,decayed,decayedTrimpBefore
15563904138,0.6,,42256.0,32852.31456273589,-9403.68543726411,-22.25408329530507,hardTrailRun,Stage 3 HRR speed ratio decayed TRIMP linear LOO,segment,0.4,linear,decayed,decayedTrimpBefore
15652573322,0.6,,3132.0,2904.7509079923807,-227.2490920076193,-7.255718135620029,hardTrailRun,Stage 3 HRR speed ratio decayed TRIMP linear LOO,segment,0.4,linear,decayed,decayedTrimpBefore
15717135978,0.6,,14017.0,11766.652342182046,-2250.3476578179543,-16.054417192109256,hardTrailRun,Stage 3 HRR speed ratio decayed TRIMP linear LOO,segment,0.4,linear,decayed,decayedTrimpBefore
15756279445,0.6,,8201.0,7465.090551571119,-735.9094484288808,-8.973411150211936,hardTrailRun,Stage 3 HRR speed ratio decayed TRIMP linear LOO,segment,0.4,linear,decayed,decayedTrimpBefore
15809536896,0.6,,6794.0,5451.289990166244,-1342.710009833756,-19.76317353302555,hardTrailRun,Stage 3 HRR speed ratio decayed TRIMP linear LOO,segment,0.4,linear,decayed,decayedTrimpBefore
15913800933,0.6,,3009.0,2916.1036197885587,-92.89638021144128,-3.08728415458429,hardTrailRun,Stage 3 HRR speed ratio decayed TRIMP linear LOO,segment,0.4,linear,decayed,decayedTrimpBefore
15961811819,0.6,,2785.0,3427.7122510443323,642.7122510443323,23.077639175739044,hardTrailRun,Stage 3 HRR speed ratio decayed TRIMP linear LOO,segment,0.4,linear,decayed,decayedTrimpBefore
16043688171,0.6,,7974.0,6760.015590247372,-1213.9844097526284,-15.224284045054281,hardTrailRun,Stage 3 HRR speed ratio decayed TRIMP linear LOO,segment,0.4,linear,decayed,decayedTrimpBefore
16043688538,0.6,,18442.0,19964.291665535722,1522.2916655357221,8.254482515647556,hardTrailRun,Stage 3 HRR speed ratio decayed TRIMP linear LOO,segment,0.4,linear,decayed,decayedTrimpBefore
16043688740,0.6,,28210.0,19795.441572893644,-8414.558427106356,-29.828282265531215,hardTrailRun,Stage 3 HRR speed ratio decayed TRIMP linear LOO,segment,0.4,linear,decayed,decayedTrimpBefore
16106633286,0.6,,15404.0,14071.738686513201,-1332.2613134867988,-8.64880104834328,hardTrailRun,Stage 3 HRR speed ratio decayed TRIMP linear LOO,segment,0.4,linear,decayed,decayedTrimpBefore
16121104478,0.6,,5582.0,6204.344861367107,622.3448613671071,11.149137609586298,hardTrailRun,Stage 3 HRR speed ratio decayed TRIMP linear LOO,segment,0.4,linear,decayed,decayedTrimpBefore
16183294852,0.6,,3140.0,3828.2808080554037,688.2808080554037,21.91977095717846,hardTrailRun,Stage 3 HRR speed ratio decayed TRIMP linear LOO,segment,0.4,linear,decayed,decayedTrimpBefore
16213470764,0.6,,6317.0,5874.197350953777,-442.80264904622345,-7.009698417701812,hardTrailRun,Stage 3 HRR speed ratio decayed TRIMP linear LOO,segment,0.4,linear,decayed,decayedTrimpBefore
16251238864,0.6,,4467.0,6034.055892551656,1567.0558925516561,35.080722913625614,hardTrailRun,Stage 3 HRR speed ratio decayed TRIMP linear LOO,segment,0.4,linear,decayed,decayedTrimpBefore
16262137158,0.6,,10091.0,8510.913985084584,-1580.086014915416,-15.65836899133303,hardTrailRun,Stage 3 HRR speed ratio decayed TRIMP linear LOO,segment,0.4,linear,decayed,decayedTrimpBefore
16325125849,0.6,,10638.0,10449.628866625617,-188.37113337438313,-1.7707382343897644,hardTrailRun,Stage 3 HRR speed ratio decayed TRIMP linear LOO,segment,0.4,linear,decayed,decayedTrimpBefore
16335274846,0.6,,8540.0,10617.522844148838,2077.522844148838,24.326965388159696,hardTrailRun,Stage 3 HRR speed ratio decayed TRIMP linear LOO,segment,0.4,linear,decayed,decayedTrimpBefore
17383625132,0.6,,5217.0,5694.895615130163,477.8956151301627,9.160352983135187,hardTrailRun,Stage 3 HRR speed ratio decayed TRIMP linear LOO,segment,0.4,linear,decayed,decayedTrimpBefore
17481444994,0.6,,12779.0,12891.479294773842,112.47929477384241,0.880188549760094,hardTrailRun,Stage 3 HRR speed ratio decayed TRIMP linear LOO,segment,0.4,linear,decayed,decayedTrimpBefore
18160385145,0.6,,13509.0,10990.87770910059,-2518.1222908994096,-18.640330823150563,hardTrailRun,Stage 3 HRR speed ratio decayed TRIMP linear LOO,segment,0.4,linear,decayed,decayedTrimpBefore
18516570001,0.6,,8382.0,7517.55301094858,-864.4469890514201,-10.313135159286807,hardTrailRun,Stage 3 HRR speed ratio decayed TRIMP linear LOO,segment,0.4,linear,decayed,decayedTrimpBefore
11387382620,0.6,,3148.0,2967.9456411085303,-180.05435889146975,-5.719642912689636,hardTrailRun,Stage 3 HRR speed ratio decayed TRIMP exponential LOO,segment,0.4,exponential,decayed,decayedTrimpBefore
13696739223,0.6,,5809.0,6140.005291088803,331.00529108880255,5.6981458269719845,hardTrailRun,Stage 3 HRR speed ratio decayed TRIMP exponential LOO,segment,0.4,exponential,decayed,decayedTrimpBefore
13824163131,0.6,,3241.0,3411.8433043295177,170.84330432951765,5.271314542718841,hardTrailRun,Stage 3 HRR speed ratio decayed TRIMP exponential LOO,segment,0.4,exponential,decayed,decayedTrimpBefore
14087416092,0.6,,15517.0,11087.142903411896,-4429.8570965881045,-28.54841204219955,hardTrailRun,Stage 3 HRR speed ratio decayed TRIMP exponential LOO,segment,0.4,exponential,decayed,decayedTrimpBefore
14155390870,0.6,,5996.0,6006.291251888386,10.291251888385887,0.1716352883319861,hardTrailRun,Stage 3 HRR speed ratio decayed TRIMP exponential LOO,segment,0.4,exponential,decayed,decayedTrimpBefore
14300194854,0.6,,10836.0,9808.717375199485,-1027.282624800515,-9.48027523809999,hardTrailRun,Stage 3 HRR speed ratio decayed TRIMP exponential LOO,segment,0.4,exponential,decayed,decayedTrimpBefore
14388179928,0.6,,3356.0,3388.711392234724,32.71139223472392,0.9747137137879595,hardTrailRun,Stage 3 HRR speed ratio decayed TRIMP exponential LOO,segment,0.4,exponential,decayed,decayedTrimpBefore
14511853016,0.6,,3409.0,3168.031970676624,-240.96802932337596,-7.068584022392958,hardTrailRun,Stage 3 HRR speed ratio decayed TRIMP exponential LOO,segment,0.4,exponential,decayed,decayedTrimpBefore
14736619046,0.6,,7519.0,7034.1880598425,-484.81194015750043,-6.447824712827509,hardTrailRun,Stage 3 HRR speed ratio decayed TRIMP exponential LOO,segment,0.4,exponential,decayed,decayedTrimpBefore
14765648151,0.6,,3295.0,3406.873122713288,111.87312271328801,3.395238929083096,hardTrailRun,Stage 3 HRR speed ratio decayed TRIMP exponential LOO,segment,0.4,exponential,decayed,decayedTrimpBefore
14852373707,0.6,,2322.0,1622.8551322870355,-699.1448677129645,-30.10959809272026,hardTrailRun,Stage 3 HRR speed ratio decayed TRIMP exponential LOO,segment,0.4,exponential,decayed,decayedTrimpBefore
14893241615,0.6,,2746.0,2849.058423048489,103.0584230484892,3.7530379842858412,hardTrailRun,Stage 3 HRR speed ratio decayed TRIMP exponential LOO,segment,0.4,exponential,decayed,decayedTrimpBefore
14953411411,0.6,,33087.0,23377.276442077255,-9709.723557922745,-29.346037893803445,hardTrailRun,Stage 3 HRR speed ratio decayed TRIMP exponential LOO,segment,0.4,exponential,decayed,decayedTrimpBefore
15007483824,0.6,,3314.0,3767.975367260437,453.975367260437,13.698713556440465,hardTrailRun,Stage 3 HRR speed ratio decayed TRIMP exponential LOO,segment,0.4,exponential,decayed,decayedTrimpBefore
15018253166,0.6,,30983.0,21663.52865863975,-9319.471341360251,-30.07930588180696,hardTrailRun,Stage 3 HRR speed ratio decayed TRIMP exponential LOO,segment,0.4,exponential,decayed,decayedTrimpBefore
15059995436,0.6,,7678.0,8441.549875858265,763.5498758582653,9.94464542665102,hardTrailRun,Stage 3 HRR speed ratio decayed TRIMP exponential LOO,segment,0.4,exponential,decayed,decayedTrimpBefore
15087396899,0.6,,11532.0,12072.474963136554,540.4749631365539,4.686740922099843,hardTrailRun,Stage 3 HRR speed ratio decayed TRIMP exponential LOO,segment,0.4,exponential,decayed,decayedTrimpBefore
15114097922,0.6,,33819.0,25848.84158954257,-7970.1584104574285,-23.567102547258724,hardTrailRun,Stage 3 HRR speed ratio decayed TRIMP exponential LOO,segment,0.4,exponential,decayed,decayedTrimpBefore
15179557231,0.6,,33543.0,28510.173002381584,-5032.8269976184165,-15.0041051713276,hardTrailRun,Stage 3 HRR speed ratio decayed TRIMP exponential LOO,segment,0.4,exponential,decayed,decayedTrimpBefore
15224440864,0.6,,6297.0,6918.988910563632,621.9889105636321,9.877543442331778,hardTrailRun,Stage 3 HRR speed ratio decayed TRIMP exponential LOO,segment,0.4,exponential,decayed,decayedTrimpBefore
15250276952,0.6,,7979.0,9254.941369961709,1275.941369961709,15.991244140389885,hardTrailRun,Stage 3 HRR speed ratio decayed TRIMP exponential LOO,segment,0.4,exponential,decayed,decayedTrimpBefore
15329205386,0.6,,10390.0,10978.189694598806,588.1896945988065,5.661113518756559,hardTrailRun,Stage 3 HRR speed ratio decayed TRIMP exponential LOO,segment,0.4,exponential,decayed,decayedTrimpBefore
15493651485,0.6,,4622.0,4802.957479851548,180.95747985154776,3.9151337051395014,hardTrailRun,Stage 3 HRR speed ratio decayed TRIMP exponential LOO,segment,0.4,exponential,decayed,decayedTrimpBefore
15563904138,0.6,,42256.0,32815.52231146048,-9440.477688539519,-22.34115318189019,hardTrailRun,Stage 3 HRR speed ratio decayed TRIMP exponential LOO,segment,0.4,exponential,decayed,decayedTrimpBefore
15652573322,0.6,,3132.0,2903.968912089821,-228.03108791017894,-7.280686076314781,hardTrailRun,Stage 3 HRR speed ratio decayed TRIMP exponential LOO,segment,0.4,exponential,decayed,decayedTrimpBefore
15717135978,0.6,,14017.0,11762.641410295531,-2254.3585897044686,-16.083031959081605,hardTrailRun,Stage 3 HRR speed ratio decayed TRIMP exponential LOO,segment,0.4,exponential,decayed,decayedTrimpBefore
15756279445,0.6,,8201.0,7463.4952351696265,-737.5047648303735,-8.992863855997726,hardTrailRun,Stage 3 HRR speed ratio decayed TRIMP exponential LOO,segment,0.4,exponential,decayed,decayedTrimpBefore
15809536896,0.6,,6794.0,5444.911951874663,-1349.088048125337,-19.85705104688456,hardTrailRun,Stage 3 HRR speed ratio decayed TRIMP exponential LOO,segment,0.4,exponential,decayed,decayedTrimpBefore
15913800933,0.6,,3009.0,2915.2869801311144,-93.71301986888557,-3.114424056792475,hardTrailRun,Stage 3 HRR speed ratio decayed TRIMP exponential LOO,segment,0.4,exponential,decayed,decayedTrimpBefore
15961811819,0.6,,2785.0,3425.631277203067,640.6312772030669,23.00291839149253,hardTrailRun,Stage 3 HRR speed ratio decayed TRIMP exponential LOO,segment,0.4,exponential,decayed,decayedTrimpBefore
16043688171,0.6,,7974.0,6759.216200380404,-1214.7837996195958,-15.234308999493301,hardTrailRun,Stage 3 HRR speed ratio decayed TRIMP exponential LOO,segment,0.4,exponential,decayed,decayedTrimpBefore
16043688538,0.6,,18442.0,19961.579718727,1519.579718727,8.239777240684308,hardTrailRun,Stage 3 HRR speed ratio decayed TRIMP exponential LOO,segment,0.4,exponential,decayed,decayedTrimpBefore
16043688740,0.6,,28210.0,19786.79772426071,-8423.202275739292,-29.858923345406918,hardTrailRun,Stage 3 HRR speed ratio decayed TRIMP exponential LOO,segment,0.4,exponential,decayed,decayedTrimpBefore
16106633286,0.6,,15404.0,14068.876553976801,-1335.123446023199,-8.66738149846273,hardTrailRun,Stage 3 HRR speed ratio decayed TRIMP exponential LOO,segment,0.4,exponential,decayed,decayedTrimpBefore
16121104478,0.6,,5582.0,6202.960935513265,620.9609355132652,11.1243449572423,hardTrailRun,Stage 3 HRR speed ratio decayed TRIMP exponential LOO,segment,0.4,exponential,decayed,decayedTrimpBefore
16183294852,0.6,,3140.0,3826.7447567445242,686.7447567445242,21.87085212562179,hardTrailRun,Stage 3 HRR speed ratio decayed TRIMP exponential LOO,segment,0.4,exponential,decayed,decayedTrimpBefore
16213470764,0.6,,6317.0,5872.5192874765535,-444.4807125234465,-7.036262664610519,hardTrailRun,Stage 3 HRR speed ratio decayed TRIMP exponential LOO,segment,0.4,exponential,decayed,decayedTrimpBefore
16251238864,0.6,,4467.0,6033.0612215581195,1566.0612215581195,35.058455821762244,hardTrailRun,Stage 3 HRR speed ratio decayed TRIMP exponential LOO,segment,0.4,exponential,decayed,decayedTrimpBefore
16262137158,0.6,,10091.0,8508.578006923197,-1582.4219930768031,-15.68151811591322,hardTrailRun,Stage 3 HRR speed ratio decayed TRIMP exponential LOO,segment,0.4,exponential,decayed,decayedTrimpBefore
16325125849,0.6,,10638.0,10443.793999870311,-194.20600012968862,-1.8255875176695677,hardTrailRun,Stage 3 HRR speed ratio decayed TRIMP exponential LOO,segment,0.4,exponential,decayed,decayedTrimpBefore
16335274846,0.6,,8540.0,10616.406322638391,2076.4063226383914,24.31389136578913,hardTrailRun,Stage 3 HRR speed ratio decayed TRIMP exponential LOO,segment,0.4,exponential,decayed,decayedTrimpBefore
17383625132,0.6,,5217.0,5693.404633984404,476.4046339844044,9.131773701061997,hardTrailRun,Stage 3 HRR speed ratio decayed TRIMP exponential LOO,segment,0.4,exponential,decayed,decayedTrimpBefore
17481444994,0.6,,12779.0,12884.989477725243,105.98947772524298,0.8294035349029107,hardTrailRun,Stage 3 HRR speed ratio decayed TRIMP exponential LOO,segment,0.4,exponential,decayed,decayedTrimpBefore
18160385145,0.6,,13509.0,10984.276305000449,-2524.7236949995513,-18.689197534973363,hardTrailRun,Stage 3 HRR speed ratio decayed TRIMP exponential LOO,segment,0.4,exponential,decayed,decayedTrimpBefore
18516570001,0.6,,8382.0,7516.089353566105,-865.9106464338947,-10.33059707031609,hardTrailRun,Stage 3 HRR speed ratio decayed TRIMP exponential LOO,segment,0.4,exponential,decayed,decayedTrimpBefore
11387382620,0.65,,3148.0,2752.133954950719,-395.8660450492812,-12.575160262048321,hardTrailRun,Stage 3 HRR speed ratio cumulative TRIMP linear LOO,segment,0.4,linear,cumulative,cumTrimpBefore
13696739223,0.65,,5809.0,5843.767563846136,34.767563846136,0.5985120304034429,hardTrailRun,Stage 3 HRR speed ratio cumulative TRIMP linear LOO,segment,0.4,linear,cumulative,cumTrimpBefore
13824163131,0.65,,3241.0,3176.525355726185,-64.4746442738151,-1.9893441614876612,hardTrailRun,Stage 3 HRR speed ratio cumulative TRIMP linear LOO,segment,0.4,linear,cumulative,cumTrimpBefore
14087416092,0.65,,15517.0,11161.182151870054,-4355.817848129946,-28.071262796480926,hardTrailRun,Stage 3 HRR speed ratio cumulative TRIMP linear LOO,segment,0.4,linear,cumulative,cumTrimpBefore
14155390870,0.65,,5996.0,5694.204808469061,-301.7951915309386,-5.033275375766155,hardTrailRun,Stage 3 HRR speed ratio cumulative TRIMP linear LOO,segment,0.4,linear,cumulative,cumTrimpBefore
14300194854,0.65,,10836.0,9977.871107879168,-858.1288921208325,-7.919240421934592,hardTrailRun,Stage 3 HRR speed ratio cumulative TRIMP linear LOO,segment,0.4,linear,cumulative,cumTrimpBefore
14388179928,0.65,,3356.0,3162.149048655235,-193.85095134476478,-5.776250040070464,hardTrailRun,Stage 3 HRR speed ratio cumulative TRIMP linear LOO,segment,0.4,linear,cumulative,cumTrimpBefore
14511853016,0.65,,3409.0,2954.127849253294,-454.8721507467062,-13.343272242496514,hardTrailRun,Stage 3 HRR speed ratio cumulative TRIMP linear LOO,segment,0.4,linear,cumulative,cumTrimpBefore
14736619046,0.65,,7519.0,6718.748319298435,-800.2516807015654,-10.643059990711071,hardTrailRun,Stage 3 HRR speed ratio cumulative TRIMP linear LOO,segment,0.4,linear,cumulative,cumTrimpBefore
14765648151,0.65,,3295.0,3188.2082180310695,-106.79178196893054,-3.2410252494364347,hardTrailRun,Stage 3 HRR speed ratio cumulative TRIMP linear LOO,segment,0.4,linear,cumulative,cumTrimpBefore
14852373707,0.65,,2322.0,1500.690454875865,-821.309545124135,-35.370781443761196,hardTrailRun,Stage 3 HRR speed ratio cumulative TRIMP linear LOO,segment,0.4,linear,cumulative,cumTrimpBefore
14893241615,0.65,,2746.0,2649.6991009197427,-96.3008990802573,-3.5069518965862088,hardTrailRun,Stage 3 HRR speed ratio cumulative TRIMP linear LOO,segment,0.4,linear,cumulative,cumTrimpBefore
14953411411,0.65,,33087.0,29239.30134583075,-3847.6986541692495,-11.629034527667208,hardTrailRun,Stage 3 HRR speed ratio cumulative TRIMP linear LOO,segment,0.4,linear,cumulative,cumTrimpBefore
15007483824,0.65,,3314.0,3519.8506983254897,205.8506983254897,6.211547927745616,hardTrailRun,Stage 3 HRR speed ratio cumulative TRIMP linear LOO,segment,0.4,linear,cumulative,cumTrimpBefore
15018253166,0.65,,30983.0,21620.674319555408,-9362.325680444592,-30.21762153582478,hardTrailRun,Stage 3 HRR speed ratio cumulative TRIMP linear LOO,segment,0.4,linear,cumulative,cumTrimpBefore
15059995436,0.65,,7678.0,8030.6776603200115,352.67766032001146,4.5933532211514905,hardTrailRun,Stage 3 HRR speed ratio cumulative TRIMP linear LOO,segment,0.4,linear,cumulative,cumTrimpBefore
15087396899,0.65,,11532.0,12332.487250322763,800.4872503227634,6.941443377755493,hardTrailRun,Stage 3 HRR speed ratio cumulative TRIMP linear LOO,segment,0.4,linear,cumulative,cumTrimpBefore
15114097922,0.65,,33819.0,26257.383116528646,-7561.6168834713535,-22.359078871259804,hardTrailRun,Stage 3 HRR speed ratio cumulative TRIMP linear LOO,segment,0.4,linear,cumulative,cumTrimpBefore
15179557231,0.65,,33543.0,27633.248818722965,-5909.751181277035,-17.618433596509064,hardTrailRun,Stage 3 HRR speed ratio cumulative TRIMP linear LOO,segment,0.4,linear,cumulative,cumTrimpBefore
15224440864,0.65,,6297.0,6618.518660224647,321.51866022464674,5.105902179206713,hardTrailRun,Stage 3 HRR speed ratio cumulative TRIMP linear LOO,segment,0.4,linear,cumulative,cumTrimpBefore
15250276952,0.65,,7979.0,9185.14153550579,1206.1415355057907,15.116449874743584,hardTrailRun,Stage 3 HRR speed ratio cumulative TRIMP linear LOO,segment,0.4,linear,cumulative,cumTrimpBefore
15329205386,0.65,,10390.0,10608.536910215453,218.53691021545274,2.103338885615522,hardTrailRun,Stage 3 HRR speed ratio cumulative TRIMP linear LOO,segment,0.4,linear,cumulative,cumTrimpBefore
15493651485,0.65,,4622.0,4514.955840508526,-107.04415949147369,-2.315970564506138,hardTrailRun,Stage 3 HRR speed ratio cumulative TRIMP linear LOO,segment,0.4,linear,cumulative,cumTrimpBefore
15563904138,0.65,,42256.0,45396.61747884006,3140.6174788400604,7.432358668212941,hardTrailRun,Stage 3 HRR speed ratio cumulative TRIMP linear LOO,segment,0.4,linear,cumulative,cumTrimpBefore
15652573322,0.65,,3132.0,2705.735645136649,-426.26435486335095,-13.60997301607123,hardTrailRun,Stage 3 HRR speed ratio cumulative TRIMP linear LOO,segment,0.4,linear,cumulative,cumTrimpBefore
15717135978,0.65,,14017.0,11455.560455217485,-2561.4395447825154,-18.27380712550842,hardTrailRun,Stage 3 HRR speed ratio cumulative TRIMP linear LOO,segment,0.4,linear,cumulative,cumTrimpBefore
15756279445,0.65,,8201.0,7085.764296962429,-1115.2357030375706,-13.598777015456292,hardTrailRun,Stage 3 HRR speed ratio cumulative TRIMP linear LOO,segment,0.4,linear,cumulative,cumTrimpBefore
15809536896,0.65,,6794.0,5137.06520481091,-1656.9347951890904,-24.38820717087269,hardTrailRun,Stage 3 HRR speed ratio cumulative TRIMP linear LOO,segment,0.4,linear,cumulative,cumTrimpBefore
15913800933,0.65,,3009.0,2712.470031851674,-296.52996814832613,-9.854767967707748,hardTrailRun,Stage 3 HRR speed ratio cumulative TRIMP linear LOO,segment,0.4,linear,cumulative,cumTrimpBefore
15961811819,0.65,,2785.0,3167.091844236508,382.0918442365082,13.719635340628662,hardTrailRun,Stage 3 HRR speed ratio cumulative TRIMP linear LOO,segment,0.4,linear,cumulative,cumTrimpBefore
16043688171,0.65,,7974.0,6365.412443708881,-1608.5875562911187,-20.172906399437153,hardTrailRun,Stage 3 HRR speed ratio cumulative TRIMP linear LOO,segment,0.4,linear,cumulative,cumTrimpBefore
16043688538,0.65,,18442.0,19073.365845160533,631.3658451605334,3.4235215549318583,hardTrailRun,Stage 3 HRR speed ratio cumulative TRIMP linear LOO,segment,0.4,linear,cumulative,cumTrimpBefore
16043688740,0.65,,28210.0,20962.571226677534,-7247.428773322466,-25.69099175229517,hardTrailRun,Stage 3 HRR speed ratio cumulative TRIMP linear LOO,segment,0.4,linear,cumulative,cumTrimpBefore
16106633286,0.65,,15404.0,13365.39877198746,-2038.6012280125397,-13.234232848692157,hardTrailRun,Stage 3 HRR speed ratio cumulative TRIMP linear LOO,segment,0.4,linear,cumulative,cumTrimpBefore
16121104478,0.65,,5582.0,5847.754526899014,265.7545268990143,4.760919507327379,hardTrailRun,Stage 3 HRR speed ratio cumulative TRIMP linear LOO,segment,0.4,linear,cumulative,cumTrimpBefore
16183294852,0.65,,3140.0,3598.955136098307,458.95513609830687,14.616405608226332,hardTrailRun,Stage 3 HRR speed ratio cumulative TRIMP linear LOO,segment,0.4,linear,cumulative,cumTrimpBefore
16213470764,0.65,,6317.0,5584.811052813724,-732.188947186276,-11.59077009951363,hardTrailRun,Stage 3 HRR speed ratio cumulative TRIMP linear LOO,segment,0.4,linear,cumulative,cumTrimpBefore
16251238864,0.65,,4467.0,5616.613176692373,1149.6131766923727,25.735687859690454,hardTrailRun,Stage 3 HRR speed ratio cumulative TRIMP linear LOO,segment,0.4,linear,cumulative,cumTrimpBefore
16262137158,0.65,,10091.0,8079.425929513063,-2011.5740704869368,-19.934338227003636,hardTrailRun,Stage 3 HRR speed ratio cumulative TRIMP linear LOO,segment,0.4,linear,cumulative,cumTrimpBefore
16325125849,0.65,,10638.0,10834.486628635766,196.48662863576646,1.8470260259049303,hardTrailRun,Stage 3 HRR speed ratio cumulative TRIMP linear LOO,segment,0.4,linear,cumulative,cumTrimpBefore
16335274846,0.65,,8540.0,10043.951538495929,1503.9515384959286,17.610673752879727,hardTrailRun,Stage 3 HRR speed ratio cumulative TRIMP linear LOO,segment,0.4,linear,cumulative,cumTrimpBefore
17383625132,0.65,,5217.0,5373.0104154096525,156.01041540965252,2.9904239104782926,hardTrailRun,Stage 3 HRR speed ratio cumulative TRIMP linear LOO,segment,0.4,linear,cumulative,cumTrimpBefore
17481444994,0.65,,12779.0,13233.200842685143,454.20084268514256,3.554275316418676,hardTrailRun,Stage 3 HRR speed ratio cumulative TRIMP linear LOO,segment,0.4,linear,cumulative,cumTrimpBefore
18160385145,0.65,,13509.0,11402.100365365446,-2106.899634634554,-15.596266449289761,hardTrailRun,Stage 3 HRR speed ratio cumulative TRIMP linear LOO,segment,0.4,linear,cumulative,cumTrimpBefore
18516570001,0.65,,8382.0,7099.130014002533,-1282.8699859974668,-15.305058291546967,hardTrailRun,Stage 3 HRR speed ratio cumulative TRIMP linear LOO,segment,0.4,linear,cumulative,cumTrimpBefore
11387382620,0.65,,3148.0,2750.408190663053,-397.5918093369469,-12.629981236878871,hardTrailRun,Stage 3 HRR speed ratio cumulative TRIMP exponential LOO,segment,0.4,exponential,cumulative,cumTrimpBefore
13696739223,0.65,,5809.0,5827.625983052375,18.625983052374977,0.32064009386081904,hardTrailRun,Stage 3 HRR speed ratio cumulative TRIMP exponential LOO,segment,0.4,exponential,cumulative,cumTrimpBefore
13824163131,0.65,,3241.0,3174.7174109232587,-66.28258907674126,-2.0451277098655125,hardTrailRun,Stage 3 HRR speed ratio cumulative TRIMP exponential LOO,segment,0.4,exponential,cumulative,cumTrimpBefore
14087416092,0.65,,15517.0,11045.079371113876,-4471.920628886124,-28.819492356036115,hardTrailRun,Stage 3 HRR speed ratio cumulative TRIMP exponential LOO,segment,0.4,exponential,cumulative,cumTrimpBefore
14155390870,0.65,,5996.0,5681.190356652975,-314.8096433470246,-5.250327607522091,hardTrailRun,Stage 3 HRR speed ratio cumulative TRIMP exponential LOO,segment,0.4,exponential,cumulative,cumTrimpBefore
14300194854,0.65,,10836.0,9856.130492417826,-979.8695075821743,-9.042723399614012,hardTrailRun,Stage 3 HRR speed ratio cumulative TRIMP exponential LOO,segment,0.4,exponential,cumulative,cumTrimpBefore
14388179928,0.65,,3356.0,3159.9598542397675,-196.04014576023246,-5.841482293213125,hardTrailRun,Stage 3 HRR speed ratio cumulative TRIMP exponential LOO,segment,0.4,exponential,cumulative,cumTrimpBefore
14511853016,0.65,,3409.0,2952.290429283515,-456.7095707164849,-13.397171332252416,hardTrailRun,Stage 3 HRR speed ratio cumulative TRIMP exponential LOO,segment,0.4,exponential,cumulative,cumTrimpBefore
14736619046,0.65,,7519.0,6703.062224149888,-815.9377758501123,-10.85167942346206,hardTrailRun,Stage 3 HRR speed ratio cumulative TRIMP exponential LOO,segment,0.4,exponential,cumulative,cumTrimpBefore
14765648151,0.65,,3295.0,3185.613631515642,-109.38636848435817,-3.3197683910275626,hardTrailRun,Stage 3 HRR speed ratio cumulative TRIMP exponential LOO,segment,0.4,exponential,cumulative,cumTrimpBefore
14852373707,0.65,,2322.0,1500.4199690540186,-821.5800309459814,-35.382430273298084,hardTrailRun,Stage 3 HRR speed ratio cumulative TRIMP exponential LOO,segment,0.4,exponential,cumulative,cumTrimpBefore
14893241615,0.65,,2746.0,2648.436333618002,-97.56366638199779,-3.5529375958484266,hardTrailRun,Stage 3 HRR speed ratio cumulative TRIMP exponential LOO,segment,0.4,exponential,cumulative,cumTrimpBefore
14953411411,0.65,,33087.0,27228.25254120147,-5858.747458798531,-17.707097829354524,hardTrailRun,Stage 3 HRR speed ratio cumulative TRIMP exponential LOO,segment,0.4,exponential,cumulative,cumTrimpBefore
15007483824,0.65,,3314.0,3517.4747965920014,203.47479659200144,6.139855057091172,hardTrailRun,Stage 3 HRR speed ratio cumulative TRIMP exponential LOO,segment,0.4,exponential,cumulative,cumTrimpBefore
15018253166,0.65,,30983.0,21410.267141236105,-9572.732858763895,-30.896726781667027,hardTrailRun,Stage 3 HRR speed ratio cumulative TRIMP exponential LOO,segment,0.4,exponential,cumulative,cumTrimpBefore
15059995436,0.65,,7678.0,8015.575673126099,337.575673126099,4.396661541105744,hardTrailRun,Stage 3 HRR speed ratio cumulative TRIMP exponential LOO,segment,0.4,exponential,cumulative,cumTrimpBefore
15087396899,0.65,,11532.0,12179.621254968875,647.6212549688753,5.615862426022159,hardTrailRun,Stage 3 HRR speed ratio cumulative TRIMP exponential LOO,segment,0.4,exponential,cumulative,cumTrimpBefore
15114097922,0.6,,33819.0,27317.133744131603,-6501.866255868397,-19.225483473397787,hardTrailRun,Stage 3 HRR speed ratio cumulative TRIMP exponential LOO,segment,0.3,exponential,cumulative,cumTrimpBefore
15179557231,0.6,,33543.0,29340.130178797226,-4202.869821202774,-12.529797040225304,hardTrailRun,Stage 3 HRR speed ratio cumulative TRIMP exponential LOO,segment,0.3,exponential,cumulative,cumTrimpBefore
15224440864,0.65,,6297.0,6598.919551262847,301.91955126284665,4.794656999568789,hardTrailRun,Stage 3 HRR speed ratio cumulative TRIMP exponential LOO,segment,0.4,exponential,cumulative,cumTrimpBefore
15250276952,0.65,,7979.0,9127.305763979932,1148.3057639799317,14.391599999748486,hardTrailRun,Stage 3 HRR speed ratio cumulative TRIMP exponential LOO,segment,0.4,exponential,cumulative,cumTrimpBefore
15329205386,0.65,,10390.0,10580.350341589545,190.35034158954477,1.832053335799276,hardTrailRun,Stage 3 HRR speed ratio cumulative TRIMP exponential LOO,segment,0.4,exponential,cumulative,cumTrimpBefore
15493651485,0.65,,4622.0,4511.59658956933,-110.40341043067019,-2.388650160767421,hardTrailRun,Stage 3 HRR speed ratio cumulative TRIMP exponential LOO,segment,0.4,exponential,cumulative,cumTrimpBefore
15563904138,0.6,,42256.0,45717.84967232874,3461.849672328739,8.192563594113828,hardTrailRun,Stage 3 HRR speed ratio cumulative TRIMP exponential LOO,segment,0.4,exponential,cumulative,cumTrimpBefore
15652573322,0.65,,3132.0,2703.95128285181,-428.04871714819,-13.66694499196009,hardTrailRun,Stage 3 HRR speed ratio cumulative TRIMP exponential LOO,segment,0.4,exponential,cumulative,cumTrimpBefore
15717135978,0.65,,14017.0,11399.380486523842,-2617.6195134761583,-18.67460593191238,hardTrailRun,Stage 3 HRR speed ratio cumulative TRIMP exponential LOO,segment,0.4,exponential,cumulative,cumTrimpBefore
15756279445,0.65,,8201.0,7074.281644086625,-1126.7183559133746,-13.738792292566451,hardTrailRun,Stage 3 HRR speed ratio cumulative TRIMP exponential LOO,segment,0.4,exponential,cumulative,cumTrimpBefore
15809536896,0.65,,6794.0,5120.716849033053,-1673.2831509669468,-24.62883648759121,hardTrailRun,Stage 3 HRR speed ratio cumulative TRIMP exponential LOO,segment,0.4,exponential,cumulative,cumTrimpBefore
15913800933,0.65,,3009.0,2710.797596822917,-298.20240317708294,-9.910349058726585,hardTrailRun,Stage 3 HRR speed ratio cumulative TRIMP exponential LOO,segment,0.4,exponential,cumulative,cumTrimpBefore
15961811819,0.6,,2785.0,3406.6574760376775,621.6574760376775,22.321632891837613,hardTrailRun,Stage 3 HRR speed ratio cumulative TRIMP exponential LOO,segment,0.3,exponential,cumulative,cumTrimpBefore
16043688171,0.65,,7974.0,6359.962565150894,-1614.037434849106,-20.24125200462887,hardTrailRun,Stage 3 HRR speed ratio cumulative TRIMP exponential LOO,segment,0.4,exponential,cumulative,cumTrimpBefore
16043688538,0.6,,18442.0,20377.81276011812,1935.8127601181186,10.496761523251918,hardTrailRun,Stage 3 HRR speed ratio cumulative TRIMP exponential LOO,segment,0.3,exponential,cumulative,cumTrimpBefore
16043688740,0.65,,28210.0,20552.99732738695,-7657.002672613049,-27.14286661684881,hardTrailRun,Stage 3 HRR speed ratio cumulative TRIMP exponential LOO,segment,0.4,exponential,cumulative,cumTrimpBefore
16106633286,0.65,,15404.0,13343.77213170207,-2060.2278682979304,-13.374629111256365,hardTrailRun,Stage 3 HRR speed ratio cumulative TRIMP exponential LOO,segment,0.4,exponential,cumulative,cumTrimpBefore
16121104478,0.65,,5582.0,5840.974936018202,258.97493601820224,4.639464994951671,hardTrailRun,Stage 3 HRR speed ratio cumulative TRIMP exponential LOO,segment,0.4,exponential,cumulative,cumTrimpBefore
16183294852,0.65,,3140.0,3593.783956463476,453.783956463476,14.451718358709426,hardTrailRun,Stage 3 HRR speed ratio cumulative TRIMP exponential LOO,segment,0.4,exponential,cumulative,cumTrimpBefore
16213470764,0.65,,6317.0,5574.642408858717,-742.3575911412827,-11.751742775704965,hardTrailRun,Stage 3 HRR speed ratio cumulative TRIMP exponential LOO,segment,0.4,exponential,cumulative,cumTrimpBefore
16251238864,0.65,,4467.0,5614.208084385945,1147.2080843859449,25.681846527556413,hardTrailRun,Stage 3 HRR speed ratio cumulative TRIMP exponential LOO,segment,0.4,exponential,cumulative,cumTrimpBefore
16262137158,0.65,,10091.0,8065.984603916425,-2025.015396083575,-20.067539352725944,hardTrailRun,Stage 3 HRR speed ratio cumulative TRIMP exponential LOO,segment,0.4,exponential,cumulative,cumTrimpBefore
16325125849,0.65,,10638.0,10676.225527332403,38.225527332402635,0.3593300181650934,hardTrailRun,Stage 3 HRR speed ratio cumulative TRIMP exponential LOO,segment,0.4,exponential,cumulative,cumTrimpBefore
16335274846,0.6,,8540.0,10769.368621940217,2229.368621940217,26.105018992274204,hardTrailRun,Stage 3 HRR speed ratio cumulative TRIMP exponential LOO,segment,0.3,exponential,cumulative,cumTrimpBefore
17383625132,0.65,,5217.0,5365.769469243387,148.769469243387,2.8516286993173665,hardTrailRun,Stage 3 HRR speed ratio cumulative TRIMP exponential LOO,segment,0.4,exponential,cumulative,cumTrimpBefore
17481444994,0.65,,12779.0,13063.916311074809,284.9163110748086,2.2295665629142234,hardTrailRun,Stage 3 HRR speed ratio cumulative TRIMP exponential LOO,segment,0.4,exponential,cumulative,cumTrimpBefore
18160385145,0.65,,13509.0,11232.82471090912,-2276.1752890908792,-16.8493248137603,hardTrailRun,Stage 3 HRR speed ratio cumulative TRIMP exponential LOO,segment,0.4,exponential,cumulative,cumTrimpBefore
18516570001,0.65,,8382.0,7090.909183994648,-1291.0908160053523,-15.403135480856028,hardTrailRun,Stage 3 HRR speed ratio cumulative TRIMP exponential LOO,segment,0.4,exponential,cumulative,cumTrimpBefore
11387382620,0.65,,3148.0,2752.133954950719,-395.8660450492812,-12.575160262048321,hardTrailRun,Stage 3 HRR speed ratio LOO,segment,0.4,linear,cumulative,cumTrimpBefore
13696739223,0.65,,5809.0,5843.767563846136,34.767563846136,0.5985120304034429,hardTrailRun,Stage 3 HRR speed ratio LOO,segment,0.4,linear,cumulative,cumTrimpBefore
13824163131,0.65,,3241.0,3176.525355726185,-64.4746442738151,-1.9893441614876612,hardTrailRun,Stage 3 HRR speed ratio LOO,segment,0.4,linear,cumulative,cumTrimpBefore
14087416092,0.65,,15517.0,11161.182151870054,-4355.817848129946,-28.071262796480926,hardTrailRun,Stage 3 HRR speed ratio LOO,segment,0.4,linear,cumulative,cumTrimpBefore
14155390870,0.65,,5996.0,5694.204808469061,-301.7951915309386,-5.033275375766155,hardTrailRun,Stage 3 HRR speed ratio LOO,segment,0.4,linear,cumulative,cumTrimpBefore
14300194854,0.65,,10836.0,9977.871107879168,-858.1288921208325,-7.919240421934592,hardTrailRun,Stage 3 HRR speed ratio LOO,segment,0.4,linear,cumulative,cumTrimpBefore
14388179928,0.65,,3356.0,3162.149048655235,-193.85095134476478,-5.776250040070464,hardTrailRun,Stage 3 HRR speed ratio LOO,segment,0.4,linear,cumulative,cumTrimpBefore
14511853016,0.65,,3409.0,2954.127849253294,-454.8721507467062,-13.343272242496514,hardTrailRun,Stage 3 HRR speed ratio LOO,segment,0.4,linear,cumulative,cumTrimpBefore
14736619046,0.65,,7519.0,6718.748319298435,-800.2516807015654,-10.643059990711071,hardTrailRun,Stage 3 HRR speed ratio LOO,segment,0.4,linear,cumulative,cumTrimpBefore
14765648151,0.65,,3295.0,3188.2082180310695,-106.79178196893054,-3.2410252494364347,hardTrailRun,Stage 3 HRR speed ratio LOO,segment,0.4,linear,cumulative,cumTrimpBefore
14852373707,0.65,,2322.0,1500.690454875865,-821.309545124135,-35.370781443761196,hardTrailRun,Stage 3 HRR speed ratio LOO,segment,0.4,linear,cumulative,cumTrimpBefore
14893241615,0.65,,2746.0,2649.6991009197427,-96.3008990802573,-3.5069518965862088,hardTrailRun,Stage 3 HRR speed ratio LOO,segment,0.4,linear,cumulative,cumTrimpBefore
14953411411,0.65,,33087.0,29239.30134583075,-3847.6986541692495,-11.629034527667208,hardTrailRun,Stage 3 HRR speed ratio LOO,segment,0.4,linear,cumulative,cumTrimpBefore
15007483824,0.65,,3314.0,3519.8506983254897,205.8506983254897,6.211547927745616,hardTrailRun,Stage 3 HRR speed ratio LOO,segment,0.4,linear,cumulative,cumTrimpBefore
15018253166,0.65,,30983.0,21620.674319555408,-9362.325680444592,-30.21762153582478,hardTrailRun,Stage 3 HRR speed ratio LOO,segment,0.4,linear,cumulative,cumTrimpBefore
15059995436,0.65,,7678.0,8030.6776603200115,352.67766032001146,4.5933532211514905,hardTrailRun,Stage 3 HRR speed ratio LOO,segment,0.4,linear,cumulative,cumTrimpBefore
15087396899,0.65,,11532.0,12332.487250322763,800.4872503227634,6.941443377755493,hardTrailRun,Stage 3 HRR speed ratio LOO,segment,0.4,linear,cumulative,cumTrimpBefore
15114097922,0.65,,33819.0,26257.383116528646,-7561.6168834713535,-22.359078871259804,hardTrailRun,Stage 3 HRR speed ratio LOO,segment,0.4,linear,cumulative,cumTrimpBefore
15179557231,0.65,,33543.0,27633.248818722965,-5909.751181277035,-17.618433596509064,hardTrailRun,Stage 3 HRR speed ratio LOO,segment,0.4,linear,cumulative,cumTrimpBefore
15224440864,0.65,,6297.0,6618.518660224647,321.51866022464674,5.105902179206713,hardTrailRun,Stage 3 HRR speed ratio LOO,segment,0.4,linear,cumulative,cumTrimpBefore
15250276952,0.65,,7979.0,9185.14153550579,1206.1415355057907,15.116449874743584,hardTrailRun,Stage 3 HRR speed ratio LOO,segment,0.4,linear,cumulative,cumTrimpBefore
15329205386,0.65,,10390.0,10608.536910215453,218.53691021545274,2.103338885615522,hardTrailRun,Stage 3 HRR speed ratio LOO,segment,0.4,linear,cumulative,cumTrimpBefore
15493651485,0.65,,4622.0,4514.955840508526,-107.04415949147369,-2.315970564506138,hardTrailRun,Stage 3 HRR speed ratio LOO,segment,0.4,linear,cumulative,cumTrimpBefore
15563904138,0.65,,42256.0,45396.61747884006,3140.6174788400604,7.432358668212941,hardTrailRun,Stage 3 HRR speed ratio LOO,segment,0.4,linear,cumulative,cumTrimpBefore
15652573322,0.65,,3132.0,2705.735645136649,-426.26435486335095,-13.60997301607123,hardTrailRun,Stage 3 HRR speed ratio LOO,segment,0.4,linear,cumulative,cumTrimpBefore
15717135978,0.65,,14017.0,11455.560455217485,-2561.4395447825154,-18.27380712550842,hardTrailRun,Stage 3 HRR speed ratio LOO,segment,0.4,linear,cumulative,cumTrimpBefore
15756279445,0.65,,8201.0,7085.764296962429,-1115.2357030375706,-13.598777015456292,hardTrailRun,Stage 3 HRR speed ratio LOO,segment,0.4,linear,cumulative,cumTrimpBefore
15809536896,0.65,,6794.0,5137.06520481091,-1656.9347951890904,-24.38820717087269,hardTrailRun,Stage 3 HRR speed ratio LOO,segment,0.4,linear,cumulative,cumTrimpBefore
15913800933,0.65,,3009.0,2712.470031851674,-296.52996814832613,-9.854767967707748,hardTrailRun,Stage 3 HRR speed ratio LOO,segment,0.4,linear,cumulative,cumTrimpBefore
15961811819,0.65,,2785.0,3167.091844236508,382.0918442365082,13.719635340628662,hardTrailRun,Stage 3 HRR speed ratio LOO,segment,0.4,linear,cumulative,cumTrimpBefore
16043688171,0.65,,7974.0,6365.412443708881,-1608.5875562911187,-20.172906399437153,hardTrailRun,Stage 3 HRR speed ratio LOO,segment,0.4,linear,cumulative,cumTrimpBefore
16043688538,0.65,,18442.0,19073.365845160533,631.3658451605334,3.4235215549318583,hardTrailRun,Stage 3 HRR speed ratio LOO,segment,0.4,linear,cumulative,cumTrimpBefore
16043688740,0.65,,28210.0,20962.571226677534,-7247.428773322466,-25.69099175229517,hardTrailRun,Stage 3 HRR speed ratio LOO,segment,0.4,linear,cumulative,cumTrimpBefore
16106633286,0.65,,15404.0,13365.39877198746,-2038.6012280125397,-13.234232848692157,hardTrailRun,Stage 3 HRR speed ratio LOO,segment,0.4,linear,cumulative,cumTrimpBefore
16121104478,0.65,,5582.0,5847.754526899014,265.7545268990143,4.760919507327379,hardTrailRun,Stage 3 HRR speed ratio LOO,segment,0.4,linear,cumulative,cumTrimpBefore
16183294852,0.65,,3140.0,3598.955136098307,458.95513609830687,14.616405608226332,hardTrailRun,Stage 3 HRR speed ratio LOO,segment,0.4,linear,cumulative,cumTrimpBefore
16213470764,0.65,,6317.0,5584.811052813724,-732.188947186276,-11.59077009951363,hardTrailRun,Stage 3 HRR speed ratio LOO,segment,0.4,linear,cumulative,cumTrimpBefore
16251238864,0.65,,4467.0,5616.613176692373,1149.6131766923727,25.735687859690454,hardTrailRun,Stage 3 HRR speed ratio LOO,segment,0.4,linear,cumulative,cumTrimpBefore
16262137158,0.65,,10091.0,8079.425929513063,-2011.5740704869368,-19.934338227003636,hardTrailRun,Stage 3 HRR speed ratio LOO,segment,0.4,linear,cumulative,cumTrimpBefore
16325125849,0.65,,10638.0,10834.486628635766,196.48662863576646,1.8470260259049303,hardTrailRun,Stage 3 HRR speed ratio LOO,segment,0.4,linear,cumulative,cumTrimpBefore
16335274846,0.65,,8540.0,10043.951538495929,1503.9515384959286,17.610673752879727,hardTrailRun,Stage 3 HRR speed ratio LOO,segment,0.4,linear,cumulative,cumTrimpBefore
17383625132,0.65,,5217.0,5373.0104154096525,156.01041540965252,2.9904239104782926,hardTrailRun,Stage 3 HRR speed ratio LOO,segment,0.4,linear,cumulative,cumTrimpBefore
17481444994,0.65,,12779.0,13233.200842685143,454.20084268514256,3.554275316418676,hardTrailRun,Stage 3 HRR speed ratio LOO,segment,0.4,linear,cumulative,cumTrimpBefore
18160385145,0.65,,13509.0,11402.100365365446,-2106.899634634554,-15.596266449289761,hardTrailRun,Stage 3 HRR speed ratio LOO,segment,0.4,linear,cumulative,cumTrimpBefore
18516570001,0.65,,8382.0,7099.130014002533,-1282.8699859974668,-15.305058291546967,hardTrailRun,Stage 3 HRR speed ratio LOO,segment,0.4,linear,cumulative,cumTrimpBefore
11277623453,0.5,0.0,1918.0,2848.7782328411595,930.7782328411595,48.528583568360766,hardRunOrTrailRun,Stage 0 reproduction Stage 3 LOO,activity,,,,
11387382620,0.5,0.0,3148.0,3623.2994899113405,475.2994899113405,15.098459018784641,hardRunOrTrailRun,Stage 0 reproduction Stage 3 LOO,activity,,,,
11462693706,0.5,0.0,3174.0,4274.1268404345765,1100.1268404345765,34.660580984076134,hardRunOrTrailRun,Stage 0 reproduction Stage 3 LOO,activity,,,,
11562663514,0.5,0.0,3229.0,4171.879705727307,942.8797057273068,29.200362518653044,hardRunOrTrailRun,Stage 0 reproduction Stage 3 LOO,activity,,,,
11587123521,0.5,0.0,1887.0,2835.8776292221573,948.8776292221573,50.28498300064427,hardRunOrTrailRun,Stage 0 reproduction Stage 3 LOO,activity,,,,
11637384443,0.5,0.0,3410.0,4850.401194872692,1440.401194872692,42.240504248466046,hardRunOrTrailRun,Stage 0 reproduction Stage 3 LOO,activity,,,,
11704501213,0.5,0.0,3874.0,5743.398064507082,1869.3980645070824,48.25498359594947,hardRunOrTrailRun,Stage 0 reproduction Stage 3 LOO,activity,,,,
11730667820,0.5,0.0,3369.0,4718.580153968531,1349.5801539685308,40.05877571886408,hardRunOrTrailRun,Stage 0 reproduction Stage 3 LOO,activity,,,,
11759480552,0.5,0.0,5536.0,8157.101080516713,2621.1010805167134,47.34647905557647,hardRunOrTrailRun,Stage 0 reproduction Stage 3 LOO,activity,,,,
11815743705,0.5,0.0,3211.0,5027.835635576148,1816.835635576148,56.58161431255522,hardRunOrTrailRun,Stage 0 reproduction Stage 3 LOO,activity,,,,
12000338229,0.5,0.0,9824.0,12407.519396964402,2583.5193969644024,26.298039464214195,hardRunOrTrailRun,Stage 0 reproduction Stage 3 LOO,activity,,,,
12033703768,0.5,0.0,4341.0,6026.295092336513,1685.2950923365133,38.822738823693,hardRunOrTrailRun,Stage 0 reproduction Stage 3 LOO,activity,,,,
12063923301,0.5,0.0,3335.0,4941.8664182765715,1606.8664182765715,48.181901597498396,hardRunOrTrailRun,Stage 0 reproduction Stage 3 LOO,activity,,,,
12122982163,0.5,0.0,5150.0,6384.291201315093,1234.2912013150926,23.96681944301151,hardRunOrTrailRun,Stage 0 reproduction Stage 3 LOO,activity,,,,
12147822484,0.5,0.0,2076.0,3461.3081825191157,1385.3081825191157,66.7296812388784,hardRunOrTrailRun,Stage 0 reproduction Stage 3 LOO,activity,,,,
12177245147,0.5,0.0,8181.0,11789.492023900635,3608.492023900635,44.10820222345233,hardRunOrTrailRun,Stage 0 reproduction Stage 3 LOO,activity,,,,
12215183637,0.5,0.0,2398.0,3785.2859632654913,1387.2859632654913,57.85179162908638,hardRunOrTrailRun,Stage 0 reproduction Stage 3 LOO,activity,,,,
12231235107,0.5,0.0,4474.0,6670.456968859825,2196.456968859825,49.09380797630364,hardRunOrTrailRun,Stage 0 reproduction Stage 3 LOO,activity,,,,
12351986883,0.5,0.0,2360.0,2581.1190382444906,221.11903824449064,9.369450773071637,hardRunOrTrailRun,Stage 0 reproduction Stage 3 LOO,activity,,,,
12368406803,0.5,0.0,2107.0,2578.7874190296898,471.7874190296898,22.391429474593725,hardRunOrTrailRun,Stage 0 reproduction Stage 3 LOO,activity,,,,
12385954488,0.5,0.0,2041.0,2607.838849609506,566.8388496095058,27.7726040964971,hardRunOrTrailRun,Stage 0 reproduction Stage 3 LOO,activity,,,,
12415493314,0.5,0.0,3761.0,4743.669135446598,982.6691354465984,26.12786853088536,hardRunOrTrailRun,Stage 0 reproduction Stage 3 LOO,activity,,,,
12435526893,0.5,0.0,2374.0,3257.6095460426513,883.6095460426513,37.22028416354892,hardRunOrTrailRun,Stage 0 reproduction Stage 3 LOO,activity,,,,
12453142102,0.5,0.0,2902.0,3561.102850071481,659.102850071481,22.71202102244938,hardRunOrTrailRun,Stage 0 reproduction Stage 3 LOO,activity,,,,
12469144311,0.5,0.0,6714.0,8671.301589930446,1957.3015899304464,29.152540809211295,hardRunOrTrailRun,Stage 0 reproduction Stage 3 LOO,activity,,,,
12532587467,0.5,0.0,2807.0,3785.3999877977803,978.3999877977803,34.85571741352976,hardRunOrTrailRun,Stage 0 reproduction Stage 3 LOO,activity,,,,
12588932008,0.5,0.0,17378.0,18101.41078617429,723.4107861742887,4.162796559870461,hardRunOrTrailRun,Stage 0 reproduction Stage 3 LOO,activity,,,,
12923277981,0.5,0.0,2108.0,2417.4590860011963,309.4590860011963,14.680222296071928,hardRunOrTrailRun,Stage 0 reproduction Stage 3 LOO,activity,,,,
13024493247,0.5,0.0,3462.0,4131.6616581679245,669.6616581679245,19.343202142343287,hardRunOrTrailRun,Stage 0 reproduction Stage 3 LOO,activity,,,,
13066363809,0.5,0.0,1923.0,2342.700006432576,419.7000064325762,21.825273345427778,hardRunOrTrailRun,Stage 0 reproduction Stage 3 LOO,activity,,,,
13169655589,0.5,0.0,1961.0,2685.5437889352193,724.5437889352193,36.947668992107054,hardRunOrTrailRun,Stage 0 reproduction Stage 3 LOO,activity,,,,
13180970159,0.5,0.0,1911.0,2695.670058166413,784.6700581664131,41.0607042473267,hardRunOrTrailRun,Stage 0 reproduction Stage 3 LOO,activity,,,,
13194703589,0.5,0.0,1956.0,2809.490396163111,853.4903961631112,43.634478331447404,hardRunOrTrailRun,Stage 0 reproduction Stage 3 LOO,activity,,,,
13602011720,0.5,0.0,2276.0,3223.0377998769636,947.0377998769636,41.60974516155376,hardRunOrTrailRun,Stage 0 reproduction Stage 3 LOO,activity,,,,
13626651040,0.5,0.0,2805.0,4228.556014135567,1423.5560141355672,50.75066004048369,hardRunOrTrailRun,Stage 0 reproduction Stage 3 LOO,activity,,,,
13688400233,0.5,0.0,2363.0,3679.854837422373,1316.8548374223728,55.72809299290618,hardRunOrTrailRun,Stage 0 reproduction Stage 3 LOO,activity,,,,
13696739223,0.5,0.0,5809.0,8232.565351179604,2423.5653511796045,41.7208702217181,hardRunOrTrailRun,Stage 0 reproduction Stage 3 LOO,activity,,,,
13725623458,0.5,0.0,2081.0,3722.914113886757,1641.9141138867571,78.90024574179515,hardRunOrTrailRun,Stage 0 reproduction Stage 3 LOO,activity,,,,
13798314040,0.5,0.0,3877.0,5094.9464798107265,1217.9464798107265,31.414662878790985,hardRunOrTrailRun,Stage 0 reproduction Stage 3 LOO,activity,,,,
13824163131,0.5,0.0,3241.0,4490.408524002844,1249.4085240028444,38.5500933046234,hardRunOrTrailRun,Stage 0 reproduction Stage 3 LOO,activity,,,,
13845021507,0.5,0.0,2393.0,4005.0483286672084,1612.0483286672084,67.36516208387833,hardRunOrTrailRun,Stage 0 reproduction Stage 3 LOO,activity,,,,
13910406111,0.5,0.0,2366.0,3562.9312645647387,1196.9312645647387,50.58881084381821,hardRunOrTrailRun,Stage 0 reproduction Stage 3 LOO,activity,,,,
13947675380,0.5,0.0,8133.0,10240.72526788065,2107.725267880651,25.91571705251015,hardRunOrTrailRun,Stage 0 reproduction Stage 3 LOO,activity,,,,
14087416092,0.5,0.0,15517.0,13993.177135401116,-1523.8228645988838,-9.820344554996996,hardRunOrTrailRun,Stage 0 reproduction Stage 3 LOO,activity,,,,
14155390870,0.5,0.0,5996.0,7812.954085032216,1816.9540850322164,30.3027699304906,hardRunOrTrailRun,Stage 0 reproduction Stage 3 LOO,activity,,,,
14243922808,0.5,0.0,3758.0,5404.757710482794,1646.7577104827942,43.820056159733745,hardRunOrTrailRun,Stage 0 reproduction Stage 3 LOO,activity,,,,
14283547293,0.5,0.0,1893.0,2954.529791741303,1061.5297917413031,56.076586991088384,hardRunOrTrailRun,Stage 0 reproduction Stage 3 LOO,activity,,,,
14300194854,0.5,0.0,10836.0,13090.295874918793,2254.295874918793,20.80376407270942,hardRunOrTrailRun,Stage 0 reproduction Stage 3 LOO,activity,,,,
14388179928,0.5,0.0,3356.0,4547.476261563002,1191.4762615630016,35.50286834216333,hardRunOrTrailRun,Stage 0 reproduction Stage 3 LOO,activity,,,,
14511853016,0.5,0.0,3409.0,4142.792889551424,733.7928895514242,21.525165431253278,hardRunOrTrailRun,Stage 0 reproduction Stage 3 LOO,activity,,,,
14531574734,0.5,0.0,4250.0,5702.57785336093,1452.57785336093,34.17830243202189,hardRunOrTrailRun,Stage 0 reproduction Stage 3 LOO,activity,,,,
14736619046,0.5,0.0,7519.0,8777.506133849281,1258.5061338492815,16.737679662844545,hardRunOrTrailRun,Stage 0 reproduction Stage 3 LOO,activity,,,,
14765648151,0.5,0.0,3295.0,4618.707064048792,1323.7070640487918,40.173203764758476,hardRunOrTrailRun,Stage 0 reproduction Stage 3 LOO,activity,,,,
14852373707,0.5,0.0,2322.0,2246.5222053839398,-75.47779461606024,-3.2505510170568575,hardRunOrTrailRun,Stage 0 reproduction Stage 3 LOO,activity,,,,
14893241615,0.5,0.0,2746.0,3831.8948581683476,1085.8948581683476,39.544605177288695,hardRunOrTrailRun,Stage 0 reproduction Stage 3 LOO,activity,,,,
14953411411,0.5,0.0,33087.0,27207.268272317564,-5879.731727682436,-17.770519320828228,hardRunOrTrailRun,Stage 0 reproduction Stage 3 LOO,activity,,,,
15007483824,0.5,0.0,3314.0,5164.199120258589,1850.1991202585887,55.8297863686961,hardRunOrTrailRun,Stage 0 reproduction Stage 3 LOO,activity,,,,
15018253166,0.5,0.0,30983.0,20448.56336569852,-10534.43663430148,-34.000699203761684,hardRunOrTrailRun,Stage 0 reproduction Stage 3 LOO,activity,,,,
15059995436,0.5,0.0,7678.0,10198.541685743685,2520.541685743685,32.828102184731506,hardRunOrTrailRun,Stage 0 reproduction Stage 3 LOO,activity,,,,
15087396899,0.5,0.0,11532.0,16381.663133121818,4849.663133121818,42.05396404025163,hardRunOrTrailRun,Stage 0 reproduction Stage 3 LOO,activity,,,,
15114097922,0.5,0.0,33819.0,25890.08401008287,-7928.915989917132,-23.445152103601917,hardRunOrTrailRun,Stage 0 reproduction Stage 3 LOO,activity,,,,
15179557231,0.5,0.0,33543.0,20896.527049416454,-12646.472950583546,-37.7022715636155,hardRunOrTrailRun,Stage 0 reproduction Stage 3 LOO,activity,,,,
15224440864,0.5,0.0,6297.0,9362.000315680509,3065.0003156805087,48.67397674576002,hardRunOrTrailRun,Stage 0 reproduction Stage 3 LOO,activity,,,,
15250276952,0.5,0.0,7979.0,12822.096850120672,4843.096850120672,60.69804298935545,hardRunOrTrailRun,Stage 0 reproduction Stage 3 LOO,activity,,,,
15310799882,0.5,0.0,5452.0,7686.672908254466,2234.672908254466,40.98813111251772,hardRunOrTrailRun,Stage 0 reproduction Stage 3 LOO,activity,,,,
15329205386,0.5,0.0,10390.0,12543.515385966703,2153.5153859667025,20.726808334616965,hardRunOrTrailRun,Stage 0 reproduction Stage 3 LOO,activity,,,,
15367390310,0.5,0.0,3783.0,5722.622410217212,1939.6224102172118,51.27207005596648,hardRunOrTrailRun,Stage 0 reproduction Stage 3 LOO,activity,,,,
15424641872,0.5,0.0,5476.0,5846.0961965017905,370.0961965017905,6.758513449630945,hardRunOrTrailRun,Stage 0 reproduction Stage 3 LOO,activity,,,,
15493651485,0.5,0.0,4622.0,5861.930558398558,1239.9305583985579,26.82671048028035,hardRunOrTrailRun,Stage 0 reproduction Stage 3 LOO,activity,,,,
15563904138,0.5,0.0,42256.0,39713.56941153871,-2542.4305884612913,-6.01673274437072,hardRunOrTrailRun,Stage 0 reproduction Stage 3 LOO,activity,,,,
15652573322,0.5,0.0,3132.0,4006.9012697318267,874.9012697318267,27.93426787138655,hardRunOrTrailRun,Stage 0 reproduction Stage 3 LOO,activity,,,,
15717135978,0.5,0.0,14017.0,13219.487561537335,-797.5124384626652,-5.689608607138939,hardRunOrTrailRun,Stage 0 reproduction Stage 3 LOO,activity,,,,
15756279445,0.5,0.0,8201.0,8594.727764638275,393.7277646382754,4.800972620878861,hardRunOrTrailRun,Stage 0 reproduction Stage 3 LOO,activity,,,,
15809536896,0.5,0.0,6794.0,7055.80517119086,261.80517119086016,3.853476172959378,hardRunOrTrailRun,Stage 0 reproduction Stage 3 LOO,activity,,,,
15913800933,0.5,0.0,3009.0,3803.7101340830095,794.7101340830095,26.411104489299085,hardRunOrTrailRun,Stage 0 reproduction Stage 3 LOO,activity,,,,
15923504065,0.5,0.0,4057.0,4701.081966472973,644.0819664729734,15.875818744712186,hardRunOrTrailRun,Stage 0 reproduction Stage 3 LOO,activity,,,,
15961811819,0.5,0.0,2785.0,4649.633853337233,1864.6338533372327,66.95274159200117,hardRunOrTrailRun,Stage 0 reproduction Stage 3 LOO,activity,,,,
16043688171,0.5,0.0,7974.0,6483.985942405426,-1490.0140575945743,-18.685904910892578,hardRunOrTrailRun,Stage 0 reproduction Stage 3 LOO,activity,,,,
16043688538,0.5,0.0,18442.0,15608.311633305892,-2833.6883666941085,-15.36540704204592,hardRunOrTrailRun,Stage 0 reproduction Stage 3 LOO,activity,,,,
16043688740,0.5,0.0,28210.0,20229.767797151704,-7980.232202848296,-28.288664313535257,hardRunOrTrailRun,Stage 0 reproduction Stage 3 LOO,activity,,,,
16078947736,0.5,0.0,2945.0,4974.194471258168,2029.194471258168,68.90303807328245,hardRunOrTrailRun,Stage 0 reproduction Stage 3 LOO,activity,,,,
16106633286,0.5,0.0,15404.0,11407.642653855992,-3996.3573461440083,-25.94363377138411,hardRunOrTrailRun,Stage 0 reproduction Stage 3 LOO,activity,,,,
16121104478,0.5,0.0,5582.0,7797.915044160183,2215.9150441601832,39.69751064421683,hardRunOrTrailRun,Stage 0 reproduction Stage 3 LOO,activity,,,,
16163570178,0.5,0.0,3062.0,4804.443421143886,1742.4434211438856,56.905402388761786,hardRunOrTrailRun,Stage 0 reproduction Stage 3 LOO,activity,,,,
16183294852,0.5,0.0,3140.0,5232.371738284003,2092.371738284003,66.63604262050966,hardRunOrTrailRun,Stage 0 reproduction Stage 3 LOO,activity,,,,
16213470764,0.5,0.0,6317.0,7393.024432294092,1076.0244322940916,17.033788701821937,hardRunOrTrailRun,Stage 0 reproduction Stage 3 LOO,activity,,,,
16235724470,0.5,0.0,3841.0,5031.871318448541,1190.8713184485414,31.004199907538176,hardRunOrTrailRun,Stage 0 reproduction Stage 3 LOO,activity,,,,
16251238864,0.5,0.0,4467.0,4826.5623321691655,359.56233216916553,8.049302264812303,hardRunOrTrailRun,Stage 0 reproduction Stage 3 LOO,activity,,,,
16262137158,0.5,0.0,10091.0,8587.379475880673,-1503.6205241193275,-14.900609692987091,hardRunOrTrailRun,Stage 0 reproduction Stage 3 LOO,activity,,,,
16285738312,0.5,0.0,3949.0,5762.917258403712,1813.9172584037124,45.93358466456603,hardRunOrTrailRun,Stage 0 reproduction Stage 3 LOO,activity,,,,
16325125849,0.5,0.0,10638.0,14117.657521277793,3479.6575212777934,32.70969657151526,hardRunOrTrailRun,Stage 0 reproduction Stage 3 LOO,activity,,,,
16335274846,0.5,0.0,8540.0,9828.200319882062,1288.200319882062,15.084312879181056,hardRunOrTrailRun,Stage 0 reproduction Stage 3 LOO,activity,,,,
16466621813,0.5,0.0,7487.0,9268.563851068873,1781.5638510688732,23.79543009307965,hardRunOrTrailRun,Stage 0 reproduction Stage 3 LOO,activity,,,,
17383625132,0.5,0.0,5217.0,7427.530036186407,2210.5300361864074,42.37167023550714,hardRunOrTrailRun,Stage 0 reproduction Stage 3 LOO,activity,,,,
17437915260,0.5,0.0,2526.0,4008.380046178288,1482.380046178288,58.68487910444529,hardRunOrTrailRun,Stage 0 reproduction Stage 3 LOO,activity,,,,
17481444994,0.5,0.0,12779.0,17404.567697711835,4625.567697711835,36.196632738961064,hardRunOrTrailRun,Stage 0 reproduction Stage 3 LOO,activity,,,,
17528738922,0.5,0.0,2736.0,4549.19413499145,1813.1941349914496,66.2717154602138,hardRunOrTrailRun,Stage 0 reproduction Stage 3 LOO,activity,,,,
17591239723,0.5,0.0,4034.0,7035.54685365324,3001.54685365324,74.40621848421517,hardRunOrTrailRun,Stage 0 reproduction Stage 3 LOO,activity,,,,
17646695382,0.5,0.0,7474.0,10281.582947401048,2807.582947401048,37.56466346536055,hardRunOrTrailRun,Stage 0 reproduction Stage 3 LOO,activity,,,,
17815897198,0.5,-0.05,13634.0,18581.23394361189,4947.233943611889,36.28600516071504,hardRunOrTrailRun,Stage 0 reproduction Stage 3 LOO,activity,,,,
18160385145,0.5,0.0,13509.0,14499.309373022708,990.3093730227083,7.330737826802193,hardRunOrTrailRun,Stage 0 reproduction Stage 3 LOO,activity,,,,
18223569115,0.5,0.0,1879.0,2668.9319173572253,789.9319173572253,42.04001688968735,hardRunOrTrailRun,Stage 0 reproduction Stage 3 LOO,activity,,,,
18516570001,0.5,0.0,8382.0,7577.856725451893,-804.143274548107,-9.593692132523348,hardRunOrTrailRun,Stage 0 reproduction Stage 3 LOO,activity,,,,
11277623453,0.45,,1918.0,2754.1806002688472,836.1806002688472,43.59648593685335,hardRunOrTrailRun,Stage 1 TRIMP fatigue CTL LOO,activity,0.4,linear,decayed,decayedTrimpBefore
11387382620,0.45,,3148.0,3546.0319300196165,398.03193001961654,12.643962198844235,hardRunOrTrailRun,Stage 1 TRIMP fatigue CTL LOO,activity,0.4,linear,decayed,decayedTrimpBefore
11462693706,0.45,,3174.0,4150.827412509486,976.8274125094858,30.775910917123056,hardRunOrTrailRun,Stage 1 TRIMP fatigue CTL LOO,activity,0.4,linear,decayed,decayedTrimpBefore
11562663514,0.45,,3229.0,4051.1097905573315,822.1097905573315,25.460197911345045,hardRunOrTrailRun,Stage 1 TRIMP fatigue CTL LOO,activity,0.4,linear,decayed,decayedTrimpBefore
11587123521,0.45,,1887.0,2748.0238916783514,861.0238916783514,45.62924704177803,hardRunOrTrailRun,Stage 1 TRIMP fatigue CTL LOO,activity,0.4,linear,decayed,decayedTrimpBefore
11637384443,0.45,,3410.0,4720.720676052457,1310.7206760524568,38.437556482476744,hardRunOrTrailRun,Stage 1 TRIMP fatigue CTL LOO,activity,0.4,linear,decayed,decayedTrimpBefore
11704501213,0.45,,3874.0,5592.019044315197,1718.0190443151969,44.347419832607045,hardRunOrTrailRun,Stage 1 TRIMP fatigue CTL LOO,activity,0.4,linear,decayed,decayedTrimpBefore
11730667820,0.45,,3369.0,4585.789067141129,1216.7890671411287,36.11721778394564,hardRunOrTrailRun,Stage 1 TRIMP fatigue CTL LOO,activity,0.4,linear,decayed,decayedTrimpBefore
11759480552,0.45,,5536.0,7965.749484873508,2429.7494848735078,43.889983469535906,hardRunOrTrailRun,Stage 1 TRIMP fatigue CTL LOO,activity,0.4,linear,decayed,decayedTrimpBefore
11815743705,0.45,,3211.0,4887.798587372157,1676.7985873721573,52.22044806515594,hardRunOrTrailRun,Stage 1 TRIMP fatigue CTL LOO,activity,0.4,linear,decayed,decayedTrimpBefore
12000338229,0.45,,9824.0,12230.748572413288,2406.7485724132875,24.498662178474017,hardRunOrTrailRun,Stage 1 TRIMP fatigue CTL LOO,activity,0.4,linear,decayed,decayedTrimpBefore
12033703768,0.45,,4341.0,5852.585088141699,1511.585088141699,34.82112619538584,hardRunOrTrailRun,Stage 1 TRIMP fatigue CTL LOO,activity,0.4,linear,decayed,decayedTrimpBefore
12063923301,0.45,,3335.0,4770.424959354842,1435.424959354842,43.04122816656198,hardRunOrTrailRun,Stage 1 TRIMP fatigue CTL LOO,activity,0.4,linear,decayed,decayedTrimpBefore
12122982163,0.45,,5150.0,6250.5408368613025,1100.5408368613025,21.369724987598108,hardRunOrTrailRun,Stage 1 TRIMP fatigue CTL LOO,activity,0.4,linear,decayed,decayedTrimpBefore
12147822484,0.45,,2076.0,3361.500535279264,1285.500535279264,61.921991102084014,hardRunOrTrailRun,Stage 1 TRIMP fatigue CTL LOO,activity,0.4,linear,decayed,decayedTrimpBefore
12177245147,0.45,,8181.0,11620.498880618145,3439.4988806181445,42.04252390438998,hardRunOrTrailRun,Stage 1 TRIMP fatigue CTL LOO,activity,0.4,linear,decayed,decayedTrimpBefore
12215183637,0.45,,2398.0,3680.030776194388,1282.0307761943882,53.46250109234313,hardRunOrTrailRun,Stage 1 TRIMP fatigue CTL LOO,activity,0.4,linear,decayed,decayedTrimpBefore
12231235107,0.45,,4474.0,6525.497823299548,2051.497823299548,45.853773430924186,hardRunOrTrailRun,Stage 1 TRIMP fatigue CTL LOO,activity,0.4,linear,decayed,decayedTrimpBefore
12351986883,0.45,,2360.0,2506.1619538761415,146.16195387614152,6.19330313034498,hardRunOrTrailRun,Stage 1 TRIMP fatigue CTL LOO,activity,0.4,linear,decayed,decayedTrimpBefore
12368406803,0.45,,2107.0,2494.205658135676,387.205658135676,18.37710764763531,hardRunOrTrailRun,Stage 1 TRIMP fatigue CTL LOO,activity,0.4,linear,decayed,decayedTrimpBefore
12385954488,0.45,,2041.0,2528.7515793775556,487.7515793775556,23.89767659860635,hardRunOrTrailRun,Stage 1 TRIMP fatigue CTL LOO,activity,0.4,linear,decayed,decayedTrimpBefore
12415493314,0.45,,3761.0,4627.310916771123,866.3109167711227,23.034057877456068,hardRunOrTrailRun,Stage 1 TRIMP fatigue CTL LOO,activity,0.4,linear,decayed,decayedTrimpBefore
12435526893,0.45,,2374.0,3155.8263803156283,781.8263803156283,32.93287195937777,hardRunOrTrailRun,Stage 1 TRIMP fatigue CTL LOO,activity,0.4,linear,decayed,decayedTrimpBefore
12453142102,0.45,,2902.0,3464.827979677214,562.827979677214,19.394485860689663,hardRunOrTrailRun,Stage 1 TRIMP fatigue CTL LOO,activity,0.4,linear,decayed,decayedTrimpBefore
12469144311,0.45,,6714.0,8546.329648577874,1832.3296485778737,27.291177369345753,hardRunOrTrailRun,Stage 1 TRIMP fatigue CTL LOO,activity,0.4,linear,decayed,decayedTrimpBefore
12532587467,0.45,,2807.0,3680.281947806393,873.281947806393,31.110863833501707,hardRunOrTrailRun,Stage 1 TRIMP fatigue CTL LOO,activity,0.4,linear,decayed,decayedTrimpBefore
12588932008,0.45,,17378.0,17769.924172794006,391.92417279400615,2.2552892898722874,hardRunOrTrailRun,Stage 1 TRIMP fatigue CTL LOO,activity,0.4,linear,decayed,decayedTrimpBefore
12923277981,0.45,,2108.0,2345.456668315712,237.4566683157118,11.264547832813653,hardRunOrTrailRun,Stage 1 TRIMP fatigue CTL LOO,activity,0.4,linear,decayed,decayedTrimpBefore
13024493247,0.45,,3462.0,4026.3789925958536,564.3789925958536,16.302108393872142,hardRunOrTrailRun,Stage 1 TRIMP fatigue CTL LOO,activity,0.4,linear,decayed,decayedTrimpBefore
13066363809,0.45,,1923.0,2266.7975828749263,343.7975828749263,17.87818943707365,hardRunOrTrailRun,Stage 1 TRIMP fatigue CTL LOO,activity,0.4,linear,decayed,decayedTrimpBefore
13169655589,0.45,,1961.0,2599.309184953033,638.3091849530329,32.550187911934366,hardRunOrTrailRun,Stage 1 TRIMP fatigue CTL LOO,activity,0.4,linear,decayed,decayedTrimpBefore
13180970159,0.45,,1911.0,2612.879400319636,701.8794003196358,36.72838306225201,hardRunOrTrailRun,Stage 1 TRIMP fatigue CTL LOO,activity,0.4,linear,decayed,decayedTrimpBefore
13194703589,0.45,,1956.0,2716.6890690107875,760.6890690107875,38.8900342030055,hardRunOrTrailRun,Stage 1 TRIMP fatigue CTL LOO,activity,0.4,linear,decayed,decayedTrimpBefore
13602011720,0.45,,2276.0,3132.546064850258,856.5460648502581,37.6338341322609,hardRunOrTrailRun,Stage 1 TRIMP fatigue CTL LOO,activity,0.4,linear,decayed,decayedTrimpBefore
13626651040,0.45,,2805.0,4109.55799831405,1304.5579983140497,46.50830653526023,hardRunOrTrailRun,Stage 1 TRIMP fatigue CTL LOO,activity,0.4,linear,decayed,decayedTrimpBefore
13688400233,0.45,,2363.0,3571.923423357298,1208.923423357298,51.16053420894193,hardRunOrTrailRun,Stage 1 TRIMP fatigue CTL LOO,activity,0.4,linear,decayed,decayedTrimpBefore
13696739223,0.45,,5809.0,8119.222669239703,2310.2226692397026,39.769713707001245,hardRunOrTrailRun,Stage 1 TRIMP fatigue CTL LOO,activity,0.4,linear,decayed,decayedTrimpBefore
13725623458,0.45,,2081.0,3606.0256124468056,1525.0256124468056,73.28330670095173,hardRunOrTrailRun,Stage 1 TRIMP fatigue CTL LOO,activity,0.4,linear,decayed,decayedTrimpBefore
13798314040,0.45,,3877.0,4924.208402804375,1047.2084028043746,27.010791921701692,hardRunOrTrailRun,Stage 1 TRIMP fatigue CTL LOO,activity,0.4,linear,decayed,decayedTrimpBefore
13824163131,0.45,,3241.0,4372.838726123233,1131.8387261232328,34.92251546199422,hardRunOrTrailRun,Stage 1 TRIMP fatigue CTL LOO,activity,0.4,linear,decayed,decayedTrimpBefore
13845021507,0.45,,2393.0,3880.6350693753916,1487.6350693753916,62.16611238509785,hardRunOrTrailRun,Stage 1 TRIMP fatigue CTL LOO,activity,0.4,linear,decayed,decayedTrimpBefore
13910406111,0.45,,2366.0,3455.295467751895,1089.295467751895,46.03953794386708,hardRunOrTrailRun,Stage 1 TRIMP fatigue CTL LOO,activity,0.4,linear,decayed,decayedTrimpBefore
13947675380,0.45,,8133.0,9938.37556575078,1805.3755657507809,22.198150322768733,hardRunOrTrailRun,Stage 1 TRIMP fatigue CTL LOO,activity,0.4,linear,decayed,decayedTrimpBefore
14087416092,0.45,,15517.0,13854.500649702735,-1662.4993502972648,-10.714051364936939,hardRunOrTrailRun,Stage 1 TRIMP fatigue CTL LOO,activity,0.4,linear,decayed,decayedTrimpBefore
14155390870,0.45,,5996.0,7679.807386239224,1683.807386239224,28.082177889246562,hardRunOrTrailRun,Stage 1 TRIMP fatigue CTL LOO,activity,0.4,linear,decayed,decayedTrimpBefore
14243922808,0.45,,3758.0,5266.246167776357,1508.2461677763567,40.134278014272404,hardRunOrTrailRun,Stage 1 TRIMP fatigue CTL LOO,activity,0.4,linear,decayed,decayedTrimpBefore
14283547293,0.45,,1893.0,2856.7225581747425,963.7225581747425,50.90980233358386,hardRunOrTrailRun,Stage 1 TRIMP fatigue CTL LOO,activity,0.4,linear,decayed,decayedTrimpBefore
14300194854,0.45,,10836.0,13018.10965389487,2182.1096538948696,20.13759370519444,hardRunOrTrailRun,Stage 1 TRIMP fatigue CTL LOO,activity,0.4,linear,decayed,decayedTrimpBefore
14388179928,0.45,,3356.0,4434.148530006995,1078.1485300069953,32.125999106287104,hardRunOrTrailRun,Stage 1 TRIMP fatigue CTL LOO,activity,0.4,linear,decayed,decayedTrimpBefore
14511853016,0.45,,3409.0,4036.599911160719,627.5999111607189,18.410088329736546,hardRunOrTrailRun,Stage 1 TRIMP fatigue CTL LOO,activity,0.4,linear,decayed,decayedTrimpBefore
14531574734,0.45,,4250.0,5522.208642995456,1272.208642995456,29.93432101165779,hardRunOrTrailRun,Stage 1 TRIMP fatigue CTL LOO,activity,0.4,linear,decayed,decayedTrimpBefore
14736619046,0.45,,7519.0,8591.853107896433,1072.8531078964334,14.2685610838733,hardRunOrTrailRun,Stage 1 TRIMP fatigue CTL LOO,activity,0.4,linear,decayed,decayedTrimpBefore
14765648151,0.45,,3295.0,4507.681358610799,1212.6813586107992,36.80368311413655,hardRunOrTrailRun,Stage 1 TRIMP fatigue CTL LOO,activity,0.4,linear,decayed,decayedTrimpBefore
14852373707,0.45,,2322.0,2174.6940623656815,-147.30593763431852,-6.343924962718282,hardRunOrTrailRun,Stage 1 TRIMP fatigue CTL LOO,activity,0.4,linear,decayed,decayedTrimpBefore
14893241615,0.45,,2746.0,3727.3869648153586,981.3869648153586,35.7387824040553,hardRunOrTrailRun,Stage 1 TRIMP fatigue CTL LOO,activity,0.4,linear,decayed,decayedTrimpBefore
14953411411,0.45,,33087.0,27016.85416561507,-6070.14583438493,-18.346014550684348,hardRunOrTrailRun,Stage 1 TRIMP fatigue CTL LOO,activity,0.4,linear,decayed,decayedTrimpBefore
15007483824,0.45,,3314.0,5027.7065567602485,1713.7065567602485,51.711121205801106,hardRunOrTrailRun,Stage 1 TRIMP fatigue CTL LOO,activity,0.4,linear,decayed,decayedTrimpBefore
15018253166,0.45,,30983.0,20187.122185566754,-10795.877814433246,-34.844520590108274,hardRunOrTrailRun,Stage 1 TRIMP fatigue CTL LOO,activity,0.4,linear,decayed,decayedTrimpBefore
15059995436,0.45,,7678.0,9964.15603706161,2286.15603706161,29.775410745788093,hardRunOrTrailRun,Stage 1 TRIMP fatigue CTL LOO,activity,0.4,linear,decayed,decayedTrimpBefore
15087396899,0.45,,11532.0,16207.627003696876,4675.627003696876,40.54480578994863,hardRunOrTrailRun,Stage 1 TRIMP fatigue CTL LOO,activity,0.4,linear,decayed,decayedTrimpBefore
15114097922,0.45,,33819.0,25511.899467978026,-8307.100532021974,-24.563412673414277,hardRunOrTrailRun,Stage 1 TRIMP fatigue CTL LOO,activity,0.4,linear,decayed,decayedTrimpBefore
15179557231,0.45,,33543.0,20421.081643332982,-13121.918356667018,-39.11969220602516,hardRunOrTrailRun,Stage 1 TRIMP fatigue CTL LOO,activity,0.4,linear,decayed,decayedTrimpBefore
15224440864,0.45,,6297.0,9196.805992914606,2899.8059929146057,46.05059540915683,hardRunOrTrailRun,Stage 1 TRIMP fatigue CTL LOO,activity,0.4,linear,decayed,decayedTrimpBefore
15250276952,0.45,,7979.0,12577.737804262953,4598.737804262953,57.63551578221523,hardRunOrTrailRun,Stage 1 TRIMP fatigue CTL LOO,activity,0.4,linear,decayed,decayedTrimpBefore
15310799882,0.45,,5452.0,7504.510812495601,2052.5108124956014,37.64693346470288,hardRunOrTrailRun,Stage 1 TRIMP fatigue CTL LOO,activity,0.4,linear,decayed,decayedTrimpBefore
15329205386,0.45,,10390.0,12203.293462922538,1813.2934629225383,17.452295119562447,hardRunOrTrailRun,Stage 1 TRIMP fatigue CTL LOO,activity,0.4,linear,decayed,decayedTrimpBefore
15367390310,0.45,,3783.0,5562.650636425383,1779.6506364253828,47.043368660464786,hardRunOrTrailRun,Stage 1 TRIMP fatigue CTL LOO,activity,0.4,linear,decayed,decayedTrimpBefore
15424641872,0.45,,5476.0,5675.997286043262,199.99728604326174,3.6522513886643857,hardRunOrTrailRun,Stage 1 TRIMP fatigue CTL LOO,activity,0.4,linear,decayed,decayedTrimpBefore
15493651485,0.45,,4622.0,5690.877657337404,1068.8776573374043,23.1258688303203,hardRunOrTrailRun,Stage 1 TRIMP fatigue CTL LOO,activity,0.4,linear,decayed,decayedTrimpBefore
15563904138,0.45,,42256.0,39761.959436240155,-2494.040563759845,-5.902216404202587,hardRunOrTrailRun,Stage 1 TRIMP fatigue CTL LOO,activity,0.4,linear,decayed,decayedTrimpBefore
15652573322,0.45,,3132.0,3909.72643907207,777.7264390720702,24.8316232143062,hardRunOrTrailRun,Stage 1 TRIMP fatigue CTL LOO,activity,0.4,linear,decayed,decayedTrimpBefore
15717135978,0.45,,14017.0,12968.409086258494,-1048.5909137415056,-7.480851207401766,hardRunOrTrailRun,Stage 1 TRIMP fatigue CTL LOO,activity,0.4,linear,decayed,decayedTrimpBefore
15756279445,0.45,,8201.0,8382.017853975978,181.01785397597814,2.2072656258502397,hardRunOrTrailRun,Stage 1 TRIMP fatigue CTL LOO,activity,0.4,linear,decayed,decayedTrimpBefore
15809536896,0.45,,6794.0,7018.780281347162,224.7802813471617,3.308511647735674,hardRunOrTrailRun,Stage 1 TRIMP fatigue CTL LOO,activity,0.4,linear,decayed,decayedTrimpBefore
15913800933,0.45,,3009.0,3711.8064060139477,702.8064060139477,23.356809771151468,hardRunOrTrailRun,Stage 1 TRIMP fatigue CTL LOO,activity,0.4,linear,decayed,decayedTrimpBefore
15923504065,0.45,,4057.0,4547.550060515532,490.5500605155321,12.091448373565001,hardRunOrTrailRun,Stage 1 TRIMP fatigue CTL LOO,activity,0.4,linear,decayed,decayedTrimpBefore
15961811819,0.45,,2785.0,4562.417722368884,1777.417722368884,63.8211031371233,hardRunOrTrailRun,Stage 1 TRIMP fatigue CTL LOO,activity,0.4,linear,decayed,decayedTrimpBefore
16043688171,0.45,,7974.0,6296.628746532128,-1677.3712534678716,-21.03550606305332,hardRunOrTrailRun,Stage 1 TRIMP fatigue CTL LOO,activity,0.4,linear,decayed,decayedTrimpBefore
16043688538,0.45,,18442.0,15175.628943545746,-3266.3710564542544,-17.71158798641283,hardRunOrTrailRun,Stage 1 TRIMP fatigue CTL LOO,activity,0.4,linear,decayed,decayedTrimpBefore
16043688740,0.45,,28210.0,19906.626018162595,-8303.373981837405,-29.43415094589651,hardRunOrTrailRun,Stage 1 TRIMP fatigue CTL LOO,activity,0.4,linear,decayed,decayedTrimpBefore
16078947736,0.45,,2945.0,4835.461054520129,1890.4610545201294,64.1922259599365,hardRunOrTrailRun,Stage 1 TRIMP fatigue CTL LOO,activity,0.4,linear,decayed,decayedTrimpBefore
16106633286,0.45,,15404.0,11117.50456628236,-4286.4954337176405,-27.827158099958716,hardRunOrTrailRun,Stage 1 TRIMP fatigue CTL LOO,activity,0.4,linear,decayed,decayedTrimpBefore
16121104478,0.45,,5582.0,7605.168107819197,2023.1681078191968,36.24450211069862,hardRunOrTrailRun,Stage 1 TRIMP fatigue CTL LOO,activity,0.4,linear,decayed,decayedTrimpBefore
16163570178,0.45,,3062.0,4664.106864492182,1602.1068644921816,52.322235940306385,hardRunOrTrailRun,Stage 1 TRIMP fatigue CTL LOO,activity,0.4,linear,decayed,decayedTrimpBefore
16183294852,0.45,,3140.0,5131.162364384642,1991.1623643846424,63.41281415237715,hardRunOrTrailRun,Stage 1 TRIMP fatigue CTL LOO,activity,0.4,linear,decayed,decayedTrimpBefore
16213470764,0.45,,6317.0,7228.183593531175,911.1835935311747,14.424308905036801,hardRunOrTrailRun,Stage 1 TRIMP fatigue CTL LOO,activity,0.4,linear,decayed,decayedTrimpBefore
16235724470,0.45,,3841.0,4893.202597793449,1052.202597793449,27.39397546975915,hardRunOrTrailRun,Stage 1 TRIMP fatigue CTL LOO,activity,0.4,linear,decayed,decayedTrimpBefore
16251238864,0.45,,4467.0,4675.370746471782,208.37074647178179,4.664668602457618,hardRunOrTrailRun,Stage 1 TRIMP fatigue CTL LOO,activity,0.4,linear,decayed,decayedTrimpBefore
16262137158,0.45,,10091.0,8385.52163141344,-1705.4783685865605,-16.900984724869296,hardRunOrTrailRun,Stage 1 TRIMP fatigue CTL LOO,activity,0.4,linear,decayed,decayedTrimpBefore
16285738312,0.45,,3949.0,5618.815947372385,1669.8159473723854,42.28452639585681,hardRunOrTrailRun,Stage 1 TRIMP fatigue CTL LOO,activity,0.4,linear,decayed,decayedTrimpBefore
16325125849,0.45,,10638.0,13948.15829050065,3310.1582905006508,31.116359188763404,hardRunOrTrailRun,Stage 1 TRIMP fatigue CTL LOO,activity,0.4,linear,decayed,decayedTrimpBefore
16335274846,0.45,,8540.0,9529.732271003673,989.7322710036733,11.58937085484395,hardRunOrTrailRun,Stage 1 TRIMP fatigue CTL LOO,activity,0.4,linear,decayed,decayedTrimpBefore
16466621813,0.45,,7487.0,9036.22872653856,1549.2287265385603,20.69224958646401,hardRunOrTrailRun,Stage 1 TRIMP fatigue CTL LOO,activity,0.4,linear,decayed,decayedTrimpBefore
17383625132,0.45,,5217.0,7254.988380574559,2037.9883805745594,39.06437378904657,hardRunOrTrailRun,Stage 1 TRIMP fatigue CTL LOO,activity,0.4,linear,decayed,decayedTrimpBefore
17437915260,0.45,,2526.0,3890.3219435521196,1364.3219435521196,54.011161660812334,hardRunOrTrailRun,Stage 1 TRIMP fatigue CTL LOO,activity,0.4,linear,decayed,decayedTrimpBefore
17481444994,0.45,,12779.0,17165.521087545327,4386.521087545327,34.32601211006594,hardRunOrTrailRun,Stage 1 TRIMP fatigue CTL LOO,activity,0.4,linear,decayed,decayedTrimpBefore
17528738922,0.45,,2736.0,4424.9968486406915,1688.9968486406915,61.732340959089605,hardRunOrTrailRun,Stage 1 TRIMP fatigue CTL LOO,activity,0.4,linear,decayed,decayedTrimpBefore
17591239723,0.45,,4034.0,6856.9910091119855,2822.9910091119855,69.9799456894394,hardRunOrTrailRun,Stage 1 TRIMP fatigue CTL LOO,activity,0.4,linear,decayed,decayedTrimpBefore
17646695382,0.45,,7474.0,10038.975903474106,2564.9759034741055,34.318650033102834,hardRunOrTrailRun,Stage 1 TRIMP fatigue CTL LOO,activity,0.4,linear,decayed,decayedTrimpBefore
17815897198,0.45,,13634.0,17734.407020421793,4100.407020421793,30.074864459599482,hardRunOrTrailRun,Stage 1 TRIMP fatigue CTL LOO,activity,0.4,linear,decayed,decayedTrimpBefore
18160385145,0.45,,13509.0,14343.293591900461,834.2935919004613,6.175835309056638,hardRunOrTrailRun,Stage 1 TRIMP fatigue CTL LOO,activity,0.4,linear,decayed,decayedTrimpBefore
18223569115,0.45,,1879.0,2585.369560682336,706.3695606823362,37.5928451667023,hardRunOrTrailRun,Stage 1 TRIMP fatigue CTL LOO,activity,0.4,linear,decayed,decayedTrimpBefore
18516570001,0.45,,8382.0,7380.372925635701,-1001.627074364299,-11.949738419998795,hardRunOrTrailRun,Stage 1 TRIMP fatigue CTL LOO,activity,0.4,linear,decayed,decayedTrimpBefore
11277623453,0.45,,1918.0,2754.1806002688472,836.1806002688472,43.59648593685335,hardRunOrTrailRun,Stage 2 TRIMP fatigue REDI LOO,activity,0.4,linear,decayed,decayedTrimpBefore
11387382620,0.45,,3148.0,3958.8559988718903,810.8559988718903,25.757814449551788,hardRunOrTrailRun,Stage 2 TRIMP fatigue REDI LOO,activity,0.4,linear,decayed,decayedTrimpBefore
11462693706,0.45,,3174.0,4515.252330512812,1341.2523305128116,42.257477331846616,hardRunOrTrailRun,Stage 2 TRIMP fatigue REDI LOO,activity,0.4,linear,decayed,decayedTrimpBefore
11562663514,0.45,,3229.0,4273.707106234608,1044.7071062346076,32.353889942230026,hardRunOrTrailRun,Stage 2 TRIMP fatigue REDI LOO,activity,0.4,linear,decayed,decayedTrimpBefore
11587123521,0.45,,1887.0,2975.38717821977,1088.3871782197698,57.678175846304704,hardRunOrTrailRun,Stage 2 TRIMP fatigue REDI LOO,activity,0.4,linear,decayed,decayedTrimpBefore
11637384443,0.45,,3410.0,5020.611127378569,1610.611127378569,47.23199787033927,hardRunOrTrailRun,Stage 2 TRIMP fatigue REDI LOO,activity,0.4,linear,decayed,decayedTrimpBefore
11704501213,0.45,,3874.0,5915.528936165706,2041.528936165706,52.698217247436915,hardRunOrTrailRun,Stage 2 TRIMP fatigue REDI LOO,activity,0.4,linear,decayed,decayedTrimpBefore
11730667820,0.45,,3369.0,4820.039475041202,1451.0394750412024,43.07033170202441,hardRunOrTrailRun,Stage 2 TRIMP fatigue REDI LOO,activity,0.4,linear,decayed,decayedTrimpBefore
11759480552,0.45,,5536.0,8319.406956592798,2783.4069565927985,50.27830485174852,hardRunOrTrailRun,Stage 2 TRIMP fatigue REDI LOO,activity,0.4,linear,decayed,decayedTrimpBefore
11815743705,0.45,,3211.0,5050.216172756431,1839.2161727564308,57.27861017615792,hardRunOrTrailRun,Stage 2 TRIMP fatigue REDI LOO,activity,0.4,linear,decayed,decayedTrimpBefore
12000338229,0.45,,9824.0,12403.731823020757,2579.7318230207566,26.259485169185226,hardRunOrTrailRun,Stage 2 TRIMP fatigue REDI LOO,activity,0.4,linear,decayed,decayedTrimpBefore
12033703768,0.45,,4341.0,5890.357641894797,1549.3576418947969,35.69126104341849,hardRunOrTrailRun,Stage 2 TRIMP fatigue REDI LOO,activity,0.4,linear,decayed,decayedTrimpBefore
12063923301,0.45,,3335.0,4796.053318313268,1461.0533183132684,43.80969470204703,hardRunOrTrailRun,Stage 2 TRIMP fatigue REDI LOO,activity,0.4,linear,decayed,decayedTrimpBefore
12122982163,0.45,,5150.0,6286.701194148464,1136.7011941484643,22.071867847542997,hardRunOrTrailRun,Stage 2 TRIMP fatigue REDI LOO,activity,0.4,linear,decayed,decayedTrimpBefore
12147822484,0.45,,2076.0,3369.965619264067,1293.9656192640668,62.32975044624599,hardRunOrTrailRun,Stage 2 TRIMP fatigue REDI LOO,activity,0.4,linear,decayed,decayedTrimpBefore
12177245147,0.45,,8181.0,11640.091651794557,3459.091651794557,42.28201505677249,hardRunOrTrailRun,Stage 2 TRIMP fatigue REDI LOO,activity,0.4,linear,decayed,decayedTrimpBefore
12215183637,0.45,,2398.0,3680.030776194388,1282.0307761943882,53.46250109234313,hardRunOrTrailRun,Stage 2 TRIMP fatigue REDI LOO,activity,0.4,linear,decayed,decayedTrimpBefore
12231235107,0.45,,4474.0,6495.010701932601,2021.0107019326006,45.172344701220396,hardRunOrTrailRun,Stage 2 TRIMP fatigue REDI LOO,activity,0.4,linear,decayed,decayedTrimpBefore
12351986883,0.45,,2360.0,2506.1619538761415,146.16195387614152,6.19330313034498,hardRunOrTrailRun,Stage 2 TRIMP fatigue REDI LOO,activity,0.4,linear,decayed,decayedTrimpBefore
12368406803,0.45,,2107.0,2494.205658135676,387.205658135676,18.37710764763531,hardRunOrTrailRun,Stage 2 TRIMP fatigue REDI LOO,activity,0.4,linear,decayed,decayedTrimpBefore
12385954488,0.45,,2041.0,2538.8825446156065,497.88254461560655,24.394049221734765,hardRunOrTrailRun,Stage 2 TRIMP fatigue REDI LOO,activity,0.4,linear,decayed,decayedTrimpBefore
12415493314,0.45,,3761.0,4652.322041053723,891.3220410537233,23.69907048800115,hardRunOrTrailRun,Stage 2 TRIMP fatigue REDI LOO,activity,0.4,linear,decayed,decayedTrimpBefore
12435526893,0.45,,2374.0,3170.807569413767,796.8075694137669,33.56392457513762,hardRunOrTrailRun,Stage 2 TRIMP fatigue REDI LOO,activity,0.4,linear,decayed,decayedTrimpBefore
12453142102,0.45,,2902.0,3481.330250457047,579.330250457047,19.963137507134633,hardRunOrTrailRun,Stage 2 TRIMP fatigue REDI LOO,activity,0.4,linear,decayed,decayedTrimpBefore
12469144311,0.45,,6714.0,8584.847845217893,1870.8478452178933,27.864877051204846,hardRunOrTrailRun,Stage 2 TRIMP fatigue REDI LOO,activity,0.4,linear,decayed,decayedTrimpBefore
12532587467,0.45,,2807.0,3692.935563390647,885.9355633906471,31.56165170611496,hardRunOrTrailRun,Stage 2 TRIMP fatigue REDI LOO,activity,0.4,linear,decayed,decayedTrimpBefore
12588932008,0.45,,17378.0,17863.542582527352,485.54258252735235,2.7940072650900696,hardRunOrTrailRun,Stage 2 TRIMP fatigue REDI LOO,activity,0.4,linear,decayed,decayedTrimpBefore
12923277981,0.45,,2108.0,2364.273912310424,256.27391231042384,12.157206466338891,hardRunOrTrailRun,Stage 2 TRIMP fatigue REDI LOO,activity,0.4,linear,decayed,decayedTrimpBefore
13024493247,0.45,,3462.0,4054.59838469746,592.59838469746,17.117226594380703,hardRunOrTrailRun,Stage 2 TRIMP fatigue REDI LOO,activity,0.4,linear,decayed,decayedTrimpBefore
13066363809,0.45,,1923.0,2280.2123957028743,357.21239570287435,18.575787608053787,hardRunOrTrailRun,Stage 2 TRIMP fatigue REDI LOO,activity,0.4,linear,decayed,decayedTrimpBefore
13169655589,0.45,,1961.0,2616.2596577973513,655.2596577973513,33.41456694530093,hardRunOrTrailRun,Stage 2 TRIMP fatigue REDI LOO,activity,0.4,linear,decayed,decayedTrimpBefore
13180970159,0.45,,1911.0,2629.3013037012206,718.3013037012206,37.587718665683965,hardRunOrTrailRun,Stage 2 TRIMP fatigue REDI LOO,activity,0.4,linear,decayed,decayedTrimpBefore
13194703589,0.45,,1956.0,2732.589450832921,776.5894508329211,39.7029371591473,hardRunOrTrailRun,Stage 2 TRIMP fatigue REDI LOO,activity,0.4,linear,decayed,decayedTrimpBefore
13602011720,0.45,,2276.0,3154.391407639255,878.3914076392548,38.59364708432578,hardRunOrTrailRun,Stage 2 TRIMP fatigue REDI LOO,activity,0.4,linear,decayed,decayedTrimpBefore
13626651040,0.45,,2805.0,4135.100593653666,1330.1005936536658,47.41891599478309,hardRunOrTrailRun,Stage 2 TRIMP fatigue REDI LOO,activity,0.4,linear,decayed,decayedTrimpBefore
13688400233,0.45,,2363.0,3583.320734469552,1220.320734469552,51.64285799701871,hardRunOrTrailRun,Stage 2 TRIMP fatigue REDI LOO,activity,0.4,linear,decayed,decayedTrimpBefore
13696739223,0.45,,5809.0,8136.138372095383,2327.1383720953827,40.06091189697681,hardRunOrTrailRun,Stage 2 TRIMP fatigue REDI LOO,activity,0.4,linear,decayed,decayedTrimpBefore
13725623458,0.45,,2081.0,3606.0256124468056,1525.0256124468056,73.28330670095173,hardRunOrTrailRun,Stage 2 TRIMP fatigue REDI LOO,activity,0.4,linear,decayed,decayedTrimpBefore
13798314040,0.45,,3877.0,4900.324112905643,1023.3241129056432,26.394741111829852,hardRunOrTrailRun,Stage 2 TRIMP fatigue REDI LOO,activity,0.4,linear,decayed,decayedTrimpBefore
13824163131,0.45,,3241.0,4351.801311617672,1110.8013116176717,34.27341288545732,hardRunOrTrailRun,Stage 2 TRIMP fatigue REDI LOO,activity,0.4,linear,decayed,decayedTrimpBefore
13845021507,0.45,,2393.0,3857.607834227473,1464.6078342274732,61.20383761920072,hardRunOrTrailRun,Stage 2 TRIMP fatigue REDI LOO,activity,0.4,linear,decayed,decayedTrimpBefore
13910406111,0.45,,2366.0,3442.0824126793714,1076.0824126793714,45.481082530827194,hardRunOrTrailRun,Stage 2 TRIMP fatigue REDI LOO,activity,0.4,linear,decayed,decayedTrimpBefore
13947675380,0.45,,8133.0,9897.447975361967,1764.447975361967,21.694921620090582,hardRunOrTrailRun,Stage 2 TRIMP fatigue REDI LOO,activity,0.4,linear,decayed,decayedTrimpBefore
14087416092,0.45,,15517.0,13832.400214891497,-1684.599785108503,-10.856478604810873,hardRunOrTrailRun,Stage 2 TRIMP fatigue REDI LOO,activity,0.4,linear,decayed,decayedTrimpBefore
14155390870,0.45,,5996.0,7644.283592989299,1648.283592989299,27.489719696285842,hardRunOrTrailRun,Stage 2 TRIMP fatigue REDI LOO,activity,0.4,linear,decayed,decayedTrimpBefore
14243922808,0.45,,3758.0,5238.694009365106,1480.6940093651056,39.40111786495758,hardRunOrTrailRun,Stage 2 TRIMP fatigue REDI LOO,activity,0.4,linear,decayed,decayedTrimpBefore
14283547293,0.45,,1893.0,2842.760712674203,949.7607126742032,50.17225106572653,hardRunOrTrailRun,Stage 2 TRIMP fatigue REDI LOO,activity,0.4,linear,decayed,decayedTrimpBefore
14300194854,0.45,,10836.0,12956.343504320888,2120.3435043208883,19.56758494205323,hardRunOrTrailRun,Stage 2 TRIMP fatigue REDI LOO,activity,0.4,linear,decayed,decayedTrimpBefore
14388179928,0.45,,3356.0,4403.390210537863,1047.390210537863,31.20948183962643,hardRunOrTrailRun,Stage 2 TRIMP fatigue REDI LOO,activity,0.4,linear,decayed,decayedTrimpBefore
14511853016,0.45,,3409.0,4024.1047529924385,615.1047529924385,18.043553915882622,hardRunOrTrailRun,Stage 2 TRIMP fatigue REDI LOO,activity,0.4,linear,decayed,decayedTrimpBefore
14531574734,0.45,,4250.0,5503.483380929614,1253.4833809296142,29.493726610108567,hardRunOrTrailRun,Stage 2 TRIMP fatigue REDI LOO,activity,0.4,linear,decayed,decayedTrimpBefore
14736619046,0.45,,7519.0,8460.713076126318,941.7130761263179,12.524445752444713,hardRunOrTrailRun,Stage 2 TRIMP fatigue REDI LOO,activity,0.4,linear,decayed,decayedTrimpBefore
14765648151,0.45,,3295.0,4437.185851017481,1142.1858510174807,34.66421399142582,hardRunOrTrailRun,Stage 2 TRIMP fatigue REDI LOO,activity,0.4,linear,decayed,decayedTrimpBefore
14852373707,0.45,,2322.0,2152.730110000774,-169.26988999922605,-7.289831610647117,hardRunOrTrailRun,Stage 2 TRIMP fatigue REDI LOO,activity,0.4,linear,decayed,decayedTrimpBefore
14893241615,0.45,,2746.0,3727.3869648153586,981.3869648153586,35.7387824040553,hardRunOrTrailRun,Stage 2 TRIMP fatigue REDI LOO,activity,0.4,linear,decayed,decayedTrimpBefore
14953411411,0.45,,33087.0,27016.85416561507,-6070.14583438493,-18.346014550684348,hardRunOrTrailRun,Stage 2 TRIMP fatigue REDI LOO,activity,0.4,linear,decayed,decayedTrimpBefore
15007483824,0.45,,3314.0,4969.465741137377,1655.4657411373773,49.95370371567222,hardRunOrTrailRun,Stage 2 TRIMP fatigue REDI LOO,activity,0.4,linear,decayed,decayedTrimpBefore
15018253166,0.45,,30983.0,20104.21454952484,-10878.78545047516,-35.1121113206441,hardRunOrTrailRun,Stage 2 TRIMP fatigue REDI LOO,activity,0.4,linear,decayed,decayedTrimpBefore
15059995436,0.45,,7678.0,9964.15603706161,2286.15603706161,29.775410745788093,hardRunOrTrailRun,Stage 2 TRIMP fatigue REDI LOO,activity,0.4,linear,decayed,decayedTrimpBefore
15087396899,0.45,,11532.0,15951.248640939137,4419.248640939137,38.321614992535004,hardRunOrTrailRun,Stage 2 TRIMP fatigue REDI LOO,activity,0.4,linear,decayed,decayedTrimpBefore
15114097922,0.45,,33819.0,25511.899467978026,-8307.100532021974,-24.563412673414277,hardRunOrTrailRun,Stage 2 TRIMP fatigue REDI LOO,activity,0.4,linear,decayed,decayedTrimpBefore
15179557231,0.45,,33543.0,20036.922476104482,-13506.077523895518,-40.264965935949434,hardRunOrTrailRun,Stage 2 TRIMP fatigue REDI LOO,activity,0.4,linear,decayed,decayedTrimpBefore
15224440864,0.45,,6297.0,8992.058872878511,2695.0588728785115,42.799092788288256,hardRunOrTrailRun,Stage 2 TRIMP fatigue REDI LOO,activity,0.4,linear,decayed,decayedTrimpBefore
15250276952,0.45,,7979.0,12297.072543346487,4318.072543346487,54.11796645377224,hardRunOrTrailRun,Stage 2 TRIMP fatigue REDI LOO,activity,0.4,linear,decayed,decayedTrimpBefore
15310799882,0.45,,5452.0,7357.6561012006605,1905.6561012006605,34.953340080716444,hardRunOrTrailRun,Stage 2 TRIMP fatigue REDI LOO,activity,0.4,linear,decayed,decayedTrimpBefore
15329205386,0.45,,10390.0,11965.942594014941,1575.9425940149413,15.167878671943614,hardRunOrTrailRun,Stage 2 TRIMP fatigue REDI LOO,activity,0.4,linear,decayed,decayedTrimpBefore
15367390310,0.45,,3783.0,5455.587071674758,1672.5870716747577,44.21324535222727,hardRunOrTrailRun,Stage 2 TRIMP fatigue REDI LOO,activity,0.4,linear,decayed,decayedTrimpBefore
15424641872,0.45,,5476.0,5675.997286043262,199.99728604326174,3.6522513886643857,hardRunOrTrailRun,Stage 2 TRIMP fatigue REDI LOO,activity,0.4,linear,decayed,decayedTrimpBefore
15493651485,0.45,,4622.0,5633.387490145521,1011.387490145521,21.882031374849007,hardRunOrTrailRun,Stage 2 TRIMP fatigue REDI LOO,activity,0.4,linear,decayed,decayedTrimpBefore
15563904138,0.45,,42256.0,39761.959436240155,-2494.040563759845,-5.902216404202587,hardRunOrTrailRun,Stage 2 TRIMP fatigue REDI LOO,activity,0.4,linear,decayed,decayedTrimpBefore
15652573322,0.45,,3132.0,3867.087401922054,735.0874019220541,23.470223560729696,hardRunOrTrailRun,Stage 2 TRIMP fatigue REDI LOO,activity,0.4,linear,decayed,decayedTrimpBefore
15717135978,0.45,,14017.0,12968.409086258494,-1048.5909137415056,-7.480851207401766,hardRunOrTrailRun,Stage 2 TRIMP fatigue REDI LOO,activity,0.4,linear,decayed,decayedTrimpBefore
15756279445,0.45,,8201.0,8341.255537036735,140.2555370367354,1.7102248144950056,hardRunOrTrailRun,Stage 2 TRIMP fatigue REDI LOO,activity,0.4,linear,decayed,decayedTrimpBefore
15809536896,0.45,,6794.0,6997.9824226007695,203.9824226007695,3.0023906770793274,hardRunOrTrailRun,Stage 2 TRIMP fatigue REDI LOO,activity,0.4,linear,decayed,decayedTrimpBefore
15913800933,0.45,,3009.0,3711.8064060139477,702.8064060139477,23.356809771151468,hardRunOrTrailRun,Stage 2 TRIMP fatigue REDI LOO,activity,0.4,linear,decayed,decayedTrimpBefore
15923504065,0.45,,4057.0,4547.4788703372105,490.47887033721054,12.089693624284212,hardRunOrTrailRun,Stage 2 TRIMP fatigue REDI LOO,activity,0.4,linear,decayed,decayedTrimpBefore
15961811819,0.45,,2785.0,4570.283001392443,1785.283001392443,64.10351890098539,hardRunOrTrailRun,Stage 2 TRIMP fatigue REDI LOO,activity,0.4,linear,decayed,decayedTrimpBefore
16043688171,0.45,,7974.0,6296.628746532128,-1677.3712534678716,-21.03550606305332,hardRunOrTrailRun,Stage 2 TRIMP fatigue REDI LOO,activity,0.4,linear,decayed,decayedTrimpBefore
16043688538,0.45,,18442.0,15175.628943545746,-3266.3710564542544,-17.71158798641283,hardRunOrTrailRun,Stage 2 TRIMP fatigue REDI LOO,activity,0.4,linear,decayed,decayedTrimpBefore
16043688740,0.45,,28210.0,19963.1756671085,-8246.824332891501,-29.23369136083481,hardRunOrTrailRun,Stage 2 TRIMP fatigue REDI LOO,activity,0.4,linear,decayed,decayedTrimpBefore
16078947736,0.45,,2945.0,4835.461054520129,1890.4610545201294,64.1922259599365,hardRunOrTrailRun,Stage 2 TRIMP fatigue REDI LOO,activity,0.4,linear,decayed,decayedTrimpBefore
16106633286,0.45,,15404.0,11050.47468262068,-4353.525317379321,-28.262304059850173,hardRunOrTrailRun,Stage 2 TRIMP fatigue REDI LOO,activity,0.4,linear,decayed,decayedTrimpBefore
16121104478,0.45,,5582.0,7605.168107819197,2023.1681078191968,36.24450211069862,hardRunOrTrailRun,Stage 2 TRIMP fatigue REDI LOO,activity,0.4,linear,decayed,decayedTrimpBefore
16163570178,0.45,,3062.0,4634.70673445416,1572.7067344541601,51.36207493318615,hardRunOrTrailRun,Stage 2 TRIMP fatigue REDI LOO,activity,0.4,linear,decayed,decayedTrimpBefore
16183294852,0.45,,3140.0,5104.374410740538,1964.3744107405382,62.55969460957128,hardRunOrTrailRun,Stage 2 TRIMP fatigue REDI LOO,activity,0.4,linear,decayed,decayedTrimpBefore
16213470764,0.45,,6317.0,7197.217029509256,880.2170295092556,13.934098931601321,hardRunOrTrailRun,Stage 2 TRIMP fatigue REDI LOO,activity,0.4,linear,decayed,decayedTrimpBefore
16235724470,0.45,,3841.0,4871.785917351786,1030.7859173517863,26.83639461993716,hardRunOrTrailRun,Stage 2 TRIMP fatigue REDI LOO,activity,0.4,linear,decayed,decayedTrimpBefore
16251238864,0.45,,4467.0,4658.912456754856,191.91245675485607,4.29622692533817,hardRunOrTrailRun,Stage 2 TRIMP fatigue REDI LOO,activity,0.4,linear,decayed,decayedTrimpBefore
16262137158,0.45,,10091.0,8359.964551942028,-1731.0354480579717,-17.15425079831505,hardRunOrTrailRun,Stage 2 TRIMP fatigue REDI LOO,activity,0.4,linear,decayed,decayedTrimpBefore
16285738312,0.45,,3949.0,5602.310531559688,1653.3105315596877,41.86656195390447,hardRunOrTrailRun,Stage 2 TRIMP fatigue REDI LOO,activity,0.4,linear,decayed,decayedTrimpBefore
16325125849,0.45,,10638.0,13932.838488834153,3294.8384888341534,30.97234902081362,hardRunOrTrailRun,Stage 2 TRIMP fatigue REDI LOO,activity,0.4,linear,decayed,decayedTrimpBefore
16335274846,0.45,,8540.0,9529.732271003673,989.7322710036733,11.58937085484395,hardRunOrTrailRun,Stage 2 TRIMP fatigue REDI LOO,activity,0.4,linear,decayed,decayedTrimpBefore
16466621813,0.45,,7487.0,9036.22872653856,1549.2287265385603,20.69224958646401,hardRunOrTrailRun,Stage 2 TRIMP fatigue REDI LOO,activity,0.4,linear,decayed,decayedTrimpBefore
17383625132,0.45,,5217.0,7254.988380574559,2037.9883805745594,39.06437378904657,hardRunOrTrailRun,Stage 2 TRIMP fatigue REDI LOO,activity,0.4,linear,decayed,decayedTrimpBefore
17437915260,0.45,,2526.0,3857.5115461760347,1331.5115461760347,52.7122544012682,hardRunOrTrailRun,Stage 2 TRIMP fatigue REDI LOO,activity,0.4,linear,decayed,decayedTrimpBefore
17481444994,0.45,,12779.0,17051.623844764228,4272.623844764228,33.4347276372504,hardRunOrTrailRun,Stage 2 TRIMP fatigue REDI LOO,activity,0.4,linear,decayed,decayedTrimpBefore
17528738922,0.45,,2736.0,4374.2809866366215,1638.2809866366215,59.87869103204025,hardRunOrTrailRun,Stage 2 TRIMP fatigue REDI LOO,activity,0.4,linear,decayed,decayedTrimpBefore
17591239723,0.45,,4034.0,6773.285673381726,2739.285673381726,67.90494976156981,hardRunOrTrailRun,Stage 2 TRIMP fatigue REDI LOO,activity,0.4,linear,decayed,decayedTrimpBefore
17646695382,0.45,,7474.0,9953.343008373073,2479.3430083730727,33.17290618642056,hardRunOrTrailRun,Stage 2 TRIMP fatigue REDI LOO,activity,0.4,linear,decayed,decayedTrimpBefore
17815897198,0.45,,13634.0,17734.407020421793,4100.407020421793,30.074864459599482,hardRunOrTrailRun,Stage 2 TRIMP fatigue REDI LOO,activity,0.4,linear,decayed,decayedTrimpBefore
18160385145,0.45,,13509.0,14473.01696512671,964.0169651267097,7.136109002344434,hardRunOrTrailRun,Stage 2 TRIMP fatigue REDI LOO,activity,0.4,linear,decayed,decayedTrimpBefore
18223569115,0.45,,1879.0,2600.967480356214,721.9674803562139,38.422963297297166,hardRunOrTrailRun,Stage 2 TRIMP fatigue REDI LOO,activity,0.4,linear,decayed,decayedTrimpBefore
18516570001,0.45,,8382.0,7409.629966815769,-972.370033184231,-11.6006923548584,hardRunOrTrailRun,Stage 2 TRIMP fatigue REDI LOO,activity,0.4,linear,decayed,decayedTrimpBefore
11277623453,0.5,,1918.0,2564.976466877767,646.976466877767,33.73182830436742,hardRunOrTrailRun,Stage 3 HRR speed ratio decayed TRIMP linear LOO,activity,0.4,linear,decayed,decayedTrimpBefore
11387382620,0.5,,3148.0,3562.9703989847017,414.97039898470166,13.182033004596622,hardRunOrTrailRun,Stage 3 HRR speed ratio decayed TRIMP linear LOO,activity,0.4,linear,decayed,decayedTrimpBefore
11462693706,0.5,,3174.0,4256.159748064533,1082.1597480645332,34.094510020936774,hardRunOrTrailRun,Stage 3 HRR speed ratio decayed TRIMP linear LOO,activity,0.4,linear,decayed,decayedTrimpBefore
11562663514,0.5,,3229.0,4103.708024076889,874.7080240768892,27.08913050718145,hardRunOrTrailRun,Stage 3 HRR speed ratio decayed TRIMP linear LOO,activity,0.4,linear,decayed,decayedTrimpBefore
11587123521,0.5,,1887.0,2791.4153194678092,904.4153194678092,47.92873977041914,hardRunOrTrailRun,Stage 3 HRR speed ratio decayed TRIMP linear LOO,activity,0.4,linear,decayed,decayedTrimpBefore
11637384443,0.5,,3410.0,4615.55932436808,1205.5593243680796,35.35364587589676,hardRunOrTrailRun,Stage 3 HRR speed ratio decayed TRIMP linear LOO,activity,0.4,linear,decayed,decayedTrimpBefore
11704501213,0.5,,3874.0,5691.401709367612,1817.401709367612,46.91279580195179,hardRunOrTrailRun,Stage 3 HRR speed ratio decayed TRIMP linear LOO,activity,0.4,linear,decayed,decayedTrimpBefore
11730667820,0.5,,3369.0,4503.127820358995,1134.1278203589955,33.66363372986036,hardRunOrTrailRun,Stage 3 HRR speed ratio decayed TRIMP linear LOO,activity,0.4,linear,decayed,decayedTrimpBefore
11759480552,0.5,,5536.0,7868.5926650739,2332.5926650739,42.13498311188403,hardRunOrTrailRun,Stage 3 HRR speed ratio decayed TRIMP linear LOO,activity,0.4,linear,decayed,decayedTrimpBefore
11815743705,0.5,,3211.0,4753.488040093392,1542.4880400933916,48.03762192754256,hardRunOrTrailRun,Stage 3 HRR speed ratio decayed TRIMP linear LOO,activity,0.4,linear,decayed,decayedTrimpBefore
12000338229,0.5,,9824.0,11303.937827543852,1479.937827543852,15.06451371685517,hardRunOrTrailRun,Stage 3 HRR speed ratio decayed TRIMP linear LOO,activity,0.4,linear,decayed,decayedTrimpBefore
12033703768,0.5,,4341.0,5960.615042035834,1619.6150420358344,37.309722230726436,hardRunOrTrailRun,Stage 3 HRR speed ratio decayed TRIMP linear LOO,activity,0.4,linear,decayed,decayedTrimpBefore
12063923301,0.5,,3335.0,5582.177858313527,2247.1778583135274,67.38164492694236,hardRunOrTrailRun,Stage 3 HRR speed ratio decayed TRIMP linear LOO,activity,0.4,linear,decayed,decayedTrimpBefore
12122982163,0.5,,5150.0,5857.532846299887,707.5328462998868,13.738501869900716,hardRunOrTrailRun,Stage 3 HRR speed ratio decayed TRIMP linear LOO,activity,0.4,linear,decayed,decayedTrimpBefore
12147822484,0.5,,2076.0,3107.9603902879817,1031.9603902879817,49.70907467668505,hardRunOrTrailRun,Stage 3 HRR speed ratio decayed TRIMP linear LOO,activity,0.4,linear,decayed,decayedTrimpBefore
12177245147,0.5,,8181.0,10634.373002643091,2453.3730026430912,29.98866889919437,hardRunOrTrailRun,Stage 3 HRR speed ratio decayed TRIMP linear LOO,activity,0.4,linear,decayed,decayedTrimpBefore
12215183637,0.5,,2398.0,3397.1925470432093,999.1925470432093,41.66774591506294,hardRunOrTrailRun,Stage 3 HRR speed ratio decayed TRIMP linear LOO,activity,0.4,linear,decayed,decayedTrimpBefore
12231235107,0.5,,4474.0,5903.457743984793,1429.4577439847926,31.950329548162554,hardRunOrTrailRun,Stage 3 HRR speed ratio decayed TRIMP linear LOO,activity,0.4,linear,decayed,decayedTrimpBefore
12351986883,0.5,,2360.0,2301.729547299206,-58.27045270079407,-2.4690869788472063,hardRunOrTrailRun,Stage 3 HRR speed ratio decayed TRIMP linear LOO,activity,0.4,linear,decayed,decayedTrimpBefore
12368406803,0.5,,2107.0,2406.6857157370237,299.68571573702366,14.223337244282092,hardRunOrTrailRun,Stage 3 HRR speed ratio decayed TRIMP linear LOO,activity,0.4,linear,decayed,decayedTrimpBefore
12385954488,0.5,,2041.0,2306.235619012335,265.23561901233506,12.995375747787117,hardRunOrTrailRun,Stage 3 HRR speed ratio decayed TRIMP linear LOO,activity,0.4,linear,decayed,decayedTrimpBefore
12415493314,0.5,,3761.0,4244.943008783955,483.9430087839546,12.867402520179597,hardRunOrTrailRun,Stage 3 HRR speed ratio decayed TRIMP linear LOO,activity,0.4,linear,decayed,decayedTrimpBefore
12435526893,0.5,,2374.0,2963.1281518438345,589.1281518438345,24.81584464380095,hardRunOrTrailRun,Stage 3 HRR speed ratio decayed TRIMP linear LOO,activity,0.4,linear,decayed,decayedTrimpBefore
12453142102,0.5,,2902.0,3341.673008733246,439.6730087332462,15.150689480814824,hardRunOrTrailRun,Stage 3 HRR speed ratio decayed TRIMP linear LOO,activity,0.4,linear,decayed,decayedTrimpBefore
12469144311,0.5,,6714.0,7852.830399207086,1138.830399207086,16.962025606301548,hardRunOrTrailRun,Stage 3 HRR speed ratio decayed TRIMP linear LOO,activity,0.4,linear,decayed,decayedTrimpBefore
12532587467,0.5,,2807.0,3546.4890604279167,739.4890604279167,26.344462430634724,hardRunOrTrailRun,Stage 3 HRR speed ratio decayed TRIMP linear LOO,activity,0.4,linear,decayed,decayedTrimpBefore
12588932008,0.5,,17378.0,18285.338053519976,907.3380535199758,5.221188016572539,hardRunOrTrailRun,Stage 3 HRR speed ratio decayed TRIMP linear LOO,activity,0.4,linear,decayed,decayedTrimpBefore
12923277981,0.5,,2108.0,2382.7800021092644,274.7800021092644,13.035104464386357,hardRunOrTrailRun,Stage 3 HRR speed ratio decayed TRIMP linear LOO,activity,0.4,linear,decayed,decayedTrimpBefore
13024493247,0.5,,3462.0,3735.77677677594,273.7767767759401,7.908052477641251,hardRunOrTrailRun,Stage 3 HRR speed ratio decayed TRIMP linear LOO,activity,0.4,linear,decayed,decayedTrimpBefore
13066363809,0.5,,1923.0,2122.5083978547514,199.50839785475137,10.374851682514372,hardRunOrTrailRun,Stage 3 HRR speed ratio decayed TRIMP linear LOO,activity,0.4,linear,decayed,decayedTrimpBefore
13169655589,0.5,,1961.0,2405.619048527098,444.61904852709813,22.673077436364007,hardRunOrTrailRun,Stage 3 HRR speed ratio decayed TRIMP linear LOO,activity,0.4,linear,decayed,decayedTrimpBefore
13180970159,0.5,,1911.0,2432.865164540868,521.8651645408681,27.308485847245844,hardRunOrTrailRun,Stage 3 HRR speed ratio decayed TRIMP linear LOO,activity,0.4,linear,decayed,decayedTrimpBefore
13194703589,0.5,,1956.0,2550.6530113968693,594.6530113968693,30.40148320024894,hardRunOrTrailRun,Stage 3 HRR speed ratio decayed TRIMP linear LOO,activity,0.4,linear,decayed,decayedTrimpBefore
13602011720,0.5,,2276.0,2895.4909156939257,619.4909156939257,27.2184057862006,hardRunOrTrailRun,Stage 3 HRR speed ratio decayed TRIMP linear LOO,activity,0.4,linear,decayed,decayedTrimpBefore
13626651040,0.5,,2805.0,3750.967071822603,945.967071822603,33.724316286010804,hardRunOrTrailRun,Stage 3 HRR speed ratio decayed TRIMP linear LOO,activity,0.4,linear,decayed,decayedTrimpBefore
13688400233,0.5,,2363.0,3272.3910859732723,909.3910859732723,38.48459949103988,hardRunOrTrailRun,Stage 3 HRR speed ratio decayed TRIMP linear LOO,activity,0.4,linear,decayed,decayedTrimpBefore
13696739223,0.5,,5809.0,7372.254038285008,1563.2540382850084,26.910897543208957,hardRunOrTrailRun,Stage 3 HRR speed ratio decayed TRIMP linear LOO,activity,0.4,linear,decayed,decayedTrimpBefore
13725623458,0.5,,2081.0,3373.4061025203887,1292.4061025203887,62.1050505776256,hardRunOrTrailRun,Stage 3 HRR speed ratio decayed TRIMP linear LOO,activity,0.4,linear,decayed,decayedTrimpBefore
13798314040,0.5,,3877.0,5750.260999141477,1873.2609991414774,48.31728138100277,hardRunOrTrailRun,Stage 3 HRR speed ratio decayed TRIMP linear LOO,activity,0.4,linear,decayed,decayedTrimpBefore
13824163131,0.5,,3241.0,4095.154778122582,854.1547781225818,26.35466763722869,hardRunOrTrailRun,Stage 3 HRR speed ratio decayed TRIMP linear LOO,activity,0.4,linear,decayed,decayedTrimpBefore
13845021507,0.5,,2393.0,3790.1150982039812,1397.1150982039812,58.383414049476855,hardRunOrTrailRun,Stage 3 HRR speed ratio decayed TRIMP linear LOO,activity,0.4,linear,decayed,decayedTrimpBefore
13910406111,0.5,,2366.0,3153.9434492759833,787.9434492759833,33.30276624158848,hardRunOrTrailRun,Stage 3 HRR speed ratio decayed TRIMP linear LOO,activity,0.4,linear,decayed,decayedTrimpBefore
13947675380,0.5,,8133.0,11171.569309141292,3038.5693091412923,37.36098990706126,hardRunOrTrailRun,Stage 3 HRR speed ratio decayed TRIMP linear LOO,activity,0.4,linear,decayed,decayedTrimpBefore
14087416092,0.5,,15517.0,13313.404847227748,-2203.595152772252,-14.201167447137022,hardRunOrTrailRun,Stage 3 HRR speed ratio decayed TRIMP linear LOO,activity,0.4,linear,decayed,decayedTrimpBefore
14155390870,0.5,,5996.0,7210.934038383228,1214.9340383832277,20.26240891232868,hardRunOrTrailRun,Stage 3 HRR speed ratio decayed TRIMP linear LOO,activity,0.4,linear,decayed,decayedTrimpBefore
14243922808,0.5,,3758.0,4873.246416795839,1115.2464167958387,29.676594379878622,hardRunOrTrailRun,Stage 3 HRR speed ratio decayed TRIMP linear LOO,activity,0.4,linear,decayed,decayedTrimpBefore
14283547293,0.5,,1893.0,2610.565033434779,717.5650334347788,37.90623525804431,hardRunOrTrailRun,Stage 3 HRR speed ratio decayed TRIMP linear LOO,activity,0.4,linear,decayed,decayedTrimpBefore
14300194854,0.5,,10836.0,11780.468361927928,944.4683619279276,8.716024011885636,hardRunOrTrailRun,Stage 3 HRR speed ratio decayed TRIMP linear LOO,activity,0.4,linear,decayed,decayedTrimpBefore
14388179928,0.5,,3356.0,4067.4394818884643,711.4394818884643,21.199031045544228,hardRunOrTrailRun,Stage 3 HRR speed ratio decayed TRIMP linear LOO,activity,0.4,linear,decayed,decayedTrimpBefore
14511853016,0.5,,3409.0,3802.501214474695,393.5012144746952,11.543010104860523,hardRunOrTrailRun,Stage 3 HRR speed ratio decayed TRIMP linear LOO,activity,0.4,linear,decayed,decayedTrimpBefore
14531574734,0.5,,4250.0,5806.183063661829,1556.1830636618288,36.61607208616068,hardRunOrTrailRun,Stage 3 HRR speed ratio decayed TRIMP linear LOO,activity,0.4,linear,decayed,decayedTrimpBefore
14736619046,0.5,,7519.0,8443.564345135548,924.5643451355481,12.29637378821051,hardRunOrTrailRun,Stage 3 HRR speed ratio decayed TRIMP linear LOO,activity,0.4,linear,decayed,decayedTrimpBefore
14765648151,0.5,,3295.0,4089.2664238033367,794.2664238033367,24.10520254334861,hardRunOrTrailRun,Stage 3 HRR speed ratio decayed TRIMP linear LOO,activity,0.4,linear,decayed,decayedTrimpBefore
14852373707,0.5,,2322.0,1947.6726655897,-374.32733441029995,-16.120901568057707,hardRunOrTrailRun,Stage 3 HRR speed ratio decayed TRIMP linear LOO,activity,0.4,linear,decayed,decayedTrimpBefore
14893241615,0.5,,2746.0,3419.538382804191,673.5383828041909,24.52798189381613,hardRunOrTrailRun,Stage 3 HRR speed ratio decayed TRIMP linear LOO,activity,0.4,linear,decayed,decayedTrimpBefore
14953411411,0.55,,33087.0,25520.955216484603,-7566.044783515397,-22.86712238497113,hardRunOrTrailRun,Stage 3 HRR speed ratio decayed TRIMP linear LOO,activity,0.4,linear,decayed,decayedTrimpBefore
15007483824,0.5,,3314.0,4522.494018567671,1208.4940185676714,36.466325243442114,hardRunOrTrailRun,Stage 3 HRR speed ratio decayed TRIMP linear LOO,activity,0.4,linear,decayed,decayedTrimpBefore
15018253166,0.55,,30983.0,23645.441262288306,-7337.5587377116935,-23.682531509897988,hardRunOrTrailRun,Stage 3 HRR speed ratio decayed TRIMP linear LOO,activity,0.4,linear,decayed,decayedTrimpBefore
15059995436,0.5,,7678.0,10132.52964880148,2454.529648801479,31.968346559019007,hardRunOrTrailRun,Stage 3 HRR speed ratio decayed TRIMP linear LOO,activity,0.4,linear,decayed,decayedTrimpBefore
15087396899,0.5,,11532.0,14495.986368163085,2963.986368163085,25.702275131487035,hardRunOrTrailRun,Stage 3 HRR speed ratio decayed TRIMP linear LOO,activity,0.4,linear,decayed,decayedTrimpBefore
15114097922,0.55,,33819.0,28212.67793849582,-5606.322061504179,-16.577432985907862,hardRunOrTrailRun,Stage 3 HRR speed ratio decayed TRIMP linear LOO,activity,0.4,linear,decayed,decayedTrimpBefore
15179557231,0.5,,33543.0,34220.955805082776,677.9558050827764,2.0211543543594086,hardRunOrTrailRun,Stage 3 HRR speed ratio decayed TRIMP linear LOO,activity,0.4,linear,decayed,decayedTrimpBefore
15224440864,0.5,,6297.0,8306.43391390539,2009.43391390539,31.91097211220248,hardRunOrTrailRun,Stage 3 HRR speed ratio decayed TRIMP linear LOO,activity,0.4,linear,decayed,decayedTrimpBefore
15250276952,0.5,,7979.0,11109.709669852076,3130.7096698520763,39.23686765073413,hardRunOrTrailRun,Stage 3 HRR speed ratio decayed TRIMP linear LOO,activity,0.4,linear,decayed,decayedTrimpBefore
15310799882,0.5,,5452.0,6958.843088773953,1506.8430887739532,27.638354526301416,hardRunOrTrailRun,Stage 3 HRR speed ratio decayed TRIMP linear LOO,activity,0.4,linear,decayed,decayedTrimpBefore
15329205386,0.5,,10390.0,13175.797750035299,2785.797750035299,26.812297882919147,hardRunOrTrailRun,Stage 3 HRR speed ratio decayed TRIMP linear LOO,activity,0.4,linear,decayed,decayedTrimpBefore
15367390310,0.5,,3783.0,5138.699333986075,1355.6993339860746,35.83661998377147,hardRunOrTrailRun,Stage 3 HRR speed ratio decayed TRIMP linear LOO,activity,0.4,linear,decayed,decayedTrimpBefore
15424641872,0.5,,5476.0,6444.294195137822,968.2941951378216,17.68250904196168,hardRunOrTrailRun,Stage 3 HRR speed ratio decayed TRIMP linear LOO,activity,0.4,linear,decayed,decayedTrimpBefore
15493651485,0.5,,4622.0,5764.273903718164,1142.2739037181636,24.713844736437984,hardRunOrTrailRun,Stage 3 HRR speed ratio decayed TRIMP linear LOO,activity,0.4,linear,decayed,decayedTrimpBefore
15563904138,0.55,,42256.0,35838.888613893694,-6417.111386106306,-15.186272685787358,hardRunOrTrailRun,Stage 3 HRR speed ratio decayed TRIMP linear LOO,activity,0.4,linear,decayed,decayedTrimpBefore
15652573322,0.5,,3132.0,3485.701089590857,353.701089590857,11.293138237255972,hardRunOrTrailRun,Stage 3 HRR speed ratio decayed TRIMP linear LOO,activity,0.4,linear,decayed,decayedTrimpBefore
15717135978,0.5,,14017.0,14119.98281061845,102.98281061845046,0.7346993694688625,hardRunOrTrailRun,Stage 3 HRR speed ratio decayed TRIMP linear LOO,activity,0.4,linear,decayed,decayedTrimpBefore
15756279445,0.5,,8201.0,8958.108661885342,757.1086618853424,9.23190661974567,hardRunOrTrailRun,Stage 3 HRR speed ratio decayed TRIMP linear LOO,activity,0.4,linear,decayed,decayedTrimpBefore
15809536896,0.5,,6794.0,6541.547988199492,-252.45201180050844,-3.715808239630681,hardRunOrTrailRun,Stage 3 HRR speed ratio decayed TRIMP linear LOO,activity,0.4,linear,decayed,decayedTrimpBefore
15913800933,0.5,,3009.0,3499.32434374627,490.3243437462702,16.295259014498843,hardRunOrTrailRun,Stage 3 HRR speed ratio decayed TRIMP linear LOO,activity,0.4,linear,decayed,decayedTrimpBefore
15923504065,0.5,,4057.0,5506.394438928457,1449.394438928457,35.72576876826366,hardRunOrTrailRun,Stage 3 HRR speed ratio decayed TRIMP linear LOO,activity,0.4,linear,decayed,decayedTrimpBefore
15961811819,0.5,,2785.0,4113.254701253199,1328.2547012531986,47.693167010886846,hardRunOrTrailRun,Stage 3 HRR speed ratio decayed TRIMP linear LOO,activity,0.4,linear,decayed,decayedTrimpBefore
16043688171,0.5,,7974.0,8112.018708296844,138.01870829684412,1.7308591459348397,hardRunOrTrailRun,Stage 3 HRR speed ratio decayed TRIMP linear LOO,activity,0.4,linear,decayed,decayedTrimpBefore
16043688538,0.5,,18442.0,23957.14999864286,5515.149998642861,29.905379018777033,hardRunOrTrailRun,Stage 3 HRR speed ratio decayed TRIMP linear LOO,activity,0.4,linear,decayed,decayedTrimpBefore
16043688740,0.55,,28210.0,21595.027170429425,-6614.972829570575,-23.449035198761344,hardRunOrTrailRun,Stage 3 HRR speed ratio decayed TRIMP linear LOO,activity,0.4,linear,decayed,decayedTrimpBefore
16078947736,0.5,,2945.0,4579.826403860923,1634.8264038609232,55.51193221938618,hardRunOrTrailRun,Stage 3 HRR speed ratio decayed TRIMP linear LOO,activity,0.4,linear,decayed,decayedTrimpBefore
16106633286,0.5,,15404.0,16886.08642381584,1482.0864238158392,9.621438741988051,hardRunOrTrailRun,Stage 3 HRR speed ratio decayed TRIMP linear LOO,activity,0.4,linear,decayed,decayedTrimpBefore
16121104478,0.5,,5582.0,7445.213833640528,1863.2138336405278,33.37896513150355,hardRunOrTrailRun,Stage 3 HRR speed ratio decayed TRIMP linear LOO,activity,0.4,linear,decayed,decayedTrimpBefore
16163570178,0.5,,3062.0,4340.136309239866,1278.136309239866,41.74187815936858,hardRunOrTrailRun,Stage 3 HRR speed ratio decayed TRIMP linear LOO,activity,0.4,linear,decayed,decayedTrimpBefore
16183294852,0.5,,3140.0,4593.9369696664835,1453.9369696664835,46.30372514861412,hardRunOrTrailRun,Stage 3 HRR speed ratio decayed TRIMP linear LOO,activity,0.4,linear,decayed,decayedTrimpBefore
16213470764,0.5,,6317.0,7049.036821144533,732.036821144533,11.588361898757842,hardRunOrTrailRun,Stage 3 HRR speed ratio decayed TRIMP linear LOO,activity,0.4,linear,decayed,decayedTrimpBefore
16235724470,0.5,,3841.0,4755.358594358447,914.3585943584467,23.805222451404497,hardRunOrTrailRun,Stage 3 HRR speed ratio decayed TRIMP linear LOO,activity,0.4,linear,decayed,decayedTrimpBefore
16251238864,0.5,,4467.0,7240.867071061988,2773.867071061988,62.09686749635075,hardRunOrTrailRun,Stage 3 HRR speed ratio decayed TRIMP linear LOO,activity,0.4,linear,decayed,decayedTrimpBefore
16262137158,0.5,,10091.0,10213.0967821015,122.09678210150014,1.2099572104003582,hardRunOrTrailRun,Stage 3 HRR speed ratio decayed TRIMP linear LOO,activity,0.4,linear,decayed,decayedTrimpBefore
16285738312,0.5,,3949.0,5248.3257903969625,1299.3257903969625,32.902653593237844,hardRunOrTrailRun,Stage 3 HRR speed ratio decayed TRIMP linear LOO,activity,0.4,linear,decayed,decayedTrimpBefore
16325125849,0.5,,10638.0,12539.554639950737,1901.5546399507366,17.87511411873225,hardRunOrTrailRun,Stage 3 HRR speed ratio decayed TRIMP linear LOO,activity,0.4,linear,decayed,decayedTrimpBefore
16335274846,0.5,,8540.0,12741.027412978605,4201.027412978605,49.19235846579163,hardRunOrTrailRun,Stage 3 HRR speed ratio decayed TRIMP linear LOO,activity,0.4,linear,decayed,decayedTrimpBefore
16466621813,0.5,,7487.0,9012.006072855484,1525.0060728554836,20.368720086222567,hardRunOrTrailRun,Stage 3 HRR speed ratio decayed TRIMP linear LOO,activity,0.4,linear,decayed,decayedTrimpBefore
17383625132,0.5,,5217.0,6833.874738156195,1616.8747381561952,30.992423579762225,hardRunOrTrailRun,Stage 3 HRR speed ratio decayed TRIMP linear LOO,activity,0.4,linear,decayed,decayedTrimpBefore
17437915260,0.5,,2526.0,3700.402545643113,1174.4025456431132,46.492579004082074,hardRunOrTrailRun,Stage 3 HRR speed ratio decayed TRIMP linear LOO,activity,0.4,linear,decayed,decayedTrimpBefore
17481444994,0.5,,12779.0,15469.775153728611,2690.7751537286113,21.056226259712115,hardRunOrTrailRun,Stage 3 HRR speed ratio decayed TRIMP linear LOO,activity,0.4,linear,decayed,decayedTrimpBefore
17528738922,0.5,,2736.0,4002.342609822649,1266.3426098226491,46.28445211340092,hardRunOrTrailRun,Stage 3 HRR speed ratio decayed TRIMP linear LOO,activity,0.4,linear,decayed,decayedTrimpBefore
17591239723,0.5,,4034.0,6545.68881519056,2511.6888151905596,62.262985007202765,hardRunOrTrailRun,Stage 3 HRR speed ratio decayed TRIMP linear LOO,activity,0.4,linear,decayed,decayedTrimpBefore
17646695382,0.5,,7474.0,9478.62125882854,2004.6212588285398,26.821263832332615,hardRunOrTrailRun,Stage 3 HRR speed ratio decayed TRIMP linear LOO,activity,0.4,linear,decayed,decayedTrimpBefore
17815897198,0.5,,13634.0,16084.431112257265,2450.4311122572653,17.97294346675418,hardRunOrTrailRun,Stage 3 HRR speed ratio decayed TRIMP linear LOO,activity,0.4,linear,decayed,decayedTrimpBefore
18160385145,0.5,,13509.0,13189.05325092071,-319.9467490792904,-2.3683969877806677,hardRunOrTrailRun,Stage 3 HRR speed ratio decayed TRIMP linear LOO,activity,0.4,linear,decayed,decayedTrimpBefore
18223569115,0.5,,1879.0,2455.608926089598,576.6089260895978,30.687010435848737,hardRunOrTrailRun,Stage 3 HRR speed ratio decayed TRIMP linear LOO,activity,0.4,linear,decayed,decayedTrimpBefore
18516570001,0.5,,8382.0,9021.063613138296,639.0636131382962,7.6242378088558365,hardRunOrTrailRun,Stage 3 HRR speed ratio decayed TRIMP linear LOO,activity,0.4,linear,decayed,decayedTrimpBefore
11277623453,0.5,,1918.0,2564.784633121325,646.784633121325,33.72182654438608,hardRunOrTrailRun,Stage 3 HRR speed ratio decayed TRIMP exponential LOO,activity,0.4,exponential,decayed,decayedTrimpBefore
11387382620,0.5,,3148.0,3561.534769330235,413.5347693302351,13.136428504772399,hardRunOrTrailRun,Stage 3 HRR speed ratio decayed TRIMP exponential LOO,activity,0.4,exponential,decayed,decayedTrimpBefore
11462693706,0.5,,3174.0,4255.566643605174,1081.5666436051742,34.0758236800622,hardRunOrTrailRun,Stage 3 HRR speed ratio decayed TRIMP exponential LOO,activity,0.4,exponential,decayed,decayedTrimpBefore
11562663514,0.5,,3229.0,4103.128349246717,874.1283492467173,27.07117836007177,hardRunOrTrailRun,Stage 3 HRR speed ratio decayed TRIMP exponential LOO,activity,0.4,exponential,decayed,decayedTrimpBefore
11587123521,0.5,,1887.0,2791.0966807725886,904.0966807725886,47.91185377703172,hardRunOrTrailRun,Stage 3 HRR speed ratio decayed TRIMP exponential LOO,activity,0.4,exponential,decayed,decayedTrimpBefore
11637384443,0.5,,3410.0,4614.71566286955,1204.7156628695502,35.32890506948828,hardRunOrTrailRun,Stage 3 HRR speed ratio decayed TRIMP exponential LOO,activity,0.4,exponential,decayed,decayedTrimpBefore
11704501213,0.5,,3874.0,5690.333848494687,1816.3338484946871,46.885230988505086,hardRunOrTrailRun,Stage 3 HRR speed ratio decayed TRIMP exponential LOO,activity,0.4,exponential,decayed,decayedTrimpBefore
11730667820,0.5,,3369.0,4502.435808641726,1133.435808641726,33.64309316241395,hardRunOrTrailRun,Stage 3 HRR speed ratio decayed TRIMP exponential LOO,activity,0.4,exponential,decayed,decayedTrimpBefore
11759480552,0.5,,5536.0,7866.669292440959,2330.669292440959,42.100240109121366,hardRunOrTrailRun,Stage 3 HRR speed ratio decayed TRIMP exponential LOO,activity,0.4,exponential,decayed,decayedTrimpBefore
11815743705,0.5,,3211.0,4752.732037301523,1541.7320373015227,48.014077773326775,hardRunOrTrailRun,Stage 3 HRR speed ratio decayed TRIMP exponential LOO,activity,0.4,exponential,decayed,decayedTrimpBefore
12000338229,0.5,,9824.0,11298.326221366331,1474.326221366331,15.007392318468355,hardRunOrTrailRun,Stage 3 HRR speed ratio decayed TRIMP exponential LOO,activity,0.4,exponential,decayed,decayedTrimpBefore
12033703768,0.5,,4341.0,5959.79896506462,1618.7989650646196,37.2909229455107,hardRunOrTrailRun,Stage 3 HRR speed ratio decayed TRIMP exponential LOO,activity,0.4,exponential,decayed,decayedTrimpBefore
12063923301,0.5,,3335.0,5581.910997167533,2246.9109971675334,67.37364309347926,hardRunOrTrailRun,Stage 3 HRR speed ratio decayed TRIMP exponential LOO,activity,0.4,exponential,decayed,decayedTrimpBefore
12122982163,0.5,,5150.0,5855.613153492781,705.6131534927808,13.70122628141322,hardRunOrTrailRun,Stage 3 HRR speed ratio decayed TRIMP exponential LOO,activity,0.4,exponential,decayed,decayedTrimpBefore
12147822484,0.5,,2076.0,3107.48436595122,1031.4843659512198,49.686144795338144,hardRunOrTrailRun,Stage 3 HRR speed ratio decayed TRIMP exponential LOO,activity,0.4,exponential,decayed,decayedTrimpBefore
12177245147,0.5,,8181.0,10629.057635222576,2448.057635222576,29.923696800178174,hardRunOrTrailRun,Stage 3 HRR speed ratio decayed TRIMP exponential LOO,activity,0.4,exponential,decayed,decayedTrimpBefore
12215183637,0.5,,2398.0,3396.6051107071753,998.6051107071753,41.64324898695477,hardRunOrTrailRun,Stage 3 HRR speed ratio decayed TRIMP exponential LOO,activity,0.4,exponential,decayed,decayedTrimpBefore
12231235107,0.5,,4474.0,5901.712210893909,1427.7122108939093,31.911314503663597,hardRunOrTrailRun,Stage 3 HRR speed ratio decayed TRIMP exponential LOO,activity,0.4,exponential,decayed,decayedTrimpBefore
12351986883,0.5,,2360.0,2301.3964836760933,-58.60351632390666,-2.483199844233333,hardRunOrTrailRun,Stage 3 HRR speed ratio decayed TRIMP exponential LOO,activity,0.4,exponential,decayed,decayedTrimpBefore
12368406803,0.5,,2107.0,2406.49140661664,299.4914066166398,14.214115169275738,hardRunOrTrailRun,Stage 3 HRR speed ratio decayed TRIMP exponential LOO,activity,0.4,exponential,decayed,decayedTrimpBefore
12385954488,0.5,,2041.0,2305.9532586039445,264.9532586039445,12.981541332873322,hardRunOrTrailRun,Stage 3 HRR speed ratio decayed TRIMP exponential LOO,activity,0.4,exponential,decayed,decayedTrimpBefore
12415493314,0.5,,3761.0,4243.958968739299,482.95896873929905,12.841238200991734,hardRunOrTrailRun,Stage 3 HRR speed ratio decayed TRIMP exponential LOO,activity,0.4,exponential,decayed,decayedTrimpBefore
12435526893,0.5,,2374.0,2962.8226928179233,588.8226928179233,24.80297779350983,hardRunOrTrailRun,Stage 3 HRR speed ratio decayed TRIMP exponential LOO,activity,0.4,exponential,decayed,decayedTrimpBefore
12453142102,0.5,,2902.0,3341.0363748431596,439.0363748431596,15.128751717545127,hardRunOrTrailRun,Stage 3 HRR speed ratio decayed TRIMP exponential LOO,activity,0.4,exponential,decayed,decayedTrimpBefore
12469144311,0.5,,6714.0,7848.827084855401,1134.8270848554012,16.902399238239514,hardRunOrTrailRun,Stage 3 HRR speed ratio decayed TRIMP exponential LOO,activity,0.4,exponential,decayed,decayedTrimpBefore
12532587467,0.5,,2807.0,3545.8682711411257,738.8682711411257,26.322346674069312,hardRunOrTrailRun,Stage 3 HRR speed ratio decayed TRIMP exponential LOO,activity,0.4,exponential,decayed,decayedTrimpBefore
12588932008,0.5,,17378.0,18278.893196619978,900.893196619978,5.184101718379433,hardRunOrTrailRun,Stage 3 HRR speed ratio decayed TRIMP exponential LOO,activity,0.4,exponential,decayed,decayedTrimpBefore
12923277981,0.5,,2108.0,2382.330720772576,274.3307207725761,13.01379130799697,hardRunOrTrailRun,Stage 3 HRR speed ratio decayed TRIMP exponential LOO,activity,0.4,exponential,decayed,decayedTrimpBefore
13024493247,0.5,,3462.0,3734.8958535134075,272.8958535134075,7.882606976123843,hardRunOrTrailRun,Stage 3 HRR speed ratio decayed TRIMP exponential LOO,activity,0.4,exponential,decayed,decayedTrimpBefore
13066363809,0.5,,1923.0,2122.2682489882277,199.2682489882277,10.362363441925519,hardRunOrTrailRun,Stage 3 HRR speed ratio decayed TRIMP exponential LOO,activity,0.4,exponential,decayed,decayedTrimpBefore
13169655589,0.5,,1961.0,2405.4017955745835,444.4017955745835,22.66199875444077,hardRunOrTrailRun,Stage 3 HRR speed ratio decayed TRIMP exponential LOO,activity,0.4,exponential,decayed,decayedTrimpBefore
13180970159,0.5,,1911.0,2432.576302129528,521.5763021295279,27.293370074805228,hardRunOrTrailRun,Stage 3 HRR speed ratio decayed TRIMP exponential LOO,activity,0.4,exponential,decayed,decayedTrimpBefore
13194703589,0.5,,1956.0,2550.4596729477007,594.4596729477007,30.391598821457094,hardRunOrTrailRun,Stage 3 HRR speed ratio decayed TRIMP exponential LOO,activity,0.4,exponential,decayed,decayedTrimpBefore
13602011720,0.5,,2276.0,2895.00520229878,619.0052022987802,27.197065127362922,hardRunOrTrailRun,Stage 3 HRR speed ratio decayed TRIMP exponential LOO,activity,0.4,exponential,decayed,decayedTrimpBefore
13626651040,0.5,,2805.0,3750.3931146167356,945.3931146167356,33.70385435353781,hardRunOrTrailRun,Stage 3 HRR speed ratio decayed TRIMP exponential LOO,activity,0.4,exponential,decayed,decayedTrimpBefore
13688400233,0.5,,2363.0,3271.945588647366,908.9455886473661,38.46574645143318,hardRunOrTrailRun,Stage 3 HRR speed ratio decayed TRIMP exponential LOO,activity,0.4,exponential,decayed,decayedTrimpBefore
13696739223,0.5,,5809.0,7368.006349306562,1559.0063493065618,26.83777499236636,hardRunOrTrailRun,Stage 3 HRR speed ratio decayed TRIMP exponential LOO,activity,0.4,exponential,decayed,decayedTrimpBefore
13725623458,0.5,,2081.0,3373.062546055794,1292.062546055794,62.08854137702038,hardRunOrTrailRun,Stage 3 HRR speed ratio decayed TRIMP exponential LOO,activity,0.4,exponential,decayed,decayedTrimpBefore
13798314040,0.5,,3877.0,5749.902769208904,1872.902769208904,48.308041506548975,hardRunOrTrailRun,Stage 3 HRR speed ratio decayed TRIMP exponential LOO,activity,0.4,exponential,decayed,decayedTrimpBefore
13824163131,0.5,,3241.0,4094.21196519542,853.2119651954199,26.32557745126257,hardRunOrTrailRun,Stage 3 HRR speed ratio decayed TRIMP exponential LOO,activity,0.4,exponential,decayed,decayedTrimpBefore
13845021507,0.5,,2393.0,3789.706864383051,1396.7068643830512,58.36635455006483,hardRunOrTrailRun,Stage 3 HRR speed ratio decayed TRIMP exponential LOO,activity,0.4,exponential,decayed,decayedTrimpBefore
13910406111,0.5,,2366.0,3153.565488445379,787.5654884453788,33.28679156573875,hardRunOrTrailRun,Stage 3 HRR speed ratio decayed TRIMP exponential LOO,activity,0.4,exponential,decayed,decayedTrimpBefore
13947675380,0.5,,8133.0,11170.325942682346,3037.325942682346,37.345701987979176,hardRunOrTrailRun,Stage 3 HRR speed ratio decayed TRIMP exponential LOO,activity,0.4,exponential,decayed,decayedTrimpBefore
14087416092,0.5,,15517.0,13304.571484094275,-2212.4285159057254,-14.258094450639463,hardRunOrTrailRun,Stage 3 HRR speed ratio decayed TRIMP exponential LOO,activity,0.4,exponential,decayed,decayedTrimpBefore
14155390870,0.5,,5996.0,7207.549502266062,1211.5495022660616,20.20596234599836,hardRunOrTrailRun,Stage 3 HRR speed ratio decayed TRIMP exponential LOO,activity,0.4,exponential,decayed,decayedTrimpBefore
14243922808,0.5,,3758.0,4872.254224897372,1114.2542248973723,29.65019225378851,hardRunOrTrailRun,Stage 3 HRR speed ratio decayed TRIMP exponential LOO,activity,0.4,exponential,decayed,decayedTrimpBefore
14283547293,0.5,,1893.0,2610.3704093964925,717.3704093964925,37.89595400932343,hardRunOrTrailRun,Stage 3 HRR speed ratio decayed TRIMP exponential LOO,activity,0.4,exponential,decayed,decayedTrimpBefore
14300194854,0.5,,10836.0,11770.460850239382,934.4608502393821,8.623669714280012,hardRunOrTrailRun,Stage 3 HRR speed ratio decayed TRIMP exponential LOO,activity,0.4,exponential,decayed,decayedTrimpBefore
14388179928,0.5,,3356.0,4066.453670681668,710.453670681668,21.16965645654553,hardRunOrTrailRun,Stage 3 HRR speed ratio decayed TRIMP exponential LOO,activity,0.4,exponential,decayed,decayedTrimpBefore
14511853016,0.5,,3409.0,3801.638364811948,392.6383648119481,11.51769917312843,hardRunOrTrailRun,Stage 3 HRR speed ratio decayed TRIMP exponential LOO,activity,0.4,exponential,decayed,decayedTrimpBefore
14531574734,0.5,,4250.0,5805.685550293819,1555.6855502938188,36.60436588926632,hardRunOrTrailRun,Stage 3 HRR speed ratio decayed TRIMP exponential LOO,activity,0.4,exponential,decayed,decayedTrimpBefore
14736619046,0.5,,7519.0,8441.025671810998,922.0256718109977,12.262610344606964,hardRunOrTrailRun,Stage 3 HRR speed ratio decayed TRIMP exponential LOO,activity,0.4,exponential,decayed,decayedTrimpBefore
14765648151,0.5,,3295.0,4088.247747255946,793.2477472559458,24.07428671489972,hardRunOrTrailRun,Stage 3 HRR speed ratio decayed TRIMP exponential LOO,activity,0.4,exponential,decayed,decayedTrimpBefore
14852373707,0.5,,2322.0,1947.4261587444425,-374.57384125555745,-16.13151771126432,hardRunOrTrailRun,Stage 3 HRR speed ratio decayed TRIMP exponential LOO,activity,0.4,exponential,decayed,decayedTrimpBefore
14893241615,0.5,,2746.0,3418.8701076581865,672.8701076581865,24.50364558114299,hardRunOrTrailRun,Stage 3 HRR speed ratio decayed TRIMP exponential LOO,activity,0.4,exponential,decayed,decayedTrimpBefore
14953411411,0.55,,33087.0,25502.483391357,-7584.516608643,-22.922950429603773,hardRunOrTrailRun,Stage 3 HRR speed ratio decayed TRIMP exponential LOO,activity,0.4,exponential,decayed,decayedTrimpBefore
15007483824,0.5,,3314.0,4521.570440712523,1207.5704407125231,36.43845626772852,hardRunOrTrailRun,Stage 3 HRR speed ratio decayed TRIMP exponential LOO,activity,0.4,exponential,decayed,decayedTrimpBefore
15018253166,0.55,,30983.0,23632.940354879716,-7350.059645120284,-23.722879143789445,hardRunOrTrailRun,Stage 3 HRR speed ratio decayed TRIMP exponential LOO,activity,0.4,exponential,decayed,decayedTrimpBefore
15059995436,0.5,,7678.0,10129.859851029916,2451.859851029916,31.933574511981195,hardRunOrTrailRun,Stage 3 HRR speed ratio decayed TRIMP exponential LOO,activity,0.4,exponential,decayed,decayedTrimpBefore
15087396899,0.5,,11532.0,14486.969955763867,2954.969955763867,25.624089106519833,hardRunOrTrailRun,Stage 3 HRR speed ratio decayed TRIMP exponential LOO,activity,0.4,exponential,decayed,decayedTrimpBefore
15114097922,0.55,,33819.0,28198.73627950098,-5620.263720499021,-16.618657324282267,hardRunOrTrailRun,Stage 3 HRR speed ratio decayed TRIMP exponential LOO,activity,0.4,exponential,decayed,decayedTrimpBefore
15179557231,0.5,,33543.0,34212.207602857896,669.2076028578958,1.9950737944068684,hardRunOrTrailRun,Stage 3 HRR speed ratio decayed TRIMP exponential LOO,activity,0.4,exponential,decayed,decayedTrimpBefore
15224440864,0.5,,6297.0,8302.786692676356,2005.7866926763563,31.853052130798098,hardRunOrTrailRun,Stage 3 HRR speed ratio decayed TRIMP exponential LOO,activity,0.4,exponential,decayed,decayedTrimpBefore
15250276952,0.5,,7979.0,11105.92964395405,3126.9296439540503,39.18949296846786,hardRunOrTrailRun,Stage 3 HRR speed ratio decayed TRIMP exponential LOO,activity,0.4,exponential,decayed,decayedTrimpBefore
15310799882,0.5,,5452.0,6957.1967003970585,1505.1967003970585,27.608156647048027,hardRunOrTrailRun,Stage 3 HRR speed ratio decayed TRIMP exponential LOO,activity,0.4,exponential,decayed,decayedTrimpBefore
15329205386,0.5,,10390.0,13173.82763351857,2783.827633518569,26.793336222507886,hardRunOrTrailRun,Stage 3 HRR speed ratio decayed TRIMP exponential LOO,activity,0.4,exponential,decayed,decayedTrimpBefore
15367390310,0.5,,3783.0,5137.908627068137,1354.9086270681373,35.8157183998979,hardRunOrTrailRun,Stage 3 HRR speed ratio decayed TRIMP exponential LOO,activity,0.4,exponential,decayed,decayedTrimpBefore
15424641872,0.5,,5476.0,6443.409399712089,967.409399712089,17.666351346093663,hardRunOrTrailRun,Stage 3 HRR speed ratio decayed TRIMP exponential LOO,activity,0.4,exponential,decayed,decayedTrimpBefore
15493651485,0.5,,4622.0,5763.548975821858,1141.5489758218582,24.69816044616742,hardRunOrTrailRun,Stage 3 HRR speed ratio decayed TRIMP exponential LOO,activity,0.4,exponential,decayed,decayedTrimpBefore
15563904138,0.55,,42256.0,35798.75161250233,-6457.248387497668,-15.281258016607508,hardRunOrTrailRun,Stage 3 HRR speed ratio decayed TRIMP exponential LOO,activity,0.4,exponential,decayed,decayedTrimpBefore
15652573322,0.5,,3132.0,3484.7626945077855,352.76269450778545,11.26317670842227,hardRunOrTrailRun,Stage 3 HRR speed ratio decayed TRIMP exponential LOO,activity,0.4,exponential,decayed,decayedTrimpBefore
15717135978,0.5,,14017.0,14115.169692354639,98.16969235463876,0.7003616491020814,hardRunOrTrailRun,Stage 3 HRR speed ratio decayed TRIMP exponential LOO,activity,0.4,exponential,decayed,decayedTrimpBefore
15756279445,0.5,,8201.0,8956.19428220355,755.1942822035508,9.208563372802717,hardRunOrTrailRun,Stage 3 HRR speed ratio decayed TRIMP exponential LOO,activity,0.4,exponential,decayed,decayedTrimpBefore
15809536896,0.5,,6794.0,6533.894342249596,-260.10565775040413,-3.828461256261468,hardRunOrTrailRun,Stage 3 HRR speed ratio decayed TRIMP exponential LOO,activity,0.4,exponential,decayed,decayedTrimpBefore
15913800933,0.5,,3009.0,3498.344376157337,489.34437615733714,16.262691131849024,hardRunOrTrailRun,Stage 3 HRR speed ratio decayed TRIMP exponential LOO,activity,0.4,exponential,decayed,decayedTrimpBefore
15923504065,0.5,,4057.0,5505.996301623552,1448.9963016235524,35.715955179284016,hardRunOrTrailRun,Stage 3 HRR speed ratio decayed TRIMP exponential LOO,activity,0.4,exponential,decayed,decayedTrimpBefore
15961811819,0.5,,2785.0,4110.757532643679,1325.757532643679,47.603502069790984,hardRunOrTrailRun,Stage 3 HRR speed ratio decayed TRIMP exponential LOO,activity,0.4,exponential,decayed,decayedTrimpBefore
16043688171,0.5,,7974.0,8111.059440456484,137.05944045648357,1.7188292006080206,hardRunOrTrailRun,Stage 3 HRR speed ratio decayed TRIMP exponential LOO,activity,0.4,exponential,decayed,decayedTrimpBefore
16043688538,0.5,,18442.0,23953.895662472394,5511.895662472394,29.88773268882114,hardRunOrTrailRun,Stage 3 HRR speed ratio decayed TRIMP exponential LOO,activity,0.4,exponential,decayed,decayedTrimpBefore
16043688740,0.55,,28210.0,21585.59751737532,-6624.402482624679,-23.482461831352992,hardRunOrTrailRun,Stage 3 HRR speed ratio decayed TRIMP exponential LOO,activity,0.4,exponential,decayed,decayedTrimpBefore
16078947736,0.5,,2945.0,4579.078525442774,1634.0785254427738,55.48653736647788,hardRunOrTrailRun,Stage 3 HRR speed ratio decayed TRIMP exponential LOO,activity,0.4,exponential,decayed,decayedTrimpBefore
16106633286,0.5,,15404.0,16882.65186477216,1478.6518647721605,9.599142201844717,hardRunOrTrailRun,Stage 3 HRR speed ratio decayed TRIMP exponential LOO,activity,0.4,exponential,decayed,decayedTrimpBefore
16121104478,0.5,,5582.0,7443.553122615917,1861.5531226159173,33.34921394869074,hardRunOrTrailRun,Stage 3 HRR speed ratio decayed TRIMP exponential LOO,activity,0.4,exponential,decayed,decayedTrimpBefore
16163570178,0.5,,3062.0,4339.560395107313,1277.5603951073126,41.723069729174156,hardRunOrTrailRun,Stage 3 HRR speed ratio decayed TRIMP exponential LOO,activity,0.4,exponential,decayed,decayedTrimpBefore
16183294852,0.5,,3140.0,4592.093708093428,1452.0937080934282,46.245022550746114,hardRunOrTrailRun,Stage 3 HRR speed ratio decayed TRIMP exponential LOO,activity,0.4,exponential,decayed,decayedTrimpBefore
16213470764,0.5,,6317.0,7047.023144971861,730.0231449718613,11.556484802467331,hardRunOrTrailRun,Stage 3 HRR speed ratio decayed TRIMP exponential LOO,activity,0.4,exponential,decayed,decayedTrimpBefore
16235724470,0.5,,3841.0,4754.550587362517,913.550587362517,23.78418608077368,hardRunOrTrailRun,Stage 3 HRR speed ratio decayed TRIMP exponential LOO,activity,0.4,exponential,decayed,decayedTrimpBefore
16251238864,0.5,,4467.0,7239.6734658697405,2772.6734658697405,62.07014698611463,hardRunOrTrailRun,Stage 3 HRR speed ratio decayed TRIMP exponential LOO,activity,0.4,exponential,decayed,decayedTrimpBefore
16262137158,0.5,,10091.0,10210.293608307833,119.29360830783298,1.1821782609041025,hardRunOrTrailRun,Stage 3 HRR speed ratio decayed TRIMP exponential LOO,activity,0.4,exponential,decayed,decayedTrimpBefore
16285738312,0.5,,3949.0,5247.166414459173,1298.1664144591732,32.873294871085676,hardRunOrTrailRun,Stage 3 HRR speed ratio decayed TRIMP exponential LOO,activity,0.4,exponential,decayed,decayedTrimpBefore
16325125849,0.5,,10638.0,12532.55279984437,1894.5527998443704,17.80929497879649,hardRunOrTrailRun,Stage 3 HRR speed ratio decayed TRIMP exponential LOO,activity,0.4,exponential,decayed,decayedTrimpBefore
16335274846,0.5,,8540.0,12739.687587166069,4199.687587166069,49.17666963894694,hardRunOrTrailRun,Stage 3 HRR speed ratio decayed TRIMP exponential LOO,activity,0.4,exponential,decayed,decayedTrimpBefore
16466621813,0.5,,7487.0,9010.2046555288,1523.2046555287998,20.344659483488712,hardRunOrTrailRun,Stage 3 HRR speed ratio decayed TRIMP exponential LOO,activity,0.4,exponential,decayed,decayedTrimpBefore
17383625132,0.5,,5217.0,6832.085560781284,1615.0855607812837,30.95812844127437,hardRunOrTrailRun,Stage 3 HRR speed ratio decayed TRIMP exponential LOO,activity,0.4,exponential,decayed,decayedTrimpBefore
17437915260,0.5,,2526.0,3699.885819385691,1173.8858193856909,46.47212269935435,hardRunOrTrailRun,Stage 3 HRR speed ratio decayed TRIMP exponential LOO,activity,0.4,exponential,decayed,decayedTrimpBefore
17481444994,0.5,,12779.0,15461.98737327029,2682.987373270291,20.99528424188349,hardRunOrTrailRun,Stage 3 HRR speed ratio decayed TRIMP exponential LOO,activity,0.4,exponential,decayed,decayedTrimpBefore
17528738922,0.5,,2736.0,4001.643700370916,1265.6437003709161,46.25890717729957,hardRunOrTrailRun,Stage 3 HRR speed ratio decayed TRIMP exponential LOO,activity,0.4,exponential,decayed,decayedTrimpBefore
17591239723,0.5,,4034.0,6544.302070217052,2510.3020702170516,62.22860858247525,hardRunOrTrailRun,Stage 3 HRR speed ratio decayed TRIMP exponential LOO,activity,0.4,exponential,decayed,decayedTrimpBefore
17646695382,0.5,,7474.0,9476.431254642153,2002.4312546421534,26.791962197513424,hardRunOrTrailRun,Stage 3 HRR speed ratio decayed TRIMP exponential LOO,activity,0.4,exponential,decayed,decayedTrimpBefore
17815897198,0.5,,13634.0,16079.909093655891,2445.9090936558914,17.939776248026195,hardRunOrTrailRun,Stage 3 HRR speed ratio decayed TRIMP exponential LOO,activity,0.4,exponential,decayed,decayedTrimpBefore
18160385145,0.5,,13509.0,13181.131566000535,-327.8684339994652,-2.42703704196806,hardRunOrTrailRun,Stage 3 HRR speed ratio decayed TRIMP exponential LOO,activity,0.4,exponential,decayed,decayedTrimpBefore
18223569115,0.5,,1879.0,2455.3407633215616,576.3407633215616,30.67273886756581,hardRunOrTrailRun,Stage 3 HRR speed ratio decayed TRIMP exponential LOO,activity,0.4,exponential,decayed,decayedTrimpBefore
18516570001,0.5,,8382.0,9019.307224279324,637.3072242793241,7.6032835156206655,hardRunOrTrailRun,Stage 3 HRR speed ratio decayed TRIMP exponential LOO,activity,0.4,exponential,decayed,decayedTrimpBefore
11277623453,0.55,,1918.0,2324.3160989838802,406.31609898388024,21.184363867772692,hardRunOrTrailRun,Stage 3 HRR speed ratio cumulative TRIMP linear LOO,activity,0.2,linear,cumulative,cumTrimpBefore
11387382620,0.55,,3148.0,3208.5669756946572,60.56697569465723,1.9239827094872055,hardRunOrTrailRun,Stage 3 HRR speed ratio cumulative TRIMP linear LOO,activity,0.2,linear,cumulative,cumTrimpBefore
11462693706,0.55,,3174.0,3862.9157905055017,688.9157905055017,21.704971345478945,hardRunOrTrailRun,Stage 3 HRR speed ratio cumulative TRIMP linear LOO,activity,0.2,linear,cumulative,cumTrimpBefore
11562663514,0.55,,3229.0,3722.833347106557,493.8333471065571,15.293693004229084,hardRunOrTrailRun,Stage 3 HRR speed ratio cumulative TRIMP linear LOO,activity,0.2,linear,cumulative,cumTrimpBefore
11587123521,0.55,,1887.0,2528.3827186281437,641.3827186281437,33.98954523731551,hardRunOrTrailRun,Stage 3 HRR speed ratio cumulative TRIMP linear LOO,activity,0.2,linear,cumulative,cumTrimpBefore
11637384443,0.55,,3410.0,4193.152945374793,783.1529453747926,22.966362034451397,hardRunOrTrailRun,Stage 3 HRR speed ratio cumulative TRIMP linear LOO,activity,0.2,linear,cumulative,cumTrimpBefore
11704501213,0.55,,3874.0,5174.575331941069,1300.5753319410687,33.57189808830843,hardRunOrTrailRun,Stage 3 HRR speed ratio cumulative TRIMP linear LOO,activity,0.2,linear,cumulative,cumTrimpBefore
11730667820,0.55,,3369.0,4087.2173423188065,718.2173423188065,21.318413247812597,hardRunOrTrailRun,Stage 3 HRR speed ratio cumulative TRIMP linear LOO,activity,0.2,linear,cumulative,cumTrimpBefore
11759480552,0.55,,5536.0,7200.220069152184,1664.220069152184,30.06177870578367,hardRunOrTrailRun,Stage 3 HRR speed ratio cumulative TRIMP linear LOO,activity,0.2,linear,cumulative,cumTrimpBefore
11815743705,0.55,,3211.0,4316.108744513169,1105.1087445131689,34.41634209010181,hardRunOrTrailRun,Stage 3 HRR speed ratio cumulative TRIMP linear LOO,activity,0.2,linear,cumulative,cumTrimpBefore
12000338229,0.55,,9824.0,10547.183182927647,723.1831829276471,7.361392334361229,hardRunOrTrailRun,Stage 3 HRR speed ratio cumulative TRIMP linear LOO,activity,0.2,linear,cumulative,cumTrimpBefore
12033703768,0.55,,4341.0,5417.58146968154,1076.5814696815396,24.800310289830442,hardRunOrTrailRun,Stage 3 HRR speed ratio cumulative TRIMP linear LOO,activity,0.2,linear,cumulative,cumTrimpBefore
12063923301,0.55,,3335.0,5067.66827834344,1732.6682783434399,51.95407131464588,hardRunOrTrailRun,Stage 3 HRR speed ratio cumulative TRIMP linear LOO,activity,0.2,linear,cumulative,cumTrimpBefore
12122982163,0.55,,5150.0,5342.011767865649,192.01176786564884,3.728383842051434,hardRunOrTrailRun,Stage 3 HRR speed ratio cumulative TRIMP linear LOO,activity,0.2,linear,cumulative,cumTrimpBefore
12147822484,0.55,,2076.0,2814.236045005277,738.236045005277,35.56050313127538,hardRunOrTrailRun,Stage 3 HRR speed ratio cumulative TRIMP linear LOO,activity,0.2,linear,cumulative,cumTrimpBefore
12177245147,0.55,,8181.0,9872.451846544362,1691.4518465443616,20.675367883441652,hardRunOrTrailRun,Stage 3 HRR speed ratio cumulative TRIMP linear LOO,activity,0.2,linear,cumulative,cumTrimpBefore
12215183637,0.55,,2398.0,3075.736344870618,677.7363448706178,28.26256650836605,hardRunOrTrailRun,Stage 3 HRR speed ratio cumulative TRIMP linear LOO,activity,0.2,linear,cumulative,cumTrimpBefore
12231235107,0.55,,4474.0,5376.33636740263,902.3363674026295,20.168448086782064,hardRunOrTrailRun,Stage 3 HRR speed ratio cumulative TRIMP linear LOO,activity,0.2,linear,cumulative,cumTrimpBefore
12351986883,0.55,,2360.0,2083.114418147991,-276.8855818520092,-11.73243990898344,hardRunOrTrailRun,Stage 3 HRR speed ratio cumulative TRIMP linear LOO,activity,0.2,linear,cumulative,cumTrimpBefore
12368406803,0.55,,2107.0,2180.475483914088,73.47548391408782,3.4872085388746,hardRunOrTrailRun,Stage 3 HRR speed ratio cumulative TRIMP linear LOO,activity,0.2,linear,cumulative,cumTrimpBefore
12385954488,0.55,,2041.0,2087.9765659703307,46.97656597033074,2.301644584533598,hardRunOrTrailRun,Stage 3 HRR speed ratio cumulative TRIMP linear LOO,activity,0.2,linear,cumulative,cumTrimpBefore
12415493314,0.55,,3761.0,3855.6895940928234,94.68959409282343,2.5176706751614844,hardRunOrTrailRun,Stage 3 HRR speed ratio cumulative TRIMP linear LOO,activity,0.2,linear,cumulative,cumTrimpBefore
12435526893,0.55,,2374.0,2685.473842158359,311.4738421583588,13.1202123908323,hardRunOrTrailRun,Stage 3 HRR speed ratio cumulative TRIMP linear LOO,activity,0.2,linear,cumulative,cumTrimpBefore
12453142102,0.55,,2902.0,3027.6564023709543,125.65640237095431,4.32999318990194,hardRunOrTrailRun,Stage 3 HRR speed ratio cumulative TRIMP linear LOO,activity,0.2,linear,cumulative,cumTrimpBefore
12469144311,0.55,,6714.0,7231.323779436298,517.3237794362976,7.705150125652333,hardRunOrTrailRun,Stage 3 HRR speed ratio cumulative TRIMP linear LOO,activity,0.2,linear,cumulative,cumTrimpBefore
12532587467,0.55,,2807.0,3213.2790986437462,406.27909864374624,14.4737833503294,hardRunOrTrailRun,Stage 3 HRR speed ratio cumulative TRIMP linear LOO,activity,0.2,linear,cumulative,cumTrimpBefore
12588932008,0.55,,17378.0,17423.266289219777,45.26628921977681,0.26048043054308206,hardRunOrTrailRun,Stage 3 HRR speed ratio cumulative TRIMP linear LOO,activity,0.2,linear,cumulative,cumTrimpBefore
12923277981,0.55,,2108.0,2151.710743220956,43.71074322095592,2.0735646689258025,hardRunOrTrailRun,Stage 3 HRR speed ratio cumulative TRIMP linear LOO,activity,0.2,linear,cumulative,cumTrimpBefore
13024493247,0.55,,3462.0,3379.4189638830517,-82.58103611694833,-2.3853563292012803,hardRunOrTrailRun,Stage 3 HRR speed ratio cumulative TRIMP linear LOO,activity,0.2,linear,cumulative,cumTrimpBefore
13066363809,0.55,,1923.0,1921.1706059910925,-1.8293940089074567,-0.09513229375493795,hardRunOrTrailRun,Stage 3 HRR speed ratio cumulative TRIMP linear LOO,activity,0.2,linear,cumulative,cumTrimpBefore
13169655589,0.55,,1961.0,2179.3865858591384,218.38658585913845,11.13649086482093,hardRunOrTrailRun,Stage 3 HRR speed ratio cumulative TRIMP linear LOO,activity,0.2,linear,cumulative,cumTrimpBefore
13180970159,0.55,,1911.0,2202.6904088696597,291.6904088696597,15.263757659322852,hardRunOrTrailRun,Stage 3 HRR speed ratio cumulative TRIMP linear LOO,activity,0.2,linear,cumulative,cumTrimpBefore
13194703589,0.55,,1956.0,2311.467978328517,355.4679783285169,18.173209525997798,hardRunOrTrailRun,Stage 3 HRR speed ratio cumulative TRIMP linear LOO,activity,0.2,linear,cumulative,cumTrimpBefore
13602011720,0.55,,2276.0,2621.6902452318664,345.69024523186636,15.188499351136484,hardRunOrTrailRun,Stage 3 HRR speed ratio cumulative TRIMP linear LOO,activity,0.2,linear,cumulative,cumTrimpBefore
13626651040,0.55,,2805.0,3402.676046222333,597.6760462223328,21.30752392949493,hardRunOrTrailRun,Stage 3 HRR speed ratio cumulative TRIMP linear LOO,activity,0.2,linear,cumulative,cumTrimpBefore
13688400233,0.55,,2363.0,2965.3786089550067,602.3786089550067,25.492112101354497,hardRunOrTrailRun,Stage 3 HRR speed ratio cumulative TRIMP linear LOO,activity,0.2,linear,cumulative,cumTrimpBefore
13696739223,0.55,,5809.0,6695.328073985638,886.3280739856382,15.257842554409335,hardRunOrTrailRun,Stage 3 HRR speed ratio cumulative TRIMP linear LOO,activity,0.2,linear,cumulative,cumTrimpBefore
13725623458,0.55,,2081.0,3057.0662131683707,976.0662131683707,46.90371038771603,hardRunOrTrailRun,Stage 3 HRR speed ratio cumulative TRIMP linear LOO,activity,0.2,linear,cumulative,cumTrimpBefore
13798314040,0.55,,3877.0,5223.1087066162045,1346.1087066162045,34.72036901254074,hardRunOrTrailRun,Stage 3 HRR speed ratio cumulative TRIMP linear LOO,activity,0.2,linear,cumulative,cumTrimpBefore
13824163131,0.55,,3241.0,3704.647478220905,463.6474782209052,14.305692015455268,hardRunOrTrailRun,Stage 3 HRR speed ratio cumulative TRIMP linear LOO,activity,0.2,linear,cumulative,cumTrimpBefore
13845021507,0.55,,2393.0,3435.7311622432144,1042.7311622432144,43.57422324459734,hardRunOrTrailRun,Stage 3 HRR speed ratio cumulative TRIMP linear LOO,activity,0.2,linear,cumulative,cumTrimpBefore
13910406111,0.55,,2366.0,2858.955677050304,492.9556770503041,20.834982123850555,hardRunOrTrailRun,Stage 3 HRR speed ratio cumulative TRIMP linear LOO,activity,0.2,linear,cumulative,cumTrimpBefore
13947675380,0.55,,8133.0,10263.357619750375,2130.3576197503753,26.193995078696364,hardRunOrTrailRun,Stage 3 HRR speed ratio cumulative TRIMP linear LOO,activity,0.2,linear,cumulative,cumTrimpBefore
14087416092,0.55,,15517.0,12379.465492779604,-3137.5345072203963,-20.219981357352555,hardRunOrTrailRun,Stage 3 HRR speed ratio cumulative TRIMP linear LOO,activity,0.2,linear,cumulative,cumTrimpBefore
14155390870,0.55,,5996.0,6551.387006161427,555.387006161427,9.262625186147883,hardRunOrTrailRun,Stage 3 HRR speed ratio cumulative TRIMP linear LOO,activity,0.2,linear,cumulative,cumTrimpBefore
14243922808,0.55,,3758.0,4427.802380691405,669.8023806914052,17.823373621378533,hardRunOrTrailRun,Stage 3 HRR speed ratio cumulative TRIMP linear LOO,activity,0.2,linear,cumulative,cumTrimpBefore
14283547293,0.55,,1893.0,2366.1956914428883,473.19569144288835,24.997131085202764,hardRunOrTrailRun,Stage 3 HRR speed ratio cumulative TRIMP linear LOO,activity,0.2,linear,cumulative,cumTrimpBefore
14300194854,0.55,,10836.0,10977.878262934782,141.87826293478247,1.3093232090696056,hardRunOrTrailRun,Stage 3 HRR speed ratio cumulative TRIMP linear LOO,activity,0.2,linear,cumulative,cumTrimpBefore
14388179928,0.55,,3356.0,3681.9775658233943,325.97756582339434,9.713276693188151,hardRunOrTrailRun,Stage 3 HRR speed ratio cumulative TRIMP linear LOO,activity,0.2,linear,cumulative,cumTrimpBefore
14511853016,0.55,,3409.0,3442.096402929509,33.09640292950917,0.9708537086978343,hardRunOrTrailRun,Stage 3 HRR speed ratio cumulative TRIMP linear LOO,activity,0.2,linear,cumulative,cumTrimpBefore
14531574734,0.55,,4250.0,5282.462982286933,1032.4629822869329,24.293246642045478,hardRunOrTrailRun,Stage 3 HRR speed ratio cumulative TRIMP linear LOO,activity,0.2,linear,cumulative,cumTrimpBefore
14736619046,0.55,,7519.0,7716.058452410869,197.058452410869,2.620806655284865,hardRunOrTrailRun,Stage 3 HRR speed ratio cumulative TRIMP linear LOO,activity,0.2,linear,cumulative,cumTrimpBefore
14765648151,0.55,,3295.0,3705.41523715305,410.41523715304993,12.45569763742185,hardRunOrTrailRun,Stage 3 HRR speed ratio cumulative TRIMP linear LOO,activity,0.2,linear,cumulative,cumTrimpBefore
14852373707,0.55,,2322.0,1761.6956797001953,-560.3043202998047,-24.130246352274103,hardRunOrTrailRun,Stage 3 HRR speed ratio cumulative TRIMP linear LOO,activity,0.2,linear,cumulative,cumTrimpBefore
14893241615,0.55,,2746.0,3094.3439532959856,348.34395329598556,12.685504490021323,hardRunOrTrailRun,Stage 3 HRR speed ratio cumulative TRIMP linear LOO,activity,0.2,linear,cumulative,cumTrimpBefore
14953411411,0.55,,33087.0,28439.47491941908,-4647.525080580919,-14.046377974977844,hardRunOrTrailRun,Stage 3 HRR speed ratio cumulative TRIMP linear LOO,activity,0.2,linear,cumulative,cumTrimpBefore
15007483824,0.55,,3314.0,4098.75407944835,784.7540794483502,23.67996618733706,hardRunOrTrailRun,Stage 3 HRR speed ratio cumulative TRIMP linear LOO,activity,0.2,linear,cumulative,cumTrimpBefore
15018253166,0.55,,30983.0,24142.00706575151,-6840.99293424849,-22.07982743520153,hardRunOrTrailRun,Stage 3 HRR speed ratio cumulative TRIMP linear LOO,activity,0.2,linear,cumulative,cumTrimpBefore
15059995436,0.55,,7678.0,9247.313272614956,1569.313272614956,20.43908924999943,hardRunOrTrailRun,Stage 3 HRR speed ratio cumulative TRIMP linear LOO,activity,0.2,linear,cumulative,cumTrimpBefore
15087396899,0.55,,11532.0,13572.727323768426,2040.7273237684258,17.696213352136887,hardRunOrTrailRun,Stage 3 HRR speed ratio cumulative TRIMP linear LOO,activity,0.2,linear,cumulative,cumTrimpBefore
15114097922,0.55,,33819.0,29046.913585290207,-4772.086414709793,-14.110666828439022,hardRunOrTrailRun,Stage 3 HRR speed ratio cumulative TRIMP linear LOO,activity,0.2,linear,cumulative,cumTrimpBefore
15179557231,0.55,,33543.0,31512.221718684283,-2030.7782813157173,-6.054253588873141,hardRunOrTrailRun,Stage 3 HRR speed ratio cumulative TRIMP linear LOO,activity,0.2,linear,cumulative,cumTrimpBefore
15224440864,0.55,,6297.0,7578.779947353648,1281.779947353648,20.355406500772556,hardRunOrTrailRun,Stage 3 HRR speed ratio cumulative TRIMP linear LOO,activity,0.2,linear,cumulative,cumTrimpBefore
15250276952,0.55,,7979.0,10319.996356577352,2340.9963565773523,29.339470567456477,hardRunOrTrailRun,Stage 3 HRR speed ratio cumulative TRIMP linear LOO,activity,0.2,linear,cumulative,cumTrimpBefore
15310799882,0.55,,5452.0,6353.159093697755,901.1590936977555,16.528963567456998,hardRunOrTrailRun,Stage 3 HRR speed ratio cumulative TRIMP linear LOO,activity,0.2,linear,cumulative,cumTrimpBefore
15329205386,0.55,,10390.0,12143.336712522494,1753.336712522494,16.875233036790124,hardRunOrTrailRun,Stage 3 HRR speed ratio cumulative TRIMP linear LOO,activity,0.2,linear,cumulative,cumTrimpBefore
15367390310,0.55,,3783.0,4670.74122659636,887.7412265963603,23.46659335438436,hardRunOrTrailRun,Stage 3 HRR speed ratio cumulative TRIMP linear LOO,activity,0.2,linear,cumulative,cumTrimpBefore
15424641872,0.55,,5476.0,5869.980874262489,393.9808742624891,7.194683605962182,hardRunOrTrailRun,Stage 3 HRR speed ratio cumulative TRIMP linear LOO,activity,0.2,linear,cumulative,cumTrimpBefore
15493651485,0.55,,4622.0,5248.362846424609,626.3628464246094,13.551770801051696,hardRunOrTrailRun,Stage 3 HRR speed ratio cumulative TRIMP linear LOO,activity,0.2,linear,cumulative,cumTrimpBefore
15563904138,0.6,,42256.0,49179.66893541007,6923.668935410067,16.385055223897357,hardRunOrTrailRun,Stage 3 HRR speed ratio cumulative TRIMP linear LOO,activity,0.4,linear,cumulative,cumTrimpBefore
15652573322,0.55,,3132.0,3151.391641083511,19.391641083510876,0.6191456284645873,hardRunOrTrailRun,Stage 3 HRR speed ratio cumulative TRIMP linear LOO,activity,0.2,linear,cumulative,cumTrimpBefore
15717135978,0.55,,14017.0,13006.202927161756,-1010.7970728382443,-7.211222607107399,hardRunOrTrailRun,Stage 3 HRR speed ratio cumulative TRIMP linear LOO,activity,0.2,linear,cumulative,cumTrimpBefore
15756279445,0.55,,8201.0,8175.927126736653,-25.07287326334699,-0.30572946303313003,hardRunOrTrailRun,Stage 3 HRR speed ratio cumulative TRIMP linear LOO,activity,0.2,linear,cumulative,cumTrimpBefore
15809536896,0.55,,6794.0,5887.102058036883,-906.8979419631169,-13.348512539934013,hardRunOrTrailRun,Stage 3 HRR speed ratio cumulative TRIMP linear LOO,activity,0.2,linear,cumulative,cumTrimpBefore
15913800933,0.55,,3009.0,3162.4608936634427,153.46089366344268,5.1000629333148115,hardRunOrTrailRun,Stage 3 HRR speed ratio cumulative TRIMP linear LOO,activity,0.2,linear,cumulative,cumTrimpBefore
15923504065,0.55,,4057.0,5007.013165261693,950.0131652616928,23.416641983280574,hardRunOrTrailRun,Stage 3 HRR speed ratio cumulative TRIMP linear LOO,activity,0.2,linear,cumulative,cumTrimpBefore
15961811819,0.55,,2785.0,3693.261351500138,908.2613515001381,32.61261585278773,hardRunOrTrailRun,Stage 3 HRR speed ratio cumulative TRIMP linear LOO,activity,0.2,linear,cumulative,cumTrimpBefore
16043688171,0.55,,7974.0,7396.431813608591,-577.5681863914087,-7.243142543157872,hardRunOrTrailRun,Stage 3 HRR speed ratio cumulative TRIMP linear LOO,activity,0.2,linear,cumulative,cumTrimpBefore
16043688538,0.55,,18442.0,21977.04354275168,3535.0435427516786,19.16843912130831,hardRunOrTrailRun,Stage 3 HRR speed ratio cumulative TRIMP linear LOO,activity,0.2,linear,cumulative,cumTrimpBefore
16043688740,0.55,,28210.0,22664.441283872737,-5545.558716127263,-19.6581308618478,hardRunOrTrailRun,Stage 3 HRR speed ratio cumulative TRIMP linear LOO,activity,0.2,linear,cumulative,cumTrimpBefore
16078947736,0.55,,2945.0,4154.793151753601,1209.7931517536008,41.07956372677762,hardRunOrTrailRun,Stage 3 HRR speed ratio cumulative TRIMP linear LOO,activity,0.2,linear,cumulative,cumTrimpBefore
16106633286,0.55,,15404.0,15422.243681937076,18.243681937075962,0.11843470486286654,hardRunOrTrailRun,Stage 3 HRR speed ratio cumulative TRIMP linear LOO,activity,0.2,linear,cumulative,cumTrimpBefore
16121104478,0.55,,5582.0,6772.336793283407,1190.3367932834071,21.324557385944235,hardRunOrTrailRun,Stage 3 HRR speed ratio cumulative TRIMP linear LOO,activity,0.2,linear,cumulative,cumTrimpBefore
16163570178,0.55,,3062.0,3940.1408710281785,878.1408710281785,28.678669857223333,hardRunOrTrailRun,Stage 3 HRR speed ratio cumulative TRIMP linear LOO,activity,0.2,linear,cumulative,cumTrimpBefore
16183294852,0.55,,3140.0,4160.967904344894,1020.9679043448941,32.51490141225777,hardRunOrTrailRun,Stage 3 HRR speed ratio cumulative TRIMP linear LOO,activity,0.2,linear,cumulative,cumTrimpBefore
16213470764,0.55,,6317.0,6428.278984499626,111.27898449962595,1.7615796184838681,hardRunOrTrailRun,Stage 3 HRR speed ratio cumulative TRIMP linear LOO,activity,0.2,linear,cumulative,cumTrimpBefore
16235724470,0.55,,3841.0,4320.594749330436,479.59474933043566,12.486194983869712,hardRunOrTrailRun,Stage 3 HRR speed ratio cumulative TRIMP linear LOO,activity,0.2,linear,cumulative,cumTrimpBefore
16251238864,0.55,,4467.0,6558.967520146622,2091.9675201466216,46.8315988391901,hardRunOrTrailRun,Stage 3 HRR speed ratio cumulative TRIMP linear LOO,activity,0.2,linear,cumulative,cumTrimpBefore
16262137158,0.55,,10091.0,9311.275823575428,-779.7241764245719,-7.726926730993676,hardRunOrTrailRun,Stage 3 HRR speed ratio cumulative TRIMP linear LOO,activity,0.2,linear,cumulative,cumTrimpBefore
16285738312,0.55,,3949.0,4777.768780970507,828.7687809705067,20.986801240073603,hardRunOrTrailRun,Stage 3 HRR speed ratio cumulative TRIMP linear LOO,activity,0.2,linear,cumulative,cumTrimpBefore
16325125849,0.55,,10638.0,11831.194602014237,1193.1946020142368,11.21634331654669,hardRunOrTrailRun,Stage 3 HRR speed ratio cumulative TRIMP linear LOO,activity,0.2,linear,cumulative,cumTrimpBefore
16335274846,0.55,,8540.0,11642.715549352599,3102.715549352599,36.3315638097494,hardRunOrTrailRun,Stage 3 HRR speed ratio cumulative TRIMP linear LOO,activity,0.2,linear,cumulative,cumTrimpBefore
16466621813,0.55,,7487.0,8288.62678371017,801.6267837101695,10.706915770137165,hardRunOrTrailRun,Stage 3 HRR speed ratio cumulative TRIMP linear LOO,activity,0.2,linear,cumulative,cumTrimpBefore
17383625132,0.55,,5217.0,6214.4561064815025,997.4561064815025,19.119342658261502,hardRunOrTrailRun,Stage 3 HRR speed ratio cumulative TRIMP linear LOO,activity,0.2,linear,cumulative,cumTrimpBefore
17437915260,0.55,,2526.0,3352.9836140667676,826.9836140667676,32.73886041436135,hardRunOrTrailRun,Stage 3 HRR speed ratio cumulative TRIMP linear LOO,activity,0.2,linear,cumulative,cumTrimpBefore
17481444994,0.55,,12779.0,14544.359001812762,1765.3590018127616,13.814531667679486,hardRunOrTrailRun,Stage 3 HRR speed ratio cumulative TRIMP linear LOO,activity,0.2,linear,cumulative,cumTrimpBefore
17528738922,0.55,,2736.0,3628.909190123309,892.9091901233091,32.63556981444843,hardRunOrTrailRun,Stage 3 HRR speed ratio cumulative TRIMP linear LOO,activity,0.2,linear,cumulative,cumTrimpBefore
17591239723,0.55,,4034.0,5960.828681118971,1926.828681118971,47.76471693403498,hardRunOrTrailRun,Stage 3 HRR speed ratio cumulative TRIMP linear LOO,activity,0.2,linear,cumulative,cumTrimpBefore
17646695382,0.55,,7474.0,8725.24982560689,1251.2498256068902,16.7413677496239,hardRunOrTrailRun,Stage 3 HRR speed ratio cumulative TRIMP linear LOO,activity,0.2,linear,cumulative,cumTrimpBefore
17815897198,0.55,,13634.0,15335.10931265061,1701.1093126506094,12.476964299916455,hardRunOrTrailRun,Stage 3 HRR speed ratio cumulative TRIMP linear LOO,activity,0.2,linear,cumulative,cumTrimpBefore
18160385145,0.55,,13509.0,12438.536348051737,-1070.4636519482629,-7.924077666357708,hardRunOrTrailRun,Stage 3 HRR speed ratio cumulative TRIMP linear LOO,activity,0.2,linear,cumulative,cumTrimpBefore
18223569115,0.55,,1879.0,2223.3810804649675,344.38108046496745,18.327891456358035,hardRunOrTrailRun,Stage 3 HRR speed ratio cumulative TRIMP linear LOO,activity,0.2,linear,cumulative,cumTrimpBefore
18516570001,0.55,,8382.0,8216.383629589818,-165.61637041018184,-1.9758574374872564,hardRunOrTrailRun,Stage 3 HRR speed ratio cumulative TRIMP linear LOO,activity,0.2,linear,cumulative,cumTrimpBefore
11277623453,0.55,,1918.0,2332.180900856704,414.18090085670383,21.59441610306068,hardRunOrTrailRun,Stage 3 HRR speed ratio cumulative TRIMP exponential LOO,activity,0.3,exponential,cumulative,cumTrimpBefore
11387382620,0.55,,3148.0,3229.1605913881835,81.16059138818355,2.5781636400312435,hardRunOrTrailRun,Stage 3 HRR speed ratio cumulative TRIMP exponential LOO,activity,0.3,exponential,cumulative,cumTrimpBefore
11462693706,0.55,,3174.0,3886.755027657467,712.755027657467,22.456050020714148,hardRunOrTrailRun,Stage 3 HRR speed ratio cumulative TRIMP exponential LOO,activity,0.3,exponential,cumulative,cumTrimpBefore
11562663514,0.55,,3229.0,3744.590623900386,515.5906239003862,15.967501514412701,hardRunOrTrailRun,Stage 3 HRR speed ratio cumulative TRIMP exponential LOO,activity,0.3,exponential,cumulative,cumTrimpBefore
11587123521,0.55,,1887.0,2539.028508422406,652.028508422406,34.553710038283306,hardRunOrTrailRun,Stage 3 HRR speed ratio cumulative TRIMP exponential LOO,activity,0.3,exponential,cumulative,cumTrimpBefore
11637384443,0.55,,3410.0,4225.889258107204,815.8892581072041,23.926371205489858,hardRunOrTrailRun,Stage 3 HRR speed ratio cumulative TRIMP exponential LOO,activity,0.3,exponential,cumulative,cumTrimpBefore
11704501213,0.55,,3874.0,5216.502249375766,1342.502249375766,34.654162348367734,hardRunOrTrailRun,Stage 3 HRR speed ratio cumulative TRIMP exponential LOO,activity,0.3,exponential,cumulative,cumTrimpBefore
11730667820,0.55,,3369.0,4114.313689705624,745.3136897056238,22.12269782444713,hardRunOrTrailRun,Stage 3 HRR speed ratio cumulative TRIMP exponential LOO,activity,0.3,exponential,cumulative,cumTrimpBefore
11759480552,0.55,,5536.0,7290.7278480784835,1754.7278480784835,31.69667355633099,hardRunOrTrailRun,Stage 3 HRR speed ratio cumulative TRIMP exponential LOO,activity,0.3,exponential,cumulative,cumTrimpBefore
11815743705,0.55,,3211.0,4345.825715650235,1134.825715650235,35.34181612115338,hardRunOrTrailRun,Stage 3 HRR speed ratio cumulative TRIMP exponential LOO,activity,0.3,exponential,cumulative,cumTrimpBefore
12000338229,0.55,,9824.0,10814.083590076933,990.0835900769325,10.078212439708189,hardRunOrTrailRun,Stage 3 HRR speed ratio cumulative TRIMP exponential LOO,activity,0.3,exponential,cumulative,cumTrimpBefore
12033703768,0.55,,4341.0,5455.774990742934,1114.7749907429343,25.68014261098674,hardRunOrTrailRun,Stage 3 HRR speed ratio cumulative TRIMP exponential LOO,activity,0.3,exponential,cumulative,cumTrimpBefore
12063923301,0.55,,3335.0,5083.516071908004,1748.516071908004,52.42926752347839,hardRunOrTrailRun,Stage 3 HRR speed ratio cumulative TRIMP exponential LOO,activity,0.3,exponential,cumulative,cumTrimpBefore
12122982163,0.55,,5150.0,5408.99707919465,258.9970791946498,5.02906949892524,hardRunOrTrailRun,Stage 3 HRR speed ratio cumulative TRIMP exponential LOO,activity,0.3,exponential,cumulative,cumTrimpBefore
12147822484,0.55,,2076.0,2828.855994012669,752.8559940126688,36.26473959598597,hardRunOrTrailRun,Stage 3 HRR speed ratio cumulative TRIMP exponential LOO,activity,0.3,exponential,cumulative,cumTrimpBefore
12177245147,0.55,,8181.0,10099.850085826365,1918.850085826365,23.454957655865606,hardRunOrTrailRun,Stage 3 HRR speed ratio cumulative TRIMP exponential LOO,activity,0.3,exponential,cumulative,cumTrimpBefore
12215183637,0.55,,2398.0,3093.152929155456,695.1529291554561,28.9888627671166,hardRunOrTrailRun,Stage 3 HRR speed ratio cumulative TRIMP exponential LOO,activity,0.3,exponential,cumulative,cumTrimpBefore
12231235107,0.55,,4474.0,5437.750650871577,963.7506508715769,21.541141056584195,hardRunOrTrailRun,Stage 3 HRR speed ratio cumulative TRIMP exponential LOO,activity,0.3,exponential,cumulative,cumTrimpBefore
12351986883,0.55,,2360.0,2093.272375745134,-266.727624254866,-11.3020179769011,hardRunOrTrailRun,Stage 3 HRR speed ratio cumulative TRIMP exponential LOO,activity,0.3,exponential,cumulative,cumTrimpBefore
12368406803,0.55,,2107.0,2188.0158966129093,81.01589661290927,3.845082895724218,hardRunOrTrailRun,Stage 3 HRR speed ratio cumulative TRIMP exponential LOO,activity,0.3,exponential,cumulative,cumTrimpBefore
12385954488,0.55,,2041.0,2097.3736451421028,56.37364514210276,2.7620600265606448,hardRunOrTrailRun,Stage 3 HRR speed ratio cumulative TRIMP exponential LOO,activity,0.3,exponential,cumulative,cumTrimpBefore
12415493314,0.55,,3761.0,3889.930139674681,128.93013967468096,3.4280813526902674,hardRunOrTrailRun,Stage 3 HRR speed ratio cumulative TRIMP exponential LOO,activity,0.3,exponential,cumulative,cumTrimpBefore
12435526893,0.55,,2374.0,2697.2494749300913,323.2494749300913,13.61623736015549,hardRunOrTrailRun,Stage 3 HRR speed ratio cumulative TRIMP exponential LOO,activity,0.3,exponential,cumulative,cumTrimpBefore
12453142102,0.55,,2902.0,3048.008831553574,146.00883155357405,5.031317420867473,hardRunOrTrailRun,Stage 3 HRR speed ratio cumulative TRIMP exponential LOO,activity,0.3,exponential,cumulative,cumTrimpBefore
12469144311,0.55,,6714.0,7374.322050445321,660.3220504453211,9.835002240770347,hardRunOrTrailRun,Stage 3 HRR speed ratio cumulative TRIMP exponential LOO,activity,0.3,exponential,cumulative,cumTrimpBefore
12532587467,0.55,,2807.0,3231.6888482203726,424.6888482203726,15.129634778068137,hardRunOrTrailRun,Stage 3 HRR speed ratio cumulative TRIMP exponential LOO,activity,0.3,exponential,cumulative,cumTrimpBefore
12588932008,0.55,,17378.0,17965.066928434735,587.066928434735,3.378219176169496,hardRunOrTrailRun,Stage 3 HRR speed ratio cumulative TRIMP exponential LOO,activity,0.3,exponential,cumulative,cumTrimpBefore
12923277981,0.55,,2108.0,2161.1680764524885,53.16807645248855,2.5222047652983184,hardRunOrTrailRun,Stage 3 HRR speed ratio cumulative TRIMP exponential LOO,activity,0.3,exponential,cumulative,cumTrimpBefore
13024493247,0.55,,3462.0,3401.706359843139,-60.293640156860874,-1.7415840599902044,hardRunOrTrailRun,Stage 3 HRR speed ratio cumulative TRIMP exponential LOO,activity,0.3,exponential,cumulative,cumTrimpBefore
13066363809,0.55,,1923.0,1927.3360347083203,4.336034708320312,0.2254828241456221,hardRunOrTrailRun,Stage 3 HRR speed ratio cumulative TRIMP exponential LOO,activity,0.3,exponential,cumulative,cumTrimpBefore
13169655589,0.55,,1961.0,2187.823097243535,226.8230972435349,11.566705621801882,hardRunOrTrailRun,Stage 3 HRR speed ratio cumulative TRIMP exponential LOO,activity,0.3,exponential,cumulative,cumTrimpBefore
13180970159,0.55,,1911.0,2211.9563850510067,300.9563850510067,15.74863344065969,hardRunOrTrailRun,Stage 3 HRR speed ratio cumulative TRIMP exponential LOO,activity,0.3,exponential,cumulative,cumTrimpBefore
13194703589,0.55,,1956.0,2319.57631326864,363.5763132686402,18.587746077128845,hardRunOrTrailRun,Stage 3 HRR speed ratio cumulative TRIMP exponential LOO,activity,0.3,exponential,cumulative,cumTrimpBefore
13602011720,0.55,,2276.0,2636.2907338440864,360.2907338440864,15.829997093325412,hardRunOrTrailRun,Stage 3 HRR speed ratio cumulative TRIMP exponential LOO,activity,0.3,exponential,cumulative,cumTrimpBefore
13626651040,0.55,,2805.0,3424.9169880098875,619.9169880098875,22.10042738003164,hardRunOrTrailRun,Stage 3 HRR speed ratio cumulative TRIMP exponential LOO,activity,0.3,exponential,cumulative,cumTrimpBefore
13688400233,0.55,,2363.0,2981.369780023104,618.3697800231039,26.16884384355074,hardRunOrTrailRun,Stage 3 HRR speed ratio cumulative TRIMP exponential LOO,activity,0.3,exponential,cumulative,cumTrimpBefore
13696739223,0.55,,5809.0,6788.000193328679,979.0001933286794,16.853162219464267,hardRunOrTrailRun,Stage 3 HRR speed ratio cumulative TRIMP exponential LOO,activity,0.3,exponential,cumulative,cumTrimpBefore
13725623458,0.55,,2081.0,3070.1609515272066,989.1609515272066,47.53296259140829,hardRunOrTrailRun,Stage 3 HRR speed ratio cumulative TRIMP exponential LOO,activity,0.3,exponential,cumulative,cumTrimpBefore
13798314040,0.55,,3877.0,5246.429690447399,1369.4296904473986,35.321890390698954,hardRunOrTrailRun,Stage 3 HRR speed ratio cumulative TRIMP exponential LOO,activity,0.3,exponential,cumulative,cumTrimpBefore
13824163131,0.55,,3241.0,3727.9093391130305,486.90933911303046,15.023429161154905,hardRunOrTrailRun,Stage 3 HRR speed ratio cumulative TRIMP exponential LOO,activity,0.3,exponential,cumulative,cumTrimpBefore
13845021507,0.55,,2393.0,3450.580436054749,1057.580436054749,44.194752864803554,hardRunOrTrailRun,Stage 3 HRR speed ratio cumulative TRIMP exponential LOO,activity,0.3,exponential,cumulative,cumTrimpBefore
13910406111,0.55,,2366.0,2873.5190830823462,507.51908308234624,21.450510696633398,hardRunOrTrailRun,Stage 3 HRR speed ratio cumulative TRIMP exponential LOO,activity,0.3,exponential,cumulative,cumTrimpBefore
13947675380,0.55,,8133.0,10385.380129891373,2252.380129891373,27.6943333319977,hardRunOrTrailRun,Stage 3 HRR speed ratio cumulative TRIMP exponential LOO,activity,0.3,exponential,cumulative,cumTrimpBefore
14087416092,0.55,,15517.0,12694.853181625671,-2822.146818374329,-18.187451300988137,hardRunOrTrailRun,Stage 3 HRR speed ratio cumulative TRIMP exponential LOO,activity,0.3,exponential,cumulative,cumTrimpBefore
14155390870,0.55,,5996.0,6630.118995674356,634.1189956743556,10.575700394835817,hardRunOrTrailRun,Stage 3 HRR speed ratio cumulative TRIMP exponential LOO,activity,0.3,exponential,cumulative,cumTrimpBefore
14243922808,0.55,,3758.0,4464.50424736151,706.5042473615104,18.80000658226478,hardRunOrTrailRun,Stage 3 HRR speed ratio cumulative TRIMP exponential LOO,activity,0.3,exponential,cumulative,cumTrimpBefore
14283547293,0.55,,1893.0,2374.752618296691,481.7526182966908,25.449161029936125,hardRunOrTrailRun,Stage 3 HRR speed ratio cumulative TRIMP exponential LOO,activity,0.3,exponential,cumulative,cumTrimpBefore
14300194854,0.55,,10836.0,11290.567264804282,454.5672648042819,4.194972912553358,hardRunOrTrailRun,Stage 3 HRR speed ratio cumulative TRIMP exponential LOO,activity,0.3,exponential,cumulative,cumTrimpBefore
14388179928,0.55,,3356.0,3707.7748698508713,351.77486985087126,10.481968708309632,hardRunOrTrailRun,Stage 3 HRR speed ratio cumulative TRIMP exponential LOO,activity,0.3,exponential,cumulative,cumTrimpBefore
14511853016,0.55,,3409.0,3465.1935842449657,56.19358424496568,1.648389094894857,hardRunOrTrailRun,Stage 3 HRR speed ratio cumulative TRIMP exponential LOO,activity,0.3,exponential,cumulative,cumTrimpBefore
14531574734,0.55,,4250.0,5315.204239653815,1065.2042396538154,25.06362916832507,hardRunOrTrailRun,Stage 3 HRR speed ratio cumulative TRIMP exponential LOO,activity,0.3,exponential,cumulative,cumTrimpBefore
14736619046,0.55,,7519.0,7815.727576136411,296.7275761364108,3.9463702106185763,hardRunOrTrailRun,Stage 3 HRR speed ratio cumulative TRIMP exponential LOO,activity,0.3,exponential,cumulative,cumTrimpBefore
14765648151,0.55,,3295.0,3734.56773509453,439.5677350945298,13.340447195585122,hardRunOrTrailRun,Stage 3 HRR speed ratio cumulative TRIMP exponential LOO,activity,0.3,exponential,cumulative,cumTrimpBefore
14852373707,0.55,,2322.0,1767.4013589026388,-554.5986410973612,-23.884523733736486,hardRunOrTrailRun,Stage 3 HRR speed ratio cumulative TRIMP exponential LOO,activity,0.3,exponential,cumulative,cumTrimpBefore
14893241615,0.55,,2746.0,3111.8883370099693,365.8883370099693,13.324411398760716,hardRunOrTrailRun,Stage 3 HRR speed ratio cumulative TRIMP exponential LOO,activity,0.3,exponential,cumulative,cumTrimpBefore
14953411411,0.55,,33087.0,30023.483795086297,-3063.5162049137034,-9.258972420931796,hardRunOrTrailRun,Stage 3 HRR speed ratio cumulative TRIMP exponential LOO,activity,0.3,exponential,cumulative,cumTrimpBefore
15007483824,0.55,,3314.0,4127.381815771482,813.3818157714823,24.54380856280876,hardRunOrTrailRun,Stage 3 HRR speed ratio cumulative TRIMP exponential LOO,activity,0.3,exponential,cumulative,cumTrimpBefore
15018253166,0.6,,30983.0,23194.45606967246,-7788.543930327542,-25.13812068013924,hardRunOrTrailRun,Stage 3 HRR speed ratio cumulative TRIMP exponential LOO,activity,0.4,exponential,cumulative,cumTrimpBefore
15059995436,0.55,,7678.0,9357.029589332018,1679.029589332018,21.86805925152407,hardRunOrTrailRun,Stage 3 HRR speed ratio cumulative TRIMP exponential LOO,activity,0.3,exponential,cumulative,cumTrimpBefore
15087396899,0.55,,11532.0,13955.376473136894,2423.3764731368938,21.014364144440634,hardRunOrTrailRun,Stage 3 HRR speed ratio cumulative TRIMP exponential LOO,activity,0.3,exponential,cumulative,cumTrimpBefore
15114097922,0.6,,33819.0,28110.463735002348,-5708.536264997652,-16.879671974327014,hardRunOrTrailRun,Stage 3 HRR speed ratio cumulative TRIMP exponential LOO,activity,0.4,exponential,cumulative,cumTrimpBefore
15179557231,0.55,,33543.0,32007.414740506065,-1535.5852594939352,-4.577960407518514,hardRunOrTrailRun,Stage 3 HRR speed ratio cumulative TRIMP exponential LOO,activity,0.3,exponential,cumulative,cumTrimpBefore
15224440864,0.55,,6297.0,7684.807895396673,1387.8078953966733,22.03919160547361,hardRunOrTrailRun,Stage 3 HRR speed ratio cumulative TRIMP exponential LOO,activity,0.3,exponential,cumulative,cumTrimpBefore
15250276952,0.55,,7979.0,10542.141612134008,2563.141612134008,32.1235945874672,hardRunOrTrailRun,Stage 3 HRR speed ratio cumulative TRIMP exponential LOO,activity,0.3,exponential,cumulative,cumTrimpBefore
15310799882,0.55,,5452.0,6425.746588501241,973.7465885012407,17.860355621812925,hardRunOrTrailRun,Stage 3 HRR speed ratio cumulative TRIMP exponential LOO,activity,0.3,exponential,cumulative,cumTrimpBefore
15329205386,0.55,,10390.0,12317.964854263117,1927.9648542631166,18.55596587356224,hardRunOrTrailRun,Stage 3 HRR speed ratio cumulative TRIMP exponential LOO,activity,0.3,exponential,cumulative,cumTrimpBefore
15367390310,0.55,,3783.0,4705.080856101094,922.0808561010936,24.374328736481456,hardRunOrTrailRun,Stage 3 HRR speed ratio cumulative TRIMP exponential LOO,activity,0.3,exponential,cumulative,cumTrimpBefore
15424641872,0.55,,5476.0,5917.722348033962,441.7223480339617,8.066514755916028,hardRunOrTrailRun,Stage 3 HRR speed ratio cumulative TRIMP exponential LOO,activity,0.3,exponential,cumulative,cumTrimpBefore
15493651485,0.55,,4622.0,5289.412799752794,667.412799752794,14.439913452029293,hardRunOrTrailRun,Stage 3 HRR speed ratio cumulative TRIMP exponential LOO,activity,0.3,exponential,cumulative,cumTrimpBefore
15563904138,0.55,,42256.0,49874.017824358605,7618.017824358605,18.028251193578676,hardRunOrTrailRun,Stage 3 HRR speed ratio cumulative TRIMP exponential LOO,activity,0.4,exponential,cumulative,cumTrimpBefore
15652573322,0.55,,3132.0,3173.107283293452,41.10728329345193,1.3124930808892699,hardRunOrTrailRun,Stage 3 HRR speed ratio cumulative TRIMP exponential LOO,activity,0.3,exponential,cumulative,cumTrimpBefore
15717135978,0.55,,14017.0,13228.22013904128,-788.7798609587207,-5.627308703422421,hardRunOrTrailRun,Stage 3 HRR speed ratio cumulative TRIMP exponential LOO,activity,0.3,exponential,cumulative,cumTrimpBefore
15756279445,0.55,,8201.0,8265.84898010052,64.84898010051984,0.7907447884467728,hardRunOrTrailRun,Stage 3 HRR speed ratio cumulative TRIMP exponential LOO,activity,0.3,exponential,cumulative,cumTrimpBefore
15809536896,0.55,,6794.0,5966.182534377934,-827.8174656220663,-12.184537321490525,hardRunOrTrailRun,Stage 3 HRR speed ratio cumulative TRIMP exponential LOO,activity,0.3,exponential,cumulative,cumTrimpBefore
15913800933,0.55,,3009.0,3182.7115904090756,173.7115904090756,5.773067145532589,hardRunOrTrailRun,Stage 3 HRR speed ratio cumulative TRIMP exponential LOO,activity,0.3,exponential,cumulative,cumTrimpBefore
15923504065,0.55,,4057.0,5034.561910472473,977.5619104724728,24.09568426109127,hardRunOrTrailRun,Stage 3 HRR speed ratio cumulative TRIMP exponential LOO,activity,0.3,exponential,cumulative,cumTrimpBefore
15961811819,0.55,,2785.0,3716.353610222921,931.3536102229209,33.44178133655012,hardRunOrTrailRun,Stage 3 HRR speed ratio cumulative TRIMP exponential LOO,activity,0.3,exponential,cumulative,cumTrimpBefore
16043688171,0.55,,7974.0,7455.226431647847,-518.7735683521532,-6.505813498271297,hardRunOrTrailRun,Stage 3 HRR speed ratio cumulative TRIMP exponential LOO,activity,0.3,exponential,cumulative,cumTrimpBefore
16043688538,0.55,,18442.0,22230.341192856125,3788.3411928561254,20.541921661729344,hardRunOrTrailRun,Stage 3 HRR speed ratio cumulative TRIMP exponential LOO,activity,0.3,exponential,cumulative,cumTrimpBefore
16043688740,0.55,,28210.0,23405.877869804728,-4804.122130195272,-17.029855122989265,hardRunOrTrailRun,Stage 3 HRR speed ratio cumulative TRIMP exponential LOO,activity,0.3,exponential,cumulative,cumTrimpBefore
16078947736,0.55,,2945.0,4181.746761034917,1236.7467610349167,41.99479663955575,hardRunOrTrailRun,Stage 3 HRR speed ratio cumulative TRIMP exponential LOO,activity,0.3,exponential,cumulative,cumTrimpBefore
16106633286,0.55,,15404.0,15591.60277875559,187.6027787555904,1.2178835286652194,hardRunOrTrailRun,Stage 3 HRR speed ratio cumulative TRIMP exponential LOO,activity,0.3,exponential,cumulative,cumTrimpBefore
16121104478,0.55,,5582.0,6836.234564422889,1254.234564422889,22.469268441828895,hardRunOrTrailRun,Stage 3 HRR speed ratio cumulative TRIMP exponential LOO,activity,0.3,exponential,cumulative,cumTrimpBefore
16163570178,0.55,,3062.0,3965.0121001321545,903.0121001321545,29.490924236843714,hardRunOrTrailRun,Stage 3 HRR speed ratio cumulative TRIMP exponential LOO,activity,0.3,exponential,cumulative,cumTrimpBefore
16183294852,0.55,,3140.0,4203.011940244157,1063.011940244157,33.85388344726614,hardRunOrTrailRun,Stage 3 HRR speed ratio cumulative TRIMP exponential LOO,activity,0.3,exponential,cumulative,cumTrimpBefore
16213470764,0.55,,6317.0,6506.142521287735,189.14252128773478,2.9941827020379104,hardRunOrTrailRun,Stage 3 HRR speed ratio cumulative TRIMP exponential LOO,activity,0.3,exponential,cumulative,cumTrimpBefore
16235724470,0.55,,3841.0,4352.993717980511,511.99371798051106,13.329698463434289,hardRunOrTrailRun,Stage 3 HRR speed ratio cumulative TRIMP exponential LOO,activity,0.3,exponential,cumulative,cumTrimpBefore
16251238864,0.55,,4467.0,6596.455346782498,2129.455346782498,47.670815911853545,hardRunOrTrailRun,Stage 3 HRR speed ratio cumulative TRIMP exponential LOO,activity,0.3,exponential,cumulative,cumTrimpBefore
16262137158,0.55,,10091.0,9419.11027662208,-671.8897233779207,-6.65830664332495,hardRunOrTrailRun,Stage 3 HRR speed ratio cumulative TRIMP exponential LOO,activity,0.3,exponential,cumulative,cumTrimpBefore
16285738312,0.55,,3949.0,4824.141152622647,875.1411526226466,22.161082618957877,hardRunOrTrailRun,Stage 3 HRR speed ratio cumulative TRIMP exponential LOO,activity,0.3,exponential,cumulative,cumTrimpBefore
16325125849,0.55,,10638.0,12195.605038954602,1557.6050389546017,14.641897339298756,hardRunOrTrailRun,Stage 3 HRR speed ratio cumulative TRIMP exponential LOO,activity,0.3,exponential,cumulative,cumTrimpBefore
16335274846,0.55,,8540.0,11748.40213302569,3208.402133025689,37.56911162793547,hardRunOrTrailRun,Stage 3 HRR speed ratio cumulative TRIMP exponential LOO,activity,0.3,exponential,cumulative,cumTrimpBefore
16466621813,0.55,,7487.0,8408.144655428288,921.1446554282884,12.303254379969125,hardRunOrTrailRun,Stage 3 HRR speed ratio cumulative TRIMP exponential LOO,activity,0.3,exponential,cumulative,cumTrimpBefore
17383625132,0.55,,5217.0,6276.403722940888,1059.4037229408877,20.30676103011094,hardRunOrTrailRun,Stage 3 HRR speed ratio cumulative TRIMP exponential LOO,activity,0.3,exponential,cumulative,cumTrimpBefore
17437915260,0.55,,2526.0,3370.345238033934,844.345238033934,33.4261772776696,hardRunOrTrailRun,Stage 3 HRR speed ratio cumulative TRIMP exponential LOO,activity,0.3,exponential,cumulative,cumTrimpBefore
17481444994,0.55,,12779.0,14960.857939925263,2181.857939925263,17.07377682076268,hardRunOrTrailRun,Stage 3 HRR speed ratio cumulative TRIMP exponential LOO,activity,0.3,exponential,cumulative,cumTrimpBefore
17528738922,0.55,,2736.0,3653.1737311016154,917.1737311016154,33.522431692310505,hardRunOrTrailRun,Stage 3 HRR speed ratio cumulative TRIMP exponential LOO,activity,0.3,exponential,cumulative,cumTrimpBefore
17591239723,0.55,,4034.0,6017.524686249457,1983.5246862494569,49.170170705241866,hardRunOrTrailRun,Stage 3 HRR speed ratio cumulative TRIMP exponential LOO,activity,0.3,exponential,cumulative,cumTrimpBefore
17646695382,0.55,,7474.0,8858.787492270918,1384.787492270918,18.528063851631227,hardRunOrTrailRun,Stage 3 HRR speed ratio cumulative TRIMP exponential LOO,activity,0.3,exponential,cumulative,cumTrimpBefore
17815897198,0.55,,13634.0,15815.617606918999,2181.6176069189987,16.001302676536593,hardRunOrTrailRun,Stage 3 HRR speed ratio cumulative TRIMP exponential LOO,activity,0.3,exponential,cumulative,cumTrimpBefore
18160385145,0.55,,13509.0,12826.201023364254,-682.7989766357459,-5.054400596903886,hardRunOrTrailRun,Stage 3 HRR speed ratio cumulative TRIMP exponential LOO,activity,0.3,exponential,cumulative,cumTrimpBefore
18223569115,0.55,,1879.0,2232.5125586665463,353.5125586665463,18.81386687953945,hardRunOrTrailRun,Stage 3 HRR speed ratio cumulative TRIMP exponential LOO,activity,0.3,exponential,cumulative,cumTrimpBefore
18516570001,0.55,,8382.0,8296.551237450527,-85.44876254947303,-1.0194316696429615,hardRunOrTrailRun,Stage 3 HRR speed ratio cumulative TRIMP exponential LOO,activity,0.3,exponential,cumulative,cumTrimpBefore
11277623453,0.55,,1918.0,2324.3160989838802,406.31609898388024,21.184363867772692,hardRunOrTrailRun,Stage 3 HRR speed ratio LOO,activity,0.2,linear,cumulative,cumTrimpBefore
11387382620,0.55,,3148.0,3208.5669756946572,60.56697569465723,1.9239827094872055,hardRunOrTrailRun,Stage 3 HRR speed ratio LOO,activity,0.2,linear,cumulative,cumTrimpBefore
11462693706,0.55,,3174.0,3862.9157905055017,688.9157905055017,21.704971345478945,hardRunOrTrailRun,Stage 3 HRR speed ratio LOO,activity,0.2,linear,cumulative,cumTrimpBefore
11562663514,0.55,,3229.0,3722.833347106557,493.8333471065571,15.293693004229084,hardRunOrTrailRun,Stage 3 HRR speed ratio LOO,activity,0.2,linear,cumulative,cumTrimpBefore
11587123521,0.55,,1887.0,2528.3827186281437,641.3827186281437,33.98954523731551,hardRunOrTrailRun,Stage 3 HRR speed ratio LOO,activity,0.2,linear,cumulative,cumTrimpBefore
11637384443,0.55,,3410.0,4193.152945374793,783.1529453747926,22.966362034451397,hardRunOrTrailRun,Stage 3 HRR speed ratio LOO,activity,0.2,linear,cumulative,cumTrimpBefore
11704501213,0.55,,3874.0,5174.575331941069,1300.5753319410687,33.57189808830843,hardRunOrTrailRun,Stage 3 HRR speed ratio LOO,activity,0.2,linear,cumulative,cumTrimpBefore
11730667820,0.55,,3369.0,4087.2173423188065,718.2173423188065,21.318413247812597,hardRunOrTrailRun,Stage 3 HRR speed ratio LOO,activity,0.2,linear,cumulative,cumTrimpBefore
11759480552,0.55,,5536.0,7200.220069152184,1664.220069152184,30.06177870578367,hardRunOrTrailRun,Stage 3 HRR speed ratio LOO,activity,0.2,linear,cumulative,cumTrimpBefore
11815743705,0.55,,3211.0,4316.108744513169,1105.1087445131689,34.41634209010181,hardRunOrTrailRun,Stage 3 HRR speed ratio LOO,activity,0.2,linear,cumulative,cumTrimpBefore
12000338229,0.55,,9824.0,10547.183182927647,723.1831829276471,7.361392334361229,hardRunOrTrailRun,Stage 3 HRR speed ratio LOO,activity,0.2,linear,cumulative,cumTrimpBefore
12033703768,0.55,,4341.0,5417.58146968154,1076.5814696815396,24.800310289830442,hardRunOrTrailRun,Stage 3 HRR speed ratio LOO,activity,0.2,linear,cumulative,cumTrimpBefore
12063923301,0.55,,3335.0,5067.66827834344,1732.6682783434399,51.95407131464588,hardRunOrTrailRun,Stage 3 HRR speed ratio LOO,activity,0.2,linear,cumulative,cumTrimpBefore
12122982163,0.55,,5150.0,5342.011767865649,192.01176786564884,3.728383842051434,hardRunOrTrailRun,Stage 3 HRR speed ratio LOO,activity,0.2,linear,cumulative,cumTrimpBefore
12147822484,0.55,,2076.0,2814.236045005277,738.236045005277,35.56050313127538,hardRunOrTrailRun,Stage 3 HRR speed ratio LOO,activity,0.2,linear,cumulative,cumTrimpBefore
12177245147,0.55,,8181.0,9872.451846544362,1691.4518465443616,20.675367883441652,hardRunOrTrailRun,Stage 3 HRR speed ratio LOO,activity,0.2,linear,cumulative,cumTrimpBefore
12215183637,0.55,,2398.0,3075.736344870618,677.7363448706178,28.26256650836605,hardRunOrTrailRun,Stage 3 HRR speed ratio LOO,activity,0.2,linear,cumulative,cumTrimpBefore
12231235107,0.55,,4474.0,5376.33636740263,902.3363674026295,20.168448086782064,hardRunOrTrailRun,Stage 3 HRR speed ratio LOO,activity,0.2,linear,cumulative,cumTrimpBefore
12351986883,0.55,,2360.0,2083.114418147991,-276.8855818520092,-11.73243990898344,hardRunOrTrailRun,Stage 3 HRR speed ratio LOO,activity,0.2,linear,cumulative,cumTrimpBefore
12368406803,0.55,,2107.0,2180.475483914088,73.47548391408782,3.4872085388746,hardRunOrTrailRun,Stage 3 HRR speed ratio LOO,activity,0.2,linear,cumulative,cumTrimpBefore
12385954488,0.55,,2041.0,2087.9765659703307,46.97656597033074,2.301644584533598,hardRunOrTrailRun,Stage 3 HRR speed ratio LOO,activity,0.2,linear,cumulative,cumTrimpBefore
12415493314,0.55,,3761.0,3855.6895940928234,94.68959409282343,2.5176706751614844,hardRunOrTrailRun,Stage 3 HRR speed ratio LOO,activity,0.2,linear,cumulative,cumTrimpBefore
12435526893,0.55,,2374.0,2685.473842158359,311.4738421583588,13.1202123908323,hardRunOrTrailRun,Stage 3 HRR speed ratio LOO,activity,0.2,linear,cumulative,cumTrimpBefore
12453142102,0.55,,2902.0,3027.6564023709543,125.65640237095431,4.32999318990194,hardRunOrTrailRun,Stage 3 HRR speed ratio LOO,activity,0.2,linear,cumulative,cumTrimpBefore
12469144311,0.55,,6714.0,7231.323779436298,517.3237794362976,7.705150125652333,hardRunOrTrailRun,Stage 3 HRR speed ratio LOO,activity,0.2,linear,cumulative,cumTrimpBefore
12532587467,0.55,,2807.0,3213.2790986437462,406.27909864374624,14.4737833503294,hardRunOrTrailRun,Stage 3 HRR speed ratio LOO,activity,0.2,linear,cumulative,cumTrimpBefore
12588932008,0.55,,17378.0,17423.266289219777,45.26628921977681,0.26048043054308206,hardRunOrTrailRun,Stage 3 HRR speed ratio LOO,activity,0.2,linear,cumulative,cumTrimpBefore
12923277981,0.55,,2108.0,2151.710743220956,43.71074322095592,2.0735646689258025,hardRunOrTrailRun,Stage 3 HRR speed ratio LOO,activity,0.2,linear,cumulative,cumTrimpBefore
13024493247,0.55,,3462.0,3379.4189638830517,-82.58103611694833,-2.3853563292012803,hardRunOrTrailRun,Stage 3 HRR speed ratio LOO,activity,0.2,linear,cumulative,cumTrimpBefore
13066363809,0.55,,1923.0,1921.1706059910925,-1.8293940089074567,-0.09513229375493795,hardRunOrTrailRun,Stage 3 HRR speed ratio LOO,activity,0.2,linear,cumulative,cumTrimpBefore
13169655589,0.55,,1961.0,2179.3865858591384,218.38658585913845,11.13649086482093,hardRunOrTrailRun,Stage 3 HRR speed ratio LOO,activity,0.2,linear,cumulative,cumTrimpBefore
13180970159,0.55,,1911.0,2202.6904088696597,291.6904088696597,15.263757659322852,hardRunOrTrailRun,Stage 3 HRR speed ratio LOO,activity,0.2,linear,cumulative,cumTrimpBefore
13194703589,0.55,,1956.0,2311.467978328517,355.4679783285169,18.173209525997798,hardRunOrTrailRun,Stage 3 HRR speed ratio LOO,activity,0.2,linear,cumulative,cumTrimpBefore
13602011720,0.55,,2276.0,2621.6902452318664,345.69024523186636,15.188499351136484,hardRunOrTrailRun,Stage 3 HRR speed ratio LOO,activity,0.2,linear,cumulative,cumTrimpBefore
13626651040,0.55,,2805.0,3402.676046222333,597.6760462223328,21.30752392949493,hardRunOrTrailRun,Stage 3 HRR speed ratio LOO,activity,0.2,linear,cumulative,cumTrimpBefore
13688400233,0.55,,2363.0,2965.3786089550067,602.3786089550067,25.492112101354497,hardRunOrTrailRun,Stage 3 HRR speed ratio LOO,activity,0.2,linear,cumulative,cumTrimpBefore
13696739223,0.55,,5809.0,6695.328073985638,886.3280739856382,15.257842554409335,hardRunOrTrailRun,Stage 3 HRR speed ratio LOO,activity,0.2,linear,cumulative,cumTrimpBefore
13725623458,0.55,,2081.0,3057.0662131683707,976.0662131683707,46.90371038771603,hardRunOrTrailRun,Stage 3 HRR speed ratio LOO,activity,0.2,linear,cumulative,cumTrimpBefore
13798314040,0.55,,3877.0,5223.1087066162045,1346.1087066162045,34.72036901254074,hardRunOrTrailRun,Stage 3 HRR speed ratio LOO,activity,0.2,linear,cumulative,cumTrimpBefore
13824163131,0.55,,3241.0,3704.647478220905,463.6474782209052,14.305692015455268,hardRunOrTrailRun,Stage 3 HRR speed ratio LOO,activity,0.2,linear,cumulative,cumTrimpBefore
13845021507,0.55,,2393.0,3435.7311622432144,1042.7311622432144,43.57422324459734,hardRunOrTrailRun,Stage 3 HRR speed ratio LOO,activity,0.2,linear,cumulative,cumTrimpBefore
13910406111,0.55,,2366.0,2858.955677050304,492.9556770503041,20.834982123850555,hardRunOrTrailRun,Stage 3 HRR speed ratio LOO,activity,0.2,linear,cumulative,cumTrimpBefore
13947675380,0.55,,8133.0,10263.357619750375,2130.3576197503753,26.193995078696364,hardRunOrTrailRun,Stage 3 HRR speed ratio LOO,activity,0.2,linear,cumulative,cumTrimpBefore
14087416092,0.55,,15517.0,12379.465492779604,-3137.5345072203963,-20.219981357352555,hardRunOrTrailRun,Stage 3 HRR speed ratio LOO,activity,0.2,linear,cumulative,cumTrimpBefore
14155390870,0.55,,5996.0,6551.387006161427,555.387006161427,9.262625186147883,hardRunOrTrailRun,Stage 3 HRR speed ratio LOO,activity,0.2,linear,cumulative,cumTrimpBefore
14243922808,0.55,,3758.0,4427.802380691405,669.8023806914052,17.823373621378533,hardRunOrTrailRun,Stage 3 HRR speed ratio LOO,activity,0.2,linear,cumulative,cumTrimpBefore
14283547293,0.55,,1893.0,2366.1956914428883,473.19569144288835,24.997131085202764,hardRunOrTrailRun,Stage 3 HRR speed ratio LOO,activity,0.2,linear,cumulative,cumTrimpBefore
14300194854,0.55,,10836.0,10977.878262934782,141.87826293478247,1.3093232090696056,hardRunOrTrailRun,Stage 3 HRR speed ratio LOO,activity,0.2,linear,cumulative,cumTrimpBefore
14388179928,0.55,,3356.0,3681.9775658233943,325.97756582339434,9.713276693188151,hardRunOrTrailRun,Stage 3 HRR speed ratio LOO,activity,0.2,linear,cumulative,cumTrimpBefore
14511853016,0.55,,3409.0,3442.096402929509,33.09640292950917,0.9708537086978343,hardRunOrTrailRun,Stage 3 HRR speed ratio LOO,activity,0.2,linear,cumulative,cumTrimpBefore
14531574734,0.55,,4250.0,5282.462982286933,1032.4629822869329,24.293246642045478,hardRunOrTrailRun,Stage 3 HRR speed ratio LOO,activity,0.2,linear,cumulative,cumTrimpBefore
14736619046,0.55,,7519.0,7716.058452410869,197.058452410869,2.620806655284865,hardRunOrTrailRun,Stage 3 HRR speed ratio LOO,activity,0.2,linear,cumulative,cumTrimpBefore
14765648151,0.55,,3295.0,3705.41523715305,410.41523715304993,12.45569763742185,hardRunOrTrailRun,Stage 3 HRR speed ratio LOO,activity,0.2,linear,cumulative,cumTrimpBefore
14852373707,0.55,,2322.0,1761.6956797001953,-560.3043202998047,-24.130246352274103,hardRunOrTrailRun,Stage 3 HRR speed ratio LOO,activity,0.2,linear,cumulative,cumTrimpBefore
14893241615,0.55,,2746.0,3094.3439532959856,348.34395329598556,12.685504490021323,hardRunOrTrailRun,Stage 3 HRR speed ratio LOO,activity,0.2,linear,cumulative,cumTrimpBefore
14953411411,0.55,,33087.0,28439.47491941908,-4647.525080580919,-14.046377974977844,hardRunOrTrailRun,Stage 3 HRR speed ratio LOO,activity,0.2,linear,cumulative,cumTrimpBefore
15007483824,0.55,,3314.0,4098.75407944835,784.7540794483502,23.67996618733706,hardRunOrTrailRun,Stage 3 HRR speed ratio LOO,activity,0.2,linear,cumulative,cumTrimpBefore
15018253166,0.55,,30983.0,24142.00706575151,-6840.99293424849,-22.07982743520153,hardRunOrTrailRun,Stage 3 HRR speed ratio LOO,activity,0.2,linear,cumulative,cumTrimpBefore
15059995436,0.55,,7678.0,9247.313272614956,1569.313272614956,20.43908924999943,hardRunOrTrailRun,Stage 3 HRR speed ratio LOO,activity,0.2,linear,cumulative,cumTrimpBefore
15087396899,0.55,,11532.0,13572.727323768426,2040.7273237684258,17.696213352136887,hardRunOrTrailRun,Stage 3 HRR speed ratio LOO,activity,0.2,linear,cumulative,cumTrimpBefore
15114097922,0.55,,33819.0,29046.913585290207,-4772.086414709793,-14.110666828439022,hardRunOrTrailRun,Stage 3 HRR speed ratio LOO,activity,0.2,linear,cumulative,cumTrimpBefore
15179557231,0.55,,33543.0,31512.221718684283,-2030.7782813157173,-6.054253588873141,hardRunOrTrailRun,Stage 3 HRR speed ratio LOO,activity,0.2,linear,cumulative,cumTrimpBefore
15224440864,0.55,,6297.0,7578.779947353648,1281.779947353648,20.355406500772556,hardRunOrTrailRun,Stage 3 HRR speed ratio LOO,activity,0.2,linear,cumulative,cumTrimpBefore
15250276952,0.55,,7979.0,10319.996356577352,2340.9963565773523,29.339470567456477,hardRunOrTrailRun,Stage 3 HRR speed ratio LOO,activity,0.2,linear,cumulative,cumTrimpBefore
15310799882,0.55,,5452.0,6353.159093697755,901.1590936977555,16.528963567456998,hardRunOrTrailRun,Stage 3 HRR speed ratio LOO,activity,0.2,linear,cumulative,cumTrimpBefore
15329205386,0.55,,10390.0,12143.336712522494,1753.336712522494,16.875233036790124,hardRunOrTrailRun,Stage 3 HRR speed ratio LOO,activity,0.2,linear,cumulative,cumTrimpBefore
15367390310,0.55,,3783.0,4670.74122659636,887.7412265963603,23.46659335438436,hardRunOrTrailRun,Stage 3 HRR speed ratio LOO,activity,0.2,linear,cumulative,cumTrimpBefore
15424641872,0.55,,5476.0,5869.980874262489,393.9808742624891,7.194683605962182,hardRunOrTrailRun,Stage 3 HRR speed ratio LOO,activity,0.2,linear,cumulative,cumTrimpBefore
15493651485,0.55,,4622.0,5248.362846424609,626.3628464246094,13.551770801051696,hardRunOrTrailRun,Stage 3 HRR speed ratio LOO,activity,0.2,linear,cumulative,cumTrimpBefore
15563904138,0.6,,42256.0,49179.66893541007,6923.668935410067,16.385055223897357,hardRunOrTrailRun,Stage 3 HRR speed ratio LOO,activity,0.4,linear,cumulative,cumTrimpBefore
15652573322,0.55,,3132.0,3151.391641083511,19.391641083510876,0.6191456284645873,hardRunOrTrailRun,Stage 3 HRR speed ratio LOO,activity,0.2,linear,cumulative,cumTrimpBefore
15717135978,0.55,,14017.0,13006.202927161756,-1010.7970728382443,-7.211222607107399,hardRunOrTrailRun,Stage 3 HRR speed ratio LOO,activity,0.2,linear,cumulative,cumTrimpBefore
15756279445,0.55,,8201.0,8175.927126736653,-25.07287326334699,-0.30572946303313003,hardRunOrTrailRun,Stage 3 HRR speed ratio LOO,activity,0.2,linear,cumulative,cumTrimpBefore
15809536896,0.55,,6794.0,5887.102058036883,-906.8979419631169,-13.348512539934013,hardRunOrTrailRun,Stage 3 HRR speed ratio LOO,activity,0.2,linear,cumulative,cumTrimpBefore
15913800933,0.55,,3009.0,3162.4608936634427,153.46089366344268,5.1000629333148115,hardRunOrTrailRun,Stage 3 HRR speed ratio LOO,activity,0.2,linear,cumulative,cumTrimpBefore
15923504065,0.55,,4057.0,5007.013165261693,950.0131652616928,23.416641983280574,hardRunOrTrailRun,Stage 3 HRR speed ratio LOO,activity,0.2,linear,cumulative,cumTrimpBefore
15961811819,0.55,,2785.0,3693.261351500138,908.2613515001381,32.61261585278773,hardRunOrTrailRun,Stage 3 HRR speed ratio LOO,activity,0.2,linear,cumulative,cumTrimpBefore
16043688171,0.55,,7974.0,7396.431813608591,-577.5681863914087,-7.243142543157872,hardRunOrTrailRun,Stage 3 HRR speed ratio LOO,activity,0.2,linear,cumulative,cumTrimpBefore
16043688538,0.55,,18442.0,21977.04354275168,3535.0435427516786,19.16843912130831,hardRunOrTrailRun,Stage 3 HRR speed ratio LOO,activity,0.2,linear,cumulative,cumTrimpBefore
16043688740,0.55,,28210.0,22664.441283872737,-5545.558716127263,-19.6581308618478,hardRunOrTrailRun,Stage 3 HRR speed ratio LOO,activity,0.2,linear,cumulative,cumTrimpBefore
16078947736,0.55,,2945.0,4154.793151753601,1209.7931517536008,41.07956372677762,hardRunOrTrailRun,Stage 3 HRR speed ratio LOO,activity,0.2,linear,cumulative,cumTrimpBefore
16106633286,0.55,,15404.0,15422.243681937076,18.243681937075962,0.11843470486286654,hardRunOrTrailRun,Stage 3 HRR speed ratio LOO,activity,0.2,linear,cumulative,cumTrimpBefore
16121104478,0.55,,5582.0,6772.336793283407,1190.3367932834071,21.324557385944235,hardRunOrTrailRun,Stage 3 HRR speed ratio LOO,activity,0.2,linear,cumulative,cumTrimpBefore
16163570178,0.55,,3062.0,3940.1408710281785,878.1408710281785,28.678669857223333,hardRunOrTrailRun,Stage 3 HRR speed ratio LOO,activity,0.2,linear,cumulative,cumTrimpBefore
16183294852,0.55,,3140.0,4160.967904344894,1020.9679043448941,32.51490141225777,hardRunOrTrailRun,Stage 3 HRR speed ratio LOO,activity,0.2,linear,cumulative,cumTrimpBefore
16213470764,0.55,,6317.0,6428.278984499626,111.27898449962595,1.7615796184838681,hardRunOrTrailRun,Stage 3 HRR speed ratio LOO,activity,0.2,linear,cumulative,cumTrimpBefore
16235724470,0.55,,3841.0,4320.594749330436,479.59474933043566,12.486194983869712,hardRunOrTrailRun,Stage 3 HRR speed ratio LOO,activity,0.2,linear,cumulative,cumTrimpBefore
16251238864,0.55,,4467.0,6558.967520146622,2091.9675201466216,46.8315988391901,hardRunOrTrailRun,Stage 3 HRR speed ratio LOO,activity,0.2,linear,cumulative,cumTrimpBefore
16262137158,0.55,,10091.0,9311.275823575428,-779.7241764245719,-7.726926730993676,hardRunOrTrailRun,Stage 3 HRR speed ratio LOO,activity,0.2,linear,cumulative,cumTrimpBefore
16285738312,0.55,,3949.0,4777.768780970507,828.7687809705067,20.986801240073603,hardRunOrTrailRun,Stage 3 HRR speed ratio LOO,activity,0.2,linear,cumulative,cumTrimpBefore
16325125849,0.55,,10638.0,11831.194602014237,1193.1946020142368,11.21634331654669,hardRunOrTrailRun,Stage 3 HRR speed ratio LOO,activity,0.2,linear,cumulative,cumTrimpBefore
16335274846,0.55,,8540.0,11642.715549352599,3102.715549352599,36.3315638097494,hardRunOrTrailRun,Stage 3 HRR speed ratio LOO,activity,0.2,linear,cumulative,cumTrimpBefore
16466621813,0.55,,7487.0,8288.62678371017,801.6267837101695,10.706915770137165,hardRunOrTrailRun,Stage 3 HRR speed ratio LOO,activity,0.2,linear,cumulative,cumTrimpBefore
17383625132,0.55,,5217.0,6214.4561064815025,997.4561064815025,19.119342658261502,hardRunOrTrailRun,Stage 3 HRR speed ratio LOO,activity,0.2,linear,cumulative,cumTrimpBefore
17437915260,0.55,,2526.0,3352.9836140667676,826.9836140667676,32.73886041436135,hardRunOrTrailRun,Stage 3 HRR speed ratio LOO,activity,0.2,linear,cumulative,cumTrimpBefore
17481444994,0.55,,12779.0,14544.359001812762,1765.3590018127616,13.814531667679486,hardRunOrTrailRun,Stage 3 HRR speed ratio LOO,activity,0.2,linear,cumulative,cumTrimpBefore
17528738922,0.55,,2736.0,3628.909190123309,892.9091901233091,32.63556981444843,hardRunOrTrailRun,Stage 3 HRR speed ratio LOO,activity,0.2,linear,cumulative,cumTrimpBefore
17591239723,0.55,,4034.0,5960.828681118971,1926.828681118971,47.76471693403498,hardRunOrTrailRun,Stage 3 HRR speed ratio LOO,activity,0.2,linear,cumulative,cumTrimpBefore
17646695382,0.55,,7474.0,8725.24982560689,1251.2498256068902,16.7413677496239,hardRunOrTrailRun,Stage 3 HRR speed ratio LOO,activity,0.2,linear,cumulative,cumTrimpBefore
17815897198,0.55,,13634.0,15335.10931265061,1701.1093126506094,12.476964299916455,hardRunOrTrailRun,Stage 3 HRR speed ratio LOO,activity,0.2,linear,cumulative,cumTrimpBefore
18160385145,0.55,,13509.0,12438.536348051737,-1070.4636519482629,-7.924077666357708,hardRunOrTrailRun,Stage 3 HRR speed ratio LOO,activity,0.2,linear,cumulative,cumTrimpBefore
18223569115,0.55,,1879.0,2223.3810804649675,344.38108046496745,18.327891456358035,hardRunOrTrailRun,Stage 3 HRR speed ratio LOO,activity,0.2,linear,cumulative,cumTrimpBefore
18516570001,0.55,,8382.0,8216.383629589818,-165.61637041018184,-1.9758574374872564,hardRunOrTrailRun,Stage 3 HRR speed ratio LOO,activity,0.2,linear,cumulative,cumTrimpBefore
11277623453,0.5,0.0,1918.0,2848.7782328411595,930.7782328411595,48.528583568360766,hardRunOrTrailRun,Stage 0 reproduction Stage 3 LOO,segment,,,,
11387382620,0.5,0.0,3148.0,3623.2994899113405,475.2994899113405,15.098459018784641,hardRunOrTrailRun,Stage 0 reproduction Stage 3 LOO,segment,,,,
11462693706,0.5,0.0,3174.0,4274.1268404345765,1100.1268404345765,34.660580984076134,hardRunOrTrailRun,Stage 0 reproduction Stage 3 LOO,segment,,,,
11562663514,0.5,0.0,3229.0,4171.879705727307,942.8797057273068,29.200362518653044,hardRunOrTrailRun,Stage 0 reproduction Stage 3 LOO,segment,,,,
11587123521,0.5,0.0,1887.0,2835.8776292221573,948.8776292221573,50.28498300064427,hardRunOrTrailRun,Stage 0 reproduction Stage 3 LOO,segment,,,,
11637384443,0.5,0.0,3410.0,4850.401194872692,1440.401194872692,42.240504248466046,hardRunOrTrailRun,Stage 0 reproduction Stage 3 LOO,segment,,,,
11704501213,0.5,0.0,3874.0,5743.398064507082,1869.3980645070824,48.25498359594947,hardRunOrTrailRun,Stage 0 reproduction Stage 3 LOO,segment,,,,
11730667820,0.5,0.0,3369.0,4718.580153968531,1349.5801539685308,40.05877571886408,hardRunOrTrailRun,Stage 0 reproduction Stage 3 LOO,segment,,,,
11759480552,0.5,0.0,5536.0,8157.101080516713,2621.1010805167134,47.34647905557647,hardRunOrTrailRun,Stage 0 reproduction Stage 3 LOO,segment,,,,
11815743705,0.5,0.0,3211.0,5027.835635576148,1816.835635576148,56.58161431255522,hardRunOrTrailRun,Stage 0 reproduction Stage 3 LOO,segment,,,,
12000338229,0.5,0.0,9824.0,12407.519396964402,2583.5193969644024,26.298039464214195,hardRunOrTrailRun,Stage 0 reproduction Stage 3 LOO,segment,,,,
12033703768,0.5,0.0,4341.0,6026.295092336513,1685.2950923365133,38.822738823693,hardRunOrTrailRun,Stage 0 reproduction Stage 3 LOO,segment,,,,
12063923301,0.5,0.0,3335.0,4941.8664182765715,1606.8664182765715,48.181901597498396,hardRunOrTrailRun,Stage 0 reproduction Stage 3 LOO,segment,,,,
12122982163,0.5,0.0,5150.0,6384.291201315093,1234.2912013150926,23.96681944301151,hardRunOrTrailRun,Stage 0 reproduction Stage 3 LOO,segment,,,,
12147822484,0.5,0.0,2076.0,3461.3081825191157,1385.3081825191157,66.7296812388784,hardRunOrTrailRun,Stage 0 reproduction Stage 3 LOO,segment,,,,
12177245147,0.5,0.0,8181.0,11789.492023900635,3608.492023900635,44.10820222345233,hardRunOrTrailRun,Stage 0 reproduction Stage 3 LOO,segment,,,,
12215183637,0.5,0.0,2398.0,3785.2859632654913,1387.2859632654913,57.85179162908638,hardRunOrTrailRun,Stage 0 reproduction Stage 3 LOO,segment,,,,
12231235107,0.5,0.0,4474.0,6670.456968859825,2196.456968859825,49.09380797630364,hardRunOrTrailRun,Stage 0 reproduction Stage 3 LOO,segment,,,,
12351986883,0.5,0.0,2360.0,2581.1190382444906,221.11903824449064,9.369450773071637,hardRunOrTrailRun,Stage 0 reproduction Stage 3 LOO,segment,,,,
12368406803,0.5,0.0,2107.0,2578.7874190296898,471.7874190296898,22.391429474593725,hardRunOrTrailRun,Stage 0 reproduction Stage 3 LOO,segment,,,,
12385954488,0.5,0.0,2041.0,2607.838849609506,566.8388496095058,27.7726040964971,hardRunOrTrailRun,Stage 0 reproduction Stage 3 LOO,segment,,,,
12415493314,0.5,0.0,3761.0,4743.669135446598,982.6691354465984,26.12786853088536,hardRunOrTrailRun,Stage 0 reproduction Stage 3 LOO,segment,,,,
12435526893,0.5,0.0,2374.0,3257.6095460426513,883.6095460426513,37.22028416354892,hardRunOrTrailRun,Stage 0 reproduction Stage 3 LOO,segment,,,,
12453142102,0.5,0.0,2902.0,3561.102850071481,659.102850071481,22.71202102244938,hardRunOrTrailRun,Stage 0 reproduction Stage 3 LOO,segment,,,,
12469144311,0.5,0.0,6714.0,8671.301589930446,1957.3015899304464,29.152540809211295,hardRunOrTrailRun,Stage 0 reproduction Stage 3 LOO,segment,,,,
12532587467,0.5,0.0,2807.0,3785.3999877977803,978.3999877977803,34.85571741352976,hardRunOrTrailRun,Stage 0 reproduction Stage 3 LOO,segment,,,,
12588932008,0.5,0.0,17378.0,18101.41078617429,723.4107861742887,4.162796559870461,hardRunOrTrailRun,Stage 0 reproduction Stage 3 LOO,segment,,,,
12923277981,0.5,0.0,2108.0,2417.4590860011963,309.4590860011963,14.680222296071928,hardRunOrTrailRun,Stage 0 reproduction Stage 3 LOO,segment,,,,
13024493247,0.5,0.0,3462.0,4131.6616581679245,669.6616581679245,19.343202142343287,hardRunOrTrailRun,Stage 0 reproduction Stage 3 LOO,segment,,,,
13066363809,0.5,0.0,1923.0,2342.700006432576,419.7000064325762,21.825273345427778,hardRunOrTrailRun,Stage 0 reproduction Stage 3 LOO,segment,,,,
13169655589,0.5,0.0,1961.0,2685.5437889352193,724.5437889352193,36.947668992107054,hardRunOrTrailRun,Stage 0 reproduction Stage 3 LOO,segment,,,,
13180970159,0.5,0.0,1911.0,2695.670058166413,784.6700581664131,41.0607042473267,hardRunOrTrailRun,Stage 0 reproduction Stage 3 LOO,segment,,,,
13194703589,0.5,0.0,1956.0,2809.490396163111,853.4903961631112,43.634478331447404,hardRunOrTrailRun,Stage 0 reproduction Stage 3 LOO,segment,,,,
13602011720,0.5,0.0,2276.0,3223.0377998769636,947.0377998769636,41.60974516155376,hardRunOrTrailRun,Stage 0 reproduction Stage 3 LOO,segment,,,,
13626651040,0.5,0.0,2805.0,4228.556014135567,1423.5560141355672,50.75066004048369,hardRunOrTrailRun,Stage 0 reproduction Stage 3 LOO,segment,,,,
13688400233,0.5,0.0,2363.0,3679.854837422373,1316.8548374223728,55.72809299290618,hardRunOrTrailRun,Stage 0 reproduction Stage 3 LOO,segment,,,,
13696739223,0.5,0.0,5809.0,8232.565351179604,2423.5653511796045,41.7208702217181,hardRunOrTrailRun,Stage 0 reproduction Stage 3 LOO,segment,,,,
13725623458,0.5,0.0,2081.0,3722.914113886757,1641.9141138867571,78.90024574179515,hardRunOrTrailRun,Stage 0 reproduction Stage 3 LOO,segment,,,,
13798314040,0.5,0.0,3877.0,5094.9464798107265,1217.9464798107265,31.414662878790985,hardRunOrTrailRun,Stage 0 reproduction Stage 3 LOO,segment,,,,
13824163131,0.5,0.0,3241.0,4490.408524002844,1249.4085240028444,38.5500933046234,hardRunOrTrailRun,Stage 0 reproduction Stage 3 LOO,segment,,,,
13845021507,0.5,0.0,2393.0,4005.0483286672084,1612.0483286672084,67.36516208387833,hardRunOrTrailRun,Stage 0 reproduction Stage 3 LOO,segment,,,,
13910406111,0.5,0.0,2366.0,3562.9312645647387,1196.9312645647387,50.58881084381821,hardRunOrTrailRun,Stage 0 reproduction Stage 3 LOO,segment,,,,
13947675380,0.5,0.0,8133.0,10240.72526788065,2107.725267880651,25.91571705251015,hardRunOrTrailRun,Stage 0 reproduction Stage 3 LOO,segment,,,,
14087416092,0.5,0.0,15517.0,13993.177135401116,-1523.8228645988838,-9.820344554996996,hardRunOrTrailRun,Stage 0 reproduction Stage 3 LOO,segment,,,,
14155390870,0.5,0.0,5996.0,7812.954085032216,1816.9540850322164,30.3027699304906,hardRunOrTrailRun,Stage 0 reproduction Stage 3 LOO,segment,,,,
14243922808,0.5,0.0,3758.0,5404.757710482794,1646.7577104827942,43.820056159733745,hardRunOrTrailRun,Stage 0 reproduction Stage 3 LOO,segment,,,,
14283547293,0.5,0.0,1893.0,2954.529791741303,1061.5297917413031,56.076586991088384,hardRunOrTrailRun,Stage 0 reproduction Stage 3 LOO,segment,,,,
14300194854,0.5,0.0,10836.0,13090.295874918793,2254.295874918793,20.80376407270942,hardRunOrTrailRun,Stage 0 reproduction Stage 3 LOO,segment,,,,
14388179928,0.5,0.0,3356.0,4547.476261563002,1191.4762615630016,35.50286834216333,hardRunOrTrailRun,Stage 0 reproduction Stage 3 LOO,segment,,,,
14511853016,0.5,0.0,3409.0,4142.792889551424,733.7928895514242,21.525165431253278,hardRunOrTrailRun,Stage 0 reproduction Stage 3 LOO,segment,,,,
14531574734,0.5,0.0,4250.0,5702.57785336093,1452.57785336093,34.17830243202189,hardRunOrTrailRun,Stage 0 reproduction Stage 3 LOO,segment,,,,
14736619046,0.5,0.0,7519.0,8777.506133849281,1258.5061338492815,16.737679662844545,hardRunOrTrailRun,Stage 0 reproduction Stage 3 LOO,segment,,,,
14765648151,0.5,0.0,3295.0,4618.707064048792,1323.7070640487918,40.173203764758476,hardRunOrTrailRun,Stage 0 reproduction Stage 3 LOO,segment,,,,
14852373707,0.5,0.0,2322.0,2246.5222053839398,-75.47779461606024,-3.2505510170568575,hardRunOrTrailRun,Stage 0 reproduction Stage 3 LOO,segment,,,,
14893241615,0.5,0.0,2746.0,3831.8948581683476,1085.8948581683476,39.544605177288695,hardRunOrTrailRun,Stage 0 reproduction Stage 3 LOO,segment,,,,
14953411411,0.5,0.0,33087.0,27207.268272317564,-5879.731727682436,-17.770519320828228,hardRunOrTrailRun,Stage 0 reproduction Stage 3 LOO,segment,,,,
15007483824,0.5,0.0,3314.0,5164.199120258589,1850.1991202585887,55.8297863686961,hardRunOrTrailRun,Stage 0 reproduction Stage 3 LOO,segment,,,,
15018253166,0.5,0.0,30983.0,20448.56336569852,-10534.43663430148,-34.000699203761684,hardRunOrTrailRun,Stage 0 reproduction Stage 3 LOO,segment,,,,
15059995436,0.5,0.0,7678.0,10198.541685743685,2520.541685743685,32.828102184731506,hardRunOrTrailRun,Stage 0 reproduction Stage 3 LOO,segment,,,,
15087396899,0.5,0.0,11532.0,16381.663133121818,4849.663133121818,42.05396404025163,hardRunOrTrailRun,Stage 0 reproduction Stage 3 LOO,segment,,,,
15114097922,0.5,0.0,33819.0,25890.08401008287,-7928.915989917132,-23.445152103601917,hardRunOrTrailRun,Stage 0 reproduction Stage 3 LOO,segment,,,,
15179557231,0.5,0.0,33543.0,20896.527049416454,-12646.472950583546,-37.7022715636155,hardRunOrTrailRun,Stage 0 reproduction Stage 3 LOO,segment,,,,
15224440864,0.5,0.0,6297.0,9362.000315680509,3065.0003156805087,48.67397674576002,hardRunOrTrailRun,Stage 0 reproduction Stage 3 LOO,segment,,,,
15250276952,0.5,0.0,7979.0,12822.096850120672,4843.096850120672,60.69804298935545,hardRunOrTrailRun,Stage 0 reproduction Stage 3 LOO,segment,,,,
15310799882,0.5,0.0,5452.0,7686.672908254466,2234.672908254466,40.98813111251772,hardRunOrTrailRun,Stage 0 reproduction Stage 3 LOO,segment,,,,
15329205386,0.5,0.0,10390.0,12543.515385966703,2153.5153859667025,20.726808334616965,hardRunOrTrailRun,Stage 0 reproduction Stage 3 LOO,segment,,,,
15367390310,0.5,0.0,3783.0,5722.622410217212,1939.6224102172118,51.27207005596648,hardRunOrTrailRun,Stage 0 reproduction Stage 3 LOO,segment,,,,
15424641872,0.5,0.0,5476.0,5846.0961965017905,370.0961965017905,6.758513449630945,hardRunOrTrailRun,Stage 0 reproduction Stage 3 LOO,segment,,,,
15493651485,0.5,0.0,4622.0,5861.930558398558,1239.9305583985579,26.82671048028035,hardRunOrTrailRun,Stage 0 reproduction Stage 3 LOO,segment,,,,
15563904138,0.5,0.0,42256.0,39713.56941153871,-2542.4305884612913,-6.01673274437072,hardRunOrTrailRun,Stage 0 reproduction Stage 3 LOO,segment,,,,
15652573322,0.5,0.0,3132.0,4006.9012697318267,874.9012697318267,27.93426787138655,hardRunOrTrailRun,Stage 0 reproduction Stage 3 LOO,segment,,,,
15717135978,0.5,0.0,14017.0,13219.487561537335,-797.5124384626652,-5.689608607138939,hardRunOrTrailRun,Stage 0 reproduction Stage 3 LOO,segment,,,,
15756279445,0.5,0.0,8201.0,8594.727764638275,393.7277646382754,4.800972620878861,hardRunOrTrailRun,Stage 0 reproduction Stage 3 LOO,segment,,,,
15809536896,0.5,0.0,6794.0,7055.80517119086,261.80517119086016,3.853476172959378,hardRunOrTrailRun,Stage 0 reproduction Stage 3 LOO,segment,,,,
15913800933,0.5,0.0,3009.0,3803.7101340830095,794.7101340830095,26.411104489299085,hardRunOrTrailRun,Stage 0 reproduction Stage 3 LOO,segment,,,,
15923504065,0.5,0.0,4057.0,4701.081966472973,644.0819664729734,15.875818744712186,hardRunOrTrailRun,Stage 0 reproduction Stage 3 LOO,segment,,,,
15961811819,0.5,0.0,2785.0,4649.633853337233,1864.6338533372327,66.95274159200117,hardRunOrTrailRun,Stage 0 reproduction Stage 3 LOO,segment,,,,
16043688171,0.5,0.0,7974.0,6483.985942405426,-1490.0140575945743,-18.685904910892578,hardRunOrTrailRun,Stage 0 reproduction Stage 3 LOO,segment,,,,
16043688538,0.5,0.0,18442.0,15608.311633305892,-2833.6883666941085,-15.36540704204592,hardRunOrTrailRun,Stage 0 reproduction Stage 3 LOO,segment,,,,
16043688740,0.5,0.0,28210.0,20229.767797151704,-7980.232202848296,-28.288664313535257,hardRunOrTrailRun,Stage 0 reproduction Stage 3 LOO,segment,,,,
16078947736,0.5,0.0,2945.0,4974.194471258168,2029.194471258168,68.90303807328245,hardRunOrTrailRun,Stage 0 reproduction Stage 3 LOO,segment,,,,
16106633286,0.5,0.0,15404.0,11407.642653855992,-3996.3573461440083,-25.94363377138411,hardRunOrTrailRun,Stage 0 reproduction Stage 3 LOO,segment,,,,
16121104478,0.5,0.0,5582.0,7797.915044160183,2215.9150441601832,39.69751064421683,hardRunOrTrailRun,Stage 0 reproduction Stage 3 LOO,segment,,,,
16163570178,0.5,0.0,3062.0,4804.443421143886,1742.4434211438856,56.905402388761786,hardRunOrTrailRun,Stage 0 reproduction Stage 3 LOO,segment,,,,
16183294852,0.5,0.0,3140.0,5232.371738284003,2092.371738284003,66.63604262050966,hardRunOrTrailRun,Stage 0 reproduction Stage 3 LOO,segment,,,,
16213470764,0.5,0.0,6317.0,7393.024432294092,1076.0244322940916,17.033788701821937,hardRunOrTrailRun,Stage 0 reproduction Stage 3 LOO,segment,,,,
16235724470,0.5,0.0,3841.0,5031.871318448541,1190.8713184485414,31.004199907538176,hardRunOrTrailRun,Stage 0 reproduction Stage 3 LOO,segment,,,,
16251238864,0.5,0.0,4467.0,4826.5623321691655,359.56233216916553,8.049302264812303,hardRunOrTrailRun,Stage 0 reproduction Stage 3 LOO,segment,,,,
16262137158,0.5,0.0,10091.0,8587.379475880673,-1503.6205241193275,-14.900609692987091,hardRunOrTrailRun,Stage 0 reproduction Stage 3 LOO,segment,,,,
16285738312,0.5,0.0,3949.0,5762.917258403712,1813.9172584037124,45.93358466456603,hardRunOrTrailRun,Stage 0 reproduction Stage 3 LOO,segment,,,,
16325125849,0.5,0.0,10638.0,14117.657521277793,3479.6575212777934,32.70969657151526,hardRunOrTrailRun,Stage 0 reproduction Stage 3 LOO,segment,,,,
16335274846,0.5,0.0,8540.0,9828.200319882062,1288.200319882062,15.084312879181056,hardRunOrTrailRun,Stage 0 reproduction Stage 3 LOO,segment,,,,
16466621813,0.5,0.0,7487.0,9268.563851068873,1781.5638510688732,23.79543009307965,hardRunOrTrailRun,Stage 0 reproduction Stage 3 LOO,segment,,,,
17383625132,0.5,0.0,5217.0,7427.530036186407,2210.5300361864074,42.37167023550714,hardRunOrTrailRun,Stage 0 reproduction Stage 3 LOO,segment,,,,
17437915260,0.5,0.0,2526.0,4008.380046178288,1482.380046178288,58.68487910444529,hardRunOrTrailRun,Stage 0 reproduction Stage 3 LOO,segment,,,,
17481444994,0.5,0.0,12779.0,17404.567697711835,4625.567697711835,36.196632738961064,hardRunOrTrailRun,Stage 0 reproduction Stage 3 LOO,segment,,,,
17528738922,0.5,0.0,2736.0,4549.19413499145,1813.1941349914496,66.2717154602138,hardRunOrTrailRun,Stage 0 reproduction Stage 3 LOO,segment,,,,
17591239723,0.5,0.0,4034.0,7035.54685365324,3001.54685365324,74.40621848421517,hardRunOrTrailRun,Stage 0 reproduction Stage 3 LOO,segment,,,,
17646695382,0.5,0.0,7474.0,10281.582947401048,2807.582947401048,37.56466346536055,hardRunOrTrailRun,Stage 0 reproduction Stage 3 LOO,segment,,,,
17815897198,0.5,-0.05,13634.0,18581.23394361189,4947.233943611889,36.28600516071504,hardRunOrTrailRun,Stage 0 reproduction Stage 3 LOO,segment,,,,
18160385145,0.5,0.0,13509.0,14499.309373022708,990.3093730227083,7.330737826802193,hardRunOrTrailRun,Stage 0 reproduction Stage 3 LOO,segment,,,,
18223569115,0.5,0.0,1879.0,2668.9319173572253,789.9319173572253,42.04001688968735,hardRunOrTrailRun,Stage 0 reproduction Stage 3 LOO,segment,,,,
18516570001,0.5,0.0,8382.0,7577.856725451893,-804.143274548107,-9.593692132523348,hardRunOrTrailRun,Stage 0 reproduction Stage 3 LOO,segment,,,,
11277623453,0.5,,1918.0,2478.762540241962,560.7625402419621,29.23683734316799,hardRunOrTrailRun,Stage 1 TRIMP fatigue CTL LOO,segment,0.4,linear,decayed,decayedTrimpBefore
11387382620,0.5,,3148.0,3191.428737017655,43.42873701765484,1.3795659789598105,hardRunOrTrailRun,Stage 1 TRIMP fatigue CTL LOO,segment,0.4,linear,decayed,decayedTrimpBefore
11462693706,0.5,,3174.0,3735.7446712585374,561.7446712585374,17.698319825410756,hardRunOrTrailRun,Stage 1 TRIMP fatigue CTL LOO,segment,0.4,linear,decayed,decayedTrimpBefore
11562663514,0.5,,3229.0,3645.9988115015985,416.99881150159854,12.914178120210545,hardRunOrTrailRun,Stage 1 TRIMP fatigue CTL LOO,segment,0.4,linear,decayed,decayedTrimpBefore
11587123521,0.5,,1887.0,2473.2215025105156,586.2215025105156,31.066322337600194,hardRunOrTrailRun,Stage 1 TRIMP fatigue CTL LOO,segment,0.4,linear,decayed,decayedTrimpBefore
11637384443,0.5,,3410.0,4248.64860844721,838.6486084472099,24.59380083422903,hardRunOrTrailRun,Stage 1 TRIMP fatigue CTL LOO,segment,0.4,linear,decayed,decayedTrimpBefore
11704501213,0.5,,3874.0,5032.817139883677,1158.8171398836766,29.912677849346323,hardRunOrTrailRun,Stage 1 TRIMP fatigue CTL LOO,segment,0.4,linear,decayed,decayedTrimpBefore
11730667820,0.5,,3369.0,4127.210160427015,758.2101604270147,22.50549600555104,hardRunOrTrailRun,Stage 1 TRIMP fatigue CTL LOO,segment,0.4,linear,decayed,decayedTrimpBefore
11759480552,0.5,,5536.0,7169.174536386156,1633.1745363861564,29.500985122582307,hardRunOrTrailRun,Stage 1 TRIMP fatigue CTL LOO,segment,0.4,linear,decayed,decayedTrimpBefore
11815743705,0.5,,3211.0,4399.018728634941,1188.018728634941,36.99840325864033,hardRunOrTrailRun,Stage 1 TRIMP fatigue CTL LOO,segment,0.4,linear,decayed,decayedTrimpBefore
12000338229,0.5,,9824.0,11007.673715171957,1183.6737151719572,12.0487959606266,hardRunOrTrailRun,Stage 1 TRIMP fatigue CTL LOO,segment,0.4,linear,decayed,decayedTrimpBefore
12033703768,0.5,,4341.0,5267.326579327529,926.3265793275286,21.339013575847236,hardRunOrTrailRun,Stage 1 TRIMP fatigue CTL LOO,segment,0.4,linear,decayed,decayedTrimpBefore
12063923301,0.5,,3335.0,4293.382463419358,958.3824634193579,28.737105349905782,hardRunOrTrailRun,Stage 1 TRIMP fatigue CTL LOO,segment,0.4,linear,decayed,decayedTrimpBefore
12122982163,0.5,,5150.0,5625.4867531751715,475.48675317517154,9.232752488838281,hardRunOrTrailRun,Stage 1 TRIMP fatigue CTL LOO,segment,0.4,linear,decayed,decayedTrimpBefore
12147822484,0.5,,2076.0,3025.3504817513376,949.3504817513376,45.72979199187561,hardRunOrTrailRun,Stage 1 TRIMP fatigue CTL LOO,segment,0.4,linear,decayed,decayedTrimpBefore
12177245147,0.5,,8181.0,10458.44899255633,2277.4489925563303,27.838271513950986,hardRunOrTrailRun,Stage 1 TRIMP fatigue CTL LOO,segment,0.4,linear,decayed,decayedTrimpBefore
12215183637,0.5,,2398.0,3312.0276985749488,914.0276985749488,38.11625098310879,hardRunOrTrailRun,Stage 1 TRIMP fatigue CTL LOO,segment,0.4,linear,decayed,decayedTrimpBefore
12231235107,0.5,,4474.0,5872.9480409695925,1398.9480409695925,31.26839608783175,hardRunOrTrailRun,Stage 1 TRIMP fatigue CTL LOO,segment,0.4,linear,decayed,decayedTrimpBefore
12351986883,0.5,,2360.0,2255.545758488527,-104.4542415114729,-4.42602718268953,hardRunOrTrailRun,Stage 1 TRIMP fatigue CTL LOO,segment,0.4,linear,decayed,decayedTrimpBefore
12368406803,0.5,,2107.0,2244.7850923221085,137.78509232210854,6.539396882871787,hardRunOrTrailRun,Stage 1 TRIMP fatigue CTL LOO,segment,0.4,linear,decayed,decayedTrimpBefore
12385954488,0.5,,2041.0,2275.8764214398,234.8764214398002,11.507908938745723,hardRunOrTrailRun,Stage 1 TRIMP fatigue CTL LOO,segment,0.4,linear,decayed,decayedTrimpBefore
12415493314,0.5,,3761.0,4164.579825094011,403.57982509401063,10.730652089710466,hardRunOrTrailRun,Stage 1 TRIMP fatigue CTL LOO,segment,0.4,linear,decayed,decayedTrimpBefore
12435526893,0.5,,2374.0,2840.2437422840653,466.2437422840653,19.639584763439988,hardRunOrTrailRun,Stage 1 TRIMP fatigue CTL LOO,segment,0.4,linear,decayed,decayedTrimpBefore
12453142102,0.5,,2902.0,3118.3451817094924,216.3451817094924,7.455037274620689,hardRunOrTrailRun,Stage 1 TRIMP fatigue CTL LOO,segment,0.4,linear,decayed,decayedTrimpBefore
12469144311,0.5,,6714.0,7691.696683720084,977.6966837200844,14.562059632411145,hardRunOrTrailRun,Stage 1 TRIMP fatigue CTL LOO,segment,0.4,linear,decayed,decayedTrimpBefore
12532587467,0.5,,2807.0,3312.253753025753,505.2537530257532,17.999777450151523,hardRunOrTrailRun,Stage 1 TRIMP fatigue CTL LOO,segment,0.4,linear,decayed,decayedTrimpBefore
12588932008,0.5,,17378.0,15992.931755514608,-1385.068244485392,-7.970239639114926,hardRunOrTrailRun,Stage 1 TRIMP fatigue CTL LOO,segment,0.4,linear,decayed,decayedTrimpBefore
12923277981,0.5,,2108.0,2110.911001484141,2.9110014841407974,0.1380930495322959,hardRunOrTrailRun,Stage 1 TRIMP fatigue CTL LOO,segment,0.4,linear,decayed,decayedTrimpBefore
13024493247,0.5,,3462.0,3623.7410933362676,161.74109333626757,4.671897554484909,hardRunOrTrailRun,Stage 1 TRIMP fatigue CTL LOO,segment,0.4,linear,decayed,decayedTrimpBefore
13066363809,0.5,,1923.0,2040.1178245874341,117.11782458743414,6.0903704933663105,hardRunOrTrailRun,Stage 1 TRIMP fatigue CTL LOO,segment,0.4,linear,decayed,decayedTrimpBefore
13169655589,0.5,,1961.0,2339.378266457729,378.37826645772884,19.29516912074089,hardRunOrTrailRun,Stage 1 TRIMP fatigue CTL LOO,segment,0.4,linear,decayed,decayedTrimpBefore
13180970159,0.5,,1911.0,2351.591460287672,440.5914602876719,23.055544756026787,hardRunOrTrailRun,Stage 1 TRIMP fatigue CTL LOO,segment,0.4,linear,decayed,decayedTrimpBefore
13194703589,0.5,,1956.0,2445.020162109708,489.02016210970805,25.00103078270491,hardRunOrTrailRun,Stage 1 TRIMP fatigue CTL LOO,segment,0.4,linear,decayed,decayedTrimpBefore
13602011720,0.5,,2276.0,2819.291458365232,543.2914583652318,23.870450719034793,hardRunOrTrailRun,Stage 1 TRIMP fatigue CTL LOO,segment,0.4,linear,decayed,decayedTrimpBefore
13626651040,0.5,,2805.0,3698.6021984826452,893.6021984826452,31.85747588173423,hardRunOrTrailRun,Stage 1 TRIMP fatigue CTL LOO,segment,0.4,linear,decayed,decayedTrimpBefore
13688400233,0.5,,2363.0,3214.7310810215686,851.7310810215686,36.044480788047764,hardRunOrTrailRun,Stage 1 TRIMP fatigue CTL LOO,segment,0.4,linear,decayed,decayedTrimpBefore
13696739223,0.5,,5809.0,7307.300402315731,1498.300402315731,25.7927423363011,hardRunOrTrailRun,Stage 1 TRIMP fatigue CTL LOO,segment,0.4,linear,decayed,decayedTrimpBefore
13725623458,0.5,,2081.0,3245.423051202125,1164.423051202125,55.954976030856564,hardRunOrTrailRun,Stage 1 TRIMP fatigue CTL LOO,segment,0.4,linear,decayed,decayedTrimpBefore
13798314040,0.5,,3877.0,4431.787562523936,554.7875625239358,14.309712729531487,hardRunOrTrailRun,Stage 1 TRIMP fatigue CTL LOO,segment,0.4,linear,decayed,decayedTrimpBefore
13824163131,0.5,,3241.0,3935.55485351091,694.5548535109101,21.43026391579482,hardRunOrTrailRun,Stage 1 TRIMP fatigue CTL LOO,segment,0.4,linear,decayed,decayedTrimpBefore
13845021507,0.5,,2393.0,3492.571562437852,1099.5715624378522,45.949501146588055,hardRunOrTrailRun,Stage 1 TRIMP fatigue CTL LOO,segment,0.4,linear,decayed,decayedTrimpBefore
13910406111,0.5,,2366.0,3109.7659209767057,743.7659209767057,31.435584149480377,hardRunOrTrailRun,Stage 1 TRIMP fatigue CTL LOO,segment,0.4,linear,decayed,decayedTrimpBefore
13947675380,0.5,,8133.0,8944.538009175702,811.5380091757015,9.978335290491842,hardRunOrTrailRun,Stage 1 TRIMP fatigue CTL LOO,segment,0.4,linear,decayed,decayedTrimpBefore
14087416092,0.5,,15517.0,12469.050584732462,-3047.949415267538,-19.64264622844324,hardRunOrTrailRun,Stage 1 TRIMP fatigue CTL LOO,segment,0.4,linear,decayed,decayedTrimpBefore
14155390870,0.5,,5996.0,6911.826647615302,915.8266476153021,15.273960100321919,hardRunOrTrailRun,Stage 1 TRIMP fatigue CTL LOO,segment,0.4,linear,decayed,decayedTrimpBefore
14243922808,0.5,,3758.0,4739.62155099872,981.6215509987196,26.12085021284512,hardRunOrTrailRun,Stage 1 TRIMP fatigue CTL LOO,segment,0.4,linear,decayed,decayedTrimpBefore
14283547293,0.5,,1893.0,2571.0503023572687,678.0503023572687,35.8188221002255,hardRunOrTrailRun,Stage 1 TRIMP fatigue CTL LOO,segment,0.4,linear,decayed,decayedTrimpBefore
14300194854,0.5,,10836.0,11716.298688505382,880.2986885053815,8.123834334674985,hardRunOrTrailRun,Stage 1 TRIMP fatigue CTL LOO,segment,0.4,linear,decayed,decayedTrimpBefore
14388179928,0.5,,3356.0,3990.733677006296,634.7336770062961,18.913399195658407,hardRunOrTrailRun,Stage 1 TRIMP fatigue CTL LOO,segment,0.4,linear,decayed,decayedTrimpBefore
14511853016,0.5,,3409.0,3632.9399200446464,223.93992004464644,6.5690794967628765,hardRunOrTrailRun,Stage 1 TRIMP fatigue CTL LOO,segment,0.4,linear,decayed,decayedTrimpBefore
14531574734,0.5,,4250.0,4969.98777869591,719.9877786959096,16.940888910491992,hardRunOrTrailRun,Stage 1 TRIMP fatigue CTL LOO,segment,0.4,linear,decayed,decayedTrimpBefore
14736619046,0.5,,7519.0,7732.667797106792,213.66779710679202,2.841704975485996,hardRunOrTrailRun,Stage 1 TRIMP fatigue CTL LOO,segment,0.4,linear,decayed,decayedTrimpBefore
14765648151,0.5,,3295.0,4056.91322274972,761.9132227497198,23.12331480272291,hardRunOrTrailRun,Stage 1 TRIMP fatigue CTL LOO,segment,0.4,linear,decayed,decayedTrimpBefore
14852373707,0.5,,2322.0,1957.224656129113,-364.7753438708869,-15.709532466446463,hardRunOrTrailRun,Stage 1 TRIMP fatigue CTL LOO,segment,0.4,linear,decayed,decayedTrimpBefore
14893241615,0.5,,2746.0,3354.648268333823,608.6482683338231,22.164904163649787,hardRunOrTrailRun,Stage 1 TRIMP fatigue CTL LOO,segment,0.4,linear,decayed,decayedTrimpBefore
14953411411,0.5,,33087.0,24315.16874905356,-8771.831250946441,-26.511413095615925,hardRunOrTrailRun,Stage 1 TRIMP fatigue CTL LOO,segment,0.4,linear,decayed,decayedTrimpBefore
15007483824,0.5,,3314.0,4524.935901084224,1210.9359010842236,36.54000908522099,hardRunOrTrailRun,Stage 1 TRIMP fatigue CTL LOO,segment,0.4,linear,decayed,decayedTrimpBefore
15018253166,0.5,,30983.0,18168.409967010077,-12814.590032989923,-41.36006853109745,hardRunOrTrailRun,Stage 1 TRIMP fatigue CTL LOO,segment,0.4,linear,decayed,decayedTrimpBefore
15059995436,0.5,,7678.0,8967.740433355448,1289.7404333554477,16.79786967120927,hardRunOrTrailRun,Stage 1 TRIMP fatigue CTL LOO,segment,0.4,linear,decayed,decayedTrimpBefore
15087396899,0.5,,11532.0,14586.864303327187,3054.8643033271874,26.490325210953756,hardRunOrTrailRun,Stage 1 TRIMP fatigue CTL LOO,segment,0.4,linear,decayed,decayedTrimpBefore
15114097922,0.5,,33819.0,22960.709521180223,-10858.290478819777,-32.10707140607285,hardRunOrTrailRun,Stage 1 TRIMP fatigue CTL LOO,segment,0.4,linear,decayed,decayedTrimpBefore
15179557231,0.5,,33543.0,18378.973478999687,-15164.026521000313,-45.20772298542263,hardRunOrTrailRun,Stage 1 TRIMP fatigue CTL LOO,segment,0.4,linear,decayed,decayedTrimpBefore
15224440864,0.5,,6297.0,8277.125393623146,1980.125393623146,31.445535868241166,hardRunOrTrailRun,Stage 1 TRIMP fatigue CTL LOO,segment,0.4,linear,decayed,decayedTrimpBefore
15250276952,0.5,,7979.0,11319.964023836657,3340.9640238366574,41.8719642039937,hardRunOrTrailRun,Stage 1 TRIMP fatigue CTL LOO,segment,0.4,linear,decayed,decayedTrimpBefore
15310799882,0.5,,5452.0,6754.059731246041,1302.0597312460413,23.882240118232602,hardRunOrTrailRun,Stage 1 TRIMP fatigue CTL LOO,segment,0.4,linear,decayed,decayedTrimpBefore
15329205386,0.5,,10390.0,10982.964116630286,592.9641166302863,5.7070656076062205,hardRunOrTrailRun,Stage 1 TRIMP fatigue CTL LOO,segment,0.4,linear,decayed,decayedTrimpBefore
15367390310,0.5,,3783.0,5006.385572782845,1223.385572782845,32.33903179441832,hardRunOrTrailRun,Stage 1 TRIMP fatigue CTL LOO,segment,0.4,linear,decayed,decayedTrimpBefore
15424641872,0.5,,5476.0,5108.397557438935,-367.6024425610649,-6.712973750202061,hardRunOrTrailRun,Stage 1 TRIMP fatigue CTL LOO,segment,0.4,linear,decayed,decayedTrimpBefore
15493651485,0.5,,4622.0,5121.789891603665,499.7898916036647,10.813281947288289,hardRunOrTrailRun,Stage 1 TRIMP fatigue CTL LOO,segment,0.4,linear,decayed,decayedTrimpBefore
15563904138,0.5,,42256.0,35785.76349261614,-6470.236507383859,-15.311994763782325,hardRunOrTrailRun,Stage 1 TRIMP fatigue CTL LOO,segment,0.4,linear,decayed,decayedTrimpBefore
15652573322,0.5,,3132.0,3518.7537951648633,386.7537951648633,12.348460892875583,hardRunOrTrailRun,Stage 1 TRIMP fatigue CTL LOO,segment,0.4,linear,decayed,decayedTrimpBefore
15717135978,0.5,,14017.0,11671.568177632644,-2345.4318223673563,-16.7327660866616,hardRunOrTrailRun,Stage 1 TRIMP fatigue CTL LOO,segment,0.4,linear,decayed,decayedTrimpBefore
15756279445,0.5,,8201.0,7543.8160685783805,-657.1839314216195,-8.013460936734782,hardRunOrTrailRun,Stage 1 TRIMP fatigue CTL LOO,segment,0.4,linear,decayed,decayedTrimpBefore
15809536896,0.5,,6794.0,6316.9022532124445,-477.0977467875555,-7.022339517037908,hardRunOrTrailRun,Stage 1 TRIMP fatigue CTL LOO,segment,0.4,linear,decayed,decayedTrimpBefore
15913800933,0.5,,3009.0,3340.6257654125525,331.6257654125525,11.021128794036308,hardRunOrTrailRun,Stage 1 TRIMP fatigue CTL LOO,segment,0.4,linear,decayed,decayedTrimpBefore
15923504065,0.5,,4057.0,4092.7950544639784,35.79505446397843,0.8823035362084899,hardRunOrTrailRun,Stage 1 TRIMP fatigue CTL LOO,segment,0.4,linear,decayed,decayedTrimpBefore
15961811819,0.5,,2785.0,4106.175950131995,1321.1759501319948,47.43899282341094,hardRunOrTrailRun,Stage 1 TRIMP fatigue CTL LOO,segment,0.4,linear,decayed,decayedTrimpBefore
16043688171,0.5,,7974.0,5666.965871878916,-2307.034128121084,-28.931955456747982,hardRunOrTrailRun,Stage 1 TRIMP fatigue CTL LOO,segment,0.4,linear,decayed,decayedTrimpBefore
16043688538,0.5,,18442.0,13658.066049191171,-4783.933950808829,-25.940429187771546,hardRunOrTrailRun,Stage 1 TRIMP fatigue CTL LOO,segment,0.4,linear,decayed,decayedTrimpBefore
16043688740,0.5,,28210.0,17915.963416346338,-10294.036583653662,-36.49073585130685,hardRunOrTrailRun,Stage 1 TRIMP fatigue CTL LOO,segment,0.4,linear,decayed,decayedTrimpBefore
16078947736,0.5,,2945.0,4351.914949068117,1406.9149490681166,47.77300336394284,hardRunOrTrailRun,Stage 1 TRIMP fatigue CTL LOO,segment,0.4,linear,decayed,decayedTrimpBefore
16106633286,0.5,,15404.0,10005.75410965412,-5398.245890345879,-35.04444228996286,hardRunOrTrailRun,Stage 1 TRIMP fatigue CTL LOO,segment,0.4,linear,decayed,decayedTrimpBefore
16121104478,0.5,,5582.0,6844.651297037277,1262.651297037277,22.620051899628752,hardRunOrTrailRun,Stage 1 TRIMP fatigue CTL LOO,segment,0.4,linear,decayed,decayedTrimpBefore
16163570178,0.5,,3062.0,4197.696178042963,1135.6961780429629,37.09001234627573,hardRunOrTrailRun,Stage 1 TRIMP fatigue CTL LOO,segment,0.4,linear,decayed,decayedTrimpBefore
16183294852,0.5,,3140.0,4618.046127946177,1478.046127946177,47.07153273713939,hardRunOrTrailRun,Stage 1 TRIMP fatigue CTL LOO,segment,0.4,linear,decayed,decayedTrimpBefore
16213470764,0.5,,6317.0,6505.365234178058,188.36523417805802,2.981878014533133,hardRunOrTrailRun,Stage 1 TRIMP fatigue CTL LOO,segment,0.4,linear,decayed,decayedTrimpBefore
16235724470,0.5,,3841.0,4403.882338014106,562.8823380141057,14.654577922783277,hardRunOrTrailRun,Stage 1 TRIMP fatigue CTL LOO,segment,0.4,linear,decayed,decayedTrimpBefore
16251238864,0.5,,4467.0,4207.833671824604,-259.1663281753963,-5.801798257788142,hardRunOrTrailRun,Stage 1 TRIMP fatigue CTL LOO,segment,0.4,linear,decayed,decayedTrimpBefore
16262137158,0.5,,10091.0,7546.9694682720965,-2544.0305317279035,-25.210886252382352,hardRunOrTrailRun,Stage 1 TRIMP fatigue CTL LOO,segment,0.4,linear,decayed,decayedTrimpBefore
16285738312,0.5,,3949.0,5056.934352635147,1107.9343526351468,28.056073756271125,hardRunOrTrailRun,Stage 1 TRIMP fatigue CTL LOO,segment,0.4,linear,decayed,decayedTrimpBefore
16325125849,0.5,,10638.0,12553.342461450584,1915.3424614505839,18.004723269887045,hardRunOrTrailRun,Stage 1 TRIMP fatigue CTL LOO,segment,0.4,linear,decayed,decayedTrimpBefore
16335274846,0.5,,8540.0,8576.759043903305,36.7590439033047,0.4304337693595398,hardRunOrTrailRun,Stage 1 TRIMP fatigue CTL LOO,segment,0.4,linear,decayed,decayedTrimpBefore
16466621813,0.5,,7487.0,8132.605853884704,645.6058538847037,8.623024627817601,hardRunOrTrailRun,Stage 1 TRIMP fatigue CTL LOO,segment,0.4,linear,decayed,decayedTrimpBefore
17383625132,0.5,,5217.0,6529.4895425171035,1312.4895425171035,25.15793641014191,hardRunOrTrailRun,Stage 1 TRIMP fatigue CTL LOO,segment,0.4,linear,decayed,decayedTrimpBefore
17437915260,0.5,,2526.0,3501.2897491969075,975.2897491969075,38.6100454947311,hardRunOrTrailRun,Stage 1 TRIMP fatigue CTL LOO,segment,0.4,linear,decayed,decayedTrimpBefore
17481444994,0.5,,12779.0,15448.968978790796,2669.9689787907955,20.893410899059358,hardRunOrTrailRun,Stage 1 TRIMP fatigue CTL LOO,segment,0.4,linear,decayed,decayedTrimpBefore
17528738922,0.5,,2736.0,3982.497163776623,1246.497163776623,45.559106863180666,hardRunOrTrailRun,Stage 1 TRIMP fatigue CTL LOO,segment,0.4,linear,decayed,decayedTrimpBefore
17591239723,0.5,,4034.0,6171.291908200788,2137.2919082007884,52.981951120495495,hardRunOrTrailRun,Stage 1 TRIMP fatigue CTL LOO,segment,0.4,linear,decayed,decayedTrimpBefore
17646695382,0.5,,7474.0,9035.078313126693,1561.0783131266926,20.886785029792517,hardRunOrTrailRun,Stage 1 TRIMP fatigue CTL LOO,segment,0.4,linear,decayed,decayedTrimpBefore
17815897198,0.5,,13634.0,15960.966318379613,2326.966318379613,17.067378013639527,hardRunOrTrailRun,Stage 1 TRIMP fatigue CTL LOO,segment,0.4,linear,decayed,decayedTrimpBefore
18160385145,0.5,,13509.0,12908.964232710414,-600.0357672895861,-4.441748221849036,hardRunOrTrailRun,Stage 1 TRIMP fatigue CTL LOO,segment,0.4,linear,decayed,decayedTrimpBefore
18223569115,0.5,,1879.0,2326.8326046141024,447.83260461410237,23.833560650032055,hardRunOrTrailRun,Stage 1 TRIMP fatigue CTL LOO,segment,0.4,linear,decayed,decayedTrimpBefore
18516570001,0.5,,8382.0,6642.335633072132,-1739.6643669278683,-20.754764577998905,hardRunOrTrailRun,Stage 1 TRIMP fatigue CTL LOO,segment,0.4,linear,decayed,decayedTrimpBefore
11277623453,0.5,,1918.0,2478.762540241962,560.7625402419621,29.23683734316799,hardRunOrTrailRun,Stage 2 TRIMP fatigue REDI LOO,segment,0.4,linear,decayed,decayedTrimpBefore
11387382620,0.5,,3148.0,3562.9703989847017,414.97039898470166,13.182033004596622,hardRunOrTrailRun,Stage 2 TRIMP fatigue REDI LOO,segment,0.4,linear,decayed,decayedTrimpBefore
11462693706,0.5,,3174.0,4063.72709746153,889.7270974615299,28.031729598661936,hardRunOrTrailRun,Stage 2 TRIMP fatigue REDI LOO,segment,0.4,linear,decayed,decayedTrimpBefore
11562663514,0.5,,3229.0,3846.336395611146,617.3363956111461,19.118500948007004,hardRunOrTrailRun,Stage 2 TRIMP fatigue REDI LOO,segment,0.4,linear,decayed,decayedTrimpBefore
11587123521,0.5,,1887.0,2677.8484603977927,790.8484603977927,41.91035826167423,hardRunOrTrailRun,Stage 2 TRIMP fatigue REDI LOO,segment,0.4,linear,decayed,decayedTrimpBefore
11637384443,0.5,,3410.0,4518.550014640713,1108.550014640713,32.508798083305365,hardRunOrTrailRun,Stage 2 TRIMP fatigue REDI LOO,segment,0.4,linear,decayed,decayedTrimpBefore
11704501213,0.5,,3874.0,5323.976042549135,1449.976042549135,37.42839552269321,hardRunOrTrailRun,Stage 2 TRIMP fatigue REDI LOO,segment,0.4,linear,decayed,decayedTrimpBefore
11730667820,0.5,,3369.0,4338.035527537081,969.0355275370812,28.763298531821942,hardRunOrTrailRun,Stage 2 TRIMP fatigue REDI LOO,segment,0.4,linear,decayed,decayedTrimpBefore
11759480552,0.5,,5536.0,7487.466260933518,1951.4662609335182,35.25047436657367,hardRunOrTrailRun,Stage 2 TRIMP fatigue REDI LOO,segment,0.4,linear,decayed,decayedTrimpBefore
11815743705,0.5,,3211.0,4545.194555480788,1334.194555480788,41.55074915854214,hardRunOrTrailRun,Stage 2 TRIMP fatigue REDI LOO,segment,0.4,linear,decayed,decayedTrimpBefore
12000338229,0.5,,9824.0,11163.358640718681,1339.3586407186813,13.633536652266706,hardRunOrTrailRun,Stage 2 TRIMP fatigue REDI LOO,segment,0.4,linear,decayed,decayedTrimpBefore
12033703768,0.5,,4341.0,5301.321877705317,960.3218777053171,22.122134939076645,hardRunOrTrailRun,Stage 2 TRIMP fatigue REDI LOO,segment,0.4,linear,decayed,decayedTrimpBefore
12063923301,0.5,,3335.0,4316.447986481941,981.4479864819414,29.428725231842318,hardRunOrTrailRun,Stage 2 TRIMP fatigue REDI LOO,segment,0.4,linear,decayed,decayedTrimpBefore
12122982163,0.5,,5150.0,5658.031074733618,508.03107473361797,9.864681062788698,hardRunOrTrailRun,Stage 2 TRIMP fatigue REDI LOO,segment,0.4,linear,decayed,decayedTrimpBefore
12147822484,0.5,,2076.0,3032.96905733766,956.9690573376602,46.09677540162139,hardRunOrTrailRun,Stage 2 TRIMP fatigue REDI LOO,segment,0.4,linear,decayed,decayedTrimpBefore
12177245147,0.5,,8181.0,10476.0824866151,2295.0824866150997,28.053813551095217,hardRunOrTrailRun,Stage 2 TRIMP fatigue REDI LOO,segment,0.4,linear,decayed,decayedTrimpBefore
12215183637,0.5,,2398.0,3312.0276985749488,914.0276985749488,38.11625098310879,hardRunOrTrailRun,Stage 2 TRIMP fatigue REDI LOO,segment,0.4,linear,decayed,decayedTrimpBefore
12231235107,0.5,,4474.0,5845.509631739341,1371.5096317393409,30.655110231098366,hardRunOrTrailRun,Stage 2 TRIMP fatigue REDI LOO,segment,0.4,linear,decayed,decayedTrimpBefore
12351986883,0.5,,2360.0,2255.545758488527,-104.4542415114729,-4.42602718268953,hardRunOrTrailRun,Stage 2 TRIMP fatigue REDI LOO,segment,0.4,linear,decayed,decayedTrimpBefore
12368406803,0.5,,2107.0,2244.7850923221085,137.78509232210854,6.539396882871787,hardRunOrTrailRun,Stage 2 TRIMP fatigue REDI LOO,segment,0.4,linear,decayed,decayedTrimpBefore
12385954488,0.5,,2041.0,2284.9942901540458,243.99429015404576,11.954644299561282,hardRunOrTrailRun,Stage 2 TRIMP fatigue REDI LOO,segment,0.4,linear,decayed,decayedTrimpBefore
12415493314,0.5,,3761.0,4187.08983694835,426.08983694835024,11.329163439201016,hardRunOrTrailRun,Stage 2 TRIMP fatigue REDI LOO,segment,0.4,linear,decayed,decayedTrimpBefore
12435526893,0.5,,2374.0,2853.7268124723896,479.7268124723896,20.207532117623824,hardRunOrTrailRun,Stage 2 TRIMP fatigue REDI LOO,segment,0.4,linear,decayed,decayedTrimpBefore
12453142102,0.5,,2902.0,3133.197225411342,231.19722541134206,7.96682375642116,hardRunOrTrailRun,Stage 2 TRIMP fatigue REDI LOO,segment,0.4,linear,decayed,decayedTrimpBefore
12469144311,0.5,,6714.0,7726.363060696104,1012.3630606961042,15.078389346084364,hardRunOrTrailRun,Stage 2 TRIMP fatigue REDI LOO,segment,0.4,linear,decayed,decayedTrimpBefore
12532587467,0.5,,2807.0,3323.6420070515824,516.6420070515824,18.405486535503467,hardRunOrTrailRun,Stage 2 TRIMP fatigue REDI LOO,segment,0.4,linear,decayed,decayedTrimpBefore
12588932008,0.5,,17378.0,16077.188324274619,-1300.811675725381,-7.485393461418926,hardRunOrTrailRun,Stage 2 TRIMP fatigue REDI LOO,segment,0.4,linear,decayed,decayedTrimpBefore
12923277981,0.5,,2108.0,2127.846521079381,19.84652107938109,0.9414858197049853,hardRunOrTrailRun,Stage 2 TRIMP fatigue REDI LOO,segment,0.4,linear,decayed,decayedTrimpBefore
13024493247,0.5,,3462.0,3649.138546227714,187.13854622771396,5.405503934942633,hardRunOrTrailRun,Stage 2 TRIMP fatigue REDI LOO,segment,0.4,linear,decayed,decayedTrimpBefore
13066363809,0.5,,1923.0,2052.1911561325865,129.19115613258646,6.718208847248386,hardRunOrTrailRun,Stage 2 TRIMP fatigue REDI LOO,segment,0.4,linear,decayed,decayedTrimpBefore
13169655589,0.5,,1961.0,2354.6336920176163,393.63369201761634,20.07311025077085,hardRunOrTrailRun,Stage 2 TRIMP fatigue REDI LOO,segment,0.4,linear,decayed,decayedTrimpBefore
13180970159,0.5,,1911.0,2366.3711733310984,455.37117333109836,23.82894679911556,hardRunOrTrailRun,Stage 2 TRIMP fatigue REDI LOO,segment,0.4,linear,decayed,decayedTrimpBefore
13194703589,0.5,,1956.0,2459.330505749629,503.3305057496291,25.732643443232572,hardRunOrTrailRun,Stage 2 TRIMP fatigue REDI LOO,segment,0.4,linear,decayed,decayedTrimpBefore
13602011720,0.5,,2276.0,2838.952266875329,562.9522668753289,24.734282375893184,hardRunOrTrailRun,Stage 2 TRIMP fatigue REDI LOO,segment,0.4,linear,decayed,decayedTrimpBefore
13626651040,0.5,,2805.0,3721.5905342882993,916.5905342882993,32.67702439530479,hardRunOrTrailRun,Stage 2 TRIMP fatigue REDI LOO,segment,0.4,linear,decayed,decayedTrimpBefore
13688400233,0.5,,2363.0,3224.9886610225967,861.9886610225967,36.478572197316836,hardRunOrTrailRun,Stage 2 TRIMP fatigue REDI LOO,segment,0.4,linear,decayed,decayedTrimpBefore
13696739223,0.5,,5809.0,7322.524534885843,1513.5245348858434,26.05482070727911,hardRunOrTrailRun,Stage 2 TRIMP fatigue REDI LOO,segment,0.4,linear,decayed,decayedTrimpBefore
13725623458,0.5,,2081.0,3245.423051202125,1164.423051202125,55.954976030856564,hardRunOrTrailRun,Stage 2 TRIMP fatigue REDI LOO,segment,0.4,linear,decayed,decayedTrimpBefore
13798314040,0.5,,3877.0,4410.291701615079,533.2917016150786,13.755267000646857,hardRunOrTrailRun,Stage 2 TRIMP fatigue REDI LOO,segment,0.4,linear,decayed,decayedTrimpBefore
13824163131,0.5,,3241.0,3916.6211804559043,675.6211804559043,20.84607159691158,hardRunOrTrailRun,Stage 2 TRIMP fatigue REDI LOO,segment,0.4,linear,decayed,decayedTrimpBefore
13845021507,0.5,,2393.0,3471.8470508047258,1078.8470508047258,45.083453857280645,hardRunOrTrailRun,Stage 2 TRIMP fatigue REDI LOO,segment,0.4,linear,decayed,decayedTrimpBefore
13910406111,0.5,,2366.0,3097.874171411434,731.874171411434,30.932974277744464,hardRunOrTrailRun,Stage 2 TRIMP fatigue REDI LOO,segment,0.4,linear,decayed,decayedTrimpBefore
13947675380,0.5,,8133.0,8907.703177825771,774.7031778257715,9.525429458081538,hardRunOrTrailRun,Stage 2 TRIMP fatigue REDI LOO,segment,0.4,linear,decayed,decayedTrimpBefore
14087416092,0.5,,15517.0,12449.160193402347,-3067.8398065976526,-19.770830744329785,hardRunOrTrailRun,Stage 2 TRIMP fatigue REDI LOO,segment,0.4,linear,decayed,decayedTrimpBefore
14155390870,0.5,,5996.0,6879.855233690368,883.8552336903676,14.740747726657233,hardRunOrTrailRun,Stage 2 TRIMP fatigue REDI LOO,segment,0.4,linear,decayed,decayedTrimpBefore
14243922808,0.5,,3758.0,4714.824608428595,956.8246084285947,25.461006078461807,hardRunOrTrailRun,Stage 2 TRIMP fatigue REDI LOO,segment,0.4,linear,decayed,decayedTrimpBefore
14283547293,0.5,,1893.0,2558.484641406783,665.4846414067829,35.15502595915388,hardRunOrTrailRun,Stage 2 TRIMP fatigue REDI LOO,segment,0.4,linear,decayed,decayedTrimpBefore
14300194854,0.5,,10836.0,11660.709153888798,824.709153888798,7.610826447847896,hardRunOrTrailRun,Stage 2 TRIMP fatigue REDI LOO,segment,0.4,linear,decayed,decayedTrimpBefore
14388179928,0.5,,3356.0,3963.051189484077,607.051189484077,18.088533655663795,hardRunOrTrailRun,Stage 2 TRIMP fatigue REDI LOO,segment,0.4,linear,decayed,decayedTrimpBefore
14511853016,0.5,,3409.0,3621.6942776931946,212.69427769319464,6.239198524294357,hardRunOrTrailRun,Stage 2 TRIMP fatigue REDI LOO,segment,0.4,linear,decayed,decayedTrimpBefore
14531574734,0.5,,4250.0,4953.135042836653,703.1350428366532,16.54435394909772,hardRunOrTrailRun,Stage 2 TRIMP fatigue REDI LOO,segment,0.4,linear,decayed,decayedTrimpBefore
14736619046,0.5,,7519.0,7614.641768513686,95.64176851368575,1.2720011772002362,hardRunOrTrailRun,Stage 2 TRIMP fatigue REDI LOO,segment,0.4,linear,decayed,decayedTrimpBefore
14765648151,0.5,,3295.0,3993.467265915734,698.4672659157341,21.197792592283278,hardRunOrTrailRun,Stage 2 TRIMP fatigue REDI LOO,segment,0.4,linear,decayed,decayedTrimpBefore
14852373707,0.5,,2322.0,1937.4570990006964,-384.5429009993036,-16.56084844958241,hardRunOrTrailRun,Stage 2 TRIMP fatigue REDI LOO,segment,0.4,linear,decayed,decayedTrimpBefore
14893241615,0.5,,2746.0,3354.648268333823,608.6482683338231,22.164904163649787,hardRunOrTrailRun,Stage 2 TRIMP fatigue REDI LOO,segment,0.4,linear,decayed,decayedTrimpBefore
14953411411,0.5,,33087.0,24315.16874905356,-8771.831250946441,-26.511413095615925,hardRunOrTrailRun,Stage 2 TRIMP fatigue REDI LOO,segment,0.4,linear,decayed,decayedTrimpBefore
15007483824,0.5,,3314.0,4472.51916702364,1158.51916702364,34.95833334410501,hardRunOrTrailRun,Stage 2 TRIMP fatigue REDI LOO,segment,0.4,linear,decayed,decayedTrimpBefore
15018253166,0.5,,30983.0,18093.793094572356,-12889.206905427644,-41.60090018857968,hardRunOrTrailRun,Stage 2 TRIMP fatigue REDI LOO,segment,0.4,linear,decayed,decayedTrimpBefore
15059995436,0.5,,7678.0,8967.740433355448,1289.7404333554477,16.79786967120927,hardRunOrTrailRun,Stage 2 TRIMP fatigue REDI LOO,segment,0.4,linear,decayed,decayedTrimpBefore
15087396899,0.5,,11532.0,14356.123776845223,2824.123776845223,24.489453493281502,hardRunOrTrailRun,Stage 2 TRIMP fatigue REDI LOO,segment,0.4,linear,decayed,decayedTrimpBefore
15114097922,0.5,,33819.0,22960.709521180223,-10858.290478819777,-32.10707140607285,hardRunOrTrailRun,Stage 2 TRIMP fatigue REDI LOO,segment,0.4,linear,decayed,decayedTrimpBefore
15179557231,0.5,,33543.0,18033.230228494034,-15509.769771505966,-46.238469342354485,hardRunOrTrailRun,Stage 2 TRIMP fatigue REDI LOO,segment,0.4,linear,decayed,decayedTrimpBefore
15224440864,0.5,,6297.0,8092.852985590658,1795.8529855906581,28.519183509459396,hardRunOrTrailRun,Stage 2 TRIMP fatigue REDI LOO,segment,0.4,linear,decayed,decayedTrimpBefore
15250276952,0.5,,7979.0,11067.365289011837,3088.3652890118374,38.706169808395,hardRunOrTrailRun,Stage 2 TRIMP fatigue REDI LOO,segment,0.4,linear,decayed,decayedTrimpBefore
15310799882,0.5,,5452.0,6621.890491080594,1169.890491080594,21.458006072644793,hardRunOrTrailRun,Stage 2 TRIMP fatigue REDI LOO,segment,0.4,linear,decayed,decayedTrimpBefore
15329205386,0.5,,10390.0,10769.348334613444,379.3483346134435,3.6510908047492157,hardRunOrTrailRun,Stage 2 TRIMP fatigue REDI LOO,segment,0.4,linear,decayed,decayedTrimpBefore
15367390310,0.5,,3783.0,4910.0283645072805,1127.0283645072805,29.79192081700451,hardRunOrTrailRun,Stage 2 TRIMP fatigue REDI LOO,segment,0.4,linear,decayed,decayedTrimpBefore
15424641872,0.5,,5476.0,5108.397557438935,-367.6024425610649,-6.712973750202061,hardRunOrTrailRun,Stage 2 TRIMP fatigue REDI LOO,segment,0.4,linear,decayed,decayedTrimpBefore
15493651485,0.5,,4622.0,5070.04874113097,448.0487411309696,9.69382823736412,hardRunOrTrailRun,Stage 2 TRIMP fatigue REDI LOO,segment,0.4,linear,decayed,decayedTrimpBefore
15563904138,0.5,,42256.0,35785.76349261614,-6470.236507383859,-15.311994763782325,hardRunOrTrailRun,Stage 2 TRIMP fatigue REDI LOO,segment,0.4,linear,decayed,decayedTrimpBefore
15652573322,0.5,,3132.0,3480.3786617298483,348.3786617298483,11.123201204656716,hardRunOrTrailRun,Stage 2 TRIMP fatigue REDI LOO,segment,0.4,linear,decayed,decayedTrimpBefore
15717135978,0.5,,14017.0,11671.568177632644,-2345.4318223673563,-16.7327660866616,hardRunOrTrailRun,Stage 2 TRIMP fatigue REDI LOO,segment,0.4,linear,decayed,decayedTrimpBefore
15756279445,0.5,,8201.0,7507.129983333061,-693.8700166669387,-8.460797666954502,hardRunOrTrailRun,Stage 2 TRIMP fatigue REDI LOO,segment,0.4,linear,decayed,decayedTrimpBefore
15809536896,0.5,,6794.0,6298.1841803406915,-495.81581965930854,-7.297848390628621,hardRunOrTrailRun,Stage 2 TRIMP fatigue REDI LOO,segment,0.4,linear,decayed,decayedTrimpBefore
15913800933,0.5,,3009.0,3340.6257654125525,331.6257654125525,11.021128794036308,hardRunOrTrailRun,Stage 2 TRIMP fatigue REDI LOO,segment,0.4,linear,decayed,decayedTrimpBefore
15923504065,0.5,,4057.0,4092.73098330349,35.73098330349012,0.8807242618558078,hardRunOrTrailRun,Stage 2 TRIMP fatigue REDI LOO,segment,0.4,linear,decayed,decayedTrimpBefore
15961811819,0.5,,2785.0,4113.254701253199,1328.2547012531986,47.693167010886846,hardRunOrTrailRun,Stage 2 TRIMP fatigue REDI LOO,segment,0.4,linear,decayed,decayedTrimpBefore
16043688171,0.5,,7974.0,5666.965871878916,-2307.034128121084,-28.931955456747982,hardRunOrTrailRun,Stage 2 TRIMP fatigue REDI LOO,segment,0.4,linear,decayed,decayedTrimpBefore
16043688538,0.5,,18442.0,13658.066049191171,-4783.933950808829,-25.940429187771546,hardRunOrTrailRun,Stage 2 TRIMP fatigue REDI LOO,segment,0.4,linear,decayed,decayedTrimpBefore
16043688740,0.5,,28210.0,17966.85810039765,-10243.14189960235,-36.31032222475133,hardRunOrTrailRun,Stage 2 TRIMP fatigue REDI LOO,segment,0.4,linear,decayed,decayedTrimpBefore
16078947736,0.5,,2945.0,4351.914949068117,1406.9149490681166,47.77300336394284,hardRunOrTrailRun,Stage 2 TRIMP fatigue REDI LOO,segment,0.4,linear,decayed,decayedTrimpBefore
16106633286,0.5,,15404.0,9945.427214358611,-5458.572785641389,-35.43607365386516,hardRunOrTrailRun,Stage 2 TRIMP fatigue REDI LOO,segment,0.4,linear,decayed,decayedTrimpBefore
16121104478,0.5,,5582.0,6844.651297037277,1262.651297037277,22.620051899628752,hardRunOrTrailRun,Stage 2 TRIMP fatigue REDI LOO,segment,0.4,linear,decayed,decayedTrimpBefore
16163570178,0.5,,3062.0,4171.236061008744,1109.2360610087444,36.22586743986755,hardRunOrTrailRun,Stage 2 TRIMP fatigue REDI LOO,segment,0.4,linear,decayed,decayedTrimpBefore
16183294852,0.5,,3140.0,4593.9369696664835,1453.9369696664835,46.30372514861412,hardRunOrTrailRun,Stage 2 TRIMP fatigue REDI LOO,segment,0.4,linear,decayed,decayedTrimpBefore
16213470764,0.5,,6317.0,6477.495326558328,160.4953265583281,2.54068903844116,hardRunOrTrailRun,Stage 2 TRIMP fatigue REDI LOO,segment,0.4,linear,decayed,decayedTrimpBefore
16235724470,0.5,,3841.0,4384.607325616607,543.6073256166073,14.152755157943437,hardRunOrTrailRun,Stage 2 TRIMP fatigue REDI LOO,segment,0.4,linear,decayed,decayedTrimpBefore
16251238864,0.5,,4467.0,4193.021211079369,-273.9787889206309,-6.133395767195677,hardRunOrTrailRun,Stage 2 TRIMP fatigue REDI LOO,segment,0.4,linear,decayed,decayedTrimpBefore
16262137158,0.5,,10091.0,7523.968096747827,-2567.031903252173,-25.43882571848353,hardRunOrTrailRun,Stage 2 TRIMP fatigue REDI LOO,segment,0.4,linear,decayed,decayedTrimpBefore
16285738312,0.5,,3949.0,5042.079478403719,1093.079478403719,27.67990575851403,hardRunOrTrailRun,Stage 2 TRIMP fatigue REDI LOO,segment,0.4,linear,decayed,decayedTrimpBefore
16325125849,0.5,,10638.0,12539.554639950737,1901.5546399507366,17.87511411873225,hardRunOrTrailRun,Stage 2 TRIMP fatigue REDI LOO,segment,0.4,linear,decayed,decayedTrimpBefore
16335274846,0.5,,8540.0,8576.759043903305,36.7590439033047,0.4304337693595398,hardRunOrTrailRun,Stage 2 TRIMP fatigue REDI LOO,segment,0.4,linear,decayed,decayedTrimpBefore
16466621813,0.5,,7487.0,8132.605853884704,645.6058538847037,8.623024627817601,hardRunOrTrailRun,Stage 2 TRIMP fatigue REDI LOO,segment,0.4,linear,decayed,decayedTrimpBefore
17383625132,0.5,,5217.0,6529.4895425171035,1312.4895425171035,25.15793641014191,hardRunOrTrailRun,Stage 2 TRIMP fatigue REDI LOO,segment,0.4,linear,decayed,decayedTrimpBefore
17437915260,0.5,,2526.0,3471.7603915584305,945.7603915584305,37.44102896114135,hardRunOrTrailRun,Stage 2 TRIMP fatigue REDI LOO,segment,0.4,linear,decayed,decayedTrimpBefore
17481444994,0.5,,12779.0,15346.461460287805,2567.4614602878046,20.09125487352535,hardRunOrTrailRun,Stage 2 TRIMP fatigue REDI LOO,segment,0.4,linear,decayed,decayedTrimpBefore
17528738922,0.5,,2736.0,3936.8528879729593,1200.8528879729593,43.89082192883623,hardRunOrTrailRun,Stage 2 TRIMP fatigue REDI LOO,segment,0.4,linear,decayed,decayedTrimpBefore
17591239723,0.5,,4034.0,6095.957106043554,2061.9571060435537,51.11445478541283,hardRunOrTrailRun,Stage 2 TRIMP fatigue REDI LOO,segment,0.4,linear,decayed,decayedTrimpBefore
17646695382,0.5,,7474.0,8958.008707535768,1484.0087075357678,19.855615567778536,hardRunOrTrailRun,Stage 2 TRIMP fatigue REDI LOO,segment,0.4,linear,decayed,decayedTrimpBefore
17815897198,0.5,,13634.0,15960.966318379613,2326.966318379613,17.067378013639527,hardRunOrTrailRun,Stage 2 TRIMP fatigue REDI LOO,segment,0.4,linear,decayed,decayedTrimpBefore
18160385145,0.5,,13509.0,13025.715268614042,-483.28473138595837,-3.577501897889987,hardRunOrTrailRun,Stage 2 TRIMP fatigue REDI LOO,segment,0.4,linear,decayed,decayedTrimpBefore
18223569115,0.5,,1879.0,2340.8707323205917,461.87073232059174,24.580666967567417,hardRunOrTrailRun,Stage 2 TRIMP fatigue REDI LOO,segment,0.4,linear,decayed,decayedTrimpBefore
18516570001,0.5,,8382.0,6668.6669701341925,-1713.3330298658075,-20.440623119372553,hardRunOrTrailRun,Stage 2 TRIMP fatigue REDI LOO,segment,0.4,linear,decayed,decayedTrimpBefore
11277623453,0.6,,1918.0,2137.4803890648063,219.48038906480633,11.443190253639537,hardRunOrTrailRun,Stage 3 HRR speed ratio decayed TRIMP linear LOO,segment,0.4,linear,decayed,decayedTrimpBefore
11387382620,0.6,,3148.0,2969.1419991539174,-178.85800084608263,-5.68163916283617,hardRunOrTrailRun,Stage 3 HRR speed ratio decayed TRIMP linear LOO,segment,0.4,linear,decayed,decayedTrimpBefore
11462693706,0.6,,3174.0,3546.799790053778,372.799790053778,11.745425017447323,hardRunOrTrailRun,Stage 3 HRR speed ratio decayed TRIMP linear LOO,segment,0.4,linear,decayed,decayedTrimpBefore
11562663514,0.6,,3229.0,3419.7566867307414,190.75668673074142,5.907608755984559,hardRunOrTrailRun,Stage 3 HRR speed ratio decayed TRIMP linear LOO,segment,0.4,linear,decayed,decayedTrimpBefore
11587123521,0.6,,1887.0,2326.1794328898404,439.1794328898404,23.273949808682588,hardRunOrTrailRun,Stage 3 HRR speed ratio decayed TRIMP linear LOO,segment,0.4,linear,decayed,decayedTrimpBefore
11637384443,0.6,,3410.0,3846.2994369734006,436.2994369734006,12.794704896580663,hardRunOrTrailRun,Stage 3 HRR speed ratio decayed TRIMP linear LOO,segment,0.4,linear,decayed,decayedTrimpBefore
11704501213,0.6,,3874.0,4742.834757806344,868.834757806344,22.427329834959835,hardRunOrTrailRun,Stage 3 HRR speed ratio decayed TRIMP linear LOO,segment,0.4,linear,decayed,decayedTrimpBefore
11730667820,0.6,,3369.0,3752.60651696583,383.60651696583,11.386361441550312,hardRunOrTrailRun,Stage 3 HRR speed ratio decayed TRIMP linear LOO,segment,0.4,linear,decayed,decayedTrimpBefore
11759480552,0.6,,5536.0,6557.1605542282505,1021.1605542282505,18.445819259903367,hardRunOrTrailRun,Stage 3 HRR speed ratio decayed TRIMP linear LOO,segment,0.4,linear,decayed,decayedTrimpBefore
11815743705,0.6,,3211.0,3961.24003341116,750.2400334111599,23.364684939618808,hardRunOrTrailRun,Stage 3 HRR speed ratio decayed TRIMP linear LOO,segment,0.4,linear,decayed,decayedTrimpBefore
12000338229,0.6,,9824.0,9419.948189619878,-404.05181038012233,-4.112905235954014,hardRunOrTrailRun,Stage 3 HRR speed ratio decayed TRIMP linear LOO,segment,0.4,linear,decayed,decayedTrimpBefore
12033703768,0.6,,4341.0,4967.179201696529,626.1792016965292,14.424768525605373,hardRunOrTrailRun,Stage 3 HRR speed ratio decayed TRIMP linear LOO,segment,0.4,linear,decayed,decayedTrimpBefore
12063923301,0.6,,3335.0,4651.8148819279395,1316.8148819279395,39.48470410578529,hardRunOrTrailRun,Stage 3 HRR speed ratio decayed TRIMP linear LOO,segment,0.4,linear,decayed,decayedTrimpBefore
12122982163,0.6,,5150.0,4881.2773719165725,-268.7226280834275,-5.217915108416068,hardRunOrTrailRun,Stage 3 HRR speed ratio decayed TRIMP linear LOO,segment,0.4,linear,decayed,decayedTrimpBefore
12147822484,0.6,,2076.0,2589.9669919066514,513.9669919066514,24.757562230570876,hardRunOrTrailRun,Stage 3 HRR speed ratio decayed TRIMP linear LOO,segment,0.4,linear,decayed,decayedTrimpBefore
12177245147,0.6,,8181.0,8861.977502202577,680.9775022025769,8.323890749328651,hardRunOrTrailRun,Stage 3 HRR speed ratio decayed TRIMP linear LOO,segment,0.4,linear,decayed,decayedTrimpBefore
12215183637,0.6,,2398.0,2830.9937892026746,432.99378920267463,18.056454929219125,hardRunOrTrailRun,Stage 3 HRR speed ratio decayed TRIMP linear LOO,segment,0.4,linear,decayed,decayedTrimpBefore
12231235107,0.6,,4474.0,4919.5481199873275,445.5481199873275,9.958607956802135,hardRunOrTrailRun,Stage 3 HRR speed ratio decayed TRIMP linear LOO,segment,0.4,linear,decayed,decayedTrimpBefore
12351986883,0.6,,2360.0,1918.1079560826722,-441.8920439173278,-18.724239149039313,hardRunOrTrailRun,Stage 3 HRR speed ratio decayed TRIMP linear LOO,segment,0.4,linear,decayed,decayedTrimpBefore
12368406803,0.6,,2107.0,2005.5714297808531,-101.42857021914688,-4.81388562976492,hardRunOrTrailRun,Stage 3 HRR speed ratio decayed TRIMP linear LOO,segment,0.4,linear,decayed,decayedTrimpBefore
12385954488,0.6,,2041.0,1921.8630158436126,-119.13698415638737,-5.837186876844065,hardRunOrTrailRun,Stage 3 HRR speed ratio decayed TRIMP linear LOO,segment,0.4,linear,decayed,decayedTrimpBefore
12415493314,0.6,,3761.0,3537.4525073199634,-223.5474926800366,-5.943831233183638,hardRunOrTrailRun,Stage 3 HRR speed ratio decayed TRIMP linear LOO,segment,0.4,linear,decayed,decayedTrimpBefore
12435526893,0.6,,2374.0,2469.2734598698626,95.27345986986256,4.013203869834143,hardRunOrTrailRun,Stage 3 HRR speed ratio decayed TRIMP linear LOO,segment,0.4,linear,decayed,decayedTrimpBefore
12453142102,0.6,,2902.0,2784.7275072777056,-117.27249272229437,-4.041092099320965,hardRunOrTrailRun,Stage 3 HRR speed ratio decayed TRIMP linear LOO,segment,0.4,linear,decayed,decayedTrimpBefore
12469144311,0.6,,6714.0,6544.025332672572,-169.9746673274276,-2.5316453280820315,hardRunOrTrailRun,Stage 3 HRR speed ratio decayed TRIMP linear LOO,segment,0.4,linear,decayed,decayedTrimpBefore
12532587467,0.6,,2807.0,2955.4075503565973,148.4075503565973,5.287052025528939,hardRunOrTrailRun,Stage 3 HRR speed ratio decayed TRIMP linear LOO,segment,0.4,linear,decayed,decayedTrimpBefore
12588932008,0.6,,17378.0,15237.781711266649,-2140.218288733351,-12.315676652856204,hardRunOrTrailRun,Stage 3 HRR speed ratio decayed TRIMP linear LOO,segment,0.4,linear,decayed,decayedTrimpBefore
12923277981,0.6,,2108.0,1985.650001757721,-122.34999824227907,-5.804079613011341,hardRunOrTrailRun,Stage 3 HRR speed ratio decayed TRIMP linear LOO,segment,0.4,linear,decayed,decayedTrimpBefore
13024493247,0.6,,3462.0,3113.14731397995,-348.85268602005,-10.076622935298959,hardRunOrTrailRun,Stage 3 HRR speed ratio decayed TRIMP linear LOO,segment,0.4,linear,decayed,decayedTrimpBefore
13066363809,0.6,,1923.0,1768.7569982122932,-154.24300178770682,-8.020956931238004,hardRunOrTrailRun,Stage 3 HRR speed ratio decayed TRIMP linear LOO,segment,0.4,linear,decayed,decayedTrimpBefore
13169655589,0.6,,1961.0,2004.6825404392482,43.682540439248214,2.2275645303033254,hardRunOrTrailRun,Stage 3 HRR speed ratio decayed TRIMP linear LOO,segment,0.4,linear,decayed,decayedTrimpBefore
13180970159,0.6,,1911.0,2027.3876371173906,116.38763711739057,6.090404872704896,hardRunOrTrailRun,Stage 3 HRR speed ratio decayed TRIMP linear LOO,segment,0.4,linear,decayed,decayedTrimpBefore
13194703589,0.6,,1956.0,2125.5441761640577,169.54417616405772,8.667902666874117,hardRunOrTrailRun,Stage 3 HRR speed ratio decayed TRIMP linear LOO,segment,0.4,linear,decayed,decayedTrimpBefore
13602011720,0.6,,2276.0,2412.9090964116044,136.90909641160442,6.015338155167154,hardRunOrTrailRun,Stage 3 HRR speed ratio decayed TRIMP linear LOO,segment,0.4,linear,decayed,decayedTrimpBefore
13626651040,0.6,,2805.0,3125.805893185503,320.805893185503,11.436930238342354,hardRunOrTrailRun,Stage 3 HRR speed ratio decayed TRIMP linear LOO,segment,0.4,linear,decayed,decayedTrimpBefore
13688400233,0.6,,2363.0,2726.9925716443936,363.9925716443936,15.403832909199899,hardRunOrTrailRun,Stage 3 HRR speed ratio decayed TRIMP linear LOO,segment,0.4,linear,decayed,decayedTrimpBefore
13696739223,0.6,,5809.0,6143.545031904175,334.5450319041747,5.759081286007484,hardRunOrTrailRun,Stage 3 HRR speed ratio decayed TRIMP linear LOO,segment,0.4,linear,decayed,decayedTrimpBefore
13725623458,0.6,,2081.0,2811.1717521003243,730.1717521003243,35.08754214802135,hardRunOrTrailRun,Stage 3 HRR speed ratio decayed TRIMP linear LOO,segment,0.4,linear,decayed,decayedTrimpBefore
13798314040,0.6,,3877.0,4791.884165951232,914.8841659512318,23.597734484168992,hardRunOrTrailRun,Stage 3 HRR speed ratio decayed TRIMP linear LOO,segment,0.4,linear,decayed,decayedTrimpBefore
13824163131,0.6,,3241.0,3412.6289817688184,171.62898176881845,5.295556364357249,hardRunOrTrailRun,Stage 3 HRR speed ratio decayed TRIMP linear LOO,segment,0.4,linear,decayed,decayedTrimpBefore
13845021507,0.6,,2393.0,3158.4292485033175,765.4292485033175,31.98617837456404,hardRunOrTrailRun,Stage 3 HRR speed ratio decayed TRIMP linear LOO,segment,0.4,linear,decayed,decayedTrimpBefore
13910406111,0.6,,2366.0,2628.286207729986,262.286207729986,11.08563853465706,hardRunOrTrailRun,Stage 3 HRR speed ratio decayed TRIMP linear LOO,segment,0.4,linear,decayed,decayedTrimpBefore
13947675380,0.6,,8133.0,9309.641090951078,1176.6410909510778,14.467491589217726,hardRunOrTrailRun,Stage 3 HRR speed ratio decayed TRIMP linear LOO,segment,0.4,linear,decayed,decayedTrimpBefore
14087416092,0.6,,15517.0,11094.504039356458,-4422.495960643542,-28.500972872614177,hardRunOrTrailRun,Stage 3 HRR speed ratio decayed TRIMP linear LOO,segment,0.4,linear,decayed,decayedTrimpBefore
14155390870,0.6,,5996.0,6009.11169865269,13.111698652690393,0.21867409360724469,hardRunOrTrailRun,Stage 3 HRR speed ratio decayed TRIMP linear LOO,segment,0.4,linear,decayed,decayedTrimpBefore
14243922808,0.6,,3758.0,4061.038680663199,303.0386806631991,8.06382864989886,hardRunOrTrailRun,Stage 3 HRR speed ratio decayed TRIMP linear LOO,segment,0.4,linear,decayed,decayedTrimpBefore
14283547293,0.6,,1893.0,2175.470861195649,282.4708611956489,14.921862715036921,hardRunOrTrailRun,Stage 3 HRR speed ratio decayed TRIMP linear LOO,segment,0.4,linear,decayed,decayedTrimpBefore
14300194854,0.6,,10836.0,9817.056968273275,-1018.9430317267252,-9.40331332342862,hardRunOrTrailRun,Stage 3 HRR speed ratio decayed TRIMP linear LOO,segment,0.4,linear,decayed,decayedTrimpBefore
14388179928,0.6,,3356.0,3389.53290157372,33.53290157372021,0.9991925379535224,hardRunOrTrailRun,Stage 3 HRR speed ratio decayed TRIMP linear LOO,segment,0.4,linear,decayed,decayedTrimpBefore
14511853016,0.6,,3409.0,3168.7510120622464,-240.24898793775355,-7.047491579282886,hardRunOrTrailRun,Stage 3 HRR speed ratio decayed TRIMP linear LOO,segment,0.4,linear,decayed,decayedTrimpBefore
14531574734,0.6,,4250.0,4838.4858863848585,588.4858863848585,13.846726738467261,hardRunOrTrailRun,Stage 3 HRR speed ratio decayed TRIMP linear LOO,segment,0.4,linear,decayed,decayedTrimpBefore
14736619046,0.6,,7519.0,7036.303620946292,-482.69637905370837,-6.419688509824556,hardRunOrTrailRun,Stage 3 HRR speed ratio decayed TRIMP linear LOO,segment,0.4,linear,decayed,decayedTrimpBefore
14765648151,0.6,,3295.0,3407.7220198361138,112.72201983611376,3.42100211945717,hardRunOrTrailRun,Stage 3 HRR speed ratio decayed TRIMP linear LOO,segment,0.4,linear,decayed,decayedTrimpBefore
14852373707,0.6,,2322.0,1623.0605546580834,-698.9394453419166,-30.100751306714752,hardRunOrTrailRun,Stage 3 HRR speed ratio decayed TRIMP linear LOO,segment,0.4,linear,decayed,decayedTrimpBefore
14893241615,0.6,,2746.0,2849.615319003492,103.615319003492,3.7733182448467595,hardRunOrTrailRun,Stage 3 HRR speed ratio decayed TRIMP linear LOO,segment,0.4,linear,decayed,decayedTrimpBefore
14953411411,0.6,,33087.0,23394.20894844422,-9692.791051555781,-29.294862186223536,hardRunOrTrailRun,Stage 3 HRR speed ratio decayed TRIMP linear LOO,segment,0.4,linear,decayed,decayedTrimpBefore
15007483824,0.6,,3314.0,3768.7450154730595,454.74501547305954,13.721937702868422,hardRunOrTrailRun,Stage 3 HRR speed ratio decayed TRIMP linear LOO,segment,0.4,linear,decayed,decayedTrimpBefore
15018253166,0.6,,30983.0,21674.987823764284,-9308.012176235716,-30.04232055073981,hardRunOrTrailRun,Stage 3 HRR speed ratio decayed TRIMP linear LOO,segment,0.4,linear,decayed,decayedTrimpBefore
15059995436,0.6,,7678.0,8443.774707334567,765.7747073345672,9.973622132515853,hardRunOrTrailRun,Stage 3 HRR speed ratio decayed TRIMP linear LOO,segment,0.4,linear,decayed,decayedTrimpBefore
15087396899,0.6,,11532.0,12079.988640135904,547.9886401359036,4.751895942905858,hardRunOrTrailRun,Stage 3 HRR speed ratio decayed TRIMP linear LOO,segment,0.4,linear,decayed,decayedTrimpBefore
15114097922,0.6,,33819.0,25861.621443621174,-7957.378556378826,-23.529313570415525,hardRunOrTrailRun,Stage 3 HRR speed ratio decayed TRIMP linear LOO,segment,0.4,linear,decayed,decayedTrimpBefore
15179557231,0.6,,33543.0,28517.463170902316,-5025.536829097684,-14.982371371367154,hardRunOrTrailRun,Stage 3 HRR speed ratio decayed TRIMP linear LOO,segment,0.4,linear,decayed,decayedTrimpBefore
15224440864,0.6,,6297.0,6922.028261587827,625.0282615878268,9.925810093502093,hardRunOrTrailRun,Stage 3 HRR speed ratio decayed TRIMP linear LOO,segment,0.4,linear,decayed,decayedTrimpBefore
15250276952,0.6,,7979.0,9258.0913915434,1279.0913915433994,16.03072304227847,hardRunOrTrailRun,Stage 3 HRR speed ratio decayed TRIMP linear LOO,segment,0.4,linear,decayed,decayedTrimpBefore
15310799882,0.6,,5452.0,5799.035907311629,347.03590731162876,6.365295438584534,hardRunOrTrailRun,Stage 3 HRR speed ratio decayed TRIMP linear LOO,segment,0.4,linear,decayed,decayedTrimpBefore
15329205386,0.6,,10390.0,10979.831458362753,589.8314583627525,5.676914902432652,hardRunOrTrailRun,Stage 3 HRR speed ratio decayed TRIMP linear LOO,segment,0.4,linear,decayed,decayedTrimpBefore
15367390310,0.6,,3783.0,4282.249444988397,499.24944498839704,13.197183319809596,hardRunOrTrailRun,Stage 3 HRR speed ratio decayed TRIMP linear LOO,segment,0.4,linear,decayed,decayedTrimpBefore
15424641872,0.6,,5476.0,5370.245162614852,-105.75483738514777,-1.9312424650319169,hardRunOrTrailRun,Stage 3 HRR speed ratio decayed TRIMP linear LOO,segment,0.4,linear,decayed,decayedTrimpBefore
15493651485,0.6,,4622.0,4803.561586431804,181.56158643180424,3.9282039470316796,hardRunOrTrailRun,Stage 3 HRR speed ratio decayed TRIMP linear LOO,segment,0.4,linear,decayed,decayedTrimpBefore
15563904138,0.6,,42256.0,32852.31456273589,-9403.68543726411,-22.25408329530507,hardRunOrTrailRun,Stage 3 HRR speed ratio decayed TRIMP linear LOO,segment,0.4,linear,decayed,decayedTrimpBefore
15652573322,0.6,,3132.0,2904.7509079923807,-227.2490920076193,-7.255718135620029,hardRunOrTrailRun,Stage 3 HRR speed ratio decayed TRIMP linear LOO,segment,0.4,linear,decayed,decayedTrimpBefore
15717135978,0.6,,14017.0,11766.652342182046,-2250.3476578179543,-16.054417192109256,hardRunOrTrailRun,Stage 3 HRR speed ratio decayed TRIMP linear LOO,segment,0.4,linear,decayed,decayedTrimpBefore
15756279445,0.6,,8201.0,7465.090551571119,-735.9094484288808,-8.973411150211936,hardRunOrTrailRun,Stage 3 HRR speed ratio decayed TRIMP linear LOO,segment,0.4,linear,decayed,decayedTrimpBefore
15809536896,0.6,,6794.0,5451.289990166244,-1342.710009833756,-19.76317353302555,hardRunOrTrailRun,Stage 3 HRR speed ratio decayed TRIMP linear LOO,segment,0.4,linear,decayed,decayedTrimpBefore
15913800933,0.6,,3009.0,2916.1036197885587,-92.89638021144128,-3.08728415458429,hardRunOrTrailRun,Stage 3 HRR speed ratio decayed TRIMP linear LOO,segment,0.4,linear,decayed,decayedTrimpBefore
15923504065,0.6,,4057.0,4588.662032440383,531.662032440383,13.104807306886443,hardRunOrTrailRun,Stage 3 HRR speed ratio decayed TRIMP linear LOO,segment,0.4,linear,decayed,decayedTrimpBefore
15961811819,0.6,,2785.0,3427.7122510443323,642.7122510443323,23.077639175739044,hardRunOrTrailRun,Stage 3 HRR speed ratio decayed TRIMP linear LOO,segment,0.4,linear,decayed,decayedTrimpBefore
16043688171,0.6,,7974.0,6760.015590247372,-1213.9844097526284,-15.224284045054281,hardRunOrTrailRun,Stage 3 HRR speed ratio decayed TRIMP linear LOO,segment,0.4,linear,decayed,decayedTrimpBefore
16043688538,0.6,,18442.0,19964.291665535722,1522.2916655357221,8.254482515647556,hardRunOrTrailRun,Stage 3 HRR speed ratio decayed TRIMP linear LOO,segment,0.4,linear,decayed,decayedTrimpBefore
16043688740,0.6,,28210.0,19795.441572893644,-8414.558427106356,-29.828282265531215,hardRunOrTrailRun,Stage 3 HRR speed ratio decayed TRIMP linear LOO,segment,0.4,linear,decayed,decayedTrimpBefore
16078947736,0.6,,2945.0,3816.5220032174375,871.5220032174375,29.593276849488536,hardRunOrTrailRun,Stage 3 HRR speed ratio decayed TRIMP linear LOO,segment,0.4,linear,decayed,decayedTrimpBefore
16106633286,0.6,,15404.0,14071.738686513201,-1332.2613134867988,-8.64880104834328,hardRunOrTrailRun,Stage 3 HRR speed ratio decayed TRIMP linear LOO,segment,0.4,linear,decayed,decayedTrimpBefore
16121104478,0.6,,5582.0,6204.344861367107,622.3448613671071,11.149137609586298,hardRunOrTrailRun,Stage 3 HRR speed ratio decayed TRIMP linear LOO,segment,0.4,linear,decayed,decayedTrimpBefore
16163570178,0.6,,3062.0,3616.7802576998884,554.7802576998884,18.11823179947382,hardRunOrTrailRun,Stage 3 HRR speed ratio decayed TRIMP linear LOO,segment,0.4,linear,decayed,decayedTrimpBefore
16183294852,0.6,,3140.0,3828.2808080554037,688.2808080554037,21.91977095717846,hardRunOrTrailRun,Stage 3 HRR speed ratio decayed TRIMP linear LOO,segment,0.4,linear,decayed,decayedTrimpBefore
16213470764,0.6,,6317.0,5874.197350953777,-442.80264904622345,-7.009698417701812,hardRunOrTrailRun,Stage 3 HRR speed ratio decayed TRIMP linear LOO,segment,0.4,linear,decayed,decayedTrimpBefore
16235724470,0.6,,3841.0,3962.7988286320387,121.79882863203875,3.171018709503742,hardRunOrTrailRun,Stage 3 HRR speed ratio decayed TRIMP linear LOO,segment,0.4,linear,decayed,decayedTrimpBefore
16251238864,0.6,,4467.0,6034.055892551656,1567.0558925516561,35.080722913625614,hardRunOrTrailRun,Stage 3 HRR speed ratio decayed TRIMP linear LOO,segment,0.4,linear,decayed,decayedTrimpBefore
16262137158,0.6,,10091.0,8510.913985084584,-1580.086014915416,-15.65836899133303,hardRunOrTrailRun,Stage 3 HRR speed ratio decayed TRIMP linear LOO,segment,0.4,linear,decayed,decayedTrimpBefore
16285738312,0.6,,3949.0,4373.604825330804,424.6048253308036,10.752211327698243,hardRunOrTrailRun,Stage 3 HRR speed ratio decayed TRIMP linear LOO,segment,0.4,linear,decayed,decayedTrimpBefore
16325125849,0.6,,10638.0,10449.628866625617,-188.37113337438313,-1.7707382343897644,hardRunOrTrailRun,Stage 3 HRR speed ratio decayed TRIMP linear LOO,segment,0.4,linear,decayed,decayedTrimpBefore
16335274846,0.6,,8540.0,10617.522844148838,2077.522844148838,24.326965388159696,hardRunOrTrailRun,Stage 3 HRR speed ratio decayed TRIMP linear LOO,segment,0.4,linear,decayed,decayedTrimpBefore
16466621813,0.6,,7487.0,7510.0050607129015,23.005060712901468,0.30726673851878544,hardRunOrTrailRun,Stage 3 HRR speed ratio decayed TRIMP linear LOO,segment,0.4,linear,decayed,decayedTrimpBefore
17383625132,0.6,,5217.0,5694.895615130163,477.8956151301627,9.160352983135187,hardRunOrTrailRun,Stage 3 HRR speed ratio decayed TRIMP linear LOO,segment,0.4,linear,decayed,decayedTrimpBefore
17437915260,0.6,,2526.0,3083.668788035928,557.6687880359282,22.077149170068417,hardRunOrTrailRun,Stage 3 HRR speed ratio decayed TRIMP linear LOO,segment,0.4,linear,decayed,decayedTrimpBefore
17481444994,0.6,,12779.0,12891.479294773842,112.47929477384241,0.880188549760094,hardRunOrTrailRun,Stage 3 HRR speed ratio decayed TRIMP linear LOO,segment,0.4,linear,decayed,decayedTrimpBefore
17528738922,0.6,,2736.0,3335.2855081855414,599.2855081855414,21.903710094500784,hardRunOrTrailRun,Stage 3 HRR speed ratio decayed TRIMP linear LOO,segment,0.4,linear,decayed,decayedTrimpBefore
17591239723,0.6,,4034.0,5454.740679325465,1420.740679325465,35.21915417266894,hardRunOrTrailRun,Stage 3 HRR speed ratio decayed TRIMP linear LOO,segment,0.4,linear,decayed,decayedTrimpBefore
17646695382,0.6,,7474.0,7898.85104902378,424.85104902378043,5.684386526943811,hardRunOrTrailRun,Stage 3 HRR speed ratio decayed TRIMP linear LOO,segment,0.4,linear,decayed,decayedTrimpBefore
17815897198,0.6,,13634.0,13403.692593547721,-230.30740645227888,-1.6892137777048473,hardRunOrTrailRun,Stage 3 HRR speed ratio decayed TRIMP linear LOO,segment,0.4,linear,decayed,decayedTrimpBefore
18160385145,0.6,,13509.0,10990.87770910059,-2518.1222908994096,-18.640330823150563,hardRunOrTrailRun,Stage 3 HRR speed ratio decayed TRIMP linear LOO,segment,0.4,linear,decayed,decayedTrimpBefore
18223569115,0.6,,1879.0,2046.340771741332,167.340771741332,8.905842029873975,hardRunOrTrailRun,Stage 3 HRR speed ratio decayed TRIMP linear LOO,segment,0.4,linear,decayed,decayedTrimpBefore
18516570001,0.6,,8382.0,7517.55301094858,-864.4469890514201,-10.313135159286807,hardRunOrTrailRun,Stage 3 HRR speed ratio decayed TRIMP linear LOO,segment,0.4,linear,decayed,decayedTrimpBefore
11277623453,0.6,,1918.0,2137.320527601104,219.320527601104,11.434855453655057,hardRunOrTrailRun,Stage 3 HRR speed ratio decayed TRIMP exponential LOO,segment,0.4,exponential,decayed,decayedTrimpBefore
11387382620,0.6,,3148.0,2967.9456411085303,-180.05435889146975,-5.719642912689636,hardRunOrTrailRun,Stage 3 HRR speed ratio decayed TRIMP exponential LOO,segment,0.4,exponential,decayed,decayedTrimpBefore
11462693706,0.6,,3174.0,3546.3055363376466,372.3055363376466,11.729853066718544,hardRunOrTrailRun,Stage 3 HRR speed ratio decayed TRIMP exponential LOO,segment,0.4,exponential,decayed,decayedTrimpBefore
11562663514,0.6,,3229.0,3419.2736243722647,190.27362437226475,5.892648633393148,hardRunOrTrailRun,Stage 3 HRR speed ratio decayed TRIMP exponential LOO,segment,0.4,exponential,decayed,decayedTrimpBefore
11587123521,0.6,,1887.0,2325.9139006438236,438.9139006438236,23.259878147526422,hardRunOrTrailRun,Stage 3 HRR speed ratio decayed TRIMP exponential LOO,segment,0.4,exponential,decayed,decayedTrimpBefore
11637384443,0.6,,3410.0,3845.596385724626,435.5963857246261,12.774087557906924,hardRunOrTrailRun,Stage 3 HRR speed ratio decayed TRIMP exponential LOO,segment,0.4,exponential,decayed,decayedTrimpBefore
11704501213,0.6,,3874.0,4741.944873745574,867.9448737455741,22.404359157087615,hardRunOrTrailRun,Stage 3 HRR speed ratio decayed TRIMP exponential LOO,segment,0.4,exponential,decayed,decayedTrimpBefore
11730667820,0.6,,3369.0,3752.0298405347717,383.02984053477167,11.369244302011627,hardRunOrTrailRun,Stage 3 HRR speed ratio decayed TRIMP exponential LOO,segment,0.4,exponential,decayed,decayedTrimpBefore
11759480552,0.6,,5536.0,6555.557743700799,1019.5577437007987,18.416866757601134,hardRunOrTrailRun,Stage 3 HRR speed ratio decayed TRIMP exponential LOO,segment,0.4,exponential,decayed,decayedTrimpBefore
11815743705,0.6,,3211.0,3960.6100310846036,749.6100310846036,23.345064811105686,hardRunOrTrailRun,Stage 3 HRR speed ratio decayed TRIMP exponential LOO,segment,0.4,exponential,decayed,decayedTrimpBefore
12000338229,0.6,,9824.0,9415.27185113861,-408.72814886138985,-4.160506401276363,hardRunOrTrailRun,Stage 3 HRR speed ratio decayed TRIMP exponential LOO,segment,0.4,exponential,decayed,decayedTrimpBefore
12033703768,0.6,,4341.0,4966.499137553849,625.4991375538493,14.409102454592244,hardRunOrTrailRun,Stage 3 HRR speed ratio decayed TRIMP exponential LOO,segment,0.4,exponential,decayed,decayedTrimpBefore
12063923301,0.6,,3335.0,4651.592497639612,1316.5924976396118,39.47803591123274,hardRunOrTrailRun,Stage 3 HRR speed ratio decayed TRIMP exponential LOO,segment,0.4,exponential,decayed,decayedTrimpBefore
12122982163,0.6,,5150.0,4879.677627910651,-270.3223720893493,-5.248978098822317,hardRunOrTrailRun,Stage 3 HRR speed ratio decayed TRIMP exponential LOO,segment,0.4,exponential,decayed,decayedTrimpBefore
12147822484,0.6,,2076.0,2589.5703049593503,513.5703049593503,24.73845399611514,hardRunOrTrailRun,Stage 3 HRR speed ratio decayed TRIMP exponential LOO,segment,0.4,exponential,decayed,decayedTrimpBefore
12177245147,0.6,,8181.0,8857.548029352147,676.5480293521468,8.26974733348181,hardRunOrTrailRun,Stage 3 HRR speed ratio decayed TRIMP exponential LOO,segment,0.4,exponential,decayed,decayedTrimpBefore
12215183637,0.6,,2398.0,2830.5042589226464,432.5042589226464,18.03604082246232,hardRunOrTrailRun,Stage 3 HRR speed ratio decayed TRIMP exponential LOO,segment,0.4,exponential,decayed,decayedTrimpBefore
12231235107,0.6,,4474.0,4918.09350907826,444.09350907825956,9.926095419719703,hardRunOrTrailRun,Stage 3 HRR speed ratio decayed TRIMP exponential LOO,segment,0.4,exponential,decayed,decayedTrimpBefore
12351986883,0.6,,2360.0,1917.830403063411,-442.16959693658896,-18.735999870194448,hardRunOrTrailRun,Stage 3 HRR speed ratio decayed TRIMP exponential LOO,segment,0.4,exponential,decayed,decayedTrimpBefore
12368406803,0.6,,2107.0,2005.4095055138664,-101.5904944861336,-4.821570692270223,hardRunOrTrailRun,Stage 3 HRR speed ratio decayed TRIMP exponential LOO,segment,0.4,exponential,decayed,decayedTrimpBefore
12385954488,0.6,,2041.0,1921.6277155032874,-119.37228449671261,-5.848715555938884,hardRunOrTrailRun,Stage 3 HRR speed ratio decayed TRIMP exponential LOO,segment,0.4,exponential,decayed,decayedTrimpBefore
12415493314,0.6,,3761.0,3536.6324739494166,-224.36752605058336,-5.96563483250687,hardRunOrTrailRun,Stage 3 HRR speed ratio decayed TRIMP exponential LOO,segment,0.4,exponential,decayed,decayedTrimpBefore
12435526893,0.6,,2374.0,2469.0189106816033,95.0189106816033,4.002481494591546,hardRunOrTrailRun,Stage 3 HRR speed ratio decayed TRIMP exponential LOO,segment,0.4,exponential,decayed,decayedTrimpBefore
12453142102,0.6,,2902.0,2784.1969790359663,-117.80302096403375,-4.059373568712397,hardRunOrTrailRun,Stage 3 HRR speed ratio decayed TRIMP exponential LOO,segment,0.4,exponential,decayed,decayedTrimpBefore
12469144311,0.6,,6714.0,6540.689237379503,-173.31076262049737,-2.5813339681337113,hardRunOrTrailRun,Stage 3 HRR speed ratio decayed TRIMP exponential LOO,segment,0.4,exponential,decayed,decayedTrimpBefore
12532587467,0.6,,2807.0,2954.890225950938,147.8902259509382,5.268622228391101,hardRunOrTrailRun,Stage 3 HRR speed ratio decayed TRIMP exponential LOO,segment,0.4,exponential,decayed,decayedTrimpBefore
12588932008,0.6,,17378.0,15232.410997183315,-2145.589002816685,-12.346581901350472,hardRunOrTrailRun,Stage 3 HRR speed ratio decayed TRIMP exponential LOO,segment,0.4,exponential,decayed,decayedTrimpBefore
12923277981,0.6,,2108.0,1985.2756006438137,-122.72439935618627,-5.821840576669178,hardRunOrTrailRun,Stage 3 HRR speed ratio decayed TRIMP exponential LOO,segment,0.4,exponential,decayed,decayedTrimpBefore
13024493247,0.6,,3462.0,3112.413211261173,-349.5867887388272,-10.097827519896798,hardRunOrTrailRun,Stage 3 HRR speed ratio decayed TRIMP exponential LOO,segment,0.4,exponential,decayed,decayedTrimpBefore
13066363809,0.6,,1923.0,1768.5568741568568,-154.4431258431432,-8.031363798395383,hardRunOrTrailRun,Stage 3 HRR speed ratio decayed TRIMP exponential LOO,segment,0.4,exponential,decayed,decayedTrimpBefore
13169655589,0.6,,1961.0,2004.5014963121532,43.50149631215322,2.218332295367324,hardRunOrTrailRun,Stage 3 HRR speed ratio decayed TRIMP exponential LOO,segment,0.4,exponential,decayed,decayedTrimpBefore
13180970159,0.6,,1911.0,2027.1469184412736,116.14691844127356,6.077808395671039,hardRunOrTrailRun,Stage 3 HRR speed ratio decayed TRIMP exponential LOO,segment,0.4,exponential,decayed,decayedTrimpBefore
13194703589,0.6,,1956.0,2125.3830607897507,169.38306078975074,8.659665684547583,hardRunOrTrailRun,Stage 3 HRR speed ratio decayed TRIMP exponential LOO,segment,0.4,exponential,decayed,decayedTrimpBefore
13602011720,0.6,,2276.0,2412.5043352489834,136.50433524898335,5.997554272802432,hardRunOrTrailRun,Stage 3 HRR speed ratio decayed TRIMP exponential LOO,segment,0.4,exponential,decayed,decayedTrimpBefore
13626651040,0.6,,2805.0,3125.327595513947,320.327595513947,11.4198786279482,hardRunOrTrailRun,Stage 3 HRR speed ratio decayed TRIMP exponential LOO,segment,0.4,exponential,decayed,decayedTrimpBefore
13688400233,0.6,,2363.0,2726.621323872805,363.6213238728051,15.388122042860985,hardRunOrTrailRun,Stage 3 HRR speed ratio decayed TRIMP exponential LOO,segment,0.4,exponential,decayed,decayedTrimpBefore
13696739223,0.6,,5809.0,6140.005291088803,331.00529108880255,5.6981458269719845,hardRunOrTrailRun,Stage 3 HRR speed ratio decayed TRIMP exponential LOO,segment,0.4,exponential,decayed,decayedTrimpBefore
13725623458,0.6,,2081.0,2810.8854550464953,729.8854550464953,35.07378448085033,hardRunOrTrailRun,Stage 3 HRR speed ratio decayed TRIMP exponential LOO,segment,0.4,exponential,decayed,decayedTrimpBefore
13798314040,0.6,,3877.0,4791.585641007421,914.5856410074211,23.590034588790846,hardRunOrTrailRun,Stage 3 HRR speed ratio decayed TRIMP exponential LOO,segment,0.4,exponential,decayed,decayedTrimpBefore
13824163131,0.6,,3241.0,3411.8433043295177,170.84330432951765,5.271314542718841,hardRunOrTrailRun,Stage 3 HRR speed ratio decayed TRIMP exponential LOO,segment,0.4,exponential,decayed,decayedTrimpBefore
13845021507,0.6,,2393.0,3158.089053652543,765.089053652543,31.97196212505403,hardRunOrTrailRun,Stage 3 HRR speed ratio decayed TRIMP exponential LOO,segment,0.4,exponential,decayed,decayedTrimpBefore
13910406111,0.6,,2366.0,2627.971240371149,261.9712403711492,11.072326304782298,hardRunOrTrailRun,Stage 3 HRR speed ratio decayed TRIMP exponential LOO,segment,0.4,exponential,decayed,decayedTrimpBefore
13947675380,0.6,,8133.0,9308.604952235288,1175.6049522352878,14.454751656649304,hardRunOrTrailRun,Stage 3 HRR speed ratio decayed TRIMP exponential LOO,segment,0.4,exponential,decayed,decayedTrimpBefore
14087416092,0.6,,15517.0,11087.142903411896,-4429.8570965881045,-28.54841204219955,hardRunOrTrailRun,Stage 3 HRR speed ratio decayed TRIMP exponential LOO,segment,0.4,exponential,decayed,decayedTrimpBefore
14155390870,0.6,,5996.0,6006.291251888386,10.291251888385887,0.1716352883319861,hardRunOrTrailRun,Stage 3 HRR speed ratio decayed TRIMP exponential LOO,segment,0.4,exponential,decayed,decayedTrimpBefore
14243922808,0.6,,3758.0,4060.211854081144,302.2118540811439,8.041826878157101,hardRunOrTrailRun,Stage 3 HRR speed ratio decayed TRIMP exponential LOO,segment,0.4,exponential,decayed,decayedTrimpBefore
14283547293,0.6,,1893.0,2175.308674497077,282.30867449707694,14.913295007769516,hardRunOrTrailRun,Stage 3 HRR speed ratio decayed TRIMP exponential LOO,segment,0.4,exponential,decayed,decayedTrimpBefore
14300194854,0.6,,10836.0,9808.717375199485,-1027.282624800515,-9.48027523809999,hardRunOrTrailRun,Stage 3 HRR speed ratio decayed TRIMP exponential LOO,segment,0.4,exponential,decayed,decayedTrimpBefore
14388179928,0.6,,3356.0,3388.711392234724,32.71139223472392,0.9747137137879595,hardRunOrTrailRun,Stage 3 HRR speed ratio decayed TRIMP exponential LOO,segment,0.4,exponential,decayed,decayedTrimpBefore
14511853016,0.6,,3409.0,3168.031970676624,-240.96802932337596,-7.068584022392958,hardRunOrTrailRun,Stage 3 HRR speed ratio decayed TRIMP exponential LOO,segment,0.4,exponential,decayed,decayedTrimpBefore
14531574734,0.6,,4250.0,4838.071291911518,588.0712919115176,13.83697157438865,hardRunOrTrailRun,Stage 3 HRR speed ratio decayed TRIMP exponential LOO,segment,0.4,exponential,decayed,decayedTrimpBefore
14736619046,0.6,,7519.0,7034.1880598425,-484.81194015750043,-6.447824712827509,hardRunOrTrailRun,Stage 3 HRR speed ratio decayed TRIMP exponential LOO,segment,0.4,exponential,decayed,decayedTrimpBefore
14765648151,0.6,,3295.0,3406.873122713288,111.87312271328801,3.395238929083096,hardRunOrTrailRun,Stage 3 HRR speed ratio decayed TRIMP exponential LOO,segment,0.4,exponential,decayed,decayedTrimpBefore
14852373707,0.6,,2322.0,1622.8551322870355,-699.1448677129645,-30.10959809272026,hardRunOrTrailRun,Stage 3 HRR speed ratio decayed TRIMP exponential LOO,segment,0.4,exponential,decayed,decayedTrimpBefore
14893241615,0.6,,2746.0,2849.058423048489,103.0584230484892,3.7530379842858412,hardRunOrTrailRun,Stage 3 HRR speed ratio decayed TRIMP exponential LOO,segment,0.4,exponential,decayed,decayedTrimpBefore
14953411411,0.6,,33087.0,23377.276442077255,-9709.723557922745,-29.346037893803445,hardRunOrTrailRun,Stage 3 HRR speed ratio decayed TRIMP exponential LOO,segment,0.4,exponential,decayed,decayedTrimpBefore
15007483824,0.6,,3314.0,3767.975367260437,453.975367260437,13.698713556440465,hardRunOrTrailRun,Stage 3 HRR speed ratio decayed TRIMP exponential LOO,segment,0.4,exponential,decayed,decayedTrimpBefore
15018253166,0.6,,30983.0,21663.52865863975,-9319.471341360251,-30.07930588180696,hardRunOrTrailRun,Stage 3 HRR speed ratio decayed TRIMP exponential LOO,segment,0.4,exponential,decayed,decayedTrimpBefore
15059995436,0.6,,7678.0,8441.549875858265,763.5498758582653,9.94464542665102,hardRunOrTrailRun,Stage 3 HRR speed ratio decayed TRIMP exponential LOO,segment,0.4,exponential,decayed,decayedTrimpBefore
15087396899,0.6,,11532.0,12072.474963136554,540.4749631365539,4.686740922099843,hardRunOrTrailRun,Stage 3 HRR speed ratio decayed TRIMP exponential LOO,segment,0.4,exponential,decayed,decayedTrimpBefore
15114097922,0.6,,33819.0,25848.84158954257,-7970.1584104574285,-23.567102547258724,hardRunOrTrailRun,Stage 3 HRR speed ratio decayed TRIMP exponential LOO,segment,0.4,exponential,decayed,decayedTrimpBefore
15179557231,0.6,,33543.0,28510.173002381584,-5032.8269976184165,-15.0041051713276,hardRunOrTrailRun,Stage 3 HRR speed ratio decayed TRIMP exponential LOO,segment,0.4,exponential,decayed,decayedTrimpBefore
15224440864,0.6,,6297.0,6918.988910563632,621.9889105636321,9.877543442331778,hardRunOrTrailRun,Stage 3 HRR speed ratio decayed TRIMP exponential LOO,segment,0.4,exponential,decayed,decayedTrimpBefore
15250276952,0.6,,7979.0,9254.941369961709,1275.941369961709,15.991244140389885,hardRunOrTrailRun,Stage 3 HRR speed ratio decayed TRIMP exponential LOO,segment,0.4,exponential,decayed,decayedTrimpBefore
15310799882,0.6,,5452.0,5797.663916997549,345.66391699754877,6.340130539206691,hardRunOrTrailRun,Stage 3 HRR speed ratio decayed TRIMP exponential LOO,segment,0.4,exponential,decayed,decayedTrimpBefore
15329205386,0.6,,10390.0,10978.189694598806,588.1896945988065,5.661113518756559,hardRunOrTrailRun,Stage 3 HRR speed ratio decayed TRIMP exponential LOO,segment,0.4,exponential,decayed,decayedTrimpBefore
15367390310,0.6,,3783.0,4281.590522556781,498.59052255678125,13.17976533324825,hardRunOrTrailRun,Stage 3 HRR speed ratio decayed TRIMP exponential LOO,segment,0.4,exponential,decayed,decayedTrimpBefore
15424641872,0.6,,5476.0,5369.5078330934075,-106.4921669065925,-1.944707211588614,hardRunOrTrailRun,Stage 3 HRR speed ratio decayed TRIMP exponential LOO,segment,0.4,exponential,decayed,decayedTrimpBefore
15493651485,0.6,,4622.0,4802.957479851548,180.95747985154776,3.9151337051395014,hardRunOrTrailRun,Stage 3 HRR speed ratio decayed TRIMP exponential LOO,segment,0.4,exponential,decayed,decayedTrimpBefore
15563904138,0.6,,42256.0,32815.52231146048,-9440.477688539519,-22.34115318189019,hardRunOrTrailRun,Stage 3 HRR speed ratio decayed TRIMP exponential LOO,segment,0.4,exponential,decayed,decayedTrimpBefore
15652573322,0.6,,3132.0,2903.968912089821,-228.03108791017894,-7.280686076314781,hardRunOrTrailRun,Stage 3 HRR speed ratio decayed TRIMP exponential LOO,segment,0.4,exponential,decayed,decayedTrimpBefore
15717135978,0.6,,14017.0,11762.641410295531,-2254.3585897044686,-16.083031959081605,hardRunOrTrailRun,Stage 3 HRR speed ratio decayed TRIMP exponential LOO,segment,0.4,exponential,decayed,decayedTrimpBefore
15756279445,0.6,,8201.0,7463.4952351696265,-737.5047648303735,-8.992863855997726,hardRunOrTrailRun,Stage 3 HRR speed ratio decayed TRIMP exponential LOO,segment,0.4,exponential,decayed,decayedTrimpBefore
15809536896,0.6,,6794.0,5444.911951874663,-1349.088048125337,-19.85705104688456,hardRunOrTrailRun,Stage 3 HRR speed ratio decayed TRIMP exponential LOO,segment,0.4,exponential,decayed,decayedTrimpBefore
15913800933,0.6,,3009.0,2915.2869801311144,-93.71301986888557,-3.114424056792475,hardRunOrTrailRun,Stage 3 HRR speed ratio decayed TRIMP exponential LOO,segment,0.4,exponential,decayed,decayedTrimpBefore
15923504065,0.6,,4057.0,4588.330251352962,531.3302513529616,13.096629316070041,hardRunOrTrailRun,Stage 3 HRR speed ratio decayed TRIMP exponential LOO,segment,0.4,exponential,decayed,decayedTrimpBefore
15961811819,0.6,,2785.0,3425.631277203067,640.6312772030669,23.00291839149253,hardRunOrTrailRun,Stage 3 HRR speed ratio decayed TRIMP exponential LOO,segment,0.4,exponential,decayed,decayedTrimpBefore
16043688171,0.6,,7974.0,6759.216200380404,-1214.7837996195958,-15.234308999493301,hardRunOrTrailRun,Stage 3 HRR speed ratio decayed TRIMP exponential LOO,segment,0.4,exponential,decayed,decayedTrimpBefore
16043688538,0.6,,18442.0,19961.579718727,1519.579718727,8.239777240684308,hardRunOrTrailRun,Stage 3 HRR speed ratio decayed TRIMP exponential LOO,segment,0.4,exponential,decayed,decayedTrimpBefore
16043688740,0.6,,28210.0,19786.79772426071,-8423.202275739292,-29.858923345406918,hardRunOrTrailRun,Stage 3 HRR speed ratio decayed TRIMP exponential LOO,segment,0.4,exponential,decayed,decayedTrimpBefore
16078947736,0.6,,2945.0,3815.8987712023127,870.8987712023127,29.572114472064946,hardRunOrTrailRun,Stage 3 HRR speed ratio decayed TRIMP exponential LOO,segment,0.4,exponential,decayed,decayedTrimpBefore
16106633286,0.6,,15404.0,14068.876553976801,-1335.123446023199,-8.66738149846273,hardRunOrTrailRun,Stage 3 HRR speed ratio decayed TRIMP exponential LOO,segment,0.4,exponential,decayed,decayedTrimpBefore
16121104478,0.6,,5582.0,6202.960935513265,620.9609355132652,11.1243449572423,hardRunOrTrailRun,Stage 3 HRR speed ratio decayed TRIMP exponential LOO,segment,0.4,exponential,decayed,decayedTrimpBefore
16163570178,0.6,,3062.0,3616.300329256094,554.3003292560938,18.102558107645127,hardRunOrTrailRun,Stage 3 HRR speed ratio decayed TRIMP exponential LOO,segment,0.4,exponential,decayed,decayedTrimpBefore
16183294852,0.6,,3140.0,3826.7447567445242,686.7447567445242,21.87085212562179,hardRunOrTrailRun,Stage 3 HRR speed ratio decayed TRIMP exponential LOO,segment,0.4,exponential,decayed,decayedTrimpBefore
16213470764,0.6,,6317.0,5872.5192874765535,-444.4807125234465,-7.036262664610519,hardRunOrTrailRun,Stage 3 HRR speed ratio decayed TRIMP exponential LOO,segment,0.4,exponential,decayed,decayedTrimpBefore
16235724470,0.6,,3841.0,3962.125489468764,121.12548946876404,3.1534884006447292,hardRunOrTrailRun,Stage 3 HRR speed ratio decayed TRIMP exponential LOO,segment,0.4,exponential,decayed,decayedTrimpBefore
16251238864,0.6,,4467.0,6033.0612215581195,1566.0612215581195,35.058455821762244,hardRunOrTrailRun,Stage 3 HRR speed ratio decayed TRIMP exponential LOO,segment,0.4,exponential,decayed,decayedTrimpBefore
16262137158,0.6,,10091.0,8508.578006923197,-1582.4219930768031,-15.68151811591322,hardRunOrTrailRun,Stage 3 HRR speed ratio decayed TRIMP exponential LOO,segment,0.4,exponential,decayed,decayedTrimpBefore
16285738312,0.6,,3949.0,4372.638678715977,423.6386787159772,10.727745725904715,hardRunOrTrailRun,Stage 3 HRR speed ratio decayed TRIMP exponential LOO,segment,0.4,exponential,decayed,decayedTrimpBefore
16325125849,0.6,,10638.0,10443.793999870311,-194.20600012968862,-1.8255875176695677,hardRunOrTrailRun,Stage 3 HRR speed ratio decayed TRIMP exponential LOO,segment,0.4,exponential,decayed,decayedTrimpBefore
16335274846,0.6,,8540.0,10616.406322638391,2076.4063226383914,24.31389136578913,hardRunOrTrailRun,Stage 3 HRR speed ratio decayed TRIMP exponential LOO,segment,0.4,exponential,decayed,decayedTrimpBefore
16466621813,0.6,,7487.0,7508.503879607333,21.503879607333147,0.28721623624059234,hardRunOrTrailRun,Stage 3 HRR speed ratio decayed TRIMP exponential LOO,segment,0.4,exponential,decayed,decayedTrimpBefore
17383625132,0.6,,5217.0,5693.404633984404,476.4046339844044,9.131773701061997,hardRunOrTrailRun,Stage 3 HRR speed ratio decayed TRIMP exponential LOO,segment,0.4,exponential,decayed,decayedTrimpBefore
17437915260,0.6,,2526.0,3083.2381828214097,557.2381828214097,22.060102249461984,hardRunOrTrailRun,Stage 3 HRR speed ratio decayed TRIMP exponential LOO,segment,0.4,exponential,decayed,decayedTrimpBefore
17481444994,0.6,,12779.0,12884.989477725243,105.98947772524298,0.8294035349029107,hardRunOrTrailRun,Stage 3 HRR speed ratio decayed TRIMP exponential LOO,segment,0.4,exponential,decayed,decayedTrimpBefore
17528738922,0.6,,2736.0,3334.703083642431,598.703083642431,21.88242264774967,hardRunOrTrailRun,Stage 3 HRR speed ratio decayed TRIMP exponential LOO,segment,0.4,exponential,decayed,decayedTrimpBefore
17591239723,0.6,,4034.0,5453.58505851421,1419.5850585142098,35.19050715206271,hardRunOrTrailRun,Stage 3 HRR speed ratio decayed TRIMP exponential LOO,segment,0.4,exponential,decayed,decayedTrimpBefore
17646695382,0.6,,7474.0,7897.026045535131,423.02604553513083,5.659968497927895,hardRunOrTrailRun,Stage 3 HRR speed ratio decayed TRIMP exponential LOO,segment,0.4,exponential,decayed,decayedTrimpBefore
17815897198,0.6,,13634.0,13399.924244713244,-234.07575528675625,-1.7168531266448308,hardRunOrTrailRun,Stage 3 HRR speed ratio decayed TRIMP exponential LOO,segment,0.4,exponential,decayed,decayedTrimpBefore
18160385145,0.6,,13509.0,10984.276305000449,-2524.7236949995513,-18.689197534973363,hardRunOrTrailRun,Stage 3 HRR speed ratio decayed TRIMP exponential LOO,segment,0.4,exponential,decayed,decayedTrimpBefore
18223569115,0.6,,1879.0,2046.1173027679683,167.11730276796834,8.893949056304862,hardRunOrTrailRun,Stage 3 HRR speed ratio decayed TRIMP exponential LOO,segment,0.4,exponential,decayed,decayedTrimpBefore
18516570001,0.6,,8382.0,7516.089353566105,-865.9106464338947,-10.33059707031609,hardRunOrTrailRun,Stage 3 HRR speed ratio decayed TRIMP exponential LOO,segment,0.4,exponential,decayed,decayedTrimpBefore
11277623453,0.65,,1918.0,1980.4590950216937,62.459095021693656,3.256470021986113,hardRunOrTrailRun,Stage 3 HRR speed ratio cumulative TRIMP linear LOO,segment,0.4,linear,cumulative,cumTrimpBefore
11387382620,0.65,,3148.0,2752.133954950719,-395.8660450492812,-12.575160262048321,hardRunOrTrailRun,Stage 3 HRR speed ratio cumulative TRIMP linear LOO,segment,0.4,linear,cumulative,cumTrimpBefore
11462693706,0.65,,3174.0,3311.3055495519984,137.3055495519984,4.325946740768695,hardRunOrTrailRun,Stage 3 HRR speed ratio cumulative TRIMP linear LOO,segment,0.4,linear,cumulative,cumTrimpBefore
11562663514,0.65,,3229.0,3189.0142972306257,-39.98570276937426,-1.2383308383206644,hardRunOrTrailRun,Stage 3 HRR speed ratio cumulative TRIMP linear LOO,segment,0.4,linear,cumulative,cumTrimpBefore
11587123521,0.65,,1887.0,2158.1638994394257,271.1638994394257,14.370105958634111,hardRunOrTrailRun,Stage 3 HRR speed ratio cumulative TRIMP linear LOO,segment,0.4,linear,cumulative,cumTrimpBefore
11637384443,0.65,,3410.0,3607.452658444747,197.45265844474716,5.790400540901676,hardRunOrTrailRun,Stage 3 HRR speed ratio cumulative TRIMP linear LOO,segment,0.4,linear,cumulative,cumTrimpBefore
11704501213,0.65,,3874.0,4455.079491620874,581.0794916208743,14.99947061489092,hardRunOrTrailRun,Stage 3 HRR speed ratio cumulative TRIMP linear LOO,segment,0.4,linear,cumulative,cumTrimpBefore
11730667820,0.65,,3369.0,3507.0370197197612,138.03701971976125,4.097269804682732,hardRunOrTrailRun,Stage 3 HRR speed ratio cumulative TRIMP linear LOO,segment,0.4,linear,cumulative,cumTrimpBefore
11759480552,0.65,,5536.0,6264.405382166852,728.4053821668522,13.157611672089093,hardRunOrTrailRun,Stage 3 HRR speed ratio cumulative TRIMP linear LOO,segment,0.4,linear,cumulative,cumTrimpBefore
11815743705,0.65,,3211.0,3705.6454702602714,494.6454702602714,15.404717230154825,hardRunOrTrailRun,Stage 3 HRR speed ratio cumulative TRIMP linear LOO,segment,0.4,linear,cumulative,cumTrimpBefore
12000338229,0.65,,9824.0,9495.186800258667,-328.81319974133294,-3.3470398996471187,hardRunOrTrailRun,Stage 3 HRR speed ratio cumulative TRIMP linear LOO,segment,0.4,linear,cumulative,cumTrimpBefore
12033703768,0.65,,4341.0,4652.808356447637,311.8083564476374,7.182869303101529,hardRunOrTrailRun,Stage 3 HRR speed ratio cumulative TRIMP linear LOO,segment,0.4,linear,cumulative,cumTrimpBefore
12063923301,0.65,,3335.0,4315.7378296050265,980.7378296050265,29.407431172564515,hardRunOrTrailRun,Stage 3 HRR speed ratio cumulative TRIMP linear LOO,segment,0.4,linear,cumulative,cumTrimpBefore
12122982163,0.65,,5150.0,4646.867891574227,-503.13210842577337,-9.769555503413075,hardRunOrTrailRun,Stage 3 HRR speed ratio cumulative TRIMP linear LOO,segment,0.4,linear,cumulative,cumTrimpBefore
12147822484,0.65,,2076.0,2407.2337603463675,331.2337603463675,15.955383446356816,hardRunOrTrailRun,Stage 3 HRR speed ratio cumulative TRIMP linear LOO,segment,0.4,linear,cumulative,cumTrimpBefore
12177245147,0.65,,8181.0,8832.464255911293,651.4642559112926,7.9631372193043966,hardRunOrTrailRun,Stage 3 HRR speed ratio cumulative TRIMP linear LOO,segment,0.4,linear,cumulative,cumTrimpBefore
12215183637,0.65,,2398.0,2633.570027469428,235.57002746942817,9.823604148016187,hardRunOrTrailRun,Stage 3 HRR speed ratio cumulative TRIMP linear LOO,segment,0.4,linear,cumulative,cumTrimpBefore
12231235107,0.65,,4474.0,4663.869920254178,189.8699202541784,4.243851592628038,hardRunOrTrailRun,Stage 3 HRR speed ratio cumulative TRIMP linear LOO,segment,0.4,linear,cumulative,cumTrimpBefore
12351986883,0.65,,2360.0,1780.576107509648,-579.423892490352,-24.551859851286103,hardRunOrTrailRun,Stage 3 HRR speed ratio cumulative TRIMP linear LOO,segment,0.4,linear,cumulative,cumTrimpBefore
12368406803,0.65,,2107.0,1858.1929577835213,-248.80704221647875,-11.808592416539096,hardRunOrTrailRun,Stage 3 HRR speed ratio cumulative TRIMP linear LOO,segment,0.4,linear,cumulative,cumTrimpBefore
12385954488,0.65,,2041.0,1783.2866386070768,-257.71336139292316,-12.62681829460672,hardRunOrTrailRun,Stage 3 HRR speed ratio cumulative TRIMP linear LOO,segment,0.4,linear,cumulative,cumTrimpBefore
12415493314,0.65,,3761.0,3325.061970245557,-435.93802975444305,-11.591013819581043,hardRunOrTrailRun,Stage 3 HRR speed ratio cumulative TRIMP linear LOO,segment,0.4,linear,cumulative,cumTrimpBefore
12435526893,0.65,,2374.0,2293.068977582464,-80.93102241753604,-3.4090573891127227,hardRunOrTrailRun,Stage 3 HRR speed ratio cumulative TRIMP linear LOO,segment,0.4,linear,cumulative,cumTrimpBefore
12453142102,0.65,,2902.0,2598.316780980005,-303.6832190199948,-10.46461816057873,hardRunOrTrailRun,Stage 3 HRR speed ratio cumulative TRIMP linear LOO,segment,0.4,linear,cumulative,cumTrimpBefore
12469144311,0.65,,6714.0,6407.971912379048,-306.02808762095174,-4.558059094741611,hardRunOrTrailRun,Stage 3 HRR speed ratio cumulative TRIMP linear LOO,segment,0.4,linear,cumulative,cumTrimpBefore
12532587467,0.65,,2807.0,2751.935020362868,-55.06497963713218,-1.9617021602113354,hardRunOrTrailRun,Stage 3 HRR speed ratio cumulative TRIMP linear LOO,segment,0.4,linear,cumulative,cumTrimpBefore
12588932008,0.65,,17378.0,16035.576262468496,-1342.4237375315042,-7.724845997994616,hardRunOrTrailRun,Stage 3 HRR speed ratio cumulative TRIMP linear LOO,segment,0.4,linear,cumulative,cumTrimpBefore
12923277981,0.65,,2108.0,1837.3554892609523,-270.64451073904775,-12.838923659347614,hardRunOrTrailRun,Stage 3 HRR speed ratio cumulative TRIMP linear LOO,segment,0.4,linear,cumulative,cumTrimpBefore
13024493247,0.65,,3462.0,2899.606594340453,-562.3934056595472,-16.244754640657053,hardRunOrTrailRun,Stage 3 HRR speed ratio cumulative TRIMP linear LOO,segment,0.4,linear,cumulative,cumTrimpBefore
13066363809,0.65,,1923.0,1636.4455990509593,-286.55440094904066,-14.901424906346367,hardRunOrTrailRun,Stage 3 HRR speed ratio cumulative TRIMP linear LOO,segment,0.4,linear,cumulative,cumTrimpBefore
13169655589,0.65,,1961.0,1858.8699241408283,-102.13007585917171,-5.208060982109726,hardRunOrTrailRun,Stage 3 HRR speed ratio cumulative TRIMP linear LOO,segment,0.4,linear,cumulative,cumTrimpBefore
13180970159,0.65,,1911.0,1880.119398098726,-30.880601901274076,-1.6159393982874974,hardRunOrTrailRun,Stage 3 HRR speed ratio cumulative TRIMP linear LOO,segment,0.4,linear,cumulative,cumTrimpBefore
13194703589,0.65,,1956.0,1970.0186000572323,14.018600057232334,0.7166973444392808,hardRunOrTrailRun,Stage 3 HRR speed ratio cumulative TRIMP linear LOO,segment,0.4,linear,cumulative,cumTrimpBefore
13602011720,0.65,,2276.0,2244.3448794729366,-31.655120527063445,-1.3908225187637717,hardRunOrTrailRun,Stage 3 HRR speed ratio cumulative TRIMP linear LOO,segment,0.4,linear,cumulative,cumTrimpBefore
13626651040,0.65,,2805.0,2918.9560596746123,113.95605967461233,4.062604622980832,hardRunOrTrailRun,Stage 3 HRR speed ratio cumulative TRIMP linear LOO,segment,0.4,linear,cumulative,cumTrimpBefore
13688400233,0.65,,2363.0,2537.53193650659,174.53193650658977,7.386032014667363,hardRunOrTrailRun,Stage 3 HRR speed ratio cumulative TRIMP linear LOO,segment,0.4,linear,cumulative,cumTrimpBefore
13696739223,0.65,,5809.0,5843.767563846136,34.767563846136,0.5985120304034429,hardRunOrTrailRun,Stage 3 HRR speed ratio cumulative TRIMP linear LOO,segment,0.4,linear,cumulative,cumTrimpBefore
13725623458,0.65,,2081.0,2609.80277852836,528.8027785283598,25.410993682285433,hardRunOrTrailRun,Stage 3 HRR speed ratio cumulative TRIMP linear LOO,segment,0.4,linear,cumulative,cumTrimpBefore
13798314040,0.65,,3877.0,4460.517948598953,583.5179485989529,15.050759571806886,hardRunOrTrailRun,Stage 3 HRR speed ratio cumulative TRIMP linear LOO,segment,0.4,linear,cumulative,cumTrimpBefore
13824163131,0.65,,3241.0,3176.525355726185,-64.4746442738151,-1.9893441614876612,hardRunOrTrailRun,Stage 3 HRR speed ratio cumulative TRIMP linear LOO,segment,0.4,linear,cumulative,cumTrimpBefore
13845021507,0.65,,2393.0,2933.4176475500735,540.4176475500735,22.58326985165372,hardRunOrTrailRun,Stage 3 HRR speed ratio cumulative TRIMP linear LOO,segment,0.4,linear,cumulative,cumTrimpBefore
13910406111,0.65,,2366.0,2444.8885625766493,78.88856257664929,3.334258773315693,hardRunOrTrailRun,Stage 3 HRR speed ratio cumulative TRIMP linear LOO,segment,0.4,linear,cumulative,cumTrimpBefore
13947675380,0.65,,8133.0,8911.290569804301,778.2905698043014,9.56953854425552,hardRunOrTrailRun,Stage 3 HRR speed ratio cumulative TRIMP linear LOO,segment,0.4,linear,cumulative,cumTrimpBefore
14087416092,0.65,,15517.0,11161.182151870054,-4355.817848129946,-28.071262796480926,hardRunOrTrailRun,Stage 3 HRR speed ratio cumulative TRIMP linear LOO,segment,0.4,linear,cumulative,cumTrimpBefore
14155390870,0.65,,5996.0,5694.204808469061,-301.7951915309386,-5.033275375766155,hardRunOrTrailRun,Stage 3 HRR speed ratio cumulative TRIMP linear LOO,segment,0.4,linear,cumulative,cumTrimpBefore
14243922808,0.65,,3758.0,3813.4998221003398,55.49982210033977,1.4768446540803557,hardRunOrTrailRun,Stage 3 HRR speed ratio cumulative TRIMP linear LOO,segment,0.4,linear,cumulative,cumTrimpBefore
14283547293,0.65,,1893.0,2017.1157372735786,124.11573727357859,6.556562983284659,hardRunOrTrailRun,Stage 3 HRR speed ratio cumulative TRIMP linear LOO,segment,0.4,linear,cumulative,cumTrimpBefore
14300194854,0.65,,10836.0,9977.871107879168,-858.1288921208325,-7.919240421934592,hardRunOrTrailRun,Stage 3 HRR speed ratio cumulative TRIMP linear LOO,segment,0.4,linear,cumulative,cumTrimpBefore
14388179928,0.65,,3356.0,3162.149048655235,-193.85095134476478,-5.776250040070464,hardRunOrTrailRun,Stage 3 HRR speed ratio cumulative TRIMP linear LOO,segment,0.4,linear,cumulative,cumTrimpBefore
14511853016,0.65,,3409.0,2954.127849253294,-454.8721507467062,-13.343272242496514,hardRunOrTrailRun,Stage 3 HRR speed ratio cumulative TRIMP linear LOO,segment,0.4,linear,cumulative,cumTrimpBefore
14531574734,0.65,,4250.0,4528.101111998802,278.10111199880157,6.54355557644239,hardRunOrTrailRun,Stage 3 HRR speed ratio cumulative TRIMP linear LOO,segment,0.4,linear,cumulative,cumTrimpBefore
14736619046,0.65,,7519.0,6718.748319298435,-800.2516807015654,-10.643059990711071,hardRunOrTrailRun,Stage 3 HRR speed ratio cumulative TRIMP linear LOO,segment,0.4,linear,cumulative,cumTrimpBefore
14765648151,0.65,,3295.0,3188.2082180310695,-106.79178196893054,-3.2410252494364347,hardRunOrTrailRun,Stage 3 HRR speed ratio cumulative TRIMP linear LOO,segment,0.4,linear,cumulative,cumTrimpBefore
14852373707,0.65,,2322.0,1500.690454875865,-821.309545124135,-35.370781443761196,hardRunOrTrailRun,Stage 3 HRR speed ratio cumulative TRIMP linear LOO,segment,0.4,linear,cumulative,cumTrimpBefore
14893241615,0.65,,2746.0,2649.6991009197427,-96.3008990802573,-3.5069518965862088,hardRunOrTrailRun,Stage 3 HRR speed ratio cumulative TRIMP linear LOO,segment,0.4,linear,cumulative,cumTrimpBefore
14953411411,0.65,,33087.0,29239.30134583075,-3847.6986541692495,-11.629034527667208,hardRunOrTrailRun,Stage 3 HRR speed ratio cumulative TRIMP linear LOO,segment,0.4,linear,cumulative,cumTrimpBefore
15007483824,0.65,,3314.0,3519.8506983254897,205.8506983254897,6.211547927745616,hardRunOrTrailRun,Stage 3 HRR speed ratio cumulative TRIMP linear LOO,segment,0.4,linear,cumulative,cumTrimpBefore
15018253166,0.65,,30983.0,21620.674319555408,-9362.325680444592,-30.21762153582478,hardRunOrTrailRun,Stage 3 HRR speed ratio cumulative TRIMP linear LOO,segment,0.4,linear,cumulative,cumTrimpBefore
15059995436,0.65,,7678.0,8030.6776603200115,352.67766032001146,4.5933532211514905,hardRunOrTrailRun,Stage 3 HRR speed ratio cumulative TRIMP linear LOO,segment,0.4,linear,cumulative,cumTrimpBefore
15087396899,0.65,,11532.0,12332.487250322763,800.4872503227634,6.941443377755493,hardRunOrTrailRun,Stage 3 HRR speed ratio cumulative TRIMP linear LOO,segment,0.4,linear,cumulative,cumTrimpBefore
15114097922,0.65,,33819.0,26257.383116528646,-7561.6168834713535,-22.359078871259804,hardRunOrTrailRun,Stage 3 HRR speed ratio cumulative TRIMP linear LOO,segment,0.4,linear,cumulative,cumTrimpBefore
15179557231,0.65,,33543.0,27633.248818722965,-5909.751181277035,-17.618433596509064,hardRunOrTrailRun,Stage 3 HRR speed ratio cumulative TRIMP linear LOO,segment,0.4,linear,cumulative,cumTrimpBefore
15224440864,0.65,,6297.0,6618.518660224647,321.51866022464674,5.105902179206713,hardRunOrTrailRun,Stage 3 HRR speed ratio cumulative TRIMP linear LOO,segment,0.4,linear,cumulative,cumTrimpBefore
15250276952,0.65,,7979.0,9185.14153550579,1206.1415355057907,15.116449874743584,hardRunOrTrailRun,Stage 3 HRR speed ratio cumulative TRIMP linear LOO,segment,0.4,linear,cumulative,cumTrimpBefore
15310799882,0.65,,5452.0,5511.795249345478,59.795249345477714,1.096758058427691,hardRunOrTrailRun,Stage 3 HRR speed ratio cumulative TRIMP linear LOO,segment,0.4,linear,cumulative,cumTrimpBefore
15329205386,0.65,,10390.0,10608.536910215453,218.53691021545274,2.103338885615522,hardRunOrTrailRun,Stage 3 HRR speed ratio cumulative TRIMP linear LOO,segment,0.4,linear,cumulative,cumTrimpBefore
15367390310,0.65,,3783.0,4014.264951175341,231.26495117534114,6.113268600987078,hardRunOrTrailRun,Stage 3 HRR speed ratio cumulative TRIMP linear LOO,segment,0.4,linear,cumulative,cumTrimpBefore
15424641872,0.65,,5476.0,5053.592306804933,-422.4076931950667,-7.713800094869735,hardRunOrTrailRun,Stage 3 HRR speed ratio cumulative TRIMP linear LOO,segment,0.4,linear,cumulative,cumTrimpBefore
15493651485,0.65,,4622.0,4514.955840508526,-107.04415949147369,-2.315970564506138,hardRunOrTrailRun,Stage 3 HRR speed ratio cumulative TRIMP linear LOO,segment,0.4,linear,cumulative,cumTrimpBefore
15563904138,0.65,,42256.0,45396.61747884006,3140.6174788400604,7.432358668212941,hardRunOrTrailRun,Stage 3 HRR speed ratio cumulative TRIMP linear LOO,segment,0.4,linear,cumulative,cumTrimpBefore
15652573322,0.65,,3132.0,2705.735645136649,-426.26435486335095,-13.60997301607123,hardRunOrTrailRun,Stage 3 HRR speed ratio cumulative TRIMP linear LOO,segment,0.4,linear,cumulative,cumTrimpBefore
15717135978,0.65,,14017.0,11455.560455217485,-2561.4395447825154,-18.27380712550842,hardRunOrTrailRun,Stage 3 HRR speed ratio cumulative TRIMP linear LOO,segment,0.4,linear,cumulative,cumTrimpBefore
15756279445,0.65,,8201.0,7085.764296962429,-1115.2357030375706,-13.598777015456292,hardRunOrTrailRun,Stage 3 HRR speed ratio cumulative TRIMP linear LOO,segment,0.4,linear,cumulative,cumTrimpBefore
15809536896,0.65,,6794.0,5137.06520481091,-1656.9347951890904,-24.38820717087269,hardRunOrTrailRun,Stage 3 HRR speed ratio cumulative TRIMP linear LOO,segment,0.4,linear,cumulative,cumTrimpBefore
15913800933,0.65,,3009.0,2712.470031851674,-296.52996814832613,-9.854767967707748,hardRunOrTrailRun,Stage 3 HRR speed ratio cumulative TRIMP linear LOO,segment,0.4,linear,cumulative,cumTrimpBefore
15923504065,0.65,,4057.0,4285.385917990273,228.3859179902729,5.629428592316315,hardRunOrTrailRun,Stage 3 HRR speed ratio cumulative TRIMP linear LOO,segment,0.4,linear,cumulative,cumTrimpBefore
15961811819,0.65,,2785.0,3167.091844236508,382.0918442365082,13.719635340628662,hardRunOrTrailRun,Stage 3 HRR speed ratio cumulative TRIMP linear LOO,segment,0.4,linear,cumulative,cumTrimpBefore
16043688171,0.65,,7974.0,6365.412443708881,-1608.5875562911187,-20.172906399437153,hardRunOrTrailRun,Stage 3 HRR speed ratio cumulative TRIMP linear LOO,segment,0.4,linear,cumulative,cumTrimpBefore
16043688538,0.65,,18442.0,19073.365845160533,631.3658451605334,3.4235215549318583,hardRunOrTrailRun,Stage 3 HRR speed ratio cumulative TRIMP linear LOO,segment,0.4,linear,cumulative,cumTrimpBefore
16043688740,0.65,,28210.0,20962.571226677534,-7247.428773322466,-25.69099175229517,hardRunOrTrailRun,Stage 3 HRR speed ratio cumulative TRIMP linear LOO,segment,0.4,linear,cumulative,cumTrimpBefore
16078947736,0.65,,2945.0,3564.0099281155717,619.0099281155717,21.019012839238428,hardRunOrTrailRun,Stage 3 HRR speed ratio cumulative TRIMP linear LOO,segment,0.4,linear,cumulative,cumTrimpBefore
16106633286,0.65,,15404.0,13365.39877198746,-2038.6012280125397,-13.234232848692157,hardRunOrTrailRun,Stage 3 HRR speed ratio cumulative TRIMP linear LOO,segment,0.4,linear,cumulative,cumTrimpBefore
16121104478,0.65,,5582.0,5847.754526899014,265.7545268990143,4.760919507327379,hardRunOrTrailRun,Stage 3 HRR speed ratio cumulative TRIMP linear LOO,segment,0.4,linear,cumulative,cumTrimpBefore
16163570178,0.65,,3062.0,3378.418605047205,316.4186050472049,10.333723221659206,hardRunOrTrailRun,Stage 3 HRR speed ratio cumulative TRIMP linear LOO,segment,0.4,linear,cumulative,cumTrimpBefore
16183294852,0.65,,3140.0,3598.955136098307,458.95513609830687,14.616405608226332,hardRunOrTrailRun,Stage 3 HRR speed ratio cumulative TRIMP linear LOO,segment,0.4,linear,cumulative,cumTrimpBefore
16213470764,0.65,,6317.0,5584.811052813724,-732.188947186276,-11.59077009951363,hardRunOrTrailRun,Stage 3 HRR speed ratio cumulative TRIMP linear LOO,segment,0.4,linear,cumulative,cumTrimpBefore
16235724470,0.65,,3841.0,3714.5427796175036,-126.45722038249642,-3.292299411155856,hardRunOrTrailRun,Stage 3 HRR speed ratio cumulative TRIMP linear LOO,segment,0.4,linear,cumulative,cumTrimpBefore
16251238864,0.65,,4467.0,5616.613176692373,1149.6131766923727,25.735687859690454,hardRunOrTrailRun,Stage 3 HRR speed ratio cumulative TRIMP linear LOO,segment,0.4,linear,cumulative,cumTrimpBefore
16262137158,0.65,,10091.0,8079.425929513063,-2011.5740704869368,-19.934338227003636,hardRunOrTrailRun,Stage 3 HRR speed ratio cumulative TRIMP linear LOO,segment,0.4,linear,cumulative,cumTrimpBefore
16285738312,0.65,,3949.0,4128.1725240008345,179.17252400083453,4.537161914429843,hardRunOrTrailRun,Stage 3 HRR speed ratio cumulative TRIMP linear LOO,segment,0.4,linear,cumulative,cumTrimpBefore
16325125849,0.65,,10638.0,10834.486628635766,196.48662863576646,1.8470260259049303,hardRunOrTrailRun,Stage 3 HRR speed ratio cumulative TRIMP linear LOO,segment,0.4,linear,cumulative,cumTrimpBefore
16335274846,0.65,,8540.0,10043.951538495929,1503.9515384959286,17.610673752879727,hardRunOrTrailRun,Stage 3 HRR speed ratio cumulative TRIMP linear LOO,segment,0.4,linear,cumulative,cumTrimpBefore
16466621813,0.65,,7487.0,7241.828522174829,-245.17147782517077,-3.2746290613753275,hardRunOrTrailRun,Stage 3 HRR speed ratio cumulative TRIMP linear LOO,segment,0.4,linear,cumulative,cumTrimpBefore
17383625132,0.65,,5217.0,5373.0104154096525,156.01041540965252,2.9904239104782926,hardRunOrTrailRun,Stage 3 HRR speed ratio cumulative TRIMP linear LOO,segment,0.4,linear,cumulative,cumTrimpBefore
17437915260,0.65,,2526.0,2867.986971151058,341.9869711510578,13.538676609305533,hardRunOrTrailRun,Stage 3 HRR speed ratio cumulative TRIMP linear LOO,segment,0.4,linear,cumulative,cumTrimpBefore
17481444994,0.65,,12779.0,13233.200842685143,454.20084268514256,3.554275316418676,hardRunOrTrailRun,Stage 3 HRR speed ratio cumulative TRIMP linear LOO,segment,0.4,linear,cumulative,cumTrimpBefore
17528738922,0.65,,2736.0,3114.121677839922,378.1216778399221,13.820236763155048,hardRunOrTrailRun,Stage 3 HRR speed ratio cumulative TRIMP linear LOO,segment,0.4,linear,cumulative,cumTrimpBefore
17591239723,0.65,,4034.0,5148.551868327441,1114.5518683274413,27.628950627849314,hardRunOrTrailRun,Stage 3 HRR speed ratio cumulative TRIMP linear LOO,segment,0.4,linear,cumulative,cumTrimpBefore
17646695382,0.65,,7474.0,7642.323006006414,168.3230060064143,2.252114075547422,hardRunOrTrailRun,Stage 3 HRR speed ratio cumulative TRIMP linear LOO,segment,0.4,linear,cumulative,cumTrimpBefore
17815897198,0.65,,13634.0,14067.292660311916,433.2926603119158,3.1780303675510915,hardRunOrTrailRun,Stage 3 HRR speed ratio cumulative TRIMP linear LOO,segment,0.4,linear,cumulative,cumTrimpBefore
18160385145,0.65,,13509.0,11402.100365365446,-2106.899634634554,-15.596266449289761,hardRunOrTrailRun,Stage 3 HRR speed ratio cumulative TRIMP linear LOO,segment,0.4,linear,cumulative,cumTrimpBefore
18223569115,0.65,,1879.0,1897.3468125091767,18.346812509176743,0.976413651366511,hardRunOrTrailRun,Stage 3 HRR speed ratio cumulative TRIMP linear LOO,segment,0.4,linear,cumulative,cumTrimpBefore
18516570001,0.65,,8382.0,7099.130014002533,-1282.8699859974668,-15.305058291546967,hardRunOrTrailRun,Stage 3 HRR speed ratio cumulative TRIMP linear LOO,segment,0.4,linear,cumulative,cumTrimpBefore
11277623453,0.65,,1918.0,1980.151500420513,62.151500420513,3.240432764364599,hardRunOrTrailRun,Stage 3 HRR speed ratio cumulative TRIMP exponential LOO,segment,0.4,exponential,cumulative,cumTrimpBefore
11387382620,0.65,,3148.0,2750.408190663053,-397.5918093369469,-12.629981236878871,hardRunOrTrailRun,Stage 3 HRR speed ratio cumulative TRIMP exponential LOO,segment,0.4,exponential,cumulative,cumTrimpBefore
11462693706,0.65,,3174.0,3309.584457706349,135.58445770634899,4.271722044938532,hardRunOrTrailRun,Stage 3 HRR speed ratio cumulative TRIMP exponential LOO,segment,0.4,exponential,cumulative,cumTrimpBefore
11562663514,0.65,,3229.0,3187.467047498224,-41.53295250177598,-1.28624814189458,hardRunOrTrailRun,Stage 3 HRR speed ratio cumulative TRIMP exponential LOO,segment,0.4,exponential,cumulative,cumTrimpBefore
11587123521,0.65,,1887.0,2157.6161452377555,270.6161452377555,14.341078179001352,hardRunOrTrailRun,Stage 3 HRR speed ratio cumulative TRIMP exponential LOO,segment,0.4,exponential,cumulative,cumTrimpBefore
11637384443,0.65,,3410.0,3604.50411840029,194.50411840028983,5.70393309091759,hardRunOrTrailRun,Stage 3 HRR speed ratio cumulative TRIMP exponential LOO,segment,0.4,exponential,cumulative,cumTrimpBefore
11704501213,0.65,,3874.0,4450.917746845522,576.9177468455218,14.89204302647191,hardRunOrTrailRun,Stage 3 HRR speed ratio cumulative TRIMP exponential LOO,segment,0.4,exponential,cumulative,cumTrimpBefore
11730667820,0.65,,3369.0,3505.002093519429,136.00209351942885,4.036868314616469,hardRunOrTrailRun,Stage 3 HRR speed ratio cumulative TRIMP exponential LOO,segment,0.4,exponential,cumulative,cumTrimpBefore
11759480552,0.65,,5536.0,6250.477103909919,714.4771039099187,12.90601705039593,hardRunOrTrailRun,Stage 3 HRR speed ratio cumulative TRIMP exponential LOO,segment,0.4,exponential,cumulative,cumTrimpBefore
11815743705,0.65,,3211.0,3703.2433170048,492.2433170047998,15.329907100741197,hardRunOrTrailRun,Stage 3 HRR speed ratio cumulative TRIMP exponential LOO,segment,0.4,exponential,cumulative,cumTrimpBefore
12000338229,0.65,,9824.0,9404.995038744053,-419.0049612559469,-4.265115647963629,hardRunOrTrailRun,Stage 3 HRR speed ratio cumulative TRIMP exponential LOO,segment,0.4,exponential,cumulative,cumTrimpBefore
12033703768,0.65,,4341.0,4649.816855937439,308.81685593743896,7.113956598420616,hardRunOrTrailRun,Stage 3 HRR speed ratio cumulative TRIMP exponential LOO,segment,0.4,exponential,cumulative,cumTrimpBefore
12063923301,0.65,,3335.0,4315.085173527136,980.0851735271362,29.387861275176498,hardRunOrTrailRun,Stage 3 HRR speed ratio cumulative TRIMP exponential LOO,segment,0.4,exponential,cumulative,cumTrimpBefore
12122982163,0.65,,5150.0,4636.958821514483,-513.0411784855169,-9.961964630786735,hardRunOrTrailRun,Stage 3 HRR speed ratio cumulative TRIMP exponential LOO,segment,0.4,exponential,cumulative,cumTrimpBefore
12147822484,0.65,,2076.0,2406.341474032839,330.34147403283896,15.91240241005968,hardRunOrTrailRun,Stage 3 HRR speed ratio cumulative TRIMP exponential LOO,segment,0.4,exponential,cumulative,cumTrimpBefore
12177245147,0.65,,8181.0,8761.31819532367,580.3181953236708,7.093487291574023,hardRunOrTrailRun,Stage 3 HRR speed ratio cumulative TRIMP exponential LOO,segment,0.4,exponential,cumulative,cumTrimpBefore
12215183637,0.65,,2398.0,2632.431912731413,234.43191273141292,9.77614314976701,hardRunOrTrailRun,Stage 3 HRR speed ratio cumulative TRIMP exponential LOO,segment,0.4,exponential,cumulative,cumTrimpBefore
12231235107,0.65,,4474.0,4655.921974312433,181.92197431243312,4.066204164336905,hardRunOrTrailRun,Stage 3 HRR speed ratio cumulative TRIMP exponential LOO,segment,0.4,exponential,cumulative,cumTrimpBefore
12351986883,0.65,,2360.0,1780.0259009155443,-579.9740990844557,-24.57517369001931,hardRunOrTrailRun,Stage 3 HRR speed ratio cumulative TRIMP exponential LOO,segment,0.4,exponential,cumulative,cumTrimpBefore
12368406803,0.65,,2107.0,1857.88955485835,-249.11044514164996,-11.822992175683435,hardRunOrTrailRun,Stage 3 HRR speed ratio cumulative TRIMP exponential LOO,segment,0.4,exponential,cumulative,cumTrimpBefore
12385954488,0.65,,2041.0,1782.8217649048672,-258.1782350951328,-12.649595056106456,hardRunOrTrailRun,Stage 3 HRR speed ratio cumulative TRIMP exponential LOO,segment,0.4,exponential,cumulative,cumTrimpBefore
12415493314,0.65,,3761.0,3321.660224665401,-439.3397753345989,-11.681461721207096,hardRunOrTrailRun,Stage 3 HRR speed ratio cumulative TRIMP exponential LOO,segment,0.4,exponential,cumulative,cumTrimpBefore
12435526893,0.65,,2374.0,2292.4701669292454,-81.52983307075465,-3.434281089753776,hardRunOrTrailRun,Stage 3 HRR speed ratio cumulative TRIMP exponential LOO,segment,0.4,exponential,cumulative,cumTrimpBefore
12453142102,0.65,,2902.0,2596.8385668194146,-305.1614331805854,-10.515555933169724,hardRunOrTrailRun,Stage 3 HRR speed ratio cumulative TRIMP exponential LOO,segment,0.4,exponential,cumulative,cumTrimpBefore
12469144311,0.65,,6714.0,6372.543739301184,-341.45626069881564,-5.085735190628771,hardRunOrTrailRun,Stage 3 HRR speed ratio cumulative TRIMP exponential LOO,segment,0.4,exponential,cumulative,cumTrimpBefore
12532587467,0.65,,2807.0,2750.5732438091777,-56.42675619082229,-2.0102157531465012,hardRunOrTrailRun,Stage 3 HRR speed ratio cumulative TRIMP exponential LOO,segment,0.4,exponential,cumulative,cumTrimpBefore
12588932008,0.65,,17378.0,15745.497250908731,-1632.502749091269,-9.394077276391236,hardRunOrTrailRun,Stage 3 HRR speed ratio cumulative TRIMP exponential LOO,segment,0.4,exponential,cumulative,cumTrimpBefore
12923277981,0.65,,2108.0,1836.8626185300159,-271.1373814699841,-12.862304623813289,hardRunOrTrailRun,Stage 3 HRR speed ratio cumulative TRIMP exponential LOO,segment,0.4,exponential,cumulative,cumTrimpBefore
13024493247,0.65,,3462.0,2897.8543693532542,-564.1456306467458,-16.295367725209296,hardRunOrTrailRun,Stage 3 HRR speed ratio cumulative TRIMP exponential LOO,segment,0.4,exponential,cumulative,cumTrimpBefore
13066363809,0.65,,1923.0,1636.148205793886,-286.85179420611394,-14.916889974316897,hardRunOrTrailRun,Stage 3 HRR speed ratio cumulative TRIMP exponential LOO,segment,0.4,exponential,cumulative,cumTrimpBefore
13169655589,0.65,,1961.0,1858.506553266267,-102.49344673373298,-5.226590858425955,hardRunOrTrailRun,Stage 3 HRR speed ratio cumulative TRIMP exponential LOO,segment,0.4,exponential,cumulative,cumTrimpBefore
13180970159,0.65,,1911.0,1879.662512957621,-31.337487042379053,-1.6398475689366327,hardRunOrTrailRun,Stage 3 HRR speed ratio cumulative TRIMP exponential LOO,segment,0.4,exponential,cumulative,cumTrimpBefore
13194703589,0.65,,1956.0,1969.697205701571,13.697205701570965,0.7002661401621149,hardRunOrTrailRun,Stage 3 HRR speed ratio cumulative TRIMP exponential LOO,segment,0.4,exponential,cumulative,cumTrimpBefore
13602011720,0.65,,2276.0,2243.402649399261,-32.59735060073899,-1.4322210281519767,hardRunOrTrailRun,Stage 3 HRR speed ratio cumulative TRIMP exponential LOO,segment,0.4,exponential,cumulative,cumTrimpBefore
13626651040,0.65,,2805.0,2917.390638289974,112.39063828997405,4.00679637397412,hardRunOrTrailRun,Stage 3 HRR speed ratio cumulative TRIMP exponential LOO,segment,0.4,exponential,cumulative,cumTrimpBefore
13688400233,0.65,,2363.0,2536.5754564094996,173.57545640949957,7.345554651269554,hardRunOrTrailRun,Stage 3 HRR speed ratio cumulative TRIMP exponential LOO,segment,0.4,exponential,cumulative,cumTrimpBefore
13696739223,0.65,,5809.0,5827.625983052375,18.625983052374977,0.32064009386081904,hardRunOrTrailRun,Stage 3 HRR speed ratio cumulative TRIMP exponential LOO,segment,0.4,exponential,cumulative,cumTrimpBefore
13725623458,0.65,,2081.0,2609.1474505584183,528.1474505584183,25.379502669794245,hardRunOrTrailRun,Stage 3 HRR speed ratio cumulative TRIMP exponential LOO,segment,0.4,exponential,cumulative,cumTrimpBefore
13798314040,0.65,,3877.0,4459.420638287898,582.4206382878983,15.022456494400267,hardRunOrTrailRun,Stage 3 HRR speed ratio cumulative TRIMP exponential LOO,segment,0.4,exponential,cumulative,cumTrimpBefore
13824163131,0.65,,3241.0,3174.7174109232587,-66.28258907674126,-2.0451277098655125,hardRunOrTrailRun,Stage 3 HRR speed ratio cumulative TRIMP exponential LOO,segment,0.4,exponential,cumulative,cumTrimpBefore
13845021507,0.65,,2393.0,2932.5879831968264,539.5879831968264,22.54859938139684,hardRunOrTrailRun,Stage 3 HRR speed ratio cumulative TRIMP exponential LOO,segment,0.4,exponential,cumulative,cumTrimpBefore
13910406111,0.65,,2366.0,2444.0622754517362,78.06227545173624,3.2993353952551243,hardRunOrTrailRun,Stage 3 HRR speed ratio cumulative TRIMP exponential LOO,segment,0.4,exponential,cumulative,cumTrimpBefore
13947675380,0.65,,8133.0,8896.186877046383,763.1868770463825,9.383829792774899,hardRunOrTrailRun,Stage 3 HRR speed ratio cumulative TRIMP exponential LOO,segment,0.4,exponential,cumulative,cumTrimpBefore
14087416092,0.65,,15517.0,11045.079371113876,-4471.920628886124,-28.819492356036115,hardRunOrTrailRun,Stage 3 HRR speed ratio cumulative TRIMP exponential LOO,segment,0.4,exponential,cumulative,cumTrimpBefore
14155390870,0.65,,5996.0,5681.190356652975,-314.8096433470246,-5.250327607522091,hardRunOrTrailRun,Stage 3 HRR speed ratio cumulative TRIMP exponential LOO,segment,0.4,exponential,cumulative,cumTrimpBefore
14243922808,0.65,,3758.0,3809.969136989898,51.969136989897834,1.3828934803059563,hardRunOrTrailRun,Stage 3 HRR speed ratio cumulative TRIMP exponential LOO,segment,0.4,exponential,cumulative,cumTrimpBefore
14283547293,0.65,,1893.0,2016.772417224325,123.77241722432495,6.538426689082143,hardRunOrTrailRun,Stage 3 HRR speed ratio cumulative TRIMP exponential LOO,segment,0.4,exponential,cumulative,cumTrimpBefore
14300194854,0.65,,10836.0,9856.130492417826,-979.8695075821743,-9.042723399614012,hardRunOrTrailRun,Stage 3 HRR speed ratio cumulative TRIMP exponential LOO,segment,0.4,exponential,cumulative,cumTrimpBefore
14388179928,0.65,,3356.0,3159.9598542397675,-196.04014576023246,-5.841482293213125,hardRunOrTrailRun,Stage 3 HRR speed ratio cumulative TRIMP exponential LOO,segment,0.4,exponential,cumulative,cumTrimpBefore
14511853016,0.65,,3409.0,2952.290429283515,-456.7095707164849,-13.397171332252416,hardRunOrTrailRun,Stage 3 HRR speed ratio cumulative TRIMP exponential LOO,segment,0.4,exponential,cumulative,cumTrimpBefore
14531574734,0.65,,4250.0,4525.959286779767,275.95928677976735,6.493159688935703,hardRunOrTrailRun,Stage 3 HRR speed ratio cumulative TRIMP exponential LOO,segment,0.4,exponential,cumulative,cumTrimpBefore
14736619046,0.65,,7519.0,6703.062224149888,-815.9377758501123,-10.85167942346206,hardRunOrTrailRun,Stage 3 HRR speed ratio cumulative TRIMP exponential LOO,segment,0.4,exponential,cumulative,cumTrimpBefore
14765648151,0.65,,3295.0,3185.613631515642,-109.38636848435817,-3.3197683910275626,hardRunOrTrailRun,Stage 3 HRR speed ratio cumulative TRIMP exponential LOO,segment,0.4,exponential,cumulative,cumTrimpBefore
14852373707,0.65,,2322.0,1500.4199690540186,-821.5800309459814,-35.382430273298084,hardRunOrTrailRun,Stage 3 HRR speed ratio cumulative TRIMP exponential LOO,segment,0.4,exponential,cumulative,cumTrimpBefore
14893241615,0.65,,2746.0,2648.436333618002,-97.56366638199779,-3.5529375958484266,hardRunOrTrailRun,Stage 3 HRR speed ratio cumulative TRIMP exponential LOO,segment,0.4,exponential,cumulative,cumTrimpBefore
14953411411,0.65,,33087.0,27228.25254120147,-5858.747458798531,-17.707097829354524,hardRunOrTrailRun,Stage 3 HRR speed ratio cumulative TRIMP exponential LOO,segment,0.4,exponential,cumulative,cumTrimpBefore
15007483824,0.65,,3314.0,3517.4747965920014,203.47479659200144,6.139855057091172,hardRunOrTrailRun,Stage 3 HRR speed ratio cumulative TRIMP exponential LOO,segment,0.4,exponential,cumulative,cumTrimpBefore
15018253166,0.65,,30983.0,21410.267141236105,-9572.732858763895,-30.896726781667027,hardRunOrTrailRun,Stage 3 HRR speed ratio cumulative TRIMP exponential LOO,segment,0.4,exponential,cumulative,cumTrimpBefore
15059995436,0.65,,7678.0,8015.575673126099,337.575673126099,4.396661541105744,hardRunOrTrailRun,Stage 3 HRR speed ratio cumulative TRIMP exponential LOO,segment,0.4,exponential,cumulative,cumTrimpBefore
15087396899,0.65,,11532.0,12179.621254968875,647.6212549688753,5.615862426022159,hardRunOrTrailRun,Stage 3 HRR speed ratio cumulative TRIMP exponential LOO,segment,0.4,exponential,cumulative,cumTrimpBefore
15114097922,0.65,,33819.0,25948.1203707714,-7870.879629228599,-23.27354336091723,hardRunOrTrailRun,Stage 3 HRR speed ratio cumulative TRIMP exponential LOO,segment,0.4,exponential,cumulative,cumTrimpBefore
15179557231,0.65,,33543.0,27535.28186716498,-6007.71813283502,-17.91049737004746,hardRunOrTrailRun,Stage 3 HRR speed ratio cumulative TRIMP exponential LOO,segment,0.4,exponential,cumulative,cumTrimpBefore
15224440864,0.65,,6297.0,6598.919551262847,301.91955126284665,4.794656999568789,hardRunOrTrailRun,Stage 3 HRR speed ratio cumulative TRIMP exponential LOO,segment,0.4,exponential,cumulative,cumTrimpBefore
15250276952,0.65,,7979.0,9127.305763979932,1148.3057639799317,14.391599999748486,hardRunOrTrailRun,Stage 3 HRR speed ratio cumulative TRIMP exponential LOO,segment,0.4,exponential,cumulative,cumTrimpBefore
15310799882,0.65,,5452.0,5502.006257043721,50.006257043721234,0.9172094101929793,hardRunOrTrailRun,Stage 3 HRR speed ratio cumulative TRIMP exponential LOO,segment,0.4,exponential,cumulative,cumTrimpBefore
15329205386,0.65,,10390.0,10580.350341589545,190.35034158954477,1.832053335799276,hardRunOrTrailRun,Stage 3 HRR speed ratio cumulative TRIMP exponential LOO,segment,0.4,exponential,cumulative,cumTrimpBefore
15367390310,0.65,,3783.0,4011.329123735035,228.32912373503495,6.035662800291699,hardRunOrTrailRun,Stage 3 HRR speed ratio cumulative TRIMP exponential LOO,segment,0.4,exponential,cumulative,cumTrimpBefore
15424641872,0.65,,5476.0,5049.250339365306,-426.749660634694,-7.793090953884113,hardRunOrTrailRun,Stage 3 HRR speed ratio cumulative TRIMP exponential LOO,segment,0.4,exponential,cumulative,cumTrimpBefore
15493651485,0.65,,4622.0,4511.59658956933,-110.40341043067019,-2.388650160767421,hardRunOrTrailRun,Stage 3 HRR speed ratio cumulative TRIMP exponential LOO,segment,0.4,exponential,cumulative,cumTrimpBefore
15563904138,0.65,,42256.0,42201.092005226514,-54.90799477348628,-0.1299412977411167,hardRunOrTrailRun,Stage 3 HRR speed ratio cumulative TRIMP exponential LOO,segment,0.4,exponential,cumulative,cumTrimpBefore
15652573322,0.65,,3132.0,2703.95128285181,-428.04871714819,-13.66694499196009,hardRunOrTrailRun,Stage 3 HRR speed ratio cumulative TRIMP exponential LOO,segment,0.4,exponential,cumulative,cumTrimpBefore
15717135978,0.65,,14017.0,11399.380486523842,-2617.6195134761583,-18.67460593191238,hardRunOrTrailRun,Stage 3 HRR speed ratio cumulative TRIMP exponential LOO,segment,0.4,exponential,cumulative,cumTrimpBefore
15756279445,0.65,,8201.0,7074.281644086625,-1126.7183559133746,-13.738792292566451,hardRunOrTrailRun,Stage 3 HRR speed ratio cumulative TRIMP exponential LOO,segment,0.4,exponential,cumulative,cumTrimpBefore
15809536896,0.65,,6794.0,5120.716849033053,-1673.2831509669468,-24.62883648759121,hardRunOrTrailRun,Stage 3 HRR speed ratio cumulative TRIMP exponential LOO,segment,0.4,exponential,cumulative,cumTrimpBefore
15913800933,0.65,,3009.0,2710.797596822917,-298.20240317708294,-9.910349058726585,hardRunOrTrailRun,Stage 3 HRR speed ratio cumulative TRIMP exponential LOO,segment,0.4,exponential,cumulative,cumTrimpBefore
15923504065,0.65,,4057.0,4283.874606245535,226.87460624553478,5.592176639032162,hardRunOrTrailRun,Stage 3 HRR speed ratio cumulative TRIMP exponential LOO,segment,0.4,exponential,cumulative,cumTrimpBefore
15961811819,0.65,,2785.0,3164.918243669714,379.9182436697138,13.641588641641428,hardRunOrTrailRun,Stage 3 HRR speed ratio cumulative TRIMP exponential LOO,segment,0.4,exponential,cumulative,cumTrimpBefore
16043688171,0.65,,7974.0,6359.962565150894,-1614.037434849106,-20.24125200462887,hardRunOrTrailRun,Stage 3 HRR speed ratio cumulative TRIMP exponential LOO,segment,0.4,exponential,cumulative,cumTrimpBefore
16043688538,0.65,,18442.0,19037.14096825542,595.1409682554186,3.2270955875470047,hardRunOrTrailRun,Stage 3 HRR speed ratio cumulative TRIMP exponential LOO,segment,0.4,exponential,cumulative,cumTrimpBefore
16043688740,0.65,,28210.0,20552.99732738695,-7657.002672613049,-27.14286661684881,hardRunOrTrailRun,Stage 3 HRR speed ratio cumulative TRIMP exponential LOO,segment,0.4,exponential,cumulative,cumTrimpBefore
16078947736,0.65,,2945.0,3561.948878583141,616.9488785831409,20.949028135250963,hardRunOrTrailRun,Stage 3 HRR speed ratio cumulative TRIMP exponential LOO,segment,0.4,exponential,cumulative,cumTrimpBefore
16106633286,0.65,,15404.0,13343.77213170207,-2060.2278682979304,-13.374629111256365,hardRunOrTrailRun,Stage 3 HRR speed ratio cumulative TRIMP exponential LOO,segment,0.4,exponential,cumulative,cumTrimpBefore
16121104478,0.65,,5582.0,5840.974936018202,258.97493601820224,4.639464994951671,hardRunOrTrailRun,Stage 3 HRR speed ratio cumulative TRIMP exponential LOO,segment,0.4,exponential,cumulative,cumTrimpBefore
16163570178,0.65,,3062.0,3376.681831216053,314.68183121605307,10.277002978969728,hardRunOrTrailRun,Stage 3 HRR speed ratio cumulative TRIMP exponential LOO,segment,0.4,exponential,cumulative,cumTrimpBefore
16183294852,0.65,,3140.0,3593.783956463476,453.783956463476,14.451718358709426,hardRunOrTrailRun,Stage 3 HRR speed ratio cumulative TRIMP exponential LOO,segment,0.4,exponential,cumulative,cumTrimpBefore
16213470764,0.65,,6317.0,5574.642408858717,-742.3575911412827,-11.751742775704965,hardRunOrTrailRun,Stage 3 HRR speed ratio cumulative TRIMP exponential LOO,segment,0.4,exponential,cumulative,cumTrimpBefore
16235724470,0.65,,3841.0,3711.724779275453,-129.27522072454713,-3.365665730917655,hardRunOrTrailRun,Stage 3 HRR speed ratio cumulative TRIMP exponential LOO,segment,0.4,exponential,cumulative,cumTrimpBefore
16251238864,0.65,,4467.0,5614.208084385945,1147.2080843859449,25.681846527556413,hardRunOrTrailRun,Stage 3 HRR speed ratio cumulative TRIMP exponential LOO,segment,0.4,exponential,cumulative,cumTrimpBefore
16262137158,0.65,,10091.0,8065.984603916425,-2025.015396083575,-20.067539352725944,hardRunOrTrailRun,Stage 3 HRR speed ratio cumulative TRIMP exponential LOO,segment,0.4,exponential,cumulative,cumTrimpBefore
16285738312,0.65,,3949.0,4123.023341114116,174.0233411141162,4.40676984335569,hardRunOrTrailRun,Stage 3 HRR speed ratio cumulative TRIMP exponential LOO,segment,0.4,exponential,cumulative,cumTrimpBefore
16325125849,0.65,,10638.0,10676.225527332403,38.225527332402635,0.3593300181650934,hardRunOrTrailRun,Stage 3 HRR speed ratio cumulative TRIMP exponential LOO,segment,0.4,exponential,cumulative,cumTrimpBefore
16335274846,0.65,,8540.0,10033.948297530033,1493.9482975300325,17.493539783724035,hardRunOrTrailRun,Stage 3 HRR speed ratio cumulative TRIMP exponential LOO,segment,0.4,exponential,cumulative,cumTrimpBefore
16466621813,0.65,,7487.0,7222.40996178109,-264.5900382189102,-3.5339927637092314,hardRunOrTrailRun,Stage 3 HRR speed ratio cumulative TRIMP exponential LOO,segment,0.4,exponential,cumulative,cumTrimpBefore
17383625132,0.65,,5217.0,5365.769469243387,148.769469243387,2.8516286993173665,hardRunOrTrailRun,Stage 3 HRR speed ratio cumulative TRIMP exponential LOO,segment,0.4,exponential,cumulative,cumTrimpBefore
17437915260,0.65,,2526.0,2866.910949160315,340.9109491603149,13.496078747439228,hardRunOrTrailRun,Stage 3 HRR speed ratio cumulative TRIMP exponential LOO,segment,0.4,exponential,cumulative,cumTrimpBefore
17481444994,0.65,,12779.0,13063.916311074809,284.9163110748086,2.2295665629142234,hardRunOrTrailRun,Stage 3 HRR speed ratio cumulative TRIMP exponential LOO,segment,0.4,exponential,cumulative,cumTrimpBefore
17528738922,0.65,,2736.0,3112.325280967748,376.32528096774786,13.754578982739321,hardRunOrTrailRun,Stage 3 HRR speed ratio cumulative TRIMP exponential LOO,segment,0.4,exponential,cumulative,cumTrimpBefore
17591239723,0.65,,4034.0,5142.0244898856645,1108.0244898856645,27.467141544017466,hardRunOrTrailRun,Stage 3 HRR speed ratio cumulative TRIMP exponential LOO,segment,0.4,exponential,cumulative,cumTrimpBefore
17646695382,0.65,,7474.0,7617.371940467079,143.37194046707918,1.9182758960005244,hardRunOrTrailRun,Stage 3 HRR speed ratio cumulative TRIMP exponential LOO,segment,0.4,exponential,cumulative,cumTrimpBefore
17815897198,0.65,,13634.0,13854.148859050363,220.14885905036317,1.6147048485430773,hardRunOrTrailRun,Stage 3 HRR speed ratio cumulative TRIMP exponential LOO,segment,0.4,exponential,cumulative,cumTrimpBefore
18160385145,0.65,,13509.0,11232.82471090912,-2276.1752890908792,-16.8493248137603,hardRunOrTrailRun,Stage 3 HRR speed ratio cumulative TRIMP exponential LOO,segment,0.4,exponential,cumulative,cumTrimpBefore
18223569115,0.65,,1879.0,1896.928619749861,17.9286197498609,0.9541575172890313,hardRunOrTrailRun,Stage 3 HRR speed ratio cumulative TRIMP exponential LOO,segment,0.4,exponential,cumulative,cumTrimpBefore
18516570001,0.65,,8382.0,7090.909183994648,-1291.0908160053523,-15.403135480856028,hardRunOrTrailRun,Stage 3 HRR speed ratio cumulative TRIMP exponential LOO,segment,0.4,exponential,cumulative,cumTrimpBefore
11277623453,0.65,,1918.0,1980.151500420513,62.151500420513,3.240432764364599,hardRunOrTrailRun,Stage 3 HRR speed ratio LOO,segment,0.4,exponential,cumulative,cumTrimpBefore
11387382620,0.65,,3148.0,2750.408190663053,-397.5918093369469,-12.629981236878871,hardRunOrTrailRun,Stage 3 HRR speed ratio LOO,segment,0.4,exponential,cumulative,cumTrimpBefore
11462693706,0.65,,3174.0,3309.584457706349,135.58445770634899,4.271722044938532,hardRunOrTrailRun,Stage 3 HRR speed ratio LOO,segment,0.4,exponential,cumulative,cumTrimpBefore
11562663514,0.65,,3229.0,3187.467047498224,-41.53295250177598,-1.28624814189458,hardRunOrTrailRun,Stage 3 HRR speed ratio LOO,segment,0.4,exponential,cumulative,cumTrimpBefore
11587123521,0.65,,1887.0,2157.6161452377555,270.6161452377555,14.341078179001352,hardRunOrTrailRun,Stage 3 HRR speed ratio LOO,segment,0.4,exponential,cumulative,cumTrimpBefore
11637384443,0.65,,3410.0,3604.50411840029,194.50411840028983,5.70393309091759,hardRunOrTrailRun,Stage 3 HRR speed ratio LOO,segment,0.4,exponential,cumulative,cumTrimpBefore
11704501213,0.65,,3874.0,4450.917746845522,576.9177468455218,14.89204302647191,hardRunOrTrailRun,Stage 3 HRR speed ratio LOO,segment,0.4,exponential,cumulative,cumTrimpBefore
11730667820,0.65,,3369.0,3505.002093519429,136.00209351942885,4.036868314616469,hardRunOrTrailRun,Stage 3 HRR speed ratio LOO,segment,0.4,exponential,cumulative,cumTrimpBefore
11759480552,0.65,,5536.0,6250.477103909919,714.4771039099187,12.90601705039593,hardRunOrTrailRun,Stage 3 HRR speed ratio LOO,segment,0.4,exponential,cumulative,cumTrimpBefore
11815743705,0.65,,3211.0,3703.2433170048,492.2433170047998,15.329907100741197,hardRunOrTrailRun,Stage 3 HRR speed ratio LOO,segment,0.4,exponential,cumulative,cumTrimpBefore
12000338229,0.65,,9824.0,9404.995038744053,-419.0049612559469,-4.265115647963629,hardRunOrTrailRun,Stage 3 HRR speed ratio LOO,segment,0.4,exponential,cumulative,cumTrimpBefore
12033703768,0.65,,4341.0,4649.816855937439,308.81685593743896,7.113956598420616,hardRunOrTrailRun,Stage 3 HRR speed ratio LOO,segment,0.4,exponential,cumulative,cumTrimpBefore
12063923301,0.65,,3335.0,4315.085173527136,980.0851735271362,29.387861275176498,hardRunOrTrailRun,Stage 3 HRR speed ratio LOO,segment,0.4,exponential,cumulative,cumTrimpBefore
12122982163,0.65,,5150.0,4636.958821514483,-513.0411784855169,-9.961964630786735,hardRunOrTrailRun,Stage 3 HRR speed ratio LOO,segment,0.4,exponential,cumulative,cumTrimpBefore
12147822484,0.65,,2076.0,2406.341474032839,330.34147403283896,15.91240241005968,hardRunOrTrailRun,Stage 3 HRR speed ratio LOO,segment,0.4,exponential,cumulative,cumTrimpBefore
12177245147,0.65,,8181.0,8761.31819532367,580.3181953236708,7.093487291574023,hardRunOrTrailRun,Stage 3 HRR speed ratio LOO,segment,0.4,exponential,cumulative,cumTrimpBefore
12215183637,0.65,,2398.0,2632.431912731413,234.43191273141292,9.77614314976701,hardRunOrTrailRun,Stage 3 HRR speed ratio LOO,segment,0.4,exponential,cumulative,cumTrimpBefore
12231235107,0.65,,4474.0,4655.921974312433,181.92197431243312,4.066204164336905,hardRunOrTrailRun,Stage 3 HRR speed ratio LOO,segment,0.4,exponential,cumulative,cumTrimpBefore
12351986883,0.65,,2360.0,1780.0259009155443,-579.9740990844557,-24.57517369001931,hardRunOrTrailRun,Stage 3 HRR speed ratio LOO,segment,0.4,exponential,cumulative,cumTrimpBefore
12368406803,0.65,,2107.0,1857.88955485835,-249.11044514164996,-11.822992175683435,hardRunOrTrailRun,Stage 3 HRR speed ratio LOO,segment,0.4,exponential,cumulative,cumTrimpBefore
12385954488,0.65,,2041.0,1782.8217649048672,-258.1782350951328,-12.649595056106456,hardRunOrTrailRun,Stage 3 HRR speed ratio LOO,segment,0.4,exponential,cumulative,cumTrimpBefore
12415493314,0.65,,3761.0,3321.660224665401,-439.3397753345989,-11.681461721207096,hardRunOrTrailRun,Stage 3 HRR speed ratio LOO,segment,0.4,exponential,cumulative,cumTrimpBefore
12435526893,0.65,,2374.0,2292.4701669292454,-81.52983307075465,-3.434281089753776,hardRunOrTrailRun,Stage 3 HRR speed ratio LOO,segment,0.4,exponential,cumulative,cumTrimpBefore
12453142102,0.65,,2902.0,2596.8385668194146,-305.1614331805854,-10.515555933169724,hardRunOrTrailRun,Stage 3 HRR speed ratio LOO,segment,0.4,exponential,cumulative,cumTrimpBefore
12469144311,0.65,,6714.0,6372.543739301184,-341.45626069881564,-5.085735190628771,hardRunOrTrailRun,Stage 3 HRR speed ratio LOO,segment,0.4,exponential,cumulative,cumTrimpBefore
12532587467,0.65,,2807.0,2750.5732438091777,-56.42675619082229,-2.0102157531465012,hardRunOrTrailRun,Stage 3 HRR speed ratio LOO,segment,0.4,exponential,cumulative,cumTrimpBefore
12588932008,0.65,,17378.0,15745.497250908731,-1632.502749091269,-9.394077276391236,hardRunOrTrailRun,Stage 3 HRR speed ratio LOO,segment,0.4,exponential,cumulative,cumTrimpBefore
12923277981,0.65,,2108.0,1836.8626185300159,-271.1373814699841,-12.862304623813289,hardRunOrTrailRun,Stage 3 HRR speed ratio LOO,segment,0.4,exponential,cumulative,cumTrimpBefore
13024493247,0.65,,3462.0,2897.8543693532542,-564.1456306467458,-16.295367725209296,hardRunOrTrailRun,Stage 3 HRR speed ratio LOO,segment,0.4,exponential,cumulative,cumTrimpBefore
13066363809,0.65,,1923.0,1636.148205793886,-286.85179420611394,-14.916889974316897,hardRunOrTrailRun,Stage 3 HRR speed ratio LOO,segment,0.4,exponential,cumulative,cumTrimpBefore
13169655589,0.65,,1961.0,1858.506553266267,-102.49344673373298,-5.226590858425955,hardRunOrTrailRun,Stage 3 HRR speed ratio LOO,segment,0.4,exponential,cumulative,cumTrimpBefore
13180970159,0.65,,1911.0,1879.662512957621,-31.337487042379053,-1.6398475689366327,hardRunOrTrailRun,Stage 3 HRR speed ratio LOO,segment,0.4,exponential,cumulative,cumTrimpBefore
13194703589,0.65,,1956.0,1969.697205701571,13.697205701570965,0.7002661401621149,hardRunOrTrailRun,Stage 3 HRR speed ratio LOO,segment,0.4,exponential,cumulative,cumTrimpBefore
13602011720,0.65,,2276.0,2243.402649399261,-32.59735060073899,-1.4322210281519767,hardRunOrTrailRun,Stage 3 HRR speed ratio LOO,segment,0.4,exponential,cumulative,cumTrimpBefore
13626651040,0.65,,2805.0,2917.390638289974,112.39063828997405,4.00679637397412,hardRunOrTrailRun,Stage 3 HRR speed ratio LOO,segment,0.4,exponential,cumulative,cumTrimpBefore
13688400233,0.65,,2363.0,2536.5754564094996,173.57545640949957,7.345554651269554,hardRunOrTrailRun,Stage 3 HRR speed ratio LOO,segment,0.4,exponential,cumulative,cumTrimpBefore
13696739223,0.65,,5809.0,5827.625983052375,18.625983052374977,0.32064009386081904,hardRunOrTrailRun,Stage 3 HRR speed ratio LOO,segment,0.4,exponential,cumulative,cumTrimpBefore
13725623458,0.65,,2081.0,2609.1474505584183,528.1474505584183,25.379502669794245,hardRunOrTrailRun,Stage 3 HRR speed ratio LOO,segment,0.4,exponential,cumulative,cumTrimpBefore
13798314040,0.65,,3877.0,4459.420638287898,582.4206382878983,15.022456494400267,hardRunOrTrailRun,Stage 3 HRR speed ratio LOO,segment,0.4,exponential,cumulative,cumTrimpBefore
13824163131,0.65,,3241.0,3174.7174109232587,-66.28258907674126,-2.0451277098655125,hardRunOrTrailRun,Stage 3 HRR speed ratio LOO,segment,0.4,exponential,cumulative,cumTrimpBefore
13845021507,0.65,,2393.0,2932.5879831968264,539.5879831968264,22.54859938139684,hardRunOrTrailRun,Stage 3 HRR speed ratio LOO,segment,0.4,exponential,cumulative,cumTrimpBefore
13910406111,0.65,,2366.0,2444.0622754517362,78.06227545173624,3.2993353952551243,hardRunOrTrailRun,Stage 3 HRR speed ratio LOO,segment,0.4,exponential,cumulative,cumTrimpBefore
13947675380,0.65,,8133.0,8896.186877046383,763.1868770463825,9.383829792774899,hardRunOrTrailRun,Stage 3 HRR speed ratio LOO,segment,0.4,exponential,cumulative,cumTrimpBefore
14087416092,0.65,,15517.0,11045.079371113876,-4471.920628886124,-28.819492356036115,hardRunOrTrailRun,Stage 3 HRR speed ratio LOO,segment,0.4,exponential,cumulative,cumTrimpBefore
14155390870,0.65,,5996.0,5681.190356652975,-314.8096433470246,-5.250327607522091,hardRunOrTrailRun,Stage 3 HRR speed ratio LOO,segment,0.4,exponential,cumulative,cumTrimpBefore
14243922808,0.65,,3758.0,3809.969136989898,51.969136989897834,1.3828934803059563,hardRunOrTrailRun,Stage 3 HRR speed ratio LOO,segment,0.4,exponential,cumulative,cumTrimpBefore
14283547293,0.65,,1893.0,2016.772417224325,123.77241722432495,6.538426689082143,hardRunOrTrailRun,Stage 3 HRR speed ratio LOO,segment,0.4,exponential,cumulative,cumTrimpBefore
14300194854,0.65,,10836.0,9856.130492417826,-979.8695075821743,-9.042723399614012,hardRunOrTrailRun,Stage 3 HRR speed ratio LOO,segment,0.4,exponential,cumulative,cumTrimpBefore
14388179928,0.65,,3356.0,3159.9598542397675,-196.04014576023246,-5.841482293213125,hardRunOrTrailRun,Stage 3 HRR speed ratio LOO,segment,0.4,exponential,cumulative,cumTrimpBefore
14511853016,0.65,,3409.0,2952.290429283515,-456.7095707164849,-13.397171332252416,hardRunOrTrailRun,Stage 3 HRR speed ratio LOO,segment,0.4,exponential,cumulative,cumTrimpBefore
14531574734,0.65,,4250.0,4525.959286779767,275.95928677976735,6.493159688935703,hardRunOrTrailRun,Stage 3 HRR speed ratio LOO,segment,0.4,exponential,cumulative,cumTrimpBefore
14736619046,0.65,,7519.0,6703.062224149888,-815.9377758501123,-10.85167942346206,hardRunOrTrailRun,Stage 3 HRR speed ratio LOO,segment,0.4,exponential,cumulative,cumTrimpBefore
14765648151,0.65,,3295.0,3185.613631515642,-109.38636848435817,-3.3197683910275626,hardRunOrTrailRun,Stage 3 HRR speed ratio LOO,segment,0.4,exponential,cumulative,cumTrimpBefore
14852373707,0.65,,2322.0,1500.4199690540186,-821.5800309459814,-35.382430273298084,hardRunOrTrailRun,Stage 3 HRR speed ratio LOO,segment,0.4,exponential,cumulative,cumTrimpBefore
14893241615,0.65,,2746.0,2648.436333618002,-97.56366638199779,-3.5529375958484266,hardRunOrTrailRun,Stage 3 HRR speed ratio LOO,segment,0.4,exponential,cumulative,cumTrimpBefore
14953411411,0.65,,33087.0,27228.25254120147,-5858.747458798531,-17.707097829354524,hardRunOrTrailRun,Stage 3 HRR speed ratio LOO,segment,0.4,exponential,cumulative,cumTrimpBefore
15007483824,0.65,,3314.0,3517.4747965920014,203.47479659200144,6.139855057091172,hardRunOrTrailRun,Stage 3 HRR speed ratio LOO,segment,0.4,exponential,cumulative,cumTrimpBefore
15018253166,0.65,,30983.0,21410.267141236105,-9572.732858763895,-30.896726781667027,hardRunOrTrailRun,Stage 3 HRR speed ratio LOO,segment,0.4,exponential,cumulative,cumTrimpBefore
15059995436,0.65,,7678.0,8015.575673126099,337.575673126099,4.396661541105744,hardRunOrTrailRun,Stage 3 HRR speed ratio LOO,segment,0.4,exponential,cumulative,cumTrimpBefore
15087396899,0.65,,11532.0,12179.621254968875,647.6212549688753,5.615862426022159,hardRunOrTrailRun,Stage 3 HRR speed ratio LOO,segment,0.4,exponential,cumulative,cumTrimpBefore
15114097922,0.65,,33819.0,25948.1203707714,-7870.879629228599,-23.27354336091723,hardRunOrTrailRun,Stage 3 HRR speed ratio LOO,segment,0.4,exponential,cumulative,cumTrimpBefore
15179557231,0.65,,33543.0,27535.28186716498,-6007.71813283502,-17.91049737004746,hardRunOrTrailRun,Stage 3 HRR speed ratio LOO,segment,0.4,exponential,cumulative,cumTrimpBefore
15224440864,0.65,,6297.0,6598.919551262847,301.91955126284665,4.794656999568789,hardRunOrTrailRun,Stage 3 HRR speed ratio LOO,segment,0.4,exponential,cumulative,cumTrimpBefore
15250276952,0.65,,7979.0,9127.305763979932,1148.3057639799317,14.391599999748486,hardRunOrTrailRun,Stage 3 HRR speed ratio LOO,segment,0.4,exponential,cumulative,cumTrimpBefore
15310799882,0.65,,5452.0,5502.006257043721,50.006257043721234,0.9172094101929793,hardRunOrTrailRun,Stage 3 HRR speed ratio LOO,segment,0.4,exponential,cumulative,cumTrimpBefore
15329205386,0.65,,10390.0,10580.350341589545,190.35034158954477,1.832053335799276,hardRunOrTrailRun,Stage 3 HRR speed ratio LOO,segment,0.4,exponential,cumulative,cumTrimpBefore
15367390310,0.65,,3783.0,4011.329123735035,228.32912373503495,6.035662800291699,hardRunOrTrailRun,Stage 3 HRR speed ratio LOO,segment,0.4,exponential,cumulative,cumTrimpBefore
15424641872,0.65,,5476.0,5049.250339365306,-426.749660634694,-7.793090953884113,hardRunOrTrailRun,Stage 3 HRR speed ratio LOO,segment,0.4,exponential,cumulative,cumTrimpBefore
15493651485,0.65,,4622.0,4511.59658956933,-110.40341043067019,-2.388650160767421,hardRunOrTrailRun,Stage 3 HRR speed ratio LOO,segment,0.4,exponential,cumulative,cumTrimpBefore
15563904138,0.65,,42256.0,42201.092005226514,-54.90799477348628,-0.1299412977411167,hardRunOrTrailRun,Stage 3 HRR speed ratio LOO,segment,0.4,exponential,cumulative,cumTrimpBefore
15652573322,0.65,,3132.0,2703.95128285181,-428.04871714819,-13.66694499196009,hardRunOrTrailRun,Stage 3 HRR speed ratio LOO,segment,0.4,exponential,cumulative,cumTrimpBefore
15717135978,0.65,,14017.0,11399.380486523842,-2617.6195134761583,-18.67460593191238,hardRunOrTrailRun,Stage 3 HRR speed ratio LOO,segment,0.4,exponential,cumulative,cumTrimpBefore
15756279445,0.65,,8201.0,7074.281644086625,-1126.7183559133746,-13.738792292566451,hardRunOrTrailRun,Stage 3 HRR speed ratio LOO,segment,0.4,exponential,cumulative,cumTrimpBefore
15809536896,0.65,,6794.0,5120.716849033053,-1673.2831509669468,-24.62883648759121,hardRunOrTrailRun,Stage 3 HRR speed ratio LOO,segment,0.4,exponential,cumulative,cumTrimpBefore
15913800933,0.65,,3009.0,2710.797596822917,-298.20240317708294,-9.910349058726585,hardRunOrTrailRun,Stage 3 HRR speed ratio LOO,segment,0.4,exponential,cumulative,cumTrimpBefore
15923504065,0.65,,4057.0,4283.874606245535,226.87460624553478,5.592176639032162,hardRunOrTrailRun,Stage 3 HRR speed ratio LOO,segment,0.4,exponential,cumulative,cumTrimpBefore
15961811819,0.65,,2785.0,3164.918243669714,379.9182436697138,13.641588641641428,hardRunOrTrailRun,Stage 3 HRR speed ratio LOO,segment,0.4,exponential,cumulative,cumTrimpBefore
16043688171,0.65,,7974.0,6359.962565150894,-1614.037434849106,-20.24125200462887,hardRunOrTrailRun,Stage 3 HRR speed ratio LOO,segment,0.4,exponential,cumulative,cumTrimpBefore
16043688538,0.65,,18442.0,19037.14096825542,595.1409682554186,3.2270955875470047,hardRunOrTrailRun,Stage 3 HRR speed ratio LOO,segment,0.4,exponential,cumulative,cumTrimpBefore
16043688740,0.65,,28210.0,20552.99732738695,-7657.002672613049,-27.14286661684881,hardRunOrTrailRun,Stage 3 HRR speed ratio LOO,segment,0.4,exponential,cumulative,cumTrimpBefore
16078947736,0.65,,2945.0,3561.948878583141,616.9488785831409,20.949028135250963,hardRunOrTrailRun,Stage 3 HRR speed ratio LOO,segment,0.4,exponential,cumulative,cumTrimpBefore
16106633286,0.65,,15404.0,13343.77213170207,-2060.2278682979304,-13.374629111256365,hardRunOrTrailRun,Stage 3 HRR speed ratio LOO,segment,0.4,exponential,cumulative,cumTrimpBefore
16121104478,0.65,,5582.0,5840.974936018202,258.97493601820224,4.639464994951671,hardRunOrTrailRun,Stage 3 HRR speed ratio LOO,segment,0.4,exponential,cumulative,cumTrimpBefore
16163570178,0.65,,3062.0,3376.681831216053,314.68183121605307,10.277002978969728,hardRunOrTrailRun,Stage 3 HRR speed ratio LOO,segment,0.4,exponential,cumulative,cumTrimpBefore
16183294852,0.65,,3140.0,3593.783956463476,453.783956463476,14.451718358709426,hardRunOrTrailRun,Stage 3 HRR speed ratio LOO,segment,0.4,exponential,cumulative,cumTrimpBefore
16213470764,0.65,,6317.0,5574.642408858717,-742.3575911412827,-11.751742775704965,hardRunOrTrailRun,Stage 3 HRR speed ratio LOO,segment,0.4,exponential,cumulative,cumTrimpBefore
16235724470,0.65,,3841.0,3711.724779275453,-129.27522072454713,-3.365665730917655,hardRunOrTrailRun,Stage 3 HRR speed ratio LOO,segment,0.4,exponential,cumulative,cumTrimpBefore
16251238864,0.65,,4467.0,5614.208084385945,1147.2080843859449,25.681846527556413,hardRunOrTrailRun,Stage 3 HRR speed ratio LOO,segment,0.4,exponential,cumulative,cumTrimpBefore
16262137158,0.65,,10091.0,8065.984603916425,-2025.015396083575,-20.067539352725944,hardRunOrTrailRun,Stage 3 HRR speed ratio LOO,segment,0.4,exponential,cumulative,cumTrimpBefore
16285738312,0.65,,3949.0,4123.023341114116,174.0233411141162,4.40676984335569,hardRunOrTrailRun,Stage 3 HRR speed ratio LOO,segment,0.4,exponential,cumulative,cumTrimpBefore
16325125849,0.65,,10638.0,10676.225527332403,38.225527332402635,0.3593300181650934,hardRunOrTrailRun,Stage 3 HRR speed ratio LOO,segment,0.4,exponential,cumulative,cumTrimpBefore
16335274846,0.65,,8540.0,10033.948297530033,1493.9482975300325,17.493539783724035,hardRunOrTrailRun,Stage 3 HRR speed ratio LOO,segment,0.4,exponential,cumulative,cumTrimpBefore
16466621813,0.65,,7487.0,7222.40996178109,-264.5900382189102,-3.5339927637092314,hardRunOrTrailRun,Stage 3 HRR speed ratio LOO,segment,0.4,exponential,cumulative,cumTrimpBefore
17383625132,0.65,,5217.0,5365.769469243387,148.769469243387,2.8516286993173665,hardRunOrTrailRun,Stage 3 HRR speed ratio LOO,segment,0.4,exponential,cumulative,cumTrimpBefore
17437915260,0.65,,2526.0,2866.910949160315,340.9109491603149,13.496078747439228,hardRunOrTrailRun,Stage 3 HRR speed ratio LOO,segment,0.4,exponential,cumulative,cumTrimpBefore
17481444994,0.65,,12779.0,13063.916311074809,284.9163110748086,2.2295665629142234,hardRunOrTrailRun,Stage 3 HRR speed ratio LOO,segment,0.4,exponential,cumulative,cumTrimpBefore
17528738922,0.65,,2736.0,3112.325280967748,376.32528096774786,13.754578982739321,hardRunOrTrailRun,Stage 3 HRR speed ratio LOO,segment,0.4,exponential,cumulative,cumTrimpBefore
17591239723,0.65,,4034.0,5142.0244898856645,1108.0244898856645,27.467141544017466,hardRunOrTrailRun,Stage 3 HRR speed ratio LOO,segment,0.4,exponential,cumulative,cumTrimpBefore
17646695382,0.65,,7474.0,7617.371940467079,143.37194046707918,1.9182758960005244,hardRunOrTrailRun,Stage 3 HRR speed ratio LOO,segment,0.4,exponential,cumulative,cumTrimpBefore
17815897198,0.65,,13634.0,13854.148859050363,220.14885905036317,1.6147048485430773,hardRunOrTrailRun,Stage 3 HRR speed ratio LOO,segment,0.4,exponential,cumulative,cumTrimpBefore
18160385145,0.65,,13509.0,11232.82471090912,-2276.1752890908792,-16.8493248137603,hardRunOrTrailRun,Stage 3 HRR speed ratio LOO,segment,0.4,exponential,cumulative,cumTrimpBefore
18223569115,0.65,,1879.0,1896.928619749861,17.9286197498609,0.9541575172890313,hardRunOrTrailRun,Stage 3 HRR speed ratio LOO,segment,0.4,exponential,cumulative,cumTrimpBefore
18516570001,0.65,,8382.0,7090.909183994648,-1291.0908160053523,-15.403135480856028,hardRunOrTrailRun,Stage 3 HRR speed ratio LOO,segment,0.4,exponential,cumulative,cumTrimpBefore
11387382620,0.7,0.0,3148.0,2588.0710642223853,-559.9289357776147,-17.786814986582424,top10HardTrailByHRR,Stage 0 reproduction Stage 3 LOO,activity,,,,
13696739223,0.7,0.0,5809.0,5880.403822271145,71.40382227114515,1.2291930155129134,top10HardTrailByHRR,Stage 0 reproduction Stage 3 LOO,activity,,,,
14300194854,0.75,-0.1,10836.0,9128.358818901786,-1707.6411810982136,-15.758962542434604,top10HardTrailByHRR,Stage 0 reproduction Stage 3 LOO,activity,,,,
14893241615,0.7,0.0,2746.0,2737.0677558345337,-8.932244165466273,-0.32528201622236974,top10HardTrailByHRR,Stage 0 reproduction Stage 3 LOO,activity,,,,
15087396899,0.7,-0.05,11532.0,11984.620988914288,452.6209889142883,3.9249131886428055,top10HardTrailByHRR,Stage 0 reproduction Stage 3 LOO,activity,,,,
15250276952,0.7,-0.05,7979.0,9397.749874395984,1418.749874395984,17.781048682742,top10HardTrailByHRR,Stage 0 reproduction Stage 3 LOO,activity,,,,
15652573322,0.7,0.0,3132.0,2862.0723355227337,-269.92766447726626,-8.618380091866738,top10HardTrailByHRR,Stage 0 reproduction Stage 3 LOO,activity,,,,
15961811819,0.7,0.0,2785.0,3321.167038098023,536.1670380980231,19.25195828000083,top10HardTrailByHRR,Stage 0 reproduction Stage 3 LOO,activity,,,,
16183294852,0.7,0.0,3140.0,3737.4083844885745,597.4083844885745,19.025744728935493,top10HardTrailByHRR,Stage 0 reproduction Stage 3 LOO,activity,,,,
16325125849,0.7,0.0,10638.0,10084.041086626996,-553.9589133730042,-5.207359591774809,top10HardTrailByHRR,Stage 0 reproduction Stage 3 LOO,activity,,,,
11387382620,0.6,,3148.0,2629.2560662411793,-518.7439337588207,-16.47852394405403,top10HardTrailByHRR,Stage 1 TRIMP fatigue CTL LOO,activity,0.2,linear,decayed,decayedTrimpBefore
13696739223,0.6,,5809.0,5996.769665610403,187.76966561040263,3.2323922466931077,top10HardTrailByHRR,Stage 1 TRIMP fatigue CTL LOO,activity,0.2,linear,decayed,decayedTrimpBefore
14300194854,0.65,,10836.0,9012.537452696446,-1823.462547303554,-16.827819742557715,top10HardTrailByHRR,Stage 1 TRIMP fatigue CTL LOO,activity,0.4,linear,decayed,decayedTrimpBefore
14893241615,0.6,,2746.0,2772.3625259563873,26.362525956387344,0.9600337201889054,top10HardTrailByHRR,Stage 1 TRIMP fatigue CTL LOO,activity,0.2,linear,decayed,decayedTrimpBefore
15087396899,0.6,,11532.0,12155.720252772657,623.7202527726567,5.40860434246147,top10HardTrailByHRR,Stage 1 TRIMP fatigue CTL LOO,activity,0.4,linear,decayed,decayedTrimpBefore
15250276952,0.6,,7979.0,9433.303353197216,1454.303353197216,18.226636836661434,top10HardTrailByHRR,Stage 1 TRIMP fatigue CTL LOO,activity,0.4,linear,decayed,decayedTrimpBefore
15652573322,0.6,,3132.0,2903.4165284731334,-228.58347152686656,-7.298322845685394,top10HardTrailByHRR,Stage 1 TRIMP fatigue CTL LOO,activity,0.2,linear,decayed,decayedTrimpBefore
15961811819,0.6,,2785.0,3378.1483308907027,593.1483308907027,21.297965202538695,top10HardTrailByHRR,Stage 1 TRIMP fatigue CTL LOO,activity,0.2,linear,decayed,decayedTrimpBefore
16183294852,0.6,,3140.0,3800.773733131342,660.7737331313419,21.04374946278159,top10HardTrailByHRR,Stage 1 TRIMP fatigue CTL LOO,activity,0.2,linear,decayed,decayedTrimpBefore
16325125849,0.6,,10638.0,10211.166306658935,-426.83369334106465,-4.0123490631797765,top10HardTrailByHRR,Stage 1 TRIMP fatigue CTL LOO,activity,0.1,linear,decayed,decayedTrimpBefore
11387382620,0.6,,3148.0,2952.0930202482473,-195.90697975175271,-6.223220449547418,top10HardTrailByHRR,Stage 2 TRIMP fatigue REDI LOO,activity,0.3,linear,decayed,decayedTrimpBefore
13696739223,0.6,,5809.0,6055.230814345456,246.23081434545566,4.23878144853599,top10HardTrailByHRR,Stage 2 TRIMP fatigue REDI LOO,activity,0.3,linear,decayed,decayedTrimpBefore
14300194854,0.6,,10836.0,9348.930649891226,-1487.0693501087735,-13.723415929390676,top10HardTrailByHRR,Stage 2 TRIMP fatigue REDI LOO,activity,0.0,linear,decayed,decayedTrimpBefore
14893241615,0.6,,2746.0,2783.8806848545096,37.88068485450958,1.3794859743084336,top10HardTrailByHRR,Stage 2 TRIMP fatigue REDI LOO,activity,0.3,linear,decayed,decayedTrimpBefore
15087396899,0.6,,11532.0,11963.436480704353,431.436480704353,3.7412112444012573,top10HardTrailByHRR,Stage 2 TRIMP fatigue REDI LOO,activity,0.4,linear,decayed,decayedTrimpBefore
15250276952,0.6,,7979.0,9222.804407509866,1243.804407509866,15.588474840329189,top10HardTrailByHRR,Stage 2 TRIMP fatigue REDI LOO,activity,0.4,linear,decayed,decayedTrimpBefore
15652573322,0.6,,3132.0,2885.9347388251826,-246.06526117481735,-7.856489820396467,top10HardTrailByHRR,Stage 2 TRIMP fatigue REDI LOO,activity,0.3,linear,decayed,decayedTrimpBefore
15961811819,0.6,,2785.0,3405.5733032350836,620.5733032350836,22.282703886358476,top10HardTrailByHRR,Stage 2 TRIMP fatigue REDI LOO,activity,0.3,linear,decayed,decayedTrimpBefore
16183294852,0.6,,3140.0,3828.2808080554037,688.2808080554037,21.91977095717846,top10HardTrailByHRR,Stage 2 TRIMP fatigue REDI LOO,activity,0.4,linear,decayed,decayedTrimpBefore
16325125849,0.6,,10638.0,10281.713646285118,-356.28635371488235,-3.3491855021139534,top10HardTrailByHRR,Stage 2 TRIMP fatigue REDI LOO,activity,0.2,linear,decayed,decayedTrimpBefore
11387382620,0.6,,3148.0,2935.350373551662,-212.64962644833804,-6.755070725804893,top10HardTrailByHRR,Stage 3 HRR speed ratio decayed TRIMP linear LOO,activity,0.2,linear,decayed,decayedTrimpBefore
13696739223,0.6,,5809.0,6096.634481646289,287.6344816462888,4.951531789400737,top10HardTrailByHRR,Stage 3 HRR speed ratio decayed TRIMP linear LOO,activity,0.3,linear,decayed,decayedTrimpBefore
14300194854,0.65,,10836.0,9061.898739944561,-1774.1012600554386,-16.372289221626417,top10HardTrailByHRR,Stage 3 HRR speed ratio decayed TRIMP linear LOO,activity,0.4,linear,decayed,decayedTrimpBefore
14893241615,0.6,,2746.0,2826.43762134836,80.43762134836015,2.929265161994179,top10HardTrailByHRR,Stage 3 HRR speed ratio decayed TRIMP linear LOO,activity,0.2,linear,decayed,decayedTrimpBefore
15087396899,0.6,,11532.0,12079.988640135904,547.9886401359036,4.751895942905858,top10HardTrailByHRR,Stage 3 HRR speed ratio decayed TRIMP linear LOO,activity,0.4,linear,decayed,decayedTrimpBefore
15250276952,0.6,,7979.0,9258.0913915434,1279.0913915433994,16.03072304227847,top10HardTrailByHRR,Stage 3 HRR speed ratio decayed TRIMP linear LOO,activity,0.4,linear,decayed,decayedTrimpBefore
15652573322,0.6,,3132.0,2876.113767888899,-255.88623211110098,-8.17005849652302,top10HardTrailByHRR,Stage 3 HRR speed ratio decayed TRIMP linear LOO,activity,0.2,linear,decayed,decayedTrimpBefore
15961811819,0.6,,2785.0,3405.5733032350836,620.5733032350836,22.282703886358476,top10HardTrailByHRR,Stage 3 HRR speed ratio decayed TRIMP linear LOO,activity,0.3,linear,decayed,decayedTrimpBefore
16183294852,0.6,,3140.0,3804.4100605539006,664.4100605539006,21.15955606859556,top10HardTrailByHRR,Stage 3 HRR speed ratio decayed TRIMP linear LOO,activity,0.3,linear,decayed,decayedTrimpBefore
16325125849,0.6,,10638.0,10199.950987808694,-438.04901219130625,-4.117776012326624,top10HardTrailByHRR,Stage 3 HRR speed ratio decayed TRIMP linear LOO,activity,0.1,linear,decayed,decayedTrimpBefore
11387382620,0.6,,3148.0,2935.0612437473433,-212.93875625265673,-6.764255281215272,top10HardTrailByHRR,Stage 3 HRR speed ratio decayed TRIMP exponential LOO,activity,0.2,exponential,decayed,decayedTrimpBefore
13696739223,0.6,,5809.0,6094.677260558526,285.67726055852563,4.917838880332685,top10HardTrailByHRR,Stage 3 HRR speed ratio decayed TRIMP exponential LOO,activity,0.3,exponential,decayed,decayedTrimpBefore
14300194854,0.65,,10836.0,9054.200654030294,-1781.7993459697063,-16.44333098901538,top10HardTrailByHRR,Stage 3 HRR speed ratio decayed TRIMP exponential LOO,activity,0.4,exponential,decayed,decayedTrimpBefore
14893241615,0.6,,2746.0,2826.30140443095,80.30140443094979,2.924304604186081,top10HardTrailByHRR,Stage 3 HRR speed ratio decayed TRIMP exponential LOO,activity,0.2,exponential,decayed,decayedTrimpBefore
15087396899,0.6,,11532.0,12072.474963136554,540.4749631365539,4.686740922099843,top10HardTrailByHRR,Stage 3 HRR speed ratio decayed TRIMP exponential LOO,activity,0.4,exponential,decayed,decayedTrimpBefore
15250276952,0.6,,7979.0,9254.941369961709,1275.941369961709,15.991244140389885,top10HardTrailByHRR,Stage 3 HRR speed ratio decayed TRIMP exponential LOO,activity,0.4,exponential,decayed,decayedTrimpBefore
15652573322,0.6,,3132.0,2875.9229833090353,-256.0770166909647,-8.17614995820449,top10HardTrailByHRR,Stage 3 HRR speed ratio decayed TRIMP exponential LOO,activity,0.2,exponential,decayed,decayedTrimpBefore
15961811819,0.6,,2785.0,3404.429727423488,619.4297274234882,22.241641918258104,top10HardTrailByHRR,Stage 3 HRR speed ratio decayed TRIMP exponential LOO,activity,0.3,exponential,decayed,decayedTrimpBefore
16183294852,0.6,,3140.0,3803.5585162464463,663.5585162464463,21.13243682313523,top10HardTrailByHRR,Stage 3 HRR speed ratio decayed TRIMP exponential LOO,activity,0.3,exponential,decayed,decayedTrimpBefore
16325125849,0.6,,10638.0,10199.60241455679,-438.3975854432101,-4.12105269264157,top10HardTrailByHRR,Stage 3 HRR speed ratio decayed TRIMP exponential LOO,activity,0.1,exponential,decayed,decayedTrimpBefore
11387382620,0.65,,3148.0,2733.3145124531898,-414.68548754681024,-13.172982450661062,top10HardTrailByHRR,Stage 3 HRR speed ratio cumulative TRIMP linear LOO,activity,0.3,linear,cumulative,cumTrimpBefore
13696739223,0.65,,5809.0,5752.371778281092,-56.62822171890821,-0.9748359738149115,top10HardTrailByHRR,Stage 3 HRR speed ratio cumulative TRIMP linear LOO,activity,0.3,linear,cumulative,cumTrimpBefore
14300194854,0.65,,10836.0,9288.97391479097,-1547.0260852090305,-14.276726515402643,top10HardTrailByHRR,Stage 3 HRR speed ratio cumulative TRIMP linear LOO,activity,0.2,linear,cumulative,cumTrimpBefore
14893241615,0.65,,2746.0,2633.8328065886644,-112.16719341133557,-4.084748485481994,top10HardTrailByHRR,Stage 3 HRR speed ratio cumulative TRIMP linear LOO,activity,0.3,linear,cumulative,cumTrimpBefore
15087396899,0.65,,11532.0,12332.487250322763,800.4872503227634,6.941443377755493,top10HardTrailByHRR,Stage 3 HRR speed ratio cumulative TRIMP linear LOO,activity,0.4,linear,cumulative,cumTrimpBefore
15250276952,0.65,,7979.0,9185.14153550579,1206.1415355057907,15.116449874743584,top10HardTrailByHRR,Stage 3 HRR speed ratio cumulative TRIMP linear LOO,activity,0.4,linear,cumulative,cumTrimpBefore
15652573322,0.65,,3132.0,2685.9188539514366,-446.08114604856337,-14.242693041141871,top10HardTrailByHRR,Stage 3 HRR speed ratio cumulative TRIMP linear LOO,activity,0.3,linear,cumulative,cumTrimpBefore
15961811819,0.65,,2785.0,3145.797441292455,360.797441292455,12.955024821991204,top10HardTrailByHRR,Stage 3 HRR speed ratio cumulative TRIMP linear LOO,activity,0.3,linear,cumulative,cumTrimpBefore
16183294852,0.65,,3140.0,3559.210188096178,419.2101880961782,13.350642932999305,top10HardTrailByHRR,Stage 3 HRR speed ratio cumulative TRIMP linear LOO,activity,0.3,linear,cumulative,cumTrimpBefore
16325125849,0.65,,10638.0,10399.958271185948,-238.04172881405248,-2.2376549051894385,top10HardTrailByHRR,Stage 3 HRR speed ratio cumulative TRIMP linear LOO,activity,0.3,linear,cumulative,cumTrimpBefore
11387382620,0.65,,3148.0,2732.3666542515407,-415.6333457484593,-13.203092304588923,top10HardTrailByHRR,Stage 3 HRR speed ratio cumulative TRIMP exponential LOO,activity,0.3,exponential,cumulative,cumTrimpBefore
13696739223,0.65,,5809.0,5743.692471278113,-65.30752872188714,-1.124247352761011,top10HardTrailByHRR,Stage 3 HRR speed ratio cumulative TRIMP exponential LOO,activity,0.3,exponential,cumulative,cumTrimpBefore
14300194854,0.65,,10836.0,9263.470643019195,-1572.5293569808055,-14.51208339775568,top10HardTrailByHRR,Stage 3 HRR speed ratio cumulative TRIMP exponential LOO,activity,0.2,exponential,cumulative,cumTrimpBefore
14893241615,0.65,,2746.0,2633.1362851622816,-112.86371483771836,-4.110113431817857,top10HardTrailByHRR,Stage 3 HRR speed ratio cumulative TRIMP exponential LOO,activity,0.3,exponential,cumulative,cumTrimpBefore
15087396899,0.65,,11532.0,12179.621254968875,647.6212549688753,5.615862426022159,top10HardTrailByHRR,Stage 3 HRR speed ratio cumulative TRIMP exponential LOO,activity,0.4,exponential,cumulative,cumTrimpBefore
15250276952,0.65,,7979.0,9127.305763979932,1148.3057639799317,14.391599999748486,top10HardTrailByHRR,Stage 3 HRR speed ratio cumulative TRIMP exponential LOO,activity,0.4,exponential,cumulative,cumTrimpBefore
15652573322,0.65,,3132.0,2684.936932017536,-447.06306798246396,-14.274044316170626,top10HardTrailByHRR,Stage 3 HRR speed ratio cumulative TRIMP exponential LOO,activity,0.3,exponential,cumulative,cumTrimpBefore
15961811819,0.65,,2785.0,3164.918243669714,379.9182436697138,13.641588641641428,top10HardTrailByHRR,Stage 3 HRR speed ratio cumulative TRIMP exponential LOO,activity,0.4,exponential,cumulative,cumTrimpBefore
16183294852,0.65,,3140.0,3593.783956463476,453.783956463476,14.451718358709426,top10HardTrailByHRR,Stage 3 HRR speed ratio cumulative TRIMP exponential LOO,activity,0.4,exponential,cumulative,cumTrimpBefore
16325125849,0.65,,10638.0,10319.358109884664,-318.6418901153356,-2.9953176359779623,top10HardTrailByHRR,Stage 3 HRR speed ratio cumulative TRIMP exponential LOO,activity,0.3,exponential,cumulative,cumTrimpBefore
11387382620,0.65,,3148.0,2732.3666542515407,-415.6333457484593,-13.203092304588923,top10HardTrailByHRR,Stage 3 HRR speed ratio LOO,activity,0.3,exponential,cumulative,cumTrimpBefore
13696739223,0.65,,5809.0,5743.692471278113,-65.30752872188714,-1.124247352761011,top10HardTrailByHRR,Stage 3 HRR speed ratio LOO,activity,0.3,exponential,cumulative,cumTrimpBefore
14300194854,0.65,,10836.0,9263.470643019195,-1572.5293569808055,-14.51208339775568,top10HardTrailByHRR,Stage 3 HRR speed ratio LOO,activity,0.2,exponential,cumulative,cumTrimpBefore
14893241615,0.65,,2746.0,2633.1362851622816,-112.86371483771836,-4.110113431817857,top10HardTrailByHRR,Stage 3 HRR speed ratio LOO,activity,0.3,exponential,cumulative,cumTrimpBefore
15087396899,0.65,,11532.0,12179.621254968875,647.6212549688753,5.615862426022159,top10HardTrailByHRR,Stage 3 HRR speed ratio LOO,activity,0.4,exponential,cumulative,cumTrimpBefore
15250276952,0.65,,7979.0,9127.305763979932,1148.3057639799317,14.391599999748486,top10HardTrailByHRR,Stage 3 HRR speed ratio LOO,activity,0.4,exponential,cumulative,cumTrimpBefore
15652573322,0.65,,3132.0,2684.936932017536,-447.06306798246396,-14.274044316170626,top10HardTrailByHRR,Stage 3 HRR speed ratio LOO,activity,0.3,exponential,cumulative,cumTrimpBefore
15961811819,0.65,,2785.0,3164.918243669714,379.9182436697138,13.641588641641428,top10HardTrailByHRR,Stage 3 HRR speed ratio LOO,activity,0.4,exponential,cumulative,cumTrimpBefore
16183294852,0.65,,3140.0,3593.783956463476,453.783956463476,14.451718358709426,top10HardTrailByHRR,Stage 3 HRR speed ratio LOO,activity,0.4,exponential,cumulative,cumTrimpBefore
16325125849,0.65,,10638.0,10319.358109884664,-318.6418901153356,-2.9953176359779623,top10HardTrailByHRR,Stage 3 HRR speed ratio LOO,activity,0.3,exponential,cumulative,cumTrimpBefore
11387382620,0.7,0.0,3148.0,2588.0710642223853,-559.9289357776147,-17.786814986582424,top10HardTrailByHRR,Stage 0 reproduction Stage 3 LOO,segment,,,,
13696739223,0.7,0.0,5809.0,5880.403822271145,71.40382227114515,1.2291930155129134,top10HardTrailByHRR,Stage 0 reproduction Stage 3 LOO,segment,,,,
14300194854,0.75,-0.1,10836.0,9128.358818901786,-1707.6411810982136,-15.758962542434604,top10HardTrailByHRR,Stage 0 reproduction Stage 3 LOO,segment,,,,
14893241615,0.7,0.0,2746.0,2737.0677558345337,-8.932244165466273,-0.32528201622236974,top10HardTrailByHRR,Stage 0 reproduction Stage 3 LOO,segment,,,,
15087396899,0.7,-0.05,11532.0,11984.620988914288,452.6209889142883,3.9249131886428055,top10HardTrailByHRR,Stage 0 reproduction Stage 3 LOO,segment,,,,
15250276952,0.7,-0.05,7979.0,9397.749874395984,1418.749874395984,17.781048682742,top10HardTrailByHRR,Stage 0 reproduction Stage 3 LOO,segment,,,,
15652573322,0.7,0.0,3132.0,2862.0723355227337,-269.92766447726626,-8.618380091866738,top10HardTrailByHRR,Stage 0 reproduction Stage 3 LOO,segment,,,,
15961811819,0.7,0.0,2785.0,3321.167038098023,536.1670380980231,19.25195828000083,top10HardTrailByHRR,Stage 0 reproduction Stage 3 LOO,segment,,,,
16183294852,0.7,0.0,3140.0,3737.4083844885745,597.4083844885745,19.025744728935493,top10HardTrailByHRR,Stage 0 reproduction Stage 3 LOO,segment,,,,
16325125849,0.7,0.0,10638.0,10084.041086626996,-553.9589133730042,-5.207359591774809,top10HardTrailByHRR,Stage 0 reproduction Stage 3 LOO,segment,,,,
11387382620,0.65,,3148.0,2454.945182321273,-693.054817678727,-22.01571847772322,top10HardTrailByHRR,Stage 1 TRIMP fatigue CTL LOO,segment,0.4,linear,decayed,decayedTrimpBefore
13696739223,0.65,,5809.0,5621.00030947364,-187.9996905263597,-3.2363520489991338,top10HardTrailByHRR,Stage 1 TRIMP fatigue CTL LOO,segment,0.4,linear,decayed,decayedTrimpBefore
14300194854,0.65,,10836.0,9012.537452696446,-1823.462547303554,-16.827819742557715,top10HardTrailByHRR,Stage 1 TRIMP fatigue CTL LOO,segment,0.4,linear,decayed,decayedTrimpBefore
14893241615,0.65,,2746.0,2580.4986679490944,-165.5013320509056,-6.026996797192484,top10HardTrailByHRR,Stage 1 TRIMP fatigue CTL LOO,segment,0.4,linear,decayed,decayedTrimpBefore
15087396899,0.65,,11532.0,11220.66484871322,-311.33515128677936,-2.699749837727882,top10HardTrailByHRR,Stage 1 TRIMP fatigue CTL LOO,segment,0.4,linear,decayed,decayedTrimpBefore
15250276952,0.65,,7979.0,8707.664633720506,728.6646337205057,9.132280156918231,top10HardTrailByHRR,Stage 1 TRIMP fatigue CTL LOO,segment,0.4,linear,decayed,decayedTrimpBefore
15652573322,0.65,,3132.0,2706.7336885883565,-425.2663114116435,-13.578107005480316,top10HardTrailByHRR,Stage 1 TRIMP fatigue CTL LOO,segment,0.4,linear,decayed,decayedTrimpBefore
15961811819,0.65,,2785.0,3158.596884716919,373.5968847169188,13.414609864162255,top10HardTrailByHRR,Stage 1 TRIMP fatigue CTL LOO,segment,0.4,linear,decayed,decayedTrimpBefore
16183294852,0.65,,3140.0,3552.3431753432133,412.34317534321326,13.131948259338003,top10HardTrailByHRR,Stage 1 TRIMP fatigue CTL LOO,segment,0.4,linear,decayed,decayedTrimpBefore
16325125849,0.65,,10638.0,9656.417278038907,-981.5827219610928,-9.227135946240768,top10HardTrailByHRR,Stage 1 TRIMP fatigue CTL LOO,segment,0.4,linear,decayed,decayedTrimpBefore
11387382620,0.65,,3148.0,2740.7464607574625,-407.2535392425375,-12.93689768877184,top10HardTrailByHRR,Stage 2 TRIMP fatigue REDI LOO,segment,0.4,linear,decayed,decayedTrimpBefore
13696739223,0.65,,5809.0,5632.711180681418,-176.28881931858177,-3.0347533020929895,top10HardTrailByHRR,Stage 2 TRIMP fatigue REDI LOO,segment,0.4,linear,decayed,decayedTrimpBefore
14300194854,0.65,,10836.0,8969.776272222152,-1866.2237277778477,-17.222441193963157,top10HardTrailByHRR,Stage 2 TRIMP fatigue REDI LOO,segment,0.4,linear,decayed,decayedTrimpBefore
14893241615,0.65,,2746.0,2580.4986679490944,-165.5013320509056,-6.026996797192484,top10HardTrailByHRR,Stage 2 TRIMP fatigue REDI LOO,segment,0.4,linear,decayed,decayedTrimpBefore
15087396899,0.65,,11532.0,11043.172136034784,-488.82786396521624,-4.238881928245024,top10HardTrailByHRR,Stage 2 TRIMP fatigue REDI LOO,segment,0.4,linear,decayed,decayedTrimpBefore
15250276952,0.65,,7979.0,8513.35791462449,534.3579146244901,6.6970536987653855,top10HardTrailByHRR,Stage 2 TRIMP fatigue REDI LOO,segment,0.4,linear,decayed,decayedTrimpBefore
15652573322,0.65,,3132.0,2677.214355176806,-454.78564482319416,-14.520614457956391,top10HardTrailByHRR,Stage 2 TRIMP fatigue REDI LOO,segment,0.4,linear,decayed,decayedTrimpBefore
15961811819,0.65,,2785.0,3164.0420778870753,379.04207788707527,13.610128469912935,top10HardTrailByHRR,Stage 2 TRIMP fatigue REDI LOO,segment,0.4,linear,decayed,decayedTrimpBefore
16183294852,0.65,,3140.0,3533.7976689742177,393.7976689742177,12.541327037395467,top10HardTrailByHRR,Stage 2 TRIMP fatigue REDI LOO,segment,0.4,linear,decayed,decayedTrimpBefore
16325125849,0.65,,10638.0,9645.811261500568,-992.1887384994316,-9.326835293282869,top10HardTrailByHRR,Stage 2 TRIMP fatigue REDI LOO,segment,0.4,linear,decayed,decayedTrimpBefore
11387382620,0.65,,3148.0,2740.7464607574625,-407.2535392425375,-12.93689768877184,top10HardTrailByHRR,Stage 3 HRR speed ratio decayed TRIMP linear LOO,segment,0.4,linear,decayed,decayedTrimpBefore
13696739223,0.65,,5809.0,5670.964644834621,-138.03535516537886,-2.376232659070044,top10HardTrailByHRR,Stage 3 HRR speed ratio decayed TRIMP linear LOO,segment,0.4,linear,decayed,decayedTrimpBefore
14300194854,0.65,,10836.0,9061.898739944561,-1774.1012600554386,-16.372289221626417,top10HardTrailByHRR,Stage 3 HRR speed ratio decayed TRIMP linear LOO,segment,0.4,linear,decayed,decayedTrimpBefore
14893241615,0.65,,2746.0,2630.4141406186077,-115.58585938139231,-4.209244697064542,top10HardTrailByHRR,Stage 3 HRR speed ratio decayed TRIMP linear LOO,segment,0.4,linear,decayed,decayedTrimpBefore
15087396899,0.65,,11532.0,11150.758744740831,-381.2412552591686,-3.3059422065484614,top10HardTrailByHRR,Stage 3 HRR speed ratio decayed TRIMP linear LOO,segment,0.4,linear,decayed,decayedTrimpBefore
15250276952,0.65,,7979.0,8545.930515270828,566.9305152708275,7.1052828082570185,top10HardTrailByHRR,Stage 3 HRR speed ratio decayed TRIMP linear LOO,segment,0.4,linear,decayed,decayedTrimpBefore
15652573322,0.65,,3132.0,2681.3085304545048,-450.69146954549524,-14.389893663649273,top10HardTrailByHRR,Stage 3 HRR speed ratio decayed TRIMP linear LOO,segment,0.4,linear,decayed,decayedTrimpBefore
15961811819,0.65,,2785.0,3164.0420778870753,379.04207788707527,13.610128469912935,top10HardTrailByHRR,Stage 3 HRR speed ratio decayed TRIMP linear LOO,segment,0.4,linear,decayed,decayedTrimpBefore
16183294852,0.65,,3140.0,3533.7976689742177,393.7976689742177,12.541327037395467,top10HardTrailByHRR,Stage 3 HRR speed ratio decayed TRIMP linear LOO,segment,0.4,linear,decayed,decayedTrimpBefore
16325125849,0.65,,10638.0,9645.811261500568,-992.1887384994316,-9.326835293282869,top10HardTrailByHRR,Stage 3 HRR speed ratio decayed TRIMP linear LOO,segment,0.4,linear,decayed,decayedTrimpBefore
11387382620,0.65,,3148.0,2739.6421302540275,-408.3578697459725,-12.971978073251986,top10HardTrailByHRR,Stage 3 HRR speed ratio decayed TRIMP exponential LOO,segment,0.4,exponential,decayed,decayedTrimpBefore
13696739223,0.65,,5809.0,5667.697191774278,-141.3028082257224,-2.432480775102813,top10HardTrailByHRR,Stage 3 HRR speed ratio decayed TRIMP exponential LOO,segment,0.4,exponential,decayed,decayedTrimpBefore
14300194854,0.65,,10836.0,9054.200654030294,-1781.7993459697063,-16.44333098901538,top10HardTrailByHRR,Stage 3 HRR speed ratio decayed TRIMP exponential LOO,segment,0.4,exponential,decayed,decayedTrimpBefore
14893241615,0.65,,2746.0,2629.9000828139892,-116.09991718601077,-4.22796493758233,top10HardTrailByHRR,Stage 3 HRR speed ratio decayed TRIMP exponential LOO,segment,0.4,exponential,decayed,decayedTrimpBefore
15087396899,0.65,,11532.0,11143.823042895281,-388.1769571047189,-3.366085302677063,top10HardTrailByHRR,Stage 3 HRR speed ratio decayed TRIMP exponential LOO,segment,0.4,exponential,decayed,decayedTrimpBefore
15250276952,0.65,,7979.0,8543.022803041575,564.0228030415747,7.068840744975244,top10HardTrailByHRR,Stage 3 HRR speed ratio decayed TRIMP exponential LOO,segment,0.4,exponential,decayed,decayedTrimpBefore
15652573322,0.65,,3132.0,2680.5866880829117,-451.4133119170883,-14.412940993521339,top10HardTrailByHRR,Stage 3 HRR speed ratio decayed TRIMP exponential LOO,segment,0.4,exponential,decayed,decayedTrimpBefore
15961811819,0.65,,2785.0,3162.121178956676,377.121178956676,13.541155438300754,top10HardTrailByHRR,Stage 3 HRR speed ratio decayed TRIMP exponential LOO,segment,0.4,exponential,decayed,decayedTrimpBefore
16183294852,0.65,,3140.0,3532.379775456483,392.379775456483,12.496171192881626,top10HardTrailByHRR,Stage 3 HRR speed ratio decayed TRIMP exponential LOO,segment,0.4,exponential,decayed,decayedTrimpBefore
16325125849,0.65,,10638.0,9640.425230649516,-997.5747693504836,-9.377465400925772,top10HardTrailByHRR,Stage 3 HRR speed ratio decayed TRIMP exponential LOO,segment,0.4,exponential,decayed,decayedTrimpBefore
11387382620,0.7,,3148.0,2555.552958168525,-592.447041831475,-18.819791671902,top10HardTrailByHRR,Stage 3 HRR speed ratio cumulative TRIMP linear LOO,segment,0.4,linear,cumulative,cumTrimpBefore
13696739223,0.7,,5809.0,5426.3555949999845,-382.64440500001547,-6.587095971768213,top10HardTrailByHRR,Stage 3 HRR speed ratio cumulative TRIMP linear LOO,segment,0.4,linear,cumulative,cumTrimpBefore
14300194854,0.7,,10836.0,9265.166028744943,-1570.833971255057,-14.496437534653534,top10HardTrailByHRR,Stage 3 HRR speed ratio cumulative TRIMP linear LOO,segment,0.4,linear,cumulative,cumTrimpBefore
14893241615,0.7,,2746.0,2460.4348794254756,-285.56512057452437,-10.399312475401471,top10HardTrailByHRR,Stage 3 HRR speed ratio cumulative TRIMP linear LOO,segment,0.4,linear,cumulative,cumTrimpBefore
15087396899,0.65,,11532.0,12332.487250322763,800.4872503227634,6.941443377755493,top10HardTrailByHRR,Stage 3 HRR speed ratio cumulative TRIMP linear LOO,segment,0.4,linear,cumulative,cumTrimpBefore
15250276952,0.7,,7979.0,8529.05999725538,550.0599972553791,6.8938463122619265,top10HardTrailByHRR,Stage 3 HRR speed ratio cumulative TRIMP linear LOO,segment,0.4,linear,cumulative,cumTrimpBefore
15652573322,0.7,,3132.0,2512.4688133411746,-619.5311866588254,-19.780689229208985,top10HardTrailByHRR,Stage 3 HRR speed ratio cumulative TRIMP linear LOO,segment,0.4,linear,cumulative,cumTrimpBefore
15961811819,0.65,,2785.0,3145.797441292455,360.797441292455,12.955024821991204,top10HardTrailByHRR,Stage 3 HRR speed ratio cumulative TRIMP linear LOO,segment,0.3,linear,cumulative,cumTrimpBefore
16183294852,0.7,,3140.0,3341.886912091286,201.88691209128592,6.429519493353054,top10HardTrailByHRR,Stage 3 HRR speed ratio cumulative TRIMP linear LOO,segment,0.4,linear,cumulative,cumTrimpBefore
16325125849,0.7,,10638.0,10060.594726590356,-577.405273409644,-5.42776154737398,top10HardTrailByHRR,Stage 3 HRR speed ratio cumulative TRIMP linear LOO,segment,0.4,linear,cumulative,cumTrimpBefore
11387382620,0.7,,3148.0,2553.9504627585497,-594.0495372414503,-18.87069686281608,top10HardTrailByHRR,Stage 3 HRR speed ratio cumulative TRIMP exponential LOO,segment,0.4,exponential,cumulative,cumTrimpBefore
13696739223,0.7,,5809.0,5411.3669842629215,-397.6330157370785,-6.845119912843494,top10HardTrailByHRR,Stage 3 HRR speed ratio cumulative TRIMP exponential LOO,segment,0.4,exponential,cumulative,cumTrimpBefore
14300194854,0.7,,10836.0,9152.121171530838,-1683.8788284691618,-15.539671728213012,top10HardTrailByHRR,Stage 3 HRR speed ratio cumulative TRIMP exponential LOO,segment,0.4,exponential,cumulative,cumTrimpBefore
14893241615,0.7,,2746.0,2459.2623097881456,-286.73769021185444,-10.44201348185923,top10HardTrailByHRR,Stage 3 HRR speed ratio cumulative TRIMP exponential LOO,segment,0.4,exponential,cumulative,cumTrimpBefore
15087396899,0.65,,11532.0,12179.621254968875,647.6212549688753,5.615862426022159,top10HardTrailByHRR,Stage 3 HRR speed ratio cumulative TRIMP exponential LOO,segment,0.4,exponential,cumulative,cumTrimpBefore
15250276952,0.65,,7979.0,9127.305763979932,1148.3057639799317,14.391599999748486,top10HardTrailByHRR,Stage 3 HRR speed ratio cumulative TRIMP exponential LOO,segment,0.4,exponential,cumulative,cumTrimpBefore
15652573322,0.7,,3132.0,2510.811905505253,-621.188094494747,-19.83359177824863,top10HardTrailByHRR,Stage 3 HRR speed ratio cumulative TRIMP exponential LOO,segment,0.4,exponential,cumulative,cumTrimpBefore
15961811819,0.65,,2785.0,3164.918243669714,379.9182436697138,13.641588641641428,top10HardTrailByHRR,Stage 3 HRR speed ratio cumulative TRIMP exponential LOO,segment,0.4,exponential,cumulative,cumTrimpBefore
16183294852,0.65,,3140.0,3593.783956463476,453.783956463476,14.451718358709426,top10HardTrailByHRR,Stage 3 HRR speed ratio cumulative TRIMP exponential LOO,segment,0.4,exponential,cumulative,cumTrimpBefore
16325125849,0.7,,10638.0,9913.6379896658,-724.3620103342,-6.809193554561007,top10HardTrailByHRR,Stage 3 HRR speed ratio cumulative TRIMP exponential LOO,segment,0.4,exponential,cumulative,cumTrimpBefore
11387382620,0.65,,3148.0,2740.7464607574625,-407.2535392425375,-12.93689768877184,top10HardTrailByHRR,Stage 3 HRR speed ratio LOO,segment,0.4,linear,decayed,decayedTrimpBefore
13696739223,0.65,,5809.0,5670.964644834621,-138.03535516537886,-2.376232659070044,top10HardTrailByHRR,Stage 3 HRR speed ratio LOO,segment,0.4,linear,decayed,decayedTrimpBefore
14300194854,0.65,,10836.0,9061.898739944561,-1774.1012600554386,-16.372289221626417,top10HardTrailByHRR,Stage 3 HRR speed ratio LOO,segment,0.4,linear,decayed,decayedTrimpBefore
14893241615,0.65,,2746.0,2630.4141406186077,-115.58585938139231,-4.209244697064542,top10HardTrailByHRR,Stage 3 HRR speed ratio LOO,segment,0.4,linear,decayed,decayedTrimpBefore
15087396899,0.65,,11532.0,11150.758744740831,-381.2412552591686,-3.3059422065484614,top10HardTrailByHRR,Stage 3 HRR speed ratio LOO,segment,0.4,linear,decayed,decayedTrimpBefore
15250276952,0.65,,7979.0,8545.930515270828,566.9305152708275,7.1052828082570185,top10HardTrailByHRR,Stage 3 HRR speed ratio LOO,segment,0.4,linear,decayed,decayedTrimpBefore
15652573322,0.65,,3132.0,2681.3085304545048,-450.69146954549524,-14.389893663649273,top10HardTrailByHRR,Stage 3 HRR speed ratio LOO,segment,0.4,linear,decayed,decayedTrimpBefore
15961811819,0.65,,2785.0,3164.0420778870753,379.04207788707527,13.610128469912935,top10HardTrailByHRR,Stage 3 HRR speed ratio LOO,segment,0.4,linear,decayed,decayedTrimpBefore
16183294852,0.65,,3140.0,3533.7976689742177,393.7976689742177,12.541327037395467,top10HardTrailByHRR,Stage 3 HRR speed ratio LOO,segment,0.4,linear,decayed,decayedTrimpBefore
16325125849,0.65,,10638.0,9645.811261500568,-992.1887384994316,-9.326835293282869,top10HardTrailByHRR,Stage 3 HRR speed ratio LOO,segment,0.4,linear,decayed,decayedTrimpBefore
12000338229,0.55,-0.1,9824.0,11902.127254834344,2078.127254834344,21.15357547673396,selectedDateRaces,Stage 0 reproduction Stage 3 LOO,activity,,,,
12177245147,0.55,-0.1,8181.0,11282.238389397773,3101.238389397773,37.9078155408602,selectedDateRaces,Stage 0 reproduction Stage 3 LOO,activity,,,,
14300194854,0.55,-0.1,10836.0,12447.762025775162,1611.7620257751623,14.874141987589168,selectedDateRaces,Stage 0 reproduction Stage 3 LOO,activity,,,,
14893241615,0.55,-0.05,2746.0,3556.0383114403385,810.0383114403385,29.498846010208972,selectedDateRaces,Stage 0 reproduction Stage 3 LOO,activity,,,,
14953411411,0.55,0.0,33087.0,24733.880247561417,-8353.119752438583,-25.2459266552984,selectedDateRaces,Stage 0 reproduction Stage 3 LOO,activity,,,,
15087396899,0.55,-0.1,11532.0,15638.28724954219,4106.287249542191,35.607763176744626,selectedDateRaces,Stage 0 reproduction Stage 3 LOO,activity,,,,
15224440864,0.55,-0.1,6297.0,8892.200224069216,2595.2002240692163,41.21327972160102,selectedDateRaces,Stage 0 reproduction Stage 3 LOO,activity,,,,
15250276952,0.55,-0.1,7979.0,12287.178062404691,4308.178062404691,53.9939599248614,selectedDateRaces,Stage 0 reproduction Stage 3 LOO,activity,,,,
15310799882,0.55,-0.1,5452.0,7365.282126693875,1913.2821266938754,35.093215823438655,selectedDateRaces,Stage 0 reproduction Stage 3 LOO,activity,,,,
15329205386,0.55,-0.1,10390.0,12015.998430033436,1625.9984300334363,15.649648027270802,selectedDateRaces,Stage 0 reproduction Stage 3 LOO,activity,,,,
15367390310,0.55,-0.1,3783.0,5480.0706694331075,1697.0706694331075,44.86044592738851,selectedDateRaces,Stage 0 reproduction Stage 3 LOO,activity,,,,
15563904138,0.6,-0.1,42256.0,34676.739679143,-7579.260320857,-17.93653048290657,selectedDateRaces,Stage 0 reproduction Stage 3 LOO,activity,,,,
15961811819,0.55,-0.1,2785.0,4459.774391611781,1674.7743916117806,60.13552573112319,selectedDateRaces,Stage 0 reproduction Stage 3 LOO,activity,,,,
16183294852,0.55,-0.1,3140.0,4968.579087646318,1828.579087646318,58.23500279128401,selectedDateRaces,Stage 0 reproduction Stage 3 LOO,activity,,,,
16325125849,0.55,-0.1,10638.0,13539.54121345221,2901.5412134522103,27.275251113481954,selectedDateRaces,Stage 0 reproduction Stage 3 LOO,activity,,,,
17481444994,0.55,-0.1,12779.0,16611.80641683061,3832.806416830608,29.99300740926996,selectedDateRaces,Stage 0 reproduction Stage 3 LOO,activity,,,,
18075217710,0.55,-0.05,544.0,898.3029628097433,354.30296280974335,65.12922110473224,selectedDateRaces,Stage 0 reproduction Stage 3 LOO,activity,,,,
18160385145,0.55,-0.05,13509.0,13505.779132207661,-3.2208677923390496,-0.023842385019905616,selectedDateRaces,Stage 0 reproduction Stage 3 LOO,activity,,,,
12000338229,0.45,,9824.0,12138.608268576209,2314.6082685762085,23.560751919546096,selectedDateRaces,Stage 1 TRIMP fatigue CTL LOO,activity,0.3,linear,decayed,decayedTrimpBefore
12177245147,0.45,,8181.0,11533.173245446007,3352.173245446007,40.97510384361334,selectedDateRaces,Stage 1 TRIMP fatigue CTL LOO,activity,0.3,linear,decayed,decayedTrimpBefore
14300194854,0.45,,10836.0,12890.584425720983,2054.584425720983,18.960727442976953,selectedDateRaces,Stage 1 TRIMP fatigue CTL LOO,activity,0.3,linear,decayed,decayedTrimpBefore
14893241615,0.45,,2746.0,3696.4833679418502,950.4833679418502,34.61337829358522,selectedDateRaces,Stage 1 TRIMP fatigue CTL LOO,activity,0.2,linear,decayed,decayedTrimpBefore
14953411411,0.5,,33087.0,24315.16874905356,-8771.831250946441,-26.511413095615925,selectedDateRaces,Stage 1 TRIMP fatigue CTL LOO,activity,0.4,linear,decayed,decayedTrimpBefore
15087396899,0.45,,11532.0,16207.627003696876,4675.627003696876,40.54480578994863,selectedDateRaces,Stage 1 TRIMP fatigue CTL LOO,activity,0.4,linear,decayed,decayedTrimpBefore
15224440864,0.45,,6297.0,9135.425616235965,2838.425616235965,45.07583954638662,selectedDateRaces,Stage 1 TRIMP fatigue CTL LOO,activity,0.3,linear,decayed,decayedTrimpBefore
15250276952,0.45,,7979.0,12498.70410243963,4519.704102439629,56.64499439077114,selectedDateRaces,Stage 1 TRIMP fatigue CTL LOO,activity,0.3,linear,decayed,decayedTrimpBefore
15310799882,0.45,,5452.0,7428.609693574002,1976.6096935740024,36.25476327171685,selectedDateRaces,Stage 1 TRIMP fatigue CTL LOO,activity,0.2,linear,decayed,decayedTrimpBefore
15329205386,0.45,,10390.0,12101.472227257025,1711.4722272570252,16.472302476006018,selectedDateRaces,Stage 1 TRIMP fatigue CTL LOO,activity,0.2,linear,decayed,decayedTrimpBefore
15367390310,0.45,,3783.0,5518.557312565955,1735.5573125659548,45.877803662858966,selectedDateRaces,Stage 1 TRIMP fatigue CTL LOO,activity,0.2,linear,decayed,decayedTrimpBefore
15563904138,0.5,,42256.0,35785.76349261614,-6470.236507383859,-15.311994763782325,selectedDateRaces,Stage 1 TRIMP fatigue CTL LOO,activity,0.4,linear,decayed,decayedTrimpBefore
15961811819,0.45,,2785.0,4504.197774520936,1719.197774520936,61.73062027005156,selectedDateRaces,Stage 1 TRIMP fatigue CTL LOO,activity,0.2,linear,decayed,decayedTrimpBefore
16183294852,0.45,,3140.0,5067.698310841789,1927.698310841789,61.39166595037544,selectedDateRaces,Stage 1 TRIMP fatigue CTL LOO,activity,0.2,linear,decayed,decayedTrimpBefore
16325125849,0.45,,10638.0,13835.0972302109,3197.0972302109003,30.053555463535442,selectedDateRaces,Stage 1 TRIMP fatigue CTL LOO,activity,0.3,linear,decayed,decayedTrimpBefore
17481444994,0.45,,12779.0,17165.521087545327,4386.521087545327,34.32601211006594,selectedDateRaces,Stage 1 TRIMP fatigue CTL LOO,activity,0.4,linear,decayed,decayedTrimpBefore
18075217710,0.45,,544.0,923.7435031582834,379.7435031582834,69.80579102174327,selectedDateRaces,Stage 1 TRIMP fatigue CTL LOO,activity,0.2,linear,decayed,decayedTrimpBefore
18160385145,0.45,,13509.0,14103.773546319477,594.7735463194767,4.402794776219386,selectedDateRaces,Stage 1 TRIMP fatigue CTL LOO,activity,0.2,linear,decayed,decayedTrimpBefore
12000338229,0.45,,9824.0,12310.2883504385,2486.288350438501,25.308309756092235,selectedDateRaces,Stage 2 TRIMP fatigue REDI LOO,activity,0.3,linear,decayed,decayedTrimpBefore
12177245147,0.45,,8181.0,11552.618781017014,3371.618781017014,41.212795269734926,selectedDateRaces,Stage 2 TRIMP fatigue REDI LOO,activity,0.3,linear,decayed,decayedTrimpBefore
14300194854,0.45,,10836.0,12829.423336522683,1993.4233365226828,18.39630247806093,selectedDateRaces,Stage 2 TRIMP fatigue REDI LOO,activity,0.3,linear,decayed,decayedTrimpBefore
14893241615,0.45,,2746.0,3696.4833679418502,950.4833679418502,34.61337829358522,selectedDateRaces,Stage 2 TRIMP fatigue REDI LOO,activity,0.2,linear,decayed,decayedTrimpBefore
14953411411,0.5,,33087.0,24315.16874905356,-8771.831250946441,-26.511413095615925,selectedDateRaces,Stage 2 TRIMP fatigue REDI LOO,activity,0.4,linear,decayed,decayedTrimpBefore
15087396899,0.45,,11532.0,15951.248640939137,4419.248640939137,38.321614992535004,selectedDateRaces,Stage 2 TRIMP fatigue REDI LOO,activity,0.4,linear,decayed,decayedTrimpBefore
15224440864,0.45,,6297.0,8932.044998370446,2635.0449983704457,41.84603776989751,selectedDateRaces,Stage 2 TRIMP fatigue REDI LOO,activity,0.3,linear,decayed,decayedTrimpBefore
15250276952,0.45,,7979.0,12219.80243485677,4240.802434856771,53.14954799920755,selectedDateRaces,Stage 2 TRIMP fatigue REDI LOO,activity,0.3,linear,decayed,decayedTrimpBefore
15310799882,0.45,,5452.0,7320.220312296438,1868.2203122964384,34.26669685063167,selectedDateRaces,Stage 2 TRIMP fatigue REDI LOO,activity,0.3,linear,decayed,decayedTrimpBefore
15329205386,0.45,,10390.0,11915.790832453864,1525.790832453864,14.685186067890893,selectedDateRaces,Stage 2 TRIMP fatigue REDI LOO,activity,0.3,linear,decayed,decayedTrimpBefore
15367390310,0.45,,3783.0,5433.854514233998,1650.854514233998,43.63876590626482,selectedDateRaces,Stage 2 TRIMP fatigue REDI LOO,activity,0.3,linear,decayed,decayedTrimpBefore
15563904138,0.5,,42256.0,35785.76349261614,-6470.236507383859,-15.311994763782325,selectedDateRaces,Stage 2 TRIMP fatigue REDI LOO,activity,0.4,linear,decayed,decayedTrimpBefore
15961811819,0.45,,2785.0,4540.764404313445,1755.764404313445,63.043605181811316,selectedDateRaces,Stage 2 TRIMP fatigue REDI LOO,activity,0.3,linear,decayed,decayedTrimpBefore
16183294852,0.45,,3140.0,5072.5467474052,1932.5467474052002,61.5460747581274,selectedDateRaces,Stage 2 TRIMP fatigue REDI LOO,activity,0.3,linear,decayed,decayedTrimpBefore
16325125849,0.45,,10638.0,13819.901607879327,3181.9016078793265,29.910712614018863,selectedDateRaces,Stage 2 TRIMP fatigue REDI LOO,activity,0.3,linear,decayed,decayedTrimpBefore
17481444994,0.45,,12779.0,17051.623844764228,4272.623844764228,33.4347276372504,selectedDateRaces,Stage 2 TRIMP fatigue REDI LOO,activity,0.4,linear,decayed,decayedTrimpBefore
18075217710,0.45,,544.0,923.7435031582834,379.7435031582834,69.80579102174327,selectedDateRaces,Stage 2 TRIMP fatigue REDI LOO,activity,0.2,linear,decayed,decayedTrimpBefore
18160385145,0.45,,13509.0,14351.066018397809,842.0660183978089,6.2333704818847355,selectedDateRaces,Stage 2 TRIMP fatigue REDI LOO,activity,0.3,linear,decayed,decayedTrimpBefore
12000338229,0.5,,9824.0,11303.937827543852,1479.937827543852,15.06451371685517,selectedDateRaces,Stage 3 HRR speed ratio decayed TRIMP linear LOO,activity,0.4,linear,decayed,decayedTrimpBefore
12177245147,0.5,,8181.0,10634.373002643091,2453.3730026430912,29.98866889919437,selectedDateRaces,Stage 3 HRR speed ratio decayed TRIMP linear LOO,activity,0.4,linear,decayed,decayedTrimpBefore
14300194854,0.5,,10836.0,11780.468361927928,944.4683619279276,8.716024011885636,selectedDateRaces,Stage 3 HRR speed ratio decayed TRIMP linear LOO,activity,0.4,linear,decayed,decayedTrimpBefore
14893241615,0.5,,2746.0,3419.538382804191,673.5383828041909,24.52798189381613,selectedDateRaces,Stage 3 HRR speed ratio decayed TRIMP linear LOO,activity,0.4,linear,decayed,decayedTrimpBefore
14953411411,0.55,,33087.0,25520.955216484603,-7566.044783515397,-22.86712238497113,selectedDateRaces,Stage 3 HRR speed ratio decayed TRIMP linear LOO,activity,0.4,linear,decayed,decayedTrimpBefore
15087396899,0.5,,11532.0,14495.986368163085,2963.986368163085,25.702275131487035,selectedDateRaces,Stage 3 HRR speed ratio decayed TRIMP linear LOO,activity,0.4,linear,decayed,decayedTrimpBefore
15224440864,0.5,,6297.0,8306.43391390539,2009.43391390539,31.91097211220248,selectedDateRaces,Stage 3 HRR speed ratio decayed TRIMP linear LOO,activity,0.4,linear,decayed,decayedTrimpBefore
15250276952,0.5,,7979.0,11109.709669852076,3130.7096698520763,39.23686765073413,selectedDateRaces,Stage 3 HRR speed ratio decayed TRIMP linear LOO,activity,0.4,linear,decayed,decayedTrimpBefore
15310799882,0.5,,5452.0,6958.843088773953,1506.8430887739532,27.638354526301416,selectedDateRaces,Stage 3 HRR speed ratio decayed TRIMP linear LOO,activity,0.4,linear,decayed,decayedTrimpBefore
15329205386,0.5,,10390.0,13175.797750035299,2785.797750035299,26.812297882919147,selectedDateRaces,Stage 3 HRR speed ratio decayed TRIMP linear LOO,activity,0.4,linear,decayed,decayedTrimpBefore
15367390310,0.5,,3783.0,5138.699333986075,1355.6993339860746,35.83661998377147,selectedDateRaces,Stage 3 HRR speed ratio decayed TRIMP linear LOO,activity,0.4,linear,decayed,decayedTrimpBefore
15563904138,0.55,,42256.0,35838.888613893694,-6417.111386106306,-15.186272685787358,selectedDateRaces,Stage 3 HRR speed ratio decayed TRIMP linear LOO,activity,0.4,linear,decayed,decayedTrimpBefore
15961811819,0.5,,2785.0,4113.254701253199,1328.2547012531986,47.693167010886846,selectedDateRaces,Stage 3 HRR speed ratio decayed TRIMP linear LOO,activity,0.4,linear,decayed,decayedTrimpBefore
16183294852,0.5,,3140.0,4593.9369696664835,1453.9369696664835,46.30372514861412,selectedDateRaces,Stage 3 HRR speed ratio decayed TRIMP linear LOO,activity,0.4,linear,decayed,decayedTrimpBefore
16325125849,0.5,,10638.0,12539.554639950737,1901.5546399507366,17.87511411873225,selectedDateRaces,Stage 3 HRR speed ratio decayed TRIMP linear LOO,activity,0.4,linear,decayed,decayedTrimpBefore
17481444994,0.5,,12779.0,15469.775153728611,2690.7751537286113,21.056226259712115,selectedDateRaces,Stage 3 HRR speed ratio decayed TRIMP linear LOO,activity,0.4,linear,decayed,decayedTrimpBefore
18075217710,0.5,,544.0,833.2625689635912,289.2625689635912,53.17326635360132,selectedDateRaces,Stage 3 HRR speed ratio decayed TRIMP linear LOO,activity,0.4,linear,decayed,decayedTrimpBefore
18160385145,0.5,,13509.0,13189.05325092071,-319.9467490792904,-2.3683969877806677,selectedDateRaces,Stage 3 HRR speed ratio decayed TRIMP linear LOO,activity,0.4,linear,decayed,decayedTrimpBefore
12000338229,0.5,,9824.0,11298.326221366331,1474.326221366331,15.007392318468355,selectedDateRaces,Stage 3 HRR speed ratio decayed TRIMP exponential LOO,activity,0.4,exponential,decayed,decayedTrimpBefore
12177245147,0.5,,8181.0,10629.057635222576,2448.057635222576,29.923696800178174,selectedDateRaces,Stage 3 HRR speed ratio decayed TRIMP exponential LOO,activity,0.4,exponential,decayed,decayedTrimpBefore
14300194854,0.5,,10836.0,11770.460850239382,934.4608502393821,8.623669714280012,selectedDateRaces,Stage 3 HRR speed ratio decayed TRIMP exponential LOO,activity,0.4,exponential,decayed,decayedTrimpBefore
14893241615,0.5,,2746.0,3418.8701076581865,672.8701076581865,24.50364558114299,selectedDateRaces,Stage 3 HRR speed ratio decayed TRIMP exponential LOO,activity,0.4,exponential,decayed,decayedTrimpBefore
14953411411,0.55,,33087.0,25502.483391357,-7584.516608643,-22.922950429603773,selectedDateRaces,Stage 3 HRR speed ratio decayed TRIMP exponential LOO,activity,0.4,exponential,decayed,decayedTrimpBefore
15087396899,0.5,,11532.0,14486.969955763867,2954.969955763867,25.624089106519833,selectedDateRaces,Stage 3 HRR speed ratio decayed TRIMP exponential LOO,activity,0.4,exponential,decayed,decayedTrimpBefore
15224440864,0.5,,6297.0,8302.786692676356,2005.7866926763563,31.853052130798098,selectedDateRaces,Stage 3 HRR speed ratio decayed TRIMP exponential LOO,activity,0.4,exponential,decayed,decayedTrimpBefore
15250276952,0.5,,7979.0,11105.92964395405,3126.9296439540503,39.18949296846786,selectedDateRaces,Stage 3 HRR speed ratio decayed TRIMP exponential LOO,activity,0.4,exponential,decayed,decayedTrimpBefore
15310799882,0.5,,5452.0,6957.1967003970585,1505.1967003970585,27.608156647048027,selectedDateRaces,Stage 3 HRR speed ratio decayed TRIMP exponential LOO,activity,0.4,exponential,decayed,decayedTrimpBefore
15329205386,0.5,,10390.0,13173.82763351857,2783.827633518569,26.793336222507886,selectedDateRaces,Stage 3 HRR speed ratio decayed TRIMP exponential LOO,activity,0.4,exponential,decayed,decayedTrimpBefore
15367390310,0.5,,3783.0,5137.908627068137,1354.9086270681373,35.8157183998979,selectedDateRaces,Stage 3 HRR speed ratio decayed TRIMP exponential LOO,activity,0.4,exponential,decayed,decayedTrimpBefore
15563904138,0.55,,42256.0,35798.75161250233,-6457.248387497668,-15.281258016607508,selectedDateRaces,Stage 3 HRR speed ratio decayed TRIMP exponential LOO,activity,0.4,exponential,decayed,decayedTrimpBefore
15961811819,0.5,,2785.0,4110.757532643679,1325.757532643679,47.603502069790984,selectedDateRaces,Stage 3 HRR speed ratio decayed TRIMP exponential LOO,activity,0.4,exponential,decayed,decayedTrimpBefore
16183294852,0.5,,3140.0,4592.093708093428,1452.0937080934282,46.245022550746114,selectedDateRaces,Stage 3 HRR speed ratio decayed TRIMP exponential LOO,activity,0.4,exponential,decayed,decayedTrimpBefore
16325125849,0.5,,10638.0,12532.55279984437,1894.5527998443704,17.80929497879649,selectedDateRaces,Stage 3 HRR speed ratio decayed TRIMP exponential LOO,activity,0.4,exponential,decayed,decayedTrimpBefore
17481444994,0.5,,12779.0,15461.98737327029,2682.987373270291,20.99528424188349,selectedDateRaces,Stage 3 HRR speed ratio decayed TRIMP exponential LOO,activity,0.4,exponential,decayed,decayedTrimpBefore
18075217710,0.5,,544.0,833.2459230050057,289.2459230050057,53.1702064347437,selectedDateRaces,Stage 3 HRR speed ratio decayed TRIMP exponential LOO,activity,0.4,exponential,decayed,decayedTrimpBefore
18160385145,0.5,,13509.0,13181.131566000535,-327.8684339994652,-2.42703704196806,selectedDateRaces,Stage 3 HRR speed ratio decayed TRIMP exponential LOO,activity,0.4,exponential,decayed,decayedTrimpBefore
12000338229,0.65,,9824.0,9495.186800258667,-328.81319974133294,-3.3470398996471187,selectedDateRaces,Stage 3 HRR speed ratio cumulative TRIMP linear LOO,activity,0.4,linear,cumulative,cumTrimpBefore
12177245147,0.65,,8181.0,8832.464255911293,651.4642559112926,7.9631372193043966,selectedDateRaces,Stage 3 HRR speed ratio cumulative TRIMP linear LOO,activity,0.4,linear,cumulative,cumTrimpBefore
14300194854,0.65,,10836.0,9977.871107879168,-858.1288921208325,-7.919240421934592,selectedDateRaces,Stage 3 HRR speed ratio cumulative TRIMP linear LOO,activity,0.4,linear,cumulative,cumTrimpBefore
14893241615,0.65,,2746.0,2649.6991009197427,-96.3008990802573,-3.5069518965862088,selectedDateRaces,Stage 3 HRR speed ratio cumulative TRIMP linear LOO,activity,0.4,linear,cumulative,cumTrimpBefore
14953411411,0.65,,33087.0,26306.89147922872,-6780.108520771279,-20.491759666247404,selectedDateRaces,Stage 3 HRR speed ratio cumulative TRIMP linear LOO,activity,0.3,linear,cumulative,cumTrimpBefore
15087396899,0.65,,11532.0,12332.487250322763,800.4872503227634,6.941443377755493,selectedDateRaces,Stage 3 HRR speed ratio cumulative TRIMP linear LOO,activity,0.4,linear,cumulative,cumTrimpBefore
15224440864,0.65,,6297.0,6618.518660224647,321.51866022464674,5.105902179206713,selectedDateRaces,Stage 3 HRR speed ratio cumulative TRIMP linear LOO,activity,0.4,linear,cumulative,cumTrimpBefore
15250276952,0.65,,7979.0,9185.14153550579,1206.1415355057907,15.116449874743584,selectedDateRaces,Stage 3 HRR speed ratio cumulative TRIMP linear LOO,activity,0.4,linear,cumulative,cumTrimpBefore
15310799882,0.65,,5452.0,5511.795249345478,59.795249345477714,1.096758058427691,selectedDateRaces,Stage 3 HRR speed ratio cumulative TRIMP linear LOO,activity,0.4,linear,cumulative,cumTrimpBefore
15329205386,0.65,,10390.0,10608.536910215453,218.53691021545274,2.103338885615522,selectedDateRaces,Stage 3 HRR speed ratio cumulative TRIMP linear LOO,activity,0.4,linear,cumulative,cumTrimpBefore
15367390310,0.65,,3783.0,4014.264951175341,231.26495117534114,6.113268600987078,selectedDateRaces,Stage 3 HRR speed ratio cumulative TRIMP linear LOO,activity,0.4,linear,cumulative,cumTrimpBefore
15563904138,0.6,,42256.0,49179.66893541007,6923.668935410067,16.385055223897357,selectedDateRaces,Stage 3 HRR speed ratio cumulative TRIMP linear LOO,activity,0.4,linear,cumulative,cumTrimpBefore
15961811819,0.65,,2785.0,3167.091844236508,382.0918442365082,13.719635340628662,selectedDateRaces,Stage 3 HRR speed ratio cumulative TRIMP linear LOO,activity,0.4,linear,cumulative,cumTrimpBefore
16183294852,0.65,,3140.0,3598.955136098307,458.95513609830687,14.616405608226332,selectedDateRaces,Stage 3 HRR speed ratio cumulative TRIMP linear LOO,activity,0.4,linear,cumulative,cumTrimpBefore
16325125849,0.65,,10638.0,10834.486628635766,196.48662863576646,1.8470260259049303,selectedDateRaces,Stage 3 HRR speed ratio cumulative TRIMP linear LOO,activity,0.4,linear,cumulative,cumTrimpBefore
17481444994,0.65,,12779.0,13233.200842685143,454.20084268514256,3.554275316418676,selectedDateRaces,Stage 3 HRR speed ratio cumulative TRIMP linear LOO,activity,0.4,linear,cumulative,cumTrimpBefore
18075217710,0.65,,544.0,641.1094792453816,97.10947924538164,17.851007214224566,selectedDateRaces,Stage 3 HRR speed ratio cumulative TRIMP linear LOO,activity,0.4,linear,cumulative,cumTrimpBefore
18160385145,0.65,,13509.0,11402.100365365446,-2106.899634634554,-15.596266449289761,selectedDateRaces,Stage 3 HRR speed ratio cumulative TRIMP linear LOO,activity,0.4,linear,cumulative,cumTrimpBefore
12000338229,0.6,,9824.0,10188.744625306055,364.74462530605524,3.712791381372712,selectedDateRaces,Stage 3 HRR speed ratio cumulative TRIMP exponential LOO,activity,0.4,exponential,cumulative,cumTrimpBefore
12177245147,0.6,,8181.0,9491.428044933979,1310.4280449339785,16.01794456587188,selectedDateRaces,Stage 3 HRR speed ratio cumulative TRIMP exponential LOO,activity,0.4,exponential,cumulative,cumTrimpBefore
14300194854,0.6,,10836.0,10677.474700119312,-158.52529988068818,-1.4629503495818401,selectedDateRaces,Stage 3 HRR speed ratio cumulative TRIMP exponential LOO,activity,0.4,exponential,cumulative,cumTrimpBefore
14893241615,0.6,,2746.0,2869.1393614195026,123.13936141950262,4.484317604497546,selectedDateRaces,Stage 3 HRR speed ratio cumulative TRIMP exponential LOO,activity,0.4,exponential,cumulative,cumTrimpBefore
14953411411,0.65,,33087.0,27228.25254120147,-5858.747458798531,-17.707097829354524,selectedDateRaces,Stage 3 HRR speed ratio cumulative TRIMP exponential LOO,activity,0.4,exponential,cumulative,cumTrimpBefore
15087396899,0.6,,11532.0,13194.589692882952,1662.5896928829516,14.417184294857366,selectedDateRaces,Stage 3 HRR speed ratio cumulative TRIMP exponential LOO,activity,0.4,exponential,cumulative,cumTrimpBefore
15224440864,0.6,,6297.0,7148.829513868082,851.8295138680824,13.527545082866164,selectedDateRaces,Stage 3 HRR speed ratio cumulative TRIMP exponential LOO,activity,0.4,exponential,cumulative,cumTrimpBefore
15250276952,0.6,,7979.0,9887.91457764493,1908.9145776449295,23.924233333060904,selectedDateRaces,Stage 3 HRR speed ratio cumulative TRIMP exponential LOO,activity,0.4,exponential,cumulative,cumTrimpBefore
15310799882,0.6,,5452.0,5960.506778464032,508.5067784640323,9.32697686104241,selectedDateRaces,Stage 3 HRR speed ratio cumulative TRIMP exponential LOO,activity,0.4,exponential,cumulative,cumTrimpBefore
15329205386,0.6,,10390.0,11462.046203388678,1072.046203388678,10.318057780449259,selectedDateRaces,Stage 3 HRR speed ratio cumulative TRIMP exponential LOO,activity,0.4,exponential,cumulative,cumTrimpBefore
15367390310,0.6,,3783.0,4345.606550712955,562.6065507129551,14.871968033649354,selectedDateRaces,Stage 3 HRR speed ratio cumulative TRIMP exponential LOO,activity,0.4,exponential,cumulative,cumTrimpBefore
15563904138,0.6,,42256.0,45717.84967232874,3461.849672328739,8.192563594113828,selectedDateRaces,Stage 3 HRR speed ratio cumulative TRIMP exponential LOO,activity,0.4,exponential,cumulative,cumTrimpBefore
15961811819,0.6,,2785.0,3428.661430642191,643.6614306421911,23.111721028444922,selectedDateRaces,Stage 3 HRR speed ratio cumulative TRIMP exponential LOO,activity,0.4,exponential,cumulative,cumTrimpBefore
16183294852,0.6,,3140.0,3893.2659528354334,753.2659528354334,23.98936155526858,selectedDateRaces,Stage 3 HRR speed ratio cumulative TRIMP exponential LOO,activity,0.4,exponential,cumulative,cumTrimpBefore
16325125849,0.6,,10638.0,11565.910987943436,927.9109879434363,8.722607519678853,selectedDateRaces,Stage 3 HRR speed ratio cumulative TRIMP exponential LOO,activity,0.4,exponential,cumulative,cumTrimpBefore
17481444994,0.6,,12779.0,14152.57600366438,1373.5760036643806,10.748697109823778,selectedDateRaces,Stage 3 HRR speed ratio cumulative TRIMP exponential LOO,activity,0.4,exponential,cumulative,cumTrimpBefore
18075217710,0.6,,544.0,694.5193474427183,150.5193474427183,27.668997691676157,selectedDateRaces,Stage 3 HRR speed ratio cumulative TRIMP exponential LOO,activity,0.4,exponential,cumulative,cumTrimpBefore
18160385145,0.65,,13509.0,11232.82471090912,-2276.1752890908792,-16.8493248137603,selectedDateRaces,Stage 3 HRR speed ratio cumulative TRIMP exponential LOO,activity,0.4,exponential,cumulative,cumTrimpBefore
12000338229,0.65,,9824.0,9495.186800258667,-328.81319974133294,-3.3470398996471187,selectedDateRaces,Stage 3 HRR speed ratio LOO,activity,0.4,linear,cumulative,cumTrimpBefore
12177245147,0.65,,8181.0,8832.464255911293,651.4642559112926,7.9631372193043966,selectedDateRaces,Stage 3 HRR speed ratio LOO,activity,0.4,linear,cumulative,cumTrimpBefore
14300194854,0.65,,10836.0,9977.871107879168,-858.1288921208325,-7.919240421934592,selectedDateRaces,Stage 3 HRR speed ratio LOO,activity,0.4,linear,cumulative,cumTrimpBefore
14893241615,0.65,,2746.0,2649.6991009197427,-96.3008990802573,-3.5069518965862088,selectedDateRaces,Stage 3 HRR speed ratio LOO,activity,0.4,linear,cumulative,cumTrimpBefore
14953411411,0.65,,33087.0,26306.89147922872,-6780.108520771279,-20.491759666247404,selectedDateRaces,Stage 3 HRR speed ratio LOO,activity,0.3,linear,cumulative,cumTrimpBefore
15087396899,0.65,,11532.0,12332.487250322763,800.4872503227634,6.941443377755493,selectedDateRaces,Stage 3 HRR speed ratio LOO,activity,0.4,linear,cumulative,cumTrimpBefore
15224440864,0.65,,6297.0,6618.518660224647,321.51866022464674,5.105902179206713,selectedDateRaces,Stage 3 HRR speed ratio LOO,activity,0.4,linear,cumulative,cumTrimpBefore
15250276952,0.65,,7979.0,9185.14153550579,1206.1415355057907,15.116449874743584,selectedDateRaces,Stage 3 HRR speed ratio LOO,activity,0.4,linear,cumulative,cumTrimpBefore
15310799882,0.65,,5452.0,5511.795249345478,59.795249345477714,1.096758058427691,selectedDateRaces,Stage 3 HRR speed ratio LOO,activity,0.4,linear,cumulative,cumTrimpBefore
15329205386,0.65,,10390.0,10608.536910215453,218.53691021545274,2.103338885615522,selectedDateRaces,Stage 3 HRR speed ratio LOO,activity,0.4,linear,cumulative,cumTrimpBefore
15367390310,0.65,,3783.0,4014.264951175341,231.26495117534114,6.113268600987078,selectedDateRaces,Stage 3 HRR speed ratio LOO,activity,0.4,linear,cumulative,cumTrimpBefore
15563904138,0.6,,42256.0,49179.66893541007,6923.668935410067,16.385055223897357,selectedDateRaces,Stage 3 HRR speed ratio LOO,activity,0.4,linear,cumulative,cumTrimpBefore
15961811819,0.65,,2785.0,3167.091844236508,382.0918442365082,13.719635340628662,selectedDateRaces,Stage 3 HRR speed ratio LOO,activity,0.4,linear,cumulative,cumTrimpBefore
16183294852,0.65,,3140.0,3598.955136098307,458.95513609830687,14.616405608226332,selectedDateRaces,Stage 3 HRR speed ratio LOO,activity,0.4,linear,cumulative,cumTrimpBefore
16325125849,0.65,,10638.0,10834.486628635766,196.48662863576646,1.8470260259049303,selectedDateRaces,Stage 3 HRR speed ratio LOO,activity,0.4,linear,cumulative,cumTrimpBefore
17481444994,0.65,,12779.0,13233.200842685143,454.20084268514256,3.554275316418676,selectedDateRaces,Stage 3 HRR speed ratio LOO,activity,0.4,linear,cumulative,cumTrimpBefore
18075217710,0.65,,544.0,641.1094792453816,97.10947924538164,17.851007214224566,selectedDateRaces,Stage 3 HRR speed ratio LOO,activity,0.4,linear,cumulative,cumTrimpBefore
18160385145,0.65,,13509.0,11402.100365365446,-2106.899634634554,-15.596266449289761,selectedDateRaces,Stage 3 HRR speed ratio LOO,activity,0.4,linear,cumulative,cumTrimpBefore
12000338229,0.55,-0.1,9824.0,11902.127254834344,2078.127254834344,21.15357547673396,selectedDateRaces,Stage 0 reproduction Stage 3 LOO,segment,,,,
12177245147,0.55,-0.1,8181.0,11282.238389397773,3101.238389397773,37.9078155408602,selectedDateRaces,Stage 0 reproduction Stage 3 LOO,segment,,,,
14300194854,0.55,-0.1,10836.0,12447.762025775162,1611.7620257751623,14.874141987589168,selectedDateRaces,Stage 0 reproduction Stage 3 LOO,segment,,,,
14893241615,0.55,-0.05,2746.0,3556.0383114403385,810.0383114403385,29.498846010208972,selectedDateRaces,Stage 0 reproduction Stage 3 LOO,segment,,,,
14953411411,0.55,0.0,33087.0,24733.880247561417,-8353.119752438583,-25.2459266552984,selectedDateRaces,Stage 0 reproduction Stage 3 LOO,segment,,,,
15087396899,0.55,-0.1,11532.0,15638.28724954219,4106.287249542191,35.607763176744626,selectedDateRaces,Stage 0 reproduction Stage 3 LOO,segment,,,,
15224440864,0.55,-0.1,6297.0,8892.200224069216,2595.2002240692163,41.21327972160102,selectedDateRaces,Stage 0 reproduction Stage 3 LOO,segment,,,,
15250276952,0.55,-0.1,7979.0,12287.178062404691,4308.178062404691,53.9939599248614,selectedDateRaces,Stage 0 reproduction Stage 3 LOO,segment,,,,
15310799882,0.55,-0.1,5452.0,7365.282126693875,1913.2821266938754,35.093215823438655,selectedDateRaces,Stage 0 reproduction Stage 3 LOO,segment,,,,
15329205386,0.55,-0.1,10390.0,12015.998430033436,1625.9984300334363,15.649648027270802,selectedDateRaces,Stage 0 reproduction Stage 3 LOO,segment,,,,
15367390310,0.55,-0.1,3783.0,5480.0706694331075,1697.0706694331075,44.86044592738851,selectedDateRaces,Stage 0 reproduction Stage 3 LOO,segment,,,,
15563904138,0.6,-0.1,42256.0,34676.739679143,-7579.260320857,-17.93653048290657,selectedDateRaces,Stage 0 reproduction Stage 3 LOO,segment,,,,
15961811819,0.55,-0.1,2785.0,4459.774391611781,1674.7743916117806,60.13552573112319,selectedDateRaces,Stage 0 reproduction Stage 3 LOO,segment,,,,
16183294852,0.55,-0.1,3140.0,4968.579087646318,1828.579087646318,58.23500279128401,selectedDateRaces,Stage 0 reproduction Stage 3 LOO,segment,,,,
16325125849,0.55,-0.1,10638.0,13539.54121345221,2901.5412134522103,27.275251113481954,selectedDateRaces,Stage 0 reproduction Stage 3 LOO,segment,,,,
17481444994,0.55,-0.1,12779.0,16611.80641683061,3832.806416830608,29.99300740926996,selectedDateRaces,Stage 0 reproduction Stage 3 LOO,segment,,,,
18075217710,0.55,-0.05,544.0,898.3029628097433,354.30296280974335,65.12922110473224,selectedDateRaces,Stage 0 reproduction Stage 3 LOO,segment,,,,
18160385145,0.55,-0.05,13509.0,13505.779132207661,-3.2208677923390496,-0.023842385019905616,selectedDateRaces,Stage 0 reproduction Stage 3 LOO,segment,,,,
12000338229,0.55,,9824.0,10006.976104701782,182.97610470178188,1.862541782387845,selectedDateRaces,Stage 1 TRIMP fatigue CTL LOO,segment,0.4,linear,decayed,decayedTrimpBefore
12177245147,0.55,,8181.0,9507.680902323937,1326.6809023239366,16.216610467228172,selectedDateRaces,Stage 1 TRIMP fatigue CTL LOO,segment,0.4,linear,decayed,decayedTrimpBefore
14300194854,0.55,,10836.0,10651.180625913981,-184.8193740860188,-1.7056051502954854,selectedDateRaces,Stage 1 TRIMP fatigue CTL LOO,segment,0.4,linear,decayed,decayedTrimpBefore
14893241615,0.55,,2746.0,3049.680243939839,303.6802439398389,11.059003785136156,selectedDateRaces,Stage 1 TRIMP fatigue CTL LOO,segment,0.4,linear,decayed,decayedTrimpBefore
14953411411,0.55,,33087.0,22104.698862775967,-10982.301137224033,-33.19219372328719,selectedDateRaces,Stage 1 TRIMP fatigue CTL LOO,segment,0.4,linear,decayed,decayedTrimpBefore
15087396899,0.5,,11532.0,14586.864303327187,3054.8643033271874,26.490325210953756,selectedDateRaces,Stage 1 TRIMP fatigue CTL LOO,segment,0.4,linear,decayed,decayedTrimpBefore
15224440864,0.55,,6297.0,7524.659448748315,1227.6594487483153,19.49594169840107,selectedDateRaces,Stage 1 TRIMP fatigue CTL LOO,segment,0.4,linear,decayed,decayedTrimpBefore
15250276952,0.55,,7979.0,10290.87638530605,2311.87638530605,28.97451291272152,selectedDateRaces,Stage 1 TRIMP fatigue CTL LOO,segment,0.4,linear,decayed,decayedTrimpBefore
15310799882,0.55,,5452.0,6140.054301132764,688.0543011327636,12.62021828930234,selectedDateRaces,Stage 1 TRIMP fatigue CTL LOO,segment,0.4,linear,decayed,decayedTrimpBefore
15329205386,0.55,,10390.0,9984.51283330026,-405.48716669974056,-3.9026676294488984,selectedDateRaces,Stage 1 TRIMP fatigue CTL LOO,segment,0.4,linear,decayed,decayedTrimpBefore
15367390310,0.55,,3783.0,4551.259611620768,768.2596116207678,20.30821072219846,selectedDateRaces,Stage 1 TRIMP fatigue CTL LOO,segment,0.4,linear,decayed,decayedTrimpBefore
15563904138,0.55,,42256.0,32532.51226601468,-9723.48773398532,-23.01090433071119,selectedDateRaces,Stage 1 TRIMP fatigue CTL LOO,segment,0.4,linear,decayed,decayedTrimpBefore
15961811819,0.5,,2785.0,4106.175950131995,1321.1759501319948,47.43899282341094,selectedDateRaces,Stage 1 TRIMP fatigue CTL LOO,segment,0.4,linear,decayed,decayedTrimpBefore
16183294852,0.55,,3140.0,4198.223752678344,1058.2237526783438,33.701393397399485,selectedDateRaces,Stage 1 TRIMP fatigue CTL LOO,segment,0.4,linear,decayed,decayedTrimpBefore
16325125849,0.55,,10638.0,11412.129510409619,774.1295104096189,7.277021154442743,selectedDateRaces,Stage 1 TRIMP fatigue CTL LOO,segment,0.4,linear,decayed,decayedTrimpBefore
17481444994,0.55,,12779.0,14044.517253446174,1265.5172534461744,9.903100817326663,selectedDateRaces,Stage 1 TRIMP fatigue CTL LOO,segment,0.4,linear,decayed,decayedTrimpBefore
18075217710,0.55,,544.0,757.5114263305376,213.51142633053757,39.248423957819405,selectedDateRaces,Stage 1 TRIMP fatigue CTL LOO,segment,0.4,linear,decayed,decayedTrimpBefore
18160385145,0.55,,13509.0,11735.422029736741,-1773.577970263259,-13.12886201986275,selectedDateRaces,Stage 1 TRIMP fatigue CTL LOO,segment,0.4,linear,decayed,decayedTrimpBefore
12000338229,0.55,,9824.0,10148.507855198803,324.50785519880264,3.303215138424294,selectedDateRaces,Stage 2 TRIMP fatigue REDI LOO,segment,0.4,linear,decayed,decayedTrimpBefore
12177245147,0.55,,8181.0,9523.711351468271,1342.7113514682715,16.412557773722913,selectedDateRaces,Stage 2 TRIMP fatigue REDI LOO,segment,0.4,linear,decayed,decayedTrimpBefore
14300194854,0.55,,10836.0,10600.644685353453,-235.3553146465474,-2.171975956501914,selectedDateRaces,Stage 2 TRIMP fatigue REDI LOO,segment,0.4,linear,decayed,decayedTrimpBefore
14893241615,0.55,,2746.0,3049.680243939839,303.6802439398389,11.059003785136156,selectedDateRaces,Stage 2 TRIMP fatigue REDI LOO,segment,0.4,linear,decayed,decayedTrimpBefore
14953411411,0.55,,33087.0,22104.698862775967,-10982.301137224033,-33.19219372328719,selectedDateRaces,Stage 2 TRIMP fatigue REDI LOO,segment,0.4,linear,decayed,decayedTrimpBefore
15087396899,0.5,,11532.0,14356.123776845223,2824.123776845223,24.489453493281502,selectedDateRaces,Stage 2 TRIMP fatigue REDI LOO,segment,0.4,linear,decayed,decayedTrimpBefore
15224440864,0.5,,6297.0,8092.852985590658,1795.8529855906581,28.519183509459396,selectedDateRaces,Stage 2 TRIMP fatigue REDI LOO,segment,0.4,linear,decayed,decayedTrimpBefore
15250276952,0.5,,7979.0,11067.365289011837,3088.3652890118374,38.706169808395,selectedDateRaces,Stage 2 TRIMP fatigue REDI LOO,segment,0.4,linear,decayed,decayedTrimpBefore
15310799882,0.55,,5452.0,6019.900446436903,567.9004464369027,10.416369156949793,selectedDateRaces,Stage 2 TRIMP fatigue REDI LOO,segment,0.4,linear,decayed,decayedTrimpBefore
15329205386,0.55,,10390.0,9790.316667830402,-599.6833321695976,-5.771735632046175,selectedDateRaces,Stage 2 TRIMP fatigue REDI LOO,segment,0.4,linear,decayed,decayedTrimpBefore
15367390310,0.55,,3783.0,4463.662149552073,680.6621495520731,17.99265528818591,selectedDateRaces,Stage 2 TRIMP fatigue REDI LOO,segment,0.4,linear,decayed,decayedTrimpBefore
15563904138,0.55,,42256.0,32532.51226601468,-9723.48773398532,-23.01090433071119,selectedDateRaces,Stage 2 TRIMP fatigue REDI LOO,segment,0.4,linear,decayed,decayedTrimpBefore
15961811819,0.5,,2785.0,4113.254701253199,1328.2547012531986,47.693167010886846,selectedDateRaces,Stage 2 TRIMP fatigue REDI LOO,segment,0.4,linear,decayed,decayedTrimpBefore
16183294852,0.55,,3140.0,4176.30633606044,1036.3063360604401,33.003386498740134,selectedDateRaces,Stage 2 TRIMP fatigue REDI LOO,segment,0.4,linear,decayed,decayedTrimpBefore
16325125849,0.55,,10638.0,11399.595127227945,761.5951272279453,7.159194653392981,selectedDateRaces,Stage 2 TRIMP fatigue REDI LOO,segment,0.4,linear,decayed,decayedTrimpBefore
17481444994,0.5,,12779.0,15346.461460287805,2567.4614602878046,20.09125487352535,selectedDateRaces,Stage 2 TRIMP fatigue REDI LOO,segment,0.4,linear,decayed,decayedTrimpBefore
18075217710,0.55,,544.0,757.5114263305376,213.51142633053757,39.248423957819405,selectedDateRaces,Stage 2 TRIMP fatigue REDI LOO,segment,0.4,linear,decayed,decayedTrimpBefore
18160385145,0.55,,13509.0,11841.559335103673,-1667.4406648963268,-12.343183543536359,selectedDateRaces,Stage 2 TRIMP fatigue REDI LOO,segment,0.4,linear,decayed,decayedTrimpBefore
12000338229,0.55,,9824.0,10276.307115948957,452.3071159489573,4.604103378959256,selectedDateRaces,Stage 3 HRR speed ratio decayed TRIMP linear LOO,segment,0.4,linear,decayed,decayedTrimpBefore
12177245147,0.55,,8181.0,9667.611820584629,1486.6118205846287,18.171517181085793,selectedDateRaces,Stage 3 HRR speed ratio decayed TRIMP linear LOO,segment,0.4,linear,decayed,decayedTrimpBefore
14300194854,0.55,,10836.0,10709.516692661753,-126.48330733824696,-1.1672508982857785,selectedDateRaces,Stage 3 HRR speed ratio decayed TRIMP linear LOO,segment,0.4,linear,decayed,decayedTrimpBefore
14893241615,0.55,,2746.0,3108.6712570947184,362.6712570947184,13.20725626710555,selectedDateRaces,Stage 3 HRR speed ratio decayed TRIMP linear LOO,segment,0.4,linear,decayed,decayedTrimpBefore
14953411411,0.6,,33087.0,23394.20894844422,-9692.791051555781,-29.294862186223536,selectedDateRaces,Stage 3 HRR speed ratio decayed TRIMP linear LOO,segment,0.4,linear,decayed,decayedTrimpBefore
15087396899,0.55,,11532.0,13178.169425602804,1646.169425602804,14.27479557407912,selectedDateRaces,Stage 3 HRR speed ratio decayed TRIMP linear LOO,segment,0.4,linear,decayed,decayedTrimpBefore
15224440864,0.55,,6297.0,7551.3035580958085,1254.3035580958085,19.919065556547697,selectedDateRaces,Stage 3 HRR speed ratio decayed TRIMP linear LOO,segment,0.4,linear,decayed,decayedTrimpBefore
15250276952,0.55,,7979.0,10099.736063501889,2120.7360635018886,26.578970591576496,selectedDateRaces,Stage 3 HRR speed ratio decayed TRIMP linear LOO,segment,0.4,linear,decayed,decayedTrimpBefore
15310799882,0.55,,5452.0,6326.220989794503,874.2209897945031,16.03486775118311,selectedDateRaces,Stage 3 HRR speed ratio decayed TRIMP linear LOO,segment,0.4,linear,decayed,decayedTrimpBefore
15329205386,0.55,,10390.0,11977.997954577544,1587.997954577544,15.283907166290126,selectedDateRaces,Stage 3 HRR speed ratio decayed TRIMP linear LOO,segment,0.4,linear,decayed,decayedTrimpBefore
15367390310,0.55,,3783.0,4671.544849078251,888.544849078251,23.48783634888319,selectedDateRaces,Stage 3 HRR speed ratio decayed TRIMP linear LOO,segment,0.4,linear,decayed,decayedTrimpBefore
15563904138,0.6,,42256.0,32852.31456273589,-9403.68543726411,-22.25408329530507,selectedDateRaces,Stage 3 HRR speed ratio decayed TRIMP linear LOO,segment,0.4,linear,decayed,decayedTrimpBefore
15961811819,0.55,,2785.0,3739.3224556847263,954.3224556847263,34.26651546444259,selectedDateRaces,Stage 3 HRR speed ratio decayed TRIMP linear LOO,segment,0.4,linear,decayed,decayedTrimpBefore
16183294852,0.55,,3140.0,4176.30633606044,1036.3063360604401,33.003386498740134,selectedDateRaces,Stage 3 HRR speed ratio decayed TRIMP linear LOO,segment,0.4,linear,decayed,decayedTrimpBefore
16325125849,0.55,,10638.0,11399.595127227945,761.5951272279453,7.159194653392981,selectedDateRaces,Stage 3 HRR speed ratio decayed TRIMP linear LOO,segment,0.4,linear,decayed,decayedTrimpBefore
17481444994,0.55,,12779.0,14063.431957935101,1284.4319579351013,10.05111478155647,selectedDateRaces,Stage 3 HRR speed ratio decayed TRIMP linear LOO,segment,0.4,linear,decayed,decayedTrimpBefore
18075217710,0.55,,544.0,757.5114263305376,213.51142633053757,39.248423957819405,selectedDateRaces,Stage 3 HRR speed ratio decayed TRIMP linear LOO,segment,0.4,linear,decayed,decayedTrimpBefore
18160385145,0.55,,13509.0,11990.048409927918,-1518.9515900720817,-11.243997261618786,selectedDateRaces,Stage 3 HRR speed ratio decayed TRIMP linear LOO,segment,0.4,linear,decayed,decayedTrimpBefore
12000338229,0.55,,9824.0,10271.205655787571,447.20565578757123,4.552174834971206,selectedDateRaces,Stage 3 HRR speed ratio decayed TRIMP exponential LOO,segment,0.4,exponential,decayed,decayedTrimpBefore
12177245147,0.55,,8181.0,9662.77966838416,1481.7796683841607,18.112451636525616,selectedDateRaces,Stage 3 HRR speed ratio decayed TRIMP exponential LOO,segment,0.4,exponential,decayed,decayedTrimpBefore
14300194854,0.55,,10836.0,10700.418954763074,-135.581045236926,-1.2512093506545405,selectedDateRaces,Stage 3 HRR speed ratio decayed TRIMP exponential LOO,segment,0.4,exponential,decayed,decayedTrimpBefore
14893241615,0.55,,2746.0,3108.0637342347145,362.0637342347145,13.185132346493608,selectedDateRaces,Stage 3 HRR speed ratio decayed TRIMP exponential LOO,segment,0.4,exponential,decayed,decayedTrimpBefore
14953411411,0.6,,33087.0,23377.276442077255,-9709.723557922745,-29.346037893803445,selectedDateRaces,Stage 3 HRR speed ratio decayed TRIMP exponential LOO,segment,0.4,exponential,decayed,decayedTrimpBefore
15087396899,0.55,,11532.0,13169.97268705806,1637.9726870580598,14.203717369563474,selectedDateRaces,Stage 3 HRR speed ratio decayed TRIMP exponential LOO,segment,0.4,exponential,decayed,decayedTrimpBefore
15224440864,0.55,,6297.0,7547.987902433052,1250.987902433052,19.86641102799829,selectedDateRaces,Stage 3 HRR speed ratio decayed TRIMP exponential LOO,segment,0.4,exponential,decayed,decayedTrimpBefore
15250276952,0.55,,7979.0,10096.299676321863,2117.2996763218634,26.53590269860714,selectedDateRaces,Stage 3 HRR speed ratio decayed TRIMP exponential LOO,segment,0.4,exponential,decayed,decayedTrimpBefore
15310799882,0.55,,5452.0,6324.724273088234,872.7242730882344,16.007415133680013,selectedDateRaces,Stage 3 HRR speed ratio decayed TRIMP exponential LOO,segment,0.4,exponential,decayed,decayedTrimpBefore
15329205386,0.55,,10390.0,11976.206939562337,1586.2069395623366,15.266669293188995,selectedDateRaces,Stage 3 HRR speed ratio decayed TRIMP exponential LOO,segment,0.4,exponential,decayed,decayedTrimpBefore
15367390310,0.55,,3783.0,4670.826024607398,887.8260246073978,23.468834908998094,selectedDateRaces,Stage 3 HRR speed ratio decayed TRIMP exponential LOO,segment,0.4,exponential,decayed,decayedTrimpBefore
15563904138,0.6,,42256.0,32815.52231146048,-9440.477688539519,-22.34115318189019,selectedDateRaces,Stage 3 HRR speed ratio decayed TRIMP exponential LOO,segment,0.4,exponential,decayed,decayedTrimpBefore
15961811819,0.55,,2785.0,3737.052302403345,952.052302403345,34.18500188162818,selectedDateRaces,Stage 3 HRR speed ratio decayed TRIMP exponential LOO,segment,0.4,exponential,decayed,decayedTrimpBefore
16183294852,0.55,,3140.0,4174.630643721298,1034.630643721298,32.95002050067828,selectedDateRaces,Stage 3 HRR speed ratio decayed TRIMP exponential LOO,segment,0.4,exponential,decayed,decayedTrimpBefore
16325125849,0.55,,10638.0,11393.229818040338,755.2298180403377,7.099359071633179,selectedDateRaces,Stage 3 HRR speed ratio decayed TRIMP exponential LOO,segment,0.4,exponential,decayed,decayedTrimpBefore
17481444994,0.55,,12779.0,14056.352157518446,1277.352157518446,9.995712947166805,selectedDateRaces,Stage 3 HRR speed ratio decayed TRIMP exponential LOO,segment,0.4,exponential,decayed,decayedTrimpBefore
18075217710,0.55,,544.0,757.4962936409142,213.49629364091425,39.24564221340335,selectedDateRaces,Stage 3 HRR speed ratio decayed TRIMP exponential LOO,segment,0.4,exponential,decayed,decayedTrimpBefore
18160385145,0.55,,13509.0,11982.846878182307,-1526.1531218176933,-11.297306401789129,selectedDateRaces,Stage 3 HRR speed ratio decayed TRIMP exponential LOO,segment,0.4,exponential,decayed,decayedTrimpBefore
12000338229,0.6,,9824.0,9668.251251017009,-155.74874898299095,-1.585390360168882,selectedDateRaces,Stage 3 HRR speed ratio cumulative TRIMP linear LOO,segment,0.2,linear,cumulative,cumTrimpBefore
12177245147,0.6,,8181.0,9049.747525998999,868.7475259989988,10.619087226488189,selectedDateRaces,Stage 3 HRR speed ratio cumulative TRIMP linear LOO,segment,0.2,linear,cumulative,cumTrimpBefore
14300194854,0.6,,10836.0,10063.055074356886,-772.9449256431144,-7.133120391686179,selectedDateRaces,Stage 3 HRR speed ratio cumulative TRIMP linear LOO,segment,0.2,linear,cumulative,cumTrimpBefore
14893241615,0.6,,2746.0,2836.481957187987,90.48195718798706,3.295045782519558,selectedDateRaces,Stage 3 HRR speed ratio cumulative TRIMP linear LOO,segment,0.2,linear,cumulative,cumTrimpBefore
14953411411,0.6,,33087.0,26069.518676134157,-7017.481323865843,-21.209179810396357,selectedDateRaces,Stage 3 HRR speed ratio cumulative TRIMP linear LOO,segment,0.2,linear,cumulative,cumTrimpBefore
15087396899,0.6,,11532.0,12441.666713454393,909.6667134543932,7.8881955727921715,selectedDateRaces,Stage 3 HRR speed ratio cumulative TRIMP linear LOO,segment,0.2,linear,cumulative,cumTrimpBefore
15224440864,0.6,,6297.0,6947.214951740846,650.2149517408461,10.325789292374878,selectedDateRaces,Stage 3 HRR speed ratio cumulative TRIMP linear LOO,segment,0.2,linear,cumulative,cumTrimpBefore
15250276952,0.6,,7979.0,9459.996660195908,1480.9966601959077,18.561181353501787,selectedDateRaces,Stage 3 HRR speed ratio cumulative TRIMP linear LOO,segment,0.2,linear,cumulative,cumTrimpBefore
15310799882,0.6,,5452.0,5823.729169222943,371.7291692229428,6.818216603502253,selectedDateRaces,Stage 3 HRR speed ratio cumulative TRIMP linear LOO,segment,0.2,linear,cumulative,cumTrimpBefore
15329205386,0.6,,10390.0,11131.391986478953,741.3919864789532,7.135630283724284,selectedDateRaces,Stage 3 HRR speed ratio cumulative TRIMP linear LOO,segment,0.2,linear,cumulative,cumTrimpBefore
15367390310,0.6,,3783.0,4281.5127910466645,498.51279104666446,13.177710574852352,selectedDateRaces,Stage 3 HRR speed ratio cumulative TRIMP linear LOO,segment,0.2,linear,cumulative,cumTrimpBefore
15563904138,0.65,,42256.0,45396.61747884006,3140.6174788400604,7.432358668212941,selectedDateRaces,Stage 3 HRR speed ratio cumulative TRIMP linear LOO,segment,0.4,linear,cumulative,cumTrimpBefore
15961811819,0.6,,2785.0,3385.4895722084593,600.4895722084593,21.56156453172206,selectedDateRaces,Stage 3 HRR speed ratio cumulative TRIMP linear LOO,segment,0.2,linear,cumulative,cumTrimpBefore
16183294852,0.6,,3140.0,3814.220578982819,674.220578982819,21.471992961236275,selectedDateRaces,Stage 3 HRR speed ratio cumulative TRIMP linear LOO,segment,0.2,linear,cumulative,cumTrimpBefore
16325125849,0.6,,10638.0,10845.261718513053,207.26171851305298,1.9483147068344895,selectedDateRaces,Stage 3 HRR speed ratio cumulative TRIMP linear LOO,segment,0.2,linear,cumulative,cumTrimpBefore
17481444994,0.6,,12779.0,13332.32908499503,553.3290849950299,4.3299873620395175,selectedDateRaces,Stage 3 HRR speed ratio cumulative TRIMP linear LOO,segment,0.2,linear,cumulative,cumTrimpBefore
18075217710,0.6,,544.0,692.8815032710211,148.88150327102107,27.367923395408283,selectedDateRaces,Stage 3 HRR speed ratio cumulative TRIMP linear LOO,segment,0.2,linear,cumulative,cumTrimpBefore
18160385145,0.6,,13509.0,11401.991652380762,-2107.0083476192376,-15.597071194161208,selectedDateRaces,Stage 3 HRR speed ratio cumulative TRIMP linear LOO,segment,0.2,linear,cumulative,cumTrimpBefore
12000338229,0.6,,9824.0,9912.909957570522,88.90995757052224,0.9050280697325146,selectedDateRaces,Stage 3 HRR speed ratio cumulative TRIMP exponential LOO,segment,0.3,exponential,cumulative,cumTrimpBefore
12177245147,0.6,,8181.0,9258.1959120075,1077.1959120075007,13.167044517876796,selectedDateRaces,Stage 3 HRR speed ratio cumulative TRIMP exponential LOO,segment,0.3,exponential,cumulative,cumTrimpBefore
14300194854,0.6,,10836.0,10349.686659403926,-486.31334059607434,-4.487941496826084,selectedDateRaces,Stage 3 HRR speed ratio cumulative TRIMP exponential LOO,segment,0.3,exponential,cumulative,cumTrimpBefore
14893241615,0.6,,2746.0,2852.5643089258056,106.56430892580556,3.8807104488640047,selectedDateRaces,Stage 3 HRR speed ratio cumulative TRIMP exponential LOO,segment,0.3,exponential,cumulative,cumTrimpBefore
14953411411,0.65,,33087.0,25404.486288149943,-7682.513711850057,-23.219130510019212,selectedDateRaces,Stage 3 HRR speed ratio cumulative TRIMP exponential LOO,segment,0.3,exponential,cumulative,cumTrimpBefore
15087396899,0.6,,11532.0,12792.428433708821,1260.428433708821,10.929833799070595,selectedDateRaces,Stage 3 HRR speed ratio cumulative TRIMP exponential LOO,segment,0.3,exponential,cumulative,cumTrimpBefore
15224440864,0.6,,6297.0,7044.407237446953,747.4072374469533,11.869258971684188,selectedDateRaces,Stage 3 HRR speed ratio cumulative TRIMP exponential LOO,segment,0.3,exponential,cumulative,cumTrimpBefore
15250276952,0.6,,7979.0,9663.629811122843,1684.6298111228425,21.113295038511623,selectedDateRaces,Stage 3 HRR speed ratio cumulative TRIMP exponential LOO,segment,0.3,exponential,cumulative,cumTrimpBefore
15310799882,0.6,,5452.0,5890.267706126138,438.26770612613836,8.038659319995201,selectedDateRaces,Stage 3 HRR speed ratio cumulative TRIMP exponential LOO,segment,0.3,exponential,cumulative,cumTrimpBefore
15329205386,0.6,,10390.0,11291.467783074522,901.4677830745222,8.676302050765372,selectedDateRaces,Stage 3 HRR speed ratio cumulative TRIMP exponential LOO,segment,0.3,exponential,cumulative,cumTrimpBefore
15367390310,0.6,,3783.0,4312.990784759337,529.9907847593367,14.009801341774697,selectedDateRaces,Stage 3 HRR speed ratio cumulative TRIMP exponential LOO,segment,0.3,exponential,cumulative,cumTrimpBefore
15563904138,0.65,,42256.0,42201.092005226514,-54.90799477348628,-0.1299412977411167,selectedDateRaces,Stage 3 HRR speed ratio cumulative TRIMP exponential LOO,segment,0.4,exponential,cumulative,cumTrimpBefore
15961811819,0.6,,2785.0,3406.6574760376775,621.6574760376775,22.321632891837613,selectedDateRaces,Stage 3 HRR speed ratio cumulative TRIMP exponential LOO,segment,0.3,exponential,cumulative,cumTrimpBefore
16183294852,0.6,,3140.0,3852.760945223811,712.7609452238112,22.699393159993985,selectedDateRaces,Stage 3 HRR speed ratio cumulative TRIMP exponential LOO,segment,0.3,exponential,cumulative,cumTrimpBefore
16325125849,0.6,,10638.0,11179.304619041719,541.304619041719,5.0884058943572,selectedDateRaces,Stage 3 HRR speed ratio cumulative TRIMP exponential LOO,segment,0.3,exponential,cumulative,cumTrimpBefore
17481444994,0.6,,12779.0,13714.119778264827,935.1197782648269,7.31762875236581,selectedDateRaces,Stage 3 HRR speed ratio cumulative TRIMP exponential LOO,segment,0.3,exponential,cumulative,cumTrimpBefore
18075217710,0.6,,544.0,693.6974685515065,149.69746855150652,27.517917013144583,selectedDateRaces,Stage 3 HRR speed ratio cumulative TRIMP exponential LOO,segment,0.3,exponential,cumulative,cumTrimpBefore
18160385145,0.6,,13509.0,11757.350938083904,-1751.649061916096,-12.966533880495195,selectedDateRaces,Stage 3 HRR speed ratio cumulative TRIMP exponential LOO,segment,0.3,exponential,cumulative,cumTrimpBefore
12000338229,0.6,,9824.0,9912.909957570522,88.90995757052224,0.9050280697325146,selectedDateRaces,Stage 3 HRR speed ratio LOO,segment,0.3,exponential,cumulative,cumTrimpBefore
12177245147,0.6,,8181.0,9258.1959120075,1077.1959120075007,13.167044517876796,selectedDateRaces,Stage 3 HRR speed ratio LOO,segment,0.3,exponential,cumulative,cumTrimpBefore
14300194854,0.6,,10836.0,10349.686659403926,-486.31334059607434,-4.487941496826084,selectedDateRaces,Stage 3 HRR speed ratio LOO,segment,0.3,exponential,cumulative,cumTrimpBefore
14893241615,0.6,,2746.0,2852.5643089258056,106.56430892580556,3.8807104488640047,selectedDateRaces,Stage 3 HRR speed ratio LOO,segment,0.3,exponential,cumulative,cumTrimpBefore
14953411411,0.65,,33087.0,25404.486288149943,-7682.513711850057,-23.219130510019212,selectedDateRaces,Stage 3 HRR speed ratio LOO,segment,0.3,exponential,cumulative,cumTrimpBefore
15087396899,0.6,,11532.0,12792.428433708821,1260.428433708821,10.929833799070595,selectedDateRaces,Stage 3 HRR speed ratio LOO,segment,0.3,exponential,cumulative,cumTrimpBefore
15224440864,0.6,,6297.0,7044.407237446953,747.4072374469533,11.869258971684188,selectedDateRaces,Stage 3 HRR speed ratio LOO,segment,0.3,exponential,cumulative,cumTrimpBefore
15250276952,0.6,,7979.0,9663.629811122843,1684.6298111228425,21.113295038511623,selectedDateRaces,Stage 3 HRR speed ratio LOO,segment,0.3,exponential,cumulative,cumTrimpBefore
15310799882,0.6,,5452.0,5890.267706126138,438.26770612613836,8.038659319995201,selectedDateRaces,Stage 3 HRR speed ratio LOO,segment,0.3,exponential,cumulative,cumTrimpBefore
15329205386,0.6,,10390.0,11291.467783074522,901.4677830745222,8.676302050765372,selectedDateRaces,Stage 3 HRR speed ratio LOO,segment,0.3,exponential,cumulative,cumTrimpBefore
15367390310,0.6,,3783.0,4312.990784759337,529.9907847593367,14.009801341774697,selectedDateRaces,Stage 3 HRR speed ratio LOO,segment,0.3,exponential,cumulative,cumTrimpBefore
15563904138,0.65,,42256.0,42201.092005226514,-54.90799477348628,-0.1299412977411167,selectedDateRaces,Stage 3 HRR speed ratio LOO,segment,0.4,exponential,cumulative,cumTrimpBefore
15961811819,0.6,,2785.0,3406.6574760376775,621.6574760376775,22.321632891837613,selectedDateRaces,Stage 3 HRR speed ratio LOO,segment,0.3,exponential,cumulative,cumTrimpBefore
16183294852,0.6,,3140.0,3852.760945223811,712.7609452238112,22.699393159993985,selectedDateRaces,Stage 3 HRR speed ratio LOO,segment,0.3,exponential,cumulative,cumTrimpBefore
16325125849,0.6,,10638.0,11179.304619041719,541.304619041719,5.0884058943572,selectedDateRaces,Stage 3 HRR speed ratio LOO,segment,0.3,exponential,cumulative,cumTrimpBefore
17481444994,0.6,,12779.0,13714.119778264827,935.1197782648269,7.31762875236581,selectedDateRaces,Stage 3 HRR speed ratio LOO,segment,0.3,exponential,cumulative,cumTrimpBefore
18075217710,0.6,,544.0,693.6974685515065,149.69746855150652,27.517917013144583,selectedDateRaces,Stage 3 HRR speed ratio LOO,segment,0.3,exponential,cumulative,cumTrimpBefore
18160385145,0.6,,13509.0,11757.350938083904,-1751.649061916096,-12.966533880495195,selectedDateRaces,Stage 3 HRR speed ratio LOO,segment,0.3,exponential,cumulative,cumTrimpBefore
