hr_smooth,speed_smooth,hr_shifted
125.4,23.892087513870514,123.71428571428571
124.66666666666667,22.2516952104419,124.16666666666667
124.14285714285714,24.411528009084577,
123.875,23.09477481451882,
124.22222222222223,22.948695453609623,
124.6,22.09378883332846,
124.9,23.396928408168773,
124.4,21.582546779522694,
123.88888888888889,20.735473826444476,
123.625,21.635949945276536,
123.71428571428571,20.710616229986847,
124.16666666666667,21.82076331943485,
