cumulated_distance,cumulated_duration_seconds,elevationM_ma_5,grade_ma_10,speed_km_h,speedeq_smooth,hr,hr_smooth,speed_smooth,hr_shifted,cluster
0.004256685503410298,0.0,711.2,0.0,5.03607003547795,7.399270363100433,83,129.8,22.720112677562604,,-1.0
0.008158632965244682,1.0,711.2,0.0,14.047010862603782,6.438859643621373,84,130.5,22.39173248200618,,-1.0
0.012315999231984037,3.0,711.2,0.0,7.483259280130839,5.762894455130031,87,131.14285714285714,23.32840826118195,129.8,2.0
0.017130183107534114,6.0,711.2,0.0,5.777020650660091,5.2936172595885616,90,131.5,24.362313624550456,130.5,2.0
0.022300173092678004,10.0,711.2,0.0,4.6529909866295025,5.963411120960931,93,131.66666666666666,26.09237598113587,131.14285714285714,2.0
0.024118846477373643,14.0,711.2,0.0,1.6368060462260745,6.03460720689845,96,131.6,25.023114846304665,131.5,2.0
0.025536841194696562,17.0,711.2,0.00041255253568505486,1.7015936607875026,6.128555706923266,99,132.5,23.60899854085424,131.66666666666666,2.0
0.027755501253547903,21.0,711.2,0.0007575329403945138,1.996794052966207,7.5063568076821054,102,132.5,23.063910850595413,131.6,2.0
0.03400961304964489,23.0,711.2,0.0010528531142485482,11.25740123297458,7.736137145272963,103,132.5,23.15586312074477,132.5,2.0
0.04138452918046052,27.0,711.2,0.0010528531142485482,6.63742451773406,8.74155723847432,102,132.4,24.557867742501927,132.5,2.0
0.05290827792821644,34.0,711.24,0.0010528531142485482,5.926499355988757,11.420250260120358,101,132.0,24.331250920926557,132.5,2.0
0.06829585247035232,36.0,711.28,0.0008473843965890362,27.69763417584458,12.77571875256002,98,131.5,23.786445554468507,132.4,2.0
0.08452299127619885,42.0,711.3199999999999,0.0008473843965890362,9.73628328350792,14.078638610493432,98,130.2,24.437443742950144,132.0,2.0
0.1019833431701681,46.0,711.3199999999999,0.0013689811241398434,15.714316704572331,16.571103670675853,101,128.9,23.466147112145244,131.5,2.0
0.11925752164840199,48.0,711.3199999999999,0.0020467949438597623,31.093521260821,18.041742091710265,103,128.1,22.3528013687038,130.2,2.0
0.14006746110564927,53.0,711.28,0.0025515787391999075,14.983156409218044,20.616655516503357,106,127.7,24.508108191661453,128.9,2.0
0.1852388104905105,60.0,711.28,0.0023069021589838647,14.553452093350675,21.59713044704126,109,127.3,24.816481763649367,128.1,2.0
0.20742642379567197,63.0,711.4,0.0021262488077367896,26.62513596619376,21.143305416690556,113,127.1,25.260399261219952,127.7,2.0
0.23606136590579005,67.0,711.5600000000001,0.0018309286338827554,25.771447899106274,22.46590271139484,118,126.7,26.052489085480914,127.3,2.0
0.2628153032838008,70.0,711.68,0.0018309286338827554,32.104724853612936,22.638661789179668,121,126.3,25.173504390569104,127.1,2.0
0.28890425444317636,76.0,711.72,0.0014917751061880205,15.653370695625311,21.238133162678523,120,126.0,25.793538529400923,126.7,2.0
0.31458578435289763,80.0,711.76,0.001380450558442808,23.113376918749132,23.776166024652603,117,126.0,26.09874655019242,126.3,2.0
0.3569830609934787,85.0,711.8,0.0021891477419751977,22.736035869928454,24.640950241505543,111,126.3,25.33314302462029,126.0,2.0
0.428462303037098,93.0,711.8,0.002479001215703494,17.324810015493405,24.075713551425913,103,126.7,26.075928316707785,126.0,2.0
0.45233427875049104,98.0,711.72,0.002634586511492884,17.18782251364298,23.346305730941204,106,126.8,24.55166468438304,126.3,2.0
0.4744464868775593,100.0,711.64,0.0035411336232093597,39.80197462872287,22.179472829030875,108,126.6,23.38593586001269,126.7,2.0
0.5504671580295812,107.0,712.12,0.005014075467880222,22.758703168936293,22.74090881077249,130,126.5,23.25668578225828,126.8,2.0
0.5905669853050507,114.0,712.36,0.0058123720505204955,20.622768313098593,23.398197663359678,131,126.5,23.197579680476444,126.6,2.0
0.6307017113467505,122.0,712.6,0.006775594409710896,18.060626718764908,24.35982527359641,132,126.9,24.05592249919319,126.5,2.0
0.6696950953283621,129.0,713.0,0.006370863112665044,20.053740333400295,26.73684650422613,135,127.6,24.027544921009472,126.5,2.0
0.7242290668159382,134.0,713.88,0.005661504629410417,20.749831504224055,26.58926378686423,134,128.1,23.85266957320193,126.9,2.0
0.7403115462249585,136.0,714.1600000000001,0.005733421570332154,28.94846293623655,24.38300457138049,135,128.4,23.616576647427127,127.6,2.0
0.7578669079850308,138.0,714.44,0.005898406718539062,31.599651168130016,23.808683898441064,134,128.9,23.0956823888789,128.1,2.0
0.7800518384482636,140.0,714.3199999999999,0.006359157182197248,39.93287483381918,23.869404777155165,133,129.0,21.968390357204832,128.4,2.0
0.8413388855654983,149.0,713.8,0.006599158490061918,15.39976463282384,25.238640354253256,131,128.9,22.470926912435523,128.9,2.0
0.8812579117857399,157.0,713.72,0.005535545337147986,17.963561799108685,24.96727277121156,130,128.9,21.595434757764277,129.0,2.0
0.9704642857717714,167.0,714.04,0.0035237723586616842,17.30782626634798,24.39263001101796,130,129.3,21.26897603479523,128.9,2.0
1.006368104129425,173.0,714.52,0.0029436277425777826,21.54229101459221,25.04603540651825,131,129.9,21.34682375127524,128.9,2.0
1.0509245943187813,178.0,714.92,0.001980405383387383,32.08067293633645,24.01952294161852,131,130.3,19.871458417378417,129.3,2.0
1.1275973511337138,188.0,715.2,0.0026295080108699044,17.78757211764656,22.812730725943567,131,130.4,20.52977484066554,129.9,2.0
1.157350808044132,195.0,715.08,0.004139484156678087,15.301777839643634,24.960498884345906,129,130.4,21.19730612149178,130.3,2.0
1.2263653978727498,200.0,714.72,0.004814712928392872,35.45844482105289,25.24213116789479,122,130.2,21.49084283482864,130.4,2.0
1.250683936606173,204.0,714.72,0.003940416660370066,21.886684860080997,25.690550674132773,121,130.0,21.29157786090969,130.4,2.0
1.2826832892721782,208.0,714.8,0.0029391255004269858,28.79941739940476,26.501256484225117,125,129.9,22.70147607821399,130.2,2.0
1.323741992452623,212.0,714.96,0.0024026593470178486,36.952832862400335,25.63856668541743,127,129.7,22.00808105402328,130.0,2.0
1.3646672931839883,219.0,715.1200000000001,0.002426730126301829,21.04729751898785,26.30209188011911,126,129.8,23.47518384259144,129.9,2.0
1.4069531289324264,226.0,715.1600000000001,0.003186014555741965,21.747001242053848,26.637551465178547,128,129.4,23.884247681544046,129.7,2.0
1.5040733112978937,236.0,715.4399999999999,0.0033078350368801073,29.463189257201794,25.887168993495884,127,128.6,23.018214591009897,129.8,2.0
1.5558307023806013,244.0,715.68,0.003994480263392744,23.290825987218383,26.708776245813688,127,127.6,22.321743588943114,129.4,2.0
1.6091371768383007,252.0,715.84,0.005244157550473734,23.987913505964755,25.19768742815113,128,126.7,20.870539693271283,128.6,2.0
1.655021821957197,261.0,716.0,0.006430236438080469,18.353858047558557,24.092131163190846,129,126.1,21.001967565986355,127.6,2.0
1.6936362796868243,266.0,716.2,0.007102188574085374,27.8024095653316,24.020686884146766,125,125.6,22.71242308408758,126.7,2.0
1.7540941566934272,270.0,716.72,0.007790358653733634,29.314537780955988,24.015949868794646,125,125.2,22.222859066206823,126.1,2.0
1.776688791820356,276.0,717.2,0.007933025672732187,13.55678107615731,24.980389330432097,126,125.2,20.84655311051868,125.6,2.0
1.8316490136652634,281.0,718.08,0.007778859796367693,25.295544618696823,24.99107372506632,125,125.1,21.62835280266685,125.2,2.0
1.8535987878224232,285.0,718.3599999999999,0.007857025785847658,19.754796741443734,24.816785214206867,125,124.8,20.851018956469836,125.2,2.0
1.8771053880715738,289.0,718.5600000000001,0.007897216061999768,21.155940224235472,24.55301951190612,128,124.4,20.97059512503389,125.1,2.0
1.9220861680775663,293.0,718.72,0.007593866780196851,38.046617444369275,23.96355910509183,131,123.9,22.616838773810432,124.8,2.0
1.9476495571946564,297.0,718.8399999999999,0.00709759377129061,23.007050205381198,22.727772822200084,134,123.7,24.647151209304376,124.4,2.0
2.0268583354340803,306.0,719.12,0.005698634176776915,22.23916002788933,23.175127201388,133,123.5,26.09629798222276,123.9,2.0
2.0668406574086067,315.0,719.28,0.0042542508741388214,15.992928789810547,22.183602452435885,132,123.3,23.673893103204996,123.7,2.0
2.117048361808272,323.0,719.36,0.0032582023395671747,22.593466979849328,21.752217182526035,130,123.4,20.543442598771424,123.5,2.0
2.2091902795278386,333.0,719.52,0.0017809545408846445,18.041617464215296,21.695256205922426,126,123.6,20.71372132325123,123.3,2.0
2.2504839387022035,341.0,719.5600000000001,0.00041300930391760385,18.582146628464216,20.016008252252313,125,123.7,20.05671568254489,123.4,2.0
2.335814646311066,350.0,719.64,-0.000838142581100929,16.540623071984353,20.534392735308252,125,123.9,20.02025745480118,123.6,2.0
2.3678789425839195,357.0,719.6800000000001,-0.0021714339370838467,16.4902095117533,21.085701707377115,129,123.9,18.54117296387257,123.7,2.0
2.4347384320454446,363.0,719.56,-0.0036189446874698382,21.93441738903554,21.312953851072365,134,124.0,17.183161204416407,123.9,2.0
2.460619503273668,367.0,719.24,-0.0035637479089495753,23.292964105401065,21.043176438926164,135,124.2,16.78466900679151,123.9,2.0
2.4934975193161706,371.0,718.96,-0.0031430581927495344,29.590214438252417,22.407837636752998,135,124.3,16.49368702029912,124.0,2.0
2.5256247113563393,375.0,718.68,-0.0030000708308814622,28.91447283615175,21.708895958121765,133,124.2,16.284340590668528,124.2,2.0
2.5571718712283045,381.0,718.36,-0.0028537190763769436,18.928295923179146,23.211060926488663,130,124.0,18.643811941484767,124.3,2.0
2.5857841173958875,386.0,718.4399999999999,-0.0027359126832222783,20.600817240659868,23.680478566191248,128,123.7,19.529221804376697,124.2,2.0
2.621495894770619,390.0,718.64,-0.0016005720806926665,32.14059963725824,22.897944334677824,125,123.3,19.161272033438976,124.0,2.0
2.6819150134872682,401.0,718.8,-0.00021970699638983955,11.64819638655711,22.30168294531453,123,122.8,21.1951940227156,123.7,2.0
2.7165946256624527,405.0,718.92,0.0016243660937253744,31.21165095766601,20.948451846745723,126,122.5,21.36729807557773,123.3,2.0
2.7963389108821075,414.0,719.08,0.0036514855450517055,20.58084790127935,21.22390153758537,125,122.4,23.3135238794072,122.8,2.0
2.8295241270913425,423.0,719.24,0.005610173155800445,13.27408648369401,23.0764113134075,126,122.6,24.17444493838391,122.5,2.0
2.9428274458106043,433.0,719.64,0.006198813568530333,16.328254084733274,22.661829249393907,125,123.0,25.09021437545864,122.4,2.0
2.9805228845144396,442.0,720.0,0.0057944469841508615,15.078175481534082,21.355766660042683,126,123.6,24.28531041871388,122.6,2.0
3.0617169831425484,449.0,720.8,0.005865440355029098,30.228751563302442,22.17583172095805,127,124.3,24.402157173235462,123.0,2.0
3.091744359062708,452.0,721.16,0.005712239915509646,36.03285110419141,20.973740172904787,125,125.1,23.589998544941807,123.6,2.0
3.1310073017173385,461.0,721.4800000000001,0.005185266032493401,15.70517706185232,20.70609457274694,124,126.1,24.288762663939345,124.3,2.0
3.2142126098321695,470.0,721.68,0.004225617717761063,18.377540080376818,21.01833566186082,125,127.1,26.687125580439695,125.1,2.0
3.252063541264467,477.0,721.8,0.003469165807170809,19.466193308038793,21.082013210847226,122,128.1,25.20887833759944,126.1,2.0
3.327238595233659,486.0,722.0,0.0023795678430076276,19.217318766639067,21.411151260066013,120,129.1,26.021865624414243,127.1,2.0
3.4079944716743995,495.0,721.8799999999999,0.0012357852247575822,18.19283837597426,20.65469947061657,118,130.1,25.10999761766589,128.1,2.0
3.449940203871766,504.0,721.6800000000001,0.0002960888371490114,16.778292878946516,19.154058908876877,117,131.1,25.005930590312296,129.1,2.0
3.538205430194342,514.0,721.4,-3.919519946067032e-05,17.525024500689113,20.615845432297498,117,131.9,23.71178380413518,130.1,2.0
3.569529021471189,520.0,721.36,0.0005408422940962457,18.79415476610828,20.341094302481384,120,132.5,22.738752656609464,131.1,2.0
3.62936071643349,525.0,721.4,0.001566553630800989,23.438312495695822,21.47995009128598,123,133.1,22.92442115837149,131.9,2.0
3.6535569493078457,529.0,721.4,0.003195480305240693,21.776609586919964,21.077520044701178,121,133.5,21.84030698978186,132.5,2.0
3.6783980542977037,532.0,721.5200000000001,0.005865661237916588,29.809325987829883,20.421185948026704,117,133.6,21.509155360721305,133.1,2.0
3.699753421772014,537.0,721.68,0.008001835844951852,15.37586458150356,21.27449334943865,118,133.6,19.803540850316725,133.5,2.0
3.7162737123117138,539.0,721.9200000000001,0.009039644371804526,29.736522971459397,20.968378169909705,121,133.1,20.01684160350152,133.6,2.0
3.728546278598019,542.0,722.2,0.008781897371590977,14.727079543566367,20.459806852030656,119,132.4,19.57344975515423,133.6,2.0
3.734784396162127,544.0,722.52,0.008431816124065109,11.228611615393964,19.547034613308472,119,131.3,18.64934186630115,133.1,2.0
3.741578152493584,545.0,722.72,0.006547274212215952,24.457522793245946,18.80728012036412,118,130.0,20.27202034943617,132.4,2.0
3.7493337859803257,547.0,722.8,0.0065123112009431525,13.960140276135013,18.31353556106337,118,128.6,21.109899617075463,131.3,2.0
3.7567228233166086,549.0,722.76,0.006336166605584614,13.300267205309412,18.49846404884594,118,127.2,22.387898177096027,130.0,2.0
3.7645375525105518,551.0,722.72,0.0057453956623983535,14.066512549097624,17.4145625339959,118,126.1,20.781551698808897,128.6,2.0
3.807380012677838,557.0,721.6,0.004967279267244387,14.367726497727839,17.16445518509672,117,125.1,22.243642426523483,127.2,2.0
3.8983305638679373,566.0,721.36,0.0035845614234345,25.33600401123431,17.988799348710845,116,124.5,22.050329605368795,126.1,2.0
3.9326060079827587,573.0,721.5200000000001,0.0028792027009866897,17.627371259050943,19.56796170045775,116,124.3,22.225098052698737,125.1,2.0
3.966231150957348,579.0,721.72,0.0019079680174185387,20.17508578475353,19.831241918527887,117,124.7,21.44725703206595,124.5,2.0
4.060229409408539,590.0,722.6,0.0019768455821360166,12.803300517501311,22.38111620243264,119,126.1,21.42190417396791,124.3,2.0
4.081972163732288,594.0,722.8,0.003987051151018743,19.568478891373807,24.145283952374015,119,128.3,23.443891696196346,124.7,2.0
4.103860938411674,596.0,722.9599999999999,0.00795760488963589,39.39979442289538,23.324013719246103,119,130.5,22.85921540050486,126.1,2.0
4.117354985010491,599.0,722.9200000000001,0.010025656433157382,16.192855918580566,21.27627879257944,120,132.6,22.49577410858857,128.3,2.0
4.1275303679104,600.0,722.88,0.012870868197233884,36.63137843967272,21.38666848086338,123,134.2,21.984228668666887,130.5,2.0
4.135744157691155,601.0,723.0799999999999,0.015555916297492433,29.569643210717857,20.641329356681418,124,135.4,23.263307770790668,132.6,2.0
4.140748076668759,604.0,723.3199999999999,0.01604464542946684,6.004702773124826,21.4397195455719,125,136.9,23.40164375419863,134.2,2.0
4.144688365051972,607.0,723.6,0.016218447579575267,4.728346059855691,20.368857385202375,126,138.2,25.088214251029815,135.4,2.0
4.149523910692708,608.0,723.9599999999999,0.016344787366812417,17.40796430665043,17.11421041396079,126,139.3,24.591365161804102,136.9,2.0
4.1593634804204695,611.0,724.32,0.016901507697949993,11.807483673313408,18.033507339457017,126,140.4,27.14503375813556,138.2,1.0
4.175281489612638,614.0,724.48,0.016951018248799462,19.10161103060168,17.45322696239997,124,140.8,28.656532365744567,139.3,1.0
4.1920960099195455,621.0,724.6,0.013231286674546924,8.647467586409704,16.900011020003152,123,140.6,26.842444818310547,140.4,1.0
4.20803363323802,628.0,724.72,0.008543777374020008,8.19649199235836,19.051023075358078,122,140.3,26.027224561191872,140.8,1.0
4.222340078235359,630.0,724.76,0.0037965040553319994,25.75160099521046,19.78572384097792,123,139.8,24.59054332099081,140.6,1.0
4.231707177839455,631.0,724.7199999999999,-0.001439564337841031,33.72155857474879,19.15872099502804,124,139.6,24.094419771415613,140.3,1.0
4.239339449760125,632.0,724.3599999999999,-0.005835857685239573,27.476178914411935,20.843590599801395,123,139.6,23.648387814115544,139.8,1.0
4.255783569916396,634.0,723.88,-0.009857688705900555,29.59941628128721,20.68715069475995,123,139.5,23.484526958864127,139.6,1.0
4.307459845884762,643.0,723.04,-0.01233577064515667,13.58244468877499,22.406203717275353,123,139.3,22.78456367677848,139.6,1.0
4.334154086490571,650.0,722.72,-0.013775404574721307,13.728466597273242,23.155351629282343,122,139.1,22.485023995270232,139.5,1.0
4.37764988569462,654.0,722.4799999999999,-0.0140687432098817,32.14670356607966,23.908368380732316,121,138.9,21.97904521818447,139.3,1.0
4.419440467036118,659.0,720.92,-0.013394453593638644,20.822651559222987,23.07695809409709,121,138.6,20.972897274840676,139.1,1.0
4.477347439604218,665.0,719.9200000000001,-0.01101429136677329,28.109725624704353,23.239984724000927,122,138.3,21.32263835148489,138.9,1.0
4.510025194625017,672.0,719.8,-0.008188168197673283,16.80570258212549,22.58129100079219,124,138.1,20.638481328734123,138.6,1.0
4.5488133005871925,676.0,719.8,-0.0058634088816967925,34.909295365957696,23.38205368913318,127,138.1,23.0303686072489,138.3,1.0
4.632574059349563,685.0,720.0,-0.003825419920406868,25.672519007301215,25.91315550353956,130,138.0,23.536845513110286,138.1,1.0
4.6803151367822755,691.0,720.12,-0.002559098855684773,28.64464645962783,24.687109131661472,130,137.6,24.76878572074697,138.1,1.0
4.728043647889721,699.0,720.2,-7.311828109645957e-05,21.477829998350597,25.683311241163086,131,136.9,25.443624983869675,138.0,1.0
4.768041037098402,706.0,720.24,0.0012466098603817434,20.570085878750387,24.97158582408016,133,136.2,24.843636150215797,137.6,1.0
4.799467783566966,709.0,720.3199999999999,0.0016430874856428377,37.712095762276746,24.98417929051664,132,135.5,25.239295556764464,136.9,2.0
4.843142269653137,713.0,720.48,0.0016430874856428377,17.364231137677102,23.866620949439547,131,134.8,23.75586788282112,136.2,2.0
4.8592270054461215,715.0,720.48,0.002346503826206307,28.95252442737104,22.98957934065058,131,134.0,23.882350864836248,135.5,2.0
4.9171425308625825,722.0,720.4399999999999,0.003554157901461285,18.991045557220776,23.26654531855665,132,133.1,23.289762651089774,134.8,2.0
4.9477967603515065,729.0,720.44,0.005043649016497285,15.76503230858957,22.19234698580781,134,132.1,23.75342723261832,134.0,2.0
4.978307631885099,734.0,720.44,0.005579606149278205,21.967827504186552,21.86197337707304,135,131.2,23.22519047475084,133.1,2.0
5.0249571871593055,738.0,720.92,0.004953762873028677,15.942207532044012,20.157190521368282,136,130.5,22.194839661500385,132.1,2.0
5.033429779236319,739.0,721.16,0.0031143172510069914,30.50133147724818,20.40701285689371,136,130.1,19.79926164514131,131.2,2.0
5.042293686163364,742.0,721.4,0.0015675968230154074,10.636688312454227,19.99484670652186,135,129.7,17.986270190943774,130.5,2.0
5.051881780379,744.0,721.4799999999999,0.0015675968230154074,17.25856958814485,19.061220541614617,134,129.2,16.653162939584846,130.1,2.0
5.063357308522462,746.0,721.4399999999999,0.003063620939682378,20.65595065823091,20.72551363365787,132,128.7,16.214398521675545,129.7,2.0
5.074189107783309,748.0,721.28,0.004871106760614328,19.497238669525064,21.62297873652813,126,128.3,16.03662881553784,129.2,2.0
5.087810555529919,750.0,721.12,0.005076519801987732,24.518605943898116,22.030482233164754,124,128.0,13.716660885033132,128.7,4.0
5.1110856347493065,755.0,721.0,0.005116885245448682,9.749966668690023,22.90721976056208,121,128.0,14.660006497852754,128.3,2.0
5.119972250621512,756.0,721.1600000000001,0.004860665035944632,31.9918171399398,23.054498190846868,121,128.1,13.943279830885132,128.0,4.0
5.128401867338339,757.0,721.36,0.007581716188234912,30.346620180579453,22.98160212860862,121,128.2,12.301682039923673,128.0,4.0
5.133740759449779,758.0,721.5200000000001,0.011503929882126802,19.22001160118321,22.424855564162208,119,128.3,13.682410243869793,128.1,4.0
5.143826727819904,759.0,721.72,0.017005943415821036,36.30948613244895,22.27012861454856,116,128.4,13.329319556455394,128.2,4.0
5.174008245688214,765.0,722.08,0.020529614562267456,10.926948794272128,23.11170703983246,112,128.6,14.439998364273446,128.3,4.0
5.194503270796312,770.0,722.5600000000001,0.022815164407333173,14.756418077829787,25.699963315244553,113,128.9,14.86054738884304,128.4,2.0
5.234287780338925,776.0,723.5600000000001,0.022761081590135544,13.660502506072481,24.937831584264735,113,129.3,14.109836690103467,128.6,4.0
5.262106615335076,780.0,724.72,0.019829570841121223,16.604448554939164,24.22612808154712,114,130.1,13.193934514556084,128.9,4.0
5.2706766485196335,781.0,725.0,0.015948040660304114,30.852119464406893,23.306580095430416,114,131.3,14.552565126437532,129.3,4.0
5.280051025667374,782.0,725.3199999999999,0.011496317461987243,33.74775773186633,22.755047305260923,115,132.9,14.164321684311169,130.1,4.0
5.286785848861513,783.0,725.52,0.007314043741087982,24.24536349889748,24.17646239578365,115,134.8,14.593542162748662,131.3,4.0
5.300187032925362,785.0,725.36,0.0028582613379117853,24.12213131492837,26.357926425912694,115,136.9,14.43957585052577,132.9,4.0
5.334513343510668,792.0,724.68,-0.0011305192255926465,11.32370213607088,27.19602123738513,113,139.3,12.162317452004348,134.8,4.0
5.354016761630706,794.0,724.2,-0.00443506339698946,35.106152616067,26.673380447822133,111,141.6,13.187844747176786,136.9,4.0
5.376633377845321,797.0,723.72,-0.004995744990870554,27.139939457539036,26.309860891322067,111,143.9,13.170853917491524,139.3,1.0
5.398637997765672,799.0,723.5199999999999,-0.00527258989412892,39.60831585663043,24.285049510826223,111,146.3,12.926862514214973,141.6,1.0
5.418866179889181,802.0,723.4399999999999,-0.0035214054219202644,24.273818548211164,24.56405628990616,111,148.8,12.889942110663537,143.9,1.0
5.4371612974253205,807.0,723.5600000000001,0.000998840823667483,13.17248462602052,23.779277992899118,114,150.9,13.732222469080492,146.3,1.0
5.4721948614251295,810.0,724.0,0.007945511042723582,28.722193132249643,25.006148563866258,122,152.6,12.900977928586808,148.8,1.0
5.484226417003777,813.0,724.32,0.015069158492033687,14.437866694376861,22.76188786101269,125,153.8,11.995487545071589,150.9,3.0
5.498258414553555,815.0,724.8,0.019271060284216525,25.257595589600076,22.515281181063393,125,154.7,13.17001503835388,152.6,3.0
5.5110296157007195,818.0,725.28,0.015404918319442736,15.325441376597984,21.582789187847975,128,155.4,12.43660197710032,153.8,3.0
5.5234760796626805,820.0,725.88,0.009033981859887307,22.403635131530365,21.69942761533165,130,155.8,12.77520272740975,154.7,3.0
5.548960920920552,825.0,727.04,0.0017300790589071789,11.718828463197154,22.890733841919293,130,156.2,13.671342966842312,155.4,3.0
5.573680323893013,828.0,727.6,-0.0024248053639768473,24.265077362917754,22.076667340951683,138,156.7,11.766009688908772,155.8,3.0
5.6042547991470375,831.0,726.68,-0.005008965704416795,29.969841890974337,22.98552502913524,143,157.1,11.78349612700939,156.2,3.0
5.618779829248718,833.0,725.64,-0.008387376784454375,26.14505418302498,22.58869741588736,143,157.3,13.529370811379769,156.7,3.0
5.633619944393949,835.0,724.56,-0.011040980378585901,26.71220726141657,23.89749210263134,142,157.5,12.57087073345236,157.1,3.0
5.6887547445731546,840.0,721.72,-0.014302359850518717,23.60673873303279,23.201282543067357,138,157.7,13.504876753450214,157.3,3.0
5.7114452926695005,843.0,721.6,-0.01757479872519489,27.228657715614666,25.67249553882403,137,158.0,13.64890654963105,157.5,3.0
5.741046354251367,847.0,721.5600000000001,-0.018853013713965465,26.640955423679703,27.204900013812637,140,158.2,11.947972944239805,157.7,3.0
5.767872309538792,850.0,721.72,-0.014578513990174635,32.19114634490987,25.47429844361932,141,158.4,13.873073530839198,158.0,3.0
5.792087787648893,855.0,721.96,-0.00946915940883773,17.43514423927321,24.788174695749525,141,158.5,13.681618314269311,158.2,3.0
5.812785295663622,857.0,722.1600000000001,-0.0035699189247292524,37.25551442651171,23.513752357468483,141,158.6,12.150851508900836,158.4,3.0
5.834663108685294,859.0,722.2,-0.0005060194131852795,39.38006343900781,23.195367581422676,142,158.6,13.060929799049788,158.5,3.0
5.8622172956604786,864.0,722.0400000000001,0.0004900684659995514,11.828966416634183,22.988641755240717,141,158.6,12.912830959344134,158.6,3.0
5.899443480797852,868.0,721.24,0.001298998720127657,17.992851611838176,23.08208943458285,140,158.4,11.211883607842925,158.6,3.0
5.966440319010367,877.0,720.4,0.0010050044997714624,12.345394859406028,22.646250651486092,137,158.0,13.430896353084602,158.6,3.0
6.085485225785228,890.0,720.3599999999999,0.00011358291854850666,18.645503237280778,22.466127740291135,136,157.6,12.026473000158331,158.4,3.0
6.1297569943958665,897.0,720.52,-0.0007237208321175956,22.76833814261397,22.120172350307147,137,157.2,11.872221612137622,158.0,3.0
6.178372668867577,904.0,720.76,-0.0001743485795051387,25.002346871165496,21.206778427802163,139,156.9,13.443883959423967,157.6,3.0
6.268351639011114,913.0,721.08,0.0013760950165692077,25.19151352405347,21.602402862085803,139,156.7,11.625554491415292,157.2,3.0
6.300439966620427,921.0,721.1600000000001,0.00405468167395005,14.439747424190722,20.94141389259953,139,156.3,11.891623265117166,156.9,3.0
6.327269738833472,924.0,721.2,0.005020601343020073,32.195726655654056,23.452453686704835,139,155.6,13.052029516549757,156.7,3.0
6.374368945116488,928.0,721.42,0.005100277328756767,29.318584005569868,24.05105450493189,139,154.9,13.535406487215573,156.3,3.0
6.391398253097684,932.0,721.58,0.005825466284797569,15.326377183076312,25.450799497568138,138,153.8,13.334140442774345,155.6,3.0
6.409983722071568,938.0,721.74,0.005857012075532393,11.151281384330494,26.287499834094906,138,152.6,13.535306598691488,154.9,3.0
6.450148100177002,941.0,722.1,0.006314688575782035,36.26426764455385,25.782045640937735,137,151.6,12.637250234258918,153.8,3.0
6.463320473674721,943.0,722.1800000000001,0.007142090330225695,23.710272295894637,26.287901970188432,135,150.6,13.06138951970998,152.6,3.0
6.482813662685266,945.0,722.4200000000001,0.008201804813496975,35.087740218980784,24.883066922691523,133,150.9,12.993888650994354,151.6,3.0
6.5092726122705935,948.0,722.5600000000001,0.009080122932677796,31.750739502392598,25.28680358121722,132,151.9,11.844181846650816,150.6,3.0
6.541258654249784,954.0,722.76,0.010639931277719809,19.191625187514617,24.77790214547567,132,152.9,12.507895050173712,150.9,3.0
6.571919223399246,960.0,723.0,0.013824058743764115,18.39634148967741,25.47290531860633,132,154.2,12.511021474011551,151.9,3.0
6.600854973259613,966.0,723.28,0.017095413413737204,17.361449916220618,25.428018015008554,132,155.9,11.071337016946302,152.9,3.0
6.664459215373456,971.0,724.1200000000001,0.020688247585051493,30.583413825721134,24.622576882813057,131,157.6,9.665493458304235,154.2,3.0
6.685349204363704,979.0,724.6,0.024654119433729787,9.400495045611606,22.378138071461475,129,159.7,11.611273577387488,155.9,3.0
6.72193265540379,984.0,725.6800000000001,0.029268283796060873,15.787927199615972,20.823599446410103,128,162.1,11.665631332153712,157.6,3.0
6.730538738755423,985.0,726.1200000000001,0.03369436455985136,30.98190006587896,19.667077001641594,128,164.4,10.589514547310976,159.7,3.0
6.737986941068418,987.0,726.5600000000001,0.04013639751897101,13.406764163390147,19.587282043415776,128,166.6,9.929484378031324,162.1,0.0
6.741079152194915,988.0,727.08,0.04650969178855692,11.13196005539006,19.8540924553246,129,167.4,10.798822820007008,164.4,0.0
6.74486271468392,989.0,727.56,0.05081673282225083,13.620824960417197,17.488525809272165,128,167.6,12.162482663257254,166.6,0.0
6.749746508578858,992.0,728.0,0.055612853483144306,5.860552673925346,19.14787600025664,127,167.7,11.26114810034292,167.4,0.0
6.7575291181958494,994.0,728.56,0.05840503505322405,14.008697310584422,18.586659950663545,127,167.7,11.6472696801569,167.6,0.0
6.766186758670763,996.0,729.12,0.06348875741288075,15.583752854843542,17.136377641952606,128,167.6,12.15082338726646,167.7,0.0
6.776441945505033,1001.0,729.5600000000001,0.06812181790588327,7.383734520674072,19.778014200683035,128,167.3,12.153666893858624,167.7,0.0
6.786905251712704,1003.0,730.12,0.07180105628406155,18.833951173807822,19.58032496843286,129,166.9,11.13584147865702,167.6,0.0
6.796483763412637,1007.0,730.6800000000001,0.07737427133628985,8.62066052993975,21.899919081119766,129,166.5,11.884571232589092,167.3,0.0
6.80457594238834,1009.0,731.4,0.08553217982382641,14.565922156264355,22.698118605278225,129,166.0,11.727007774599189,166.9,0.0
6.81213539966691,1010.0,732.1200000000001,0.08968223767907266,27.21404620285133,21.882299568515073,129,165.4,11.773679293588796,166.5,0.0
6.818469610651282,1013.0,732.8399999999999,0.09398068904880709,7.601053181246114,20.783923768268444,130,164.8,11.97654089956584,166.0,0.0
6.8253383920508925,1014.0,733.6800000000001,0.10001033141151575,24.727613038597728,23.224919635722998,130,164.0,10.657741241834469,165.4,0.0
6.833726761150577,1017.0,734.64,0.10070729063502022,10.066042919621271,22.992705494595132,130,163.3,10.738394043336363,164.8,0.0
6.840950750398564,1021.0,735.4,0.10168841596831275,6.501590323188699,23.88136664816482,131,162.6,11.424688938601284,164.0,0.0
6.848089340508975,1025.0,736.12,0.10135712588024633,6.424731099369701,23.7859674943819,136,161.9,10.719770874012514,163.3,0.0
6.853914351797721,1026.0,736.8,0.10103225179265274,20.97004063948855,20.351247742356236,140,161.1,11.689728750908843,162.6,0.0
6.85806755089565,1027.0,737.24,0.10185600839249558,14.951516752544185,22.091354046909917,145,160.4,11.279376731278465,161.9,0.0
6.861654457927404,1028.0,737.6800000000001,0.10331202562008639,12.912865314314706,22.03794833476098,148,159.7,11.339626353007734,161.1,3.0
6.865272863214636,1029.0,738.12,0.10022224326497826,13.026259034035425,21.63480083314726,150,159.1,11.40776910495051,160.4,3.0
6.868974081729333,1032.0,738.5600000000001,0.09906061314086072,4.441462217637108,21.58844631954324,153,159.0,11.788778985198288,159.7,3.0
6.873934172321825,1033.0,739.08,0.10039385775274387,17.85632613297047,23.06059106130529,153,158.8,10.914439418292051,159.1,3.0
6.8807557569723095,1034.0,739.76,0.09865882572180186,24.55770474174513,21.752719349517225,153,158.8,10.553202293378124,159.0,3.0
6.887110864378022,1037.0,740.36,0.10116527405809908,7.626128886855753,20.4918056068615,154,159.2,10.800464056451856,158.8,3.0
6.893924626919882,1041.0,741.0,0.10494480270193977,6.132386287674352,22.612871591366684,156,160.0,10.20063376275862,158.8,3.0
6.902173257299626,1043.0,741.84,0.1072275319398673,14.847534683539243,21.636553037803097,157,160.8,11.24196349867518,159.2,3.0
6.909205254652155,1045.0,742.52,0.10889974002078393,12.657595234551685,22.139692675288195,157,161.9,10.517303936616656,160.0,3.0
6.915757046782591,1049.0,743.24,0.11266963801985637,5.896612917392004,23.79558168337445,157,163.0,10.056583337950268,160.8,3.0
6.922606530184574,1050.0,744.04,0.11086071237319355,24.658140247137656,20.878197319629813,157,164.1,10.742072041528855,161.9,0.0
6.928931117319573,1054.0,744.76,0.11102117427875355,5.692128421499812,20.947381297394955,157,165.2,10.981045869659136,163.0,0.0
6.935454008753516,1057.0,745.4399999999999,0.11178651379175782,7.82746972073139,23.92498046650711,157,166.0,10.555334229075564,164.1,0.0
6.942903377788876,1058.0,746.3199999999999,0.10851097842936248,26.81772852729609,22.445376586239767,157,166.9,10.484778427298334,165.2,0.0
6.949019346635998,1062.0,747.0,0.10819502854439442,5.504371962409751,24.016158201936513,158,167.6,12.123883286174188,166.0,0.0
6.955520174359216,1065.0,747.6800000000001,0.10783294003669877,7.800993267861919,24.01357893467894,158,167.8,12.097121675445992,166.9,0.0
6.96207326689571,1066.0,748.4,0.10588364799301983,23.591133131378108,21.024702455813518,158,167.7,11.391200121600138,167.6,0.0
6.967920526789338,1070.0,749.0400000000001,0.10565740322253225,5.26253390426518,24.104510627623213,159,167.6,10.873884145647663,167.8,0.0
6.974030986632263,1071.0,749.6800000000001,0.10645959275664599,21.997655434530234,23.94052943112329,159,167.5,11.4539218844906,167.7,0.0
6.980145079031597,1074.0,750.3199999999999,0.10357576314441859,7.3369108792003646,21.310720172281194,160,167.3,11.65267410583684,167.6,0.0
6.986519082525951,1077.0,750.96,0.10640324586841143,7.64880419322521,22.719741769045818,159,166.9,9.758722228782172,167.5,0.0
6.993447730939144,1078.0,751.64,0.10679202257969267,24.94313428749373,22.475489617310963,159,166.5,9.866892077646792,167.3,0.0
7.000017639333624,1082.0,752.36,0.10703338166540284,5.912917555032527,19.610462646208763,158,166.1,11.871616062531862,166.9,0.0
7.006412117374519,1084.0,753.08,0.1094249456326131,11.510060473611324,23.35546094291737,158,165.7,11.677597797122749,166.5,0.0
7.014526092298907,1086.0,754.0,0.11035200067628999,14.605154863899282,20.976481706392725,158,165.4,11.445388130223288,166.1,0.0
7.021548319933135,1090.0,754.76,0.10990620033230132,6.3200048708053895,20.94251157241008,158,165.1,11.461467046609467,165.7,0.0
7.028861275062431,1094.0,755.5600000000001,0.11206077676984161,6.581659616366006,23.64637843645348,156,164.8,11.294799101393538,165.4,0.0
7.036487014328175,1095.0,756.4,0.11216903082142511,27.452661356681954,20.542878253956196,155,164.5,12.421215789498458,165.1,0.0
7.043114865915898,1098.0,757.12,0.10952992845504103,7.953421905267543,20.815073184791746,155,164.1,12.313329505442264,164.8,0.0
7.0495530848036685,1102.0,757.76,0.1103637842377732,5.794396998993257,22.826563167106514,156,163.6,12.204033377541933,164.5,0.0
7.056043481377582,1103.0,758.5200000000001,0.10756824605614226,23.365427666088664,23.64085670874517,156,163.3,12.443997446172416,164.1,0.0
7.061676681050421,1106.0,759.1600000000001,0.10790206702288874,6.759839607406975,23.428895512256297,157,163.1,12.326228759801536,163.6,0.0
7.0664397951015605,1108.0,759.6400000000001,0.10845490644280034,8.57360529205126,23.731873493955035,154,162.9,10.25331922296142,163.3,0.0
7.072860384820432,1109.0,760.28,0.10961921961832481,23.11412298793722,22.0411041016221,151,162.7,12.482248153413652,163.1,0.0
7.078260086090031,1110.0,760.8399999999999,0.10865786471404193,19.438924570557433,22.76354374219952,151,162.6,11.442495272728952,162.9,0.0
7.083046024341579,1114.0,761.4,0.10833644033389309,4.30734442639315,22.611372975215296,147,162.6,11.255102070546958,162.7,0.0
7.087820091661322,1116.0,761.96,0.1046796466478825,8.593321175537428,20.67482393502895,144,162.6,13.189082168165555,162.6,0.0
7.092951229914754,1117.0,762.5600000000001,0.10397334275549286,18.47209771235624,21.881562527104855,145,162.6,11.39384907279354,162.6,0.0
7.096338678459137,1118.0,763.0,0.10828069352630054,12.19481475977815,21.94187312459939,145,162.8,10.753576572707512,162.6,0.0
7.099182783076825,1120.0,763.4,0.10826087560139516,5.119388311837,19.490399476371756,159,163.2,10.73128574303949,162.6,0.0
7.102479549638673,1121.0,763.76,0.1115003687457837,11.8683596226533,17.30573504764827,166,163.6,10.90236498830092,162.8,0.0
7.106200930650516,1122.0,764.2,0.11421479310922127,13.396971642635945,20.775683599498475,167,163.9,11.346510508887592,163.2,0.0
7.1109814137229765,1124.0,764.8,0.11659587139078542,8.60486953042965,21.015226783322525,167,164.2,11.806294768891073,163.6,0.0
7.115824346177024,1126.0,765.36,0.11575710329769713,8.717278417284724,19.3278933378072,168,164.6,10.179714073738417,163.9,0.0
7.121802667270509,1130.0,766.08,0.11871270830922338,5.38048898413679,18.46992831787046,168,164.9,9.628314684956184,164.2,0.0
7.128404096608627,1131.0,766.88,0.12229661119681698,23.765145617225652,19.95417351395723,168,165.0,10.523001158963018,164.6,0.0
7.1360181788779595,1134.0,767.76,0.1251594439021611,9.136898723199664,22.45452487076714,168,165.0,8.92185791697925,164.9,0.0
7.142443953764567,1137.0,768.5600000000001,0.12528160234401522,7.71092986392887,21.015809759508837,168,164.8,9.131226398084149,165.0,0.0
7.1486600793945465,1141.0,769.4,0.12299548359018538,5.594513066981646,21.66650127542667,167,164.5,10.568381987814034,165.0,0.0
7.156333842023209,1143.0,770.28,0.1226479882852829,13.812772731593826,22.517822902267806,167,164.5,10.504686607238366,164.8,0.0
7.163418552594086,1144.0,771.04,0.11740360121810134,25.50495805515576,22.471075660595655,168,164.5,11.003946437460822,164.5,0.0
7.169506922057271,1149.0,771.7199999999999,0.11441862742380884,4.38362601349263,20.479640787348465,168,164.5,11.026910758005986,164.5,0.0
7.176432525017587,1151.0,772.4399999999999,0.11260431644769194,12.466085328569452,21.663862088134067,167,164.9,10.554701668351155,164.5,0.0
7.184072978066687,1153.0,773.24,0.11159059807182073,13.752815488380326,21.296091848224673,167,165.6,10.9716254469124,164.5,0.0
7.190082893677863,1157.0,773.8799999999999,0.1100844505565866,5.408924050058405,21.101876734513233,165,166.4,11.00065260663471,164.9,0.0
7.19763116671409,1159.0,774.72,0.11050537538044143,13.586891465209632,21.29900315445129,164,167.3,11.72835360039,165.6,0.0
7.206866831304379,1161.0,775.6800000000001,0.10961859601943232,16.62419626252038,18.847592164359167,164,168.3,11.529026423831793,166.4,0.0
7.21538807475442,1166.0,776.56,0.10979488862367881,6.135295284029825,18.987401191463356,163,169.5,11.846573171776177,167.3,0.0
7.223806447333417,1171.0,777.4,0.10907286529940718,6.061228256877708,20.096974174280884,161,170.6,10.473485327026332,168.3,0.0
7.2326072188841755,1173.0,778.36,0.10864654607102422,15.841388791364288,18.84193021576,161,171.3,10.665399957809775,169.5,0.0
7.239449975260754,1175.0,779.0799999999999,0.10843704613279963,12.316961477842023,20.317254234487784,160,171.7,10.148171477526535,170.6,0.0
7.245216813070212,1179.0,779.76,0.10908257825234038,5.1901540285115955,19.58258352873883,161,172.1,11.37760622545772,171.3,0.0
7.25058598925944,1180.0,780.36,0.10628823126675135,19.329034281218657,19.654338021238782,160,172.1,11.46644573643776,171.7,0.0
7.256172351628184,1183.0,781.0,0.10712143337122981,6.703634842492629,19.75733261482595,160,171.6,10.514378008474065,172.1,0.0
7.260369157966801,1184.0,781.48,0.10786296654217464,15.108502819021698,20.386946783775663,157,171.0,12.340692264293526,172.1,0.0
7.265637697560638,1186.0,782.12,0.10764106737404196,9.483371268905817,18.85692780083391,157,170.4,10.8221052218014,171.6,0.0
7.270422889916142,1187.0,782.64,0.1071828210059715,17.2266924798131,18.212701416644247,157,169.7,12.595260727667986,171.0,0.0
7.276103492252356,1190.0,783.28,0.10693963889529097,6.816722803457597,18.443762300439072,157,169.0,12.084416984235306,170.4,0.0
7.281587562840887,1192.0,783.88,0.10532612403996991,9.871327059355492,17.451698620856117,160,168.5,12.253251948962994,169.7,0.0
7.287502557109471,1195.0,784.52,0.10457857901518516,7.097993122301921,19.30582739684638,159,168.1,14.46503656557601,169.0,0.0
7.2923384405698615,1197.0,785.0,0.10518489389246188,8.704590228702727,18.09157103498318,160,168.0,14.044885689385865,168.5,0.0
7.2965955359361105,1199.0,785.48,0.1051545798301935,7.662771659248893,17.49147928366273,165,167.8,12.304788908905149,168.1,0.0
7.300298516865079,1200.0,785.8800000000001,0.10931504668560219,13.33073134428632,18.84824258531895,168,167.5,12.50666379385951,168.0,0.0
7.305053220254429,1201.0,786.4,0.11243086903702455,17.11693220165825,19.33483647097802,168,167.3,14.16300926662404,167.8,0.0
7.309420946475782,1203.0,786.88,0.11290223608669206,7.86190719843643,18.88338448353181,168,167.1,12.191223691012931,167.5,0.0
7.314838907900496,1207.0,787.52,0.11325281069557151,4.876165282241928,18.84925855592106,168,166.9,13.489660251599703,167.3,0.0
7.321528235543718,1208.0,788.32,0.11686031988624195,24.081579515599,22.05118458368367,168,166.8,11.686325800171556,167.1,0.0
7.329200286447684,1211.0,789.24,0.11770612020263416,9.206461084760377,22.132541702704252,168,166.8,12.245495532358683,166.9,0.0
7.335438298284928,1215.0,790.0,0.11982556698956075,5.614210653519782,20.990066250081426,168,166.8,12.127698637422352,166.8,0.0
7.342541003956628,1219.0,790.84,0.12158151911278188,6.3924351045296275,20.176540172705163,168,166.9,9.821339102684826,166.8,0.0
7.349512014739256,1220.0,791.72,0.12635140892588942,25.095638817461264,21.27589664057664,167,167.0,11.703122711621536,166.8,0.0
7.355674644365895,1223.0,792.44,0.126855083680876,7.395155551966936,21.469139711159016,167,167.2,11.28253562594459,166.9,0.0
7.3609009075374185,1226.0,793.12,0.12510859837316143,6.271515805827776,18.242850220826007,167,167.5,11.63973296909682,167.0,0.0
7.367536336671937,1228.0,793.9200000000001,0.12234038182152815,11.94377244213352,18.39438843540335,167,167.8,10.617418295002748,167.2,0.0
7.375126494775751,1230.0,794.8799999999999,0.12029248408561437,13.662284586865814,21.659758101320925,167,168.1,10.563343878708748,167.5,0.0
7.382752814215422,1234.0,795.72,0.11561702649010738,6.863687495704298,21.426128398080927,166,168.4,11.057697732691675,167.8,0.0
7.389894565250217,1239.0,796.5600000000001,0.11283872449369188,5.142060745052312,20.720187905580822,164,168.7,11.266059579853428,168.1,0.0
7.398468031561389,1242.0,797.44,0.11244489667530407,10.288159573406613,20.658082419295408,164,169.1,10.773967706952725,168.4,0.0
7.4055962122564924,1243.0,798.1600000000001,0.11193057279607563,25.661450502370464,20.468897220363072,164,169.4,12.799924114844355,168.7,0.0
7.411779896215434,1248.0,798.76,0.11234433195487162,4.452252450438487,22.389308391999265,164,169.6,12.912878399069095,169.1,0.0
7.418105880145564,1249.0,799.48,0.11127459695576487,22.773542148466646,22.156827439268927,164,169.7,11.416697060372725,169.4,0.0
7.424402500742088,1252.0,800.1600000000001,0.1115249678659411,7.555944715828769,22.19634858138836,164,169.8,11.895084122383537,169.6,0.0
7.429518985579498,1256.0,800.8,0.11390132606491044,4.604836353668462,22.48102918721525,164,169.9,11.664949707816463,169.7,0.0
7.435965635391493,1257.0,801.6,0.11454647565773879,23.207939323182732,22.341013038933465,164,170.1,11.792138183012588,169.8,0.0
7.44295642525055,1259.0,802.44,0.11663583013827716,12.583421746303847,18.959897313847605,163,170.3,11.934273004487135,169.9,0.0
7.449368343269106,1263.0,803.28,0.11998311654583323,5.770726216700996,23.050037300407944,161,170.5,10.568778504010908,170.1,0.0
7.45774801152617,1267.0,804.28,0.11970647741092724,7.5417014313571595,21.400230486987187,161,170.7,10.376233482313982,170.3,0.0
7.465340072117585,1270.0,805.2,0.12166915623945447,9.110472709697806,21.371787113437293,162,170.6,12.043940312303828,170.5,0.0
7.472190565359209,1275.0,806.08,0.1256559713081621,4.9323551339692875,24.729089659435594,162,170.5,10.181388010542443,170.7,0.0
7.4796187714022535,1276.0,806.92,0.12808434795252618,26.74154175496082,21.716245050932166,162,170.4,10.08654628921539,170.6,0.0
7.48649433436982,1278.0,807.6,0.1279577575999678,12.376013341619647,20.504279108236403,163,170.4,9.860920233868816,170.5,0.0
7.492807681807608,1282.0,808.36,0.1276613899096265,5.682012694008815,20.305175575335433,164,170.5,10.406744813351958,170.4,0.0
7.499458969954789,1283.0,809.12,0.1193890669015735,23.94463732985444,20.417280597797486,164,170.6,10.96440671465278,170.4,0.0
7.505298534809747,1287.0,809.88,0.11130302960454339,5.255608369462592,20.889191751316854,164,170.6,10.223886956453724,170.5,0.0
7.508732255223883,1289.0,810.52,0.10255465484452649,6.180696745443549,21.25659375161524,165,170.6,10.229477325813637,170.6,0.0
7.511814376290562,1291.0,811.1200000000001,0.09577742413409149,5.547817920020759,17.831621434546047,165,170.5,10.162803544641866,170.6,0.0
7.514384513480554,1292.0,811.4399999999999,0.09201737594148031,9.252493883971468,16.546463921651945,165,170.3,11.078213337905204,170.6,0.0
7.518148937901544,1293.0,811.72,0.08917633827859633,13.551927915564542,17.45091642637551,165,170.2,9.295141557741433,170.5,0.0
7.523443492198213,1295.0,811.92,0.08556063418313725,9.530197734004085,14.32651893714365,165,170.2,8.917157202242562,170.3,0.0
7.529263344866788,1297.0,812.2,0.08236027570958566,10.475734803434266,14.3706856985136,166,170.2,11.367241440533698,170.2,0.0
7.5368878109265625,1301.0,812.56,0.08060660319662279,6.862019453797321,16.60482997217855,166,170.2,11.329490641741716,170.2,0.0
7.545014965056605,1303.0,813.08,0.07886264519771978,14.628877434077166,16.4767875679415,165,170.0,10.299516485605608,170.2,0.0
7.551625969148286,1306.0,813.64,0.08165823598095842,7.93320491001674,17.34183942483863,164,169.7,11.631961119272797,170.2,0.0
7.557750380132045,1309.0,814.28,0.08581088677684817,7.349293180511563,17.503142502864385,162,169.3,11.941204147774252,170.0,0.0
7.563459339199474,1310.0,814.88,0.09119348252076312,20.552252642742438,16.997477870449952,162,168.9,11.784920456741052,169.7,0.0
7.56755172596136,1313.0,815.4399999999999,0.09462604683680287,4.910864114264069,17.925062602618226,165,168.6,11.91835741532646,169.3,0.0
7.5715086960130815,1314.0,815.92,0.09830571888945543,14.24509218619603,18.14495041921087,165,168.4,11.51212226334731,168.9,0.0
7.575336910213363,1315.0,816.4,0.10123653258141355,13.781571121016167,19.8387388596715,165,168.6,11.760615027873136,168.6,0.0
7.579343665911243,1318.0,816.8799999999999,0.10545932817266288,4.808106837455802,19.913919602416932,169,168.8,12.445426094072824,168.4,0.0
7.583411713852645,1319.0,817.3599999999999,0.10875932740543345,14.6449725890467,20.683830098140927,173,169.0,9.985195424434464,168.6,0.0
7.589371956395162,1322.0,817.9599999999999,0.11316674705690344,7.152291051020413,18.653016841409535,174,169.2,10.234521286799708,168.8,0.0
7.595456925109504,1323.0,818.72,0.11519382632506728,21.90588737163007,18.970632484755672,174,169.5,10.991473796657589,169.0,0.0
7.603706832254552,1328.0,819.64,0.11770709617777789,5.939933144434647,18.293495580610575,174,169.7,8.738737687943576,169.2,0.0
7.6124774661378485,1331.0,820.64,0.12016092966420885,10.524760659955401,20.741574149777666,174,169.9,10.165467994973564,169.5,0.0
7.621951596964577,1336.0,821.72,0.12052072895947333,6.821374195244017,20.987166624246026,173,170.2,10.369065514411664,169.7,0.0
7.629540497433575,1340.0,822.64,0.12224230067350368,6.830010422098512,19.52346496812691,172,170.5,9.724343796961517,169.9,0.0
7.637101170253044,1343.0,823.5200000000001,0.12283378326698662,9.072807383363633,22.56437166366398,169,170.8,10.731973259381675,170.2,0.0
7.644344480975358,1344.0,824.4399999999999,0.12078581623122638,26.075918600328016,19.810573104669015,169,170.7,10.566194694334367,170.5,0.0
7.65067392758342,1348.0,825.1600000000001,0.11576613168608452,5.696501947256187,22.551825466959777,169,170.5,11.750059788358518,170.8,0.0
7.6577910044020445,1353.0,825.9200000000001,0.11028308101509346,5.1242953094097325,21.729522148380433,168,170.3,11.89460615937232,170.7,0.0
7.664850847071271,1354.0,826.68,0.10442043669757513,25.415433609215054,21.961222288902434,168,170.2,11.65990600109762,170.5,0.0
7.6723175325676145,1358.0,827.4,0.10424020374007144,6.720016946708808,25.740586286940506,168,170.2,10.98855713839218,170.3,0.0
7.678892945957364,1359.0,828.04,0.1054541696972859,23.671488203100502,25.083671039448983,167,170.4,11.799120808484428,170.2,0.0
7.68491108287473,1363.0,828.68,0.1044236401592779,5.416323225628607,21.83900971947475,167,170.7,10.594345996273224,170.2,0.0
7.692002519410164,1366.0,829.3599999999999,0.10930575841027282,8.509723842520879,21.969401395416448,168,171.0,10.393090196190611,170.4,0.0
7.700043590684672,1367.0,830.24,0.1103638055697033,28.94785658822869,24.710123292645797,168,171.4,12.090770872999986,170.7,0.0
7.708162421720442,1373.0,831.1600000000001,0.11005937797250125,4.871298621462177,21.60885389303302,168,171.6,10.606804988335734,171.0,0.0
7.715391547383376,1376.0,831.9199999999998,0.1094312056448075,8.67495079552086,23.91558122045946,167,171.8,11.19467304756157,171.4,0.0
7.7239640482687095,1380.0,832.9200000000001,0.11146133002059666,7.715250796799783,21.062313252504275,166,172.0,9.63275295230183,171.6,0.0
7.729988423279003,1381.0,833.72,0.11241952422932074,21.68775003705504,21.886011414416707,166,172.1,9.471801285069676,171.8,0.0
7.736319065338007,1385.0,834.4399999999999,0.11283210628977025,5.697577853103972,21.666432238969794,166,172.1,9.902362156865514,172.0,0.0
7.741792504935945,1386.0,835.0799999999999,0.11156535191502037,19.704382552576554,17.83407837606244,166,171.9,9.808302621991247,172.1,0.0
7.748057109034632,1390.0,835.8,0.11036970696702994,5.638143688818994,20.874428973832384,166,171.6,9.991767714536376,172.1,0.0
7.7541726760054654,1392.0,836.4399999999999,0.11021872636876276,11.008020547499902,20.291510651617603,167,171.1,9.578436575645709,171.9,0.0
7.760282471749764,1395.0,837.04,0.10651953044841038,7.331754893157536,20.886557177053557,168,170.5,11.903164520666431,171.6,0.0
7.766820539795156,1399.0,837.72,0.10687204349442869,5.884261240853438,19.055012269951334,169,169.7,11.244513394235486,171.1,0.0
7.773400854992609,1400.0,838.4400000000002,0.1067240895833578,23.689134710829293,18.91722237060842,169,168.8,11.496384328669029,170.5,0.0
7.779607910463096,1405.0,839.1200000000001,0.10854119463304446,4.469079938751378,19.70047450084791,169,167.7,12.124915609003915,169.7,0.0
7.785878590589942,1407.0,839.8,0.1081948918841296,11.287224228322087,19.834136382896116,169,166.7,11.950292698932776,168.8,0.0
7.792247814643338,1409.0,840.5600000000001,0.10810433280831237,11.464603296114335,18.944150647242008,169,165.7,12.530873540205269,167.7,0.0
7.797977629854632,1413.0,841.24,0.10868854095441702,5.15683369016396,22.29626301788529,169,164.6,12.230713892199816,166.7,0.0
7.804824274602522,1414.0,842.0,0.10737376845190885,24.64792109240584,22.253101011683654,169,163.6,13.875658491917488,165.7,0.0
7.8112590764028855,1417.0,842.7199999999999,0.10398854998124338,7.721762160436494,19.642596871790612,169,162.8,13.283411624326856,164.6,0.0
7.818022522867878,1421.0,843.4,0.10269495516263265,6.0871018184928705,20.234296997428267,171,162.4,13.111167220478208,163.6,0.0
7.825686778137898,1422.0,844.1200000000001,0.1014296770891963,27.591318972073882,19.75570056886721,171,162.1,12.739746017936984,162.8,0.0
7.833479893785788,1426.0,844.8,0.09851740698986684,7.0138040831008,19.86731965593915,171,162.0,11.944498124342532,162.4,0.0
7.840752661555676,1429.0,845.4,0.09882593055444142,8.727321323865572,19.893740217490127,170,162.2,11.65847306654073,162.1,0.0
7.848463453688059,1432.0,846.0799999999999,0.0965755817148165,9.252950558859519,17.492997439946148,170,162.6,12.339611673676655,162.0,0.0
7.855951687090268,1435.0,846.76,0.09619239746341388,8.98588008265136,17.34959023104399,170,162.8,12.298875869661746,162.2,0.0
7.863027513783644,1437.0,847.4,0.09712471480677864,12.736488048075586,20.210713012388133,171,163.1,12.3010274706341,162.6,0.0
7.870336604789099,1441.0,848.1600000000001,0.09925809480622441,6.578181904909424,17.154203953085336,171,163.5,12.467903454692966,162.8,0.0
7.876443813726678,1443.0,848.8,0.10031768992233085,10.992976087643576,17.058507971526794,171,164.0,11.071700178859976,163.1,0.0
7.882884160330531,1447.0,849.5200000000001,0.10380512709760081,5.796311943467228,16.751274015909047,171,164.5,10.86917259496652,163.5,0.0
7.889207540918973,1448.0,850.28,0.10623321719222294,22.764170118391334,17.857415875605824,170,164.8,11.119699232110635,164.0,0.0
7.896679037547689,1451.0,851.1600000000001,0.10889671873258962,8.965795954460042,19.013676013788018,170,165.1,9.554096846194742,164.5,0.0
7.903418356291945,1455.0,851.9199999999998,0.11145419158125125,6.065386869830254,18.07918222202988,170,165.6,10.262194587956946,164.8,0.0
7.910608423814611,1459.0,852.76,0.11181103192454227,6.471060770399844,18.175966940967673,170,166.2,10.876356418549602,165.1,0.0
7.9187813106777725,1461.0,853.64,0.11553257209220595,14.711196353690926,18.215795251496445,171,166.8,8.761514735059055,165.6,0.0
7.926871587953139,1463.0,854.5600000000001,0.11816794248842351,14.562499095659591,19.739742701650965,171,167.5,9.975125476496038,166.2,0.0
7.9342761580449235,1468.0,855.4399999999999,0.117463570432255,5.331290466085023,16.91200866912487,171,168.1,9.505837192667716,166.8,0.0
7.941647364265489,1472.0,856.28,0.11627373647801238,6.63408559850853,16.480963344077814,171,168.7,9.092327145087456,167.5,0.0
7.95025256282876,1475.0,857.28,0.11903125118328436,10.32623827592589,20.905854329695412,170,169.1,10.54977394579984,168.1,0.0
7.958558346093261,1477.0,858.28,0.117697864963455,14.95040987610061,20.862772696752916,169,169.3,11.41598760600868,168.7,0.0
7.965410363199863,1482.0,859.04,0.1159694534653832,4.933452316753615,19.190112219512812,169,169.2,11.366802192629311,169.1,0.0
7.972613074865796,1487.0,859.8799999999999,0.11726809203252117,5.185952399471336,21.481910904737095,170,168.7,11.301132733199893,169.3,0.0
7.981103694102669,1488.0,860.8799999999999,0.11753665438322954,30.56622925274161,21.821476560170392,170,167.8,11.465889388044182,169.2,0.0
7.987874308305424,1492.0,861.64,0.11659592026106566,6.093552782480032,21.7116162142598,170,166.7,11.735609342034858,168.7,0.0
7.994001328850327,1497.0,862.36,0.11597093428730794,4.4114547923298435,21.887649275186366,169,165.5,12.04702852640381,167.8,0.0
8.00174770258153,1498.0,863.2800000000001,0.11337793962237272,27.886945432331476,21.12133779209239,168,164.3,10.7199884156588,166.7,0.0
8.008767469874114,1501.0,864.0799999999999,0.11414482413926037,8.423720751099571,21.38357575062528,167,163.3,11.045852371954984,165.5,0.0
8.014402190638755,1505.0,864.76,0.11409903568936353,5.07124868817652,22.37840543768109,167,162.3,11.559604078936164,164.3,0.0
8.020880306117522,1507.0,865.5600000000001,0.11197305014781093,11.660607861779992,18.143496570235055,167,161.4,11.642676152319789,163.3,0.0
8.026929227426583,1509.0,866.24,0.11339944593807863,10.8880583563091,18.562659213372065,167,160.6,10.66666744963056,162.3,0.0
8.03311121072826,1512.0,866.96,0.11520609580063199,7.418379962011871,19.706603497861526,171,160.2,10.800203680633588,161.4,3.0
8.039796801317964,1514.0,867.68,0.11252613162958565,12.034063061468219,15.904010962797622,172,160.1,11.527361155965943,160.6,3.0
8.04642338193614,1518.0,868.4,0.11207997932271194,5.96392255635804,18.341534066469414,172,160.5,10.531520533242894,160.2,3.0
8.053579058107918,1521.0,869.1600000000001,0.11270653634092138,8.586811406132446,18.4953414364904,172,161.1,10.562203347026651,160.1,3.0
8.06023515804731,1523.0,869.9200000000001,0.11094104618375208,11.980979890908646,17.543263011500407,172,162.1,10.881739639278525,160.5,3.0
8.06619025176419,1527.0,870.6,0.10987234973538254,5.359584345191349,19.301442867283676,170,163.1,11.102405534986572,161.1,3.0
8.072493313936802,1528.0,871.32,0.10941355263940736,22.69102382139945,19.208466793897813,169,164.0,10.62572069723952,162.1,0.0
8.0784160005056,1531.0,872.0,0.10901341260939265,7.1072238825575305,21.370978232167566,170,164.8,10.511522454072288,163.1,0.0
8.084208656824798,1535.0,872.68,0.11156082540171641,5.21339068727851,21.444146571325422,170,165.6,11.299520946861254,164.0,0.0
8.090032088208273,1536.0,873.28,0.11238024962174833,20.964352980510697,21.04625983385326,170,166.5,11.246224782696414,164.8,0.0
8.096432748554427,1540.0,873.96,0.11480337326732307,5.760594311538775,20.082106651937302,170,167.2,10.929764724905311,165.6,0.0
8.103064057999347,1541.0,874.68,0.11705717049549055,23.872714001709745,21.372258951808185,170,168.0,10.353619775183969,166.5,0.0
8.111296709406565,1545.0,875.6,0.1163370757411224,7.409386266496051,19.341086398295634,170,168.4,11.960144281212193,167.2,0.0
8.118229831432549,1549.0,876.4399999999999,0.11561121128893652,6.2398098233854675,19.20628480291069,171,168.8,10.959503746888974,168.0,0.0
8.125545791521235,1554.0,877.4,0.11542274936222399,5.267491263854233,22.005519198949422,172,168.9,12.102139594529508,168.4,0.0
8.133026469880187,1556.0,878.28,0.11599031329455026,13.465221046113829,19.37644735809544,172,169.1,11.968942128756948,168.8,0.0
8.138939400824237,1558.0,879.0,0.11582210093474102,10.64327569928741,20.075023855220092,172,169.3,12.03816532176226,168.9,0.0
8.144600140692827,1562.0,879.68,0.11652677347740985,5.0946658817314185,17.10984964261505,173,169.5,12.492252201426965,169.1,0.0
8.15076408443043,1563.0,880.36,0.11221132711585406,22.19019745537225,16.82046580488229,174,169.7,10.115606348402604,169.3,0.0
8.157569300134728,1567.0,881.0,0.10673594215936281,6.124694133868156,17.273762278472947,172,169.8,10.641029797708123,169.5,0.0
8.16403556397017,1569.0,881.64,0.09924359026338764,11.639274903797151,16.861882180354318,172,170.1,11.162310442864404,169.7,0.0
8.170913491511097,1572.0,882.32,0.0904385628329896,8.253513049112325,16.62674644721264,172,170.6,11.265844260953298,169.8,0.0
8.17735779106018,1576.0,882.8799999999999,0.08351482230207372,5.799869594174529,15.638265174980024,171,171.3,10.130483790696022,170.1,0.0
8.183216356916482,1578.0,883.32,0.07627323886670652,10.54541854134384,18.431782881244885,171,171.9,10.067350135604842,170.6,0.0
8.188024019044384,1582.0,883.76,0.07042850345281595,4.326895915111588,16.673642292598885,170,172.4,8.927460770482853,171.3,0.0
8.19227398348093,1583.0,884.04,0.06666118611116192,15.299871971565112,16.81876235193035,169,172.8,9.509141614583964,171.9,0.0
8.19769895373958,1586.0,884.3,0.06350966965676981,6.509964310380683,17.401068442151182,167,173.1,10.582258587621158,172.4,0.0
8.205571716331786,1587.0,884.5,0.060379053637677815,28.341945331938664,17.025381713649907,167,173.3,9.53646225711763,172.8,0.0
8.214240430882377,1589.0,884.82,0.05947684910806966,15.603686191062806,17.707656961219364,166,173.4,10.400412055824829,173.1,0.0
8.223844212524826,1593.0,885.26,0.06155710258907813,8.643403478203568,17.31067850925907,163,173.5,10.80055862804233,173.3,0.0
8.233802316806573,1595.0,885.78,0.06422295470522511,17.92458770714603,19.900837171360774,161,173.4,10.804304836888974,173.4,0.0
8.242840211179352,1600.0,886.4,0.06945533963229626,6.507283948400932,19.25894366850012,162,172.9,11.177355606372746,173.5,0.0
8.249287810072074,1602.0,887.0400000000002,0.07563786981759923,11.605678006899431,19.290293048448763,161,171.9,10.619467197334384,173.4,0.0
8.255574328456483,1605.0,887.72,0.0850512047268741,7.543822061289342,19.526941057162723,160,170.8,10.801729462995414,172.9,0.0
8.26134553454323,1606.0,888.4,0.0908690506202166,20.776341912288323,18.686486608589725,160,169.7,13.000200452553464,171.9,0.0
8.266555203040818,1608.0,889.04,0.0954584188998331,9.377403295658786,18.673252169640445,161,168.4,12.45359674756314,170.8,0.0
8.27187467000959,1612.0,889.68,0.09996430986511332,4.787520271894209,20.4696694263941,163,167.1,11.657645414198226,169.7,0.0
8.278715707039181,1613.0,890.4399999999999,0.1021304072196227,24.627733306526423,20.61932351430016,164,166.1,12.221337367254243,168.4,0.0
8.285091713085112,1616.0,891.0799999999999,0.10360441125363977,7.651207255118269,21.00303157671917,165,165.5,11.13364701045558,167.1,0.0
8.291517438529763,1620.0,891.76,0.10710194129204627,5.783152900185544,21.5049244397527,165,165.0,10.95266119490852,166.1,0.0
8.298388542357126,1621.0,892.5200000000001,0.11052736482856584,24.735973778505294,19.446432308134597,165,164.9,11.634591595463046,165.5,0.0
8.305166237810738,1625.0,893.2400000000001,0.1151403828051186,6.099925908251848,19.2650716274974,164,165.1,10.690799887028598,165.0,0.0
8.311625790042195,1627.0,893.96,0.11892544837709051,11.62719401662297,19.634714349079008,164,165.6,10.805765470106987,164.9,0.0
8.319302941627093,1630.0,894.8799999999999,0.11963274901814917,9.212581901877998,17.0955099390879,164,166.2,12.38954621918344,165.1,0.0
8.326874396242603,1634.0,895.8399999999999,0.12130142809303864,6.814309153958436,18.347540982886567,165,166.8,9.735360187448054,165.6,0.0
8.335043426750074,1638.0,896.8799999999999,0.12128156457270316,7.352127456724207,19.13359365148843,166,167.6,10.104588056260152,166.2,0.0
8.343146523020447,1642.0,897.8799999999999,0.1173985123343887,7.292786643335375,15.479105318268438,166,168.4,9.93896243874898,166.8,0.0
8.35062294755992,1645.0,898.8,0.11387597172914736,8.971709447367484,17.069102659977112,167,169.1,9.864033471845778,167.6,0.0
8.358807494600331,1647.0,899.6200000000001,0.10875142568339624,14.73218467274032,15.936666682832534,170,169.5,10.687086902145198,168.4,0.0
8.365432367492616,1649.0,900.3,0.0986823625952924,11.924771206112085,15.02776148442319,171,169.8,9.911003576782573,169.1,0.0
8.371411629065282,1655.0,900.78,0.0856593710422308,3.5875569435998202,16.589106005576003,171,169.6,9.54774196776766,169.5,0.0
8.376477193877122,1656.0,901.22,0.07392613605891835,18.236033322621687,17.34663863927697,171,169.2,10.274566436558551,169.8,0.0
8.380329588976199,1658.0,901.5400000000002,0.0636637845753569,6.934311178339738,16.947256433868965,170,168.9,10.373259966771702,169.6,0.0
8.383150411990686,1660.0,901.7199999999999,0.05568449920420358,5.077481426075414,16.507876160316933,170,168.5,10.524425237040314,169.2,0.0
8.389091738979875,1661.0,901.7199999999999,0.051462938450442496,21.388777161082242,16.30307510011108,169,168.2,10.467564116555703,168.9,0.0
8.397988552345883,1663.0,901.8799999999999,0.05135463035491157,16.014264058812632,16.52597532605556,168,168.0,10.146400600905592,168.5,0.0
8.407434291942469,1668.0,902.1199999999999,0.05510848093618738,6.800932509541702,16.948504758250653,165,168.0,11.600935867810197,168.2,0.0
8.416673197334772,1672.0,902.4799999999999,0.06111488840601855,8.315014853073292,15.259717080531072,162,168.3,11.267962933005302,168.0,0.0
8.425773059124317,1674.0,903.0799999999999,0.06838838390695774,16.379751221183202,16.057368524402214,161,168.8,11.112160788553185,168.0,0.0
8.433896376205439,1676.0,903.96,0.07820131451720705,14.621970746018855,17.128891371176316,160,169.3,11.729793021693084,168.3,0.0
8.441342763746873,1680.0,904.9200000000001,0.0918123405146198,6.701748787289337,18.367117521865477,159,170.0,10.798279848477389,168.8,0.0
8.449618817438825,1686.0,905.96,0.10200067763650937,4.965632215171578,17.399042542014392,159,170.6,10.91524389497634,169.3,0.0
8.458112943056577,1689.0,906.8799999999999,0.10946623386763862,10.192950741301592,17.95756340706199,160,171.1,11.632113158407348,170.0,0.0
8.46662544180315,1692.0,907.76,0.1173034690112877,10.2149984958872,19.59900152363098,160,171.6,9.78368448905672,170.6,0.0
8.472797524551737,1693.0,908.6400000000001,0.12070809960570172,22.219497894918497,18.401594541791603,160,172.1,9.8961070995724,171.1,0.0
8.478009338745004,1696.0,909.4,0.11922038636165169,6.2541770319203485,18.86171996580326,160,172.5,9.84920513076655,171.6,0.0
8.482529502533655,1698.0,910.04,0.11862081446602327,8.136294819571983,19.54872878326151,161,172.8,9.053023426648956,172.1,0.0
8.486859110757655,1699.0,910.76,0.11667080094021257,15.586589606396858,19.833217317210636,161,172.6,9.350451599055154,172.5,0.0
8.490426524643183,1701.0,911.36,0.1150295384457597,6.421344993952686,19.22041298218135,165,172.0,8.737056213033018,172.8,0.0
8.494573413222032,1702.0,911.8399999999999,0.1149564874729266,14.928798883856443,18.995406766910815,166,171.4,9.742326302813908,172.6,0.0
8.500071808616369,1704.0,912.4399999999999,0.11510593481213485,9.89711170980808,20.260820136096736,169,170.8,9.818140780358656,172.0,0.0
8.506048717926578,1707.0,913.0799999999999,0.11431414585202533,7.172291172252039,20.339510830529868,169,170.3,10.62079605688741,171.4,0.0
8.512077720553057,1711.0,913.72,0.11449448809685976,5.426102363831059,19.918120373114654,169,169.9,9.717299099665576,170.8,0.0
8.519638567273235,1714.0,914.5200000000001,0.11446719550867297,9.073016064214906,18.85185255193511,168,169.6,9.9965855294209,170.3,0.0
8.527999534724016,1715.0,915.4399999999999,0.1136511964063716,30.09948282280814,21.654756057661178,168,169.2,10.77611772892393,169.9,0.0
8.535945667210504,1720.0,916.24,0.11375417454533257,5.721215390271957,20.033099259428788,169,168.6,10.638229727083631,169.6,0.0
8.5428507981017,1725.0,917.0,0.11280259864901662,4.971694241660964,21.946512960762895,168,168.1,9.788549789666662,169.2,0.0
8.551038414859352,1728.0,917.8799999999999,0.11194839167754762,9.82514010918342,21.860766061534626,169,167.8,9.905237098693137,168.6,0.0
8.557284689874418,1729.0,918.6,0.11233606347774572,22.486590054234902,21.749880370843766,169,167.6,11.091854047891024,168.1,0.0
8.562754016030667,1733.0,919.24,0.11124265082717259,4.92239354062427,22.43825045183298,170,167.4,9.478425332207806,167.8,0.0
8.568677202193504,1734.0,919.9199999999998,0.10823248846660645,21.323470186213417,18.201424167512517,170,167.2,9.37482544063698,167.6,0.0
8.5751664427652,1738.0,920.6,0.10591152874955863,5.840316514526456,18.864520753012442,171,167.0,8.783623267489535,167.4,0.0
8.581964591980627,1742.0,921.32,0.10557025449661772,6.118334293884161,19.56976775181989,171,166.6,9.162548522998597,167.2,0.0
8.589527861347772,1744.0,922.04,0.10357714030089213,13.61388486086195,19.72304853636243,170,166.1,9.149292060649357,167.0,0.0
8.596564555006177,1748.0,922.72,0.10438513650396816,6.333024292564535,17.67701724426934,170,165.7,10.21447056189408,166.6,0.0
8.60266202716358,1750.0,923.3199999999999,0.10625769838278756,10.97544988332717,17.49658518111134,170,165.2,10.409404893823108,166.1,0.0
8.60832008310426,1752.0,924.0,0.1079455703985864,10.18450069322375,15.441294534495182,171,164.6,12.750025909698504,165.7,0.0
8.6143536821543,1754.0,924.68,0.10865353578687069,10.860478290072374,16.114138323669756,174,163.9,13.242146171011356,165.2,0.0
8.620538674016336,1756.0,925.36,0.10592202379469766,11.132985351662155,17.68172639954773,176,163.0,12.093431704443791,164.6,0.0
8.626498475390937,1761.0,926.0,0.10106000693911214,4.29105698971246,15.942912139794782,176,162.1,14.137077092058622,163.9,0.0
8.632012129021488,1763.0,926.64,0.09594036948639492,9.924576534993516,17.102983444673747,175,161.2,14.28972086433584,163.0,0.0
8.638488309552342,1765.0,927.22,0.09124453046530298,11.657124955537563,17.445067666568697,175,160.2,13.899045775957187,162.1,0.0
8.643168727336857,1766.0,927.6600000000001,0.08529165379025773,16.849504024256095,17.195040185642522,174,159.1,13.779391627936914,161.2,3.0
8.647551951719949,1771.0,928.0200000000001,0.08152417709750488,3.1559215558267053,17.46378877397368,172,158.0,13.648387785632874,160.2,3.0
8.651710985686515,1772.0,928.3399999999999,0.0773566945925674,14.972522279636474,16.510825787044407,171,156.9,12.560560938405988,159.1,3.0
8.655871240021376,1773.0,928.6200000000001,0.0757199948279719,14.97691560550221,16.58860675730534,171,156.1,12.50644203796953,158.0,3.0
8.661550108233426,1775.0,928.9199999999998,0.07425234572825963,10.2219627816902,19.88076769787756,170,155.4,10.928673397141049,156.9,3.0
8.669656211558376,1777.0,929.36,0.07420987506341033,14.590985984910084,19.003529174111243,169,154.8,12.00223252594262,156.1,3.0
8.67737024108793,1782.0,929.8,0.07567116766516549,5.554101261278521,17.847782374261165,166,154.6,12.20096325070708,155.4,3.0
8.685861462818934,1787.0,930.4,0.08022075895238898,6.1136796463227645,18.747560195033525,165,154.4,11.40733879895161,154.8,3.0
8.694725153494094,1788.0,931.04,0.08391867800803315,31.909286430574014,17.347274142281258,164,154.4,11.730187093436449,154.6,3.0
8.70160414005591,1792.0,931.7199999999999,0.08969884821370452,6.191087905634322,17.41656753865784,162,154.9,12.01185877358808,154.4,3.0
8.706543023772914,1794.0,932.32,0.09680832153450344,8.889990690606988,18.90959194751975,161,156.0,12.78148202092799,154.4,3.0
8.711427935487574,1796.0,932.96,0.0996207700399144,8.79284108638686,17.855078261221816,162,157.4,12.66183935811356,154.9,3.0
8.714840951080616,1799.0,933.4799999999999,0.10623717899549745,4.0956187116498475,18.10268796199626,165,158.9,12.365994835146031,156.0,3.0
8.718498467038957,1800.0,934.04,0.10992890782710778,13.16705745003161,21.069375673126917,166,160.4,12.81289130569487,157.4,3.0
8.723232152257633,1801.0,934.64,0.11278677163996997,17.041266787235447,17.313210573444913,169,161.8,12.086838684757325,158.9,3.0
8.727526376341439,1804.0,935.1200000000001,0.11340486299957295,5.153068900565613,18.09346126212213,171,163.2,12.274594272391596,160.4,3.0
8.733112840584825,1807.0,935.8,0.11529613664278335,6.703757092062427,17.91653565538444,171,164.5,12.411063344712488,161.8,3.0
8.739210475900682,1808.0,936.4799999999999,0.1147670886383747,21.951487137087298,17.879655975421844,171,165.8,11.28161058591802,163.2,0.0
8.74517428269315,1812.0,937.2,0.11644789410651757,5.367426113220133,19.19768878005683,170,166.9,13.499846215051129,164.5,0.0
8.750665041911903,1814.0,937.8799999999999,0.11567467904904753,9.883366593755307,18.03323937952914,170,167.7,12.598133283727114,165.8,0.0
8.756693154008149,1817.0,938.6,0.11359945141130123,7.2337345154952395,17.35540126769809,169,168.2,11.948016031813436,166.9,0.0
8.763396113522612,1820.0,939.28,0.11362325038263063,8.043551417354847,18.433977626720722,169,168.4,12.452578029670772,167.7,0.0
8.770243976308524,1822.0,940.0,0.11109380862025317,12.326153014644055,18.594124438045103,169,168.5,11.862274193824394,168.2,0.0
8.777752621025755,1827.0,940.64,0.10991885318728953,5.4062241964053666,18.837704641655098,169,168.6,11.833798867785571,168.4,0.0
8.785201871413024,1829.0,941.28,0.10899692029322994,13.408650697086323,18.70560670596871,167,168.7,13.983667474920054,168.5,0.0
8.792102601184398,1831.0,941.9200000000001,0.11109721754653543,12.421313588474524,18.139315493250972,167,168.8,12.789266124342948,168.6,0.0
8.798511511512894,1834.0,942.64,0.11278784252329828,7.690692394193908,20.751078283661627,168,168.7,12.443414466644466,168.7,0.0
8.805029050357275,1835.0,943.4,0.11344948530477332,23.46313983977343,20.354419628683722,167,168.6,12.976821045199497,168.8,0.0
8.810361066922136,1839.0,944.1600000000001,0.1145797143503349,4.798814908374035,20.155815248829406,167,168.4,11.722669998102235,168.7,0.0
8.815920843119848,1842.0,945.0,0.11665992672990763,6.671731437254196,21.135674496904173,168,167.9,11.97175281920886,168.6,0.0
8.821970589559998,1843.0,945.8,0.11635448962782453,21.779087184541265,19.71017724599455,169,167.2,12.753037214192826,168.4,0.0
8.827208169637004,1847.0,946.4799999999999,0.11848978274365267,4.713822069305925,19.98373900777432,172,166.4,12.542162654700563,167.9,0.0
8.833190464953738,1849.0,947.24,0.11968870170852472,10.768131570122868,21.2761340792918,174,165.6,12.995497505411302,167.2,0.0
8.83962521302474,1851.0,948.0,0.11981198380810418,11.582546527804348,18.197679459890562,174,164.8,13.680773521141967,166.4,0.0
8.845310656031588,1856.0,948.64,0.11915365001430903,4.093518964929398,18.417604799094338,174,164.0,11.571526972914691,165.6,0.0
8.85286118606129,1858.0,949.4799999999999,0.11760583404898195,13.590954053463998,18.3005008880709,173,163.2,13.535694575526444,164.8,0.0
8.861116399966015,1860.0,950.36,0.11561544248758485,14.859385028504022,16.825825975895988,173,162.3,13.90316471173048,164.0,0.0
8.869414488543127,1866.0,951.24,0.11433180978082744,4.978853146267147,17.132569353145506,172,161.2,13.682202555021018,163.2,0.0
8.877640934395252,1871.0,952.0800000000002,0.11178539755101688,5.923041013530828,16.12823327118313,172,160.1,13.683178127320833,162.3,0.0
8.886255811824691,1876.0,952.96,0.10982774343681163,6.202711749195685,17.720198615585648,172,159.2,13.561736352415696,161.2,3.0
8.89393207301545,1878.0,953.8,0.11141715714239617,13.817270143365338,17.822264688181512,172,158.4,12.460978882957384,160.1,3.0
8.90033882617659,1881.0,954.5200000000001,0.10909236027945017,7.688103793367898,19.075186049063134,170,157.8,15.610172342100038,159.2,3.0
8.906775184107008,1886.0,955.2,0.10736116493957948,4.63417770990151,17.616352865085126,168,157.2,15.753497035761788,158.4,3.0
8.912784975058567,1887.0,955.8799999999999,0.10627859493331807,21.63524742561325,17.907307163227653,168,156.6,14.853406310988726,157.8,3.0
8.919523396920201,1892.0,956.64,0.10771368620994282,4.851663740376906,19.089398363603216,168,156.1,15.112001764424528,157.2,3.0
8.92552825992541,1893.0,957.28,0.10652528883810666,21.617506818751526,19.037910470291685,168,155.7,12.673488496147842,156.6,3.0
8.931999832654617,1897.0,957.96,0.10667909557650397,5.8244154562856725,17.741049285968256,169,155.6,13.628614927617535,156.1,3.0
8.938476263857801,1900.0,958.68,0.1096951507701539,7.771717443820367,17.954236525174178,169,155.7,13.47223681309828,155.7,3.0
8.946097576640335,1902.0,959.5600000000001,0.11379035651975829,13.718363008561148,19.808199966723,168,155.9,12.827510216953783,155.6,3.0
8.952797342933103,1907.0,960.32,0.11453972249992062,4.823831730792716,17.170764852056926,166,156.1,13.251449480545364,155.7,3.0
8.958708977121098,1911.0,961.1200000000001,0.11228098778483893,5.320470769195632,16.863889564204975,167,156.1,13.362392940813844,155.9,3.0
8.966088124524125,1914.0,962.0,0.11076873382832905,8.854976883632643,15.521847989035184,167,156.1,12.90742704821326,156.1,3.0
8.975254984080726,1916.0,962.8799999999999,0.10510357133948016,16.500347201880377,15.730903928955096,166,156.4,12.531009053468312,156.1,3.0
8.982895206676256,1921.0,963.5600000000001,0.09595756137595583,5.5009602687810695,15.451474651155399,166,156.6,13.090766616761965,156.1,3.0
8.989254648050704,1927.0,964.1199999999999,0.08497360440492063,3.8156648246686555,16.33712080040976,166,156.7,13.141819876526366,156.4,3.0
8.99361728279717,1928.0,964.64,0.07820529373997007,15.705485087277086,16.221838986314065,166,156.2,13.09839157621558,156.6,3.0
8.996287746133662,1929.0,964.96,0.07166223198357217,9.613668011376268,18.953030296368155,165,155.6,13.812911270234888,156.7,3.0
9.002653706817268,1932.0,965.0799999999999,0.06410255972895126,7.639152820327967,19.26837898387083,164,155.0,15.91447960277548,156.2,3.0
9.009423192378659,1933.0,965.2,0.058251722793029016,24.37014802100839,17.24492948562979,164,154.5,15.247259394726404,155.6,3.0
9.016948942434306,1937.0,965.46,0.05597591542193522,6.773175050083002,19.890668943445917,161,154.3,14.745013518535156,155.0,3.0
9.024928576025403,1938.0,965.78,0.05564419050808591,28.726680927949587,20.12213518750738,161,154.3,15.015984120100216,154.5,3.0
9.032582009079158,1940.0,966.14,0.05695124186527993,13.776179496761163,19.57723665622394,160,154.4,13.729507710296009,154.3,3.0
9.039544790379443,1945.0,966.7,0.06107540691897645,5.013202536204719,19.502107422411857,157,154.5,14.642448545537382,154.3,3.0
9.046749627641923,1946.0,967.3,0.0683344337733087,25.937414144929352,19.465038357456525,157,155.0,14.908756318116955,154.4,3.0
9.054169214513369,1951.0,967.9200000000001,0.07740592578424545,5.342102547440866,18.404620129949077,157,155.8,14.931874926093403,154.5,3.0
9.06072406684864,1953.0,968.6,0.0828469639685404,11.79873420349056,18.550942364737505,156,157.1,14.89398892853492,155.0,3.0
9.067738338957952,1956.0,969.24,0.08782152025394531,8.417126531173535,16.941362105425608,154,158.4,13.901353544006875,155.8,3.0
9.074770688288272,1960.0,969.8800000000001,0.09597814607144395,6.329114397287572,19.37928327715456,153,159.6,11.585587573059907,157.1,3.0
9.08226617692646,1962.0,970.64,0.10089517681252795,13.491879548739522,19.84192341353273,153,160.3,12.151497677961142,158.4,3.0
9.089190605866147,1966.0,971.2800000000001,0.10454062620331372,6.231986045718415,19.348064075198526,153,160.7,13.038007437936743,159.6,3.0
9.096384491710404,1968.0,971.9200000000001,0.1090755801225282,12.948994519664783,19.966936995534375,154,161.2,12.700566016847562,160.3,3.0
9.103193316928397,1969.0,972.76,0.11220697280212746,24.511770784776882,20.807820469164138,154,161.6,13.152908984888574,160.7,3.0
9.109027075081606,1972.0,973.5200000000001,0.11450009936701981,7.000509783849311,22.421979353110412,155,161.8,12.172652939765689,161.2,3.0
9.114027399978099,1973.0,974.2,0.11583443419841902,18.00116962737466,22.507236992917434,155,161.8,11.431594490241846,161.6,3.0
9.118788836362704,1975.0,974.9200000000001,0.1172614804411557,8.570585492289249,22.139562520796964,157,161.6,13.85836500087377,161.8,3.0
9.122848683864095,1976.0,975.6,0.11958607949503511,14.615451005006866,22.97549651144681,161,161.6,13.53729444031033,161.8,3.0
9.127324616920921,1977.0,976.2,0.1207883418946365,16.113359004572644,21.921982277945784,165,161.8,12.96000012440921,161.6,3.0
9.13160185672854,1980.0,976.76,0.11896993637341233,5.1326877691432635,22.15673889941277,167,162.1,13.308079918924,161.6,3.0
9.137453764683576,1982.0,977.4399999999999,0.11614582012201705,10.53343431906426,22.33283931416883,168,162.8,12.93529764832182,161.8,3.0
9.143398737323135,1984.0,978.1199999999999,0.11408691188285727,10.700950751206785,20.249728256590576,168,163.7,14.730515219361513,162.1,0.0
9.1497192576679,1988.0,978.8,0.1108685365286031,5.68846831028931,23.694206603971452,168,164.7,14.764242799632513,162.8,0.0
9.157049626184879,1989.0,979.5600000000001,0.10762641440748626,26.389326661119615,22.07001278211505,168,165.6,12.98338818243356,163.7,0.0
9.164020626607428,1992.0,980.24,0.10444849387303663,8.365200507058233,20.595268371379042,168,166.4,13.7813547267854,164.7,0.0
9.171472451095683,1996.0,980.96,0.10204748247973328,6.706642039429957,20.963444158927636,168,167.0,13.566943849942245,165.6,0.0
9.180014934924467,1997.0,981.68,0.09492935198672904,30.752941783620336,19.828617807367273,168,167.5,11.663138554658188,166.4,0.0
9.187790381718587,2002.0,982.36,0.0876595079882687,5.598321691766748,19.37442458879919,169,167.8,11.774968577431547,167.0,0.0
9.195800537123118,2005.0,982.96,0.08103120404033395,9.612186485435867,21.84308315377008,170,167.9,11.47478495236091,167.5,0.0
9.204282460246215,2008.0,983.5600000000001,0.0727595929664217,10.178307747716623,19.214918268334163,169,168.0,13.295342852903833,167.8,0.0
9.21071356574705,2013.0,983.96,0.06667179969446127,4.6303959606004765,18.508785935886205,169,167.9,13.202902778810628,167.9,0.0
9.216500342130837,2015.0,984.32,0.06154105286469534,10.416197490818558,18.941016071493532,169,167.6,10.852932783064457,168.0,0.0
9.224052329459068,2016.0,984.68,0.05628393483011322,27.18715438163414,16.328412079844327,169,167.2,11.65254064793604,167.9,0.0
9.232077503434262,2018.0,984.96,0.05223823636434956,14.445313155348549,16.36992768754762,169,166.8,11.283335547143398,167.6,0.0
9.240255309984384,2024.0,985.28,0.0505546924010876,4.906683930073403,17.219156409769983,167,166.3,11.517017260519726,167.2,0.0
9.250289233171868,2027.0,985.68,0.04842977153080316,12.040707824980258,16.813397071835986,167,165.9,11.642857507558755,166.8,0.0
9.260406695012227,2029.0,986.0799999999999,0.0497996371623279,18.211431312647758,17.307282557588643,166,165.5,10.93506108732063,166.3,0.0
9.269394639348707,2033.0,986.5600000000001,0.051977314474268996,8.089149902832967,18.20580597723706,164,165.1,11.661555317260316,165.9,0.0
9.27907521181275,2035.0,987.1600000000001,0.053400984889287996,17.425030435275534,15.387874051859342,163,164.9,11.570345869299429,165.5,0.0
9.28804139198252,2039.0,987.72,0.05510140130808897,8.06956215279402,18.163535063854454,161,164.7,11.087372785683376,165.1,0.0
9.298223330279974,2043.0,988.36,0.05729510086077013,9.163744467707826,18.634163927433068,161,164.8,11.076683407090076,164.9,0.0
9.307817195640045,2045.0,989.0,0.05758312473498693,17.268957648125237,18.444787143625593,161,164.9,12.172334960211092,164.7,0.0
9.317975010472313,2051.0,989.5600000000001,0.060067167017768916,6.094688899361374,18.632643169992797,161,164.8,11.138883705770592,164.8,0.0
9.327443618578275,2052.0,990.04,0.060509003987966783,34.08698918146606,18.53834341924813,161,164.8,11.06681352911804,164.9,0.0
9.336978491125068,2056.0,990.6,0.06090894224418362,8.58138529211375,17.147729987203633,158,164.7,10.666234054899736,164.8,0.0
9.345171063006639,2059.0,991.0799999999999,0.0629197364296039,9.83108625788568,21.79084872229547,156,164.6,12.596879265957266,164.8,0.0
9.35529394469311,2061.0,991.76,0.06492831089275129,18.221187035645887,22.08595850696934,155,164.3,12.58633868295161,164.7,0.0
9.362932535975089,2065.0,992.32,0.06594873969531034,6.874732153781586,20.945971179020376,155,163.9,11.98230593074439,164.6,0.0
9.371845668948273,2070.0,993.0,0.06861511545434054,6.417455740692427,21.35187264541333,155,163.4,12.493040786954214,164.3,0.0
9.382834973599445,2071.0,993.8,0.07115151696823721,39.561496744220534,18.052647679317737,155,162.9,11.138425408043911,163.9,0.0
9.39460940849314,2075.0,994.6800000000001,0.07116023897305679,10.596991404325353,19.426713819732832,155,162.3,11.421624242101393,163.4,0.0
9.406092811827023,2080.0,995.4799999999999,0.07106761002877585,8.268050400394594,19.214423766036695,155,161.7,10.41988068329307,162.9,0.0
9.418149261040522,2085.0,996.36,0.06870371363828925,8.680643433719405,18.283972295914044,156,161.2,10.5277473064105,162.3,0.0
9.428929101594633,2089.0,997.1600000000001,0.06747055872730034,9.701856498699204,18.840334598628726,157,160.7,11.3443208357555,161.7,3.0
9.43900279582064,2091.0,997.8,0.06578091727876062,18.13264960681068,18.947474070806095,157,160.4,11.734797954137912,161.2,3.0
9.4481886903903,2095.0,998.32,0.06377282038254159,8.267305112693126,17.933389601432147,157,160.1,9.473021401834012,160.7,3.0
9.458000291285467,2098.0,998.8,0.06170008121420791,11.773921074200917,17.328364795433345,157,160.0,11.71786965176,160.4,3.0
9.467262061943549,2101.0,999.24,0.060568721422356385,11.114124789697414,18.06194828635245,157,160.0,11.613687945800892,160.1,3.0
9.47771607630935,2106.0,999.72,0.05873938766255711,7.5268903433771905,18.141442221218394,155,160.0,11.431241921606816,160.0,3.0
9.48744158681441,2107.0,1000.24,0.05641767471185973,35.0118378182147,18.141684568320663,155,160.0,13.401108234257745,160.0,3.0
9.496931602726738,2112.0,1000.8,0.058335083139526366,6.832811456875884,19.485717657952563,158,160.0,13.075977753025162,160.0,3.0
9.504634728300811,2114.0,1001.36,0.06325954185916184,13.865626033331104,22.897882320432593,157,160.0,13.61316871045928,160.0,3.0
9.512294041660281,2117.0,1001.9199999999998,0.06971880018432437,9.19117603136344,22.197836340393085,157,160.0,14.2692369375392,160.0,3.0
9.517442693602277,2119.0,1002.36,0.07690955874199515,9.267573495591355,21.61663249573826,152,160.1,13.722939157508582,160.0,3.0
9.524464317643112,2120.0,1003.0,0.08449787341871662,25.277846547003733,22.179940269564497,151,160.2,12.93034751240933,160.0,3.0
9.53259848109814,2121.0,1003.76,0.08680196229393797,29.282988438099068,20.958119003136115,151,160.4,13.376045450730532,160.1,3.0
9.541101346087656,2127.0,1004.5600000000001,0.08653718413918124,5.101718993710164,22.570346439925476,152,160.6,13.555522040268698,160.2,3.0
9.549561993348467,2132.0,1005.36,0.08558880813688523,6.0916660277849175,23.260562926195494,155,160.9,13.46023776113223,160.4,3.0
9.558092490314325,2135.0,1006.2,0.0856283808628699,10.236596359027805,23.4280952742754,155,161.3,13.971197918820938,160.6,3.0
9.564244455236595,2136.0,1006.76,0.08877317349838011,22.14707372017262,23.43496869340621,156,161.7,12.053048440405783,160.9,3.0
9.56867840518362,2137.0,1007.2,0.09113226532162158,15.962219809289603,21.88129496578357,159,162.0,12.380654156583002,161.3,3.0
9.573269711783377,2138.0,1007.6,0.09024924167371728,16.528703759126845,18.251825352039827,162,162.3,12.148801186046551,161.7,3.0
9.57850435740067,2140.0,1008.0800000000002,0.08944988895084013,9.422362111127912,18.984046820828848,165,162.7,11.87879268680744,162.0,0.0
9.585911618667343,2143.0,1008.68,0.08669103248807508,8.888713520006547,20.366819121120564,165,163.0,12.466693653994533,162.3,0.0
9.594440225723856,2145.0,1009.4,0.08244574015368263,15.35149270172326,19.86164945301531,164,163.3,12.268154691368398,162.7,0.0
9.602947626735842,2150.0,1010.0400000000002,0.08249829745786505,6.125328728629394,20.619090328636137,163,163.5,14.125559766698816,163.0,0.0
9.611914976771445,2153.0,1010.8,0.08423645987234978,10.760820042722514,19.063487211496078,159,163.7,11.624175531058516,163.3,0.0
9.620224289897857,2155.0,1011.4800000000001,0.08637649539410515,14.956763627540946,17.916535229088606,159,163.7,13.948935718406911,163.5,0.0
9.62784893672912,2159.0,1012.1600000000001,0.0891772307781318,6.862182148135971,21.876176214757855,160,163.6,13.107160229888636,163.7,0.0
9.635257409895948,2160.0,1012.8399999999999,0.09107891328257647,26.670503400582756,21.57277867759882,160,163.5,12.588224421143575,163.7,0.0
9.642101475849348,2164.0,1013.5200000000001,0.09200615902036655,6.159659358060752,20.774664628375753,161,163.5,13.29231130447457,163.6,0.0
9.649699908569255,2167.0,1014.2,0.09424556688774197,9.118119263888419,21.383387785472447,162,163.5,12.775036580576296,163.5,0.0
9.659058260574103,2168.0,1015.04,0.0945748625737011,33.69006721744713,20.85733941567073,163,163.4,13.225967683558892,163.5,0.0
9.668521607098056,2174.0,1015.9599999999998,0.09500747023298783,5.678007914372155,23.814180540753227,165,163.1,12.608700750520132,163.5,0.0
9.67916443992329,2178.0,1016.96,0.0942220641694679,9.578549542712052,23.886648920197253,166,162.8,12.682830761926482,163.4,0.0
9.689837914005265,2182.0,1017.9599999999998,0.0933549235901788,9.606126673777302,21.05536049023695,166,162.5,11.9315610000702,163.1,0.0
9.699605965861794,2187.0,1018.9200000000001,0.09346574853912877,7.032997336700735,22.292012528296144,166,162.2,14.633313669734644,162.8,0.0
9.70874733790011,2188.0,1019.76,0.09308190078513791,32.90893933793787,21.902340036911397,168,162.1,12.514868264617142,162.5,0.0
9.716746735623273,2192.0,1020.4399999999999,0.09277619587274552,7.199457950845938,18.706550490816912,170,162.1,13.315917075926242,162.2,0.0
9.724131699980434,2195.0,1021.0799999999999,0.09129080122293601,8.861957228593246,18.66715226675901,169,162.1,16.107599377697245,162.1,0.0
9.731986880425756,2197.0,1021.76,0.08837702388925803,14.139324801579154,18.13548127008575,169,162.3,15.412930986370224,162.1,0.0
9.739735780976265,2201.0,1022.36,0.08584141347320638,6.974010495456824,20.911619390467628,168,162.7,15.491636239325818,162.1,0.0
9.747875788901046,2203.0,1023.0799999999999,0.08373471494606591,14.652014264606604,20.734521979531653,168,163.1,17.36562513096146,162.3,0.0
9.755427242392274,2207.0,1023.7599999999999,0.08332573229294431,6.796308142105762,16.930840989631722,168,163.8,18.449236180423483,162.7,0.0
9.762734701605615,2211.0,1024.4,0.08455986068494528,6.5767132920056595,18.163425561275794,167,164.5,19.021537877809276,163.1,0.0
9.770460175405393,2212.0,1025.0800000000002,0.08605733770283622,27.81170567920652,17.699046761911095,167,165.3,18.016323808380275,163.8,0.0
9.777247504956247,2216.0,1025.76,0.08721054054223724,6.10859659576869,18.07259994605404,165,166.3,15.609586635811478,164.5,0.0
9.78508853777331,2219.0,1026.48,0.08871628363162828,9.409239380476164,18.284604461037816,165,167.3,16.748123880318296,165.3,0.0
9.793530502550844,2221.0,1027.2,0.08840398034589016,15.195536599561786,17.23120758902104,166,168.2,18.59905011439518,166.3,0.0
9.802147012918622,2227.0,1027.92,0.08819630849443003,5.169906220666827,18.393641710786092,165,169.2,16.02785782986731,167.3,0.0
9.811300425104923,2229.0,1028.6799999999998,0.08891306835426184,16.47614193534242,18.403121634295356,164,170.0,16.44993083734367,168.2,0.0
9.82044755062253,2233.0,1029.4,0.08859433813753703,8.232412965847118,17.58564052144029,164,170.6,16.287493073656826,169.2,0.0
9.828863161802781,2237.0,1030.1200000000001,0.08984390655175739,7.5740500622253615,17.52581982410769,164,171.2,14.236553416877763,170.0,0.0
9.836674967603615,2239.0,1030.8,0.08801056269797065,14.061250441502636,18.985059098356732,164,171.7,13.369483352719133,170.6,0.0
9.844542493731945,2244.0,1031.48,0.08600848695475975,5.664618812396778,17.374178391639866,165,172.1,13.42778229837086,171.2,0.0
9.85092637563279,2245.0,1032.08,0.08205986588347068,22.98197484304599,17.129941955742574,165,172.4,13.231532134287988,171.7,0.0
9.857594934310384,2249.0,1032.7599999999998,0.0773398797806475,6.001702809835657,16.26880992701797,166,172.4,12.992340800249668,172.1,0.0
9.86325208845252,2250.0,1033.2400000000002,0.070762866826395,20.365754911686338,18.825435663275222,166,172.4,14.139523514549262,172.4,0.0
9.868653226291583,2254.0,1033.72,0.06576676340464437,4.861024055156791,18.67225550779128,165,172.4,11.538891780113596,172.4,0.0
9.873596786796185,2258.0,1034.0800000000002,0.0640233245923278,4.449204454141313,17.60005103538682,165,172.3,11.851599124479478,172.4,0.0
9.880524757459051,2260.0,1034.44,0.06308508280158517,12.470347193159371,18.106267122601288,163,172.2,11.804188250332144,172.4,0.0
9.888174442202502,2261.0,1034.64,0.0643266309652343,27.538865076422443,15.965301067152282,163,172.3,12.027210960247034,172.3,0.0
9.898547559191625,2266.0,1035.0,0.06437205187566632,7.4686442321687725,16.363391672547003,161,172.4,11.466204105492704,172.2,0.0
9.923315688976993,2273.0,1036.28,0.06626783574122495,8.020922919430456,14.971334864891992,160,172.4,11.29780233177458,172.3,0.0
9.93528454161532,2277.0,1037.16,0.06751040308501474,10.771967374495013,15.23932708535886,160,172.5,13.420518876677068,172.4,0.0
9.948389848634687,2282.0,1038.24,0.0707829968711864,9.435821053942957,16.4575176143177,160,172.7,13.296463562065588,172.4,0.0
9.960658864121369,2287.0,1039.3600000000001,0.07355201677698034,8.833691150410445,17.20914378021188,160,172.9,13.57450740670482,172.5,0.0
9.97215699670315,2291.0,1040.3600000000001,0.0780560746930852,10.348319323603137,14.213279719964026,160,173.0,12.084841250054996,172.7,0.0
9.982056480513702,2297.0,1041.2400000000002,0.08131648402613956,5.939690286331103,17.6288659267485,160,172.9,12.004249419061235,172.9,0.0
9.992568930303362,2300.0,1042.08,0.0818183911559013,12.61493974759131,17.53507204514609,160,172.8,12.511704109737986,173.0,0.0
10.001666218290575,2302.0,1042.8,0.08111824610201873,16.37511837698347,17.35087794356063,160,172.6,12.105990153672964,172.9,0.0
10.009868050879547,2308.0,1043.44,0.0794092016065391,4.921099553383454,20.40649342861273,160,172.2,12.52322292547044,172.8,0.0
10.0181783638605,2309.0,1044.08,0.07744386230676421,29.917126731428677,20.102533367781298,160,171.8,12.564677588475956,172.6,0.0
10.025932925926988,2313.0,1044.7199999999998,0.07707179391842423,6.979105859839353,20.990319218673573,160,171.5,13.410779826775196,172.2,0.0
10.033389181870783,2316.0,1045.3600000000001,0.0793063240450356,8.94750713255425,21.89839180882715,160,171.2,11.296446263544327,171.8,0.0
10.04148209414313,2317.0,1046.04,0.08096694341762507,29.134484180452233,21.095952499255027,160,170.9,11.318404214877823,171.5,0.0
10.049235408501582,2322.0,1046.72,0.08254385358253336,5.582386338084655,19.9352461960913,160,170.7,10.985711996163175,171.2,0.0
10.05796886900044,2324.0,1047.48,0.08545461797010098,15.720228897944294,20.55471706204317,160,170.5,11.36567652412644,170.9,0.0
10.068385846131383,2327.0,1048.4,0.08716216946839789,12.500372557130271,21.064949503612095,160,170.4,11.707887843620364,170.7,0.0
10.078319126613723,2332.0,1049.28,0.08740779608009594,7.1519619472851845,20.965824768395795,161,170.2,11.201740568031369,170.5,0.0
10.087707128753713,2336.0,1050.0800000000002,0.08789964707883058,8.449201925990927,21.781096601269773,161,170.1,11.398838747388805,170.4,0.0
10.098127216461041,2340.0,1050.9600000000003,0.08861058508985838,9.37807893659549,18.869159173758938,162,170.0,11.133658054626844,170.2,0.0
10.106936075524043,2341.0,1051.76,0.0879438080947523,31.711892626810336,19.21460236730769,162,169.9,11.398023847989217,170.1,0.0
10.11530588534137,2346.0,1052.44,0.08680868639529352,6.026263068474673,18.77275365489337,163,169.7,10.470336051759416,170.0,0.0
10.123115390179947,2348.0,1053.12,0.0838735392887593,14.057108709441303,18.27585565381175,164,169.4,11.881027930260345,169.9,0.0
10.131409548010199,2351.0,1053.84,0.08048567303491184,9.95298939630071,19.10924084297621,164,169.0,11.703991235600302,169.7,0.0
10.13879158426008,2354.0,1054.44,0.07951633553948054,8.858443499856847,18.760742717418868,163,168.5,13.202705658223117,169.4,0.0
10.146236972700402,2356.0,1055.04,0.07695315921879006,13.401699192579763,21.48362316815429,163,168.0,11.792747337688322,169.0,0.0
10.15440387900435,2359.0,1055.6399999999999,0.07660275470829944,9.800287564739172,17.52279270228817,164,167.6,12.167419522957006,168.5,0.0
10.16164330768166,2361.0,1056.16,0.07838340507870381,13.030971619156105,20.956464001023797,164,167.3,12.8745578869652,168.0,0.0
10.170620824764617,2366.0,1056.8,0.07999134893175781,6.463812299729594,19.758194741017313,164,167.0,12.518137142578215,167.6,0.0
10.178385305234034,2367.0,1057.36,0.07894206113222083,27.952129689899675,19.069954208891563,164,166.7,12.076463899048315,167.3,0.0
10.187688152831821,2372.0,1058.0,0.07972757654665205,6.698050270407319,20.09800244378876,164,166.4,11.984046256172467,167.0,0.0
10.195819781982365,2373.0,1058.68,0.07786497839185016,29.27386494195864,19.33730871323046,163,166.2,14.170793355903347,166.7,0.0
10.203652217849392,2378.0,1059.3600000000001,0.07655352558577987,5.639353824258524,20.045562861263072,163,166.1,12.087120513579368,166.4,0.0
10.208945141525891,2382.0,1059.92,0.07736230165435395,4.763631308850139,19.127406977988027,163,166.0,13.763734699233355,166.2,0.0
10.213361617173993,2383.0,1060.52,0.07670649239696349,15.899312333166751,19.235413255177185,163,166.0,12.183271080924406,166.1,0.0
10.217933257148212,2385.0,1060.96,0.07841773523993614,8.228951953597056,18.16751903686184,163,166.0,14.366237432218488,166.0,0.0
10.225883034145193,2387.0,1061.44,0.08035679978473831,14.309598594565113,22.35535264367253,163,166.1,13.69788432695368,166.0,0.0
10.235408453990704,2392.0,1062.0,0.07965044113555778,6.858302288768509,19.24657472376086,161,166.2,12.99200949627416,166.0,0.0
10.245415554565417,2397.0,1062.56,0.07924777881184145,7.2051124137930955,20.458178383258538,161,166.3,14.22466294978646,166.1,0.0
10.256770794605048,2399.0,1063.28,0.08300497373243793,20.439432071336853,24.917751924362104,161,166.6,14.080012759452623,166.2,0.0
10.266136232651451,2400.0,1064.1599999999999,0.08443386247029108,33.71557696705177,24.016981779893033,161,167.0,13.70125839736583,166.3,0.0
10.272877408393772,2403.0,1064.92,0.08735346717754333,8.089410890783622,24.26714979818759,162,167.4,14.40671274527302,166.6,0.0
10.28046065391452,2405.0,1065.72,0.09140929320586252,13.649841937349528,27.519608799696734,163,167.8,14.386062144741718,167.0,0.0
10.28953855789412,2406.0,1066.72,0.0943007261954726,32.68045432656013,29.397895945944015,163,168.2,12.619588420483764,167.4,0.0
10.296999081577368,2409.0,1067.5600000000002,0.09660819913560538,8.952628419896595,30.428432694132955,165,168.6,14.54139527976424,167.8,0.0
10.304512418646663,2412.0,1068.3200000000002,0.09825481726314117,9.016004483152985,28.96750208041005,167,169.0,12.37858465777798,168.2,0.0
10.313692831844142,2413.0,1069.24,0.09748178435895866,33.04948751092153,25.301357900767176,167,169.3,12.934579357125465,168.6,0.0
10.323523061168247,2415.0,1070.2,0.0983805243767408,17.69441278338872,27.12328802304445,168,169.6,12.917688226823929,169.0,0.0
10.334296502324623,2418.0,1071.1200000000001,0.09702363792364026,12.928129387650982,29.957598236708662,168,170.0,11.579491482354992,169.3,0.0
10.345837937188008,2422.0,1072.12,0.09318458977101163,10.387291377046903,25.75601067441344,169,170.3,11.559009156346896,169.6,0.0
10.356558165233968,2426.0,1073.0400000000002,0.09060809461696112,9.64820524136378,26.314940667952857,171,170.5,13.605907925894504,170.0,0.0
10.367377489309442,2428.0,1073.96,0.09029171464003907,19.47478333585181,25.947330384361173,172,170.7,10.830345840170589,170.3,0.0
10.376310573831141,2429.0,1074.68,0.0866088719664284,32.15910427811836,22.410664366052956,172,170.8,10.760346893736656,170.5,0.0
10.38405338658812,2433.0,1075.3600000000001,0.08466797543016649,6.968531481281433,20.844145828726457,173,170.7,11.266146385768842,170.7,0.0
10.391371919085152,2435.0,1075.96,0.0833285600036483,13.17335849466016,20.740651533444744,173,170.3,9.58945880586491,170.8,0.0
10.399584837803246,2439.0,1076.6399999999999,0.07991280435668259,7.391626846284551,20.32643080479743,173,169.6,9.697173946867906,170.7,0.0
10.406551554993875,2441.0,1077.16,0.07851534591684581,12.540090943130927,19.889924825267236,173,168.8,10.160464783925468,170.3,0.0
10.414071315112043,2444.0,1077.8,0.07741971320940493,9.02371214180241,21.492383523277162,173,168.0,10.545269099716922,169.6,0.0
10.421577492247692,2446.0,1078.44,0.07705948781897674,13.511118844168262,17.4233965675002,172,167.2,10.423098506805442,168.8,0.0
10.428598150361207,2449.0,1079.0,0.0771698449056379,8.424789736218179,17.899322502425854,172,166.3,11.238952498227308,168.0,0.0
10.436660696917853,2453.0,1079.6799999999998,0.07992558451548536,7.25629190098057,17.829600216890352,171,165.3,8.991744367450758,167.2,0.0
10.445256977606421,2454.0,1080.4,0.08080568663817289,30.946610478847745,18.190039257107305,172,164.5,9.486973623879608,166.3,0.0
10.453802515014424,2459.0,1081.04,0.08251749810103516,6.152786933761715,17.36641468659798,172,164.3,10.865061062362402,165.3,0.0
10.46221551911854,2462.0,1081.72,0.08376571949950404,10.095604924940266,17.136472604129835,172,164.7,12.354397428386624,164.5,0.0
10.472798227246196,2465.0,1082.6,0.0836499660830872,12.699249753186821,20.40129897335802,172,165.4,12.179965645388648,164.3,0.0
10.483489176074455,2469.0,1083.44,0.08334168610198149,9.621853945433433,20.23440840170732,174,166.1,12.290353732902114,164.7,0.0
10.493114207179438,2474.0,1084.2,0.08191966512843069,6.930022395587642,20.644969083917502,174,166.8,12.27892103338311,165.4,0.0
10.503308227185856,2479.0,1085.0800000000002,0.08139785920661738,7.339694404621167,18.335038044349798,173,167.4,11.51161993054666,166.1,0.0
10.512957750600632,2480.0,1085.84,0.08128766426197243,34.73828429319313,18.296500940118282,173,167.9,13.476247762951592,166.8,0.0
10.520940235700747,2484.0,1086.48,0.08060740653519709,7.184236590103399,18.949253737265913,174,168.3,12.63649569041662,167.4,0.0
10.529304177656892,2487.0,1087.12,0.07869265922110677,10.036730347372862,18.25811561759596,173,168.7,13.605424689119753,167.9,0.0
10.53822081594153,2489.0,1087.84,0.07623052479655308,16.04994891234951,18.802710967335617,173,168.9,13.903033749242846,168.3,0.0
10.547132263647903,2495.0,1088.48,0.07446095294664153,5.346868623824148,18.828154731953692,171,168.6,12.484270065127143,168.7,0.0
10.55556012577663,2497.0,1089.08,0.07212528076405501,15.17015183170773,20.036040530413295,171,167.7,10.703586210723012,168.9,0.0
10.565162470435004,2501.0,1089.7599999999998,0.07271405301003149,8.642110192536618,16.752643681359437,170,166.8,11.079149218308393,168.6,0.0
10.572825904692452,2503.0,1090.3600000000001,0.07375839237435634,13.794181663408194,16.74373906052682,170,166.2,11.418206580683108,167.7,0.0
10.580986536943167,2507.0,1090.96,0.07479271710928678,7.344569025642821,16.2075480554202,170,165.7,10.40672447500629,166.8,0.0
10.589764712936285,2509.0,1091.6399999999999,0.07456366365113654,15.800716787613563,16.69477002713416,170,165.3,12.317681830761511,166.2,0.0
10.601093836820356,2512.0,1092.48,0.07386329383403104,13.59494866088445,17.057074210510176,170,164.9,10.474050792215053,165.7,0.0
10.611376914741799,2517.0,1093.2400000000002,0.07266674382829134,7.403816103438351,16.31822778093022,171,164.6,10.579128631809366,165.3,0.0
10.622559928342175,2523.0,1094.0,0.07091711329253174,6.709808160226372,16.585187967515886,171,164.4,12.142125097503833,164.9,0.0
10.633587480671054,2525.0,1094.76,0.07084640269056472,19.84959419198213,16.16814713995277,171,164.4,11.167695462274157,164.6,0.0
10.643330793803013,2529.0,1095.4,0.07044112896492066,8.768981818763404,16.52035875492955,170,164.4,11.247389798110383,164.4,0.0
10.651754693032862,2532.0,1095.96,0.07164243324591033,10.108679075817756,15.133742670066216,169,164.6,13.429761728034968,164.4,0.0
10.66059893635462,2535.0,1096.52,0.07001474029896164,10.613091986110984,17.150236078275093,169,164.9,12.90584510284469,164.4,0.0
10.669884248634444,2538.0,1097.1200000000001,0.0701194254075024,11.142374735788591,17.029474946974606,169,165.2,12.647185256238256,164.6,0.0
10.6782077711005,2541.0,1097.6399999999999,0.06957326199168085,9.98822695926656,19.34580359958005,169,165.5,13.710311243244286,164.9,0.0
10.687268658357882,2546.0,1098.32,0.06964919382507091,6.523838825315573,17.507639529056863,168,165.7,11.75946534507328,165.2,0.0
10.694963621537296,2547.0,1098.8799999999999,0.07128915642187841,27.701867445893726,18.218537272893048,167,165.9,11.664735837577794,165.5,0.0
10.702787856477348,2552.0,1099.52,0.07584981567322119,5.633449156837923,19.46156237946183,167,166.2,12.012545795778074,165.7,0.0
10.708814787695808,2553.0,1100.12,0.08068767199727642,21.6969523864545,19.051529251583197,166,166.5,11.525665980730992,165.9,0.0
10.715203688792068,2557.0,1100.76,0.0841423840881403,5.750010986634202,18.504581107228695,166,166.6,11.491013906216006,166.2,0.0
10.72215685749843,2559.0,1101.44,0.08933197922128043,12.515703671450243,18.502294090362152,166,166.8,12.066878830442914,166.5,0.0
10.73170133678504,2561.0,1102.28,0.08916538815182791,17.18006271589971,22.042427173487148,166,167.0,9.798179058139388,166.6,0.0
10.74149145420482,2566.0,1103.16,0.09011529294260523,7.048884542241125,19.1189705292582,166,167.2,9.934671719171954,166.8,0.0
10.75083262406661,2571.0,1103.96,0.08835106977031075,6.725642300489627,21.69555886037683,166,167.4,11.52501617497054,167.0,0.0
10.76090379132273,2575.0,1104.88,0.08947551177887797,9.064050530508057,19.506235453157263,166,167.8,10.478029896183944,167.2,0.0
10.76879026627346,2576.0,1105.56,0.08921104444012759,28.39130982262435,22.86006085415763,166,168.3,11.974707851822192,167.4,0.0
10.776418198520853,2580.0,1106.2400000000002,0.08971830410312445,6.865139022653923,21.968827111801918,166,168.9,12.286528028255296,167.8,0.0
10.78264030713568,2581.0,1106.7599999999998,0.08936307022933992,22.399591013377822,20.897375371622598,166,169.4,12.530352049339069,168.3,0.0
10.790824079640354,2586.0,1107.48,0.09091060848340636,5.892316203365004,22.927565588753726,166,170.1,11.195952444726204,168.9,0.0
10.79848510033468,2587.0,1108.12,0.09082625024212831,27.579674499574985,22.892755780462387,166,170.7,11.344532915044828,169.4,0.0
10.806585340083016,2592.0,1108.84,0.09064601351887251,5.832172618802183,22.487867244431964,167,171.2,10.64547400664603,170.1,0.0
10.81501976875727,2595.0,1109.6799999999998,0.09463155998647187,10.121314409104503,23.876218927185988,167,171.6,13.22208243216223,170.7,0.0
10.825783890466917,2597.0,1110.72,0.09551829009292531,19.375419077364153,23.8959634746565,167,171.9,13.256430912770526,171.2,0.0
10.834582457795502,2603.0,1111.56,0.09773612810124756,5.279140397151285,21.304631585962902,169,172.2,11.416610117390466,171.6,0.0
10.843376635978236,2609.0,1112.48,0.09863291776870893,5.276506909640096,24.3960842781737,170,172.3,13.388740803635391,171.9,0.0
10.85322270633982,2610.0,1113.48,0.09957796341456895,35.44585330169627,21.20371665089758,170,172.4,11.822097555494953,172.2,0.0
10.860621187470198,2614.0,1114.2,0.10017695572249315,6.658633017340886,22.05312735269067,170,172.3,13.259273768966413,172.3,0.0
10.867197373262973,2619.0,1114.88,0.10289872899685784,4.734853770798283,22.097297050199124,170,172.3,12.67747215685754,172.4,0.0
10.874172480150799,2620.0,1115.6,0.10129077921532845,25.110384796169757,20.151719071461237,170,172.1,12.365124044200869,172.3,0.0
10.880785333794924,2624.0,1116.24,0.10349926864795504,5.951568279712415,20.15724489962568,170,172.0,12.802609811385365,172.3,0.0
10.887114289135077,2626.0,1116.92,0.10505099067466632,11.392119612276986,23.494550684808626,170,171.7,12.844281184542904,172.1,0.0
10.895407958390152,2629.0,1117.8,0.10407797366487428,9.95240310608914,18.930987432805516,170,171.5,11.056739108646868,172.0,0.0
10.902067349093123,2633.0,1118.52,0.10395688142272266,5.993451632674804,19.020756012996834,171,171.2,11.048744910785798,171.7,0.0
10.909115011783499,2638.0,1119.32,0.10577351583783083,5.074317137070338,19.70804154331426,172,170.9,10.903031054897436,171.5,0.0
10.916266538062697,2639.0,1120.1200000000001,0.1048267578529696,25.745494605116175,16.906914458280678,172,170.6,11.407670409156344,171.2,0.0
10.922675065099744,2642.0,1120.8,0.1044969834097856,7.690232444457095,16.874144356126227,172,170.3,11.525244681501457,170.9,0.0
10.927640601393913,2645.0,1121.3200000000002,0.10407080231841223,5.958643553001559,17.529774855540452,171,170.1,10.48375224482864,170.6,0.0
10.93308107288898,2647.0,1121.88,0.10091676539599867,9.792848691120149,18.02630333483726,169,169.8,10.63477878623831,170.3,0.0
10.937716355665163,2649.0,1122.3200000000002,0.10051442443645926,8.343508997130428,17.681964930107,166,169.5,11.255573407763524,170.1,0.0
10.941621199937241,2651.0,1122.72,0.09837940115472088,7.028719689742383,18.637773170227966,163,169.2,10.768274172130749,169.8,0.0
10.946072596599144,2652.0,1123.1200000000001,0.0943616299529923,16.025027982852603,14.825962979707015,162,169.0,10.874793535741691,169.5,0.0
10.9499060538947,2653.0,1123.52,0.0893621943406131,13.800446264003705,15.361453793061264,162,168.8,10.163609743820606,169.2,0.0
10.953882508647668,2656.0,1123.96,0.0848141526857994,4.771745703559991,16.99028569860217,163,168.6,9.958901792594236,169.0,0.0
10.957558302273027,2657.0,1124.4,0.07848204562152665,13.232857051288978,18.87302995915525,163,168.4,10.619708005122906,168.8,0.0
10.961195428158971,2661.0,1124.8,0.07438825615342202,3.2734132973506886,18.416010898740808,162,168.2,10.47325260776491,168.6,0.0
10.9647072406614,2662.0,1125.1200000000001,0.07212762186364334,12.642525008745595,18.394445584451685,164,167.8,10.488697655099417,168.4,0.0
10.970190440088576,2663.0,1125.36,0.06891694639129127,19.7395179378295,18.031694223053897,169,167.3,11.039706945719564,168.2,0.0
10.977047721297287,2664.0,1125.6,0.06788446467096788,24.686212351362368,16.733626798785433,173,166.7,11.15144280458906,167.8,0.0
10.984380155927456,2668.0,1125.8799999999999,0.06578432611723309,6.599191167150678,19.49334501192433,173,166.1,12.812646882091595,167.3,0.0
10.993416378777319,2672.0,1126.2800000000002,0.06393480323114624,8.132600564877032,18.366574516779707,170,165.3,12.842770032518146,166.7,0.0
11.002255657103797,2674.0,1126.6799999999998,0.06439144848424246,15.910700987662585,19.86787475432583,169,164.6,15.383294786320883,166.1,0.0
11.010765983819963,2679.0,1127.32,0.06962522162517103,6.127435235639181,20.549717331247116,168,163.8,15.64014912831467,165.3,0.0
11.017548768272077,2680.0,1127.9599999999998,0.07606115437940775,24.41802402760931,18.802733595997154,168,162.9,15.817127032232758,164.6,0.0
11.024264513169214,2685.0,1128.6,0.08249839096836338,4.835336325939265,16.431469447681593,167,162.0,15.327881055297686,163.8,0.0
11.031466014993871,2687.0,1129.32,0.09014267714615005,12.962703284382016,17.235880688312488,166,161.1,13.59056416306451,162.9,0.0
11.04014302366608,2689.0,1130.2,0.09402269471302198,15.618615609976525,18.042721806575976,166,160.4,14.770377335794644,162.0,0.0
11.04785396963368,2694.0,1131.0,0.09810750646961883,5.5518810966725,16.99173762038714,166,160.0,13.503580543093168,161.1,3.0
11.055497718308482,2698.0,1131.76,0.10025409941709558,6.87937380732104,20.367128574122997,164,159.7,13.30469866213918,160.4,3.0
11.064126736010985,2701.0,1132.64,0.10217791416023529,10.354821243004475,17.934361524359808,164,159.4,13.429746714663093,160.0,3.0
11.070528499449109,2703.0,1133.3600000000001,0.10357522256063359,11.523174188624168,18.238391622754293,164,159.4,13.313413680520837,159.7,3.0
11.076968366038992,2707.0,1134.08,0.10603423628442613,5.795879930894444,20.872068205116655,164,159.4,12.328830696513892,159.4,3.0
11.083978646259323,2708.0,1134.84,0.10367645917239002,25.23700879319136,19.485987822799117,164,159.5,11.886894075858734,159.4,3.0
11.090624994750595,2712.0,1135.56,0.10169145830683127,5.98171364214472,19.458044301831823,164,159.8,12.430416754544384,159.4,3.0
11.097165122219353,2716.0,1136.24,0.10099884178186751,5.886114721882412,23.071440574142496,164,160.1,12.552009877327304,159.5,3.0
11.105107529980833,2717.0,1137.04,0.09752837179038479,28.59266794132669,22.342964880399222,164,160.4,11.952726484734775,159.8,3.0
11.111634551378256,2721.0,1137.6799999999998,0.09713467246925947,5.874319257679736,21.90750322719164,166,160.7,12.432792729765108,160.1,3.0
11.11868880077274,2725.0,1138.32,0.09915781038313834,6.348824455034801,23.475137151459847,166,160.7,12.547751675148358,160.4,3.0
11.12666188219123,2726.0,1139.04,0.09984949373460915,28.703093106566865,20.354790761303576,166,160.7,14.00058972784688,160.7,3.0
11.133766958567762,2731.0,1139.6799999999998,0.10051602537104831,5.1156549911017155,20.177489796270176,167,160.7,11.583102281019496,160.7,3.0
11.141214105003229,2734.0,1140.4,0.10363747909933382,8.936575722559798,20.597910456055352,167,160.7,11.7957756915154,160.7,3.0
11.150340293781538,2736.0,1141.2800000000002,0.101507369500576,16.427139800954766,19.965285119167444,167,161.0,11.320268047516516,160.7,3.0
11.15829661296415,2741.0,1142.1200000000001,0.10188168598267891,5.7285498114812885,19.973032012091195,166,161.6,13.018067141686693,160.7,3.0
11.165288860974137,2746.0,1142.92,0.1035016300258206,5.034418567189873,21.012428009151474,166,162.3,13.12207065094576,161.0,3.0
11.173092372894041,2749.0,1143.8400000000001,0.1039014720235694,9.364214303885204,17.287357986780698,167,162.9,12.75540792140499,161.6,3.0
11.179682336724834,2750.0,1144.52,0.10663776491844654,23.72386979085589,17.387834944754303,167,163.4,12.833892688062832,162.3,0.0
11.18582433507209,2754.0,1145.2,0.1092831604178626,5.527798512529855,20.054474258906897,167,163.8,14.283368223936137,162.9,0.0
11.19255070934837,2756.0,1145.92,0.1086557618019677,12.107473697303885,18.511944115290042,168,164.2,14.16331489665582,163.4,0.0
11.199235259774515,2760.0,1146.6,0.1070933218900099,6.01609538353161,20.890163123361173,168,164.5,12.515132716993786,163.8,0.0
11.206435905998323,2764.0,1147.36,0.10633577984800746,6.480581601427363,21.26674167666075,169,164.8,13.217329382653087,164.2,0.0
11.213335911631807,2765.0,1148.1599999999999,0.10289574705706106,24.84002028054566,21.701600720047303,169,164.7,13.093769600014207,164.5,0.0
11.219955108313018,2769.0,1148.92,0.10488955070469404,5.957277013088809,19.40163660287688,171,164.3,13.367012021775087,164.8,0.0
11.225703810915203,2770.0,1149.6,0.10515700218831311,20.695329367863778,19.426720713596414,171,163.6,11.836519226247296,164.7,0.0
11.23249766119147,2773.0,1150.3200000000002,0.10497866455559568,8.152620331520914,18.330952131617483,172,162.8,11.633545405580824,164.3,0.0
11.239054580366316,2775.0,1151.0,0.10646853124551343,11.802454514722896,22.518176483864742,172,161.9,11.667619901786662,163.6,0.0
11.247704475153588,2778.0,1151.84,0.10417064471636484,10.379873744727247,22.528333089675638,174,161.1,13.541488768425586,162.8,0.0
11.255497367615495,2782.0,1152.56,0.10051225897170438,7.013603215716109,19.40965810810962,173,160.3,10.33241784572255,161.9,0.0
11.264025508637689,2788.0,1153.32,0.0981113624617391,5.116884613315912,22.364145824270565,173,159.6,10.668726856498935,161.1,3.0
11.272853891870659,2789.0,1154.2,0.0978627798574658,31.782179638693602,19.80532595530716,172,158.9,11.023389910509596,160.3,3.0
11.280436187879003,2793.0,1154.8799999999999,0.09704932548103881,6.824066407510333,22.041003346197982,172,158.2,10.10753701811024,159.6,3.0
11.287593757130942,2797.0,1155.52,0.0972226555331511,6.441812326745072,21.14351534829144,172,157.7,11.70616859609831,158.9,3.0
11.294726697096369,2798.0,1156.16,0.09470487365159541,25.678583875538056,20.551536028230412,172,157.2,10.24680792854449,158.2,3.0
11.30171127610534,2803.0,1156.84,0.09427445248436775,5.028896886459373,21.22936747760422,172,156.6,12.63803573552956,157.7,3.0
11.307968049012628,2804.0,1157.48,0.0931913931319988,22.52438246623551,21.30104556192292,171,156.1,12.08123560682202,157.2,3.0
11.314617425005554,2808.0,1158.1200000000001,0.09159860306612026,5.984438393634181,18.357740428172413,172,155.8,12.151374241479072,156.6,3.0
11.320664418854022,2811.0,1158.72,0.09250870960243576,7.256392618160531,18.33759107800136,172,155.5,11.395579899274962,156.1,3.0
11.326991341569334,2813.0,1159.3600000000001,0.09481236347723258,11.388460887561068,18.236469432177515,172,155.3,11.64122375018754,155.8,3.0
11.333139784174769,2817.0,1160.0,0.09660985645036711,5.53359834489132,19.06438528051268,170,155.0,11.823284902396356,155.5,3.0
11.340865761330177,2819.0,1160.72,0.09701991577179434,13.906758879733234,19.110524457612037,170,154.8,12.032874293290783,155.3,3.0
11.348359232917844,2823.0,1161.44,0.09565950906074808,6.744124428899642,17.417591025371422,169,154.3,12.193123927058696,155.0,3.0
11.356667022530946,2829.0,1162.2400000000002,0.0956935683910922,4.984673767861428,17.46928551672855,169,153.8,11.379443054324232,154.8,3.0
11.365201738480426,2830.0,1163.04,0.09520355625757693,30.72497741812714,18.350018281295075,169,153.0,11.399016596696008,154.3,3.0
11.37381929349419,2835.0,1163.8,0.09390730495950676,6.204639609910485,17.460045605555464,169,152.3,10.513178252074406,153.8,3.0
11.380546770216139,2837.0,1164.4,0.09099474564309787,12.109458099507364,17.330201862359456,169,151.5,10.64137258998537,153.0,3.0
11.388874218891395,2841.0,1165.08,0.08699553356693628,7.494703807730899,15.995720709936858,169,150.6,11.60502155300227,152.3,3.0
11.39635440713218,2843.0,1165.6399999999999,0.08108180168546046,13.464338833412652,15.616124229342423,169,149.7,11.211756217384115,151.5,3.0
11.403593816611327,2847.0,1166.16,0.07357281044690941,6.515468531233316,16.219183357452827,169,148.8,10.95008726892754,150.6,3.0
11.409092809928827,2850.0,1166.56,0.06676712511157773,6.598791981000748,15.119563494468716,168,147.8,11.023222615498543,149.7,3.0
11.412867766018007,2852.0,1166.96,0.062066191593813734,6.794920960522388,14.961329676643368,168,147.0,10.92700584477744,148.8,3.0
11.415477235416137,2854.0,1167.24,0.05866582693635215,4.69704491663593,15.392297835673238,167,146.5,13.15459089103228,147.8,1.0
11.421917644245664,2856.0,1167.48,0.05614668187870227,11.592735893148125,15.399720725863023,167,146.1,12.444841815046372,147.0,1.0
11.430045539646926,2857.0,1167.76,0.053823742624544535,29.260423444547204,17.57454471239278,167,146.1,12.539186303538488,146.5,1.0
11.440644023119019,2863.0,1168.16,0.05336386413394258,6.359090083255528,17.60878468252239,165,146.3,10.972951547520449,146.1,1.0
11.450432662566634,2865.0,1168.52,0.05538704295437996,17.619551005708864,21.450803261003294,164,146.5,12.327277363523995,146.1,1.0
11.462393860339448,2870.0,1169.1200000000001,0.05969492250097268,8.612062396425861,21.938240959528073,163,146.7,11.834987879659542,146.3,1.0
11.470748410230682,2871.0,1169.68,0.0648923614640311,30.07637960843801,22.22241616771077,163,146.9,11.023819417582612,146.5,1.0
11.480216049168874,2876.0,1170.4,0.07153652445857747,6.816700035498815,21.712473371745535,161,147.1,14.483045681221489,146.7,1.0
11.489106060146382,2877.0,1171.2,0.07764444614587596,32.004039519028126,19.709777052733028,161,147.5,14.344512544996324,146.9,1.0
11.499509909458004,2881.0,1172.2,0.08203308415996276,9.36346438046023,21.745578803408094,160,147.7,14.35013911502621,147.1,1.0
11.508491609396637,2886.0,1173.08,0.08518757970379262,6.466823955816807,20.29945769774104,158,148.0,12.1766021232819,147.5,1.0
11.517797548457468,2891.0,1174.0,0.08717140812810323,6.700276123797417,20.15499935364235,158,148.3,12.39531254763297,147.7,1.0
11.527703593892648,2894.0,1174.92,0.08983192916350326,11.887254522215443,20.80140513084699,158,148.6,14.18393855780361,148.0,1.0
11.537790939342957,2896.0,1175.8,0.09029962692756596,18.15722181055687,20.832024059660636,158,148.9,15.026297720256704,148.3,1.0
11.546043577807447,2902.0,1176.48,0.08887217762254314,4.951583078694108,19.48560689596681,160,149.1,13.776745281855188,148.6,1.0
11.555242527233677,2907.0,1177.2399999999998,0.08677936861617695,6.623243586885952,18.95550844808195,160,149.4,13.69978804054592,148.9,1.0
11.563944432826364,2908.0,1177.9599999999998,0.08594484427221885,31.32686013367714,19.8458734089785,160,149.7,15.150399011634796,149.1,1.0
11.571796335179249,2913.0,1178.6,0.08539764827988715,5.653369694076273,20.06357148878334,161,150.0,14.426760130838693,149.4,1.0
11.577951393423405,2914.0,1179.1200000000001,0.08527852387688653,22.158209678958674,19.28606205045142,161,150.6,14.3451720911773,149.7,1.0
11.584818196442722,2919.0,1179.7199999999998,0.08662055513178148,4.944098173908655,20.059507311492617,161,151.2,15.730841641396989,150.0,1.0
11.591430446855318,2921.0,1180.32,0.09081408494888796,11.902050742673325,20.120143629593784,161,151.8,17.357928172728382,150.6,1.0
11.598027286315007,2924.0,1180.96,0.09190586868038589,7.9162073516266,22.435970507379096,161,152.3,18.296682951284872,151.2,1.0
11.604576642533107,2928.0,1181.6,0.09180932734765686,5.894420596290176,18.70577793160585,161,152.7,17.945822332532195,151.8,3.0
11.610953832605569,2929.0,1182.28,0.09103829761664925,22.957884260860165,18.918801585272018,161,152.8,17.63931810802476,152.3,3.0
11.617732913197266,2933.0,1183.0,0.09117184415595828,6.101172532526638,18.251838071244933,160,153.2,18.30893638989864,152.7,3.0
11.623608364340008,2934.0,1183.6,0.09004920997625818,21.15162411387117,20.845130842536385,160,153.6,18.99112919026329,152.8,3.0
11.62956835239451,2937.0,1184.1200000000001,0.09035002418955082,7.151985665403293,20.991114176490036,160,154.1,17.67451178447562,153.2,3.0
11.633890632282863,2939.0,1184.56,0.08998881083091193,7.7801037990352935,20.499787005555657,161,154.8,15.258495401170828,153.6,3.0
11.638724835960355,2940.0,1185.0,0.09064379797249504,17.40313323896986,20.438541189037846,164,155.5,16.59617568806898,154.1,3.0
11.644814305159136,2941.0,1185.48,0.0912757050071709,21.922089115610397,22.62564571016744,167,156.7,15.68152115047821,154.8,3.0
11.652004352845394,2943.0,1186.08,0.0888116766820836,12.942085835263997,22.536361276082083,168,158.5,14.710392698840527,155.5,3.0
11.659086986272426,2949.0,1186.7199999999998,0.08701664100659066,4.249580056218902,20.03155035043002,167,160.6,14.44050202603754,156.7,3.0
11.668363747748632,2954.0,1187.48,0.0867580738264935,6.679268262868601,21.072122763939554,166,162.7,12.83059569672728,158.5,3.0
11.678767258754075,2955.0,1188.36,0.08678382102313495,37.452639619593214,20.845495478352454,165,164.7,12.360700028127356,160.6,3.0
11.686934990853613,2961.0,1189.0800000000002,0.08520364862566929,4.90063925972349,21.156878866176783,164,166.4,11.793896269622904,162.7,0.0
11.694717994715697,2967.0,1189.72,0.08587486798526152,4.669802317250799,18.666341841604613,163,168.1,12.715304115798148,164.7,0.0
11.702592412672361,2969.0,1190.3600000000001,0.08340338240747232,14.17395232199633,18.271469062113933,163,169.6,12.600363194629754,166.4,0.0
11.709864085975301,2973.0,1190.92,0.08354007431703571,6.544505972646488,18.29977463529859,160,171.0,12.696973434768315,168.1,0.0
11.715457296379906,2974.0,1191.32,0.08238949529804787,20.135557456578656,21.08299813765769,160,172.1,11.897729047417323,169.6,0.0
11.722809697669165,2978.0,1191.8799999999999,0.08020111692563006,6.617161160332484,16.171247823761334,160,172.7,11.124481466850188,171.0,0.0
11.728872113018387,2980.0,1192.3200000000002,0.07936145653206353,10.91234762859928,16.544927922357626,160,172.6,12.54117315070489,172.1,0.0
11.736522654715515,2986.0,1192.96,0.0801249467113541,4.590325018277286,16.95442065814222,158,172.2,11.460760488691818,172.7,0.0
11.743583198306975,2987.0,1193.6,0.07934603717514191,25.417956929257848,15.68044544175917,158,171.8,13.847735876327633,172.6,0.0
11.751030323852202,2992.0,1194.2400000000002,0.07848281937995413,5.361930392562827,18.14073448654572,157,171.6,13.997578076268534,172.2,0.0
11.757916764991775,2995.0,1194.84,0.08134588667869508,8.263729367487361,16.051607577736842,157,171.4,14.03313348548988,171.8,0.0
11.764763792372905,2998.0,1195.48,0.08215294751373109,8.216432857357388,19.68470528998858,156,171.1,12.477759306125638,171.6,0.0
11.771729658203466,3003.0,1196.0400000000002,0.08484430284192837,5.015423398002772,18.9717844561148,156,171.0,12.841469086655618,171.4,0.0
11.77798821980139,3004.0,1196.52,0.08392640888761783,22.5308217525272,19.08022345324623,155,170.7,13.13965958029004,171.1,0.0
11.785685373663947,3009.0,1197.16,0.08314393950357804,5.5419507810404545,17.918902049711825,155,170.4,12.432709030438794,171.0,0.0
11.794165773450109,3010.0,1197.84,0.08113117964711632,30.529439230183193,18.16359031858553,154,170.0,14.660543389496857,170.7,0.0
11.803073017352649,3016.0,1198.56,0.07948644512628043,5.3443463415238615,18.404835254233184,155,169.7,12.533775675570096,170.4,0.0
11.811892536294062,3022.0,1199.24,0.07761707106055311,5.291711364847819,18.65578859688985,155,169.5,12.6386765105887,170.0,0.0
11.821814766020294,3024.0,1199.96,0.0774659932858749,17.860013507216745,18.69802176010945,155,169.3,12.339877712990816,169.7,0.0
11.830501842577727,3028.0,1200.6,0.07842224607418584,7.818368901688621,17.22978438407618,155,169.1,12.118516542288058,169.5,0.0
11.838905459985707,3031.0,1201.2,0.0764915280891493,10.084340889575488,17.107194167761975,154,169.0,13.57121959745819,169.3,0.0
11.847499065624291,3034.0,1201.8,0.0728884594771117,10.312326766301704,15.301974370559511,154,168.9,13.60652287534204,169.1,0.0
11.856690620812739,3039.0,1202.4,0.06805223976897411,6.6179197356818715,15.210570887135209,151,168.6,13.518426866568376,169.0,0.0
11.864687294715617,3041.0,1202.9599999999998,0.06270048214970152,14.394013025182572,16.132102794837024,150,168.4,13.002510291919936,168.9,0.0
11.872656303333336,3046.0,1203.4,0.056422294704465435,5.737686204758196,15.12763046496612,147,168.1,13.734318700193466,168.6,0.0
11.878676041051104,3047.0,1203.72,0.050501677715995966,21.67105578396718,14.596686035888927,147,167.7,11.736914643598372,168.4,0.0
11.884197949151632,3050.0,1203.96,0.04429349642432473,6.626289720633509,14.340033334211842,147,167.2,11.885594700530564,168.1,0.0
11.888344671650248,3051.0,1204.1200000000001,0.03844338672075313,14.92820099501682,13.909621569380452,146,166.7,12.354726787402322,167.7,0.0
11.892213382803314,3052.0,1204.2400000000002,0.03275724658455241,13.927360151035211,16.32446654677536,146,166.2,10.475751742235884,167.2,0.0
11.895103204701716,3054.0,1204.3200000000002,0.02750387386538732,5.201679417122841,15.189971214874031,146,165.7,12.803289641602024,166.7,0.0
11.898107564244851,3055.0,1204.3600000000001,0.02551470790384742,10.815694355285524,15.131994144370552,144,165.4,11.037866393372074,166.2,0.0
11.903302097055457,3057.0,1204.44,0.025795771053806694,9.35015905909068,13.048787789380617,146,165.4,11.113120074392274,165.7,0.0
11.911328144332744,3058.0,1204.56,0.028082557365020033,28.893770198230282,14.799445472463109,146,165.5,11.95326851301554,165.4,0.0
11.919435391294215,3062.0,1204.72,0.031271500189784,7.296522265323478,14.291843133368383,146,165.6,11.794188446085547,165.4,0.0
11.930570609777014,3068.0,1205.0800000000002,0.03483333035955053,6.681131089679352,13.52256036390708,147,165.8,11.31532618341772,165.5,0.0
11.954379136932697,3076.0,1206.0,0.040364486712525766,6.008708223786779,18.45515214586204,149,166.2,10.74841539752592,165.6,0.0
11.965584441310847,3078.0,1206.68,0.047236233109427886,20.169547880668997,18.55949906543386,149,166.4,10.47887621943853,165.8,0.0
11.97670144815126,3082.0,1207.3600000000001,0.053199878474084784,10.005306156372276,18.845044283299472,148,166.4,9.870825893199228,166.2,0.0
11.986394240701703,3088.0,1208.04,0.05906511956632414,5.8156755302659,16.528740198809864,148,166.3,10.434760090558546,166.4,0.0
11.997448113494345,3089.0,1208.8799999999999,0.06462245999414078,39.79394205351161,17.062656199678152,148,166.1,8.70449793139463,166.4,0.0
12.010545839873558,3094.0,1209.7999999999997,0.06821795700864694,9.4303629930339,19.928056823169598,148,165.6,8.755974977655267,166.3,0.0
12.023610318706043,3099.0,1210.6799999999998,0.07097129470130906,9.406424759389532,21.361399474732213,148,165.0,10.306606493675009,166.1,0.0
12.03752943036313,3106.0,1211.6,0.0723320998250486,7.158400280787174,19.939008293504667,149,164.3,9.197949717277668,165.6,0.0
12.050701133847621,3111.0,1212.52,0.07482127592719243,9.483626508834181,20.03510495620605,149,163.6,10.80600953781682,165.0,0.0
12.064349684509502,3113.0,1213.48,0.07784121208489005,24.56739119138577,22.305180187226927,150,162.9,10.643024211207392,164.3,0.0
12.076376601049766,3116.0,1214.44,0.07994758083499269,14.432299848317706,21.86765187482549,152,162.2,10.908785899191908,163.6,0.0
12.087034967017342,3121.0,1215.3200000000002,0.08137696949815461,7.674023496653822,21.89998294172024,151,161.7,11.637221888896525,162.9,0.0
12.097296893398763,3125.0,1216.2400000000002,0.08380720259028022,9.235733743279603,24.27977949119452,151,161.4,11.905787220796103,162.2,0.0
12.108586774088293,3127.0,1217.12,0.08621441437069208,20.32178524115467,27.054104569362323,151,161.2,11.612020221761677,161.7,3.0
12.117630538878723,3128.0,1217.9599999999998,0.08928169628112351,32.557553245550565,28.80911411638583,151,161.3,12.542838303020934,161.4,3.0
12.124809274375739,3131.0,1218.7199999999998,0.09206138802993924,8.614482596419961,28.708605471225685,154,161.8,13.088731104611377,161.2,3.0
12.13127125222618,3132.0,1219.48,0.09329430182142243,23.263120261586405,28.473350094415725,154,162.3,11.478227956886643,161.3,3.0
12.137779381557873,3133.0,1220.2400000000002,0.09612859368576906,23.42926559410114,29.78504033460947,155,163.0,11.625729169749311,161.8,0.0
12.14302137441743,3134.0,1221.04,0.10156548512289536,18.87117429439907,31.11966344726058,154,163.6,10.086833209304409,162.3,0.0
12.148871036918502,3135.0,1221.8,0.1048317647353431,21.05878500385901,29.165418586775466,154,164.2,10.01034942245545,163.0,0.0
12.155186180031414,3137.0,1222.44,0.1066390910037492,11.367257603243342,25.41948095603628,153,164.8,11.05396313864267,163.6,0.0
12.163169627984411,3139.0,1223.1599999999999,0.10861296568653082,14.370206315392629,27.63182535993493,155,165.4,11.008715407369106,164.2,0.0
12.172090551177147,3141.0,1224.08,0.10745879228427468,16.057661746926094,26.186505532926837,155,166.0,10.805271154005208,164.8,0.0
12.180041230269678,3145.0,1224.84,0.10342475316114048,7.155611183277965,24.601492056458376,156,166.6,10.897013617982296,165.4,0.0
12.187039054780097,3148.0,1225.52,0.09955217959710203,8.397389412502651,24.022711047681884,158,167.0,9.427853259759488,166.0,0.0
12.193147745187153,3149.0,1226.2,0.0965890725990253,21.991285465401464,21.359379247710358,161,167.1,11.079291637561418,166.6,0.0
12.19706901598873,3150.0,1226.7199999999998,0.09562299649756645,14.11657488567873,20.45328364692537,166,167.1,10.736284405887996,167.0,0.0
12.200879566288098,3151.0,1227.08,0.09578647166562387,13.717981077724303,19.30879573256415,173,167.1,10.58596324668925,167.1,0.0
12.205371862834312,3152.0,1227.48,0.09106882461969852,16.17226756636921,20.418588499041753,175,167.2,10.636444328899753,167.1,0.0
12.210882664735152,3156.0,1227.92,0.08775836941091308,4.959721710756428,20.136699844805367,175,167.3,11.35319904736859,167.1,0.0
12.216439582166188,3159.0,1228.4,0.08614792099878764,6.668300917244074,20.194248236354333,173,167.5,10.410733495945294,167.2,0.0
12.223691389441479,3162.0,1229.0400000000002,0.08311350296381934,8.70216873034814,18.759859428186502,172,167.6,10.41861483795652,167.3,0.0
12.230711317277223,3163.0,1229.64,0.08270833751048394,25.27174020867851,17.45190980508635,172,167.5,10.463431227788131,167.5,0.0
12.237384875023439,3167.0,1230.24,0.08380732745557996,6.006201971594034,19.459450282140107,171,167.1,10.094236568415855,167.6,0.0
12.245187784868346,3170.0,1230.92,0.08492998437910974,9.363491813888253,17.824293624098992,172,166.7,11.120101174512255,167.5,0.0
12.252964919086063,3172.0,1231.52,0.08409418556676503,13.998841591891567,21.280151098777672,172,166.4,8.757019020097118,167.1,0.0
12.261831723363851,3177.0,1232.16,0.08473276728698181,6.384099080007372,21.473071103905934,172,166.0,8.580879482106244,166.7,0.0
12.269577528340593,3178.0,1232.72,0.08145169758144946,27.884897916271317,21.505894384896386,172,165.5,11.14339576150122,166.4,0.0
12.278524429917656,3184.0,1233.3600000000001,0.0801893917695066,5.368140946238477,19.118606075626246,171,165.0,11.00831238845122,166.0,0.0
12.286532617580743,3185.0,1233.9199999999998,0.08050257371462619,28.82947558711457,19.67625418360322,171,164.4,10.372459126462036,165.5,0.0
12.295606754154802,3189.0,1234.6399999999999,0.07943663601303236,8.166722916653091,20.131703998674894,171,163.7,10.490276327562375,165.0,0.0
12.303154856506938,3192.0,1235.24,0.07982385392426024,9.057722822561601,19.054708520437917,170,163.0,9.838931969245206,164.4,0.0
12.311253188519467,3195.0,1235.8799999999999,0.08140704216756843,9.71799841503608,22.53202396682056,169,162.5,10.985251392496954,163.7,0.0
12.319289271666879,3198.0,1236.6,0.08361390498993378,9.643299776893857,19.324927040630524,170,162.3,11.97087677363451,163.0,0.0
12.326147825417008,3200.0,1237.2400000000002,0.08434276147437852,12.345396750232494,19.39330548274957,169,162.1,10.833683811775275,162.5,0.0
12.333847087742985,3204.0,1237.88,0.08626774841374002,6.929336093379075,19.05444301368152,169,161.8,10.9859295371178,162.3,0.0
12.341808877373703,3205.0,1238.6,0.08654297757174981,28.662442670587975,18.908509591982508,168,161.6,11.04183595573732,162.1,0.0
12.349161344903708,3209.0,1239.28,0.08665338965088765,6.617220777003744,21.23363724798,169,161.4,8.583814417033148,161.8,0.0
12.356291510788624,3213.0,1239.92,0.08788252632331586,6.417149296424529,21.329335792637092,169,161.2,8.863810115550802,161.6,3.0
12.363469701791718,3214.0,1240.5600000000002,0.0865001480959683,25.841487611135697,21.218023045130263,169,161.1,9.20526079224538,161.4,3.0
12.370084269802414,3218.0,1241.24,0.08714656834179238,5.953111209625524,20.439963077559916,169,161.2,9.035315341309389,161.2,3.0
12.376635590184152,3219.0,1241.8,0.08762404983790098,23.584753374262934,21.60596326070285,169,161.6,11.19221187874101,161.1,3.0
12.385028116179049,3222.0,1242.48,0.08711309246359163,10.071031193874568,18.507932615588437,168,162.2,10.296960159706014,161.2,3.0
12.392330065920014,3225.0,1243.04,0.08733881314433736,8.762339689157221,18.758661441068472,167,163.0,9.151280174055945,161.6,3.0
12.40031476703529,3229.0,1243.68,0.0875436482596533,7.186231003748092,19.507857764752906,167,163.8,11.052396391968518,162.2,0.0
12.408230000466466,3231.0,1244.3200000000002,0.08893226122418665,14.24742017611439,16.610473678603668,166,164.7,11.511688121735771,163.0,0.0
12.415470335553664,3234.0,1245.0,0.0884153816931817,8.688402104637039,20.160866250791152,164,165.6,11.72954774315905,163.8,0.0
12.422223686675602,3237.0,1245.72,0.08984149184409282,8.104021346325663,17.55921931023567,164,166.5,12.556263248256109,164.7,0.0
12.42839505898957,3239.0,1246.4,0.08959714996242105,11.10847016514209,17.668181642924754,164,167.4,12.311001486501574,165.6,0.0
12.436230322500094,3243.0,1247.2,0.09179222474758081,7.051737159471331,18.919438980214863,164,168.2,11.81071931046102,166.5,0.0
12.444349347556562,3244.0,1247.88,0.09036818966842822,29.22849020328692,18.768225836709846,164,168.8,14.162439376544407,167.4,0.0
12.452586182128734,3249.0,1248.56,0.08874268511739927,5.930520891963435,17.934096632683243,166,169.3,11.958814335261335,168.2,0.0
12.46160582213213,3252.0,1249.1999999999998,0.0860432081656018,10.823568004076542,17.083823910662392,168,169.6,13.46800523583703,168.8,0.0
12.471141279951791,3254.0,1249.8799999999999,0.08242581532822217,17.163824075389883,16.72820721442148,168,169.7,13.519187039320524,169.3,0.0
12.478912710971859,3259.0,1250.4,0.07954473780671094,5.5954303344481815,15.826911719858103,168,169.8,11.679882804620656,169.6,0.0
12.484167598499322,3261.0,1250.92,0.0773298261616605,9.458797549436108,16.56784299052321,168,169.7,13.6738922131777,169.7,0.0
12.486683677037421,3264.0,1251.4,0.07623470954263356,3.0192942457190544,13.696319883124982,168,169.7,13.452198515034738,169.8,0.0
12.491190868341963,3267.0,1251.8400000000001,0.07698262053134056,5.408629565451743,13.567988918651986,166,169.7,12.491752885319425,169.7,0.0
12.498174155706893,3272.0,1252.2800000000002,0.07557584326341689,5.027966902749074,15.861038289969542,164,169.7,13.4626154677075,169.7,0.0
12.508750054984446,3275.0,1252.84,0.07461425834112913,12.691079133064527,14.184018395874238,163,169.7,13.500289145818336,169.7,0.0
12.518688278827486,3278.0,1253.36,0.07559822137901528,11.92586861164776,16.63729495943258,162,169.7,11.64606583763828,169.7,0.0
12.5276400723755,3283.0,1254.04,0.07747912801022361,6.445291354569797,16.466269729020592,161,169.5,11.627023221466253,169.7,0.0
12.53495392881002,3284.0,1254.6,0.08002208098094896,26.32988316427395,17.008433074596404,162,169.1,9.817472773369976,169.7,0.0
12.541706435822706,3288.0,1255.28,0.08597383479009377,6.077256311416478,18.097470754954742,161,168.5,10.122007549728334,169.5,0.0
12.54772755486155,3289.0,1255.92,0.08974064210516175,21.67602853983972,18.48277077250061,161,167.5,10.281396711993915,169.1,0.0
12.55425167509767,3292.0,1256.56,0.08988867985753475,7.828944283341809,18.202390668467643,161,166.6,8.577716812998188,168.5,0.0
12.560559354126074,3296.0,1257.1599999999999,0.09101246020481234,5.676911125564214,19.952030064348673,161,165.5,8.781974175296163,167.5,0.0
12.567611014938572,3298.0,1257.9199999999998,0.09065836530968624,12.692989462497925,20.986838531841947,161,164.4,9.3132384976905,166.6,0.0
12.574039031790026,3301.0,1258.56,0.09312056584167902,7.713620221744874,18.73351138737746,161,163.2,9.07246472950565,165.5,0.0
12.57945759242487,3303.0,1259.12,0.09580782605411782,9.753409142720232,19.03759773499116,161,162.0,9.077518658823177,164.4,0.0
12.585355939487158,3304.0,1259.76,0.09947888971198436,21.234049424240357,16.63782553183673,163,160.7,8.517731623483868,163.2,0.0
12.591969394692978,3306.0,1260.48,0.10245731005852776,11.904219370474193,16.543864282423826,166,159.5,9.635078673079883,162.0,0.0
12.600490104432167,3309.0,1261.28,0.10331294601836574,10.224851687026636,18.088983414250876,167,158.5,9.96345265915658,160.7,3.0
12.61097936615445,3314.0,1262.2,0.099260685241621,7.55226844004318,18.053743639056172,168,157.9,10.162431484231146,159.5,3.0
12.6214578143801,3320.0,1263.16,0.09669191811536523,6.287068935390661,17.9034207070531,167,157.8,11.87752527954968,158.5,3.0
12.631269073289618,3325.0,1264.1200000000001,0.09500541492408146,7.064106414852216,18.045249573523705,167,157.9,11.232755814353435,157.9,3.0
12.640220766782639,3327.0,1264.92,0.09430150098181464,16.113048287436435,15.591702381654917,167,158.3,11.071794396149986,157.8,3.0
12.647021051310285,3329.0,1265.56,0.09465523703599861,12.240512149762269,18.14097524554874,167,158.8,11.1315996513157,157.9,3.0
12.653331248741514,3333.0,1266.16,0.09606927501814103,5.679177688105913,17.49666982636071,167,159.4,10.38442811984918,158.3,3.0
12.659259489731786,3335.0,1266.6799999999998,0.09489294170754801,10.670833782491101,17.205687807627164,167,160.1,12.05596875632219,158.8,3.0
12.666528874000688,3339.0,1267.32,0.09467923706261891,6.542445842012278,17.257392876045508,167,160.8,12.454136801401154,159.4,3.0
12.674422930430826,3340.0,1268.08,0.0922478511581572,28.418603148493492,18.3991325588212,167,161.3,11.304255441262438,160.1,3.0
12.683860124000676,3345.0,1268.96,0.09026981617270151,6.794779370292421,16.885193053096266,167,162.0,10.99948027822339,160.8,3.0
12.692261591845197,3350.0,1269.7599999999998,0.08988522296656185,6.049056848055722,16.910227597162574,168,162.5,12.52611206332192,161.3,3.0
12.701694758175051,3355.0,1270.68,0.09066031500696406,6.79187975749569,16.81431743077639,168,163.0,10.668073196232031,162.0,0.0
12.709601232397018,3357.0,1271.44,0.09318714340810408,14.231653599540598,16.21578308005221,168,163.3,12.01701049427096,162.5,0.0
12.7170327799228,3361.0,1272.08,0.09587032541652088,6.688392773203464,17.844207862271155,169,163.4,11.961593602751432,163.0,0.0
12.72387684968384,3363.0,1272.6799999999998,0.09597995050493247,12.31932556987451,14.188494496450545,168,163.5,11.57675538013818,163.3,0.0
12.730685007002087,3367.0,1273.3200000000002,0.09496987783970517,6.127341586422048,14.054400284023293,166,163.5,12.503351617733731,163.4,0.0
12.73843932610072,3371.0,1274.04,0.09475184730051614,6.978887188768319,18.152103734455302,163,163.5,10.70994740759009,163.5,0.0
12.747773266046817,3373.0,1274.8799999999999,0.0922179732519525,16.801091902976307,18.087484584739137,163,163.6,10.37002703349707,163.5,0.0
12.755752902054054,3379.0,1275.6399999999999,0.0906684057469275,4.787781604342103,17.04701858418605,164,163.9,11.541170419663398,163.5,0.0
12.76414187537136,3385.0,1276.4399999999998,0.09205511026813765,5.033383990383685,17.191336854620477,163,164.1,11.650906857654745,163.6,0.0
12.772940269716361,3386.0,1277.2,0.09176943600109927,31.674219642005475,16.23947730436234,163,164.3,9.935945600977188,163.9,0.0
12.78049727808719,3391.0,1277.8799999999999,0.09114684311045501,5.441046026995692,17.98899656969848,163,164.4,10.560132338283193,164.1,0.0
12.787058212236897,3394.0,1278.44,0.08994419772532261,7.873120979648732,19.483571142944907,162,164.8,8.96235160169824,164.3,0.0
12.793613682890403,3397.0,1279.0400000000002,0.08781143002129603,7.866564784206887,17.788739930596687,162,165.3,10.847415530895166,164.4,0.0
12.798451917879321,3400.0,1279.48,0.08657048039262341,5.805881986702813,17.89189789300611,161,165.7,12.33043380404748,164.8,0.0
12.803338177829026,3401.0,1279.92,0.08678120341334379,17.590535818939532,17.983602702035725,161,166.4,11.17404363583526,165.3,0.0
12.808014605884622,3402.0,1280.3600000000001,0.08674827538538073,16.835141000143864,14.071746501605967,161,167.0,13.154797736428122,165.7,0.0
12.812538907788277,3405.0,1280.84,0.08781592978365418,5.429162284383986,14.407651721686255,161,167.7,13.380923828487823,166.4,0.0
12.81779744016975,3408.0,1281.3200000000002,0.08870172038481912,6.310238857767353,15.024111356640173,161,168.5,12.30274665706182,167.0,0.0
12.82401127147706,3412.0,1281.92,0.08990840301991153,5.5924481765788565,14.820392041396948,161,169.2,13.92011562203066,167.7,0.0
12.82992294168953,3415.0,1282.52,0.09376880119580573,7.094004254963767,18.350359542972164,161,169.8,13.536022570511731,168.5,0.0
12.836790444199673,3418.0,1283.16,0.09732806741840581,8.241003012172243,17.048657853257453,161,170.3,14.64129504412781,169.2,0.0
12.843061348503337,3420.0,1283.72,0.09893242905743456,11.287627746594506,15.493834780072664,161,170.3,14.655055789090756,169.8,0.0
12.849913693253168,3424.0,1284.4,0.1012943255086433,6.167110274846961,18.601088817695185,163,170.2,13.041233121909809,170.3,0.0
12.857517817520117,3425.0,1285.12,0.10213446307521826,27.37484736101903,19.45818172051245,165,170.0,12.318808051119325,170.3,0.0
12.864716166377274,3428.0,1285.84,0.10125343705878989,8.638018628589572,19.741533358660764,167,169.6,12.588407888005522,170.2,0.0
12.870692100981323,3432.0,1286.48,0.1025302260761158,5.378341143643174,21.180057101967456,169,169.4,10.61791777638593,170.0,0.0
12.877481079998965,3433.0,1287.2400000000002,0.10253508715529717,24.44032446350973,20.96370140218653,169,168.9,10.446499177358588,169.6,0.0
12.883538388974209,3435.0,1287.92,0.10504131598663435,10.903156155439882,20.137983927061786,170,168.2,10.477692603285094,169.4,0.0
12.890014259299885,3438.0,1288.6399999999999,0.10493155878054941,7.771044390811614,23.934861390259197,170,167.5,9.484670678884068,168.9,0.0
12.898548236692072,3440.0,1289.48,0.10294317623748846,15.361159305934384,20.379822140551035,170,166.9,9.715925091480646,168.2,0.0
12.906587660851276,3445.0,1290.24,0.0998167069278241,5.788385394626901,22.81719520168716,170,166.3,8.05519800747469,167.5,0.0
12.915316558054316,3450.0,1291.0800000000002,0.09885002746266465,6.284805986188944,22.87286549272001,169,165.9,8.592027611608959,166.9,0.0
12.923562199980895,3451.0,1291.84,0.09574029373021212,29.684310935680823,19.754552582987245,169,165.5,8.333980620394273,166.3,0.0
12.93097691796449,3456.0,1292.52,0.0968827371399871,5.338596948188352,22.831695349780812,170,165.2,8.102875692304904,165.9,0.0
12.937568564529586,3457.0,1293.12,0.09686949190605754,23.72992763434648,22.519774971893366,170,164.9,8.126497694983723,165.5,0.0
12.944113185839006,3461.0,1293.76,0.0954270774036069,5.890159178478146,20.947960359650047,170,164.5,8.108565206209049,165.2,0.0
12.950832388190685,3465.0,1294.3600000000001,0.09525763385987068,6.047282116511052,22.096895780924292,170,164.3,10.175673485450623,164.9,0.0
12.959399957702077,3466.0,1295.16,0.09198276376865232,30.843250241010303,22.0048823490193,169,164.2,10.101032457290293,164.5,0.0
12.967113995770664,3471.0,1295.8799999999999,0.08631198894883738,5.554107409381971,18.712133168047885,170,164.1,9.90866035000303,164.3,0.0
12.975109416616194,3476.0,1296.6,0.08091291767957101,5.756703008781285,18.44147437077087,170,164.1,9.902605481636618,164.2,0.0
12.983718867293142,3478.0,1297.3200000000002,0.07489406976708085,15.49701121850762,15.362061923101189,170,164.3,9.95577479339039,164.1,0.0
12.991120581479027,3482.0,1297.8799999999999,0.06711207559918844,6.661542767297345,15.365830559628005,169,164.4,10.984547614622482,164.1,0.0
12.997310624731183,3484.0,1298.2,0.06100951492094712,11.14207785388026,15.344737862780002,169,164.6,10.844780469765947,164.3,0.0
13.003030814493926,3488.0,1298.44,0.053176965439222824,5.148170786468048,12.155858682283897,168,164.8,11.591657774709052,164.4,0.0
13.007726167121746,3491.0,1298.56,0.047594142983806834,5.63442315338372,12.127791014193146,166,165.0,11.66816420292157,164.6,0.0
13.012690337645113,3493.0,1298.6,0.0441097077638921,8.935506942061735,12.584254650079565,164,165.2,11.739266719020948,164.8,0.0
13.019057982427752,3496.0,1298.72,0.04304394059171423,7.641173739166887,12.089775667391567,160,165.3,10.04947799836901,165.0,0.0
13.026728233122782,3498.0,1298.9199999999998,0.04347573966832573,13.806451251053028,12.09486246751549,160,165.5,10.431436654110268,165.2,0.0
13.035168989825406,3502.0,1299.24,0.04780495171935038,7.5966810323617056,11.498704495726091,159,165.7,10.542345477502977,165.3,0.0
13.044393445019344,3505.0,1299.7599999999998,0.053427547891392105,11.069346232724643,13.218051124818928,159,165.8,10.26217969356222,165.5,0.0
13.05530117296656,3508.0,1300.52,0.05957183393222617,13.089273536659142,13.813403017480528,158,165.7,12.472612727830732,165.7,0.0
13.064623509161661,3513.0,1301.24,0.06666786275313642,6.712082060472598,14.426499791431008,157,165.8,11.248138051852871,165.8,0.0
13.073863854995807,3519.0,1302.0,0.07478384762118698,5.544207500487177,17.43429235660532,156,165.7,11.525666703188,165.7,0.0
13.082931433486046,3521.0,1302.76,0.08111368028936113,16.32164128242819,16.884136916088604,156,165.6,10.284330960501745,165.8,0.0
13.090363235997838,3524.0,1303.4,0.08730676090652471,8.918163014150698,17.066236773131163,156,165.6,11.050750139055657,165.7,0.0
13.096432844438286,3526.0,1304.0,0.0915384417575518,10.9252951928074,17.53325164084281,158,165.8,11.250249347103445,165.6,0.0
13.103319542130606,3527.0,1304.72,0.09237670631602765,24.792111692352222,16.8768140369733,159,166.2,11.46148938513973,165.6,0.0
13.109451839296515,3530.0,1305.3600000000001,0.09421855303850102,7.358756599090597,19.95121697229153,161,166.5,12.832085402351591,165.8,0.0
13.116104135796878,3534.0,1306.0800000000002,0.09795575336126874,5.987066850327197,20.65024895519864,163,167.1,12.08020789912119,166.2,0.0
13.122586024010424,3536.0,1306.8,0.09984046785914252,11.667398784381778,19.15358831101922,164,167.7,13.72199279593859,166.5,0.0
13.128827755368196,3540.0,1307.48,0.10486907916706203,5.617558221993954,18.939540567799984,164,168.4,12.098178346584136,167.1,0.0
13.135335391041863,3541.0,1308.2,0.10777458069497503,23.42748842520269,21.587358301743496,164,169.1,11.91210429705746,167.7,0.0
13.14327363100126,3544.0,1309.08,0.10768441324495596,9.525887951276818,18.67239077665684,163,169.7,11.643173932038511,168.4,0.0
13.149972002780485,3549.0,1309.84,0.10649774407086325,4.822827681041046,21.022947032411764,161,170.2,11.25109102073507,169.1,0.0
13.158125351924596,3554.0,1310.72,0.104483402158698,5.870411383760195,20.950151787747842,163,170.5,11.211056151097988,169.7,0.0
13.165400799992316,3555.0,1311.44,0.10236111638979181,26.191613043792703,20.334417414347246,163,170.5,11.086346053993804,170.2,0.0
13.172302714460598,3559.0,1312.1200000000001,0.10478263640219236,6.211723021453336,21.66709197285102,164,170.1,10.771158840337565,170.5,0.0
13.178093861566008,3560.0,1312.68,0.10513692105767565,20.84812957947988,18.702711771609245,164,169.5,9.43704425767996,170.5,0.0
13.184130414827266,3564.0,1313.2800000000002,0.1037112377900905,5.432897935131924,18.06376735211223,164,168.5,9.54144686615138,170.1,0.0
13.19064626195914,3567.0,1313.9199999999998,0.10348633432516197,7.819016558249264,19.7878029717149,165,167.5,10.412105187339192,169.5,0.0
13.198914884513556,3569.0,1314.84,0.09968235992663856,14.883520597949461,19.764492316615762,164,166.4,9.717044148383636,168.5,0.0
13.206544671074342,3574.0,1315.6399999999999,0.09718567894371548,5.493446323766269,16.890743471775462,164,165.2,10.134619527424736,167.5,0.0
13.215053954699822,3579.0,1316.48,0.09587490846050663,6.1266842103466095,17.912084519762722,164,164.2,10.849839566656208,166.4,0.0
13.22423965555688,3581.0,1317.28,0.09703760015777828,16.534261542704346,15.341622345795958,164,163.3,10.87122848131355,165.2,0.0
13.23198162862763,3585.0,1317.96,0.10020940076028988,6.96777576367363,18.31195197502777,165,162.2,10.43863465719349,164.2,0.0
13.239516629025143,3588.0,1318.56,0.1024049503500363,9.042000477017174,20.7589042567964,165,161.3,11.782158951089858,163.3,0.0
13.246435290355429,3590.0,1319.16,0.10097899573998878,12.453590394513345,18.947309645814205,165,160.8,11.568108631540351,162.2,0.0
13.251846759481685,3594.0,1319.8,0.10250011325507788,4.870322213630381,22.104566948004344,168,160.5,11.947874400630678,161.3,3.0
13.258592186489214,3595.0,1320.6,0.10169992204606135,24.28353722710119,22.502575678301906,169,160.5,11.916325909912333,160.8,3.0
13.264883630736373,3596.0,1321.3200000000002,0.10053283037644076,22.6491992897724,20.927801578973995,169,160.7,9.45347599421028,160.5,3.0
13.270416328929418,3602.0,1322.0400000000002,0.10046976443039327,3.319618915827263,23.55892231945133,171,161.1,10.192649745578557,160.5,3.0
13.277444380965445,3603.0,1322.84,0.10115484339045289,25.300987329694898,23.04931814643365,170,161.5,10.201088665856403,160.7,3.0
13.284434335241231,3606.0,1323.52,0.10062208927725183,8.387945130943615,24.83368168268013,171,161.9,9.5111511156446,161.1,3.0
13.29082599060617,3610.0,1324.16,0.10029593018119003,5.752489828444291,24.83535004556061,172,162.4,10.933890942166029,161.5,3.0
13.297254175443214,3611.0,1324.7599999999998,0.09720448346571502,23.141465413362056,22.12705772842613,172,162.9,10.907972157132791,161.9,0.0
13.30447788372353,3616.0,1325.36,0.09769265751114725,5.2010699618279,20.940296564665072,171,163.3,9.614656238424963,162.4,0.0
13.311007415704273,3617.0,1325.9199999999998,0.09783244623519197,23.506315130674114,21.297926692851313,170,163.6,9.9397600577352,162.9,0.0
13.317962873569911,3622.0,1326.56,0.09785407348165572,5.007929663259829,18.194043722650274,168,163.9,10.48674123897573,163.3,0.0
13.324750632365987,3625.0,1327.2,0.09978483610345364,8.145310555291708,17.92137583280532,168,164.2,10.26794229489827,163.6,0.0
13.333320048244802,3627.0,1328.08,0.10170741059755968,15.424948581867538,17.80802136961735,167,164.5,11.26437792743169,163.9,0.0
13.341675072251315,3632.0,1328.96,0.10273914591949215,6.015617284689258,16.241946751797798,167,165.0,11.524423388399963,164.2,0.0
13.351001882607147,3638.0,1329.92,0.10262554809682281,5.596086213498991,16.495105371505865,168,165.5,11.42141509119618,164.5,0.0
13.360270992524745,3643.0,1330.8799999999999,0.10303718452332451,6.6737591406701915,13.787666842545027,166,165.9,11.713089114452728,165.0,0.0
13.368693803757674,3648.0,1331.7599999999998,0.10225225741278961,6.064424087709357,14.54121238893118,165,166.1,11.52325650571647,165.5,0.0
13.37603338496287,3650.0,1332.52,0.10307879797723092,13.211246169351785,14.277712087748853,165,166.5,11.069288098391036,165.9,0.0
13.382294730036032,3653.0,1333.1599999999999,0.10236037643331616,7.513614087793676,13.85140022548767,165,166.9,11.682924887930644,166.1,0.0
13.388043933611543,3656.0,1333.7599999999998,0.1013442767256411,6.899044290614581,13.864414244134668,164,167.2,11.52958918593546,166.5,0.0
13.393808503447433,3658.0,1334.3200000000002,0.10036516479240476,10.376225704602493,13.80640174738106,164,167.4,10.259253885241469,166.9,0.0
13.399991659717594,3662.0,1334.9599999999998,0.09918638237672962,5.564840643144856,17.229898342195092,164,167.4,12.746568469346842,167.2,0.0
13.407277159329247,3664.0,1335.68,0.0976827263740623,13.11389930097386,17.273944394463363,164,167.1,11.72731690300802,167.4,0.0
13.414223645230889,3668.0,1336.3600000000001,0.09714280869124256,6.251837311477428,16.967740050576715,164,166.5,12.283201557879565,167.4,0.0
13.42174692484999,3673.0,1337.1200000000001,0.09889133727277985,5.416761325752263,16.96946075621846,164,165.9,12.01597386721468,167.1,0.0
13.429342714275846,3674.0,1337.8799999999999,0.1005787323904477,27.344841933085956,17.077781780336462,164,165.4,13.269095835781377,166.5,0.0
13.436728844562104,3679.0,1338.56,0.10300976647455933,5.318013806106013,18.81827022969042,164,165.1,12.086459140269556,165.9,0.0
13.442999691837926,3681.0,1339.2,0.10506547210574349,11.287525096479191,18.548455751918823,164,164.8,13.897917542191951,165.4,0.0
13.4492105796747,3684.0,1339.8799999999999,0.10443432772743173,7.453065404129552,19.786527440850296,165,164.6,13.212865723705542,165.1,0.0
13.45540286084816,3687.0,1340.52,0.10478766241582065,7.43073740815229,19.910710581809568,166,164.4,13.216515474204936,164.8,0.0
13.461142848047306,3688.0,1341.1599999999999,0.10239740219225665,20.6639539169234,19.84729075668524,165,164.3,13.730046656238002,164.6,0.0
13.466930583039778,3693.0,1341.8400000000001,0.09980197109329401,4.167169194579528,16.99286505339195,166,164.4,11.50002794054134,164.4,0.0
13.472647992026001,3694.0,1342.44,0.0985168182524094,20.582672350404906,17.422705949740795,166,164.5,11.624394710856665,164.3,0.0
13.47849541002067,3697.0,1343.08,0.09695564666880893,7.016901593602613,17.51330263434039,166,164.6,11.069087313960956,164.4,0.0
13.483601898759625,3700.0,1343.6399999999999,0.09473212997779276,6.127786486746023,17.144335111893035,166,164.7,11.004657802010458,164.5,0.0
13.489405762496606,3702.0,1344.2,0.09481799062284643,10.446954726566586,20.72054074132015,165,164.7,9.634286573587405,164.6,0.0
13.497020429466204,3705.0,1344.8,0.09636784964906506,9.137600363518603,18.636828117774364,166,164.6,11.664778722650176,164.7,0.0
13.503907436871986,3707.0,1345.3600000000001,0.09472716449730673,12.396613330406272,18.959341699780442,166,164.6,9.843105812675528,164.7,0.0
13.511659782813188,3713.0,1345.96,0.09616902006090733,4.651407564721978,16.912368097321988,166,164.5,10.280796009603456,164.6,0.0
13.519863968299532,3714.0,1346.72,0.09727543875887201,29.535067750837424,18.182312570840388,165,164.5,9.965790357115782,164.6,0.0
13.529218642918583,3718.0,1347.64,0.09751349814871742,8.419207157144815,18.5357989470565,166,164.4,9.702473284080986,164.5,0.0
13.536932482594061,3722.0,1348.4,0.09758683994810909,6.942455707930783,18.939085808686098,165,164.1,10.393432782623792,164.5,0.0
13.546009499175774,3726.0,1349.28,0.0980265281921907,8.169314923542323,21.200346477354852,165,163.8,10.226059069086867,164.4,0.0
13.554165662164186,3728.0,1350.16,0.09848906613323308,14.681093379141766,20.130645013990957,166,163.5,10.023919476925204,164.1,0.0
13.56093464430354,3731.0,1350.84,0.09972865221086896,8.122778567223909,22.60121168203684,168,163.3,10.149776765433296,163.8,0.0
13.56791206380739,3733.0,1351.48,0.10126466457090229,12.559355106929418,19.819818769451473,169,163.2,10.687133088550535,163.5,0.0
13.57425749728951,3734.0,1352.12,0.09791802670757811,22.843560535637224,19.42798595465387,169,163.1,9.328265253472782,163.3,0.0
13.579677317620735,3738.0,1352.6799999999998,0.09628885055980138,4.877838298102255,19.023552068604822,172,163.0,9.325147062924527,163.2,0.0
13.585529888879874,3739.0,1353.24,0.09178883334667168,21.069256532896,18.405924968407735,172,162.9,9.962995404820225,163.1,0.0
13.592917068467258,3741.0,1353.8799999999999,0.08486141282431633,13.296923257292848,18.11032976532855,172,162.7,10.286998662129896,163.0,0.0
13.598382457352157,3744.0,1354.3600000000001,0.07961663406725449,6.558466661878074,17.78763003104632,173,162.5,10.57064637227984,162.9,0.0
13.603108181860758,3748.0,1354.84,0.07824632061264977,4.2531520577412865,17.077350868132974,171,162.3,10.299996151374042,162.7,0.0
13.605468451755485,3750.0,1355.2800000000002,0.0763314171600143,4.248485810507911,14.717248060507947,170,162.1,10.425357036769771,162.5,0.0
13.609435325278477,3751.0,1355.6,0.07670035574995887,14.280744682770976,14.77400591479402,169,161.7,9.598861792597742,162.3,0.0
13.617074967052012,3755.0,1355.8799999999999,0.07687342702319795,6.875677596182066,15.773679054306566,168,161.1,12.048040276244238,162.1,0.0
13.627527725907976,3759.0,1356.4,0.07468947096140391,9.407482970367015,14.664492131339301,165,160.2,11.323713491920037,161.7,3.0
13.6380859644736,3763.0,1356.92,0.07364278714015078,9.502414709061197,15.301980003229058,163,159.3,11.891090140291189,161.1,3.0
13.64795573844496,3769.0,1357.56,0.07356425350763698,5.921864382816403,16.306110838519032,162,158.3,12.506609054198066,160.2,3.0
13.656226805040731,3770.0,1358.28,0.07382775995251845,29.775839744774157,16.390337545834164,162,157.1,11.479763396002108,159.3,3.0
13.663278263782662,3774.0,1359.0,0.077143007488587,6.346312867737271,15.846430382464494,161,156.0,11.149758171692532,158.3,3.0
13.669241719589488,3776.0,1359.56,0.08069861560252435,10.734220452289094,18.079128678382215,161,154.8,10.832290941364992,157.1,3.0
13.675578026506185,3778.0,1360.12,0.08199802212804022,11.405352450055993,17.884426143688295,161,153.6,12.8959863593262,156.0,3.0
13.680536220902942,3782.0,1360.6,0.08644431784499296,4.462374957081314,18.712289560825845,161,152.4,12.841806852582511,154.8,3.0
13.686066668926037,3784.0,1361.1200000000001,0.0902792501856445,9.954806441570394,18.837696724686637,158,151.4,14.32470188786962,153.6,3.0
13.69170859129691,3785.0,1361.6,0.09267649511093244,20.310920535145748,15.51908124687537,159,150.6,11.620803284598622,152.4,3.0
13.69776440777597,3788.0,1362.16,0.09719397602491722,7.266979774871931,16.952059561513444,160,150.2,12.510075397638692,151.4,3.0
13.705153336887061,3790.0,1362.92,0.10135879186602137,13.300072399964458,17.21786458794475,160,149.9,11.603478891652523,150.6,3.0
13.712939975047663,3795.0,1363.7199999999998,0.10314279328101014,5.606379475632969,16.446572881149685,162,149.7,11.156723929939076,150.2,3.0
13.72008905919732,3800.0,1364.48,0.10610061957060726,5.147340587753622,18.99129289999412,164,149.8,11.15360155343722,149.9,3.0
13.72772130940922,3802.0,1365.36,0.10947037309477874,13.738050381420033,19.142840092979863,165,149.9,11.228716223539545,149.7,3.0
13.733731648106481,3804.0,1366.08,0.11170504287483651,10.818609655067574,17.190082627748716,165,150.2,11.519329754068432,149.8,3.0
13.738738289159745,3808.0,1366.6799999999998,0.11655159812882084,4.505976947937968,17.81455064051262,165,150.6,9.790208952480125,149.9,3.0
13.743929892832604,3809.0,1367.2800000000002,0.11754810119847543,18.689773222295585,18.745791538310176,166,151.3,9.718865504092264,150.2,3.0
13.749316347605514,3811.0,1367.92,0.11617135691539984,9.695618591238025,18.30039753276677,163,152.0,9.913924335580354,150.6,3.0
13.753415103909996,3813.0,1368.44,0.11384601481096808,7.377761348067475,19.739559739478363,163,152.7,10.6499439417187,151.3,3.0
13.759258447225537,3815.0,1369.12,0.10865210197877284,10.5180179679743,20.009220364378244,163,153.4,10.046467917887336,152.0,3.0
13.764472303951196,3816.0,1369.72,0.10266522417995243,18.769884212369746,19.70911506066737,163,154.0,9.93968001971113,152.7,3.0
13.769220067888499,3821.0,1370.24,0.10076229414064235,3.4183900348583625,19.9269592310919,165,154.9,9.933803448029568,153.4,3.0
13.773417761475468,3822.0,1370.6799999999998,0.0980356549573019,15.111696913087833,19.21101579762817,167,155.9,11.536961931777087,154.0,3.0
13.777956235084108,3823.0,1371.08,0.09504800514405443,16.338504991102784,18.415687971581075,170,157.0,12.796723429456602,154.9,3.0
13.78067527027384,3824.0,1371.3600000000001,0.09574570342725455,9.788526683029732,19.21387397172972,170,157.9,12.103980107486397,155.9,3.0
13.784799002040785,3826.0,1371.7599999999998,0.09176395087229414,7.422717180503432,18.78642044992649,169,158.7,13.195896221483729,157.0,3.0
13.7894632929116,3827.0,1372.1599999999999,0.08839656123969483,16.791447134933,16.58665931249127,168,159.1,13.39214737277609,157.9,3.0
13.795192109042693,3831.0,1372.6399999999999,0.0863285361751296,5.155934517983689,20.331387238471827,167,159.5,11.896779891916776,158.7,3.0
13.802699958622394,3833.0,1373.28,0.08615783159090389,13.51412924346357,18.750953723197597,167,159.9,11.816523821355208,159.1,3.0
13.81018717607908,3836.0,1373.8799999999999,0.08462388039128607,8.98466094802243,19.531876145109578,166,160.2,11.690846804749333,159.5,3.0
13.8186129138644,3841.0,1374.52,0.08779871339422543,6.066531205429838,19.045341002283738,165,160.5,13.176361055892697,159.9,3.0
13.82647167382993,3842.0,1375.16,0.08713714747473625,28.291535875912114,20.955379026305245,165,160.5,12.991581120618264,160.2,3.0
13.834670309246096,3848.0,1375.8400000000001,0.08849140830806834,4.919181249699622,19.222217060650763,164,160.3,11.858964454186818,160.5,3.0
13.840752906896046,3849.0,1376.3600000000001,0.08770895937449127,21.897351539818196,21.934222301213786,164,159.9,10.729595918505588,160.5,3.0
13.848659851092025,3853.0,1377.0,0.08590560225127575,7.1162497763809,20.881693860679892,164,159.6,10.897870378761423,160.3,3.0
13.854202611332628,3854.0,1377.52,0.08569830563158815,19.953936866170384,20.937658445947868,164,159.3,10.75036599071853,159.9,3.0
13.861098556026816,3859.0,1378.16,0.08729195091465572,4.965080179814825,21.773679404999296,165,159.1,10.55939691958422,159.6,3.0
13.867562588953819,3860.0,1378.72,0.08785007307250796,23.27051853720765,18.486618968475355,164,158.9,10.841584818872818,159.3,3.0
13.874966601241152,3864.0,1379.3600000000001,0.0886354654665115,6.663611058599468,18.57466692005533,165,158.6,10.467149530639396,159.1,3.0
13.882484233285332,3867.0,1380.08,0.09216561503947235,9.021158453016364,17.787383021321663,164,158.4,10.572628455368315,158.9,3.0
13.891819102473466,3870.0,1380.9199999999998,0.09160812209714318,11.201843025760493,17.727138022147308,164,158.2,9.0913771935956,158.6,3.0
13.900140420138667,3875.0,1381.6799999999998,0.09334798500182852,5.9913487189455035,15.642639030232607,166,158.0,9.428051702374685,158.4,3.0
13.908699932573185,3880.0,1382.48,0.0932620455540202,6.162848952852844,18.781807901472337,165,157.8,9.34085350612245,158.2,3.0
13.917780086779219,3882.0,1383.32,0.09445421565527298,16.34427757086112,16.083322385667834,165,157.8,9.240549112870523,158.0,3.0
13.924971147509082,3886.0,1383.9599999999998,0.09417709151277256,6.4719546568759325,16.788578894979942,165,157.9,11.766738748105157,157.8,3.0
13.931915841489015,3890.0,1384.64,0.09446444781440437,6.25022458193982,16.423113135761152,164,158.1,9.997133466726378,157.8,3.0
13.938935286397472,3891.0,1385.28,0.09234868295809402,25.270001670442575,15.982164622983785,164,158.3,10.13680772275532,157.9,3.0
13.945954438393946,3896.0,1385.9199999999998,0.09220532063023405,5.053789437461184,16.87061802410857,164,158.4,10.832161076152795,158.1,3.0
13.952088056742767,3898.0,1386.52,0.09070913922380605,11.040513027878724,16.692116690809048,164,158.5,11.213541293974153,158.3,3.0
13.958611503329589,3902.0,1387.2,0.08847461430989649,5.871101928139619,16.26015319165495,164,158.5,11.307625112611694,158.4,3.0
13.965752063575765,3905.0,1387.84,0.08829793920888798,8.568672295412547,16.398435023853818,163,158.4,11.263753994787724,158.5,3.0
13.972919254522639,3907.0,1388.56,0.08761068067934882,12.900943704373558,17.14055878379169,163,158.3,12.268078594625797,158.5,3.0
13.980401107551778,3913.0,1389.2400000000002,0.08609005631408548,4.489111817483605,14.834367013560584,162,158.2,12.263086998925653,158.4,3.0
13.98835826402358,3915.0,1389.92,0.08454206978021801,14.322881649244486,14.737209199793806,162,158.0,12.251292388542096,158.3,3.0
13.9969477390702,3919.0,1390.6,0.08284504426533126,7.73052754195684,15.5247763206549,163,157.8,10.472457775875617,158.2,3.0
14.006634228914459,3922.0,1391.3200000000002,0.07973585753454661,11.62378781311221,15.766145876097607,163,157.5,10.75927873738827,158.0,3.0
14.01636866501418,3925.0,1391.96,0.07693930653339713,11.681323319665038,16.052905622885277,163,157.3,10.946876708173118,157.8,3.0
14.02613484632636,3932.0,1392.64,0.07511652072856671,5.022607531978644,15.467231174553527,163,157.3,10.258348240669648,157.5,3.0
14.035812066574604,3934.0,1393.28,0.07292075836064252,17.41899644683568,15.550752748151808,163,157.2,9.6726694037777,157.3,3.0
14.045935549353755,3938.0,1393.92,0.07125148291801414,9.111134501236336,14.172020097759155,162,157.1,11.00773671102343,157.3,3.0
14.055439840517849,3941.0,1394.52,0.06900787490922983,11.405149396911996,17.408705405445595,161,157.0,10.76137218078074,157.2,3.0
14.066766997734867,3945.0,1395.28,0.06541181822225643,10.194441495315587,16.334804211754896,161,156.9,9.945276447516912,157.1,3.0
14.076338198853934,3951.0,1395.92,0.06207921543101358,5.742720671440879,17.013457017401105,160,156.7,9.617290733769302,157.0,3.0
14.086434747533142,3957.0,1396.6,0.06030165526041994,6.057929207524205,17.71558544356486,158,156.5,9.717220973221078,156.9,3.0
14.095385389860482,3958.0,1397.2,0.06042638636593871,32.2223123784218,16.171690094705745,157,156.3,9.16934115361966,156.7,3.0
14.103903067579674,3965.0,1397.68,0.06100138815771079,4.380519969870187,15.765814753896356,154,156.1,8.90894591510318,156.5,3.0
14.113544784137106,3967.0,1398.0800000000002,0.06341534576631942,17.355089803376544,15.288876234770402,154,155.8,9.539021424753312,156.3,3.0
14.125964558216047,3971.0,1398.64,0.0629238244137484,11.177796671047435,18.26452568945431,153,155.4,9.84512483482106,156.1,3.0
14.137882124657507,3977.0,1399.3200000000002,0.06369390289135037,7.150539864876111,18.255081574389674,151,155.0,9.721886495767333,155.8,3.0
14.149181451270557,3984.0,1400.0,0.06315043495922582,5.811082258140585,20.606148822481895,151,154.6,8.982109634220354,155.4,3.0
14.160612669456164,3989.0,1400.8,0.0650603535212407,8.230477093636614,17.12630136903111,149,154.4,9.26443993499589,155.0,3.0
14.169176946032533,3990.0,1401.48,0.06886930176591857,30.83139567492766,18.550509055465206,149,154.2,9.31902649271404,154.6,3.0
14.176400453815871,3995.0,1402.16,0.07615366633053082,5.200925604004012,17.455795787718614,148,154.8,9.718978847725248,154.4,3.0
14.18220236480487,3996.0,1402.72,0.08191407757156441,20.886879560395254,16.979077163041175,148,155.6,11.127697079117008,154.2,3.0
14.189401429173913,4001.0,1403.4,0.08648439676413208,5.183326345711819,17.134212824077302,149,156.6,11.13778436647487,154.8,3.0
14.196775452007396,4003.0,1404.1200000000001,0.09018349351323937,13.273241100270905,17.301561028978018,150,157.6,11.515441145279402,155.6,3.0
14.2059855906113,4007.0,1405.0400000000002,0.09151998562140935,8.289124743514828,18.00048329680187,151,158.7,11.10576305653994,156.6,3.0
14.21530537818618,4012.0,1405.96,0.09270747426999174,6.710247053912978,15.865395525657306,151,159.6,10.429313143914827,157.6,3.0
14.22519331721376,4017.0,1406.8799999999999,0.09473624840725164,7.119316099857553,15.86878812984882,152,160.3,11.448460367215668,158.7,3.0
14.234307524101487,4022.0,1407.7599999999998,0.09833888570862451,6.562228959163821,16.44861903529325,152,160.9,11.520280305240394,159.6,3.0
14.243588034433925,4025.0,1408.56,0.10091252366232531,11.136612398925488,17.55213511974077,152,161.4,11.62371914548842,160.3,3.0
14.251110360911172,4027.0,1409.24,0.10280558287196762,13.54018765904456,16.61159339479482,153,161.8,11.73608742939516,160.9,3.0
14.257342987466902,4032.0,1409.9599999999998,0.10199758336495504,4.487491120125441,16.444921984417633,155,161.4,11.37390584023059,161.4,3.0
14.263686728543368,4033.0,1410.68,0.09856989987643883,22.83746787527615,16.43801746240936,155,160.8,11.04422918222133,161.8,0.0
14.270655352102866,4035.0,1411.4,0.09616882635018456,12.543522407095278,19.018969369811977,156,159.8,10.92116554083506,161.4,3.0
14.27668741948783,4038.0,1412.0800000000002,0.09302579459421442,7.238480861957244,21.021344704781868,157,158.7,10.696536500014602,160.8,3.0
14.28270512428929,4041.0,1412.72,0.09217678548036368,7.221245761752774,19.95743050327355,157,157.6,12.2305011561599,159.8,3.0
14.288248025403538,4044.0,1413.2,0.09321251297781094,6.65148133709738,21.588881267735253,160,156.6,12.50592020003126,158.7,3.0
14.294678831219464,4045.0,1413.7599999999998,0.0939905786073562,23.150900937332768,21.72647059173903,162,155.8,11.81310778640844,157.6,3.0
14.300001010090563,4046.0,1414.2400000000002,0.09347974041907335,19.159843935958925,19.231755531939108,163,155.1,11.467778458325231,156.6,3.0
14.305847092283928,4051.0,1414.8,0.09245762096378837,4.209179179223424,19.082748389139702,161,154.5,11.495239132921403,155.8,3.0
14.312641355839212,4052.0,1415.4,0.09188131875318983,24.459348799017874,19.069377678893325,161,154.0,11.27438738034743,155.1,3.0
14.319808025431488,4056.0,1416.04,0.09127301839056415,6.450002633049092,21.530093970954887,159,153.6,11.248414540344722,154.5,3.0
14.326377852987058,4059.0,1416.64,0.09320365511577648,7.883793066683007,21.39146047175172,159,153.2,12.354215186301747,154.0,3.0
14.33290060948788,4061.0,1417.24,0.0940992711112852,11.740961701479604,19.610064639158498,160,153.1,12.329378840825886,153.6,3.0
14.339546954705543,4065.0,1417.8799999999999,0.09639876352025534,5.981710695898494,17.830346758121642,160,153.1,12.433488257818368,153.2,3.0
14.34567928478143,4066.0,1418.52,0.09733636946386597,22.076388273186396,18.206251918485886,160,153.1,12.544144528069785,153.1,3.0
14.352351065315252,4071.0,1419.16,0.09784771592485123,4.803681984353067,18.134394731619647,160,153.1,12.300777942602908,153.1,3.0
14.358920362133595,4073.0,1419.8,0.09901238912525999,11.8247342730183,18.000627330287795,160,153.1,12.597939150280933,153.1,3.0
14.365475494282885,4076.0,1420.44,0.09969976981357553,7.866158579146624,18.506156435910476,159,153.1,12.549986679903515,153.1,3.0
14.372022076262642,4080.0,1421.0800000000002,0.1017498633196962,5.89192378178179,17.923907632883534,158,153.3,12.26026398569639,153.1,3.0
14.378406605406694,4081.0,1421.72,0.10130853641461846,22.98430491858892,17.92235904380165,158,153.8,12.745370138360574,153.1,3.0
14.38471259418684,4086.0,1422.44,0.10067444044489815,4.540311921705988,15.490228460734466,157,154.7,13.775064718845332,153.3,3.0
14.39066018977549,4088.0,1423.08,0.09966109699151245,10.705672059568998,15.887039924342517,157,155.6,12.76405074164816,153.8,3.0
14.397324030458112,4091.0,1423.8,0.09771441294735916,7.996608819145387,15.687437565269613,157,156.1,12.600517650176611,154.7,3.0
14.403187780410768,4094.0,1424.4,0.09633463765452359,7.0364999431877,15.482918565335357,158,156.5,12.409955305413591,155.6,3.0
14.409241010123651,4097.0,1425.0,0.09616869922250416,7.263875655459232,19.281709336007346,158,156.9,12.375991098580515,156.1,3.0
14.416049699350438,4100.0,1425.6,0.09551792811430442,8.170427072143893,16.432629626764516,158,157.3,12.228614026233195,156.5,3.0
14.422134561745159,4102.0,1426.16,0.09226363146438156,10.952752310495969,16.647004937299464,158,157.8,12.37137313440356,156.9,3.0
14.429760244685855,4106.0,1426.8,0.09226903564987934,6.863114646627363,17.71206657898298,159,158.3,12.401785891543588,157.3,3.0
14.438414083612003,4107.0,1427.56,0.09148231158651492,31.153820134128104,18.306400259811554,159,158.6,12.423179384031643,157.8,3.0
14.447227837120005,4113.0,1428.3200000000002,0.09099758138981809,5.2882521048011455,18.442544595233972,160,158.6,11.508363120890364,158.3,3.0
14.455473746122777,4118.0,1429.0,0.09137952821233411,5.93705448199541,18.35163316588312,159,158.2,11.258502336719909,158.6,3.0
14.465284415896969,4120.0,1429.88,0.09321622055265708,17.659205593543746,19.927030642338273,158,157.8,10.182124010710094,158.6,3.0
14.475126425061434,4123.0,1430.8400000000001,0.09419865467341385,11.810410997358975,19.919058205996105,158,157.7,10.505009526820398,158.2,3.0
14.483990134094283,4127.0,1431.6399999999999,0.09346521586654086,7.977338129563112,19.894328013067135,158,157.7,11.26519953059378,157.8,3.0
14.493469529201532,4132.0,1432.48,0.09237300826269669,6.825164477219523,17.042449349769843,157,157.8,9.146145394504387,157.7,3.0
14.503588236462933,4134.0,1433.4,0.0914512755203267,18.213673070524628,17.347248024830257,157,158.0,9.070798459752558,157.7,3.0
14.512673933424178,4137.0,1434.16,0.09226504118389763,10.902836353494509,17.47529042942514,157,158.3,9.41389845813598,157.8,3.0
14.520168565138391,4141.0,1434.8,0.09110370316662081,6.745168542791807,16.32439952567595,157,158.7,9.111611551796992,158.0,3.0
14.52759382847587,4143.0,1435.48,0.08976729187210622,13.365474007463316,15.508278185765795,157,159.0,9.08135467808375,158.3,3.0
14.534390879909143,4146.0,1436.1200000000001,0.08970879326632579,8.156461719927663,17.583448168987037,157,159.3,9.280402164127594,158.7,3.0
14.540901741734013,4149.0,1436.76,0.08983555278117782,7.813034189843889,17.292030039651475,157,159.6,10.675250899215824,159.0,3.0
14.546887253355406,4151.0,1437.3600000000001,0.08763720807752627,10.773920918509047,15.968691198615213,158,159.7,10.928027912204085,159.3,3.0
14.553502389609228,4155.0,1437.96,0.08818124765341961,5.953622628439499,15.429733515206058,157,159.7,10.548744055776462,159.6,3.0
14.559426837165345,4156.0,1438.52,0.08891982947192931,21.3280112020204,15.585132747439875,157,159.7,11.158253011882984,159.7,3.0
14.56548450268589,4161.0,1439.1200000000001,0.08866340308565766,4.361519174792661,14.731955241325497,156,160.2,11.627394412812452,159.7,3.0
14.571069344762494,4163.0,1439.64,0.08837556231379047,10.05271573788633,14.497882347891496,156,161.0,11.733187623655985,159.7,3.0
14.577421827442508,4166.0,1440.24,0.08973752881480465,7.62297921601841,15.551478526641176,155,161.5,11.213888377008228,160.2,3.0
14.5838755532236,4169.0,1440.8,0.09048416391326437,7.7444709373095675,16.091634617494357,155,161.7,10.935931347355314,161.0,3.0
14.590447783066473,4172.0,1441.36,0.09197342409162891,7.886675811449137,15.881919362718293,155,161.7,11.18349699712221,161.5,3.0
14.596617237882876,4176.0,1441.92,0.09456799251763806,5.552509334762866,14.709970961658197,155,161.7,11.601292024533937,161.7,3.0
14.604458231930845,4178.0,1442.64,0.09525614266029452,14.113789286345213,15.02123818604829,154,161.9,9.159985537002049,161.7,3.0
14.612144318052616,4180.0,1443.3200000000002,0.0935701234525207,13.834955019186506,15.069961635489147,154,162.3,10.791496754579068,161.7,3.0
14.620013050115787,4186.0,1444.08,0.0913056401740055,4.7212392379022265,15.622118355473313,153,162.6,11.034393867837812,161.9,0.0
14.627752073774982,4188.0,1444.88,0.08823122804861554,13.930242586550627,17.630806623978213,153,163.0,9.73270620523236,162.3,0.0
14.635735209533369,4192.0,1445.6,0.08528719041787872,7.184822182548013,17.52628075568157,154,162.8,9.49815650348884,162.6,0.0
14.641623310263961,4194.0,1446.08,0.08362620107550096,10.598581315067856,17.776560134136155,154,162.2,11.841004769879678,163.0,0.0
14.648080256245144,4196.0,1446.6,0.08034781495428503,11.622502766130477,16.850629867736416,161,161.7,11.370735404294493,162.8,0.0
14.654144604370485,4197.0,1447.0,0.07631637948041775,21.83165325122715,15.573822252043723,163,161.4,13.834501648944356,162.2,0.0
14.66080089494134,4200.0,1447.4,0.07118386287656463,7.987548685027761,16.673276712844846,165,161.3,13.5359031323787,161.7,3.0
14.668575125877014,4203.0,1447.8799999999999,0.06444342881620646,9.329077122808194,16.430853590122904,165,161.1,13.777469040883,161.4,3.0
14.67692263287614,4206.0,1448.4,0.05886513820688535,10.017008398950574,16.409105443212546,165,160.6,14.05316757966592,161.3,3.0
14.684778694979402,4210.0,1448.84,0.056227748217180865,7.07045589293543,16.327267666232817,163,160.0,12.31462638284636,161.1,3.0
14.693063534685463,4212.0,1449.32,0.05392838869661036,14.912711470910592,15.620008110959114,160,159.4,12.012973902022669,160.6,3.0
14.701201558000351,4214.0,1449.76,0.053849921153552374,14.648441966797897,14.816828134890926,159,158.7,12.129635784066108,160.0,3.0
14.710334014205937,4218.0,1450.24,0.05377593105696936,8.219210585028273,14.54741366922888,159,158.0,12.208128972620027,159.4,3.0
14.720102567667716,4221.0,1450.6799999999998,0.052588732293647245,11.722264154135248,14.177167338452175,158,157.4,10.760930353668082,158.7,3.0
14.733437045791858,4227.0,1451.24,0.05161920393368671,8.000686874484783,16.199741602589953,157,156.8,12.883923509733464,158.0,3.0
14.74888278468447,4230.0,1451.88,0.05176862094170474,18.534886671134533,16.57879195346912,157,156.1,11.61779487453374,157.4,3.0
14.76389814528706,4238.0,1452.52,0.05143597112701233,6.7569122711650556,15.698546155785746,155,155.3,11.596839850689223,156.8,3.0
14.777670230565455,4245.0,1453.16,0.05281916005793476,7.082786714603631,15.323902784876974,154,154.3,11.074966231918516,156.1,3.0
14.791757261099013,4247.0,1453.8799999999999,0.05507426978157407,25.356654960403556,15.447488397532268,154,153.3,11.739260430644324,155.3,3.0
14.802673534800846,4251.0,1454.56,0.05760614648159952,9.824646331649031,15.291070562118776,153,152.1,11.668722406032852,154.3,3.0
14.811545298506049,4255.0,1455.1599999999999,0.06123449143009909,7.984587334682396,15.405919124584756,152,151.1,12.433009538446438,153.3,3.0
14.820874589077688,4258.0,1455.8,0.06481721925430298,11.195148685965798,17.52554389377131,152,149.9,12.172965070669406,152.1,3.0
14.830312163889898,4262.0,1456.48,0.06875228002446039,8.493817330990007,17.665806166088927,153,148.8,12.568368186494473,151.1,3.0
14.838240286080229,4265.0,1457.0800000000002,0.07316859915751793,9.513746628395502,18.03280168109417,153,147.8,13.132023645837824,149.9,3.0
14.846841351051848,4269.0,1457.8,0.07934762811785884,7.740958474457712,18.904888693843844,153,147.1,11.053623693044196,148.8,3.0
14.855061599143712,4270.0,1458.52,0.08404883996854005,29.592893130704795,18.756332569193482,153,146.4,9.9001934517197,147.8,3.0
14.86229332005083,4274.0,1459.2400000000002,0.08917531351521865,6.50854881640644,19.394120270824153,154,145.7,10.436229485873826,147.1,1.0
14.869063220787936,4277.0,1459.96,0.09269949210637005,8.123880884528448,19.5245550414124,154,145.3,12.93206155314011,146.4,1.0
14.876414114583191,4278.0,1460.8,0.09353356470068483,26.463217662917685,19.346903854322807,154,145.1,11.941231327838342,145.7,1.0
14.882573264980675,4281.0,1461.48,0.0918850806423132,7.390980476980301,20.23930644122165,153,145.4,12.30272456374865,145.3,1.0
14.888660042431487,4283.0,1462.1200000000001,0.09041548541348281,10.956199411462624,21.93395871444168,152,145.7,12.166085232053565,145.1,1.0
14.894613166866039,4285.0,1462.6799999999998,0.09048375936413403,10.71562398219167,20.459209606832463,152,146.2,12.649978229245344,145.4,1.0
14.899276992190138,4288.0,1463.1200000000001,0.09010257368977484,5.596590388918724,20.327468239905723,155,146.7,12.430091062169357,145.7,1.0
14.90326721667765,4289.0,1463.4,0.0907797342441197,14.36480815503733,20.015619362793252,158,147.3,10.974643110893188,146.2,1.0
14.908277745644124,4290.0,1463.8,0.09034597138379265,18.03790427930531,19.96112322465141,162,147.7,13.656364098999124,146.7,1.0
14.913689621577106,4291.0,1464.32,0.08968631842107845,19.48275335873307,19.93419722218966,162,148.1,13.650745014239314,147.3,1.0
14.919104308134541,4295.0,1464.84,0.08858060125017599,4.873217901690958,20.272865210389437,159,148.6,15.93324150689376,147.7,1.0
14.926013483064429,4299.0,1465.48,0.09131494474825505,6.218257436898252,20.41820367823764,158,149.1,13.15333824615106,148.1,1.0
14.933270031840703,4300.0,1466.24,0.09354130013636094,26.12357559458693,20.525670133300018,158,149.5,13.767217435956042,148.6,1.0
14.9398447093446,4304.0,1466.9199999999998,0.09901607203305471,5.917209753507101,19.26620370045267,157,149.8,14.240463506156743,149.1,1.0
14.946724592951915,4306.0,1467.6,0.102427056551791,12.383790493166252,18.940786269974854,157,150.2,13.942970628033413,149.5,1.0
14.955907719246575,4309.0,1468.52,0.10215814811197428,11.01975155359195,17.276864889026058,157,150.6,14.56341932194697,149.8,1.0
14.963977893293519,4314.0,1469.28,0.10078933838673958,5.81052531379928,17.706887643717955,158,151.1,14.614600055170024,150.2,3.0
14.97267230249956,4320.0,1470.08,0.09999413620873907,5.2166455236245515,18.962506848756092,158,151.4,17.66324096644314,150.6,1.0
14.981305244964894,4322.0,1470.8799999999999,0.09641443744712447,15.539296437600742,15.700886045710366,158,152.0,15.41611065426638,151.1,3.0
14.988571053380422,4325.0,1471.56,0.09537064368721546,8.718970098634925,15.540633990092342,158,152.6,16.73984071126949,151.4,3.0
14.995322780932751,4328.0,1472.1599999999999,0.09693441488434536,8.102073062794018,16.063663193375124,158,153.2,14.578811549697472,152.0,3.0
15.003000646196435,4330.0,1472.92,0.09566885178991444,13.820157474632039,15.539494733465645,158,153.9,15.91167568797699,152.6,3.0
15.00985208263212,4335.0,1473.56,0.0953934783431749,4.933034233693023,15.475942367407109,159,154.4,15.798455803702936,153.2,3.0
15.017023944307105,4340.0,1474.24,0.09665070482490848,5.1637404059887935,15.648867212019876,159,154.7,15.725586004218863,153.9,3.0
15.02580993901655,4342.0,1475.08,0.09810117295224083,15.814790477000496,17.996431926621835,160,154.8,16.088958392730024,154.4,3.0
15.034695364005664,4346.0,1475.92,0.09920013063325246,7.9968824902020454,18.436940562950056,161,154.9,15.212473300315278,154.7,3.0
15.042345303695479,4351.0,1476.6399999999999,0.10013241675111148,5.507956576666859,17.942355893953344,161,154.7,15.793641065538884,154.8,3.0
15.050353215233326,4355.0,1477.48,0.10006373892768963,7.207120384063004,18.925416839239908,161,154.5,12.666390336598894,154.9,3.0
15.058544266285683,4356.0,1478.3200000000002,0.09968298348051825,29.48778378848306,19.54538718617422,161,154.1,12.3350696503015,154.7,3.0
15.064792455301525,4358.0,1479.0,0.0989336271810939,11.246740228517494,19.552302617635874,159,153.9,11.290457956429734,154.5,3.0
15.069580493633211,4362.0,1479.56,0.09689819944263373,4.309234498517803,18.64105747030508,158,153.7,11.411909288378936,154.1,3.0
15.075112506698682,4363.0,1480.1599999999999,0.09517504877978056,19.915247035697256,18.29492974661534,158,153.6,10.079795636951811,153.9,3.0
15.08045942238923,4365.0,1480.6399999999999,0.09535522889523332,9.624448242987722,18.50090070209616,164,154.0,11.143854856009488,153.7,3.0
15.085644149484583,4368.0,1481.12,0.0932681072571429,6.221672514424106,19.129573022772018,167,154.8,10.368539458631732,153.6,3.0
15.091545148379318,4370.0,1481.6399999999999,0.09085552481084817,10.621798010522932,15.213487122364654,165,155.8,10.260428126992355,154.0,3.0
15.097342161927843,4374.0,1482.2,0.09164830020977925,5.217312193672901,17.826876271178936,163,156.8,11.617058980317047,154.8,3.0
15.103995172823122,4377.0,1482.84,0.09380084412935642,7.983613074335822,18.084318570959017,161,157.8,10.628694819931388,155.8,3.0
15.110320212077667,4379.0,1483.48,0.09259670825964837,11.385070658180242,15.959236492166283,161,158.6,11.416599814597658,156.8,3.0
15.117368432790395,4384.0,1484.16,0.09477823791282906,5.074718913164217,15.556787741341157,163,159.1,11.396524587420345,157.8,3.0
15.125024502902697,4385.0,1484.96,0.0951834310975659,27.56185240428769,19.22689967705713,163,159.5,11.515426315572414,158.6,3.0
15.134383121834787,4390.0,1485.7999999999997,0.09413542345313436,6.7382056311052345,18.616868006458056,161,159.9,11.606401655898315,159.1,3.0
15.142047977845502,4394.0,1486.48,0.09234382389568438,6.898370409642741,22.20007499419542,162,160.0,11.592090522620426,159.5,3.0
15.152157632325435,4399.0,1487.32,0.09134801411529156,7.278951225552517,21.767452292312107,162,159.7,11.427159453542412,159.9,3.0
15.160393786541638,4400.0,1488.04,0.08897584812829866,29.650155178332493,21.93959306095088,161,159.1,11.179565917813123,160.0,3.0
15.17025896046609,4406.0,1488.7199999999998,0.08724101212458632,5.919104354671072,22.068426667595496,160,158.3,10.61662343944286,159.7,3.0
15.178552008977249,4407.0,1489.3600000000001,0.08239993845931301,29.85497464017155,18.974453412507067,160,157.5,9.093756105211824,159.1,3.0
15.188269618799682,4414.0,1490.08,0.07658271880117598,4.997627908679256,18.435141820193017,160,156.7,10.24155920585432,158.3,3.0
15.19593669087925,4416.0,1490.6399999999999,0.07118645994969353,13.80072974322324,18.382419034617918,159,155.8,9.538299697601213,157.5,3.0
15.204638584547022,4420.0,1491.2,0.06415580527898793,7.831704300993428,18.25695070138662,158,155.1,9.965753675034424,156.7,3.0
15.210292162567074,4422.0,1491.6,0.05740471763441675,10.176440436092056,15.523640444629432,157,154.3,11.432833300838562,155.8,3.0
15.215461163709946,4427.0,1491.92,0.053310924586888374,3.7216808228683393,17.891944587150697,155,153.3,10.595051917322577,155.1,3.0
15.219941713282212,4429.0,1492.1200000000001,0.05027251918402024,8.064989230077137,15.525110926428841,155,152.5,11.178689685380068,154.3,3.0
15.22442164834393,4431.0,1492.3200000000002,0.04704684471814402,8.063883111091705,15.351121007638103,155,151.7,9.884134818199827,153.3,3.0
15.228637806396378,4432.0,1492.44,0.046113652391385235,15.17816898881303,14.479582803003987,155,150.9,11.402386394724902,152.5,3.0
15.236179205261745,4433.0,1492.72,0.04509774602221493,27.1490359153249,15.326537570741857,154,150.6,11.52464038345848,151.7,3.0
15.245731254310732,4435.0,1493.08,0.045877352520983974,17.1936882881743,15.268616972270289,153,150.4,12.372510686229775,150.9,3.0
15.256371426911253,4443.0,1493.56,0.04785008224701117,4.788077670234102,16.34193848286689,152,150.6,12.273093708638925,150.6,3.0
15.268290862405026,4448.0,1494.12,0.051328099653121094,8.581993555516163,16.19728968562169,149,151.1,13.37397877490108,150.4,3.0
15.280353067645235,4451.0,1494.76,0.055940022033980755,14.474646288251513,16.942157610727982,148,151.5,13.122226276664788,150.6,3.0
15.290876467856322,4455.0,1495.44,0.06318108170650756,9.47106018997735,18.1134511731708,145,152.0,11.28085248112086,151.1,3.0
15.300346927978826,4458.0,1496.16,0.06837868061388824,11.364552147004193,15.620737806256795,145,152.7,13.06649700832359,151.5,3.0
15.30945450223267,4464.0,1496.84,0.0718552198224435,5.464544552306794,14.406647964035187,143,153.7,12.480567577896563,152.0,3.0
15.319469430790456,4467.0,1497.64,0.0759327046622183,12.017914269342388,15.252279341382813,144,154.9,13.772806841654088,152.7,3.0
15.331033166113926,4469.0,1498.56,0.07776079630120916,20.814723582246522,19.171592917111564,145,156.1,12.878315175116509,153.7,3.0
15.341641560092906,4475.0,1499.44,0.07840434290149541,6.365036387388636,18.016977631108148,147,157.0,13.70802643897868,154.9,3.0
15.351073869884456,4481.0,1500.2,0.07835332058261965,5.659385874929353,18.639841947342013,146,157.9,12.79657813249609,156.1,3.0
15.362349912119761,4485.0,1501.1200000000001,0.079110677950854,10.148438011775344,18.48133169399354,145,158.5,11.804961418672104,157.0,3.0
15.371666666072032,4486.0,1501.88,0.07924026962962864,33.54031422817901,19.07754911009796,145,159.1,13.086768479812289,157.9,3.0
15.37927723946409,4492.0,1502.56,0.07798346938875168,4.566344035233821,18.71319898600489,146,159.7,13.325796981952331,158.5,3.0
15.38654723532469,4494.0,1503.1599999999999,0.07625434017518387,13.085992549080439,16.504710941564532,148,160.2,13.314197396797658,159.1,3.0
15.394879034349735,4497.0,1503.84,0.07354199277894104,9.998158830053349,20.307706231600168,148,160.8,13.302513287644391,159.7,3.0
15.403465263119923,4500.0,1504.44,0.07289462185282174,10.303474524224583,20.25224200378038,148,161.2,13.266419714722623,160.2,3.0
15.411647798618741,4503.0,1505.0,0.0703493059095393,9.819042598582508,23.469484452226283,149,161.5,14.126672227168712,160.8,3.0
15.422081538734549,4509.0,1505.6399999999999,0.06982795856727306,6.260244069484837,19.363706871839288,151,161.7,13.631577176805472,161.2,3.0
15.431298829364673,4510.0,1506.2,0.06935460811426267,33.182246268448,20.108249569280343,151,161.7,12.83198069695056,161.5,3.0
15.442193930806706,4517.0,1506.88,0.07049832110277413,5.603195027331235,20.684621788503726,150,161.6,13.061929459491008,161.7,3.0
15.451353209400684,4518.0,1507.56,0.07004570151623182,32.97340293831985,20.203625248380284,150,161.5,13.954069666912114,161.7,3.0
15.460922012101937,4524.0,1508.28,0.06942947716740502,5.74128162075199,20.951386880677923,150,161.4,11.783228157542473,161.6,3.0
15.469842958713008,4527.0,1508.96,0.06890712459399319,10.705135933283627,20.921638919506787,150,161.4,11.35969780919879,161.5,3.0
15.479742099408057,4529.0,1509.72,0.06630724984076007,17.81845325108746,24.845561118477473,151,161.5,14.18785356654532,161.4,3.0
15.489496585586974,4534.0,1510.44,0.06424623417903866,7.023230048820033,21.482197314584422,152,161.7,12.494527974365926,161.4,3.0
15.498667675288841,4536.0,1511.04,0.05920680441408811,16.50796146336017,22.98836872136994,152,161.7,12.577301461664424,161.5,3.0
15.51014639743419,4540.0,1511.64,0.05581299276342949,10.330849930813038,19.708955901221326,154,161.6,10.75904046207958,161.7,3.0
15.520353801095917,4541.0,1512.1200000000001,0.05168234738269558,36.74665318221601,21.244965653134948,154,161.7,13.025726356358687,161.7,3.0
15.532254849036672,4545.0,1512.56,0.04985787730037204,10.710943146680409,20.98068372158667,157,162.1,13.11363562966711,161.6,3.0
15.542721791035207,4547.0,1512.8,0.048047561381448625,18.840495597362327,20.785122073532147,156,162.5,13.241304497965416,161.7,3.0
15.555347470282541,4551.0,1513.2,0.047881990115504224,11.363111322599675,21.28837104340798,156,162.9,13.33772251872487,162.1,0.0
15.565941871951178,4553.0,1513.56,0.0493766709505512,19.06992300354715,20.166355711094244,157,163.2,13.153170746508405,162.5,0.0
15.576578468718449,4557.0,1514.08,0.053294956744326626,9.572937090543075,21.20310110428057,155,163.5,13.027701453896873,162.9,0.0
15.586072777194142,4559.0,1514.6799999999998,0.05842094730341011,17.08975525624677,17.359174217325787,154,163.7,10.527391764496668,163.2,0.0
15.594953572139085,4562.0,1515.3600000000001,0.0636115367160462,10.656953933931625,17.122287665187738,153,163.7,13.46537378486372,163.5,0.0
15.603557028293766,4566.0,1516.0800000000002,0.07273869260929722,7.743110539212692,16.017532769694203,153,163.7,13.39040016143153,163.7,0.0
15.612525099173238,4568.0,1516.9599999999998,0.0787098731039769,16.142527583049116,16.544130422304875,152,163.7,13.058858944584136,163.7,0.0
15.621648675661264,4574.0,1517.8,0.08428484074549467,5.474145892816098,15.136056786740372,152,163.6,11.2036657281437,163.7,0.0
15.62986838264316,4578.0,1518.56,0.08731679780587372,7.397736283706462,17.0457412190919,153,163.3,12.39228235031285,163.7,0.0
15.639195470041654,4582.0,1519.44,0.08911599468901135,8.39437865864467,16.18809900580579,154,162.9,12.109508895879666,163.6,0.0
15.64618303928726,4584.0,1520.1599999999999,0.0898979118811122,12.577624642091703,16.206635547035383,154,162.4,11.18373019380821,163.3,0.0
15.6525705798309,4588.0,1520.8,0.09034086670596314,5.748786489275906,18.401548708795428,156,162.0,11.55594835713686,162.9,0.0
15.658185449075656,4589.0,1521.3600000000001,0.088498871281653,20.213529281119847,16.9565422992144,159,161.6,11.602109737527606,162.4,0.0
15.66337244978814,4591.0,1521.8799999999999,0.08787698038366573,9.336601282469196,18.065453802032078,162,161.1,11.291905194756389,162.0,0.0
15.668692361242327,4593.0,1522.4,0.08831123245767578,9.575840617537887,18.033143771413112,163,160.6,9.12033172277798,161.6,3.0
15.67461164431801,4594.0,1522.92,0.0868827119354806,21.3094190724596,18.20389362353499,163,160.1,9.590486286399797,161.1,3.0
15.681565962072668,4598.0,1523.44,0.08692932535294332,6.258885979192509,18.277397736383882,162,159.6,11.059500917192516,160.6,3.0
15.688984404205712,4600.0,1524.04,0.08747588450036381,13.353195839478813,18.177173838068757,160,158.7,10.470636717884377,160.1,3.0
15.69698105310786,4604.0,1524.68,0.08714017120637664,7.196984011933308,17.69256790070524,158,157.6,9.418638791368885,159.6,3.0
15.704967216391331,4607.0,1525.3200000000002,0.08676558063409139,9.583395940165373,17.193975025136815,158,156.3,9.39460851464268,158.7,3.0
15.712460204194304,4609.0,1525.92,0.08280431319641304,13.487378045350708,16.29492989721568,158,155.4,9.728501827082557,157.6,3.0
15.718688732145967,4613.0,1526.48,0.0780010745858132,5.605675156497019,13.777745378202948,157,154.9,10.581084495494874,156.3,3.0
15.723845459532173,4614.0,1526.92,0.07171869904242548,18.564218590339724,15.123774248084695,156,154.2,10.648107219962752,155.4,3.0
15.727656940601715,4616.0,1527.32,0.06537326102158958,6.860665925176307,13.85625856025948,156,153.6,10.94977065818136,154.9,3.0
15.729849393842734,4618.0,1527.52,0.05933365750995913,3.946415833835242,14.236345929365097,155,152.6,10.408927210498364,154.2,3.0
15.733227585915039,4620.0,1527.68,0.05364418432749875,6.0807457301492285,15.944084702265545,155,151.6,10.090108103621771,153.6,3.0
15.738154507299932,4621.0,1527.7599999999998,0.051190491638725924,17.73691698561745,14.656385037713886,154,150.6,10.413615660488176,152.6,3.0
15.743421674597387,4624.0,1527.8999999999999,0.04957431670714293,6.32060075694776,15.26457613950372,151,150.1,10.14830946495254,151.6,3.0
15.749794743367534,4626.0,1528.1,0.05143408683047464,11.47152378626544,13.47732169573546,151,149.8,11.517005630888782,150.6,3.0
15.756532018978147,4627.0,1528.34,0.052790194457895276,24.254192198206727,15.704004771949112,150,150.1,12.09447539466398,150.1,3.0
15.763628635936746,4632.0,1528.78,0.0579159654904919,5.109564210190878,15.973789376087135,148,150.4,11.578212455513285,149.8,3.0
15.769985331957342,4634.0,1529.26,0.06100970956230034,11.442052837071904,17.373340893559607,149,150.3,10.889593218466969,150.1,3.0
15.777789040177533,4639.0,1529.8400000000001,0.06711457368718972,5.618669918537332,17.616498631576004,148,150.3,11.311965844782788,150.4,3.0
15.78391214620265,4640.0,1530.3600000000001,0.07137527073133221,22.043181690427044,19.45854996365595,148,150.5,10.900934214472873,150.3,3.0
15.789655430337286,4644.0,1530.8799999999999,0.07499748292444419,5.168955721171024,19.320785400347297,152,151.4,12.296653415792717,150.3,3.0
15.793699721658914,4645.0,1531.24,0.08078046432668232,14.55944875786221,17.163887438618183,153,152.5,12.184042545938022,150.5,3.0
15.798350484772723,4646.0,1531.68,0.08316868124849856,16.742747209708938,19.96126983864614,156,153.7,12.15895951262146,151.4,3.0
15.80316422127816,4647.0,1532.0800000000002,0.0837583091269242,17.32945141956933,19.434928343796823,156,154.6,12.276684994916796,152.5,3.0
15.808138665058104,4649.0,1532.48,0.08225880646984148,8.953998803902492,21.561344088964116,155,155.5,11.578248279133614,153.7,3.0
15.81462805866118,4653.0,1533.04,0.08422517961018014,5.840454242767457,20.562050430876564,155,156.2,11.12968181520197,154.6,3.0
15.821007505739574,4654.0,1533.6,0.08635831740607766,22.966009482218194,21.96282770861459,155,156.7,11.372916396208174,155.5,3.0
15.827210570776021,4658.0,1534.1200000000001,0.0923931156187764,5.5827585328016305,20.84072685544122,159,157.2,12.553791592977715,156.2,3.0
15.832360865930497,4659.0,1534.6399999999999,0.09696200481218592,18.541062556112543,19.40992599411343,160,157.8,12.0235653795221,156.7,3.0
15.839637679833302,4661.0,1535.36,0.1020250248906152,13.09826502505125,21.770488122512464,160,158.7,12.309106049851964,157.2,3.0
15.847118828922076,4663.0,1536.1200000000001,0.10412892095051855,13.46606835979275,22.31065643212326,161,159.6,12.173873081729488,157.8,3.0
15.854681281273516,4668.0,1536.9599999999998,0.10274495940406761,5.4449656930363135,22.413462119233692,162,160.4,12.79921386335444,158.7,3.0
15.862266370241814,4672.0,1537.8,0.10056984395071641,6.826580071469068,22.679931799585752,162,161.2,11.06562950544565,159.6,3.0
15.870640681917084,4673.0,1538.64,0.10110733828751935,30.14752203097117,22.66298149394435,162,162.0,11.117128070361831,160.4,3.0
15.87694306182003,4675.0,1539.3200000000002,0.10294796839054085,11.344283825302929,24.104281786224355,161,162.7,11.37851188544708,161.2,3.0
15.883303571143609,4679.0,1539.9599999999998,0.10403621044884,5.724458391220717,23.22758517690622,160,163.3,11.820096139038707,162.0,0.0
15.889650562363244,4680.0,1540.52,0.1029334755761692,22.849168390685534,21.97765225581103,161,163.7,11.50753887279788,162.7,0.0
15.896903094034888,4685.0,1541.2,0.10126532288085596,5.221822803583979,22.135869313474366,163,164.1,9.786425795905972,163.3,0.0
15.904442979501715,4686.0,1541.9599999999998,0.09866275859855342,27.143587680573408,23.558356441552057,163,164.5,10.792494965265051,163.7,0.0
15.913495551192181,4690.0,1542.84,0.09421227917366205,8.14731452141888,19.904855165273222,162,164.5,10.694391440789245,164.1,0.0
15.921092917249464,4695.0,1543.6,0.0921688941032831,5.470103561243603,19.152092291945657,161,164.2,9.800534373470342,164.5,0.0
15.929697865381065,4699.0,1544.44,0.09279437750265643,7.74445331844079,23.456682277591216,161,163.8,9.471038914473237,164.5,0.0
15.938446744350887,4701.0,1545.2400000000002,0.0955088326851959,15.747982145680108,20.713120826224234,161,163.4,9.63566536031863,164.2,0.0
15.945479333465283,4704.0,1545.8799999999999,0.09544071440454702,8.43910693727479,20.625901061752934,161,163.1,9.905217896403766,163.8,0.0
15.9533782005118,4708.0,1546.52,0.09534528694717449,7.108980341866093,17.550424714759437,161,162.8,9.249457846247022,163.4,0.0
15.962824316057546,4709.0,1547.3200000000002,0.09276752695347855,34.006015964686014,21.08236228510673,161,162.4,8.876630374100843,163.1,0.0
15.972684170172364,4715.0,1548.2,0.09014964163057784,5.91591246889161,21.06053001058613,163,162.0,10.360874904566762,162.8,0.0
15.981086333612044,4720.0,1548.9599999999998,0.0868651315572765,6.04955767656894,21.249064774360466,163,161.5,10.178397002606356,162.4,0.0
15.99104297548396,4724.0,1549.8,0.0867898980280333,8.960977684724991,21.334083216807638,162,161.0,10.555476418056532,162.0,0.0
15.999602468112908,4725.0,1550.6,0.08870020877850104,30.814173464209944,21.0043535105591,163,160.5,10.42929738228267,161.5,3.0
16.006657130662163,4729.0,1551.24,0.08966386166234108,6.34919629432782,20.91450307335659,165,160.0,12.260263439038637,161.0,3.0
16.014174748996684,4732.0,1551.88,0.09039064232075111,9.021142001423847,16.865427938388724,165,159.4,12.007642308188917,160.5,3.0
16.023459283637393,4734.0,1552.7199999999998,0.08978460780104436,16.712162353274646,21.294846896613247,165,158.6,11.740878648345978,160.0,3.0
16.032617046436158,4739.0,1553.56,0.08932352742112327,6.593589215110156,21.326891000618083,164,157.9,11.68936504320433,159.4,3.0
16.040748001180255,4744.0,1554.28,0.08687557872518453,5.85428741575075,20.96953202453222,164,157.3,11.812262750672746,158.6,3.0
16.050751244592124,4748.0,1555.16,0.08671115896369593,9.002919070683983,18.066715805826114,163,156.8,11.922067419992043,157.9,3.0
16.06055561477895,4749.0,1556.04,0.08767334269582756,35.29573267256212,19.962784756745204,163,156.4,10.6448239939396,157.3,3.0
16.06938865051603,4755.0,1556.84,0.0890724059109162,5.2998214422470395,19.505284959761525,163,156.1,11.781039665134951,156.8,3.0
16.077229713733043,4760.0,1557.56,0.08915086192582884,5.645565516251071,18.010123242226722,162,155.6,10.317319785837835,156.4,3.0
16.08744824814955,4763.0,1558.48,0.09038643275688645,12.262241299805588,18.517598000932487,162,155.1,10.262098132955042,156.1,3.0
16.097579005102894,4765.0,1559.3600000000001,0.0909857292890398,18.23536251601932,18.375298922847364,162,154.6,8.865532693550236,155.6,3.0
16.107901350864715,4771.0,1560.28,0.08839682611569119,6.193407457091976,17.91863133973842,161,154.3,9.147737196656989,155.1,3.0
16.120325309752314,4777.0,1561.2800000000002,0.08405113367956427,7.454375332560093,14.272479631983515,160,154.2,9.287814374576158,154.6,3.0
16.134652769263976,4782.0,1562.3600000000001,0.07875584149271551,10.315770848396689,14.649708099910438,160,154.0,10.144530309428117,154.3,3.0
16.1469336883022,4789.0,1563.2400000000002,0.07295008833635194,6.315901219658184,16.310540063323224,160,153.9,9.546491847788642,154.2,3.0
16.156768477707153,4795.0,1563.9599999999998,0.0664741566942059,5.900873642971816,15.199597113612564,158,153.8,9.189895688954492,154.0,3.0
16.164312921014254,4797.0,1564.48,0.062188995162665094,13.579997952778031,13.299622268002603,158,153.8,11.610460116724983,153.9,3.0
16.169869236057846,4799.0,1564.8,0.05762324605784134,10.001367078465181,13.178180496014448,158,153.8,10.50209884759884,153.8,3.0
16.175518044897895,4800.0,1564.96,0.05397532492446925,20.335711824178304,13.446027246147157,157,154.0,12.807894988976091,153.8,3.0
16.184370266157234,4805.0,1565.2,0.0508824052511065,6.373599306724155,14.438539933945146,153,154.4,13.108443343717322,153.8,3.0
16.19508607622788,4810.0,1565.56,0.049062099029749416,7.715383250864413,14.489486213851052,151,154.9,11.95289454086353,154.0,3.0
16.206661557569216,4817.0,1565.9199999999998,0.04898358398218464,5.953104689829943,14.821130842337789,148,155.4,12.012902014234896,154.4,3.0
16.218654122521393,4821.0,1566.44,0.05142683020438443,10.793308456958854,14.136532084808291,151,156.0,13.924562240171849,154.9,3.0
16.229121676706125,4823.0,1567.12,0.0569901081001926,18.841597532519874,13.802401853367888,155,156.9,12.889254280892835,155.4,3.0
16.2368840416665,4827.0,1567.7599999999998,0.0633695351817271,6.986128464336955,14.642268862212598,153,158.1,13.590978881471957,156.0,3.0
16.24431529835413,4830.0,1568.4,0.06929892024650483,8.917508025157897,14.463368207067992,152,159.4,13.682068634039732,156.9,3.0
16.251124934584087,4833.0,1569.04,0.07334851808374362,8.17156347594806,16.752420751465035,148,160.3,11.25638376270684,158.1,3.0
16.25869513015042,4837.0,1569.7199999999998,0.07801012354463734,6.813176009699275,17.729228793879905,148,161.2,13.37909674467592,159.4,3.0
16.265242571092877,4838.0,1570.2800000000002,0.07898611540273376,23.57078739284233,17.350775568925997,147,162.0,11.039046479082534,160.3,3.0
16.27144346667849,4844.0,1570.8400000000001,0.0814105515905478,3.7205373513677946,16.70912710291511,148,162.5,13.242600853160251,161.2,3.0
16.277388562486887,4845.0,1571.3600000000001,0.08373785937314815,21.402344910226844,17.511278202401673,148,162.8,13.380805117886444,162.0,0.0
16.283904008224432,4847.0,1571.92,0.08678760466341046,11.727802327581927,17.1318991814697,151,163.0,12.993956235403177,162.5,0.0
16.288596240778975,4850.0,1572.3600000000001,0.08909291731040549,5.63067906545189,19.496266664972058,154,163.1,13.9101063910247,162.8,0.0
16.295238132535673,4852.0,1573.0,0.09072703125639062,11.955405162056712,19.566955618475767,154,162.9,13.88809648447145,163.0,0.0
16.301465829606503,4854.0,1573.6,0.0900434701934546,11.209854727495138,19.92043072835647,153,162.4,13.216766058331311,163.1,0.0
16.308142484776027,4859.0,1574.28,0.09171900785564911,4.8071917220587475,20.25245751920487,154,161.8,15.585193624522626,162.9,0.0
16.31428936130079,4860.0,1574.9599999999998,0.09342846303651098,22.1287554891465,19.42485285835954,157,161.4,15.425596034148551,162.4,0.0
16.322188065899613,4865.0,1575.6799999999998,0.0959569838363333,5.687067311152321,18.829517561097386,159,161.0,16.106189482731804,161.8,3.0
16.328665831749525,4866.0,1576.2,0.10155313226741143,23.319957059676735,19.16648382068355,159,160.7,16.266850136392247,161.4,3.0
16.336828818706728,4872.0,1576.92,0.10488734831100535,4.897792174321142,21.296349579878928,157,160.2,13.766067521968376,161.0,3.0
16.344838806346946,4874.0,1577.6,0.10637367621724132,14.417977752395025,20.727496166217286,157,159.8,14.054546613866956,160.7,3.0
16.352885626000575,4878.0,1578.36,0.1058004856882695,7.242137688265489,21.14120377060466,158,159.4,16.516954165779488,160.2,3.0
16.359604813396835,4881.0,1579.2,0.1059321250802812,8.063024875513932,21.160745490756888,159,158.9,13.574980933737852,159.8,3.0
16.3662059681551,4882.0,1580.08,0.10487198484675013,23.76415712975214,22.130687644804937,159,158.5,13.94149312503247,159.4,3.0
16.37112896198255,4885.0,1580.8,0.10729678175833435,5.907592592938942,19.44672004912116,159,157.9,14.26182010293662,158.9,3.0
16.37538596110775,4887.0,1581.44,0.10711547007438793,7.662598425357403,19.53648810164561,163,157.3,11.837851158289274,158.5,3.0
16.38115719049884,4888.0,1582.1200000000001,0.10837675040699117,20.77642580792176,19.919654784121754,166,156.8,14.290626205913066,157.9,3.0
16.38779078779184,4890.0,1582.76,0.10866517279117249,11.940475127401829,20.630855825957088,167,156.3,11.550965036873222,157.3,3.0
16.394439802770272,4894.0,1583.44,0.10558177599592813,5.984113480588837,20.216456857979864,167,155.4,11.686037669913706,156.8,3.0
16.40195754974733,4899.0,1584.16,0.10257007309087722,5.412777823482965,17.263595133102086,165,154.7,12.352193589928012,156.3,3.0
16.41141966969358,4901.0,1585.0,0.10156626972325129,17.03181590324749,18.650607373482732,164,154.4,12.405381243457532,155.4,3.0
16.42113465321373,4904.0,1585.92,0.10127538457146612,11.657980224181797,18.414723684792662,164,154.7,11.104413739661188,154.7,3.0
16.429363740235573,4910.0,1586.6799999999998,0.09842518828910837,4.937452213105632,16.706501598380395,163,155.2,11.172033022389432,154.4,3.0
16.43846516573673,4915.0,1587.52,0.09782094667782675,6.553026360833056,15.994594410071613,163,155.6,11.046659004727555,154.7,3.0
16.447336434784802,4917.0,1588.3200000000002,0.09547892366797167,15.968284286529746,15.961426674966328,163,155.8,10.756829427564462,155.2,3.0
16.454760393874356,4921.0,1589.08,0.09378896413664342,6.681563180599329,16.125334608786776,163,156.0,12.073090523629157,155.6,3.0
16.461336980060317,4923.0,1589.6399999999999,0.08961016497406327,11.837855134732724,14.862159923473493,163,156.1,9.910607757756493,155.8,3.0
16.468541580508177,4926.0,1590.28,0.08671574805601298,8.645520537430784,14.111320462273815,163,156.2,10.098980202790958,156.0,3.0
16.474900228790712,4929.0,1590.8,0.08448851307616997,7.6303779390427735,16.151766307835125,163,156.8,9.82012684866018,156.1,3.0
16.48165714811099,4932.0,1591.3600000000001,0.08275818897737956,8.108303184334329,15.918506387952226,162,157.5,11.285834608984066,156.2,3.0
16.48747615666748,4934.0,1591.8,0.07998991322057289,10.47421540168004,16.387678687792025,161,157.8,10.813436954107244,156.8,3.0
16.494084244586414,4937.0,1592.3600000000001,0.07937002696185187,7.929705502720008,16.300979231540733,160,157.5,10.63065846289282,157.5,3.0
16.49957866056357,4938.0,1592.8399999999997,0.08098444277819719,19.77989751776484,19.209695407328613,159,157.0,10.741760947033528,157.8,3.0
16.50614567075972,4943.0,1593.44,0.0835529383581016,4.7282473412289825,18.827493509940574,158,156.5,10.384723561438218,157.5,3.0
16.511628748104453,4944.0,1593.9599999999998,0.08573846437491338,19.739078441031516,18.564503596026576,158,156.3,10.449732272589973,157.0,3.0
16.519156210358425,4949.0,1594.6399999999999,0.08772303510236515,5.419772822860693,18.52138870703488,158,156.1,9.331168459830046,156.5,3.0
16.52753052027573,4950.0,1595.36,0.09033869247353096,30.14751570229239,18.80102571890145,158,155.8,8.928991795361632,156.3,3.0
16.537729368990618,4956.0,1596.2800000000002,0.08924995652860064,6.1193092289335995,19.041234735138435,157,155.4,10.299790143535088,156.1,3.0
16.54737914381959,4963.0,1597.0800000000002,0.08910950129887099,4.962741340613367,17.158921833155265,155,154.8,10.332972724625302,155.8,3.0
16.557925209281976,4968.0,1597.96,0.0891476941393892,7.593167132917868,18.84429481485911,155,154.2,8.735951606404255,155.4,3.0
16.567677869678946,4971.0,1598.8,0.09094875358327281,11.703192476364183,16.709860471552027,155,153.5,8.70549279177247,154.8,3.0
16.575200996508872,4974.0,1599.48,0.09069643808046186,9.027752195912987,16.601641328060126,155,152.8,9.25294757752668,154.2,3.0
16.582987066794693,4978.0,1600.1200000000001,0.09155893464708206,7.007463257240415,14.33096966733469,155,152.3,9.089707319241082,153.5,3.0
16.59192618015757,4980.0,1600.8799999999999,0.08842171072061925,16.0904040531825,14.75871405784749,155,152.0,10.793157547451464,152.8,3.0
16.60042931290434,4986.0,1601.6399999999999,0.08694819792553785,5.101879648060351,14.84261427394504,153,151.8,10.533795341339516,152.3,3.0
16.608541906727726,4992.0,1602.3600000000001,0.08630812564878243,4.867556294032758,16.17500643743084,153,151.6,10.94623391117528,152.0,3.0
16.61753182967675,4994.0,1603.1599999999999,0.08557698921601654,16.181861308244322,15.35542802453612,153,151.6,11.191148819362564,151.8,3.0
16.624982958226752,4997.0,1603.8399999999997,0.0866310716106032,8.94135426000114,14.924309414406096,154,151.8,9.763329415241076,151.6,3.0
16.63205352835987,5001.0,1604.52,0.08796082407338733,6.363513119805056,18.688928720287485,154,152.1,9.91687761478318,151.6,3.0
16.641031487516223,5003.0,1605.3200000000002,0.08763927039240997,16.16032648143746,17.092734453828832,153,152.4,9.718749404289138,151.8,3.0
16.64897983176618,5008.0,1606.04,0.08705165120109033,5.722807859969439,20.68438602795116,154,152.8,10.193602235207296,152.1,3.0
16.65808281611213,5014.0,1606.7600000000002,0.08857350983538154,5.461790607571491,21.067340138217666,154,153.1,8.905866086877358,152.4,3.0
16.666753123760728,5015.0,1607.44,0.08748832599677811,31.213107534945312,19.43624137492676,155,153.3,8.859904571277138,152.8,3.0
16.675097776030597,5021.0,1608.1200000000001,0.09091630683376702,5.006791361921059,19.59144999348839,155,153.4,9.03281778904612,153.1,3.0
16.68291995410333,5022.0,1608.8,0.09297120730175641,28.15984106183286,22.749520292943075,155,153.3,9.016766251424396,153.3,3.0
16.69166777614938,5026.0,1609.6,0.09312824552840215,7.873039841445095,21.339757973424113,157,153.2,11.24719258301649,153.4,3.0
16.698093294593416,5031.0,1610.28,0.09416110397046618,4.626373279706398,22.38155530218139,158,153.0,11.26537764383191,153.3,3.0
16.70604448542151,5034.0,1611.16,0.09531922171680465,9.541428993714772,22.41341390476549,159,152.8,10.988065460520977,153.2,3.0
16.71312229524906,5035.0,1611.9199999999998,0.09644763114300679,25.480115379174574,18.659003755094435,160,152.8,10.916519749740289,153.0,3.0
16.719574791792002,5039.0,1612.6399999999999,0.09710515980948214,5.80724688864737,21.904658678076494,162,152.8,11.729245924031307,152.8,3.0
16.726652599495203,5041.0,1613.36,0.09695250194571658,12.740053865760627,18.27042497092601,166,152.8,11.648131006514747,152.8,3.0
16.7337333640877,5045.0,1614.08,0.09537225561350954,6.372688133249243,21.718155418817567,167,152.8,11.71195096566599,152.8,3.0
16.741462540556164,5049.0,1614.8,0.09508429352956844,6.956258821616394,21.77901368850832,164,152.8,12.851897674013513,152.8,3.0
16.74874974088439,5050.0,1615.48,0.09129664137743228,26.233921181611855,21.2505879349113,164,152.8,11.168202086120134,152.8,3.0
16.756681971560887,5056.0,1616.1200000000001,0.09078718626970111,4.7593384058990225,22.41373500476815,163,153.0,11.310747709243834,152.8,3.0
16.76498991144484,5057.0,1616.8,0.08904189510187328,29.90858358222226,22.283848450657274,162,153.2,9.62475680537425,152.8,3.0
16.77333493356563,5062.0,1617.48,0.08706503640063133,6.008415926968327,21.12849772531484,161,153.5,11.847444666885426,153.0,3.0
16.78121401713352,5067.0,1618.1200000000001,0.08504211409590932,5.672940168882091,24.701873512413272,161,153.8,11.89303141568632,153.2,3.0
16.790836688504463,5068.0,1618.9199999999998,0.08358543364000806,34.64161693538983,24.537647602827352,161,154.0,12.603872366773407,153.5,3.0
16.798596616036566,5073.0,1619.6,0.0826029366098792,5.587147823114855,25.480431342200923,160,154.2,12.266631393457793,153.8,3.0
16.806967101598175,5078.0,1620.28,0.08403185225176207,6.02674960435926,25.572083485001215,161,154.4,11.913296170034055,154.0,3.0
16.815316258207943,5079.0,1620.9599999999998,0.08325450944976862,30.05696379516237,21.732427146784985,161,154.7,12.718272229458131,154.2,3.0
16.82425006307107,5085.0,1621.6799999999998,0.08499776715085097,5.360282917875654,22.163887356126587,160,155.4,11.840407573802963,154.4,3.0
16.83342780075647,5086.0,1622.4,0.08553281208384418,33.039855667444364,25.840997945543698,160,156.4,12.368491059737304,154.7,3.0
16.844037708993977,5092.0,1623.24,0.08337341354426162,6.365944942503475,21.479618592860387,160,157.4,13.455738258731392,155.4,3.0
16.85220563805728,5098.0,1623.9199999999998,0.08344313879187296,4.9007574379835335,21.962742630407767,157,158.5,12.625246801505227,156.4,3.0
16.86208697899723,5102.0,1624.8000000000002,0.08418340442512054,8.893206845954166,22.50349528342901,157,159.5,10.246870252788538,157.4,3.0
16.870502816688344,5103.0,1625.52,0.08561441086274571,30.297015688007374,18.992666420336132,157,160.2,10.63745804759468,158.5,3.0
16.87775543420914,5108.0,1626.16,0.0884040442051847,5.221884614973468,22.76239760282676,156,160.8,10.111602819968947,159.5,3.0
16.88546565898919,5111.0,1626.8400000000001,0.0912338175571204,9.252269736061004,18.673715784491996,156,161.1,9.457457076348302,160.2,3.0
16.893157341808692,5114.0,1627.52,0.0910611046532646,9.230019383400807,18.90313847854391,155,161.4,11.25224573795083,160.8,3.0
16.901236889515204,5119.0,1628.24,0.09320794105118613,5.817274348688896,19.82327968090769,155,161.6,10.107141589781602,161.1,3.0
16.90953912101357,5120.0,1629.04,0.09012381927382597,29.88803339411356,19.90895074595708,155,161.4,11.72497037418186,161.4,3.0
16.917376959870577,5125.0,1629.8,0.08785193475065667,5.643243977045939,17.859238247551193,155,161.0,11.066435031000466,161.6,3.0
16.923807519264667,5128.0,1630.44,0.08730172989696755,7.7166712729082985,17.939485360808288,151,160.5,10.768641789340515,161.4,3.0
16.93023102850807,5130.0,1631.08,0.0856349785062088,11.562316638126614,17.66611581162677,150,160.0,11.494352208229614,161.0,3.0
16.935467185942098,5132.0,1631.52,0.08473067676484689,9.42508338124937,17.15427590712328,154,159.6,11.485686261402936,160.5,3.0
16.940269225011555,5133.0,1631.8799999999999,0.0830113512947949,17.287340650043898,18.923271994799144,160,159.3,11.37548793757906,160.0,3.0
16.94518428954677,5136.0,1632.28,0.08145909910993678,5.898077442255939,15.4520336567027,161,159.1,11.51424250182733,159.6,3.0
16.949627917079795,5138.0,1632.6399999999999,0.07864829554638567,7.998529559442221,15.577129756417193,160,159.2,13.724953714427809,159.3,3.0
16.954904353422936,5141.0,1633.0800000000002,0.08012227799423727,6.331723611769885,15.25702656471422,157,159.3,11.928217784210725,159.1,3.0
16.96017654378664,5142.0,1633.52,0.08007990241666878,18.97988530933582,17.511187410258106,157,159.5,14.041834987122453,159.2,3.0
16.96706254856613,5145.0,1634.0800000000002,0.08241137416026634,8.263205735386952,16.896002859786485,156,159.7,12.328100630317511,159.3,3.0
16.973335022255622,5148.0,1634.56,0.08370511052556442,7.526968427390573,16.62378323827631,156,160.0,12.366803614771124,159.5,3.0
16.981548585141624,5154.0,1635.2,0.08504600348316979,4.92813773160053,16.659214376877138,157,160.4,11.729624954658632,159.7,3.0
16.98883175020867,5155.0,1635.7599999999998,0.08468785574002469,26.21939424136549,16.247306070875915,157,160.7,10.77194944235034,160.0,3.0
16.995361065253785,5160.0,1636.28,0.08402216948220001,4.701106832481135,16.356476475523156,157,161.0,10.798725027562622,160.4,3.0
16.99965538629209,5161.0,1636.6799999999998,0.08368853588074113,15.459555737899674,14.673301109634071,157,161.4,12.569744760540637,160.7,3.0
17.003549332005235,5163.0,1637.1200000000001,0.08297055334902713,7.009102283663002,14.162161870405464,156,161.5,12.24302707624356,161.0,3.0
17.006009418507173,5165.0,1637.44,0.08326969362527079,4.428155703489123,16.256873771287726,155,161.6,10.739956314282097,161.4,3.0
17.009888202242333,5167.0,1637.8,0.08229206430417219,6.981810723287415,16.31549951103353,155,161.6,11.04068962972106,161.5,3.0
17.01421833956552,5169.0,1638.1599999999999,0.08108896207409867,7.794247181736564,13.869420604872776,155,161.5,9.98543776928711,161.6,3.0
17.020109227191497,5174.0,1638.6,0.0824244655191809,4.2414390907028166,13.846394713356542,153,161.3,10.50722319420744,161.6,3.0
17.02600782494403,5175.0,1639.0399999999997,0.08298650438189777,21.234951909125133,14.81977235775228,152,161.0,10.669939993259275,161.5,3.0
17.033313329864175,5180.0,1639.6,0.08486558755653047,5.259963542502666,14.768744320939295,151,160.6,10.779317138261163,161.3,3.0
17.039007320452594,5182.0,1640.1199999999997,0.08718137528437975,10.249183059155024,17.455856837985124,151,160.3,11.004747409507791,161.0,3.0
17.0463348515962,5188.0,1640.8,0.09067305689471254,4.396518686163291,17.21629842520225,150,160.1,13.434959196657436,160.6,3.0
17.05214988037271,5189.0,1641.3200000000002,0.09224898984731297,20.934103595441762,17.927195014144235,150,159.9,11.442435679095045,160.3,3.0
17.059617518846053,5194.0,1642.0,0.09462966814325093,5.376699700807031,18.228227175126328,151,159.9,12.24109092717799,160.1,3.0
17.065579368286496,5195.0,1642.56,0.09485588507853057,21.462657985592926,16.064923133491096,152,159.9,12.296645725934686,159.9,3.0
17.072893016056774,5201.0,1643.2400000000002,0.09289880050722889,4.388188662167964,16.176266263076165,153,160.1,12.085642095854883,159.9,3.0
17.079514478767937,5203.0,1643.8,0.09080851137887541,11.918632880094188,15.856618303061357,153,160.4,13.08568704319912,159.9,3.0
17.086948465626353,5207.0,1644.48,0.08851833986755235,6.690588172575638,16.450218403192885,153,160.8,12.509123594546027,160.1,3.0
17.09274576384961,5210.0,1645.0,0.08742508494581196,6.956757867910258,14.348664377074446,154,161.1,14.765633859318452,160.4,3.0
17.098408635131214,5213.0,1645.48,0.08606686721631263,6.795445537923733,14.214639528378843,154,161.4,14.687149676647936,160.8,3.0
17.103001913439112,5215.0,1645.8799999999999,0.08550121829807021,8.267900954214586,14.360590972630053,154,161.6,14.358718211722746,161.1,3.0
17.108082495103194,5217.0,1646.4,0.08452463620669282,9.145046995344858,14.315246366324658,154,161.9,14.28877698485231,161.4,3.0
17.112558462943273,5219.0,1646.8399999999997,0.08520931093036797,8.056742112142409,17.874046631761274,153,162.5,16.632256721020156,161.6,3.0
17.11938774703328,5224.0,1647.4399999999998,0.08584554270024289,4.917084544804824,17.91053447864384,153,163.4,15.916513033871372,161.9,0.0
17.125829910967525,5225.0,1648.0,0.08709876100808533,23.191790163282732,17.59854862033489,153,164.4,15.188188730251529,162.5,0.0
17.134050386801317,5232.0,1648.7199999999998,0.0895922490369008,4.227673285950743,17.5066374955157,152,165.2,15.459629571020468,163.4,0.0
17.143556746855765,5233.0,1649.48,0.09141644170810716,34.22289619601513,18.846212076154437,152,166.0,15.62934886342966,164.4,0.0
17.155010811490314,5239.0,1650.44,0.09007003750100757,6.872438780729833,18.77081234698058,151,166.8,15.741808468713243,165.2,0.0
17.16430778045654,5247.0,1651.28,0.09034466074867752,4.183636034800909,18.93177499194652,152,167.6,15.76815429965155,166.0,0.0
17.174441094506733,5253.0,1652.2,0.09034580329706408,6.079988430116847,20.663279963896557,154,168.4,15.770615515406568,166.8,0.0
17.18354951822736,5255.0,1652.9599999999998,0.0921187430246598,16.395162697124807,18.059463482617836,154,169.3,15.93273443695588,167.6,0.0
17.190494433077507,5258.0,1653.6,0.0925818718272483,8.33389782017926,18.341779833073698,154,170.0,16.35625499912485,168.4,0.0
17.197740217830553,5261.0,1654.2400000000002,0.09484118508189196,8.694941703654814,15.709038485122676,153,170.5,14.206777643086903,169.3,0.0
17.206804968735153,5263.0,1655.0,0.09305522177666947,16.316551628280035,19.406216209031896,153,170.7,14.452604757737005,170.0,0.0
17.215631127463414,5268.0,1655.8,0.09232607138296123,6.354834284348956,19.541493256984275,153,170.7,15.36871477882158,170.5,0.0
17.223482696237287,5273.0,1656.6,0.09272365258010298,5.653129517187754,20.761092313554023,154,171.0,15.285736958867838,170.7,0.0
17.233128800213574,5275.0,1657.52,0.09551202344273865,17.362987157319278,20.252390524564,154,171.4,13.402867366477054,170.7,0.0
17.24121194393464,5276.0,1658.28,0.09823552021228452,29.099317395841616,19.81987131086369,154,171.8,13.734749077522144,171.0,0.0
17.247655698827433,5281.0,1658.9599999999998,0.10035687827130217,4.639503522809832,21.052282939111887,155,172.2,13.827181970972395,171.4,0.0
17.254982586572428,5283.0,1659.72,0.0996975787117679,13.188397940987729,19.619113418987062,156,172.4,13.917873840205935,171.8,0.0
17.262217449330187,5285.0,1660.4399999999998,0.09522587890136827,13.022752963968644,20.44470800069957,156,172.3,14.077884138211996,172.2,0.0
17.26755138887012,5289.0,1661.0400000000002,0.09271450901232267,4.800545585941901,21.995478397172942,156,172.3,11.779013368345048,172.4,0.0
17.27220269506398,5290.0,1661.5600000000002,0.08918838577182887,16.744702297895568,20.604637714638912,156,172.1,12.00622264397078,172.3,0.0
17.27639042010383,5292.0,1662.0,0.08880597968156065,7.537905071728343,16.79045025525846,160,171.9,11.923433654113012,172.3,0.0
17.27962255042152,5293.0,1662.28,0.09009942753295595,11.635669143692404,17.220075133874452,163,171.8,11.408722889290503,172.1,0.0
17.284212995284612,5294.0,1662.6799999999998,0.08985299828230256,16.525601507128602,16.28397788382135,164,171.5,11.970594089162963,171.9,0.0
17.289245257831865,5296.0,1663.1200000000001,0.08927097782573909,9.058072585057653,15.208146281121254,165,171.0,11.73923500353441,171.8,0.0
17.29515142661928,5300.0,1663.64,0.08779091349095328,5.315551908674711,17.954711578104405,164,170.4,12.884877196217232,171.5,0.0
17.302272577845006,5303.0,1664.2399999999998,0.0881424507791376,8.545381470871241,16.32496392473589,162,169.9,10.47712693553978,171.0,0.0
17.308880782565616,5306.0,1664.8799999999999,0.08869151135051423,7.9298456647304025,19.002847529228767,162,169.6,12.28027120047234,170.4,0.0
17.316082222040908,5310.0,1665.56,0.09213721685338988,6.481295527762199,18.123719457431925,159,169.7,12.061257727130124,169.9,0.0
17.3224012309859,5311.0,1666.1200000000001,0.09287873948179172,22.74843220196717,17.713399134338715,159,169.6,11.892416645932212,169.6,0.0
17.32975353767507,5316.0,1666.8,0.09532382277608667,5.293660816203282,18.931360867969474,158,169.5,11.642318021861028,169.7,0.0
17.33634136904055,5317.0,1667.44,0.09624039459219867,23.71619291573096,18.961499647157854,158,169.5,11.458224442725925,169.6,0.0
17.343355696418158,5322.0,1668.08,0.0952228845790778,5.050315711878433,18.828945061106403,159,169.5,13.241552922264782,169.5,0.0
17.35088217924623,5324.0,1668.72,0.09583530098144351,13.547669090529109,19.1034476733302,159,169.4,12.642679614903354,169.5,0.0
17.35994616634287,5326.0,1669.56,0.09528975034802387,16.315176773948625,22.721021022579897,160,169.3,14.427130753238435,169.5,0.0
17.368660987076883,5332.0,1670.4,0.09589898557281883,5.228892440407934,19.99422029649815,160,169.4,12.949936703335538,169.4,0.0
17.376931429557587,5336.0,1671.1599999999999,0.095402966807826,7.443398232632475,23.260167183130346,159,169.4,13.76384783520541,169.3,0.0
17.3872840865656,5340.0,1672.08,0.09676280014747855,9.317391307213114,20.44883782855698,160,169.3,12.194777459531252,169.4,0.0
17.39522531091387,5341.0,1672.8799999999999,0.09603721233392142,28.58840765376697,20.496745325505245,160,168.9,12.313451403460023,169.4,0.0
17.403193765746863,5347.0,1673.56,0.09720264999924591,4.781072899796349,19.42012895953963,160,168.6,12.876437518653663,169.3,0.0
17.410535385981674,5348.0,1674.2,0.09472529937468278,26.42983284532058,17.81614775962546,160,168.4,12.71720381972958,168.9,0.0
17.41784521859021,5352.0,1674.8799999999999,0.09237831382972386,6.578849347681514,17.798545680275787,160,168.0,12.649802123339525,168.6,0.0
17.422376339887222,5355.0,1675.4,0.09084007295852856,5.43734555641456,20.45295283550434,162,167.5,10.64763155414572,168.4,0.0
17.426362941270224,5357.0,1676.0,0.08829912580830454,7.175882489404203,19.860170848963012,163,167.1,11.21139852863799,168.0,0.0
17.43010650885404,5359.0,1676.52,0.08521394199415463,6.738421650865686,17.309973307926803,163,166.8,9.396275767197285,167.5,0.0
17.43621389584574,5363.0,1677.0400000000002,0.08429823492548941,5.496648292530777,17.600500352812027,163,166.3,10.69860823064684,167.1,0.0
17.443201005724188,5364.0,1677.5600000000002,0.08361440147762547,25.153595562412622,15.824546897550007,163,165.8,9.81177716837756,166.8,0.0
17.45160408136897,5369.0,1678.1599999999999,0.08360570279400767,6.05021446424236,16.63558761160656,161,165.3,9.807142358337751,166.3,0.0
17.4591361369435,5371.0,1678.6799999999998,0.08578499563024747,13.557700034152301,16.74131391150191,161,164.8,9.729754551591949,165.8,0.0
17.46778992144815,5375.0,1679.3200000000002,0.08655224068355916,7.78840605418599,16.921218712562336,160,164.3,9.212839000326356,165.3,0.0
17.47661065158203,5377.0,1680.0399999999997,0.08893315981195582,15.877314240981093,17.307712807864373,159,163.8,10.334106765935111,164.8,0.0
17.486441237912764,5380.0,1680.92,0.08964818255844705,11.796703596884802,21.066082045577808,158,163.5,10.541802476324932,164.3,0.0
17.496253062283504,5385.0,1681.8,0.08977125402595812,7.064513546932927,18.179593655539964,159,163.3,11.45425095260342,163.8,0.0
17.50544156666064,5389.0,1682.6799999999998,0.08963460984349898,8.269653939423087,19.47995353765123,159,163.2,10.8194000973757,163.5,0.0
17.515433482619898,5393.0,1683.6,0.09088447731312335,8.992724363331956,19.60429226708096,160,163.1,11.048040444337474,163.3,0.0
17.52371091766546,5394.0,1684.36,0.0911689372556511,29.79876616402723,19.433733031200056,161,163.1,10.548485219789304,163.2,0.0
17.53097252931378,5399.0,1685.0400000000002,0.0915028620781061,5.228360386788675,20.939054960485134,161,163.2,10.531774092063298,163.1,0.0
17.538770733172154,5401.0,1685.7600000000002,0.09075677035402373,14.036766945071824,20.007981288919517,161,163.5,10.216649737391563,163.1,0.0
17.546611426517554,5403.0,1686.44,0.0894458948435202,14.113248021719285,23.496913052395175,161,163.9,11.127027980020816,163.2,0.0
17.554498051175038,5408.0,1687.1200000000001,0.08859641133439256,5.678369753387935,23.359368603622762,162,164.3,11.123961173133877,163.5,0.0
17.561686318873488,5409.0,1687.8,0.08529391190374289,25.877763714423477,22.974246576186367,162,164.7,10.48657642301816,163.9,0.0
17.57006280374898,5414.0,1688.52,0.08513022174979334,6.0310691103539105,22.864297412403936,162,165.1,11.39827229719664,164.3,0.0
17.57829325269194,5415.0,1689.2,0.08619065826921127,29.62961619465716,26.46385061222647,162,165.5,10.230248355486951,164.7,0.0
17.58660971059496,5419.0,1689.92,0.08718815621782142,7.484812112717918,25.32981847781671,162,165.7,10.502324765459038,165.1,0.0
17.59295238805505,5423.0,1690.48,0.08799317040877706,5.708409714080031,24.189765733372603,162,165.9,13.12170892508495,165.5,0.0
17.60103554191486,5424.0,1691.1599999999999,0.09123113179603873,29.099353895322896,24.48409319108203,164,166.1,12.21776744352625,165.7,0.0
17.608997530178325,5425.0,1691.8799999999999,0.09184122308871759,28.663157748467118,24.90837029500387,167,166.2,15.460025335916908,165.9,0.0
17.616641230260086,5429.0,1692.64,0.09129093868813867,6.879330073583978,25.130851698173746,170,166.0,15.403102382291037,166.1,0.0
17.62423012468844,5433.0,1693.36,0.09133658509512962,6.830004985520847,25.377176857370156,171,165.9,14.415679096875158,166.2,0.0
17.633555433756307,5437.0,1694.28,0.09132251655382438,8.392778161077349,25.432653597278243,170,165.8,14.869210453610686,166.0,0.0
17.64121514393367,5438.0,1695.0400000000002,0.09319682679336332,27.574956638515385,25.59991270665546,170,165.7,16.942290626186107,165.9,0.0
17.64916588300388,5442.0,1695.7599999999998,0.09426958660022744,7.155665163189789,26.458651979412757,170,165.6,15.73856702667602,165.8,0.0
17.65746951481056,5443.0,1696.48,0.09541987460827292,29.8930745040402,23.0709073868502,170,165.5,18.09941076351483,165.7,0.0
17.665813319555305,5447.0,1697.2400000000002,0.09640157831288848,7.5094242702680685,23.53133379836994,170,165.5,19.05862160138708,165.6,0.0
17.673957318365943,5451.0,1698.0,0.09930431135617829,7.329598929573173,25.119181746895865,171,165.5,16.200932444350023,165.5,0.0
17.68321691823178,5452.0,1698.8,0.09859351324879678,33.33455951701263,25.04966613380842,171,165.8,16.25072544409075,165.5,0.0
17.691181789551877,5456.0,1699.64,0.09989114226978292,7.168384188087632,22.09067337559221,172,166.3,14.20355472750416,165.5,0.0
17.698963123901947,5459.0,1700.52,0.1010870442678126,9.33760122008496,22.71380811142815,172,166.9,14.426175038857464,165.8,0.0
17.707847071233264,5461.0,1701.5199999999998,0.10200673317309358,15.991105196366613,23.121699275322875,171,167.2,14.359315782869498,166.3,0.0
17.716250404523862,5465.0,1702.44,0.10228013984490118,7.5629999615399175,23.3292980476117,173,167.5,15.818439195873085,166.9,0.0
17.72353895511937,5468.0,1703.36,0.10311223219368895,8.74626071460756,23.62074950679698,174,167.7,13.556536294695002,167.2,0.0
17.732267690347403,5471.0,1704.2400000000002,0.10522196482910373,10.474482273640692,19.85118370368258,174,167.9,13.527241631012796,167.5,0.0
17.74082808019144,5472.0,1705.1199999999997,0.106383258379141,30.817403438542712,20.214478164593768,174,168.0,13.313108262805343,167.7,0.0
17.75017957237211,5476.0,1706.0,0.10569560935691094,8.416342962603492,20.03607879720831,172,168.1,12.105096896373356,167.9,0.0
17.760101463382817,5480.0,1706.92,0.1032662902252129,8.929701909633758,19.10793116460661,170,168.2,12.336580505813965,168.0,0.0
17.77159685429209,5484.0,1708.0,0.10075340789970663,10.345851818343133,19.96716739813704,171,168.0,12.562297936456773,168.1,0.0
17.782086273119138,5488.0,1709.0400000000002,0.09805156721604036,9.440476944344962,19.540754581973978,170,167.6,11.385086950912,168.2,0.0
17.79154150792081,5492.0,1709.92,0.09481247938428752,8.50971132150727,21.321895234948023,170,167.3,11.668331628637716,168.0,0.0
17.800578172544263,5495.0,1710.7599999999998,0.09385843034456239,10.843997548141566,17.15545529300565,170,167.3,12.35249471449678,167.6,0.0
17.80790134585552,5497.0,1711.48,0.0940717572894124,13.181711960264487,20.027558603271707,170,167.2,10.403451122289123,167.3,0.0
17.81504875680921,5501.0,1712.1599999999999,0.09547450331652033,6.4326698583220265,19.61412652742762,169,167.3,10.65572870060056,167.3,0.0
17.821140674642674,5502.0,1712.72,0.09541040308701637,21.930904200468916,19.289237284153632,168,167.3,10.77839737184713,167.2,0.0
17.82862945334464,5506.0,1713.4399999999998,0.09533255114582037,6.73990083176817,18.845122508725943,169,167.3,8.574236738499316,167.3,0.0
17.835976060459064,5507.0,1714.2400000000002,0.09598590460702358,26.44778561192911,18.53626346142416,169,167.2,10.989496765080382,167.3,0.0
17.845336570426024,5512.0,1715.1599999999999,0.0944997448280633,6.739567176211594,21.357734263471404,171,166.9,10.701851255544884,167.3,0.0
17.854955949321983,5516.0,1716.1200000000001,0.09403626992132078,8.657441006364031,20.368933859043253,170,166.5,11.069408220414886,167.2,0.0
17.864594130854808,5521.0,1717.0400000000002,0.09169126110784373,6.939490703633124,23.096856495221623,169,166.1,11.30186943006042,166.9,0.0
17.873856319091136,5526.0,1717.92,0.09263513688324357,6.668775530156237,20.634182200211193,170,165.6,10.626229278818036,166.5,0.0
17.881822230853228,5527.0,1718.6,0.09142425284932983,28.677282343530116,21.781698819486483,170,165.0,11.843770988136978,166.1,0.0
17.889814429616173,5531.0,1719.28,0.08982425821166903,7.192978886650228,19.062634381422047,169,164.6,11.41346713615467,165.6,0.0
17.896558091072194,5532.0,1719.7599999999998,0.08610925062861921,24.277181241672835,19.142163189303293,168,164.1,12.745692775660256,165.0,0.0
17.904512495184903,5536.0,1720.4,0.08315143354556033,7.158963701439955,19.838243085611605,169,163.6,12.852778712618145,164.6,0.0
17.912778613046275,5538.0,1721.0,0.07957222776889893,14.879012150466886,19.648283485093845,169,163.2,13.07998674054922,164.1,0.0
17.921742847925596,5541.0,1721.6,0.07502451155580511,10.75708185518751,19.620550595929565,168,162.9,10.6927447450468,163.6,0.0
17.93054985527615,5545.0,1722.1200000000001,0.07517147372670092,7.926306615499323,16.389703741093147,167,162.8,11.481126771498769,163.2,0.0
17.938487245364097,5547.0,1722.6799999999998,0.0737500461978434,14.287302158300399,17.266086327405507,167,162.8,11.068965457307195,162.9,0.0
17.94442852726898,5551.0,1723.1599999999999,0.07726381802940778,5.3471537143923,14.473207772156645,167,162.8,11.126710586854012,162.8,0.0
17.947758948694677,5553.0,1723.52,0.07927822674810543,5.994758566255694,16.605536650954765,166,162.9,11.898390944111684,162.8,0.0
17.95016327554234,5554.0,1724.0,0.08502282798413903,8.655576651592067,15.32706564778312,165,163.1,10.106897088791712,162.8,0.0
17.953727344606666,5555.0,1724.36,0.0882357690686404,12.830648631572934,15.463887090261698,165,163.2,11.08307883154674,162.9,0.0
17.95883230596272,5558.0,1724.8400000000001,0.09217569907042888,6.125953627265775,15.443754358010967,165,163.3,9.382759579842928,163.1,0.0
17.964438497167144,5559.0,1725.3200000000002,0.09233719581178641,20.18228833593552,14.832686385385912,164,163.4,9.639681679470442,163.2,0.0
17.971117054420226,5563.0,1725.9599999999998,0.09252932602462369,6.010701527774068,16.621257704920996,164,163.5,10.725641659715969,163.3,0.0
17.977067462061775,5565.0,1726.52,0.0933563390567049,10.71073375478946,16.915660108706863,163,163.5,10.913915264942627,163.4,0.0
17.983027819185143,5568.0,1727.1200000000001,0.09313318399474403,7.152428548041271,18.48246568622933,162,163.4,10.132301944046985,163.5,0.0
17.9880934562105,5570.0,1727.6,0.09559850529618183,9.118146645644462,17.518036599359256,162,163.7,10.5156401503627,163.5,0.0
17.992693409368968,5571.0,1728.0400000000002,0.09683591416674939,16.559831370479856,17.88718529548095,162,164.3,11.553957563830702,163.4,0.0
17.997177695852386,5573.0,1728.44,0.09951410827597974,8.071715670153901,17.076431685620598,163,164.9,11.070907707342345,163.7,0.0
18.002116601800825,5574.0,1728.92,0.09682707889127065,17.780061414376963,17.199656272515263,163,165.5,10.95944868794417,164.3,0.0
18.00751838520024,5577.0,1729.48,0.09485264302176244,6.4821400792957204,16.684805159048828,164,166.1,10.624045770397885,164.9,0.0
18.014528682780977,5580.0,1730.1599999999999,0.09274734641670354,8.412357096883515,18.118935436297356,164,166.7,12.782177542635065,165.5,0.0
18.022965758386785,5582.0,1731.0,0.09132667878719568,15.18673609045382,18.069031497871826,164,167.3,12.434942611371492,166.1,0.0
18.031081855956945,5587.0,1731.7599999999998,0.09070732575676246,5.8435902505140245,16.94022759471082,165,167.9,11.92728872573009,166.7,0.0
18.03948128952147,5591.0,1732.48,0.0918984934464469,7.559490208072113,18.192079430496754,166,168.7,12.203264326072954,167.3,0.0
18.048512517840543,5593.0,1733.2400000000002,0.0908332401197537,16.25621097433379,16.190766917388434,166,169.7,12.501572247868436,167.9,0.0
18.056085416654522,5596.0,1733.8799999999999,0.08898297149418952,9.087478576775045,16.50280991091855,166,170.3,12.19486400622499,168.7,0.0
18.064573736545626,5599.0,1734.52,0.08531379235048545,10.185983869322687,20.22460047199364,166,170.6,12.066971330127505,169.7,0.0
18.074123000107814,5601.0,1735.2400000000002,0.07941819880813958,17.18867441193872,18.71560355469033,167,170.9,11.997447139028385,170.3,0.0
18.082594975104037,5606.0,1735.8799999999999,0.07610392689989928,6.0998219972801,23.309489381861823,167,170.9,12.405308560845588,170.6,0.0
18.09282042419183,5610.0,1736.56,0.07583803992762747,9.202904179016564,23.14003676471286,166,170.6,13.858427996770596,170.9,0.0
18.10243325716215,5611.0,1737.2,0.07384985509850284,34.60619869314266,21.511845683449142,166,170.0,13.211247790122588,170.9,0.0
18.11267879262026,5617.0,1737.8400000000001,0.07585209805704773,6.147321274866805,22.157726423560224,166,169.1,13.821262524303927,170.6,0.0
18.1233082840576,5618.0,1738.56,0.07652522485852689,38.2661691744206,25.360791924123525,166,167.9,13.618463102761025,170.0,0.0
18.13495871851062,5624.0,1739.44,0.07653886630746747,6.990260671813382,23.72727734787361,164,166.7,14.6266557978198,169.1,0.0
18.143822577010862,5629.0,1740.1599999999999,0.07812886995110221,6.3819781201750425,27.613874711600403,165,165.4,17.606201322088044,167.9,0.0
18.155174903797636,5632.0,1741.08,0.08213981390459019,13.622792144130278,29.278992456722857,165,163.8,17.46624247031323,166.7,0.0
18.163762899796268,5633.0,1741.8399999999997,0.085046106812389,30.916785595076906,25.185954358803208,165,162.1,18.900302685502552,165.4,0.0
18.17091767537521,5638.0,1742.6,0.09004424947940089,5.151438416837874,25.359902249446517,166,160.2,21.33867279129141,163.8,0.0
18.179169969643453,5639.0,1743.4,0.09398868286595188,29.708259365668184,22.600586515793214,166,158.2,20.9361074348034,162.1,0.0
18.189611643286643,5641.0,1744.4,0.09370872427043254,18.795012557739078,23.08282728994137,166,156.5,19.45661281674617,160.2,3.0
18.19798568095716,5646.0,1745.2400000000002,0.09512944144370328,6.0293071227720985,23.250096989499976,166,155.2,18.070936955753066,158.2,3.0
18.207215196613095,5651.0,1746.2,0.09637488265954729,6.645251272274059,25.81326564487235,169,154.2,18.76022125560384,156.5,3.0
18.21710100884007,5653.0,1747.1200000000001,0.09780642525622761,17.794462008554678,22.390527768637167,171,153.6,18.37536934275599,155.2,3.0
18.22478139532786,5656.0,1747.8400000000001,0.09884536520312436,9.216463785346466,22.360568851022794,170,152.9,17.221604179834827,154.2,3.0
18.231129601505966,5660.0,1748.56,0.10035626925011398,5.713385560295355,22.001487478314072,168,152.4,14.010839394535749,153.6,3.0
18.238966831026566,5661.0,1749.4,0.09827247248869947,28.214026274166148,20.058521490831072,168,152.2,16.15908679428221,152.9,3.0
18.245881628179312,5664.0,1750.1200000000001,0.09706039745685804,8.297756583296069,20.428021362683218,167,152.0,13.74951460764309,152.4,3.0
18.252629533429335,5669.0,1750.8,0.09464512334500651,4.858491780015852,20.77200801311822,168,152.0,13.510947466733068,152.2,3.0
18.260287012785888,5670.0,1751.52,0.09332032107064711,27.56692568359362,18.825870785993455,167,152.4,13.773286387061589,152.0,3.0
18.267748011556353,5674.0,1752.1599999999999,0.0941617197990056,6.714898893419233,19.252482362953504,167,152.8,13.685049328437977,152.0,3.0
18.274701464237335,5677.0,1752.7599999999998,0.0942164840349052,8.344143217178173,20.15635108808285,167,153.1,13.97925301752288,152.4,3.0
18.282120152219587,5680.0,1753.4,0.09278594593274343,8.902425578702125,16.927748489503095,167,153.4,13.207939556270606,152.8,3.0
18.288811654611926,5684.0,1754.1200000000001,0.0946979675703983,6.022352153106951,17.32402558302996,167,153.7,13.568998736729034,153.1,3.0
18.295505493813373,5686.0,1754.8400000000001,0.09439810014813457,12.048910562603627,17.380201367557763,167,154.1,13.83754523973378,153.4,3.0
18.302480502934976,5688.0,1755.52,0.0941354343168282,12.555016418886002,13.98166190879858,168,154.4,14.962851236395796,153.7,3.0
18.309750161561716,5691.0,1756.2400000000002,0.09478193210780364,8.723590352089593,17.806814624032835,167,154.8,13.074369922697894,154.1,3.0
18.31876727186706,5694.0,1757.1199999999997,0.09505961594511918,10.820532366410434,17.470498605257802,168,155.3,16.13038097596472,154.4,3.0
18.32721890866217,5699.0,1757.8,0.09367321038221481,6.085178492481548,18.027605751570075,168,155.8,14.11124440582516,154.8,3.0
18.336427774245696,5705.0,1758.56,0.09168254784151264,5.525319350115475,18.348701035103097,167,156.2,15.469155037227068,155.3,3.0
18.345002079567703,5706.0,1759.3200000000002,0.09102844236830938,30.867499159229887,17.361773868486026,166,156.6,15.44750029886938,155.8,3.0
18.352596090848014,5711.0,1760.0,0.08978410815442751,5.467688121823176,19.14902173395558,164,157.0,15.609673805848931,156.2,3.0
18.359583865974347,5713.0,1760.6,0.08934655185792878,12.577995227402171,18.530268840277607,163,157.4,16.262467520639476,156.6,3.0
18.36653966951565,5716.0,1761.2,0.08584037292706745,8.346964249562294,20.505343712068623,163,157.7,16.616454870049182,157.0,3.0
18.37389037652979,5721.0,1761.8799999999999,0.08651494541619469,5.292509050179786,20.63627442506656,162,158.0,17.895863900205324,157.4,3.0
18.380759941394256,5722.0,1762.44,0.08447025319748606,24.73043351207542,20.81784336949068,162,158.5,16.86715163853552,157.7,3.0
18.388127527781368,5728.0,1763.08,0.08473388338175275,4.420551832266523,16.993193618403883,163,159.1,16.86275120099456,158.0,3.0
18.394833857992886,5729.0,1763.64,0.08481455316216,24.142788761466274,18.056178595860292,163,160.0,15.041369376345637,158.5,3.0
18.402785011172952,5733.0,1764.3200000000002,0.08586577087012262,7.156037862060421,17.378958009929157,163,161.1,15.34828291484706,159.1,3.0
18.409282844197474,5736.0,1764.8799999999999,0.08654154236484599,7.797399629426238,17.462936874263793,163,162.2,16.089487234602473,160.0,3.0
18.417055154424368,5740.0,1765.6,0.08555474431366167,6.9950792042056795,18.50391555059176,163,163.1,15.857094560630824,161.1,3.0
18.42447265908345,5742.0,1766.2399999999998,0.08599468400166692,13.351508386342877,15.751921440361775,163,163.9,15.992859360581829,162.2,0.0
18.431519644154687,5745.0,1766.8799999999999,0.0850285035931232,8.456382085486437,17.163702208277595,163,164.6,16.636371468490903,163.1,0.0
18.43895665710888,5748.0,1767.52,0.08498036082477597,8.92441554503049,14.547410022555548,163,165.1,16.059155603504976,163.9,0.0
18.44618405301041,5750.0,1768.1200000000001,0.0839142177966538,13.009312622756468,14.963728572042163,163,165.4,14.53220823620757,164.6,0.0
18.453756825186936,5754.0,1768.7599999999998,0.08650215001010962,6.815494958875721,16.710059855363063,164,165.3,15.59030446525908,165.1,0.0
18.461635919220168,5756.0,1769.4,0.08621315791501055,14.182369259816806,17.04538446811682,164,165.0,16.255898053674564,165.4,0.0
18.4695688039362,5760.0,1770.0400000000002,0.08664160338674812,7.139596244428134,16.014694803386742,164,164.4,16.235043204488473,165.3,0.0
18.477673186318146,5763.0,1770.7600000000002,0.08831471013960404,9.725258858335568,16.703668095437045,164,163.6,16.6568871814579,165.0,0.0
18.488038186002523,5765.0,1771.6799999999998,0.09055791632785494,18.656999431881488,18.479220722841017,164,162.9,14.728624667542302,164.4,0.0
18.49790242517638,5769.0,1772.56,0.09217634018836356,8.877815256472267,17.809390015720474,163,162.9,17.316548643324616,163.6,0.0
18.507128050472026,5775.0,1773.4,0.09308360701983692,5.5353751773864435,17.82278109931801,162,163.1,17.533916988662654,162.9,0.0
18.517369520595896,5778.0,1774.36,0.09557574204537232,12.289764148643611,17.34936601229265,166,163.4,15.922114293773337,162.9,0.0
18.528095959306846,5780.0,1775.3600000000001,0.09685900340772659,19.307589679710507,20.777244823471378,169,163.9,16.068243711725238,163.1,0.0
18.53718353048226,5784.0,1776.2400000000002,0.09592856071109185,8.178814057872902,20.223825113716504,169,164.5,15.7145141004352,163.4,0.0
18.545101453766833,5789.0,1777.0400000000002,0.09314724976147332,5.700904764893957,19.32869480774453,170,165.2,15.009485986374354,163.9,0.0
18.554125070503794,5792.0,1777.9599999999998,0.09219323699402211,10.828340084353965,19.629229002523807,170,165.9,14.89991124746868,164.5,0.0
18.562103102161238,5793.0,1778.7599999999998,0.0897499841029381,28.72091396679992,19.8008647772045,170,166.6,14.871522479004131,165.2,0.0
18.56905077943424,5797.0,1779.44,0.08653312297353481,6.252909545699867,19.061410264984552,170,167.3,14.62515539125472,165.9,0.0
18.576595479753944,5799.0,1780.1599999999999,0.08158476341805007,13.580460575467463,18.254157934676627,170,167.9,15.552253965682995,166.6,0.0
18.58629345580386,5802.0,1781.0400000000002,0.0756389208904279,11.637571259900918,17.859930966849763,171,167.9,13.212040879877282,167.3,0.0
18.59575840513202,5806.0,1781.7599999999998,0.06825130270406708,8.51845439534124,17.962455330895093,172,167.8,12.480473049875426,167.9,0.0
18.608567685315645,5811.0,1782.56,0.05913469321562298,9.222681732209166,19.152305547901705,172,167.7,12.532242268880031,167.9,0.0
18.623591571081256,5814.0,1783.2400000000002,0.050108440267985145,18.028662918735645,17.090353528177296,172,167.6,14.238780392899534,167.8,0.0
18.63814296136686,5821.0,1783.6799999999998,0.04232137979707837,7.48357214688168,17.448670900677307,172,167.5,16.885590768752444,167.7,0.0
18.65172562662112,5826.0,1783.8799999999999,0.03478176633608859,9.779518983066016,16.602199454619406,170,167.3,16.977891515156436,167.6,0.0
18.665814256867566,5828.0,1784.0400000000002,0.02643170053824303,25.35953444360407,17.16964877501449,167,167.3,16.14303146696305,167.5,0.0
18.678174874589967,5830.0,1784.0400000000002,0.020071134012732084,22.24911190031981,20.063136239067198,164,167.6,16.845234057885293,167.3,0.0
18.688469088662895,5833.0,1784.0,0.013974619846305495,12.353056887513294,19.6687679243647,161,168.0,18.2180130022772,167.3,0.0
18.69809614396293,5836.0,1784.0,0.009925675054390634,11.552466360038412,21.034671623492205,158,168.5,17.055796544973425,167.6,0.0
18.710162531857645,5838.0,1784.0399999999997,0.009595481179771085,21.719498210488656,23.92575698632134,159,169.2,17.10241292293242,168.0,0.0
18.720805284534872,5839.0,1784.08,0.012932766672457765,38.313909638023674,23.543851430893774,159,170.0,17.66842617712472,168.5,0.0
18.729497610328718,5843.0,1784.1799999999998,0.01814010731272373,7.823093214461055,22.003782091106896,156,170.6,17.543612105855765,169.2,0.0
18.73848907284834,5844.0,1784.3399999999997,0.025657411239427406,32.36926507062887,20.6695911264824,155,171.2,18.401257633826383,170.0,0.0
18.747341093182996,5845.0,1784.6200000000001,0.034405409363727074,31.867273204770235,22.04449346561716,153,171.7,15.654457484077987,170.6,0.0
18.753734276980982,5849.0,1785.02,0.04391806250492506,5.753865418185901,21.94348645120587,150,172.3,16.268981671287868,171.2,0.0
18.759603492682665,5851.0,1785.5,0.05089420550702495,10.564588263031752,21.158183258484613,150,172.4,16.51413408031396,171.7,0.0
18.766597120424656,5854.0,1786.0400000000002,0.05918170414560856,8.39235329038882,17.978985410046967,151,172.0,15.609853988107384,172.3,0.0
18.771943203726327,5855.0,1786.64,0.06549019005737935,19.24589988602102,21.513691557620767,151,171.7,14.140085204688072,172.4,0.0
18.778363159752626,5858.0,1787.3200000000002,0.07184531768216756,7.703947231559919,19.043508033913533,152,171.3,14.133201705510327,172.0,0.0
18.78401974118667,5860.0,1787.8399999999997,0.07526642279294851,10.181846581277036,19.610402199840784,152,170.7,14.660982270187398,171.7,0.0
18.792639549221438,5865.0,1788.48,0.07822138843759525,6.206261785032871,20.046680079207054,154,169.9,15.075158864478102,171.3,0.0
18.800779984558083,5866.0,1789.0400000000002,0.07877653098527129,29.305567211925666,20.086848976508858,154,169.1,15.431772367945715,170.7,0.0
18.809972810340568,5870.0,1789.6799999999998,0.0791018262109585,8.273543204237663,20.586292682921467,153,168.1,12.751142215632306,169.9,0.0
18.8181621441727,5871.0,1790.2399999999998,0.07740414775374596,29.481601795670052,19.54215122668203,153,167.0,14.209693766165747,169.1,0.0
18.82747020486322,5875.0,1790.92,0.07450041724887438,8.377254621471074,20.030818601211354,154,165.9,13.688325174763744,168.1,0.0
18.835538719593885,5878.0,1791.56,0.07424789290314213,9.682217676795645,20.34647678465147,154,165.0,13.588277360020294,167.0,0.0
18.844984044744916,5881.0,1792.28,0.07169604615022768,11.334390181237842,21.849672424157482,154,164.3,14.987074515671884,165.9,0.0
18.85459468247283,5884.0,1792.92,0.07053021069765883,11.53276527349829,18.89116538238583,154,163.3,15.015552805345449,165.0,0.0
18.864023465002948,5887.0,1793.56,0.0674164456758185,11.314539036144192,22.965997484426907,155,162.2,15.250729468855482,164.3,0.0
18.87474622467905,5890.0,1794.28,0.06639147734626132,12.867311611324508,19.85882673481551,156,161.2,15.025271005225378,163.3,0.0
18.884445847874414,5892.0,1794.92,0.06353855602501318,17.459321751653018,21.701546370994798,157,160.4,17.122508199065713,162.2,0.0
18.896024463513243,5896.0,1795.6,0.06174140161748848,10.420754074946684,21.620065976377667,158,159.8,17.053332697061165,161.2,3.0
18.90681158955127,5897.0,1796.1599999999999,0.06012439039162867,38.83365373690589,21.839277781543267,158,159.4,17.046028881908693,160.4,3.0
18.919714695237765,5902.0,1796.8,0.062478148692866144,9.290236094274483,22.797648423690184,158,158.8,16.445408655430878,159.8,3.0
18.93191267353526,5904.0,1797.36,0.06457165220548088,21.956360935490125,23.354053053138987,158,158.0,17.014893111940353,159.4,3.0
18.945059437831397,5909.0,1797.9199999999996,0.06679579266799004,9.465670293218777,25.260921784154725,158,157.2,18.16139509747209,158.8,3.0
18.955856208873925,5912.0,1798.56,0.06995312375055385,12.95612525103337,23.865256110762974,158,156.3,16.684324139328126,158.0,3.0
18.96588993244137,5914.0,1799.4399999999998,0.07188427811368148,18.060702421403708,23.912029137463314,158,155.2,16.969234812029015,157.2,3.0
18.97414238384706,5916.0,1800.2399999999998,0.07256604240922052,14.85441253024126,21.490624823637788,158,154.0,19.025341472641987,156.3,3.0
18.981270551045082,5917.0,1801.0400000000002,0.07191594782746569,25.661401912885946,21.88903779428167,159,152.7,20.49924935098251,155.2,3.0
18.987247383657543,5920.0,1801.8,0.070979872834084,7.172199134954962,22.718111068927477,162,151.2,19.434317887716496,154.0,3.0
18.99301224460173,5922.0,1802.44,0.0690808325496445,10.376749699537053,22.301015596413865,164,149.7,21.357020896551603,152.7,1.0
18.9987399766824,5923.0,1802.92,0.06526364422944765,20.61983549041666,22.241168599718414,167,148.1,23.362487557254237,151.2,1.0
19.005606294170896,5925.0,1803.4,0.059304336487380635,12.359371479288754,22.665928856304582,169,146.8,22.79356293433957,149.7,1.0
19.01376418420785,5926.0,1803.8400000000001,0.054141510910558445,29.368404133044233,21.636675899942425,169,145.7,22.58145099584208,148.1,1.0
19.023683272476603,5931.0,1804.2400000000002,0.04857946834030846,7.141743553502296,19.212493126800542,167,144.4,23.33677822710225,146.8,1.0
19.039587464977206,5935.0,1804.5600000000002,0.0435753058080873,14.313773250543413,20.42252835448548,166,143.2,23.808827252326147,145.7,1.0
19.060000651227618,5938.0,1805.0,0.041082220090887,24.495823500494456,21.141344133876583,165,142.4,23.496597332067456,144.4,1.0
19.080183437628467,5946.0,1805.52,0.04182807250398422,9.082253880382002,20.94691733122199,163,141.8,22.93825497107173,143.2,1.0
19.10038996476163,5953.0,1806.08,0.04232745619666908,10.39192823991188,21.47753611894351,162,141.5,22.13164390960587,142.4,1.0
19.120115699678816,5957.0,1806.72,0.04447999549312132,17.75316142547008,18.94443763390214,161,141.2,20.40920675200741,141.8,1.0
19.134309604331893,5960.0,1807.56,0.048888748903181026,17.032685583691844,22.590990244566793,161,140.6,19.29128455539489,141.5,1.0
19.14564920821998,5962.0,1808.48,0.05338535470959634,20.411286998555774,23.08936991114021,161,139.9,20.18923818816982,141.2,1.0
19.1548591033583,5964.0,1809.2,0.05531806390044282,16.577811248983032,21.221008571106694,161,139.0,20.58983188011384,140.6,1.0
19.16326391918654,5967.0,1809.92,0.05848731943795209,10.085778993888267,21.57486487719482,162,137.9,20.058381061540636,139.9,1.0
19.1724364145508,5968.0,1810.6799999999998,0.06221004037201253,33.02098331132539,21.249626797280218,167,137.0,19.43149971100585,139.0,1.0
19.181596112719646,5970.0,1811.2400000000002,0.0639382433827862,16.48745670392383,20.51595549428655,168,136.1,19.474675067498676,137.9,1.0
19.18857760984598,5973.0,1811.6,0.06534180095004251,8.377796551601268,20.535756177132875,168,135.0,20.55217293338593,137.0,1.0
19.194435136545923,5975.0,1812.0400000000002,0.06611989336287126,10.543548059900985,20.625829997445514,168,133.9,20.4168341148329,136.1,1.0
19.198243265505376,5977.0,1812.52,0.0678239277767299,6.854632127011562,20.385132587741346,168,132.7,21.600477530465707,135.0,2.0
19.201216287806727,5978.0,1812.92,0.06647875320699667,10.702880284861596,21.76119312493345,168,131.7,21.554221503583516,133.9,2.0
19.205643215083015,5979.0,1813.4,0.06391543985348627,15.936938194635092,18.580742036275446,168,131.0,21.404260401545013,132.7,2.0
19.21123415933688,5980.0,1813.92,0.06273458672701712,20.127399313910313,17.62531871566582,168,130.6,21.070839932646194,131.7,2.0
19.21907534843215,5982.0,1814.48,0.06452492064324548,14.114140371488912,17.761124045381333,168,130.6,21.71683823428528,131.0,2.0
19.229829106620024,5984.0,1814.8799999999999,0.06724719247061176,19.35676473817102,20.378437695787273,168,130.8,22.298946695101968,130.6,2.0
19.240516720456988,5988.0,1815.3200000000002,0.070848099593605,9.618852453268241,24.365212149570493,167,131.1,23.35724738917052,130.6,2.0
19.253255301573525,5993.0,1815.8400000000001,0.07413630178475017,9.17177840390528,24.591806836155342,167,131.5,24.11227099131621,130.8,2.0
19.27513397092868,5998.0,1817.0399999999997,0.07540775346790866,8.895488741647304,23.51927957539989,167,132.0,24.047587069549785,131.1,2.0
19.282803117956487,5999.0,1817.92,0.07687396354974509,27.60892930009601,24.879528669095752,167,132.5,22.7282727325296,131.5,2.0
19.292059433480247,6000.0,1818.92,0.07719461738258752,33.32273588554069,27.15691943282936,167,133.0,21.28915436033421,132.0,2.0
19.298518260007416,6002.0,1819.72,0.07815824521024356,11.62588774890151,25.57053523349031,166,133.4,21.08368267322407,132.5,2.0
19.304841874768,6005.0,1820.4,0.08112746842730947,7.5883377127012075,25.65243266098504,168,133.8,20.157463354988483,133.0,2.0
19.312383381774428,6006.0,1821.0800000000004,0.08279203880419503,27.149425223132734,26.40983217986094,171,134.0,17.161271588489377,133.4,2.0
19.320117251167595,6007.0,1821.6800000000003,0.08251593792803172,27.84192981540803,26.15890581586843,172,134.1,17.177860458896898,133.8,2.0
19.326562751305207,6010.0,1822.1600000000003,0.07861860838099641,7.73460016513324,26.952145044380757,173,134.1,16.891930583129984,134.0,2.0
19.334966931499256,6013.0,1822.8400000000001,0.07289343001385462,10.085016232858173,22.853442292066347,174,134.1,16.196444792530535,134.1,1.0
19.343206882024717,6015.0,1823.48,0.06714675944565066,14.831910945828275,23.440029104570666,175,134.3,14.008750383602864,134.1,4.0
19.353828198731602,6020.0,1824.08,0.0629841024996948,7.647348028957795,23.573419046985183,173,135.2,13.62275586266844,134.1,4.0
19.363879694448215,6021.0,1824.6,0.057789943722731364,36.18538457980219,21.70477477554368,173,138.2,14.479038130389252,134.3,4.0
19.37526390020277,6028.0,1825.1200000000001,0.05354639750445722,5.85473438805673,19.09718053231923,172,141.3,13.757120065459578,135.2,4.0
19.385136749992217,6030.0,1825.48,0.05110440476654422,17.771129621000277,18.89723495120912,172,144.1,12.990147267411247,138.2,1.0
19.396292151995507,6034.0,1825.92,0.04670468223382915,10.039861802962138,19.35625348588851,169,146.6,12.38622021405708,141.3,1.0
19.40635138771832,6036.0,1826.3200000000002,0.04388337595926475,18.106624301067022,19.661467621613326,167,148.9,11.981692790723624,144.1,1.0
19.417304922702666,6039.0,1826.72,0.04239173136336439,13.144241981214881,20.025612578124214,169,151.1,10.108231075421424,146.6,1.0
19.427951818776773,6044.0,1827.1599999999999,0.042414029379706356,7.665765173355798,16.320184278146964,169,153.4,8.822875858002886,148.9,3.0
19.44075417034313,6047.0,1827.6799999999998,0.04306534198110483,15.362821879628882,18.05811615791647,168,155.5,6.293932199478953,151.1,3.0
19.45656556775041,6050.0,1828.36,0.045094137211912945,18.973676888735284,17.332087741775347,167,157.6,5.486103398888916,153.4,3.0
19.472139849783236,6055.0,1829.1599999999999,0.04552195367734821,11.213483063633948,17.20298920167926,165,159.0,3.55437546319292,155.5,3.0
19.490376955726756,6062.0,1830.08,0.04544316121688395,9.37908305666811,19.03517957116025,163,158.2,1.655112822682368,157.6,3.0
19.51308834449719,6066.0,1831.1200000000001,0.045601450064342644,20.440249893391126,19.102138672899752,161,156.8,0.674598928926385,159.0,3.0
19.53401741734216,6072.0,1832.1200000000001,0.04581410917483335,12.557443706980257,19.39375262546089,161,155.3,0.5369137721752589,158.2,3.0
19.554104936576664,6080.0,1832.9599999999998,0.04652538339979684,9.039383655527635,19.044279043913455,160,153.8,0.4054593377494594,156.8,3.0
19.571935267608655,6082.0,1833.6,0.04712394058149576,32.094595857582945,21.253779196475612,160,152.4,0.3199830751110434,155.3,3.0
19.59058669105025,6087.0,1834.28,0.0459893449053719,13.429024877950482,20.99526150646944,159,151.0,0.2749906156171655,153.8,3.0
19.623876072608137,6094.0,1835.64,0.041977698016304986,10.01753180845618,20.796774424633423,158,149.5,0.2043110130694242,152.4,3.0
19.642081957668314,6099.0,1836.44,0.03512347985903275,13.108237243327816,19.672995492611783,158,149.5,0.2383528639665658,151.0,3.0
19.664274207016724,6101.0,1837.3200000000002,0.027102408750917774,39.94604882713864,19.861855815004358,159,149.5,0.2520170707114747,149.5,3.0
19.681810420422707,6107.0,1837.9599999999998,0.01942795070835667,10.521728043588475,20.63201730896842,159,149.6,0.2696428412546482,149.5,3.0
19.697320495264613,6113.0,1838.2,0.012247008354897096,9.30604490514338,18.074648121619738,159,148.9,0.2885746081854629,149.5,3.0
19.724450368667007,6117.0,1838.2,0.00430606215868398,14.434047628612966,17.794717959006086,155,146.6,0.3423834763284353,149.6,3.0
19.73459052881816,6119.0,1837.8799999999999,-0.003734043796645247,18.252288272074985,19.229119417631516,153,144.4,0.3141403100756898,148.9,3.0
19.745981864101964,6121.0,1837.52,-0.01152796295640163,20.504403510845087,20.1358718788945,152,142.5,0.3250006518864802,146.6,4.0
19.755606245366486,6123.0,1837.1200000000001,-0.019404354845464003,17.323886276143263,18.203409566175214,151,140.9,0.3468276782712757,144.4,4.0
19.764649651813688,6125.0,1836.6799999999998,-0.02349957686053756,16.278131604959352,19.821476974223476,148,139.5,0.6175082255631897,142.5,4.0
19.77314370692885,6126.0,1836.2400000000002,-0.023847216112195528,30.5785984145859,21.653419905826063,146,138.2,0.8572231195296851,140.9,4.0
19.78087907249183,6127.0,1835.8799999999999,-0.020778786433700062,27.847316026733047,21.04442053379294,145,135.6,0.9958747928376792,139.5,4.0
19.789017054212522,6128.0,1835.56,-0.016015199965095477,29.2967341944785,20.90841045763103,144,132.7,1.1444305859061663,138.2,4.0
19.797280598138062,6129.0,1835.5400000000002,-0.012072515467945103,29.748758131939557,21.9164921789523,144,129.8,1.930527099017032,135.6,4.0
19.81359210453371,6131.0,1835.7,-0.007035865773515957,29.360711512169672,22.686452963450076,143,127.7,2.169411482695469,132.7,4.0
19.852653485294237,6140.0,1836.3,-0.0012843785474137247,8.744801399466326,22.633974867621276,142,127.9,2.1385914247404525,129.8,4.0
19.870577006279905,6144.0,1836.6599999999999,0.0044747874272053345,16.13116888710011,22.529727999626694,142,128.2,2.1489376179356263,127.7,4.0
19.917548234930265,6148.0,1837.2,0.00827792289339881,28.05767582344679,22.044767920037994,139,128.8,2.1051926319811463,127.9,4.0
19.935918548703917,6151.0,1837.44,0.010171892100421891,22.044376528382205,20.555190163201612,139,129.6,2.108878015554329,128.2,4.0
19.957844936041205,6157.0,1837.6799999999998,0.008847190816399597,13.155832402372452,19.579639534495236,140,130.3,1.829858909234585,128.8,4.0
19.978674248378397,6160.0,1837.92,0.005969384225836071,24.99517480462862,20.43392733104195,140,130.5,1.6164535055809186,129.6,4.0
20.000653365502924,6164.0,1838.0,0.002226599669605707,19.781205412074467,20.77579592406492,142,130.3,1.5277377510819332,130.3,4.0
20.030466687167053,6169.0,1837.8799999999999,-0.0017629177597392755,12.072362618493903,20.151265573240412,141,129.8,1.393379752790855,130.5,4.0
20.04078309614806,6171.0,1837.6799999999998,-0.004677641738606313,18.56953616581437,19.31804157263557,138,129.2,0.7513089682922932,130.3,4.0
20.051433164992485,6172.0,1837.48,-0.007535791629232243,38.34024783991896,19.223637036957392,136,128.6,0.5092821412043314,129.8,4.0
20.058516908502988,6174.0,1837.3200000000002,-0.00960171216556946,12.750738318906537,20.31545810757883,133,127.6,0.4874417322304825,129.2,4.0
20.064526164448193,6176.0,1837.1599999999999,-0.009352016643389686,10.816660701367992,20.28738313338338,131,126.8,0.4778654066728596,128.6,4.0
20.07057862620322,6177.0,1836.9599999999998,-0.006723852796098681,21.788862318098957,21.83377429192472,130,125.9,0.4706673687060704,127.6,4.0
20.076821995673583,6178.0,1836.8,-0.0010882722334062075,22.476130093310488,21.994107885747034,130,124.7,3.6438946700871817,126.8,4.0
20.083469443190594,6179.0,1836.72,0.005985400226208186,23.93081106124493,22.290992124043843,129,124.1,7.2165133847976675,125.9,4.0
20.096603769090095,6181.0,1836.9199999999996,0.014297334934922875,23.641786619098365,23.18745677084855,129,124.3,10.799232815327397,124.7,4.0
20.114169124405873,6183.0,1837.3200000000002,0.021505506837317022,31.617639568402595,24.631545055364615,130,124.9,12.870433345291346,124.1,4.0
20.13351879498866,6189.0,1837.9599999999998,0.029074207053468443,11.60980234967195,26.02972644480845,131,125.9,15.01831767431463,124.3,2.0
20.152485378483583,6193.0,1838.7199999999998,0.03969610732473787,17.06992514542937,28.865648774614648,131,126.9,16.642307117498703,124.9,2.0
20.1719331802341,6195.0,1839.64,0.05090496593748274,35.006043150930765,31.275552330272063,132,128.0,20.539421225313696,125.9,2.0
20.197330178306952,6198.0,1841.3200000000002,0.061911765458255594,19.210721335297393,32.397485210695436,133,129.2,24.31835973521594,126.9,2.0
20.206573370145584,6200.0,1842.0400000000002,0.07288370013033937,16.637745309534896,31.43497222380707,133,130.4,25.83991419035986,128.0,2.0
20.2155655560508,6201.0,1842.9599999999998,0.08216681907987912,32.37186925878443,30.457776315162317,133,131.3,28.973255739766376,129.2,2.0
20.223906213304904,6202.0,1843.8400000000001,0.0851416343130567,30.0263661147674,30.471990721501186,134,132.2,28.992632067328067,130.4,2.0
20.230373983261455,6203.0,1844.6,0.08468870925267297,23.28397184358069,29.416523194198874,134,132.4,28.270574055539637,131.3,2.0
20.236178785066397,6205.0,1845.4,0.08183330114904265,10.448643248896492,25.52879716065694,134,132.2,28.21341908901777,132.2,2.0
20.24096391169041,6206.0,1846.1200000000001,0.0776933282442685,17.22645584644868,25.1032852933501,135,132.0,29.70488259660483,132.4,2.0
20.243618102101124,6207.0,1846.56,0.0694564645640253,9.555085478570598,24.09630063066219,135,131.6,29.37213500683409,132.2,2.0
20.245786916535312,6208.0,1846.8400000000001,0.05684301844805192,7.8077319630734765,21.489157117257307,135,131.2,31.299383940321555,132.0,2.0
20.24999035444026,6211.0,1847.0400000000002,0.042269945524159254,5.044125485939722,17.518474531801115,134,130.5,29.623575615138016,131.6,2.0
20.255372746117864,6212.0,1847.1200000000001,0.026160170846140578,19.37661003937262,15.37258164363107,134,129.8,28.067675439298768,131.2,2.0
20.263027438646677,6214.0,1847.0,0.00548303932218393,13.778446551865741,15.055148095450718,133,129.0,29.00906979303744,130.5,2.0
20.270087719578008,6215.0,1846.8,-0.016025950835728407,25.417011352789903,13.087636918672178,133,128.3,28.79647964561904,129.8,2.0
20.27687890459925,6218.0,1846.56,-0.035019508942745366,8.149422025490702,11.791803870754071,136,127.5,28.54134767603604,129.0,2.0
20.282274467553204,6219.0,1846.28,-0.05436644773579073,19.42402663423647,10.806826763480666,143,126.8,28.46531165742603,128.3,2.0
20.287555430310455,6220.0,1845.92,-0.07529176383793565,19.011465926104616,10.164920645687163,164,126.2,26.88194800225342,127.5,2.0
20.290335228976332,6221.0,1845.56,-0.0978030024234378,10.007275197151925,8.000166307143054,166,125.6,26.53231127681944,126.8,2.0
20.292430070640872,6225.0,1845.2,-0.1251436344493964,1.8853574980873002,6.712687414981886,163,125.1,27.211568714133403,126.2,2.0
20.293903788498817,6228.0,1844.8400000000001,-0.1644762372969109,1.7684614295318086,4.400704645691348,160,124.4,25.662292405536505,125.6,2.0
20.294736164542655,6231.0,1844.52,-0.2133269862236947,0.9988512526051467,3.735168245933805,157,123.9,25.94719035289157,125.1,2.0
20.294914495899974,6232.0,1844.2400000000002,-0.31958976622186314,0.641992886350611,2.299494007032275,156,123.4,27.35384663418872,124.4,2.0
20.295171411004887,6233.0,1844.0,-0.40834775669087386,0.9248943776803904,1.0281797912927941,156,123.4,26.204254872789495,123.9,2.0
20.295419473052903,6240.0,1843.7599999999998,-0.46837197826479204,0.12757476755056213,0.4473594295684727,154,123.9,25.9620083604116,123.4,2.0
20.29553802975222,6246.0,1843.5600000000002,-0.5216444456281935,0.07113401959032589,0.4306669337092308,157,124.8,25.608782475519803,123.4,2.0
20.295626985816615,6249.0,1843.28,-0.5800645660622532,0.1067472772765129,0.415375260820029,157,125.7,24.84354014981721,123.9,2.0
20.295642685417448,6252.0,1843.08,-0.6065432211103733,0.018839520999098226,0.3845707760683587,156,126.6,24.70444951628634,124.8,2.0
20.29586728126144,6256.0,1842.92,-0.626990110581368,0.2021362595920928,0.34841340886015887,152,127.5,23.07692257657275,125.7,2.0
20.296149784556206,6258.0,1842.7599999999998,-0.6225441048912832,0.5085059305760411,0.23961162062482771,148,128.4,21.91957124051455,126.6,2.0
20.296401960714693,6260.0,1842.56,-0.5918516848537394,0.4539170852738127,0.2531167267730221,145,129.5,20.90002744371465,127.5,2.0
20.29680220689864,6270.0,1842.44,-0.538084109026099,0.14408862622098675,0.2540743979519737,143,130.7,19.93771252491952,128.4,2.0
20.297229025324,6278.0,1842.3200000000002,-0.4260021643862154,0.19206829141183193,0.25291103469268983,142,131.8,17.8287718436101,129.5,2.0
20.297653105453286,6285.0,1842.2400000000002,-0.32919872789273685,0.21809835220297755,0.2607144754886864,141,132.3,19.85487412456421,130.7,2.0
20.298173097982755,6289.0,1842.2,-0.2600702051185971,0.4679932765219786,0.2868433982473475,154,132.2,20.211129389541444,131.8,2.0
20.29828852914222,6291.0,1842.2,-0.20016322369388498,0.20777608703941466,0.24832210874210223,157,131.8,20.78524733838904,132.3,2.0
20.29852436662781,6294.0,1842.2,-0.1306376623251376,0.2830049827082484,0.25322878292988465,158,131.3,21.359591804531853,132.2,2.0
20.29881347383657,6299.0,1842.2,-0.0914692605156264,0.2081571903072452,0.2759082383039138,149,130.4,23.47647660215004,131.8,2.0
20.299019091875742,6300.0,1842.2,-0.05005254389469845,0.7402249410218159,0.593960223955346,129,129.6,25.597858197552675,131.3,2.0
20.299081890283535,6301.0,1842.1599999999999,-0.01998782481572244,0.22607426804858638,0.9116222597765258,126,128.8,27.938334957326667,130.4,2.0
20.29923814597892,6302.0,1842.1200000000001,0.000522959476354845,0.5625205033817164,1.1393450536422063,126,127.9,30.328874595617823,129.6,2.0
20.299640766967883,6306.0,1842.0399999999997,0.009667195103829062,0.36235889006894234,1.3906536188043832,127,127.0,32.17842851197996,128.8,2.0
20.302056495104825,6309.0,1842.0400000000002,0.023302286259629233,2.8988737643309714,2.547279726069063,128,126.2,34.01516359828186,127.9,2.0
20.30641524059127,6315.0,1842.1599999999999,0.03545456031381061,2.615247291867931,2.963566151654517,128,125.4,34.11513058917708,127.0,2.0
20.311051515615276,6324.0,1842.36,0.04538903047419489,1.8545100096019191,2.980214138522623,128,124.7,34.121044657129374,126.2,2.0
20.316225591780544,6335.0,1842.6,0.05992079277440041,1.6933340177242895,3.0037526963018166,128,124.2,34.224998092109075,125.4,2.0
20.320750019621553,6337.0,1842.9599999999998,0.06939646417342833,8.143970113816904,2.961459193506574,129,123.8,34.699569998327014,124.7,2.0
20.32363557631832,6341.0,1843.28,0.07015852203153385,2.597001027091615,2.9627680955481948,128,123.8,33.45062362748101,124.2,2.0
20.324595630454922,6349.0,1843.52,0.058343373733497614,0.43202436147164963,2.625654340487467,131,123.7,33.36025178533347,123.8,2.0
20.32532793312159,6357.0,1843.72,0.03502145471980343,0.3295362000003241,2.320359752288187,129,123.6,32.625266122489904,123.8,2.0
20.32564060973118,6366.0,1843.8200000000002,0.016458409899966192,0.12507064383691235,2.1269010804897497,132,123.6,32.046387439539515,123.7,2.0
20.325973287002682,6369.0,1843.78,0.0013979640941745044,0.3992127258007763,1.888301872306954,135,123.6,31.6022814973138,123.6,2.0
20.32621480411631,6377.0,1843.7,-0.024969483099886485,0.10868270113352779,0.8222607433616187,135,123.6,31.159498976424945,123.6,2.0
20.326482133702605,6379.0,1843.6200000000001,-0.03773373133080323,0.48119325533127005,0.40536244495478096,130,123.7,30.6309246349356,123.6,2.0
20.326750842720553,6380.0,1843.58,-0.04782294009232117,0.967352464612063,0.3520180070343604,126,123.7,28.958595044692004,123.6,2.0
20.32704230441623,6383.0,1843.56,-0.057789605030951784,0.3497540348135078,0.3250477360034286,123,123.5,28.066346468496697,123.7,2.0
20.327520988379796,6384.0,1843.52,-0.06431417623123327,1.7232622688312862,0.3147984866755085,123,123.2,27.325471979216985,123.7,2.0
20.327962820270326,6393.0,1843.44,-0.0780312621951498,0.17673275621199708,0.2931913730981647,122,122.9,25.75573696072479,123.5,2.0
20.328318854056548,6399.0,1843.4,-0.06616010730346814,0.21362027173315956,0.7986998723933725,121,122.6,24.370780948612072,123.2,2.0
20.328708475630588,6405.0,1843.4,-0.047606599368785245,0.2337729444240961,1.2620820340991845,121,122.3,23.754754174946537,122.9,2.0
20.3287822121086,6410.0,1843.3200000000002,-0.03662295120602785,0.05309026416901936,2.833737638428042,123,122.1,22.41823589584448,122.6,2.0
20.713039788558962,8350.0,1808.64,-0.030500696669784555,0.24010825262773375,5.000495820728881,109,122.0,20.624717590594933,122.3,2.0
20.98414170772482,8361.0,1785.52,-0.01791334790777318,5.937187753643608,5.658204982878987,107,121.9,18.617088906303124,122.1,2.0
20.994052700321756,8367.0,1785.56,-0.021876263129610624,5.946595558160829,6.737866766274392,109,121.9,16.656750351066247,122.0,2.0
21.00990192666705,8370.0,1785.6799999999998,-0.027560735834418936,19.01907161435282,8.399533676994547,112,122.2,17.254628601052435,121.9,2.0
21.024556308859648,8372.0,1785.7599999999998,-0.034330218852768435,26.377887946672065,10.872837704578966,114,122.6,16.21136068530947,121.9,2.0
21.042983833413775,8379.0,1785.7199999999998,-0.040808854912852806,9.477012627836102,13.532297858185805,116,123.5,14.622672779024075,122.2,2.0
21.0841538810116,8386.0,1784.6399999999999,-0.0294472145996878,12.782423179220695,16.09729127522719,117,126.0,15.335814542596577,122.6,2.0
21.10130569792557,8389.0,1783.72,-0.03800445393006343,20.58218029676953,17.06176525871808,120,128.4,14.350894763037012,123.5,2.0
21.119156523336468,8391.0,1782.6799999999998,-0.04708579565378537,32.13148573961189,18.042177549629283,123,130.8,12.976282587560943,126.0,4.0
21.141522561614895,8393.0,1780.6799999999998,-0.054909695251996446,35.83486984823838,17.615682552742804,129,133.1,12.58642151503316,128.4,4.0
21.15160822482618,8394.0,1779.8400000000001,-0.06327750617233865,36.30838756062859,18.05584185002134,132,135.4,12.256371936875954,130.8,4.0
21.175576653046704,8397.0,1777.8,-0.07161654279639243,21.679357764251538,19.837875011838392,132,137.9,12.753942826483012,133.1,4.0
21.187703651560618,8399.0,1776.7599999999998,-0.07295158472279088,21.828597325046353,19.767198836799036,133,140.3,13.85840197525302,135.4,4.0
21.223640897091368,8403.0,1773.8,-0.07406687080682653,17.963156700672005,20.146603675382003,133,142.3,12.695576061236013,137.9,4.0
21.2345153064898,8404.0,1772.92,-0.07479662949509618,39.147873834361945,19.773620313775286,133,144.2,12.282066616302036,140.3,1.0
21.245071696870568,8405.0,1772.0400000000002,-0.07563406231521594,38.00300537075556,18.977814956152763,133,145.8,13.563345727510365,142.3,1.0
21.253654651034935,8407.0,1771.44,-0.07858738487805772,15.449317495863298,18.710355943291603,133,145.8,14.306787857457516,144.2,1.0
21.262373124856666,8408.0,1770.7599999999998,-0.08012548134632103,31.386505758234232,19.582717694887204,132,145.9,15.309625589706508,145.8,1.0
21.27135236069423,8409.0,1770.0399999999997,-0.0800021056509312,32.32524901522878,19.28261510813886,132,146.0,15.895109537354465,145.8,1.0
21.27930077450822,8410.0,1769.3199999999997,-0.08062632205652123,28.61428973035404,20.427777021397056,131,146.3,17.30853848684525,145.9,1.0
21.28922767392361,8411.0,1768.44,-0.08208087714947312,35.73683789540996,19.201740971938786,130,146.8,18.25746564020553,146.0,1.0
21.299392671934754,8412.0,1767.4399999999998,-0.08392013795104065,36.593992840122105,18.058365171717238,130,146.8,17.94856173148623,146.3,1.0
21.30967107272772,8414.0,1766.52,-0.08565513474246735,18.501121427338955,18.593537176719437,129,146.9,17.29320349017318,146.8,1.0
21.320014307737594,8415.0,1765.6399999999999,-0.08722910531804781,37.235646035546665,18.388178372356414,129,147.2,17.919681408045598,146.8,1.0
21.357118718093517,8419.0,1762.3199999999997,-0.08936116476833846,22.389790582526594,18.176356321635623,126,147.5,19.78062949254804,146.9,1.0
21.369587608989274,8421.0,1761.08,-0.09062978715714001,22.444003612363055,18.099151584017932,126,147.7,18.96890431601865,147.2,1.0
21.41950924659859,8426.0,1756.8400000000001,-0.0899371505591275,24.863261033249984,17.073470301176272,125,148.1,17.494460924321473,147.5,1.0
21.435765137867506,8428.0,1755.6,-0.08758422313605121,29.260604284050213,16.884831403569073,125,148.5,16.483899671031363,147.7,1.0
21.452306209711615,8430.0,1754.1599999999999,-0.08488826578487584,29.77392931939882,17.35024174041176,124,148.9,16.40825783938007,148.1,1.0
21.46778061501398,8432.0,1752.8,-0.08383444815733004,27.853929544253905,16.402984665708335,124,149.1,15.516003190631078,148.5,1.0
21.519100117895395,8437.0,1748.6,-0.0819869777252292,19.903201343683904,17.108199314597755,124,149.1,14.829567348089029,148.9,1.0
21.556032856105155,8440.0,1745.8400000000001,-0.08039732656994585,33.09762558578226,17.810398478793584,124,149.4,16.776409026315317,149.1,1.0
21.570084909327644,8442.0,1744.7599999999998,-0.08143424881256536,25.293695800478623,18.690253318604363,124,149.6,16.31672704435622,149.1,1.0
21.624038059991495,8447.0,1741.28,-0.08220488885660712,21.742882949577716,18.014069159069322,122,149.9,16.238340276561168,149.4,1.0
21.64208609457194,8449.0,1740.0399999999997,-0.08185887442961667,32.48646224480162,18.259642602467174,118,150.2,16.746021769926934,149.6,1.0
21.660149153334977,8451.0,1738.72,-0.08280498055848297,32.51350577346613,18.383366359717137,115,150.5,16.92908810132214,149.9,1.0
21.69725704415688,8454.0,1735.2,-0.08189385353175135,37.50936775240163,18.630291071444855,114,150.6,16.84471925555235,150.2,1.0
21.707172352646726,8456.0,1734.1599999999999,-0.07937283406813514,17.84755528171948,17.853290597901445,115,150.7,19.236028860675194,150.5,1.0
21.716175030189746,8457.0,1733.2400000000002,-0.07727651036336684,32.40963915487403,16.875936231982404,116,150.9,18.873026209786698,150.6,1.0
21.724063980433378,8458.0,1732.4,-0.07404211612512578,28.40022087707227,16.195941427709055,116,151.1,18.34237495020315,150.7,1.0
21.730316435574952,8459.0,1731.8,-0.07134584263413798,22.508838509669385,16.19743697352355,116,151.2,21.21947355249701,150.9,1.0
21.73587674375843,8460.0,1731.4,-0.06870507006474108,20.017109460510206,16.53102732504853,116,151.6,18.970459922249724,151.1,1.0
21.74116757980332,8462.0,1731.08,-0.06635198508596485,9.523504880804124,15.52867554372379,111,152.3,19.7375037549518,151.2,1.0
21.74687522393621,8464.0,1730.7600000000002,-0.06398561922324368,10.273759439199777,16.142990059021702,110,152.9,21.845356521081605,151.6,1.0
21.755001460317047,8465.0,1730.3200000000002,-0.06072737214418018,29.25445097100965,15.598974146614177,110,153.5,19.465491689538528,152.3,3.0
21.764276380139414,8466.0,1729.7599999999998,-0.05864205344986031,33.389711360516124,15.45105071250192,110,154.0,21.529818038490568,152.9,1.0
21.77531163242076,8468.0,1729.1200000000001,-0.0608929833585217,19.863454106424715,15.945023974354001,109,154.5,21.430912303815266,153.5,3.0
21.802915938505475,8471.0,1727.4,-0.06547886690850101,25.385972339466775,16.70201483936235,109,155.0,18.67085434045445,154.0,3.0
21.815974523589702,8473.0,1726.6,-0.07131167731338148,23.505453151610915,17.958228451728118,109,155.5,18.76853894396033,154.5,3.0
21.86233175729669,8477.0,1723.2,-0.07592306729790346,26.449485674986185,18.925948241908067,111,156.0,18.41240507988719,155.0,3.0
21.879610371926585,8479.0,1721.64,-0.08046502810359529,31.101506333809997,18.42360589943055,111,156.5,16.662116849323326,155.5,3.0
21.91626728282403,8482.0,1718.48,-0.08705659323487044,33.83999833653088,17.21717234609492,108,156.7,18.07414491806087,156.0,3.0
21.950405081926554,8485.0,1715.3200000000002,-0.09127811188978499,30.970776438072026,16.791123193195617,105,156.7,17.58966570939171,156.5,3.0
22.05024080949858,8493.0,1706.08,-0.09316537495893722,27.545209768724966,16.4680216004232,107,156.6,15.013671825985222,156.7,3.0
22.125223575837442,8499.0,1699.52,-0.09434905707362289,26.235053190186324,15.437853755684495,107,156.5,15.155257908691729,156.7,3.0
22.24606886903942,8510.0,1688.1200000000001,-0.09149485172771239,19.781613282495474,14.571475876037775,118,156.2,12.881397894331974,156.6,3.0
22.254919295673577,8512.0,1687.2,-0.08785328128305625,15.930767941481665,13.335597189546641,118,155.9,13.502260645650372,156.5,3.0
22.261347953417356,8513.0,1686.4399999999998,-0.08737614539145792,23.143167877608388,13.520590478814778,117,155.6,13.705274057227545,156.2,3.0
22.263874978340716,8514.0,1685.8,-0.08716188895203852,9.097289724102108,13.168946360695463,117,155.1,13.380129984647528,155.9,3.0
22.26784094553168,8515.0,1685.36,-0.08805502216432107,14.277481887478467,13.3502845420038,117,154.6,15.851152427513,155.6,3.0
22.27489944477634,8517.0,1684.7599999999998,-0.08944643477287129,12.70529864038836,13.962898431990933,117,154.1,14.643043574390967,155.1,3.0
22.285099404022887,8518.0,1683.7599999999998,-0.0868108535362608,36.71985328756297,14.840173630437246,117,153.6,14.567766564303296,154.6,3.0
22.298815556592306,8520.0,1682.6,-0.08589075049147343,24.68907462495203,16.06621394068171,117,153.1,14.469689338798752,154.1,3.0
22.315190655457528,8522.0,1681.3600000000001,-0.08576360420522848,29.47517795739639,16.394008529483493,117,152.7,14.632744007937651,153.6,3.0
22.334873752104613,8524.0,1679.7599999999998,-0.0893521763032811,35.42957396475143,17.357750887903816,118,152.3,15.719889892150048,153.1,3.0
22.353895695115455,8526.0,1678.2,-0.09357272005739312,34.23949741951281,17.81053648322441,119,152.1,15.746353130486131,152.7,3.0
22.374282363251275,8528.0,1676.64,-0.09605124894038661,36.69600264447895,18.405867538294792,120,152.0,15.412182978128092,152.3,3.0
22.409250873499587,8531.0,1673.72,-0.09550236299569173,29.387110754244368,17.561552513912805,120,151.9,16.29704625312814,152.1,3.0
22.51401875326377,8540.0,1664.3200000000002,-0.09530552055192613,25.23877005607726,17.326596661840306,121,151.9,16.100850805637656,152.0,3.0
22.55707318117068,8544.0,1660.0400000000002,-0.09446723211184589,22.0933986231856,16.36564764210924,118,151.9,13.530930053368444,151.9,3.0
22.59687353847797,8548.0,1656.2399999999998,-0.0912533055453958,22.395455453571582,14.865491658983606,118,152.0,15.400955883439313,151.9,3.0
22.609886490846044,8550.0,1655.08,-0.08702587932842169,23.423314262537364,13.870938354600828,118,152.2,14.595321654617536,151.9,3.0
22.650636017999126,8554.0,1651.3200000000002,-0.0832494098337315,20.73885482826232,13.205008020609359,117,152.5,14.509776132781042,152.0,3.0
22.681827749749697,8558.0,1648.08,-0.08064633332077761,14.044222332873836,13.505624050378916,116,152.8,14.144727746286438,152.2,3.0
22.687861901946906,8560.0,1647.3600000000001,-0.0775729192737625,10.861473954976688,12.774510901327174,115,153.2,14.046731233066222,152.5,3.0
22.69249603359865,8561.0,1646.8400000000001,-0.07666079622611996,16.68287394627628,14.052873130928836,115,153.7,16.2061051450467,152.8,3.0
22.69904811924113,8562.0,1646.3200000000002,-0.07722766936877427,23.587508312926044,15.35630620120098,115,154.4,16.4280741078674,153.2,3.0
22.707721664852393,8563.0,1645.8,-0.07529098685520105,31.224764200550798,15.920618009481519,114,154.9,15.097022963338194,153.7,3.0
22.71768726856456,8566.0,1645.1599999999999,-0.073454091363676,11.958724454599283,16.67839694732036,114,155.1,15.241142006415014,154.4,3.0
22.728439430635433,8567.0,1644.48,-0.07233997212436544,38.70778345513643,17.951525981306922,114,155.3,18.25002341263656,154.9,3.0
22.73946854764872,8568.0,1643.6799999999998,-0.07266321574153033,39.70482124783144,19.55468614307373,114,155.4,18.42281798858058,155.1,3.0
22.747982828251597,8569.0,1643.0400000000002,-0.07584407059362953,30.65141017036195,20.91204799323277,114,155.4,18.42956454030271,155.3,3.0
22.75686386580184,8570.0,1642.28,-0.07985153991622049,31.9717351808715,20.835163159296687,115,155.2,18.293845787302036,155.4,3.0
22.766251918765466,8571.0,1641.52,-0.08216498631631983,33.79699066904914,20.928365219288953,115,154.9,19.23625223745568,155.4,3.0
22.77618408351998,8572.0,1640.6799999999998,-0.08162037198539143,35.75579311624646,22.34908121166229,115,154.3,20.28254959367505,155.2,3.0
22.786772265502215,8573.0,1639.72,-0.08235547843864591,38.11745513604738,21.079962875243606,115,153.6,18.063786330680397,154.9,3.0
22.86116768604987,8580.0,1633.48,-0.08169709482085157,22.918187262564224,19.876046427927115,114,152.6,18.206247097184427,154.3,3.0
22.894707109806944,8583.0,1630.28,-0.08378175387862521,33.980773893578174,19.329022940722943,114,151.7,18.31658960573016,153.6,3.0
22.904405236783997,8584.0,1629.44,-0.08526776166456533,34.91325711738588,18.827161488915472,114,151.1,18.474672157996448,152.6,3.0
22.94019773919084,8588.0,1626.2800000000002,-0.08736173408765326,21.539427706160904,18.22105365007992,116,150.5,16.186309572204394,151.7,3.0
22.991766970201773,8593.0,1621.7199999999998,-0.08709830573569702,23.54513272891155,17.226015380717563,118,149.9,15.355646685296012,151.1,3.0
23.004890773868524,8595.0,1620.52,-0.08635811462556711,23.622846600154016,16.008698426884635,118,149.3,14.68295760002827,150.5,3.0
23.049588265832966,8599.0,1616.4,-0.0855396408711723,24.97730238402235,15.931051665761483,119,148.8,17.587933938510137,149.9,1.0
23.063469773158275,8601.0,1615.08,-0.0868478355184331,24.986713185555146,15.133594907819548,119,148.4,17.314697404913545,149.3,1.0
23.105007763362593,8605.0,1611.3600000000001,-0.08902457996991789,21.159090530512362,14.347874313552145,117,148.2,15.60736789262477,148.8,1.0
23.152549833541023,8610.0,1607.08,-0.09022960305699819,20.033297456754745,14.426495301612121,115,148.1,16.444887019380516,148.4,1.0
23.192793249016756,8614.0,1603.56,-0.09186519229591382,22.7732962066713,14.558494193812043,117,148.0,18.714012495667227,148.2,1.0
23.205236199651868,8616.0,1602.3200000000002,-0.09185506299158684,22.397311143198866,14.35126757484208,118,148.0,18.67051860934001,148.1,1.0
23.24495922675159,8620.0,1598.52,-0.09065597570860567,23.176017837876334,14.961640977657137,119,147.9,20.075002236826997,148.0,1.0
23.257866715301184,8622.0,1597.24,-0.09164360389942774,23.23347938927133,14.69395068210151,119,147.8,21.21989045761859,148.0,1.0
23.272608140724873,8624.0,1595.9599999999998,-0.09474889349271334,26.534565762644355,14.652460852539487,119,147.8,20.128278729438545,147.9,1.0
23.297960575913855,8627.0,1593.6399999999999,-0.09757433570109343,21.414528368050995,15.659384162026024,117,147.8,21.967591761907187,147.8,1.0
23.308209357182726,8628.0,1592.6399999999999,-0.1002352858752655,36.895612567938755,16.178325255905378,116,147.7,20.495182728677538,147.8,1.0
23.34521782007815,8632.0,1589.1599999999999,-0.10329267678023327,22.321791009085242,15.720764097544665,115,147.6,20.76703018801218,147.8,1.0
23.357531644405977,8634.0,1587.92,-0.10719353610331236,22.164883790088826,15.053808300306676,115,147.5,20.251817681575297,147.7,1.0
23.380620088513698,8636.0,1585.56,-0.11177400936915353,39.59850567193936,14.029717753063931,116,147.4,21.770766717719948,147.6,1.0
23.39010637030184,8637.0,1584.44,-0.11410424043397974,34.15061443730695,13.075758922421315,116,147.2,19.066373013100105,147.5,1.0
23.39923194204451,8639.0,1583.36,-0.11361623095879622,16.426029136800075,11.822089787136582,115,147.0,20.63374389133107,147.4,1.0
23.406779778896727,8641.0,1582.4,-0.11109035737799297,13.586106333995833,9.62662520109296,114,146.9,19.4485276283369,147.2,1.0
23.412831258721948,8644.0,1581.52,-0.1102193083220949,7.2617757902632345,8.317194567766379,114,146.9,20.492778277082937,147.0,1.0
23.41604399266802,8645.0,1580.92,-0.10816338652552829,11.56584220586359,7.037759756413943,114,146.6,20.3381675860358,146.9,1.0
23.41739789648477,8650.0,1580.6,-0.11827214874230471,0.9748107480583985,4.8649940440023425,114,146.1,20.361652724779525,146.9,1.0
23.41762218436889,8654.0,1580.44,-0.14693709740308702,0.20185909571061728,2.964076475018058,114,145.3,20.21439651160038,146.6,1.0
23.417908305648268,8661.0,1580.2400000000002,-0.201418368976658,0.14714808653659972,2.0827069971105816,115,144.5,19.92162746735867,146.1,1.0
23.418143841518855,8668.0,1580.1200000000001,-0.2346542466891127,0.12113273344546431,1.3798791921292124,113,143.7,22.140887223681915,145.3,1.0
23.418828670563357,8670.0,1579.96,-0.2637264586534068,1.2326922801069047,0.9690223062044472,112,142.9,19.979756015637065,144.5,1.0
23.41948811655634,8677.0,1579.7599999999998,-0.29286148127389183,0.3391436535336804,0.39678284387804397,112,142.1,22.089341020232247,143.7,1.0
23.41988818799274,8680.0,1579.48,-0.3210974416149418,0.4800857236796015,0.4012835468007734,112,141.3,22.160540731869784,142.9,1.0
23.420261095682765,8682.0,1579.2800000000002,-0.3361374857998276,0.6712338420480409,0.43610261774324754,112,140.6,22.73514919942139,142.1,1.0
23.420379743528454,8691.0,1579.08,-0.3477785831948446,0.047459138276180854,0.5032124326644649,113,139.8,22.062390050018337,141.3,1.0
23.420998337648406,8694.0,1578.8799999999999,-0.3737048413250191,0.7423129439437043,0.5263409994282482,113,139.2,23.78830641465917,140.6,1.0
23.42156145993713,8700.0,1578.72,-0.37582471160170366,0.33787337323430233,0.4620612466324919,113,138.8,23.039431860624195,139.8,1.0
23.421923745577885,8704.0,1578.6399999999999,-0.374372996454026,0.326057076677973,0.4416656006938192,110,138.8,23.21517857717816,139.2,1.0
23.422490482143466,8707.0,1578.56,-0.3336953604528442,0.6800838786982567,0.4035718315963555,109,138.9,25.78588415466613,138.8,1.0
23.422963094636987,8714.0,1578.44,-0.3593850330089379,0.24305785381103742,0.3311568761444258,107,138.9,23.77638073681603,138.8,1.0
23.423198936763317,8719.0,1578.3600000000001,-0.34971106952573655,0.16980633095821765,0.32934837594446104,104,138.8,26.14852383447065,138.9,1.0
23.423393298338453,8728.0,1578.2400000000002,-0.32801074376726386,0.07774463005424768,0.2378042978770069,106,138.7,26.581343491539307,138.9,1.0
23.42363993510392,8736.0,1578.16,-0.30727065814237686,0.11098654446018369,0.23374124090126558,108,138.5,25.866192342112083,138.8,1.0
23.423706652152042,8753.0,1577.9199999999998,-0.2867850560721988,0.01412831607268014,0.21459707139875225,106,138.3,27.86525658284937,138.7,1.0
23.423810837728045,8760.0,1577.8,-0.265461657231845,0.05358115337226191,0.17584832191588062,108,138.0,26.724358845800676,138.5,1.0
23.424081831670765,8771.0,1577.7199999999998,-0.2306341914596713,0.08868892670844603,0.18240835759672927,113,137.5,25.840094046386398,138.3,1.0
23.42457209690046,8773.0,1577.6399999999999,-0.2073180143609798,0.8824774134471067,0.21958525666944947,115,136.9,27.74221344651583,138.0,2.0
23.425248562783135,8777.0,1577.6399999999999,-0.1692136989146808,0.608819294409931,0.35656076271913817,118,136.3,26.970444112054302,137.5,2.0
23.42602265556937,8780.0,1577.6399999999999,-0.1480762378325682,0.9289113434809835,2.8037070923617504,118,135.5,25.622376014107623,136.9,2.0
23.427003522995676,8785.0,1577.6399999999999,-0.08137731512581833,0.7062245469397525,3.3338530386871588,119,134.8,27.14153672549737,136.3,2.0
23.42823959073621,8790.0,1577.6399999999999,-0.054042117692434645,0.8899687731857252,4.287418438291132,119,134.2,26.179321572949885,135.5,2.0
23.432838476576546,8798.0,1577.6,-0.043399691431405284,2.0694986281507672,6.989217458894163,118,133.7,23.976663301638343,134.8,2.0
23.441082984948572,8799.0,1577.2800000000002,-0.034711274475649145,29.68023013930101,7.91554134581213,117,133.3,23.85394982635482,134.2,2.0
23.450363208343564,8804.0,1576.92,-0.042214624589363405,6.6817608443952405,9.794943373121887,118,132.8,23.27846688701053,133.7,2.0
23.46080681796329,8807.0,1576.44,-0.049731885448315374,12.532331543672635,11.628497633453744,119,132.4,24.594134966759903,133.3,2.0
23.48344986248117,8809.0,1575.0,-0.05540831284679533,36.51056642533447,13.02478789996982,121,132.2,26.738674490096635,132.8,2.0
23.490876164380758,8811.0,1574.4,-0.0602101628691946,13.36734341925781,14.273625454452027,125,132.1,25.12273345176364,132.4,2.0
23.49833120303639,8812.0,1573.8,-0.06401185471866219,26.838139160271254,15.31843541014575,130,132.1,25.092525952960223,132.2,2.0
23.505620555944855,8813.0,1573.24,-0.06317572104059603,26.24167047048082,13.817847036254346,133,132.2,25.653004712007863,132.1,2.0
23.511232085469086,8814.0,1572.84,-0.06394666650329958,20.201506287227975,14.082728187779912,133,132.4,24.333077778607105,132.1,2.0
23.516374389638077,8815.0,1572.52,-0.06497687568433616,18.512295008375226,14.19148420270374,133,132.6,24.382068797720443,132.2,2.0
23.521047266357147,8816.0,1572.2,-0.06444751940103535,16.822356188646335,12.525317921473722,133,132.8,24.52558634911337,132.4,2.0
23.524858428146008,8817.0,1571.8400000000001,-0.06723041988322613,13.720182439896627,13.772395807371595,133,133.0,25.74608014713304,132.6,2.0
23.531273675357994,8819.0,1571.28,-0.06948842264827916,11.54744498157876,13.817385334662873,133,133.2,26.31754699347227,132.8,2.0
23.53994902028473,8821.0,1570.52,-0.07146614340085113,15.615620868125898,13.940785377107455,133,133.4,26.50626214870557,133.0,2.0
23.552799986628266,8824.0,1569.56,-0.0738459684266626,15.421159612240292,14.101586888418016,132,133.5,23.7548765795054,133.2,2.0
23.58783894154269,8827.0,1567.04,-0.07887325442119457,33.6283662287989,15.2130715433625,130,133.3,25.315010502893838,133.4,2.0
23.60472821477049,8829.0,1565.64,-0.0845358349325962,30.40069181004362,16.334011975647204,129,133.0,25.787962271381144,133.5,2.0
23.622496464747687,8831.0,1564.2,-0.0906603557232388,31.982849958956752,17.65066265162169,129,132.5,25.860337291296293,133.3,2.0
23.697346598478923,8837.0,1558.0,-0.09375385021645197,25.94495094865612,19.04009193490436,128,131.9,26.467966929789554,133.0,2.0
23.771092118114634,8843.0,1551.2,-0.09558406494917579,39.68114298455704,20.064096107575224,124,131.3,27.659199477114687,132.5,2.0
23.781657721487598,8844.0,1550.08,-0.09620802568622608,38.03617214267275,21.071682958931138,125,130.6,28.009367439342675,131.9,2.0
23.791970207609165,8845.0,1548.96,-0.09440518244758778,37.12495003763654,20.954123266283865,125,129.9,26.91211920098126,131.3,2.0
23.8018182190993,8846.0,1548.0,-0.09290874489347734,35.45284136449038,21.117756263225466,124,129.2,26.515095769154232,130.6,2.0
23.81129354133034,8847.0,1547.04,-0.09428515371925653,34.11116003174721,21.26112602764801,124,128.5,26.13153869379372,129.9,2.0
23.82067923868458,8848.0,1546.1200000000001,-0.0967512921991881,33.788510475259315,21.78726676234643,124,127.9,27.579903572490053,129.2,2.0
23.830298137611734,8849.0,1545.3200000000002,-0.09706926316810882,34.62803613775105,21.459703237577877,122,127.6,27.29413946426937,128.5,2.0
23.840002689111365,8850.0,1544.52,-0.09743201854220349,34.93638539866934,21.174075628599194,118,127.3,28.65180784323207,127.9,2.0
23.849782823971776,8851.0,1543.48,-0.09663097360372588,35.208485497481696,20.87103497567848,115,127.1,27.162234597550963,127.6,2.0
23.85950690341146,8852.0,1542.48,-0.09699066972166248,35.006685982871616,20.646702408884416,114,127.0,28.607467049221032,127.3,2.0
23.869100144180504,8853.0,1541.52,-0.09712305498173164,34.5356667685541,20.505899725673252,112,126.9,27.96725456872393,127.1,2.0
23.87845242156317,8854.0,1540.52,-0.09850308563006323,33.66819857760825,20.37802988131854,111,126.8,28.82961362734529,127.0,2.0
23.88763414369883,8855.0,1539.6,-0.10062140755206872,33.05419968836197,20.16063955097028,111,126.7,29.97458646766596,126.9,2.0
23.89685365440124,8856.0,1538.7199999999998,-0.10271557650656633,33.190238528676396,19.818246452542876,112,126.6,29.354091903228117,126.8,2.0
23.90590178793093,8857.0,1537.8799999999999,-0.09971780216521085,32.57328070688436,19.20916389792471,112,126.4,29.025517808846285,126.7,2.0
23.91466770763946,8858.0,1537.0,-0.09587171007922632,31.557310950712463,18.38361109994796,113,126.2,28.82835217108601,126.6,2.0
23.923018285416788,8859.0,1536.2,-0.08991107872490268,30.062079998376973,17.446487317931616,113,126.0,27.69575598974918,126.4,2.0
23.930634333936446,8860.0,1535.44,-0.08305430272288158,27.41777467077109,16.6499314678262,113,125.8,26.852604348588336,126.2,2.0
23.937000922918767,8861.0,1534.88,-0.07651506434189888,22.919720336359703,16.419285939899584,114,125.7,28.44144579295773,126.0,2.0
23.94227520459289,8862.0,1534.4,-0.07180435796402411,18.987414026834436,15.707500324780607,114,125.5,27.112091623152992,125.8,2.0
23.946914201618746,8863.0,1534.08,-0.06926790338622406,16.700389293084196,15.43840658454587,114,125.3,26.203323411525645,125.7,2.0
23.951817979707087,8864.0,1533.76,-0.06762347349450908,17.653601118021424,15.605811916492575,114,125.2,26.517273663933537,125.5,2.0
23.958757753635588,8865.0,1533.44,-0.06751417417647286,24.983186142601404,15.959028153209545,114,125.1,26.90466680531655,125.3,2.0
23.96874977724834,8867.0,1532.9199999999998,-0.06799038120019858,17.985642502955738,16.236887408195713,114,125.0,26.11994549109632,125.2,2.0
23.982338396707593,8869.0,1532.12,-0.07023111409784816,24.459515026656558,16.502473350710787,116,125.1,26.22339589715556,125.1,2.0
23.999260525868465,8871.0,1531.04,-0.07069046405532511,30.45983248956659,17.63491536831685,122,125.2,26.41456547896658,125.0,2.0
24.017606294928882,8873.0,1529.76,-0.07348765761499415,33.02238430875377,18.437965680597284,124,125.3,26.18381057519368,125.1,2.0
24.034656667157122,8875.0,1528.36,-0.07618815510693419,30.690670010835493,19.191697466552732,124,125.3,26.929407601702238,125.2,2.0
24.04976315564384,8877.0,1527.04,-0.07866328641677969,27.191679276096973,19.481808798646597,124,125.3,26.96813131048433,125.3,2.0
24.072754537271,8879.0,1525.08,-0.08037694522248537,37.13245372119734,20.28916325684561,124,125.3,27.671777341748477,125.3,2.0
24.081025396551333,8880.0,1524.28,-0.07930408468410631,29.775093409200935,20.703301723928234,124,125.3,27.619241311884032,125.3,2.0
24.08926541169994,8881.0,1523.56,-0.07576093945998039,29.664054534986448,19.596249567371064,124,125.1,28.200112536042763,125.3,2.0
24.09750710631369,8882.0,1522.92,-0.07102999114596223,29.670100609490078,19.07902675286788,124,124.9,28.25138764116453,125.3,2.0
24.105662852221013,8883.0,1522.1599999999999,-0.06634359323451267,29.360685266370762,18.686483522366764,124,124.8,29.51101199333234,125.1,2.0
24.11381348908847,8884.0,1521.44,-0.06269695315502147,29.34229272285761,18.018281204609416,123,124.6,30.5446857898476,124.9,2.0
24.162983317973428,8891.0,1519.36,-0.06269652546785953,13.736536587130606,17.469184058748432,122,124.3,30.001249195214378,124.8,2.0
24.20209051305161,8895.0,1517.9599999999998,-0.06332753143690177,24.099898546800702,16.01646644579756,122,123.8,30.114758131999015,124.6,2.0
24.228855450890958,8898.0,1516.4,-0.06358039074591927,23.28192511803842,14.696555607511959,121,123.4,30.72823985808413,124.3,2.0
24.23780852849924,8900.0,1515.68,-0.06730858490353615,16.115539694908872,12.855071379296351,120,123.0,31.232488674181717,123.8,2.0
24.245351502269695,8901.0,1515.0,-0.06894672199907804,27.154705573636136,11.533030014685302,120,122.7,30.78398508140716,123.4,2.0
24.249494945235003,8903.0,1514.4,-0.07388305250347738,7.458197337557097,10.056566688263676,120,122.5,30.724853380604703,123.0,2.0
24.252259906114308,8904.0,1514.0,-0.0765888319737557,9.953859165496006,9.146911843959249,120,122.4,29.62305396999501,122.7,2.0
24.2552270590577,8907.0,1513.56,-0.07775143300160221,3.5605835320692796,7.445447156365333,120,122.2,27.40570324476971,122.5,2.0
24.25828520022217,8908.0,1513.2800000000002,-0.07602449744860118,11.009308192088564,5.810534247709837,120,122.0,25.989647128819666,122.4,2.0
24.26080248367431,8909.0,1513.0,-0.07173726480774192,9.062220427708432,4.750063186797006,120,122.0,22.856335787197608,122.2,2.0
24.261471315235028,8911.0,1512.84,-0.06460204371918842,1.2038968092908946,3.109807692647825,120,122.1,22.94977286151922,122.0,2.0
24.26181931729599,8917.0,1512.7199999999998,-0.056987368558948794,0.20880123657717248,2.8333949735924464,119,122.6,21.930507239112007,122.0,2.0
24.26238548409559,8924.0,1512.6399999999999,-0.05025118472019637,0.2911714969366546,2.5117642964163314,118,123.2,18.536659266968385,122.1,2.0
24.263360534120142,8928.0,1512.6,-0.04066476660018144,0.8775450220998925,2.5384105026401733,114,123.9,17.071945551979674,122.6,2.0
24.264982695882964,8930.0,1512.6,-0.025800850816274458,2.9198911730776693,3.0610931571426057,113,124.5,15.659847813483044,123.2,2.0
24.267667753783282,8934.0,1512.6,-0.008095877706218568,2.416552110286885,2.676610164678806,110,125.1,14.584960759423783,123.9,2.0
24.27035143998301,8937.0,1512.6,0.007321677262665994,3.220423439674534,2.669705805609673,112,125.9,12.776706945392306,124.5,4.0
24.273571675089865,8943.0,1512.6,0.013924949381063718,1.9321410641131012,2.8559547982554827,112,126.9,12.536801909081948,125.1,4.0
24.276736661823204,8944.0,1512.72,0.018346907219511384,11.393952240024028,2.8478985946372792,112,127.8,13.355272506722647,125.9,4.0
24.279152573135814,8948.0,1512.84,0.00910862191417022,2.174320181350227,2.795222204785588,113,128.5,13.600226245739677,126.9,4.0
24.280072985854435,8953.0,1512.96,-0.004669933425115323,0.6626971574082627,2.5679474738239896,116,129.3,12.25819549573884,127.8,4.0
24.280668220834304,8954.0,1512.9599999999998,-0.009131210150974659,2.142845927534566,2.3622309554707566,116,129.9,12.116132021141375,128.5,4.0
24.28080962618402,8958.0,1512.96,-0.01572674417227319,0.12726481474399445,2.0903860458576626,118,130.4,13.138315133290728,129.3,4.0
24.281146403325597,8968.0,1512.8400000000001,-0.020456133184719408,0.12123977096720033,2.013684289830433,120,130.9,12.441178662955515,129.9,4.0
24.28149510694381,8978.0,1512.7199999999998,-0.030103210227846393,0.12553330255705178,0.8085611682516415,119,131.5,12.312155730188255,130.4,4.0
24.282054619128893,8985.0,1512.6799999999998,-0.03901549137741301,0.28774912375536066,0.8903891633056757,118,132.0,11.800442003374208,130.9,4.0
24.28291901133737,8988.0,1512.6,-0.049637744607375536,1.0372706501720288,1.396817102309272,118,132.3,12.603555753593964,131.5,4.0
24.284080695632415,8990.0,1512.52,-0.05033204348884376,2.0910317310831936,1.6847031981543477,117,132.5,12.625766191514778,132.0,4.0
24.285445847731697,8996.0,1512.44,-0.054491943845580516,0.8190912595703855,2.8464375638450017,116,133.0,10.612401787704078,132.3,4.0
24.288118616369157,8998.0,1512.3600000000001,-0.0515390425849684,4.810983547424831,3.8149637711828026,116,133.6,12.22228140278168,132.5,4.0
24.292202405510462,9000.0,1512.2,-0.04680427558744657,7.350820454349457,4.708668274101475,116,134.2,11.786281819737166,133.0,4.0
24.29758372509699,9003.0,1512.16,-0.05206305415867427,6.457583503834933,7.337151951441176,119,135.2,11.673423127286238,133.6,4.0
24.306337057386976,9005.0,1511.88,-0.05460018880633065,15.75599812197195,9.49312850857908,120,136.6,11.774836514116926,134.2,4.0
24.32918523150468,9009.0,1510.6399999999999,-0.056963811536667096,13.31199994126399,10.882198585549911,119,138.3,11.104115661224467,135.2,4.0
24.33966669523431,9012.0,1509.88,-0.061444283709183964,12.577756475553384,11.572784602721002,119,140.1,11.80084093279574,136.6,4.0
24.35022831588543,9013.0,1509.0400000000002,-0.06739304332344945,38.021834344040535,12.762891471818161,120,141.9,12.666187856535222,138.3,4.0
24.359327344654425,9014.0,1508.24,-0.07246978580740619,32.75650356837425,13.705915457714909,120,143.8,11.47635315382634,140.1,1.0
24.365768458129182,9015.0,1507.6399999999999,-0.07871752109209887,23.18800850912907,14.53745002471049,120,145.8,11.528531952197351,141.9,1.0
24.37215419651317,9017.0,1507.0400000000002,-0.08266501693034337,11.494329091174983,14.723387325868256,121,148.2,12.080181131629995,143.8,1.0
24.37862166695763,9018.0,1506.44,-0.08261315089595832,23.282893600070192,15.15265879665389,121,150.5,12.022648459156729,145.8,1.0
24.38518134075556,9019.0,1505.84,-0.08447568331276634,23.614825672545575,15.991104074950087,121,153.0,12.146654487336445,148.2,1.0
24.390927358624058,9020.0,1505.3600000000001,-0.08558300118885352,20.685664326580635,15.321617157288198,120,155.2,11.950147640370258,150.5,3.0
24.39689042192244,9021.0,1504.8,-0.08710269007528389,21.467027874166686,14.175351521311374,117,157.0,14.051504060944064,153.0,3.0
24.403130480356044,9022.0,1504.2,-0.08923822355606838,22.46421036098184,13.712290599528552,114,158.2,13.622558373160771,155.2,3.0
24.410826428835975,9023.0,1503.4,-0.08856496739505766,27.705414527747475,14.038723897468719,113,158.8,12.957597586164812,157.0,3.0
24.419372314389282,9024.0,1502.6,-0.08357684096016059,30.765187991911123,14.376531077703254,112,159.1,12.99562656804189,158.2,3.0
24.42840007608799,9026.0,1501.8200000000002,-0.07712365428590882,16.249971057670255,14.499517130072746,111,159.1,13.763394573850292,158.8,3.0
24.43707822846859,9028.0,1501.1399999999999,-0.07184146354710252,15.620674285078527,14.993959098145627,111,158.7,14.09301983575034,159.1,3.0
24.445506156143665,9030.0,1500.62,-0.06512354350928715,15.170269815135798,15.846502652042423,111,157.6,13.692938243628566,159.1,3.0
24.452508471005572,9031.0,1500.3799999999999,-0.05804867110634863,25.208333502859844,15.688133492584905,111,156.4,12.320661400332714,158.7,3.0
24.458404568190833,9032.0,1500.22,-0.04800118674082528,21.225949866939324,15.730781696893228,111,154.9,15.394539056074091,157.6,3.0
24.464611778381116,9033.0,1500.08,-0.038447817526112246,22.345956685024106,15.482503072460366,111,153.2,15.752028068009173,156.4,3.0
24.471806504852605,9034.0,1499.96,-0.02904637458510065,25.901015297356306,15.012354852248734,111,151.2,14.334199360464066,154.9,3.0
24.479906277056905,9036.0,1499.84,-0.028322865017044552,14.579589967740135,14.654669670340311,112,149.2,16.52220488111832,153.2,3.0
24.491693808497416,9038.0,1499.76,-0.0318043828685315,21.217556592920488,14.55818001104998,112,147.5,17.81850058869528,151.2,1.0
24.503717619308734,9040.0,1499.6399999999999,-0.04105425159797764,21.642859460373852,14.485111736273897,112,146.1,19.65295904619959,149.2,1.0
24.514763558744807,9045.0,1499.52,-0.049387777720559134,7.953076393971706,13.983323225809418,113,145.0,20.943041138457644,147.5,1.0
24.54669970110588,9050.0,1497.8799999999999,-0.05779921665729711,9.653106288158689,12.929878862012737,116,144.2,23.508807845288203,146.1,1.0
24.554334377165027,9052.0,1497.0400000000002,-0.06428569331054454,13.742416906466065,11.401283948956399,116,143.4,26.37413051660528,145.0,1.0
24.561448679885526,9053.0,1496.1599999999999,-0.06902210675609492,25.611489793794277,10.708746126248359,116,142.7,28.752004066084417,144.2,1.0
24.566061371670333,9054.0,1495.52,-0.07130644185865975,16.605690425308886,9.083013009471511,115,141.9,28.70312202444262,143.4,1.0
24.569265102908243,9055.0,1495.0,-0.078714908640276,11.53343245647845,7.3944202449443726,115,141.2,29.83859309856274,142.7,1.0
24.572287766460366,9056.0,1494.68,-0.08899134611568518,10.881588787641665,6.803693113717967,112,139.2,30.116086786847625,141.9,1.0
24.574823824093613,9057.0,1494.48,-0.09518333949375994,9.12980747968401,6.1052420115427255,109,137.3,30.31368027610511,141.2,1.0
24.5768267272673,9059.0,1494.4,-0.10358258529312428,3.605225712634147,5.1355061848356955,108,135.4,31.84835844599781,139.2,2.0
24.57832114571504,9064.0,1494.2400000000002,-0.12193026494445931,1.0759812823731068,3.368257511231925,110,133.5,31.21793321054069,137.3,2.0
24.579285450603408,9072.0,1494.0800000000002,-0.11568698404267061,0.43393719976539963,2.2349820691412123,110,131.5,32.29622671975733,135.4,2.0
24.579618611006296,9078.0,1493.92,-0.1155209392645736,0.19989624173213633,1.4808320635253938,111,129.5,31.78221464050428,133.5,2.0
24.57978637687665,9086.0,1493.76,-0.11346219252735232,0.07549464166048171,0.8089579828518106,112,127.6,30.038865937518075,131.5,2.0
24.57987661414407,9091.0,1493.52,-0.11025561934365842,0.06497083254030854,0.31208382874725726,109,125.7,29.92614349907033,129.5,2.0
24.579941402292626,9099.0,1493.48,-0.10854181418475659,0.029154666849693818,1.239340224445976,106,124.0,29.64232485220767,127.6,2.0
24.580151656893715,9105.0,1493.3200000000002,-0.10276861862346273,0.12615276065272113,1.8260921122910871,106,122.3,30.663573261053543,125.7,2.0
24.580788518862136,9115.0,1493.1599999999999,-0.09124126653367699,0.22927030863097414,2.4979878279364924,108,122.2,31.1194669321261,124.0,2.0
24.582635425574836,9121.0,1493.04,-0.07419077916441974,1.1081440276205312,3.5529826229886288,111,122.2,31.300334563855063,122.3,2.0
24.58665765179274,9122.0,1492.96,-0.053161997276982086,14.480014384457066,4.460267215868318,112,122.3,31.402521827920037,122.2,2.0
24.594474216109422,9126.0,1492.7599999999998,-0.02033607176280978,7.0349078850115205,5.731352722761545,112,122.4,30.646620242523987,122.2,2.0
24.60679006329681,9132.0,1492.76,-0.012673116838824234,7.389508312431829,9.72140353709044,114,122.5,29.83402930283222,122.3,2.0
24.621445583283794,9137.0,1492.96,0.0014015957318473354,10.551974390629658,12.620429550423781,115,122.5,28.220386063495503,122.4,2.0
24.635755233806638,9143.0,1493.1599999999999,0.010871385458088034,8.585790313705928,15.37005010646692,116,122.4,28.782932774705,122.5,2.0
24.6486222596089,9147.0,1493.36,0.017728383466443703,11.580323222036512,16.261731574901695,117,122.3,29.26717643277167,122.5,2.0
24.658363705541475,9148.0,1493.72,0.024146531184790206,35.06920535727091,17.25364602683116,117,122.1,29.15447651480513,122.4,2.0
24.665132978622953,9149.0,1494.16,0.03293512038302031,24.3693830933216,18.148849073161664,116,121.9,29.924292815684566,122.3,2.0
24.671412615662646,9150.0,1494.56,0.037590930160337245,22.606693342894555,18.670025565077662,116,121.8,29.388797685970133,122.1,2.0
24.677765164047106,9153.0,1495.0,0.0419298821506788,7.623058061350681,18.868518809101516,117,121.7,28.707865514253392,121.9,2.0
24.686820092793752,9155.0,1495.56,0.04596908195550908,16.298871743965847,20.489450951859702,122,121.5,27.987343176265465,121.8,2.0
24.716301586643855,9161.0,1496.8,0.04971370367778009,11.734917556994612,20.9700934210179,123,121.3,29.165890998987717,121.7,2.0
24.731775584016276,9167.0,1497.3600000000001,0.05042886638665659,9.28439842345269,17.934228047604705,123,121.4,28.707140458586828,121.5,2.0
24.74800709596709,9173.0,1498.2,0.04910770969342554,9.738907170488847,17.439939686800866,123,121.6,30.39742348492825,121.3,2.0
24.77402345730008,9176.0,1499.96,0.047342632411595156,19.715319086992494,16.425427806869912,125,121.6,30.060052044202727,121.4,2.0
24.78541280679122,9179.0,1500.76,0.047305751070302236,13.66721938937102,16.74763789549411,126,121.6,28.66076290516886,121.6,2.0
24.809253008888792,9186.0,1502.1200000000001,0.04856646716421704,7.3950460551844825,16.271234499253715,130,121.6,27.621929217780952,121.6,2.0
24.836825071242895,9190.0,1502.8400000000001,0.048884345955956796,18.62574672690003,15.82882691568129,146,121.7,27.51201146868172,121.6,2.0
24.848019817746625,9193.0,1503.08,0.04974758459866075,13.433695804474532,16.447709523939746,145,121.7,28.566017077689345,121.6,2.0
24.86172635096577,9198.0,1503.6,0.048438388585165144,9.868703917784902,17.87489014517746,145,121.7,29.83423212825561,121.7,2.0
24.889460871292812,9203.0,1505.1200000000001,0.04851339291730426,12.400261018687996,16.3947068252879,145,122.1,28.62020812697349,121.7,2.0
24.9011753459809,9208.0,1506.0,0.04728156175155043,8.434421775422532,15.860184197290767,146,122.5,29.325844230198964,121.7,2.0
24.917019909669257,9212.0,1506.76,0.04722400781906743,14.260107319523291,17.405557747532473,148,123.0,28.71948815578791,122.1,2.0
24.934339491884415,9215.0,1507.48,0.04883699020582462,20.78349865818893,18.113542484231893,147,124.0,26.64542116709917,122.5,2.0
24.950064330669903,9222.0,1508.2800000000002,0.049755455244437516,8.087059946822407,19.090904739274826,145,125.2,27.485230541780275,123.0,2.0
24.963303393086612,9227.0,1508.8400000000001,0.04671348133636673,9.532124940031284,19.59560067473918,145,126.4,28.15869923606273,124.0,2.0
24.97452996929065,9229.0,1509.3600000000001,0.04016992223584555,20.207837167267748,20.93996430142823,146,127.5,27.805730575344768,125.2,2.0
24.98176890485353,9230.0,1509.92,0.03368440650655416,26.060168026371546,21.831342913203407,146,128.5,27.496630604139124,126.4,2.0
24.9882861473888,9231.0,1510.28,0.027885913312549825,23.462073126964444,21.233166304799504,146,129.5,25.10952185374565,127.5,2.0
24.997021449274502,9233.0,1510.4,0.023019582843828323,15.723543394264452,20.1164235873732,146,130.5,24.7638701577556,128.5,2.0
25.0117628662265,9235.0,1510.36,0.01947253588323731,26.534550513595878,20.660800334003927,148,131.3,24.77606035372865,129.5,2.0
25.026699277317356,9238.0,1510.32,0.01795412044804461,17.923693309025307,22.643515758941003,151,132.0,21.588294021231185,130.5,2.0
25.04531772437124,9244.0,1510.28,0.01816029807812619,11.171068232330331,21.554533676440236,148,132.4,20.36501776260126,131.3,2.0
25.086090240218972,9250.0,1510.44,0.01855079336177462,14.229916245058412,19.79588968282417,148,132.3,20.412415243330308,132.0,2.0
25.102036728136245,9254.0,1510.88,0.019723037510213152,14.351839125546556,18.725341986686963,148,132.2,17.51047772818897,132.4,2.0
25.117670953572386,9256.0,1511.3600000000001,0.024135921434592762,28.141605785055713,18.848007540692706,148,132.1,14.401793213045826,132.3,4.0
25.131104937352358,9260.0,1512.0400000000002,0.029017062708653646,12.090585401973884,18.167940802360665,148,132.1,12.620270304378876,132.2,4.0
25.155632836970987,9265.0,1513.28,0.03448285863942495,11.31573410939975,17.64370178243671,150,132.4,9.148798571057622,132.1,4.0
25.166763220799375,9268.0,1513.76,0.04016690759321963,13.35646059406336,20.4567101094726,150,132.7,7.955944199832105,132.1,4.0
25.179235825030833,9271.0,1514.3600000000001,0.045279683409078605,14.967125077751506,20.164626666547736,150,133.0,4.589327608777973,132.4,4.0
25.189020271712003,9273.0,1514.84,0.04774634309828846,17.612004026105954,20.403656235495486,150,132.9,2.812089015372531,132.7,4.0
25.198236384115006,9276.0,1515.36,0.05142424770569949,11.059334883604805,21.727750346943658,151,132.8,2.032697364924369,133.0,4.0
25.206747352174617,9277.0,1515.8799999999999,0.05280667942538617,30.639485014593216,22.229377671528955,151,132.5,1.5477845779429076,132.9,4.0
25.214774932529174,9280.0,1516.4,0.05411664021762499,9.633096425467482,22.31363397394745,150,132.1,0.2081859822635408,132.8,4.0
25.222312694444504,9282.0,1516.8799999999999,0.05757604956325648,13.567971447596008,25.786401106534242,151,131.6,0.2006136565400083,132.5,4.0
25.231540033533037,9283.0,1517.48,0.0591347783559534,33.21842071871333,25.43663799917029,151,131.0,0.5102491222195372,132.1,4.0
25.23927406059744,9285.0,1518.0,0.06085692683940067,13.921248715925978,24.84598281755273,151,130.4,0.8538495751840152,131.6,4.0
25.248000765307193,9288.0,1518.56,0.06149232881698271,10.47204565170185,28.76395856825717,151,129.6,1.1225755278865344,131.0,4.0
25.258353419930884,9289.0,1519.24,0.060975454641708074,37.26955664529181,25.808773014297884,151,128.9,1.3732133790747725,130.4,4.0
25.267801002071607,9292.0,1519.8799999999999,0.06002191477037746,11.337098568866553,26.834114333608266,152,128.3,2.9269569531814077,129.6,4.0
25.278055578263498,9295.0,1520.48,0.058944522848622984,12.305491430270488,29.564309929638387,152,128.1,3.4495250465298155,128.9,4.0
25.289119556293095,9296.0,1521.0399999999997,0.05691152810798465,39.83032090654338,26.265538841196367,152,128.0,4.209066596424617,128.3,4.0
25.298174388195452,9300.0,1521.52,0.05531542687212232,8.149348712120394,28.802211589223862,155,128.1,5.801837533407337,128.1,4.0
25.307787463057945,9302.0,1522.0,0.05463930088317894,17.303534752488215,28.56317291615066,157,128.3,6.472168521153338,128.0,4.0
25.317411490588192,9303.0,1522.44,0.05242406294804945,34.64649910889406,24.655800965735065,157,128.7,9.423031839022295,128.1,4.0
25.32787790436962,9307.0,1522.9599999999998,0.05033187983985625,9.419772403282515,24.641728590195374,157,129.2,10.22961060121957,128.3,4.0
25.33747915776002,9308.0,1523.44,0.04788052242939945,34.564512205446434,24.046800377478885,156,129.8,12.89926619312005,128.7,4.0
25.350649974850224,9313.0,1524.08,0.045292756473024984,9.48298830494878,21.391669624871547,156,130.4,13.60637881615674,129.2,4.0
25.37746684447363,9319.0,1525.3600000000001,0.0436623228186727,9.668977011683682,22.97276780464997,156,131.0,14.119311058949313,129.8,4.0
25.39114900514466,9323.0,1525.96,0.04192063258188678,12.313944603925375,22.133097767831746,157,131.5,15.90435278913028,130.4,2.0
25.41793265590134,9329.0,1527.1600000000003,0.039857695974558384,8.744152789539068,18.60577624275615,157,132.1,16.076036647074815,131.0,2.0
25.430336788457396,9331.0,1527.6,0.03660589683141926,22.3274386009047,18.634201797805236,157,133.1,16.34084180054294,131.5,2.0
25.44270880479045,9333.0,1528.0400000000002,0.0341035740096101,22.26962939949584,15.552800452700165,157,134.7,18.211549325091266,132.1,2.0
25.45655185219689,9337.0,1528.44,0.030445089451879116,12.458742665796622,16.176299368274588,157,136.5,21.10138552318009,133.1,2.0
25.487079470838793,9344.0,1529.04,0.028974863551838297,8.886560274829186,16.323827546482864,156,138.4,18.571781300775868,134.7,2.0
25.499119063316957,9348.0,1529.2400000000002,0.027680165799680374,10.835633230347602,15.850932327283806,156,140.3,18.26222453438087,136.5,1.0
25.539095503737773,9354.0,1529.8,0.02732986612637357,11.825912061848891,18.76742660436106,153,142.2,17.464466403087297,138.4,1.0
25.552171850252883,9357.0,1530.04,0.028607721262833934,15.69161581813276,17.306599312460477,153,144.2,17.33940459734581,140.3,1.0
25.568420615707684,9362.0,1530.52,0.028975952910238956,11.6991111274554,17.31553362348107,153,146.2,17.58907499035162,142.2,1.0
25.594328032872344,9368.0,1531.4,0.030200807899472444,9.062503878125186,17.304470127517035,152,148.3,15.21009788598444,144.2,1.0
25.603620915432952,9369.0,1531.8399999999997,0.03338677861478799,33.45437721819382,17.619805637761736,152,150.1,15.529078027128914,146.2,1.0
25.61500574884371,9373.0,1532.4,0.03767441240876126,10.246350069684365,19.177449425690483,152,151.5,17.04991668396733,148.3,1.0
25.626959559565165,9375.0,1532.84,0.04138213185214767,21.51685929861911,19.38381458324849,152,152.3,14.038295081894535,150.1,3.0
25.639712860021554,9379.0,1533.32,0.044800681027216,11.477970410751213,19.1628879560226,152,152.9,12.358596311009755,151.5,3.0
25.651398534428463,9383.0,1533.92,0.04769703672087804,10.517106966218153,20.475029937123573,152,153.3,12.503578451362214,152.3,3.0
25.66345803002428,9385.0,1534.5600000000002,0.04923317099674941,21.70709207247159,20.32724005778133,152,153.7,13.416289811360167,152.9,3.0
25.673533483728622,9388.0,1535.16,0.05019671908925938,12.090544445209714,17.31706574400677,151,153.9,11.455853893390108,153.3,3.0
25.68382507897408,9391.0,1535.72,0.05002270200418587,12.349914294552379,19.69165588287235,152,153.9,11.797689951127657,153.7,3.0
25.695240492239336,9393.0,1536.4,0.050278672281759154,20.547743877455865,18.682473562625706,152,153.7,11.30560632354307,153.9,3.0
25.705102366410475,9398.0,1536.8799999999999,0.0484920884127007,7.100549403220354,18.537692731607887,152,153.4,10.365763112733488,153.9,3.0
25.7137192216277,9402.0,1537.28,0.04556034806252738,7.755169695501701,18.022182781796364,152,153.1,9.381787721533817,153.7,3.0
25.72175994617503,9403.0,1537.6399999999999,0.042543347379685195,28.946608370393037,17.727069534039924,153,152.5,6.857913430571489,153.4,3.0
25.729238011180808,9405.0,1537.9599999999998,0.040695824074248016,13.460517010401361,20.213640888002875,154,151.7,6.490705173902714,153.1,3.0
25.735139408509912,9407.0,1538.16,0.039480771684572785,10.622515192386265,20.345997514003546,155,150.6,4.64802811312107,152.5,3.0
25.74086159442764,9410.0,1538.36,0.03730886855161892,6.86662310127213,18.524025801008246,155,149.5,4.085414323319108,151.7,3.0
25.746619129688824,9411.0,1538.6,0.03666608729650209,20.727126940269407,18.613690894350718,156,148.3,2.4013191267204257,150.6,3.0
25.75597587512355,9412.0,1538.92,0.03515789473765805,33.68428356501448,22.111816729975967,156,147.3,2.197323699379758,149.5,3.0
25.768117211725848,9415.0,1539.28,0.033292822578209466,14.56960392275937,22.141332883900418,159,146.3,0.9948570492593418,148.3,3.0
25.780179265779456,9421.0,1539.6799999999998,0.03145984686035507,7.237232432163819,22.092263761751994,157,145.4,0.4620909628246419,147.3,4.0
25.79204279332666,9426.0,1540.08,0.03078249829446351,8.541739833988585,21.895337524201572,154,144.5,0.5076057896230177,146.3,4.0
25.80255501103714,9427.0,1540.36,0.03183581915234414,37.84398375771713,23.01672838587108,154,143.7,0.6363200592100171,145.4,4.0
25.81107572051765,9428.0,1540.6,0.03292121713822611,30.674554129833265,24.241437393855584,154,143.2,1.4633795809491603,144.5,4.0
25.81859126636633,9430.0,1540.7999999999997,0.033982995362446644,13.527982527622665,21.56429245093322,154,142.9,2.3799116945904566,143.7,4.0
25.826312372751644,9433.0,1540.96,0.03442902463903682,9.265327662379471,21.76264149932544,153,142.4,3.183025565291755,143.2,4.0
25.835362754753206,9435.0,1541.2800000000002,0.03460364715107219,16.290687602808607,21.925479703137093,152,141.6,5.778778997585581,142.9,4.0
25.844026671559444,9436.0,1541.64,0.034275230621565886,31.190100502463142,22.169956429815173,150,140.6,7.906956954278634,142.4,4.0
25.853607214005333,9439.0,1542.0800000000002,0.03491461591041469,11.496650935067889,19.536446241447745,149,139.6,10.763535110756523,141.6,1.0
25.862492887109667,9441.0,1542.52,0.03611032869521903,15.99421158779971,18.62931308077919,149,138.7,11.867775336776518,140.6,1.0
25.874077133661917,9446.0,1543.0,0.03765066086475308,8.340657517621107,17.835778835104286,148,137.8,12.919197020921596,139.6,1.0
25.8968960488232,9451.0,1543.8400000000001,0.03993296569527407,10.122565356651497,21.34519964879061,148,136.8,14.281093255802052,138.7,1.0
25.9093630137397,9454.0,1544.24,0.04016049771331494,14.960357899796598,21.000148552321605,148,135.8,15.336408462014692,137.8,1.0
25.92178963888456,9456.0,1544.64,0.03881001080913109,22.36792526074941,18.924423005965558,148,134.8,15.899728806434773,136.8,1.0
25.933124791676136,9462.0,1545.04,0.03694303163108477,6.801091674945269,19.87979160837836,148,133.5,14.942748147344096,135.8,1.0
25.943767872522578,9463.0,1545.48,0.03525605362419292,38.31509104719814,22.469765416936106,148,132.4,14.113849868621568,134.8,4.0
25.955066474411613,9466.0,1545.8799999999999,0.03264964090179094,13.558322266842701,22.374035517815834,148,131.3,11.466202857731997,133.5,4.0
25.96290914406693,9468.0,1546.16,0.03126118428093708,14.116805379575371,23.937058619917565,148,130.5,9.387738490684352,132.4,4.0
25.97394905640172,9470.0,1546.48,0.030607324282988967,19.871842202625363,25.15360576517609,148,129.6,6.528599206738842,131.3,4.0
25.984695019276906,9471.0,1546.8,0.029472452075986783,38.685466350666815,23.725306220443805,148,128.4,5.467489716520829,130.5,4.0
25.995675184074614,9476.0,1547.04,0.029004745008592882,7.905718654348963,25.75443159560827,148,127.2,4.754981999363243,129.6,4.0
26.00910151831435,9478.0,1547.3600000000001,0.02848753290867208,24.16740163152128,23.74684617008371,147,126.1,3.467370328680837,128.4,4.0
26.02377331837419,9480.0,1547.72,0.028029864325093874,26.409240107712574,23.893056793628443,147,125.1,2.756366626576433,127.2,4.0
26.03649754946191,9484.0,1548.04,0.026613910027985032,11.45180797894898,23.165481538476435,148,124.4,1.8704483256791795,126.1,4.0
26.050494339461704,9486.0,1548.44,0.0234489002876579,25.194221999631694,24.397626661719965,148,124.3,2.7277746470440976,125.1,4.0
26.063600450969982,9488.0,1548.8799999999999,0.01915621471403501,23.59100071490164,21.014736047047002,147,124.6,3.325686840111998,124.4,4.0
26.077164448353475,9491.0,1549.28,0.014497163088420473,16.276796860189112,22.32678190458936,147,125.3,4.827669753849645,124.3,4.0
26.102107043028482,9497.0,1549.72,0.008854711265856186,8.964680315206568,20.63006939465345,147,126.2,5.483828496746963,124.6,4.0
26.111846302074056,9498.0,1549.68,0.0034416839060918553,35.06133256407184,20.765764147529413,147,127.1,6.002779209990694,125.3,4.0
26.121547576494446,9501.0,1549.52,-0.0030201115149261983,11.641529304468401,20.27729222749529,146,128.2,8.848280732708442,126.2,4.0
26.128097417449073,9502.0,1549.24,-0.009847076182415013,23.579427436658595,19.50626306680957,146,128.8,9.57283006570026,127.1,4.0
26.134939216894395,9504.0,1548.92,-0.017864965454480058,12.315239001579615,18.67371221501466,146,129.2,11.77281724978609,128.2,4.0
26.14517581317083,9505.0,1548.6399999999999,-0.025737190305692513,36.85174659517293,17.985683070484967,147,129.5,12.050804535901364,128.8,4.0
26.170706632175282,9511.0,1547.8,-0.032073601896047334,9.905701068477617,19.538720874096946,145,129.6,14.279693452696652,129.2,4.0
26.184833895168097,9513.0,1547.3200000000002,-0.03644222657443051,25.429073387068946,17.03894248934149,143,129.7,14.06315418689108,129.5,4.0
26.20326592732069,9516.0,1546.68,-0.03973964943280669,22.11843858311017,18.520661600835293,139,129.8,15.989731307654685,129.6,2.0
26.233764071098292,9521.0,1545.2,-0.040404545512281086,13.349106417772049,18.246294961541995,139,130.0,17.254115323187186,129.7,2.0
26.25107366991965,9523.0,1544.3600000000001,-0.04101718351567532,31.157277878438975,18.603968753714256,139,130.3,17.175433570894626,129.8,2.0
26.283471462904178,9528.0,1542.76,-0.041727870472950214,13.450020483623364,17.897860645157948,139,130.7,17.955311717481514,130.0,2.0
26.316737371109106,9531.0,1541.3200000000002,-0.04051300740423645,32.73737935042021,19.361954935198245,138,131.1,18.276671784496664,130.3,2.0
26.3302326069719,9533.0,1540.8,-0.039416450083250995,24.29142455303397,18.817213523282646,138,132.1,17.94269454430601,130.7,2.0
26.345283710036146,9536.0,1540.2400000000002,-0.03723288696513961,18.061323677095675,19.12337365954705,139,133.5,16.497812156977393,131.1,2.0
26.377251403304673,9539.0,1539.2800000000002,-0.03446874726846487,30.12415510114241,21.529383995878348,139,135.4,17.406107385592257,132.1,2.0
26.392342994812942,9541.0,1538.88,-0.030904284675123857,27.16486471488597,20.040472862938223,139,137.5,17.180060002877156,133.5,2.0
26.40729326801854,9544.0,1538.52,-0.027930097234667817,17.940327846719125,22.39471353506587,139,139.5,16.974450559177157,135.4,1.0
26.420557660101124,9546.0,1538.2,-0.0246015678125462,23.875905748649792,23.180250315440816,139,141.4,16.033092258866183,137.5,1.0
26.445489003697336,9548.0,1537.56,-0.02132244352654782,39.056162192651804,22.793832160654397,140,143.1,14.569998980257244,139.5,1.0
26.45470754011395,9551.0,1537.36,-0.017737746044192274,11.062243699938016,24.791663555561826,139,144.5,15.087924879249371,141.4,1.0
26.46503294329733,9552.0,1537.1599999999999,-0.014975465257341673,37.1714514601696,23.987143049695327,138,145.8,14.901101809067478,143.1,1.0
26.47532893660875,9553.0,1537.0,-0.015202765258045333,37.06557592110672,23.33101633814836,137,147.2,13.303918160647664,144.5,1.0
26.484851110530286,9555.0,1537.0,-0.015628473316395643,17.13991305876174,25.096611435831207,136,148.5,13.283617743501896,145.8,1.0
26.495421101109304,9556.0,1537.0,-0.01679766864013283,38.05196608446846,24.443726373797276,137,149.7,13.36987108637498,147.2,1.0
26.505818422070778,9558.0,1536.96,-0.018437429354503293,18.71517773065553,23.210357969656513,136,150.4,13.48653837420837,148.5,1.0
26.51599743136008,9560.0,1536.6799999999998,-0.020379796660442637,18.32221672074315,24.483000311595127,134,150.8,11.52870411023568,149.7,3.0
26.526264520762307,9561.0,1536.3999999999999,-0.020467168649469687,36.961521848013504,23.421300696884067,133,151.0,11.752341283900131,150.4,3.0
26.535241305431214,9563.0,1536.0800000000002,-0.021742530282812957,16.158212404034504,21.298132756785073,133,151.0,10.631570568795528,150.8,3.0
26.542345605768208,9564.0,1535.7599999999998,-0.023998597482736063,25.575481213185046,21.08831585698238,132,150.9,9.31781831069569,151.0,3.0
26.549638342105386,9565.0,1535.44,-0.02615176279339847,26.253850813835474,20.390924016819802,132,150.5,8.142268489482499,151.0,3.0
26.557290925420578,9566.0,1535.28,-0.02806197202420279,27.549299934694705,21.449838674581247,132,149.8,7.044351784630814,150.9,3.0
26.56564592164724,9568.0,1535.0400000000002,-0.028288855913666876,15.038993207991323,23.283238701295716,132,149.0,5.6087009520285935,150.5,3.0
26.57448635403942,9570.0,1534.8400000000001,-0.028249187227039764,15.912778305926505,21.799680978355063,132,148.3,4.9837993839439205,149.8,3.0
26.583457780898037,9571.0,1534.64,-0.02784556494032674,32.29713669102555,21.765006581542213,132,147.5,4.097864433650058,149.0,3.0
26.592311074933633,9572.0,1534.4,-0.026988913750161124,31.871858528149243,22.27877300051127,132,146.6,2.4404287881396103,148.3,3.0
26.603357633809775,9573.0,1534.0400000000002,-0.024873436757054335,39.76761195411045,21.145485139749695,132,146.0,2.0265104933679234,147.5,3.0
26.614914362401265,9575.0,1533.6799999999998,-0.024243586288790225,20.802111464683573,21.21369286895483,132,145.4,1.7294161456730328,146.6,4.0
26.628127810247932,9578.0,1533.2800000000002,-0.022766539708711196,15.856137416000417,21.332993408180656,133,144.8,2.047151363898487,146.0,4.0
26.662974167650287,9581.0,1532.48,-0.02253489175185661,31.18026880366136,22.333180088521626,133,144.6,3.345863503020407,145.4,4.0
26.67747925818343,9585.0,1532.28,-0.02428705342928809,13.054581479827936,22.686292293858344,134,144.6,3.838343473454517,144.8,4.0
26.69305659714222,9587.0,1532.12,-0.026075099184551875,28.039210125828085,22.64962557347088,134,144.7,4.264307092903257,144.6,4.0
26.716133967206826,9590.0,1531.8,-0.02877674741006316,16.474168721920627,20.12096145662111,134,144.5,4.964672340008332,144.6,4.0
26.72394444395297,9591.0,1531.56,-0.031826954065391905,28.11771628612308,20.994972992568073,134,144.2,6.3135958579106815,144.7,4.0
26.734503278718087,9592.0,1531.12,-0.03580264042718699,38.011805154417935,21.056326267882454,134,144.0,6.508523466536488,144.5,4.0
26.74388078151822,9593.0,1530.6799999999998,-0.04008585472991895,33.75901008048221,20.480329835091055,134,143.9,6.896533872271244,144.2,4.0
26.75409224506998,9596.0,1530.08,-0.04799632465994138,12.253756262108801,20.61089196300903,133,143.5,7.49113487102092,144.0,4.0
26.764204314708472,9597.0,1529.48,-0.05551174932026794,36.40345069856789,20.800873065025222,130,143.1,7.587750161336901,143.9,4.0
26.775640789764513,9599.0,1528.76,-0.06363365323656398,20.585655100873527,20.679743442688668,130,142.9,7.329239475120889,143.5,4.0
26.784503017265294,9600.0,1528.04,-0.07107806976318012,31.904019002812852,19.389434184905873,128,142.4,7.333905935892929,143.1,4.0
26.795131282745718,9602.0,1527.0800000000002,-0.07641509083286627,19.130877864760514,18.346949527943487,128,142.0,7.431513733786424,142.9,4.0
26.80622893152324,9603.0,1526.2,-0.07940192191587077,39.95153559907941,17.427475759922974,128,141.9,7.54489143538307,142.4,4.0
26.817326625047794,9605.0,1525.2800000000002,-0.08325920709674518,19.975848344200493,18.063442295394843,127,142.2,7.383665494414943,142.0,4.0
26.826851754993633,9607.0,1524.3600000000001,-0.08929272137951948,17.14523390250896,17.336589429526285,127,142.7,6.348812544475154,141.9,4.0
26.83630774689256,9608.0,1523.48,-0.09423527686147165,34.04157083614761,17.888314926726345,127,143.0,6.153101964450723,142.2,4.0
26.84461981337225,9609.0,1522.8,-0.09905858186889203,29.92343932687717,16.715605562680928,127,143.2,5.765451397773134,142.7,4.0
26.852046870330327,9610.0,1521.8799999999999,-0.10261219009006417,26.737405049072116,17.448656023852173,127,143.3,5.354039359319467,143.0,4.0
26.861365150779317,9611.0,1520.76,-0.10418711776565164,33.54580961636105,16.826894091754546,127,143.4,5.165960001977662,143.2,4.0
26.870854689360012,9612.0,1519.6799999999998,-0.10328525168331312,34.16233889050052,17.2586950038206,127,143.5,5.331840741517896,143.3,4.0
26.880303737441125,9614.0,1518.64,-0.10165406109545545,17.008286546001788,17.945306864834972,126,143.6,4.680365318379351,143.4,4.0
26.88963240476931,9615.0,1517.52,-0.09997647766601024,33.58320238146119,17.60850758708609,127,143.7,4.518222610699211,143.5,4.0
26.89895168554545,9616.0,1516.6399999999999,-0.10047296056779889,33.54941079410843,17.507781653001338,127,143.7,4.162372085883884,143.6,4.0
26.906895974137228,9617.0,1515.9199999999998,-0.09864399696130505,28.599438930414056,17.526588686629022,126,143.6,3.894481361540649,143.7,4.0
26.91483901922215,9618.0,1515.28,-0.09313636237858194,28.59496230571567,16.994523228401246,126,143.3,4.73646563123962,143.7,4.0
26.922571415108752,9619.0,1514.6799999999998,-0.0886650875611643,27.836625191769144,16.62353687728059,126,143.1,5.24327184632025,143.6,4.0
26.929970775770713,9620.0,1514.0800000000002,-0.0859879097312535,26.637698383058865,17.687172753840375,125,142.9,5.388340366338172,143.3,4.0
26.936850150401675,9621.0,1513.44,-0.08283530932433122,24.765748671469417,16.94992138626073,125,143.1,5.387239202036184,143.1,4.0
26.94302233034695,9622.0,1512.8799999999999,-0.08236897944677382,22.219847802992756,16.484179535589107,125,143.5,6.361388709992449,142.9,4.0
26.95016978103553,9623.0,1512.1599999999999,-0.08524697130083558,25.730822478892055,16.766902504504447,125,144.1,6.806229828212618,143.1,4.0
26.959307753532666,9624.0,1511.2,-0.08806669921452683,32.89670098969571,17.044705850089088,125,144.7,6.857064639424581,143.5,4.0
26.970579787245676,9626.0,1510.08,-0.08950944687668295,20.289660683413853,16.540370473723208,125,145.4,6.975625895573631,144.1,4.0
26.98416963651114,9628.0,1508.8799999999999,-0.08892788526280418,24.461728677834934,16.562848504387453,125,146.1,9.971329807843716,144.7,1.0
27.001802381763635,9630.0,1507.4,-0.08786686583722743,31.738941454492995,16.623607708906626,125,146.8,10.503541407637496,145.4,1.0
27.01984065605227,9632.0,1505.92,-0.08884861682750866,32.46889371954572,16.435780845843414,125,147.6,10.098132284963842,146.1,1.0
27.03649849942691,9635.0,1504.6,-0.09061885551547309,19.989412049566877,16.92720936903097,125,148.4,11.9752977606085,146.8,1.0
27.051871945228935,9637.0,1503.52,-0.09141185892246964,27.67220244365125,17.047288023790834,126,149.5,12.368370402899004,147.6,1.0
27.09671412729122,9641.0,1500.28,-0.0908147806227428,26.67744448957964,17.59881860263591,126,150.7,13.54579522491422,148.4,1.0
27.11330770959561,9644.0,1499.08,-0.08884537128155105,19.912298765263813,17.65208138252105,126,152.0,13.465531391391536,149.5,3.0
27.131744816675596,9646.0,1497.6399999999999,-0.08371403313628253,33.18679274397758,18.112968401782886,125,153.1,15.274095098811577,150.7,3.0
27.15023589338533,9648.0,1496.16,-0.07864721903771296,33.283938077516716,18.21048721017067,125,154.2,15.223821824247514,152.0,3.0
27.16541707171647,9650.0,1494.8400000000001,-0.07625786639848557,27.326120996055252,19.082722664511735,125,155.2,15.59615152050417,153.1,3.0
27.178715054149354,9652.0,1493.76,-0.07715825780353766,23.936368379190487,19.851870169596985,125,156.1,14.628388288968411,154.2,3.0
27.200829473635128,9654.0,1492.0,-0.07959016581344897,37.54765369608031,19.58606565759998,123,156.9,16.597301396404113,155.2,3.0
27.209991041627006,9655.0,1491.3200000000002,-0.0822142174479403,32.98164477076343,19.720847960245372,123,157.4,17.456892893731986,156.1,3.0
27.21904261261902,9656.0,1490.56,-0.08155720450883785,32.58565557124488,20.136240291441286,124,158.0,15.960055845902072,156.9,3.0
27.229600651621467,9657.0,1489.6799999999998,-0.08013728242204346,38.00894040880386,20.431123305728896,124,158.4,16.411532166033197,157.4,3.0
27.25337844944309,9660.0,1487.6399999999999,-0.07944608349090915,21.243078543247435,20.098160908305424,123,158.3,15.854509346839066,158.0,3.0
27.265071442850374,9662.0,1486.52,-0.07890649630693655,21.04738813311029,20.03335278091144,121,157.6,16.024333447477705,158.4,3.0
27.28754379725695,9664.0,1484.52,-0.08198655715306956,39.321610004828706,19.31664586157952,121,156.5,14.218278349800906,158.3,3.0
27.298190026767642,9665.0,1483.48,-0.08174599348536168,38.32642623849245,18.570906014588132,121,155.4,14.883257980668702,157.6,3.0
27.31087951847226,9667.0,1482.44,-0.08090847367975096,22.841085068309706,18.886106325059362,122,154.2,15.648947497098508,156.5,3.0
27.32384899145624,9669.0,1481.56,-0.08059242487348947,23.34505137116602,18.283632743064185,123,153.2,14.743837533933345,155.4,3.0
27.338587691228454,9671.0,1480.44,-0.07887699581255796,26.529659589983275,18.119415379190134,122,152.2,12.475380233296269,154.2,3.0
27.363319931765865,9674.0,1478.8400000000001,-0.07634274577409636,20.867924296783094,18.694341924926842,119,151.4,14.62947209471282,153.2,3.0
27.37335047024972,9675.0,1478.08,-0.07414190965997389,36.109938541872275,17.853892778958247,118,150.5,17.58316130608919,152.2,3.0
27.414646711961055,9679.0,1475.1200000000001,-0.07249193373892418,27.7411156088104,17.027006363029646,117,149.8,17.33923838615572,151.4,3.0
27.42966336195073,9682.0,1474.08,-0.07146409731057521,18.019979987610956,17.360706398100863,118,149.6,18.781112358375047,150.5,1.0
27.44570276684944,9684.0,1473.0,-0.07257171266192478,28.870928817679307,17.8691901453023,118,150.0,18.99794585294654,149.8,1.0
27.475477859122687,9687.0,1470.9599999999998,-0.07184970374121452,25.087013713555088,18.157569963735078,118,150.7,18.85924918437661,149.6,1.0
27.48925948524467,9689.0,1469.88,-0.07534508155287588,24.80692701956834,18.13818383283794,119,151.2,18.53087555531775,150.0,1.0
27.50462684802425,9691.0,1468.6799999999998,-0.07867519706949473,27.661253003249154,17.819475522348558,119,151.8,19.009712672225632,150.7,1.0
27.52187800258384,9693.0,1467.3200000000002,-0.08004140507177279,31.052078207257285,17.88550581392513,120,152.4,19.205348125639464,151.2,1.0
27.539156728497726,9695.0,1465.96,-0.08015106557576832,31.10170664499443,18.2257767706449,119,153.0,20.123492752509584,151.8,1.0
27.556535929423482,9698.0,1464.6000000000001,-0.07909895073179789,20.855041110906072,18.53200540895585,120,153.6,18.727629387580016,152.4,3.0
27.57433296751609,9700.0,1463.24,-0.07836230402882362,32.034668566690364,18.583197699930395,120,154.2,15.88720421997687,153.0,3.0
27.590750054235382,9702.0,1461.9599999999998,-0.07833682609214707,29.550756094729376,18.89758231774495,120,154.5,16.935918993001682,153.6,3.0
27.603935341220595,9704.0,1460.92,-0.077787502338936,23.7335165733824,18.933326404875935,120,154.4,18.01258626278046,154.2,3.0
27.6247519803039,9706.0,1459.24,-0.07659550734659151,34.05114486841507,17.75257958669267,120,154.0,18.70862213547368,154.5,3.0
27.632060215201,9707.0,1458.64,-0.07549803407746437,26.309645629569236,17.31370335786504,119,153.3,19.72758067443126,154.4,3.0
27.640193722679474,9708.0,1458.0,-0.07382189092822439,29.280626922499287,17.85057029778894,119,152.7,20.886330688218507,154.0,3.0
27.647723330675227,9709.0,1457.4,-0.07063278251492684,27.106588784706368,16.956024540901133,119,152.1,20.77723227983182,153.3,3.0
27.65446857679864,9711.0,1456.8,-0.06608712001780362,12.141443022143056,16.399534967419118,119,151.2,20.18392543486393,152.7,3.0
27.660663470299507,9712.0,1456.16,-0.06221482040678779,22.301616603123573,16.949317981655263,118,150.1,19.38262800479133,152.1,1.0
27.66789553974358,9713.0,1455.52,-0.05759110083949107,26.035449998653274,15.71008851504779,118,149.0,17.596646650778318,151.2,1.0
27.67688997065474,9715.0,1454.96,-0.052405941499293084,16.189975640092698,16.586754756713127,118,147.6,16.68417231981727,150.1,1.0
27.68668638384722,9717.0,1454.52,-0.04333741310663564,17.63354374646044,15.842327418079112,119,146.2,14.7745203118348,149.0,1.0
27.700655457779785,9719.0,1454.1200000000001,-0.03134207827121534,25.14433307861352,15.718772401986053,119,144.5,11.309288924721326,147.6,1.0
27.726628500819075,9724.0,1453.6,-0.018294671745311675,11.345512110183703,18.05535448890631,119,142.5,9.058517250791713,146.2,1.0
27.7679401369242,9728.0,1452.8,-0.0034931828040776296,26.87621825985996,19.565067779550063,118,141.0,7.045592086367547,144.5,4.0
27.798885281378542,9734.0,1453.0400000000002,0.009844249038793993,11.674813169518991,18.950105070899703,118,139.4,4.903366736797732,142.5,4.0
27.82533336926244,9738.0,1454.08,0.022759996919091696,15.353679592286031,20.157833512250658,115,137.5,2.8638080536611934,141.0,4.0
27.832733855489025,9739.0,1454.6799999999998,0.03370534365237099,26.641750415698272,19.860842954906214,110,135.7,1.897068261534443,139.4,4.0
27.839685117521288,9740.0,1455.3600000000001,0.04070288280956444,25.024543316150183,19.45108014939288,108,133.9,1.094134003670144,137.5,4.0
27.845491134942854,9742.0,1455.8799999999999,0.04013909735212263,10.45083135881846,20.505233152477196,107,131.9,0.4662484109235573,135.7,4.0
27.851122782629535,9743.0,1456.4,0.033768579787779675,20.27393167205511,19.957234408789617,107,130.1,0.2761469858683806,133.9,4.0
27.856515311844984,9745.0,1456.8400000000001,0.02276585973735914,9.70655258781073,19.820066288640707,107,128.7,0.2453737853051817,131.9,4.0
27.861039566901475,9746.0,1457.0400000000002,0.009071284907847667,16.287318203365896,20.664794195685023,107,127.7,0.2215830942760872,130.1,4.0
27.866973600193443,9747.0,1456.8799999999999,-0.004809251516076005,21.362519851087164,20.124934175711296,108,126.7,0.1760732652771477,128.7,4.0
27.873233650826766,9748.0,1456.44,-0.013936798580497548,22.53618227995801,18.230667058860668,108,125.8,2.0232235199122064,127.7,4.0
27.879946073747405,9750.0,1455.88,-0.018258578047973865,12.082361257153087,19.25684645392581,108,125.7,3.983293524043506,126.7,4.0
27.887865647602602,9751.0,1455.3200000000002,-0.01840908307977459,28.51046587871312,18.13930332369612,109,126.3,6.47628162796237,125.8,4.0
27.89595274697408,9752.0,1454.8000000000002,-0.017406156344596486,29.11355773730867,19.3558099388573,110,127.2,7.95888813879709,125.7,4.0
27.903017045941738,9754.0,1454.68,-0.008963907507146323,12.715738141789693,19.163694854514624,113,128.4,8.65889865176523,126.3,4.0
27.90931218990509,9755.0,1454.8,0.00427887846602205,22.66251826807133,19.919400204822786,114,129.8,10.497255678737956,127.2,4.0
27.91575319202323,9757.0,1455.24,0.022701270076936737,11.593803812650599,18.923278984405208,117,131.2,12.762770901075967,128.4,4.0
27.92084154418319,9758.0,1455.72,0.04409377607964679,18.318067775854345,21.63501207361325,119,132.3,16.199078287280987,129.8,2.0
27.926846065026808,9760.0,1456.44,0.0652608083831445,10.80813751851052,20.9499128079461,121,133.0,17.405668376950974,131.2,2.0
27.931964146807847,9761.0,1457.08,0.08418309690390459,18.425094411744336,19.445377931668,122,133.9,20.7263879379739,132.3,2.0
27.937527335968333,9764.0,1457.7599999999998,0.09730209078435917,6.675826992583341,22.4027389227001,124,134.6,21.11932556478576,133.0,2.0
27.943687738547908,9765.0,1458.52,0.10757395727949215,22.177449286463563,21.615773933080327,124,134.6,20.124679533745,133.9,2.0
27.94971814516404,9767.0,1459.28,0.11130969726631759,10.854731909038144,22.489247321251895,126,134.1,18.886593814492283,134.6,2.0
27.955699401034476,9771.0,1459.96,0.11476284591894745,5.383130283392469,21.604741607539218,127,133.4,20.08827184460641,134.6,2.0
27.962276981336867,9772.0,1460.68,0.11325941620722191,23.67928908860533,21.480488715495873,128,132.7,20.771807018811156,134.1,2.0
27.969543737739652,9775.0,1461.48,0.11285764714260534,8.720107683343473,23.046002277338864,128,131.7,21.190372895025487,133.4,2.0
27.97654161597886,9777.0,1462.2,0.10975771064148965,12.596180830573402,23.45966634498313,129,130.6,19.96992892413684,132.7,2.0
27.983580883853584,9780.0,1462.96,0.10437420848646231,8.447121449668476,21.091684788249186,130,129.6,17.5136973895538,131.7,2.0
27.99058845648309,9783.0,1463.6799999999998,0.10000197550518242,8.409087155406938,20.752654427284348,131,128.9,17.558206266598624,130.6,2.0
27.99798006770202,9784.0,1464.44,0.09955506023290477,26.609800388151324,22.18914657663844,131,128.3,15.993813147247971,129.6,2.0
28.005584538020983,9787.0,1465.08,0.09912114135127223,9.125364382753649,20.761890604906224,131,127.8,14.660192356104568,128.9,4.0
28.012882156176364,9790.0,1465.6399999999999,0.09789072301339577,8.757141786455186,20.44389359388194,132,127.4,14.651405171510262,128.3,2.0
28.02074390381225,9793.0,1466.28,0.09877897309770359,9.434097163063498,19.498442553964008,132,127.1,13.662416722599648,127.8,4.0
28.029413326814964,9795.0,1467.1200000000001,0.09943574406172889,15.604961404886025,20.82902714718586,132,126.8,11.127870909183311,127.4,4.0
28.038695507028994,9797.0,1468.0,0.09774317646671052,16.707924385253182,20.88198970256209,133,126.4,9.743930007964815,127.1,4.0
28.046950927424184,9801.0,1468.8799999999999,0.09691237270447756,7.4298783556709,17.554888721581566,134,126.6,7.45439134156256,126.8,4.0
28.055260975826886,9805.0,1469.8,0.09957515914083645,7.479043562432897,20.134052970231625,134,127.1,6.449326300041771,126.4,4.0
28.06441556413348,9807.0,1470.7199999999998,0.10218084368497807,16.47825895186604,19.512049007963565,133,127.8,5.462186932781828,126.6,4.0
28.07160822374566,9810.0,1471.3600000000001,0.10245025537513501,8.631191534615072,19.25232155735361,133,128.5,4.263071439066098,127.1,4.0
28.07880395302349,9814.0,1472.04,0.1003480412230178,6.47615635004433,19.22871437250318,136,129.3,2.8660157878431307,127.8,4.0
28.085810664282803,9815.0,1472.7600000000002,0.09497966445870579,25.22416053352966,18.028499969527783,137,130.1,2.2405552841084475,128.5,4.0
28.091917811443928,9820.0,1473.3600000000001,0.0904360606337309,4.397145956010049,19.03734228750994,138,130.9,1.5711638201227331,129.3,4.0
28.09653198379868,9822.0,1473.8400000000001,0.08692401459376974,8.305510238554225,20.28016342221219,142,131.8,2.127185737147589,130.1,4.0
28.101148399152343,9823.0,1474.28,0.08400765301801044,16.619095273192915,18.33108595049581,146,132.7,2.5506049276988514,130.9,4.0
28.1039263757791,9824.0,1474.56,0.08434978173766758,10.000715856328593,18.263743695073536,150,133.7,2.690588641838171,131.8,4.0
28.107925578854484,9825.0,1474.88,0.08479356322471387,14.397131071383631,18.959964302811773,152,134.2,3.452953217638981,132.7,4.0
28.11240683240999,9826.0,1475.28,0.08387402908472746,16.132512799827715,18.43658467974155,152,134.7,4.107198681631333,133.7,4.0
28.11749562343752,9830.0,1475.7199999999998,0.08238868822368976,4.5799119247772095,18.497615709675365,152,135.0,4.5607429738393375,134.2,4.0
28.12258061205881,9832.0,1476.2,0.0797402059143525,9.152979518325212,18.026679202960217,153,135.3,6.056604103418422,134.7,4.0
28.12924319436124,9834.0,1476.8,0.07554142698964345,11.992648144370756,20.050391581890423,160,135.5,7.462834155904548,135.0,4.0
28.136090092641464,9835.0,1477.48,0.07104751186567745,24.648833808796976,19.197286139335006,160,135.6,10.008470337822672,135.3,4.0
28.142353655127916,9839.0,1478.0800000000002,0.061705378255901756,5.637206237807212,17.79669092180726,163,135.7,11.329907564975258,135.5,4.0
28.151159824251376,9844.0,1478.52,0.049862336765152296,6.340441768892356,16.939769478406788,164,135.5,13.308275448240677,135.6,4.0
28.1616133407733,9845.0,1478.84,0.03695991330600237,37.63265947893097,17.252889178761507,164,134.9,13.648012737791433,135.7,4.0
28.17113210573746,9851.0,1478.92,0.024551916269307056,5.711258978495706,16.95207818793965,162,134.2,15.325743209338045,135.5,1.0
28.179740464850152,9855.0,1478.68,0.011110143015507935,7.747523201424015,15.842209801497344,158,133.5,14.707619187223903,134.9,4.0
28.188914244082707,9857.0,1478.36,-0.003142269634743969,16.512802618598506,13.156835537249117,155,132.6,14.176759116687062,134.2,4.0
28.19572401740652,9859.0,1478.0,-0.016051006253592192,12.257591982861216,15.175805671622507,152,131.7,14.2200768682007,133.5,4.0
28.202640257482813,9861.0,1477.68,-0.026300544924121226,12.449232137325703,15.134816428111941,149,131.1,14.382137260294758,132.6,4.0
28.209300117668775,9864.0,1477.36,-0.03470710235861827,7.991832223153022,12.387607929656657,149,130.6,14.092769948452537,131.7,4.0
28.21840517214864,9867.0,1476.9599999999998,-0.040428418990452034,10.926065375838428,13.815299949184606,148,130.1,12.890849603309164,131.1,4.0
28.22850961181398,9868.0,1476.48,-0.04199608452960185,36.375982795221,14.549661696324605,148,129.5,12.881971476455329,130.6,4.0
28.239526647245363,9872.0,1475.9599999999998,-0.04335046006001364,9.91533188824317,15.488759900394356,147,128.8,11.633433898591356,130.1,4.0
28.252556854136184,9874.0,1475.4,-0.045412459770698535,23.454372403479898,16.18479513622778,144,128.3,13.120655130747611,129.5,4.0
28.26788536201676,9876.0,1474.72,-0.04901010575241481,27.591314185038225,17.83117810783952,142,127.7,13.190085949461814,128.8,4.0
28.28514409558109,9879.0,1474.0000000000002,-0.052741988008327675,20.710480277193636,19.79739850075573,141,127.2,15.068990403512323,128.3,2.0
28.30450931068867,9881.0,1473.1200000000001,-0.05700382630903662,34.85738719364162,21.415619755490162,141,126.8,16.391812526780104,127.7,2.0
28.32547465477654,9884.0,1472.0,-0.06015975296421093,25.158412905441732,21.067744496571976,141,126.2,19.237189191448348,127.2,2.0
28.346645154335224,9886.0,1470.6399999999999,-0.0623078884769776,38.10689920563131,21.77789508394428,141,125.4,19.06451395675644,126.8,2.0
28.36700352041096,9888.0,1469.2400000000002,-0.061777129139350816,36.64505893632375,21.779060272027575,141,124.7,18.84124369736943,126.2,2.0
28.38628396533909,9890.0,1467.6,-0.061266053023113186,34.70480087062984,21.738754183548735,141,124.5,18.272086653491403,125.4,2.0
28.427920620822494,9893.0,1464.44,-0.06372717380274881,35.88716237880303,22.73573909053612,140,124.4,20.06991140726889,124.7,2.0
28.445645656347033,9896.0,1463.2400000000002,-0.06585591505274425,21.27004262944438,21.88065501322376,140,124.3,19.68696470622704,124.5,2.0
28.520589999982565,9902.0,1459.52,-0.06667109299864152,26.22930928632872,22.623403270292673,124,124.3,20.69294800623058,124.4,2.0
28.537016249470128,9904.0,1458.8,-0.06596232534571185,29.56724907761309,22.168821820526745,123,124.5,20.764093677408077,124.3,2.0
28.57718317472674,9907.0,1456.6399999999999,-0.06418613868296709,36.0572619761206,21.7104457919097,122,124.9,20.60388011835281,124.3,2.0
28.59699966886678,9910.0,1455.3600000000001,-0.06154147819134174,23.77979296804454,21.378063481543503,120,125.4,21.302457185550743,124.5,2.0
28.61662700862747,9912.0,1454.1200000000001,-0.059614187561554545,35.329211569243014,21.0206462550935,120,125.7,21.254715225640457,124.9,2.0
28.63392869043718,9914.0,1452.96,-0.058577521807806864,31.14302725747384,21.27396300555978,119,125.8,21.035553776169447,125.4,2.0
28.681763922081437,9918.0,1449.84,-0.061900159465122305,30.272468602658826,21.257399670567043,117,125.7,23.51929043842752,125.7,2.0
28.698773382860377,9920.0,1448.9199999999998,-0.0646932222651794,30.617029402090605,21.925352716911124,115,125.2,23.82461849482876,125.8,2.0
28.715970208481615,9922.0,1448.04,-0.06436708425241283,30.9542861182274,22.116404792593517,114,124.6,23.97827612506459,125.7,2.0
28.833291500959724,9932.0,1441.4,-0.062326998268723045,24.4311649259336,21.862601887984237,117,124.2,25.24847221239376,125.2,2.0
28.892916685316663,9937.0,1437.6799999999998,-0.0608447154100456,25.22701565241217,21.405067124680844,120,123.8,23.47963682478633,124.6,2.0
28.91382522309386,9939.0,1436.4,-0.05863375955267488,37.635367998951665,21.779413311973816,120,123.4,24.77865534479257,124.2,2.0
28.93461518597601,9941.0,1435.16,-0.05742314675786812,37.42193318787029,22.29452866122764,120,123.3,23.718571175011355,123.8,2.0
28.988745117356082,9946.0,1432.0800000000002,-0.05618239373100372,19.688446081330245,22.88437302187844,120,123.6,22.968397457484794,123.4,2.0
29.020641880800685,9949.0,1430.36,-0.05650135956418182,28.55313483907042,23.0599028950341,122,124.8,20.87209272775862,123.3,2.0
29.054468521739214,9952.0,1428.6,-0.056794621546082856,35.94134799760812,23.701832763398773,121,126.4,20.6505766517568,123.6,2.0
29.064542100777587,9953.0,1428.0400000000002,-0.055667120054032536,36.26488453814338,24.561090016413235,120,128.3,18.025099893762395,124.8,2.0
29.074815810715958,9954.0,1427.44,-0.054638435742350985,36.98535577813542,24.121691964855646,120,130.4,17.636857363770584,126.4,2.0
29.120084886073624,9958.0,1425.1200000000001,-0.05279798482703315,31.481539492988727,23.322224980221044,120,132.8,16.975116061815832,128.3,2.0
29.137797475356322,9960.0,1424.2000000000003,-0.05336378718849093,31.88266070885687,24.593331701823132,120,135.5,15.130201909077345,130.4,4.0
29.157812677115025,9962.0,1423.24,-0.05495267668593382,36.02736316566511,25.268438321256298,119,138.6,14.135221069662572,132.8,4.0
29.195266798377553,9965.0,1421.24,-0.05861883891105459,31.604767162409814,25.430299073432142,119,141.7,12.838203547087616,135.5,4.0
29.210316366134162,9967.0,1420.48,-0.061490870138406276,27.089221961898467,25.541201632411703,118,144.5,13.225166716539425,138.6,1.0
29.248149429798197,9970.0,1418.0800000000002,-0.06293966585186272,38.22274235920915,24.684987664567167,118,146.9,12.601632357424164,141.7,1.0
29.25897167430154,9971.0,1417.16,-0.06277167033420075,38.96008021204482,24.67888605071851,118,148.7,12.721889656040627,144.5,1.0
29.26985747137462,9972.0,1416.16,-0.06201422916013449,39.18886946308267,23.67507129686494,118,150.4,12.808086652203569,146.9,1.0
29.280684875706495,9973.0,1415.2400000000002,-0.06175686192482518,38.97865559474076,23.45743604325836,119,151.8,12.478534192913164,148.7,1.0
29.32081050808463,9977.0,1412.56,-0.061220217411490675,26.371294479544492,23.63908867851549,119,152.9,12.344659437195231,150.4,3.0
29.357558954051772,9980.0,1410.9599999999998,-0.062126548842997974,32.96677841310087,24.13044762502136,121,153.7,10.1272205283806,151.8,3.0
29.373568597307155,9983.0,1410.24,-0.06073127060796531,19.21157190646163,23.83148430230812,122,154.3,10.308476995869563,152.9,3.0
29.41142583250957,9986.0,1408.0,-0.057698100902945304,33.577576486152466,23.565928177655046,122,154.4,10.411879064346875,153.7,3.0
29.420606103595727,9987.0,1407.3600000000001,-0.05266512318567875,33.04897591017636,23.70639831508314,123,154.5,10.116259474859154,154.3,3.0
29.429351249906254,9988.0,1406.72,-0.04723757479775633,31.482526717903166,22.576548360975572,123,154.5,10.150426340700836,154.4,3.0
29.43790354046099,9989.0,1406.24,-0.04392255448474963,30.788245997054258,22.88392841348068,123,154.4,11.309464531647963,154.5,3.0
29.446619075292908,9990.0,1405.8,-0.04077951734960513,31.375925394902694,21.845290606185003,123,154.3,12.411291247120786,154.5,3.0
29.456918834908677,9991.0,1405.48,-0.04227020314134179,37.07913461677034,22.38250848033298,123,154.1,12.309471124147723,154.4,3.0
29.480210227287117,9994.0,1405.0,-0.04261458624418204,20.994118985109992,21.80499144231486,123,153.9,12.745663021273623,154.3,3.0
29.495663248731944,9996.0,1404.6799999999998,-0.04286364525953583,27.815438600690435,21.18947985645204,122,153.8,13.335533820058334,154.1,3.0
29.525250556542495,10000.0,1403.9999999999998,-0.04459575060174889,16.830346019733717,21.632178174733053,121,153.8,14.077359208645223,153.9,3.0
29.589426936804625,10006.0,1400.8,-0.04724616995131729,24.83703901855652,21.49660760273009,121,153.7,14.14596841734062,153.8,3.0
29.603055796189956,10008.0,1399.92,-0.0489200690701199,24.5319468935943,20.612431678760192,120,153.9,15.24102242536418,153.8,3.0
29.67028883526339,10014.0,1396.1200000000001,-0.05004087255047328,24.521986022249102,20.51331595654994,119,154.1,15.33672713142017,153.7,3.0
29.6913828172719,10016.0,1394.8,-0.05108090441583515,37.96916761532005,21.167143341937347,118,154.1,14.97057874292138,153.9,3.0
29.751444147885145,10021.0,1390.76,-0.051619764714466984,30.283573906281493,21.390774873848926,118,153.8,15.329150839407085,154.1,3.0
29.8059079478681,10026.0,1386.76,-0.05494358338718106,21.933929209926166,21.654637773412695,120,153.2,14.60416544694156,154.1,3.0
29.82801816566899,10028.0,1385.64,-0.05539503650589952,38.42001306681917,22.601868330131317,121,152.2,15.237117793636823,153.8,3.0
29.836885381427464,10029.0,1385.32,-0.05923601522843036,31.921976730511005,22.56828167418367,121,151.4,15.219240419032356,153.2,3.0
29.846247911149998,10030.0,1384.96,-0.06093593055441003,33.705107001126194,22.438870337255054,120,150.5,17.70642291789403,152.2,3.0
29.88189920937909,10034.0,1383.0399999999997,-0.05780858969920015,21.653101824732122,22.068862589559636,120,149.6,17.631044009412314,151.4,3.0
29.917409074538003,10037.0,1380.68,-0.05771436138543712,39.18068972669754,21.349928398456687,121,148.7,19.950010087048312,150.5,1.0
29.97040331313465,10042.0,1375.9599999999998,-0.059204629774147734,25.433294699909894,21.227515784580753,122,147.4,21.302446938239964,149.6,1.0
29.984051426288946,10044.0,1375.04,-0.0641235475605954,24.56660367773529,20.141137675073246,122,145.7,20.893328954534876,148.7,1.0
30.01923399139753,10047.0,1373.1200000000001,-0.07086175354221894,36.65026669373114,19.658999680411377,120,143.9,22.74802452513503,147.4,1.0
30.057304087522,10051.0,1370.84,-0.07455245143906297,23.371701627901885,18.745340055003467,119,142.4,23.532377146024903,145.7,1.0
30.069853683544533,10053.0,1369.9199999999998,-0.07604476914019068,22.589272840564746,18.851158565873344,118,141.2,24.42592552423243,143.9,1.0
30.123473258556103,10058.0,1365.4,-0.07688030477209644,26.509185521408238,17.728515538868052,118,140.3,23.93768914816264,142.4,1.0
30.13848001615547,10060.0,1364.0800000000002,-0.072186891493606,27.012163678859768,17.294883938912623,119,139.1,25.53993335823088,141.2,1.0
30.182526074715888,10064.0,1360.44,-0.07119174890781042,22.14679478201676,17.599275157948384,119,137.9,24.906081449793547,140.3,1.0
30.226033682841404,10068.0,1357.2,-0.0719868138012902,24.834003646124984,17.45371388508956,119,136.6,25.0381090457743,139.1,1.0
30.24006995189053,10070.0,1356.1200000000001,-0.0689178845037047,25.26528428842284,17.866402921444184,118,135.3,23.325875647250356,137.9,1.0
30.280461448968623,10074.0,1353.56,-0.0649026574695091,20.046987724935104,18.605679980741936,118,134.3,23.92191243659904,136.6,2.0
30.33451476418375,10079.0,1350.04,-0.059325188243827674,28.15668915243024,19.31293936563651,119,133.7,26.09448611522597,135.3,2.0
30.408012254031892,10085.0,1346.48,-0.05388118310938221,31.635235440492547,19.872760965204257,120,133.3,24.46974451496334,134.3,2.0
30.437328722309836,10089.0,1345.6,-0.05270501712651895,26.38482145015046,20.08673427818542,120,132.8,23.391207235118408,133.7,2.0
30.49039787261977,10094.0,1344.1200000000001,-0.05266091421538057,29.873911236891107,19.734316148824114,121,132.0,22.54670615742136,133.3,2.0
30.508608759959955,10096.0,1343.4,-0.05236731511606638,32.77959721233247,20.434941828914834,121,130.8,23.753316720449437,132.8,2.0
30.52657463074488,10098.0,1342.6,-0.05541025596826486,32.338567412862446,21.17831782908747,120,129.5,23.97011117573069,132.0,2.0
30.55415927294219,10101.0,1340.8,-0.05444058691420749,23.19144045744806,20.736829996613118,118,128.2,21.655111806375125,130.8,2.0
30.589546714311457,10105.0,1337.84,-0.05477752447149148,17.996673817509077,19.89769623883641,115,127.2,21.7264575866139,129.5,2.0
30.598793979470738,10106.0,1337.08,-0.056976490635708234,33.2901545734085,19.46919946877282,116,127.6,23.41436405348832,128.2,2.0
30.607089837473982,10107.0,1336.3200000000002,-0.06030296934814492,29.86508881167782,18.896186613569,116,128.0,22.980369978521654,127.2,2.0
30.6134400214811,10108.0,1335.8400000000001,-0.06609395003883053,22.860662425622937,18.610215912615267,117,128.8,22.77997398695906,127.6,2.0
30.61968276566616,10109.0,1335.3600000000001,-0.07269076230927074,22.47387906620731,18.050508687096546,117,129.8,23.21204583817877,128.0,2.0
30.626183692904704,10110.0,1334.8,-0.07688605971982797,23.40333805876536,18.200929246026277,117,131.1,22.518755762274782,128.8,2.0
30.63330855624848,10111.0,1334.16,-0.08066428572084425,25.649508037587815,18.134685254939182,117,132.7,22.15551392394831,129.8,2.0
30.64267308937829,10112.0,1333.2,-0.08226176573549937,33.712319267319735,17.62574244025525,116,134.5,22.003104603898542,131.1,2.0
30.670056766613946,10115.0,1330.8,-0.08339054855755815,28.527286355666728,17.388321375592643,115,136.2,20.50473052754632,132.7,2.0
30.686450298903708,10117.0,1329.56,-0.08590600169249017,29.508358121570282,17.621378673487236,116,137.8,21.80618991977477,134.5,2.0
30.70330529425067,10120.0,1328.0800000000002,-0.08846953625987211,20.225994416353174,18.408670606428462,115,139.1,21.77508179138861,136.2,1.0
30.805188032276998,10128.0,1319.44,-0.09010777728670231,31.052247188764113,18.222494181132923,114,139.1,20.890223830526384,137.8,1.0
30.822389326692782,10130.0,1318.0,-0.0915236611684986,30.96232994841316,18.545181050212115,115,138.8,18.878803453911683,139.1,1.0
30.88715824974524,10135.0,1312.6,-0.09043958027254788,29.46130947706264,18.38179754293372,119,138.1,16.258471748090773,139.1,1.0
30.923494684762844,10138.0,1309.8799999999999,-0.08723873865682147,36.5493744654161,18.631884313751872,118,137.4,16.67219786232871,138.8,1.0
30.959257336808093,10142.0,1307.12,-0.08479209757827433,21.39842399989667,19.03725289812416,116,136.5,17.96636664968134,138.1,1.0
31.01296868326942,10146.0,1302.9199999999998,-0.08102423947117347,30.647330896624794,20.28809923886102,116,135.6,19.98137952096096,137.4,1.0
31.047243002339684,10149.0,1300.1200000000001,-0.07966939552071879,30.804071606471684,20.983451732490913,117,135.1,18.916166239757388,136.5,1.0
31.10020496547756,10153.0,1296.0,-0.0771510736177593,31.451443411897475,21.43301791903245,120,135.2,19.542906494465925,135.6,1.0
31.11916957773696,10155.0,1294.6399999999999,-0.07554440685393943,34.13630206692617,21.09107215585219,119,135.6,18.529131871854453,135.1,1.0
31.139703354204734,10157.0,1293.28,-0.07147210535895052,36.960797641992414,20.1633966011509,120,136.2,18.41184387595331,135.2,1.0
31.16052122041145,10159.0,1291.9199999999998,-0.06567513783658113,37.47215917208889,19.765535514307665,119,137.3,18.156083795038963,135.6,1.0
31.17877650521833,10161.0,1290.8,-0.06064783801783132,32.859512652385064,19.67622938697749,119,138.7,19.656625202517567,136.2,1.0
31.195605397225126,10164.0,1289.8400000000001,-0.055714598161238416,20.194670408156398,19.556316109525365,117,140.1,19.920284528887684,137.3,1.0
31.21999704845408,10167.0,1288.56,-0.0536329800629568,18.50313952390704,19.48111462388358,115,141.3,19.79621705283757,138.7,1.0
31.227179002737415,10169.0,1288.3200000000002,-0.05283272186799447,12.927517710007946,19.450560516564316,115,142.5,18.487306755985813,140.1,1.0
31.23435074271399,10170.0,1288.0,-0.056081672700918385,25.818263915667654,19.33863264909794,115,143.7,17.409667516010153,141.3,1.0
31.241627883584083,10171.0,1287.68,-0.05961249748104854,26.19770713233403,18.374684483089098,114,144.7,18.47319892675117,142.5,1.0
31.249351972184922,10172.0,1287.1599999999999,-0.060010823538697446,27.806718963019932,17.938528705230564,114,145.0,17.50787670878905,143.7,1.0
31.258014002952642,10173.0,1286.52,-0.06031926128394177,31.183310763798072,18.107061656142758,114,144.9,19.05237395877584,144.7,1.0
31.267434253669407,10174.0,1285.44,-0.06344603040095746,33.91290258035214,19.382202004423974,114,144.7,20.9230744631704,145.0,1.0
31.3060128887369,10178.0,1281.1599999999999,-0.06768528967082574,24.002907775440846,19.968784297937788,115,144.0,21.103480385910352,144.9,1.0
31.38005903137688,10184.0,1275.08,-0.07044672699137569,28.187186418633818,20.368714743261247,117,143.4,19.42881876397724,144.7,1.0
31.457815772973518,10190.0,1269.7599999999998,-0.07320470207645216,24.574575413653175,19.961029352286506,120,142.9,20.44658806260679,144.0,1.0
31.479833720160592,10192.0,1268.3200000000002,-0.07491542548069675,39.63230493673556,19.648105496083065,120,142.6,20.2358770228432,143.4,1.0
31.5478729383424,10198.0,1263.96,-0.07502009279237648,23.227933196681533,19.75754472777134,123,142.3,20.773158415255995,142.9,1.0
31.56661359183304,10200.0,1262.8,-0.07109841753605409,33.733176283148005,19.473159188825804,123,141.9,19.953718211292536,142.6,1.0
31.620809677371152,10205.0,1259.36,-0.06784116994833575,21.46332461130128,19.983866216089517,121,140.9,20.58219975073381,142.3,1.0
31.65927341727784,10209.0,1256.8400000000001,-0.0676979856490296,24.427121676480503,19.999922794991285,121,140.2,20.33649380138954,141.9,1.0
31.694734036982545,10212.0,1254.52,-0.06889182714023454,34.16398244804996,20.496057035430987,119,139.7,18.871403111722465,140.9,1.0
31.728982580700304,10215.0,1252.08,-0.07017165426298093,30.95292975448563,19.98714499173342,119,139.2,18.716794264129405,140.2,1.0
31.746729154573135,10217.0,1250.6799999999998,-0.07145835765713994,31.943832971097592,20.572314893805867,120,138.7,19.541265011541757,139.7,1.0
31.780756565230842,10220.0,1248.08,-0.072549645068895,28.72145087018019,19.75987147518019,119,138.2,19.13322752819083,139.2,1.0
31.844211208059512,10225.0,1243.3200000000002,-0.07254622258664947,31.80110265040802,19.32987529803443,118,137.5,17.753417378816188,138.7,1.0
31.861570523920555,10227.0,1242.0,-0.06982648831672893,31.24676854988056,19.425798327144435,118,136.9,17.00287039220516,138.2,1.0
31.878746238322393,10229.0,1240.84,-0.06841800982333812,30.916285923309808,18.333735991344327,116,136.4,18.32420822073203,137.5,1.0
31.921924505785306,10233.0,1237.52,-0.0655263047057987,21.247043373658734,17.0948145009227,115,136.1,17.612521480994047,136.9,1.0
31.95396229854014,10237.0,1235.2,-0.06232216465605485,14.853581269114349,15.431267241194277,119,136.6,15.477952466548896,136.4,1.0
31.960932668744515,10238.0,1234.84,-0.062220422809077545,25.09333273574328,14.816383866996219,118,137.4,17.136314372430437,136.1,1.0
31.96585626870296,10239.0,1234.44,-0.06186246788335257,17.724959850406258,14.321588016253369,117,138.5,16.377117607510723,136.6,1.0
31.969286798452437,10240.0,1234.1599999999999,-0.061288969043131344,12.349907098115168,13.875264263461466,116,139.7,14.103226360941717,137.4,1.0
31.973295472512476,10242.0,1233.84,-0.06185681319114089,7.2156133080704485,13.531988122528407,117,141.0,12.776959070448818,138.5,1.0
31.978489175005404,10243.0,1233.4,-0.06258504006852883,18.69732897453878,14.281211623497072,116,142.3,12.692570696524518,139.7,1.0
31.984993209235665,10244.0,1232.92,-0.0634767186169388,23.41452322894516,15.538974887249077,116,143.9,12.68300361270369,141.0,1.0
31.99177670119229,10245.0,1232.3600000000001,-0.06707597405348142,24.420571043852675,15.426140327496054,116,145.3,14.846877831405555,142.3,1.0
31.99905942003694,10246.0,1231.68,-0.07034703124184916,26.217787840738527,15.728234657861496,116,146.6,12.304303586830008,143.9,1.0
32.00837292097515,10247.0,1230.92,-0.0754717440569321,33.528603377539355,17.329441623144646,117,147.8,12.792655693261704,145.3,1.0
32.01816781709808,10248.0,1230.1200000000001,-0.07896464881236212,35.26162604255285,19.178172183131682,117,149.0,13.751697112744148,146.6,1.0
32.0324753697101,10250.0,1229.04,-0.08041679948274608,25.753594701629556,20.228078524962097,117,150.3,11.745848661037362,147.8,1.0
32.069629567815824,10254.0,1226.36,-0.0803615463001188,24.064604983113007,20.68598833754558,118,151.6,11.965737553737318,149.0,3.0
32.09069187802813,10256.0,1224.76,-0.07940141355460473,37.91215838215834,20.855080997775215,119,152.9,11.902582875286344,150.3,3.0
32.13426880713947,10260.0,1221.4,-0.0779528764156746,35.78466996327568,21.00563886414293,119,154.1,10.790988678072612,151.6,3.0
32.15431292912692,10262.0,1219.7599999999998,-0.07797722165500313,36.07941957740583,21.315824347277903,119,155.2,11.274378151997944,152.9,3.0
32.19212330941089,10265.0,1216.84,-0.07846681931471514,32.18112458825294,21.557351294518423,120,156.0,11.461200590698327,154.1,3.0
32.20785801614839,10267.0,1215.56,-0.07785419627767096,28.32247212751389,22.454381559542117,120,156.8,9.846152255803975,155.2,3.0
32.25829000544148,10271.0,1211.76,-0.07667530405809504,29.316322026258817,23.48105878745521,118,157.6,10.261184186713848,156.0,3.0
32.29817489551224,10274.0,1208.96,-0.0744370330664269,37.96934519987969,23.223949818616315,115,158.4,11.311939388859932,156.8,3.0
32.31914589032721,10276.0,1207.56,-0.07267009723179597,37.74779066695519,23.05889275352387,114,158.9,10.53903694191226,157.6,3.0
32.340113354483606,10278.0,1206.1599999999999,-0.07122416182419831,37.74143548150019,22.976060801910066,114,159.1,11.436768979108864,158.4,3.0
32.36109976082619,10280.0,1204.72,-0.06988598042676819,37.77553141665268,22.82825630837952,115,159.0,11.793687979284128,158.9,3.0
32.39953075685991,10283.0,1202.0,-0.06848149721646457,32.20822888003362,23.0209752004845,115,158.7,12.06276246525954,159.1,3.0
32.41689151698381,10285.0,1200.76,-0.06529162879773841,31.249368223018006,22.197487872394724,115,158.4,12.994382535066205,159.0,3.0
32.453487165970024,10288.0,1198.2800000000002,-0.06132312903621325,32.02976059746028,20.58026639501283,114,158.1,13.129622456847391,158.7,3.0
32.46852650864986,10290.0,1197.3600000000001,-0.05849900074507597,27.070816823697257,19.10583984065632,115,157.5,13.2702170677341,158.4,3.0
32.48414132823619,10292.0,1196.6,-0.05700409745729488,28.10667525539252,17.896119113853324,116,156.9,15.559125574287949,158.1,3.0
32.50516868799284,10295.0,1195.6,-0.058479246861997757,15.44811756297382,17.243782575225858,116,156.3,15.817742684250256,157.5,3.0
32.5123519073213,10297.0,1195.16,-0.059785966470922734,12.929794791223204,17.573371118767817,117,155.6,14.702314028618265,156.9,3.0
32.52075812526213,10299.0,1194.6399999999999,-0.061426627112421514,15.131192293479845,17.88970896195878,117,155.0,14.756426319042284,156.3,3.0
32.53144863871017,10301.0,1193.9600000000003,-0.06320111478859373,19.242924206469418,18.058269366213544,116,154.5,14.798935263333997,155.6,3.0
32.58497410046652,10306.0,1189.44,-0.06602311726344387,27.74735395368688,18.531854146949588,115,154.0,14.373167547519476,155.0,3.0
32.62363853478024,10309.0,1186.48,-0.06890807989312511,37.04399627057957,18.686311494762197,115,153.5,14.377727880550598,154.5,3.0
32.64432274396846,10311.0,1184.96,-0.07340567039332493,37.23157653879754,19.545366633992654,115,153.0,14.952405724036458,154.0,3.0
32.664994164347895,10313.0,1183.3200000000002,-0.07705496745691806,37.20855668298381,20.591300701548423,114,152.5,14.529773941650578,153.5,3.0
32.685808423945836,10315.0,1181.6,-0.08038104604523436,37.46566727628949,21.7794392327964,114,152.4,15.749959339216366,153.0,3.0
32.72612911847137,10318.0,1178.2,-0.08286654512519062,34.38994227506844,22.444639799667534,112,152.3,13.135769942892283,152.5,3.0
32.743220956755565,10320.0,1176.64,-0.08293276497083474,30.76530891155558,22.439444731255854,111,152.2,12.641317009256124,152.4,3.0
32.79951654747322,10324.0,1172.1200000000001,-0.08365964775049156,30.821452745531566,22.113473761187684,111,152.3,12.410475053864094,152.3,3.0
32.819089301792715,10326.0,1170.6799999999998,-0.08284508127327797,35.23095777509994,21.504239074613963,112,152.5,12.29019828980507,152.2,3.0
32.85577105658156,10329.0,1167.6799999999998,-0.07920981740233299,30.968355625855594,20.76871654108675,113,152.6,14.370181323140171,152.3,3.0
32.907602742972344,10333.0,1163.24,-0.07531928690331319,28.99303406893111,20.021251069092585,114,152.8,14.502126662482524,152.5,3.0
32.92580275199205,10335.0,1161.72,-0.07153957455568286,32.76001623547218,20.63988016592677,113,153.1,16.915081359724546,152.6,3.0
32.958809014477055,10338.0,1159.2400000000002,-0.06644102373947401,27.24990215583543,20.696259703661386,115,153.5,15.815716421629372,152.8,3.0
33.00287255223487,10342.0,1156.6799999999998,-0.0631897915355377,24.375675950483974,19.567824267363225,116,154.0,16.796763257812405,153.1,3.0
33.01589992453052,10344.0,1156.04,-0.05959478775938726,23.449270132170767,18.684180027166533,116,154.5,15.826595598357192,153.5,3.0
33.03923120860731,10346.0,1155.0,-0.058471128945653296,38.919667195657134,17.885402083312503,112,154.9,15.60308681284381,154.0,3.0
33.0469440076465,10347.0,1154.72,-0.056891975380648,27.766076541075066,17.49619943046856,111,155.3,17.968715357195208,154.5,3.0
33.05344458181681,10349.0,1154.3600000000001,-0.05831028758257724,11.70103350655502,16.204010076070166,112,155.8,17.79812363974252,154.9,3.0
33.05885848222314,10350.0,1154.0,-0.06262940359726198,19.49004146277664,16.405682986770174,113,156.2,19.616882968024225,155.3,3.0
33.06388489185873,10351.0,1153.4,-0.07130172926117599,18.095074688134517,16.98593936756421,115,156.8,16.78879211391945,155.8,3.0
33.07043556843947,10352.0,1152.8,-0.07882773349938309,23.58243569068419,17.43771818255562,118,157.4,17.236632081557207,156.2,3.0
33.07870602424396,10354.0,1151.9599999999998,-0.08686206004315863,14.886820448079462,16.84344798767716,119,158.0,14.930691302435282,156.8,3.0
33.08836165812208,10355.0,1150.96,-0.09644217617895429,34.76028196124242,16.302673756736656,119,158.5,15.386362349437118,157.4,3.0
33.09921732241514,10356.0,1149.72,-0.10205976046220473,39.08039145500936,17.327465848246725,119,158.9,14.16589095203129,158.0,3.0
33.10953648222834,10357.0,1148.52,-0.10754529674271399,37.14897532752192,17.84296359056615,119,159.3,16.023411042804632,158.5,3.0
33.1204155704428,10358.0,1147.2,-0.11028620071102176,39.16471757206426,18.558424208809953,118,159.8,16.029883138070772,158.9,3.0
33.19763341146141,10365.0,1138.48,-0.11185848877224729,26.35404199687073,18.967390850946508,119,160.3,14.434997992806974,159.3,3.0
33.30035619362865,10373.0,1129.1200000000001,-0.11089741792895724,32.858976849870835,20.271769729749145,118,160.6,14.466851453063152,159.8,3.0
33.318686840751596,10375.0,1127.52,-0.10817402803969518,32.995164821299525,20.414490259679486,119,160.9,12.54712196366288,160.3,3.0
33.337068267400824,10377.0,1125.8,-0.10313145156371724,33.086567968605905,20.34132643817311,119,161.0,13.458269845288587,160.6,3.0
33.392366438664965,10381.0,1120.6399999999999,-0.09929596394458688,32.72034517908333,20.204855931857423,118,161.0,13.169780007334513,160.9,3.0
33.412784876720664,10383.0,1118.84,-0.0946990847336064,36.753188500257,19.712994999699653,116,161.1,13.034494137332867,161.0,3.0
33.4330819282307,10385.0,1117.12,-0.09289676306313323,36.53469271806779,19.633972741254233,117,161.1,12.68278821830371,161.0,3.0
33.45337393829267,10387.0,1115.48,-0.09383209544604881,36.52561811154924,19.069961211285964,115,161.1,12.78777582387,161.1,3.0
33.49213629766641,10390.0,1112.3600000000001,-0.09410472950848539,32.8770989240487,19.483154897023397,115,161.1,10.89205728777188,161.1,3.0
33.507912209593414,10392.0,1111.0,-0.09258102557303749,28.396641468596485,19.06644456143101,115,161.1,11.642615198971514,161.1,3.0
33.57495286456866,10398.0,1104.56,-0.09090727031571014,22.868653652044646,18.281891625871094,115,161.1,10.67645064327363,161.1,3.0
33.58656632085326,10400.0,1103.44,-0.0884394230270891,20.904221312277272,17.256970844293384,115,161.0,11.219847587821064,161.1,3.0
33.59670066286834,10401.0,1102.48,-0.08610135329458046,36.48363125426929,16.402719187060207,115,160.9,11.313423227597472,161.1,3.0
33.60335508131983,10402.0,1101.72,-0.08449284077651767,23.955906425395664,15.793681838227311,115,160.8,12.527211149848728,161.0,3.0
33.60845034351913,10403.0,1101.08,-0.0842015362085188,18.342943917469015,16.07557752768549,115,160.8,12.03325742756464,160.9,3.0
33.61376366360544,10404.0,1100.48,-0.08498285174756601,19.12795231071373,16.087203956066368,114,160.7,12.54158406903463,160.8,3.0
33.619793444123104,10405.0,1099.8799999999999,-0.08340048826914945,21.70720986359326,16.73782831846066,114,160.6,12.34631292334137,160.8,3.0
33.62678494708539,10406.0,1099.2,-0.08181385668621059,25.169410664223285,17.853958239951172,114,160.4,12.572499227024172,160.7,3.0
33.63653731753355,10407.0,1098.32,-0.08004033695247141,35.10853361337674,18.08538079857316,113,160.3,12.286679912554044,160.6,3.0
33.663820417750884,10410.0,1096.08,-0.07811869196524782,26.713556821394423,19.038418256272898,114,160.2,11.75622168482404,160.4,3.0
33.68116308380567,10412.0,1094.6799999999998,-0.07703651235194806,31.2167988986171,20.087294110368617,114,160.0,11.93673981248009,160.3,3.0
33.70129767376545,10414.0,1093.1599999999999,-0.07498963628859767,36.24226192761054,20.48980192883275,114,160.0,11.656060917248938,160.2,3.0
33.722581467704074,10416.0,1091.6799999999998,-0.07644712924966511,38.310829089523786,21.188994114704244,114,159.9,11.843188665367183,160.0,3.0
33.7887906050412,10422.0,1087.4,-0.07705510343084841,37.467453451760115,21.699807792078918,116,159.9,9.79731751593636,160.0,3.0
33.80736715056177,10424.0,1086.24,-0.07656014187401501,33.43778193701505,21.59950839128328,117,159.8,10.755121152253048,159.9,3.0
33.854679730247376,10428.0,1083.1599999999999,-0.07288215592922975,23.97783857710538,22.63163041834329,115,159.6,9.854860885637454,159.9,3.0
33.926180892160936,10434.0,1078.36,-0.06980882183494545,30.46863483027056,23.43981849760881,102,159.5,11.607961588704969,159.8,3.0
33.94322353947568,10436.0,1077.24,-0.06678119068739181,30.67676516654652,23.10367571443765,103,159.5,11.28288536362092,159.6,3.0
33.96040523149513,10438.0,1076.1200000000001,-0.06355856201639323,30.927045635013794,22.009933382818595,106,159.4,12.886731110773948,159.5,3.0
33.998336129807974,10441.0,1073.4,-0.06114497715810254,38.874318528983224,21.068407616531434,111,159.3,12.40059629255351,159.5,3.0
34.00930898817903,10442.0,1072.56,-0.05849888805099869,39.50229013580343,20.488289557815875,111,159.3,14.062805315586791,159.4,3.0
34.06606209289689,10447.0,1069.56,-0.057543112172200886,28.580054201073526,19.957393962465574,110,159.2,13.6473603541688,159.3,3.0
34.08238202111296,10450.0,1068.96,-0.054599157398905016,19.583913859285026,18.94736173244595,110,159.2,13.783564705307464,159.3,3.0
34.10887508694679,10453.0,1067.96,-0.05262483089353024,20.55963013072978,17.483210474877723,109,159.1,13.785445726399194,159.2,3.0
34.11491337331167,10454.0,1067.6,-0.051406333589592165,21.737830913578897,16.8963411261191,109,159.0,12.995042892720464,159.2,3.0
34.118985590366634,10455.0,1067.24,-0.05405778157862036,14.659981397852263,15.904868586464545,110,159.1,13.689097397194113,159.1,3.0
34.12307233015653,10456.0,1066.8,-0.055986518450578934,14.712263243640804,14.770353019434157,110,159.2,11.649703159270542,159.0,3.0
34.12823644968115,10458.0,1066.3600000000001,-0.057913195858861066,9.295415144305286,14.563268382151296,112,159.3,13.582771726930968,159.1,3.0
34.13462615401655,10459.0,1065.8799999999999,-0.066427407765515,23.002935607449704,14.711115020193736,113,159.2,11.78652429916962,159.2,3.0
34.14213243205181,10460.0,1065.3200000000002,-0.07581215237953891,27.02260092692715,14.732101232227212,115,159.1,13.77889571583856,159.3,3.0
34.14963032327872,10461.0,1064.68,-0.08239846731529768,26.9924084168924,14.34950688126263,116,159.1,11.866618614839494,159.2,3.0
34.1579567195403,10462.0,1063.96,-0.08818138780807959,29.9750265416856,15.462983923949446,118,159.1,14.074735048453364,159.1,3.0
34.19558056567984,10466.0,1059.84,-0.09403622610931936,26.178852625946437,16.60588437725235,119,159.2,13.563389635944244,159.1,3.0
34.22472161964089,10469.0,1056.4,-0.09917456962787957,26.134558225267018,18.206386016804515,119,159.3,14.433050541989813,159.1,3.0
34.2652194348275,10473.0,1052.04,-0.10449332240777161,21.533639856631872,18.284956401761207,121,159.4,14.594552063482094,159.2,3.0
34.30029720307784,10476.0,1048.4,-0.10738336960644199,38.08151223570526,18.429951748485454,122,159.5,14.034389652903112,159.3,3.0
34.31104289607449,10477.0,1047.0800000000002,-0.10881915898950037,38.68449478794825,18.59804899323268,119,159.6,14.078965241439091,159.4,3.0
34.32203668680325,10478.0,1045.76,-0.10894304862159684,39.57764662353778,18.773893767396842,116,159.7,13.723631983645458,159.5,3.0
34.389693043727235,10484.0,1037.8,-0.10455348606780086,28.805683792808065,19.249069262086646,116,159.6,14.114585058277063,159.6,3.0
34.407853115388576,10486.0,1036.1200000000001,-0.10040071325111381,32.68812899041861,20.041069816317567,116,159.6,13.08395212962144,159.7,3.0
34.443623267769595,10489.0,1032.88,-0.0993219259511208,31.946760616349682,21.171718720810972,117,159.6,13.68274988520308,159.6,3.0
34.47977724756673,10492.0,1029.7199999999998,-0.0973393840626259,34.13825511941908,21.135869150991635,116,159.6,12.171334592983204,159.6,3.0
34.498552208896015,10494.0,1028.0399999999997,-0.09316992157840713,33.794930392715315,20.80934026157414,115,159.5,13.460188875213202,159.6,3.0
34.51936554821475,10496.0,1026.3600000000001,-0.08819690197063082,37.4640107737193,20.065491336989307,114,159.3,12.50694681367088,159.6,3.0
34.539927986847886,10498.0,1024.7599999999998,-0.08253181054584974,37.01238953964224,20.365768206345386,113,159.1,12.671745136775847,159.5,3.0
34.55829368408806,10500.0,1023.4399999999999,-0.07923979218258306,33.05825503231702,19.923644853469742,112,158.8,14.722085547870012,159.3,3.0
34.574354407685995,10502.0,1022.28,-0.07878454953584946,28.909302476272327,20.33471569778606,112,158.5,14.735383854262562,159.1,3.0
34.62770518811997,10507.0,1019.0,-0.07935093701233217,23.401070928274837,20.054066933949322,112,158.3,15.07695626878104,158.8,3.0
34.69705378161592,10513.0,1013.96,-0.07933899997283694,30.29519906156497,19.69026226391305,113,158.5,14.650890347009366,158.5,3.0
34.733023614257526,10517.0,1011.76,-0.07937540980211907,22.970748355355187,18.996811849414915,112,158.9,13.889914074174143,158.3,3.0
34.772099522548984,10520.0,1008.96,-0.07822056974420885,35.226510916831366,18.082862899426473,112,159.2,15.22016658852813,158.5,3.0
34.78711372345234,10522.0,1007.5200000000001,-0.0783712103034362,27.02556162604603,17.459550777399304,112,159.3,14.378781327997114,158.9,3.0
34.833524539137485,10526.0,1003.0,-0.08033585134998315,26.272603085062514,17.814041818944155,112,159.2,13.576149410125115,159.2,3.0
34.862383517595035,10529.0,1000.24,-0.08379868305954256,25.916020959799248,18.861424783661967,112,159.2,13.56794389141252,159.3,3.0
34.90436840987447,10533.0,996.76,-0.08491256229288234,23.140214338306635,19.22481580649042,112,159.3,13.19145006157093,159.2,3.0
35.03393689270151,10544.0,986.04,-0.08447587187764549,24.168376232491262,19.45058770355832,116,159.4,13.325798508497812,159.2,3.0
35.09767684357917,10549.0,980.8399999999999,-0.08283571539567555,34.965749255834616,18.98722276859383,115,159.5,13.13059221635186,159.3,3.0
35.11977852083198,10551.0,979.1600000000001,-0.08162685155625621,39.78301905504957,19.030039123840492,115,159.7,11.101981977931995,159.4,3.0
35.161873455055954,10555.0,976.0799999999999,-0.0785955871487775,35.69972476791195,19.036889998146165,113,159.9,11.980778879211666,159.5,3.0
35.212638285914146,10559.0,972.1199999999999,-0.07489707972109384,25.83799318949256,18.447872760579326,113,159.8,11.925055469155506,159.7,3.0
35.262313473372984,10563.0,968.1600000000001,-0.07147543018280454,27.28647307060107,19.74052417831113,113,160.0,10.305518122427936,159.9,3.0
35.276823823407,10565.0,967.04,-0.06673943158108267,26.11863006122357,19.826042198442778,113,160.4,11.907765156179812,159.8,3.0
35.321340661977494,10569.0,964.1200000000001,-0.06070932423702805,23.907986205983956,18.87747805553544,112,161.1,13.123637639237558,160.0,3.0
35.33340606504043,10572.0,963.4799999999999,-0.054735079967559754,14.478483675519485,17.062329259856526,112,161.6,12.815839585987025,160.4,3.0
35.343659758606165,10573.0,963.0,-0.052914193512013284,36.91329683666555,16.966085997369774,112,162.0,12.652288802022683,161.1,3.0
35.3497141595334,10574.0,962.68,-0.053232694706294645,21.795843338045398,17.774330973522886,113,162.4,11.258381116616762,161.6,3.0
35.35459543016767,10575.0,962.4,-0.05439316709644911,17.57257428337651,17.167621991901385,115,163.0,12.044756547593972,162.0,0.0
35.36036410888784,10577.0,962.0800000000002,-0.055594257237650144,10.38362169631237,17.932164045112852,116,163.4,12.154116520824486,162.4,0.0
35.36902543550444,10578.0,961.5600000000001,-0.059997357167869525,31.180775819754118,18.055196901820825,116,163.8,13.36734928342836,163.0,0.0
35.37905140229083,10579.0,960.8800000000001,-0.06527285956861457,36.09348043098553,19.07044225212118,116,164.2,13.211632472997389,163.4,0.0
35.38926200839647,10581.0,960.0400000000002,-0.07126171003922481,18.37909099016625,18.41909303784645,115,164.3,13.928088443419549,163.8,0.0
35.400119195321096,10582.0,959.0799999999999,-0.07744982675620414,39.08587292863894,18.77078928472639,115,164.5,12.835994109324426,164.2,0.0
35.44324841905471,10586.0,954.9200000000001,-0.08328016600872168,28.65994659570723,19.240426319433308,115,164.6,11.156220203178684,164.3,0.0
35.46165728261845,10588.0,953.28,-0.08764068711413386,33.135954414720466,20.786668062101278,115,164.9,14.319741624573856,164.5,0.0
35.480512636861356,10590.0,951.68,-0.08987772349085196,33.939637637232,20.843813235726266,116,165.2,14.412665511958746,164.6,0.0
35.49813676622492,10592.0,950.24,-0.08950796386406874,31.72343285441429,19.745973154104682,116,165.6,14.55253698139193,164.9,0.0
35.60084047851018,10600.0,942.0799999999999,-0.08503447026930486,27.83758993965997,20.991649343186833,119,165.8,13.934365621195136,165.2,0.0
35.68547575381962,10606.0,935.04,-0.07998153875449614,35.36284032590485,20.87443752181607,119,166.0,15.09540248223642,165.6,0.0
35.70442802912538,10608.0,933.64,-0.07275876319725111,34.11409555037536,21.418377761580892,117,166.1,13.237817246541098,165.8,0.0
35.764026635633336,10614.0,929.8,-0.06579203119998281,20.561853728520745,21.7186890345537,112,166.1,13.370666320831756,166.0,0.0
35.80181372187051,10617.0,927.5600000000001,-0.058345051420162664,34.26871967159833,21.563034160934485,111,166.0,15.25123836720678,166.1,0.0
35.810986937721395,10618.0,927.1600000000001,-0.0534504542544119,33.02357706318322,20.230857939719748,111,165.8,14.788168564506805,166.1,0.0
35.81973353246969,10619.0,926.8399999999999,-0.05084800701879381,31.487741093858276,19.138718322294388,111,165.5,17.4095110957727,166.0,0.0
35.82848963920054,10620.0,926.4799999999999,-0.05092150190010837,31.521984231066433,17.978333075746775,112,165.2,14.726413586903757,165.8,0.0
35.83570132619323,10621.0,926.2,-0.05141234535943804,25.96207317369446,16.961185866883845,112,165.0,14.75457781451892,165.5,0.0
35.84055881320364,10623.0,925.76,-0.053747511254803516,8.74347661874759,18.10337971206926,112,164.6,13.861250308225404,165.2,0.0
35.8458142109497,10625.0,925.0799999999999,-0.05930794951605482,9.459715942903257,17.281887179822785,112,164.2,14.30995897013238,165.0,0.0
35.85489002235391,10627.0,924.1200000000001,-0.06456945945502737,16.33646052759378,16.299805343578715,112,163.8,13.871114783329238,164.6,0.0
35.870533619068794,10630.0,923.0,-0.06911323669176271,18.77231605785827,15.635342366716165,112,163.6,13.536585502591471,164.2,0.0
35.89175685213429,10632.0,921.6800000000001,-0.07310673696060196,38.201819517899,14.882009317685714,112,163.5,14.189767106000428,163.8,0.0
35.913052788928596,10635.0,920.24,-0.07911226317050277,25.55512415316733,14.782764324465717,113,163.5,11.56982463963194,163.6,0.0
35.93235257934872,10638.0,918.8,-0.08346211719581256,23.159748504155065,15.984531580999256,115,163.5,11.61146818029984,163.5,0.0
35.986935778925314,10642.0,914.4399999999999,-0.0857192045494807,27.09923954032348,17.184698920581273,117,163.6,11.125679898895708,163.5,0.0
36.03621185490195,10646.0,910.4399999999999,-0.08718070096260577,25.90627474355651,18.200170972693094,118,163.8,10.81705183492002,163.5,0.0
36.14757108256384,10655.0,902.24,-0.08797159603549908,29.601010185404995,19.032390365438435,120,163.9,11.034696015921876,163.6,0.0
36.16379786058894,10657.0,900.96,-0.08632728485722287,29.20820044518362,18.49157181915376,119,164.1,10.986980105362102,163.8,0.0
36.23859960633156,10663.0,894.68,-0.08465526823258487,29.475180615896193,19.004934195291785,114,164.4,10.71373962061487,163.9,0.0
36.257375894756834,10665.0,893.0799999999999,-0.08403944950672367,33.79731916548909,19.66743595009505,113,164.8,10.405708175218642,164.1,0.0
36.296988207716346,10668.0,889.72,-0.08515425690310205,33.327871087168546,20.276657996868686,110,165.0,10.696168886090138,164.4,0.0
36.31483416863383,10670.0,888.32,-0.08579211971511372,32.12272965146465,20.677978829810076,110,165.3,10.021051435022494,164.8,0.0
36.35350738009279,10673.0,885.4,-0.08405907194368187,34.16168539069684,20.556366100165523,111,165.9,9.919624509327663,165.0,0.0
36.37176469447759,10675.0,883.9599999999998,-0.07976858040274916,32.86316589263472,21.332758727914385,112,166.5,11.769680654300409,165.3,0.0
36.39127324701013,10677.0,882.4799999999999,-0.07671908375528183,35.115394558575794,21.087661460276895,112,167.2,11.47452823293146,165.9,0.0
36.40806482399608,10679.0,881.1200000000001,-0.07369092762940092,30.22483857469426,20.619184972515875,114,167.7,11.5213914154206,166.5,0.0
36.4220479004399,10681.0,880.0,-0.06843116200573507,25.169537598883615,20.522940034949098,114,168.2,11.220029532023355,167.2,0.0
36.45525002825687,10684.0,877.7199999999999,-0.06495165699321971,37.30514807113726,20.829304704888663,115,168.7,13.246622829204563,167.7,0.0
36.46799783867442,10686.0,877.04,-0.062171939728882374,22.946058751589884,21.037285446858007,115,169.4,12.962334440478177,168.2,0.0
36.49415826324093,10689.0,875.5200000000001,-0.060989272443283185,23.63482087523697,21.434989176896526,115,169.9,13.056293591624184,168.7,0.0
36.54816478463047,10694.0,873.1200000000001,-0.059872303051891396,28.06725497179126,21.27020616298522,116,170.3,13.117526558632395,169.4,0.0
36.5661132099148,10696.0,872.4799999999999,-0.058851892554070785,32.3071655117979,20.938100555820316,116,170.5,13.268580928844184,169.9,0.0
36.58440223230099,10698.0,871.68,-0.05848169117095162,32.920240295137134,20.428324029205545,115,170.4,13.484049585617672,170.3,0.0
36.60369107018232,10700.0,870.5600000000001,-0.05707045486397259,34.71990818639423,20.07519472780853,115,170.3,11.5830758259377,170.5,0.0
36.637822067783574,10703.0,868.0,-0.05450221815029688,29.146757520267943,20.241089350868094,114,170.1,9.688077095940058,170.4,0.0
36.70460118618411,10709.0,862.04,-0.051961062690500506,22.633175015545895,19.44165328659838,114,170.0,9.993386717976009,170.3,0.0
36.750812112008965,10714.0,858.8799999999999,-0.05315933568225747,16.462450885922916,18.542825607818504,112,169.9,10.662409426069123,170.1,0.0
36.785719048545495,10717.0,857.1600000000001,-0.057048316311557004,31.006566431340794,17.321634741458098,113,169.9,8.34743505494355,170.0,0.0
36.792682848496234,10718.0,856.8399999999999,-0.06067664490984208,25.06967982265005,16.911173915458846,113,169.6,9.822648659009444,169.9,0.0
36.79970859350496,10720.0,856.4,-0.06274330796417309,12.646341015700719,16.20291027447589,112,169.3,9.248975609048138,169.9,0.0
36.80855738035577,10722.0,855.8,-0.06319887305731851,15.927816331464822,15.721021573216102,112,169.2,10.7803166211221,169.6,0.0
36.821791872367,10725.0,854.8399999999999,-0.06312198454532597,15.881390413473557,15.58128058821045,113,169.3,10.45126584710557,169.3,0.0
36.852816899240274,10728.0,852.72,-0.06386178734784899,28.063240097776387,16.696252317844134,113,169.4,9.965114672641738,169.2,0.0
36.8994261136144,10732.0,848.5199999999999,-0.06803571417446552,26.538415021116336,16.79767127522979,113,169.5,10.881886908020046,169.3,0.0
36.97255436644725,10738.0,841.8,-0.07171755062589531,24.7732070299004,16.57544568103047,113,169.6,11.590054216276377,169.4,0.0
37.01556832994638,10742.0,838.04,-0.07030548308962438,22.84702554704789,17.945001334155485,114,169.7,11.161433293037394,169.5,0.0
37.06596758072032,10746.0,834.4,-0.06707781788409836,33.66886817793032,19.418759724956526,115,169.8,11.315161533084416,169.6,0.0
37.08430800796543,10748.0,833.32,-0.060730853346912694,33.01276904120543,20.60276889964825,115,169.8,12.090437143028533,169.7,0.0
37.10198343081979,10751.0,832.4,-0.053779091604209885,21.210507425234866,19.45141275038012,114,169.8,10.748855002298749,169.8,0.0
37.13688465146793,10754.0,830.9200000000001,-0.04651178307374059,29.238433939007983,19.29086054130761,114,169.9,12.65450927377348,169.8,0.0
37.14586255173351,10755.0,830.72,-0.03950248948691121,32.32044095608908,20.19403842721293,114,170.1,10.93297565688071,169.8,0.0
37.15359240055898,10756.0,830.5600000000001,-0.03382900434989526,27.827455771687312,21.846599388077625,114,170.2,13.468293201785652,169.9,0.0
37.15904611373921,10758.0,830.4,-0.028712467307278722,9.81668372441322,21.165273898101507,114,170.2,13.626171523623745,170.1,0.0
37.16441261517656,10759.0,830.24,-0.025385693907610807,19.319405174451443,20.751766448973356,114,170.1,13.894312750078337,170.2,0.0
37.17257428172694,10760.0,830.1200000000001,-0.02302255133931971,29.381999581351028,22.179889954131646,114,169.9,13.3549494453585,170.2,0.0
37.18284242233786,10761.0,829.9200000000001,-0.02528514183231346,36.96530619934008,21.378848887087578,114,169.6,14.142687114856518,170.1,0.0
37.19359664891722,10763.0,829.6,-0.027300239459370268,19.357607842845592,20.7778405321839,114,169.2,13.811253341956052,169.9,0.0
37.206358693949035,10765.0,829.04,-0.028536197646666445,22.971681057267944,21.34837225814867,113,168.5,13.451132889616044,169.6,0.0
37.24661975691117,10768.0,827.5600000000001,-0.030034087450985895,35.49052519293029,23.697254794239157,114,167.8,14.983156173613931,169.2,0.0
37.27059440676131,10773.0,826.6800000000001,-0.029408430954007386,17.261747892101592,23.110497839128744,112,166.9,13.226324041707702,168.5,0.0
37.322591433132814,10778.0,824.8800000000001,-0.02900507496354099,23.497187485194637,22.024881259496006,113,165.8,13.969982200123278,167.8,0.0
37.3412729824617,10780.0,824.24,-0.028118770455481834,33.62678879200347,20.452074739166793,113,164.6,12.070886141298612,166.9,0.0
37.36171220070173,10782.0,823.5200000000001,-0.026294569914005795,36.7905928320491,18.987572234905834,114,163.3,12.578867176744398,165.8,0.0
37.430153984173394,10791.0,822.4800000000001,-0.022845776188589326,12.409787197497177,17.029750187871723,119,162.0,12.535809831325402,164.6,0.0
37.44882619980763,10795.0,822.36,-0.02007588408836372,16.80499407080729,14.035325495018123,118,160.7,12.648082321842232,163.3,0.0
37.4640857696136,10798.0,822.24,-0.01931147345320111,18.311483767167513,12.579476200862498,119,159.5,12.336657697147114,162.0,0.0
37.46870397411756,10805.0,822.1600000000001,-0.018960481652788793,2.3750766020380496,10.578010986431662,119,158.3,14.009460778093556,160.7,3.0
37.46896057377837,10813.0,822.1200000000001,-0.03134054144369121,0.11546984736337154,7.704338128710196,116,157.1,14.28713095835441,159.5,3.0
37.46904222573947,10814.0,822.04,-0.04970338221477029,0.29394705997296616,4.534602256236363,117,155.8,13.707425938279062,158.3,3.0
37.46944164533735,10820.0,821.8799999999999,-0.05645333622759456,0.2396517587248681,3.448018385491907,120,154.6,13.835793215442695,157.1,3.0
37.46963030393022,10828.0,821.8,-0.05997403011595278,0.08489636679141366,1.954224341383713,119,153.4,13.374934636867664,155.8,3.0
37.47034626400168,10841.0,821.68,-0.061978640318402736,0.198265865943472,0.3221532335768066,120,152.2,12.901367081442787,154.6,3.0
37.470956680706756,10848.0,821.5600000000001,-0.062210917131590215,0.3139285911821518,0.20000663448735426,120,151.2,14.7419330551141,153.4,3.0
37.47130329667512,10856.0,821.4799999999999,-0.06247643750596562,0.15597718576104055,0.31505301656447915,117,150.3,13.730393232113528,152.2,3.0
37.47142404527888,10858.0,821.4,-0.06408238016789451,0.21734748677669818,0.6574593222082269,114,149.5,13.333385129419211,151.2,3.0
37.47195988036219,10865.0,821.32,-0.06258527741769614,0.27557232855884733,1.1717612574321588,113,148.7,14.704313554185251,150.3,3.0
37.47425767755261,10871.0,821.28,-0.06336795435105211,1.3786783142472658,2.159789532994163,113,148.1,12.455922837643968,149.5,3.0
37.47907495726465,10880.0,821.2400000000001,-0.05367033618793391,1.9269118848162807,3.1727493393872868,114,147.8,12.418401831817569,148.7,1.0
37.48747505830656,10886.0,821.0400000000002,-0.040555084915723544,5.040060625144825,5.524996384250407,112,147.6,11.950470813268277,148.1,1.0
37.49664441970878,10891.0,820.8399999999999,-0.04065068236534261,6.601940209601324,7.414999103999254,112,147.5,11.838699892535107,147.8,1.0
37.51071579550008,10895.0,820.4,-0.04478090979235948,12.66423821217073,9.3162256454467,113,147.5,13.166972640528176,147.6,1.0
37.53975474036886,10900.0,819.1200000000001,-0.05146496252326664,13.541060932339697,11.103329301485525,115,147.9,12.9619309872727,147.5,1.0
37.573209043311834,10903.0,816.96,-0.060683096807065184,32.87681278182296,12.80834296639338,116,148.4,11.123258410241103,147.5,1.0
37.58841346345073,10905.0,815.76,-0.0681923818517092,27.367956250011808,15.177894530918769,115,149.1,11.217684386037204,147.9,1.0
37.60417003438867,10907.0,814.48,-0.07377464931960324,28.361827688297673,16.24542138743309,115,149.9,11.365193863752234,148.4,3.0
37.66183188525507,10912.0,809.2,-0.07969896313917522,27.510313193397973,17.759236321696143,114,150.7,10.020246142367451,149.1,3.0
37.69248349574817,10915.0,806.3599999999999,-0.08233250005637774,27.602115439868715,19.14059177424008,115,151.4,10.148733818070372,149.9,3.0
37.729366641710385,10918.0,802.76,-0.0823826224932028,38.52714069650841,20.99366093432426,115,152.2,10.192696286744791,150.7,3.0
37.76516672990431,10922.0,799.4399999999999,-0.07523519111074382,21.334930507923723,20.11770980346572,114,153.0,9.633258624978511,151.4,3.0
37.905008495048335,10933.0,787.28,-0.06695612484129436,29.25685182062578,21.428640055583735,114,153.9,9.64282478109958,152.2,3.0
37.96269753914274,10937.0,783.2,-0.057653650387001834,32.41098150462272,20.873822508454108,114,154.8,8.488463386752096,153.0,3.0
37.983350769604975,10939.0,782.28,-0.04721352706207579,37.1758148320287,20.78146317300907,114,155.5,8.815682651748986,153.9,3.0
38.017723217825484,10943.0,781.4,-0.03761972087101691,18.343913178101065,20.100196794495645,115,156.1,8.697192596755352,154.8,3.0
38.02822564024249,10944.0,781.4399999999999,-0.030067531546184446,37.808720701219414,19.480431702418265,115,156.7,8.395740448803172,155.5,3.0
38.03674491074707,10946.0,781.5600000000001,-0.02216566346226554,15.334686908243233,22.01673567976878,113,157.2,10.215273709137772,156.1,3.0
38.04187995137441,10947.0,781.68,-0.014207167647987597,18.48614625844884,21.5262481481993,109,157.7,9.559185936415872,156.7,3.0
38.08889355958598,10955.0,781.48,-0.007363985220288213,11.507163264623765,21.239225049435134,107,158.2,9.54216382805954,157.2,3.0
38.1099017467163,10959.0,781.3199999999999,-0.0016614145076564355,18.90736841727969,21.93565207129354,110,158.6,9.64780833766127,157.7,3.0
38.14298690368261,10962.0,781.1600000000001,-0.00020601017920560293,39.70218835958052,24.153639259844542,115,159.0,9.68538482596438,158.2,3.0
38.218423065155385,10973.0,780.8800000000001,-0.0001298330301674376,15.537908276666764,22.720354346135842,118,159.3,9.559302562962216,158.6,3.0
38.25914176671235,10980.0,780.8399999999999,-0.0005790623890486006,20.9410465150087,25.375873358745395,119,159.7,10.479832713348022,159.0,3.0
38.30910475392066,10985.0,780.88,-0.0011821062203902313,35.9733507899861,25.410138295985693,122,160.1,10.395696180144808,159.3,3.0
38.35049225856888,10989.0,780.9200000000001,-0.0005841984412041652,37.24875418339805,25.640153303519604,122,160.6,10.67910551642409,159.7,3.0
38.38990041684459,10997.0,781.0400000000001,0.0003757091779075403,17.7336712240699,26.92062228147621,125,161.1,10.82055658034167,160.1,3.0
38.42309704871508,11000.0,781.1600000000001,0.0014393795942922731,39.835958244587154,26.38492090744221,125,161.6,8.798905468204584,160.6,3.0
38.45170433613603,11006.0,781.22,0.0031010452174391654,17.164372452571005,26.936531010641072,128,162.1,10.927663796288162,161.1,3.0
38.492946642551395,11010.0,781.26,0.0051089271296116704,12.992506396260564,29.19344647312255,133,162.7,11.09759731117252,161.6,3.0
38.501241480984206,11011.0,781.3,0.010151267735864642,29.86141835811236,27.242928602197217,133,163.3,10.447586318356766,162.1,0.0
38.50989753893401,11012.0,781.36,0.017853212041362348,31.161808619305067,28.356607281436972,133,163.8,10.776350530899853,162.7,0.0
38.51989973518371,11014.0,781.5,0.02919604309699548,18.00395324945223,29.233750257749485,132,164.4,10.65974864840678,163.3,0.0
38.52961932199583,11015.0,781.6800000000001,0.04080583569097122,34.99051252364882,26.39922557010392,132,164.9,10.592159436680245,163.8,0.0
38.53970454140087,11018.0,782.12,0.05604122282590187,12.102263286051391,25.488094356362446,132,165.3,10.412561754324017,164.4,0.0
38.54909127396296,11019.0,782.76,0.06863820093678567,33.79223722349754,26.028748136948604,132,165.5,10.2326877010587,164.9,0.0
38.55901103684285,11021.0,783.64,0.07682901102983826,17.855573183800352,22.993760046084084,133,165.5,10.52745024615511,165.3,0.0
38.565642949275855,11024.0,784.4399999999999,0.07635279872818697,7.958294919612555,19.57300147612643,132,165.4,10.661009765354612,165.5,0.0
38.57112251579393,11028.0,785.3199999999999,0.07504812717386802,4.931609866271705,17.49025206322905,132,165.3,8.702681911542722,165.5,0.0
38.57486320501714,11029.0,785.92,0.06359579343774524,13.466481203551082,13.17143909523565,132,165.1,9.218938402671345,165.4,0.0
38.576500511252384,11036.0,786.24,0.04755998781619182,0.842043206698961,11.560853385948874,132,165.0,9.066758855036753,165.3,0.0
38.57660462717999,11041.0,786.24,0.029072392202702323,0.07496346787363992,6.742297371831569,132,165.0,9.460289197784514,165.1,0.0
38.576866744072746,11046.0,786.24,0.017379443238782915,0.18872416278271623,4.093037145487046,132,164.9,10.130380642304791,165.0,0.0
38.57724979294835,11051.0,786.1200000000001,-0.009158835915254352,0.2757951904362853,2.9225636911542066,135,164.8,9.197099637694858,165.0,0.0
38.577539325571344,11057.0,786.04,-0.03324071872008597,0.17371957379621764,2.093565598054149,135,164.7,10.052271553007111,164.9,0.0
38.577854503853736,11066.0,786.0,-0.051992666030305924,0.12607131295621565,0.22257333412141636,135,164.7,9.601646897276057,164.8,0.0
38.5779700417006,11071.0,786.0,-0.065319498790631,0.08318724974593196,0.17132873083286043,132,164.6,9.518995383175367,164.7,0.0
38.57819834505495,11076.0,785.9200000000001,-0.06336506158148167,0.16437841513093643,0.49337074614638965,131,164.5,9.571183064895324,164.7,0.0
38.57847328504314,11088.0,785.84,-0.05269817316822745,0.08248199645709046,0.8703576719823817,129,164.4,9.622447857661784,164.6,0.0
38.57861035913405,11095.0,785.76,-0.03505812216126417,0.07049524675741364,1.2252057889407468,128,164.4,9.721426467628062,164.5,0.0
38.579461825744566,11099.0,785.6800000000001,-0.014929079250420923,0.7663199494636358,1.5947749802299365,127,164.4,10.286265709859933,164.4,0.0
38.58210459084846,11102.0,785.72,0.0056440883856456086,3.1713181246689284,3.761584900552377,126,164.6,9.471622539958677,164.4,0.0
38.58613206717338,11106.0,786.0,0.012300550016055978,3.624728692427497,4.6587363098446755,126,164.8,10.337014186959802,164.4,0.0
38.590247420947634,11111.0,786.28,0.03343159847513817,2.9630547174614765,5.83530216707951,127,165.2,9.703885967694347,164.6,0.0
38.59396977939996,11116.0,786.6800000000001,0.04880670475774511,2.6800980856785963,8.26013832803798,128,165.6,10.652199285067844,164.8,0.0
38.59832075358164,11117.0,787.2,0.06291342883286907,15.663507054022563,9.289891641621455,129,166.1,10.758185381267872,165.2,0.0
38.60421949600745,11121.0,787.6,0.07574166325461189,5.308868183230016,13.830466830984182,130,166.7,10.318095337208884,165.6,0.0
38.61284148924532,11125.0,788.0400000000001,0.08268983151306224,7.759793914078953,15.189879763607061,130,167.4,11.84045668721263,166.1,0.0
38.621736040004365,11127.0,788.5200000000001,0.08118928017025996,16.010191366284285,19.358944472770084,130,168.1,11.781272404751794,166.7,0.0
38.63114410267689,11132.0,789.1200000000001,0.08258150363546021,6.773805124217432,20.4781629261349,130,168.7,11.420032430177308,167.4,0.0
38.63955381187915,11133.0,789.76,0.08178785354087025,30.274953128153204,21.260950273686387,131,169.2,11.081584633810408,168.1,0.0
38.648918066668024,11136.0,790.5200000000001,0.07935858380228662,11.23710574664167,24.060132524199428,131,169.4,11.302011356176935,168.7,0.0
38.657340645726755,11137.0,791.3199999999999,0.07960204280431647,30.3212846114323,24.195035059622516,132,169.5,10.311659117398577,169.2,0.0
38.66570246318328,11140.0,792.12,0.07796587291359747,10.034180947828371,24.542559940849657,133,169.3,10.36937369225939,169.4,0.0
38.67437959708728,11144.0,792.8399999999999,0.07768425725324248,7.80942051360431,27.22382418178545,134,169.1,10.930104205460214,169.5,0.0
38.68368902051946,11145.0,793.4800000000001,0.07652012696983908,33.51392435583228,31.40329737886045,134,168.8,10.767588092984568,169.3,0.0
38.691495361366876,11149.0,794.0800000000002,0.07535491551939293,7.025706762675333,27.62526207239239,136,168.5,10.883260125548532,169.1,0.0
38.6972774977273,11151.0,794.52,0.07505496138724128,10.407845448760188,27.12303396654487,140,168.2,9.804889128942811,168.8,0.0
38.70692118289723,11152.0,795.12,0.07485329371943476,34.71726661176756,25.83049318437535,146,167.9,10.979351767850993,168.5,0.0
38.71683011820421,11153.0,795.76,0.07337574596972259,35.672167105105736,25.633243027129687,148,167.6,10.673386211772012,168.2,0.0
38.72651133385109,11160.0,796.3999999999999,0.072768301816595,4.978910904110931,26.0049177038219,150,167.4,10.491494058124516,167.9,0.0
38.73781902563261,11165.0,797.2,0.07310490218333311,8.141538082691717,22.474796301407686,150,167.3,10.414996337024734,167.6,0.0
38.750232194131776,11167.0,798.04,0.07393523936719995,22.343703298496543,22.955149723689754,151,167.3,10.914171262550102,167.4,0.0
38.75999170845446,11171.0,798.8,0.0763272177063402,8.783562890413474,25.16021892834997,153,167.3,11.120859020324406,167.3,0.0
38.768580145490844,11174.0,799.52,0.07755217563580695,10.306124443662412,20.799118657310892,154,167.4,8.995617695472031,167.3,0.0
38.776683606584314,11177.0,800.2,0.07663710799809753,9.724153312160503,18.151636780070863,155,167.4,9.20410546046337,167.3,0.0
38.78519653006275,11180.0,800.84,0.07666468367672208,10.21550817412009,18.149096581277398,154,167.4,9.931486414732849,167.4,0.0
38.79231215006751,11181.0,801.4000000000001,0.07306579261180404,25.616232017144313,19.08766820715346,154,167.4,9.579128869726222,167.4,0.0
38.79870249811062,11186.0,801.92,0.06914401840092178,4.601050591039609,16.159650574630568,154,167.4,8.44339844933128,167.4,0.0
38.80394560349847,11187.0,802.28,0.05873535641980254,18.875179396257977,16.246276038694102,154,167.4,9.03779510230678,167.4,0.0
38.8093028804215,11190.0,802.66,0.04796011554114914,6.428732307635496,15.37923180362721,154,167.3,9.078931576016364,167.4,0.0
38.81409972811113,11191.0,802.9,0.03926763058997964,17.26865168267126,13.979510693186171,154,167.2,9.18229206334853,167.4,0.0
38.81790437272057,11196.0,803.0999999999999,0.03153737277366607,2.7393441187959326,12.511052103691494,153,167.1,9.817072698736936,167.3,0.0
38.821293795906065,11197.0,803.02,0.02419606649561863,12.201923467788966,8.811227411948481,153,167.1,9.664904692550072,167.2,0.0
38.82428562266596,11199.0,802.9399999999999,0.029059936026020017,5.385288167816544,8.141917091697728,152,167.0,11.114830069101505,167.1,0.0
38.82464753511492,11203.0,802.92,0.04187877893099283,0.3257212040646992,5.612550260923134,152,167.1,10.864101168527537,167.1,0.0
38.82485628748277,11205.0,802.9199999999998,0.035057187603349804,0.37575426212337293,4.849602084963155,151,167.2,10.394353986187594,167.0,0.0
38.825485435995304,11211.0,802.92,0.004503769445820882,0.3774891075210384,2.7559353072423227,148,167.4,11.36373960448552,167.1,0.0
38.826001529342165,11213.0,803.04,-0.017069238435093427,0.9289680243518504,2.4624131447230515,146,167.6,11.398113797322525,167.2,0.0
38.82649976132932,11217.0,803.16,-0.02165383339875342,0.4484087884415362,1.0864659954073645,143,167.7,10.651213838428742,167.4,0.0
38.826722704220884,11218.0,803.16,-0.025984318886968994,0.8025944096158721,0.41997562330888716,143,167.7,11.934586551718,167.6,0.0
38.827079120651455,11221.0,803.04,-0.030293556359616402,0.427699716684445,0.4187302507730381,142,167.5,11.715170978203645,167.7,0.0
38.82746767056556,11223.0,802.92,-0.032933371679348504,0.6993898453892597,0.46114886192161225,143,167.2,10.659432498311492,167.7,0.0
38.827713860796926,11228.0,802.8399999999999,-0.03674202895743895,0.17725696658479992,1.091401247962187,143,166.9,10.754917602547806,167.5,0.0
38.827825913887004,11235.0,802.72,-0.05205436865847278,0.057627303469545234,1.8692320973789016,143,166.6,10.295770209173046,167.2,0.0
38.82934427119376,11242.0,802.6,-0.07231783445453477,0.7808694720484574,2.5896089828601396,143,165.9,10.176233347593913,166.9,0.0
38.83211576612375,11248.0,802.52,-0.07317034607311126,1.6628969579933668,5.053147413439887,143,165.2,11.00750534669046,166.6,0.0
38.836920257415365,11250.0,802.36,-0.047251418169008116,8.648084324912471,7.165712394711465,143,164.2,9.897898890339537,165.9,0.0
38.842528195838014,11252.0,802.1999999999999,-0.02968441252651436,10.094289160764813,10.080062425498571,143,163.2,10.118103820933994,165.2,0.0
38.84959448541756,11255.0,802.08,-0.020599336594780332,8.479547495454522,11.243333960791102,138,162.4,10.240148440910543,164.2,0.0
38.85702785450994,11256.0,802.0,-0.010429607816197067,26.760128732554136,12.37526139853256,135,161.8,9.024097350091262,163.2,0.0
38.869088676334165,11258.0,802.04,-0.002130011421570601,21.709479283614964,13.898703959507307,132,161.4,9.321719794707588,162.4,0.0
38.88534710489537,11260.0,802.16,0.002593403558468697,29.265171410168183,15.134167359320369,133,161.3,9.21711306252719,161.8,0.0
38.90404653694001,11266.0,802.4,0.008777814667094186,11.21965922678471,15.980071053684114,134,161.2,10.338329574840325,161.4,3.0
38.921666277181544,11272.0,802.72,0.013294342629104413,10.571844144920313,15.17516897675777,134,161.2,8.964824755123361,161.3,3.0
38.93766609031582,11276.0,803.04,0.015656412551167738,14.399831820853024,14.435956677837737,133,161.5,10.458372335578408,161.2,3.0
38.947846131165925,11279.0,803.24,0.015331426768211814,12.21604902011978,11.934263267120587,133,161.9,9.330181866468568,161.2,3.0
38.95181315554623,11280.0,803.44,0.010979443485145752,14.281287769113254,9.873859024700263,133,162.6,9.474603516713572,161.5,3.0
38.95254160355992,11285.0,803.5600000000001,0.0036648114161683524,0.5244825698580761,6.967932758889683,130,163.2,10.189146757128274,161.9,0.0
38.95270040748345,11288.0,803.6,-0.001432777170439413,0.19056470822922417,5.848633785410551,127,163.7,10.083873255740707,162.6,0.0
38.953015583731954,11292.0,803.5600000000001,-0.006611571846043824,0.2836586236584377,5.044869358159352,124,164.1,10.413039518923515,163.2,0.0
38.953272482513384,11293.0,803.4799999999999,-0.009715176310159026,0.9248356131385216,3.630914910645013,124,164.5,10.755574305141696,163.7,0.0
38.953833964655644,11296.0,803.4,-0.010568152809560333,0.6737785707130788,2.8489089663469827,124,164.7,10.726589472427786,164.1,0.0
38.954679192884264,11301.0,803.36,-0.008013573074096282,0.6085643246045851,1.9624525768802183,122,164.8,9.362746931575684,164.5,0.0
38.955636628154636,11302.0,803.32,-0.004781018067112845,3.446766973344441,2.988664917410775,122,164.7,10.183113231917256,164.7,0.0
38.95775289914634,11307.0,803.3199999999999,0.00020774174635415087,1.523715114028973,3.7363413991456524,122,164.6,9.24717812744018,164.8,0.0
38.960589572479165,11309.0,803.3599999999999,0.008333198491685767,5.106011999075739,5.703537368687838,123,164.4,10.96097330282626,164.7,0.0
38.96510799311262,11312.0,803.5600000000001,0.019401200344280934,5.422104760140716,6.623548936267331,126,164.1,10.559713140637012,164.6,0.0
38.970162296325675,11314.0,803.8,0.03219435558097315,9.09774578350726,7.479004444823486,129,163.9,9.610071074482017,164.4,0.0
38.97701750370224,11318.0,804.1200000000001,0.040928443812333674,6.16968663890823,11.479402080685086,130,163.7,11.57949555462533,164.1,0.0
38.985519441347265,11320.0,804.5600000000001,0.050242632224222414,15.303487761034907,12.650258078491621,131,163.5,11.143202283011426,163.9,0.0
38.99383768917183,11324.0,805.04,0.056264535909028614,7.486423042111693,15.794784013481722,133,163.3,11.883094695329357,163.7,0.0
39.00198114153732,11329.0,805.5200000000001,0.06263171333265986,5.863285703150384,16.34916185651792,133,163.1,11.412753715065774,163.5,0.0
39.010054358079486,11330.0,805.9599999999999,0.06399770209506292,29.06357955178208,19.526835189102716,133,163.1,11.70983499726702,163.3,0.0
39.01896457499887,11333.0,806.52,0.06535534981059601,10.692260303262616,19.39981395862835,128,163.3,11.233756116606584,163.1,0.0
39.025498904708556,11334.0,807.0,0.06480027544595532,23.523586954887275,22.157704069644794,126,163.4,10.77548209742548,163.1,0.0
39.0342609989977,11338.0,807.5999999999999,0.06365450537510327,7.885884860228472,24.03460818133756,126,163.4,9.741008833144932,163.3,0.0
39.041958497311064,11339.0,808.0799999999999,0.06073255399604168,27.710993928093608,23.959918418233695,127,163.3,9.804385516568107,163.4,0.0
39.0496611118949,11343.0,808.5600000000001,0.060924525684156995,6.932353125451548,24.95256339770185,130,163.1,9.647403261477503,163.4,0.0
39.05672651685227,11344.0,808.9599999999999,0.0624814464530145,25.43545784654423,25.40308817373748,131,163.0,8.179399660764792,163.3,0.0
39.064489663495706,11345.0,809.4,0.0624065181795949,27.94732791635998,24.923293466778542,133,162.9,9.582252418534225,163.1,0.0
39.07007266809503,11348.0,809.72,0.06305136336733207,6.699605519186036,22.88315652895593,136,162.8,8.244406759303802,163.0,0.0
39.07766270541115,11350.0,810.24,0.06428553917583764,13.662067169019286,24.1300630093726,137,162.6,8.33679281807186,162.9,0.0
39.08662858880613,11351.0,810.8,0.06408198124059176,32.27718022193358,23.839370522702218,137,162.3,8.385363211423808,162.8,0.0
39.094798019807634,11355.0,811.32,0.06331118812004725,7.352487901356078,23.645891748832007,138,162.0,8.697525500464256,162.6,0.0
39.10236032237563,11358.0,811.8,0.06241473819020377,9.074763081601098,22.343626510562114,140,161.7,8.672937118876156,162.3,0.0
39.11178745412362,11360.0,812.4,0.06202878788641275,16.968837146377115,20.341244413293303,145,161.5,8.32284960670497,162.0,0.0
39.11885704304055,11361.0,812.8,0.061868543087886585,25.450520100942597,21.10130666724924,148,161.4,8.5177642107017,161.7,3.0
39.12427510824994,11365.0,813.16,0.06196059264684829,4.876258688451561,20.885666335119108,150,161.3,8.461871450538444,161.5,3.0
39.128725629039785,11366.0,813.4399999999999,0.06267265947445626,16.02187484343451,18.74150532317649,150,161.0,8.333827562637008,161.4,3.0
39.13242462768708,11367.0,813.8,0.06503528086175059,13.316395130270603,18.756518775763062,150,160.8,7.239291579919083,161.3,3.0
39.13572431227294,11368.0,814.08,0.06794843212653597,11.878864509107277,18.9476592402468,150,160.6,7.075185384294485,161.0,3.0
39.14227644364361,11370.0,814.56,0.06982426763943546,11.793836467200382,19.21465112520152,150,160.5,7.666935103489753,160.8,3.0
39.151334967942354,11372.0,815.12,0.07167708084364058,16.305343737735456,16.640093271114516,151,160.4,7.457376198986019,160.6,3.0
39.1612648064561,11377.0,815.76,0.07197300860768023,7.1494837298983445,16.843065722590303,151,160.3,6.867606560230676,160.5,3.0
39.17230624702314,11381.0,816.4,0.07274096122441863,9.937296510331958,15.323966426315033,152,160.3,8.621777464095747,160.4,3.0
39.1823815303702,11383.0,817.08,0.07040762930788481,18.135510024711024,13.480319728136084,152,160.3,8.13363332999175,160.3,3.0
39.18890617199377,11387.0,817.5600000000001,0.06640453689883927,5.872177461215679,11.805770251688502,152,160.3,8.485319169183649,160.3,3.0
39.19285763334105,11389.0,817.88,0.05776791315571965,7.1126304250961,10.213781544941368,152,160.2,8.868902145553024,160.3,3.0
39.195532170947935,11391.0,818.1200000000001,0.05210271675840641,4.814167692388454,8.084410064785736,150,160.2,8.66469453741935,160.3,3.0
39.19592966550187,11399.0,818.24,0.045554017488218454,0.17887254927223095,7.1501771928917375,149,160.1,8.556200948997539,160.2,3.0
39.19613527599683,11405.0,818.24,0.03884816211288914,0.12336629697534973,5.82417673669603,146,160.1,8.731043369611115,160.2,3.0
39.19681416717907,11408.0,818.2,0.030468992182244574,0.814669418683548,3.3910398008857876,143,160.1,8.60474974676467,160.1,3.0
39.198438196688834,11411.0,818.24,0.024412114606214737,1.9488354117132585,2.663105372513024,143,160.1,8.47868080940265,160.1,3.0
39.200189106784215,11418.0,818.28,0.018544616308601974,0.9004680490516063,2.2550149010896474,144,159.9,9.077263711884594,160.1,3.0
39.20198568512987,11424.0,818.32,0.016298644187168237,1.0779470073933244,2.579184092643708,144,159.6,7.520147227535415,160.1,3.0
39.204153953976544,11429.0,818.3599999999999,0.018492070311573534,1.561153569606555,4.306371578741932,143,159.3,7.779550946039359,159.9,3.0
39.20607950343599,11433.0,818.4,0.027509726416579096,1.7329945134988058,5.063037537690091,146,159.1,7.940774787031512,159.6,3.0
39.20722997203269,11434.0,818.4,0.03937673608899709,4.141686948147197,5.748562701206611,146,159.2,7.673514022929318,159.3,3.0
39.20944983866454,11435.0,818.4799999999999,0.04755989996549667,7.991519874642989,6.778365840720108,144,159.4,9.288209243870412,159.1,3.0
39.213107059203566,11436.0,818.6400000000001,0.05441494884044577,13.165993940491438,8.773829735555491,147,159.6,9.061434776341258,159.2,3.0
39.21731386420466,11439.0,818.92,0.05931946083406288,5.048166001316445,9.174951715079018,146,159.8,9.587302287018108,159.4,3.0
39.22154245221564,11442.0,819.24,0.06145292508885799,5.074305613170956,9.970967510012555,144,160.1,9.09447221108439,159.6,3.0
39.22651605659495,11444.0,819.6,0.06632831125092017,8.952487882763997,10.966985568419219,141,160.3,9.255261831139542,159.8,3.0
39.23051319638053,11445.0,819.96,0.0729599551225495,14.38970322807511,11.370495333100136,141,160.5,9.327270727597174,160.1,3.0
39.2330358822919,11448.0,820.28,0.07855707410650593,3.027223093651384,11.371331651907228,142,160.8,9.16516281625972,160.3,3.0
39.23605880319577,11450.0,820.4799999999999,0.08468281121458812,5.441257626954129,11.74450589672408,142,161.1,9.460436224531769,160.5,3.0
39.24032491680743,11452.0,820.8,0.08895011624111557,7.679004500995563,11.927539510679509,142,161.3,8.751981129149824,160.8,3.0
39.24458145001685,11455.0,821.1199999999999,0.09232845884589894,5.107839851307004,12.134233957993866,142,161.4,9.994417345674474,161.1,3.0
39.25058857558628,11459.0,821.5200000000001,0.09470344957328576,5.406413012482877,12.034648749997498,142,161.4,8.150244655332486,161.3,3.0
39.257928941446394,11461.0,822.04,0.09347992311687069,13.212658548211833,10.68890649514827,142,161.4,10.64251566840949,161.4,3.0
39.264622545868896,11465.0,822.64,0.0906153056621665,6.024243980251389,10.366832191857089,142,161.3,10.033983988127089,161.4,3.0
39.269795948059844,11468.0,823.24,0.09262547567954568,6.208082629137418,9.68200494169935,143,161.2,9.982545537372916,161.4,3.0
39.27387385276711,11470.0,823.8,0.09055944472300673,7.340228473082721,9.119886053206015,144,161.2,11.28419271625418,161.3,3.0
39.276118949283045,11472.0,824.1600000000001,0.0912980812457334,4.041173728677228,8.729218072579396,146,161.4,10.869059120108025,161.2,3.0
39.278199732909115,11479.0,824.36,0.09273751791771336,1.0701172934070715,8.749867203088982,145,161.6,11.265785057604308,161.2,3.0
39.280807652842746,11485.0,824.6,0.09086321623293622,1.5647519601782387,7.622407538142727,144,161.7,10.961491838939184,161.4,3.0
39.28377838960646,11488.0,824.7599999999999,0.08674327739316956,3.5648841164588894,7.443500866206252,143,161.7,11.377484001689869,161.6,3.0
39.287363996581895,11492.0,825.0,0.08137639807224821,3.2270462778889533,6.915450171927311,143,161.6,10.374185477663842,161.7,3.0
39.29128911903072,11494.0,825.32,0.0765324569660734,7.0652204078852145,6.580064168043224,143,161.4,10.469080060855552,161.7,3.0
39.29501017698451,11496.0,825.64,0.07730584982867553,6.697904316826392,7.715146375130376,143,161.1,8.613867066689172,161.6,3.0
39.29867919107072,11499.0,825.96,0.08204358497139028,4.402816903449983,8.433558335475462,143,160.8,8.670249950216995,161.4,3.0
39.30235915965542,11504.0,826.24,0.08163445949842803,2.6495773809841534,8.657745595825059,143,160.4,9.23235046160272,161.1,3.0
39.30624359401346,11507.0,826.5199999999999,0.0833472369931099,4.661321229650361,8.622992214596932,143,159.9,8.065036863585565,160.8,3.0
39.30970498746503,11508.0,826.8399999999999,0.08086957402169107,12.461016425666939,10.030993197008028,143,159.2,8.426859404330902,160.4,3.0
39.31311508715626,11510.0,827.2,0.07846202808810696,6.138179444213382,10.76661517033861,143,158.5,7.859950284769228,159.9,3.0
39.31562795145656,11513.0,827.4399999999999,0.07664909498219327,3.0154371603574495,10.892707814142108,142,157.9,9.520607712849127,159.2,3.0
39.318589511851094,11516.0,827.72,0.07805519908118025,3.553872473439011,11.134718660705234,145,157.5,9.231160054369102,158.5,3.0
39.32219188445038,11517.0,827.96,0.08192280138810178,12.968541357451597,15.832964361020487,147,157.2,9.16073926380567,157.9,3.0
39.328588346444874,11519.0,828.36,0.08555120933950475,11.513631590086911,16.580390111985476,149,156.9,9.637681566401938,157.5,3.0
39.33459355680233,11522.0,828.8,0.08690943904058859,7.206252428946027,16.032960256368888,149,156.8,9.08869831715526,157.2,3.0
39.34235526439253,11527.0,829.4399999999999,0.08752937055686225,5.588429464940479,19.033016775597005,150,156.7,10.919613721416662,156.9,3.0
39.35141265786578,11528.0,830.2,0.09018540183933547,32.606616503685,19.590733692836217,150,156.6,10.2725686015829,156.8,3.0
39.35973218888877,11531.0,830.96,0.08956510676540691,9.98343722758818,21.253292693027316,150,156.9,10.25024082318049,156.7,3.0
39.36673795988788,11534.0,831.68,0.09170175157205221,8.406925198930393,21.000272039100153,151,157.4,10.380716704481284,156.6,3.0
39.37365735827695,11535.0,832.4,0.08877766052446456,24.909834200659954,23.203218477927383,151,157.9,11.11633550273766,156.9,3.0
39.37944582792967,11538.0,833.04,0.08485247988661046,6.946163583262508,22.942029487472887,153,158.4,9.597143125857366,157.4,3.0
39.383703639233445,11539.0,833.4799999999999,0.0765158513074862,15.328120693591133,23.066688234835123,157,158.8,9.76068672216418,157.9,3.0
39.390462474245794,11541.0,834.04,0.06683185410491718,12.16590302222477,20.62286327602825,160,159.2,10.607156942094022,158.4,3.0
39.39868449331921,11542.0,834.4400000000002,0.05682814123558998,29.599268664287287,22.491032697497495,160,159.9,10.07255442932099,158.8,3.0
39.4079949373238,11547.0,834.8,0.047819437010147535,6.703519683305443,23.075996687422176,160,160.5,9.991359698358952,159.2,3.0
39.41834130002103,11551.0,835.04,0.038746900504050094,9.311726427507054,20.2717120256684,160,161.1,9.267862097222988,159.9,3.0
39.431079624570096,11553.0,835.32,0.032098756965094774,22.928984188327412,20.481092513631587,159,161.8,8.915083850500531,160.5,3.0
39.447564384737845,11555.0,835.5600000000001,0.027918263157171785,29.672568301945187,19.310589734264294,158,162.1,8.2738709419951,161.1,3.0
39.461733418214685,11558.0,835.8,0.023262567057611275,17.00284017220912,19.181459394972848,156,162.0,7.10285494882457,161.8,0.0
39.48106404211928,11565.0,836.0,0.021443807484983896,9.941463722360814,16.542508215001114,157,161.8,6.267800118263475,162.1,0.0
39.52757978637059,11573.0,836.72,0.020921799331121843,11.460926784573758,17.26374729435098,157,161.3,5.609268092776837,162.0,0.0
39.546553466234904,11580.0,837.0,0.023109075245376566,9.757892501649806,18.159106993543844,156,160.5,4.890036808603119,161.8,0.0
39.58088510728969,11585.0,837.68,0.025980024351442067,13.864144028611166,17.107860505193162,153,159.8,3.3778078830029896,161.3,3.0
39.604987932590596,11590.0,838.4399999999999,0.029149102644193736,11.53871768751932,14.505283725559167,149,158.6,2.8809985070880293,160.5,3.0
39.61611569591725,11593.0,838.8799999999999,0.032023989803426176,13.353315991983365,17.207490095897718,149,157.2,2.412629519633056,159.8,3.0
39.63025621391042,11596.0,839.4399999999999,0.034518452295018404,16.968621591805118,20.84353133588736,148,155.5,0.7925275989705256,158.6,3.0
39.64182111770765,11599.0,840.04,0.034740704337741866,13.877884556675776,20.652668095460708,149,153.4,0.736404266781243,157.2,3.0
39.65152666672928,11604.0,840.6,0.03509883657028517,6.987995295574425,22.4513591531783,148,151.1,0.7230369854621579,155.5,3.0
39.662233266392164,11605.0,841.1200000000001,0.03435842178984894,38.54375878637467,22.75378568498521,148,149.1,0.7117916891070741,153.4,3.0
39.673199476346646,11606.0,841.5600000000001,0.03479884877633076,39.47835583612447,22.564136342501218,148,146.8,0.473102319113986,151.1,3.0
39.68322358477469,11610.0,841.8399999999999,0.035792595900900726,9.0216975852391,22.085012955746684,150,144.6,0.4333058627268956,149.1,3.0
39.69665504712127,11612.0,842.0799999999999,0.03436275471198422,24.176632223843043,22.324072327516674,154,142.4,0.4641932842391308,146.8,4.0
39.71001544626654,11615.0,842.28,0.03140269401787337,16.03247897432613,22.244810619039807,157,140.3,0.4371352735000255,144.6,4.0
39.72411510043573,11620.0,842.68,0.024682359598808663,10.151751001820017,22.963299207242233,156,138.2,0.4372716190631341,142.4,4.0
39.75219652371573,11626.0,843.68,0.017263216813797968,10.069579701394733,20.64740590275286,154,136.0,0.4578498076555097,140.3,4.0
39.76428374191622,11628.0,844.0799999999999,0.008537670204604511,21.756992760883946,16.903187307038973,154,134.0,0.475322404718964,138.2,4.0
39.77747894115857,11631.0,844.36,0.0008242080477400743,15.834239090814085,17.524043071878566,155,132.5,0.4233187461771662,136.0,4.0
39.79095347579547,11634.0,844.1200000000001,-0.00650639032878522,16.169441564275633,17.627423552804544,154,131.4,0.4060930649387758,134.0,4.0
39.8046118786494,11636.0,843.76,-0.011275863482611975,24.585125137078993,17.687235755357925,154,130.0,0.3943281678392453,132.5,4.0
39.816916438827285,11640.0,843.2,-0.017439219363160622,11.074104160092991,18.30421337032865,154,128.7,0.411457704078823,131.4,4.0
39.82775468622478,11642.0,842.64,-0.023972976675151515,19.50884531548724,19.16869421178568,153,127.5,0.4160130598051029,130.0,4.0
39.83746115981412,11643.0,842.1200000000001,-0.02762855995312056,34.94330492163082,18.863750402460205,153,126.6,0.3894011544992081,128.7,4.0
39.84384805917558,11644.0,841.8399999999999,-0.029764340050722603,22.992837701258296,18.246968581659566,153,125.6,0.4105335932580987,127.5,4.0
39.84949843039541,11645.0,841.6,-0.024974973901858464,20.341336391395853,17.50281303424369,149,125.1,0.4283849511439771,126.6,4.0
39.85551428590632,11646.0,841.4399999999999,-0.01747109029749213,21.657079839267222,15.844846741166894,148,124.6,0.4167469426120384,125.6,4.0
39.86125484387215,11647.0,841.4,-0.00849917116958275,20.666008677017068,15.012074199372284,148,124.2,0.3982476328576897,125.1,4.0
39.866755494228336,11649.0,841.4,-0.0030789995734628677,9.90117064113521,13.332153457184912,146,123.7,0.8036569988598113,124.6,4.0
39.871286864930305,11651.0,841.5200000000001,0.0002356450590327991,8.156467263549592,10.344113245331538,143,123.5,2.049620715125873,124.2,4.0
39.875023149150834,11653.0,841.6800000000001,-0.005024064048061835,6.7253115969488695,8.414755749074223,143,123.8,3.637854355040466,123.7,4.0
39.87718910565137,11657.0,841.8,-0.013942565229638843,1.9493608504825626,6.647942021106806,140,124.8,4.476220827138339,123.5,4.0
39.87810538395284,11665.0,841.8,-0.029877799278452973,0.41232523566251594,4.687378450346708,139,126.1,5.119745217862341,123.8,4.0
39.878752030731725,11673.0,841.76,-0.055003949185675104,0.2909910504960792,2.7265101947086925,136,127.7,5.703706001715938,124.8,4.0
39.879425809845564,11678.0,841.64,-0.0754588352648842,0.48512096196213644,1.7684020033725971,133,129.2,6.796472211529664,126.1,4.0
39.87995602171345,11687.0,841.5200000000001,-0.11353652811108636,0.21208474715422745,0.9640295535586642,134,130.6,7.525224511427313,127.7,4.0
39.88041262849261,11694.0,841.4,-0.160817625513755,0.23482634356906498,0.35854951181782296,132,132.3,9.4232906899629,129.2,4.0
39.88078821438935,11699.0,841.28,-0.21037516337787596,0.2704218456516772,0.1894103393307225,129,134.2,9.986334372221844,130.6,4.0
39.88104796185587,11703.0,841.2,-0.2607490438994611,0.23377271986770393,0.1668423690488241,128,136.3,10.731527538319789,132.3,4.0
39.881365773568135,11712.0,841.0800000000002,-0.3145722053660846,0.1271246849066038,0.15308111458207493,125,138.3,10.878723176825392,134.2,4.0
39.88161380449562,11714.0,840.96,-0.33631057700999845,0.446455669483001,0.129509619159545,123,140.2,9.897235985432918,136.3,4.0
39.88184210788418,11731.0,840.8399999999999,-0.33589923022544144,0.048346599930795785,0.15090901743639407,122,141.8,9.713094664267258,138.3,4.0
39.88201642993423,11737.0,840.7199999999999,-0.3092406924512059,0.10459323003052749,0.16220531107592853,125,143.3,9.642707231149242,140.2,4.0
39.882163885879244,11747.0,840.6,-0.30227553877038993,0.05308414020513431,0.15494764540564104,126,144.5,11.338476397709709,141.8,1.0
39.882230602928075,11755.0,840.5200000000001,-0.2950947788151925,0.030022671972741128,0.15669289982126605,123,145.7,10.827234568217415,143.3,1.0
39.88258658342952,11758.0,840.4799999999999,-0.2685124540579001,0.4271766017331905,0.1779901749148141,119,146.9,12.005995836507356,144.5,1.0
39.882794815426735,11760.0,840.5200000000001,-0.23157497411092573,0.37481759498901024,0.23857760632246242,116,148.1,12.597374721166307,145.7,1.0
39.88293602149354,11764.0,840.4,-0.19122345535753224,0.1270854601277603,0.7430349457257368,115,149.1,12.44791384238072,146.9,1.0
39.88370273491311,11770.0,840.28,-0.14173931851879223,0.46002805173950656,1.4788654402303938,113,149.8,12.283443116334311,148.1,1.0
39.88484563693324,11776.0,840.1600000000001,-0.08788982027474578,0.6857412120809633,2.2224242335244404,114,150.2,12.556453369804531,149.1,3.0
39.886347005637845,11779.0,840.04,-0.06049508591679167,1.8016424455222155,3.2962663708335014,114,150.6,12.81889351580234,149.8,3.0
39.88821672942199,11780.0,839.8799999999999,-0.05135172846210813,6.731005622923287,4.463273029317059,114,151.3,12.946281469382608,150.2,3.0
39.891056573057696,11781.0,839.8399999999999,-0.0585212938850055,10.223437088543117,6.26199542849297,114,152.0,13.493921778027255,150.6,3.0
39.896134989728175,11783.0,839.72,-0.03680914328415074,9.141150006860425,7.378608169754263,115,152.8,11.788139568155689,151.3,3.0
39.90275596751772,11785.0,839.5199999999999,-0.018717655376415166,11.917760021178374,8.295479990139926,115,153.5,13.09483683810456,152.0,3.0
39.91296951481951,11788.0,839.3199999999999,-0.00432055946067575,12.25625676214352,9.249832690380517,114,154.1,11.716733862653449,152.8,3.0
39.927751583056775,11791.0,839.4399999999999,0.004632895239925237,17.738481884720127,11.177618938675824,114,154.7,11.05264249216714,153.5,3.0
39.942299617201016,11796.0,839.72,0.012736714286686535,10.474584583851591,12.82123016715388,114,155.3,11.112365961296408,154.1,3.0
39.95670427582876,11802.0,840.2,0.014453448226959667,8.642795176647837,14.732221586524286,115,156.0,12.36428936135103,154.7,3.0
39.97999641901205,11807.0,841.4,0.015604434719443694,9.083829418742129,15.517652513634346,118,156.6,11.449967077504771,155.3,3.0
39.98518630437136,11808.0,841.72,0.016092007276261235,18.683587293504814,15.138642781832857,125,157.2,11.17653687869894,156.0,3.0
39.9906961728116,11809.0,842.0,0.015259567381363234,19.835526384882062,15.703122247704567,131,157.4,12.871996566372449,156.6,3.0
39.997696256946284,11810.0,842.0799999999999,0.009781733846532081,25.200302884840323,15.953860695669885,135,157.6,12.184305424629128,157.2,3.0
40.00606283351752,11812.0,842.0,0.0033765303021925943,15.05983782821489,17.909119263108504,137,157.7,12.826891686382927,157.4,3.0
40.015961763815554,11817.0,841.8,-0.0040078882920527754,7.127229814588007,18.037262370838835,137,157.9,12.459713922258846,157.6,3.0
40.02642288933734,11819.0,841.5200000000001,-0.012251635686137144,18.83002593921026,19.92389574627805,137,158.2,12.387908710926409,157.7,3.0
40.03903594423918,11821.0,841.1200000000001,-0.017024010875985162,22.703498823310913,19.825614976973334,136,158.4,11.02340973627712,157.9,3.0
40.048610296209205,11822.0,840.76,-0.020849833058034836,34.46766709208071,18.51212941458556,136,158.6,11.787335063628737,158.2,3.0
40.058709450406624,11825.0,840.4799999999999,-0.024198687882510783,12.118985036905013,16.955994196493265,133,158.8,10.21075468717486,158.4,3.0
40.06794201104057,11826.0,840.2,-0.02667747285191797,33.237218282201994,17.80967917992667,132,159.1,9.978896594899073,158.6,3.0
40.080504768574805,11828.0,840.0,-0.028251776855270676,22.61296356162344,18.385232820215492,132,159.3,12.071787682355538,158.8,3.0
40.10677058629205,11834.0,839.8,-0.030020817853000564,9.889066074474453,18.823263132343712,131,159.5,10.074244853404304,159.1,3.0
40.12101441483907,11838.0,839.4800000000001,-0.02804733482500906,12.819445692313169,17.821692580576972,130,159.6,10.1666559554809,159.3,3.0
40.136056980466485,11840.0,839.04,-0.023131473720179065,27.076618129356174,15.822171450473698,130,159.7,9.9940705425326,159.5,3.0
40.147692465097016,11843.0,838.5200000000001,-0.017000800954307085,13.962581556635383,16.232869690888542,130,159.8,9.26308025540622,159.6,3.0
40.16047895659777,11845.0,837.8399999999999,-0.008333518897427533,23.015684701353607,15.560780254969197,127,159.8,9.360120741075011,159.7,3.0
40.190082562693426,11851.0,836.96,0.003161184757012604,10.49905911442441,14.87541577466239,125,159.9,11.071986112406524,159.8,3.0
40.20383999567433,11856.0,837.1200000000001,0.015657308447606964,9.905351746250368,15.453524079610855,126,159.9,10.193186610170924,159.8,3.0
40.2178000776825,11860.0,837.4800000000001,0.02978966682377778,12.56407380735322,14.866262887175827,126,159.7,10.645097501601237,159.9,3.0
40.22757412606511,11862.0,838.04,0.042408368209233105,17.593287088695497,12.779558282864922,126,159.5,10.865801390461831,159.9,3.0
40.2327278792041,11864.0,838.8,0.0574719860535612,9.27675565018939,11.527100568990246,127,159.3,8.690438626442354,159.7,3.0
40.235450433156466,11865.0,839.5200000000001,0.07125082300785049,9.801194228531386,9.345838642864297,127,159.1,10.649790467297295,159.5,3.0
40.23707796715825,11867.0,840.0800000000002,0.08077247981257471,2.929561203207012,8.337446699041584,127,158.9,10.53267979757356,159.3,3.0
40.23755884493469,11868.0,840.4,0.07937431861863743,1.7311599951928585,7.2637208632408745,127,158.6,9.926409708532494,159.1,3.0
40.23779834710445,11875.0,840.64,0.07235003655195663,0.12317254445040977,5.846919263605231,126,158.3,11.415131954890828,158.9,3.0
40.238065676076296,11883.0,840.76,0.05983648126958992,0.12029803733103277,3.9680684467454683,129,157.8,11.43079470731711,158.6,3.0
40.238314792020304,11885.0,840.8399999999999,0.038382853061623166,0.448408699216539,2.95856656355316,130,157.2,11.694587083068663,158.3,3.0
40.23836195601149,11890.0,840.8399999999999,0.017885662658456612,0.03395807365093888,1.770575650857586,133,156.9,11.772890423227942,157.8,3.0
40.23915767666454,11895.0,840.8,-0.0022806986955710637,0.5729188701959202,1.9141902217142281,133,156.8,11.10441311880839,157.2,3.0
40.241170304762576,11897.0,840.72,-0.014135453118928453,3.622730576465818,2.0001533559895543,134,156.8,11.930800943086592,156.9,3.0
40.24368876360661,11900.0,840.5600000000001,-0.026404205779134354,3.0221506128425597,2.0756133372671126,135,156.8,12.936911208523114,156.8,3.0
40.24627816326384,11903.0,840.4,-0.036947337567837156,3.1072795886742415,2.6186613581400078,135,156.8,10.853809859575446,156.8,3.0
40.248636435589795,11904.0,840.2,-0.047324018424918436,8.489780373455575,3.072401744880146,136,156.9,10.967919921861789,156.8,3.0
40.25029347778443,11905.0,840.1200000000001,-0.05279784711007557,5.965351900705477,3.355404432036097,136,157.1,12.032002455851778,156.8,3.0
40.25156265252264,11908.0,840.0799999999999,-0.056216968708890556,1.5230096858436069,4.459219716162586,136,157.2,10.45798776594705,156.9,3.0
40.255864843520044,11910.0,840.0,-0.05963521976502184,7.743943795339139,5.444964710759093,134,157.7,10.415817652124304,157.1,3.0
40.26169056296933,11913.0,839.8399999999999,-0.05721071436954152,6.9908633391400485,7.3074719033464675,135,158.3,10.711119910190591,157.2,3.0
40.269306231295545,11919.0,839.5200000000001,-0.056630888188334796,4.569400995730996,8.284770060118475,136,158.6,10.67866153765957,157.7,3.0
40.27793485916554,11921.0,839.0799999999999,-0.053969523288115016,15.531530165986759,9.723793812498872,136,158.8,10.72231008106249,158.3,3.0
40.287759876444056,11923.0,838.4,-0.0556393824625423,17.68503110132708,10.040162160322268,136,159.0,11.690261763721113,158.6,3.0
40.29567057434184,11924.0,837.7199999999999,-0.05580719567746215,28.47851243202379,11.334190044634898,136,159.2,10.716122099246745,158.8,3.0
40.304738158708616,11926.0,837.1200000000001,-0.05582407600233358,16.321651860200095,10.87911938410307,136,159.4,11.87828962815283,159.0,3.0
40.31259189737698,11927.0,836.72,-0.055412407539773376,28.273459206109774,10.484602656248592,134,159.6,11.705449957109831,159.2,3.0
40.320394168040494,11930.0,836.4399999999999,-0.052958615219348214,9.362724796213035,10.5658183306499,130,159.8,11.73142910578105,159.4,3.0
40.32547758870752,11931.0,836.36,-0.050797353330633885,18.300314401309716,10.824476237891982,129,160.1,12.866021196969175,159.6,3.0
40.327213926012185,11935.0,836.24,-0.04685156226688965,1.5627035741977393,10.759950588906818,127,160.2,12.681208033300043,159.8,3.0
40.329550401892426,11940.0,836.04,-0.04251286025736921,1.6822626337716418,10.037887193365803,126,160.1,10.500476230888015,160.1,3.0
40.33510882246006,11944.0,835.8,-0.037648458512541116,5.0025785108673935,10.199738942383561,127,160.1,10.988299436189388,160.2,3.0
40.344637785841684,11946.0,835.4,-0.03489220330584401,17.152134086927315,9.446196360496407,130,160.1,11.119056991339852,160.1,3.0
40.356963917494106,11949.0,834.8799999999999,-0.03169198642270596,14.791357982904852,10.829784584683575,131,160.0,9.360089010903335,160.1,3.0
40.37068000831126,11952.0,834.4,-0.03177431630775933,16.459308980590063,11.111577166886647,131,159.9,9.319473245346536,160.1,3.0
40.38420740047098,11955.0,834.0,-0.03129561547735316,16.232870591661758,12.84341769590566,130,159.9,9.613087438288662,160.0,3.0
40.397364136660535,11958.0,833.6,-0.02982196791446335,15.788083427470061,14.100317429995755,127,159.7,9.713328771683994,159.9,3.0
40.42422143511281,11961.0,833.1200000000001,-0.027500940476102215,24.2349371177756,16.87013162431745,125,159.5,10.226647684276092,159.9,3.0
40.440050287269855,11964.0,832.9199999999998,-0.023465316322484046,18.994622588451737,16.594522038919095,123,159.3,8.915581286653943,159.7,3.0
40.45701007736544,11967.0,832.72,-0.01870357623758117,20.351748114702843,16.824291377859563,122,159.2,11.17380453190547,159.5,3.0
40.477719082735504,11972.0,832.5200000000001,-0.014803254669994464,14.910483866449413,16.64966436817502,122,159.3,11.092120694011076,159.3,3.0
40.496305941156365,11974.0,832.4,-0.01179549811679979,33.456345157549826,16.327454411047174,121,159.5,10.773596933486466,159.2,3.0
40.5130094052921,11979.0,832.28,-0.00934467889281767,12.026494177730227,18.335630231075008,120,159.7,13.367672632399223,159.3,3.0
40.569035764121914,11985.0,831.8,-0.008289744192333741,15.42538174000819,17.425518724024563,122,159.9,13.103743673548214,159.5,3.0
40.58647834105113,11990.0,831.6,-0.006852836137849272,12.5586553890348,19.13512390756826,124,160.1,13.231021530794871,159.7,3.0
40.658460257824046,11999.0,830.8399999999999,-0.005180556611072545,10.767738541809775,19.232111075836578,129,160.1,12.027629766353764,159.9,3.0
40.71440103201353,12004.0,830.5200000000001,-0.0038456922664080948,34.211118129436656,19.6834965538187,129,160.3,12.150219484571483,160.1,3.0
40.73433205937528,12010.0,830.5200000000001,-0.003004928250482322,11.958616417051568,18.64650260343525,126,160.5,11.588950062983846,160.1,3.0
40.753384709440724,12012.0,830.5599999999998,-0.002605335448102401,34.294770117810984,20.62173968050542,125,160.8,11.81233378072687,160.3,3.0
40.83463080533606,12022.0,830.96,-0.00333517269241259,19.706079300226676,20.38728935917888,125,160.9,9.6435202972754,160.5,3.0
40.87108838524413,12029.0,831.0,-0.004763253480344583,18.749612524150248,22.647838038370857,126,161.0,11.339231685386716,160.8,3.0
40.907582142808174,12035.0,831.04,-0.007616750710773547,21.896254538428693,22.870520459948033,127,161.0,11.15653273210754,160.9,3.0
40.944225393428674,12039.0,830.96,-0.010303890477203429,32.97892555844696,22.774678132544295,124,161.0,10.103053299971467,161.0,3.0
40.9957333088436,12047.0,830.32,-0.01194639733553034,13.233767245298113,23.822946264493034,123,160.8,10.1686335445039,161.0,3.0
41.01650887662783,12049.0,829.7599999999999,-0.013735619642243005,37.396022011615536,21.92934729278584,123,160.6,10.317986689982655,161.0,3.0
41.047279551880834,12053.0,828.4399999999999,-0.015612784521057143,13.821019105822147,22.946728052928655,124,160.6,11.155050968628547,160.8,3.0
41.057209467000774,12054.0,827.8800000000001,-0.017249569863256747,35.74769443179496,22.436072081531943,123,160.7,11.087122128428197,160.6,3.0
41.096333881352585,12058.0,826.8799999999999,-0.01892617322820251,24.660577290343248,22.656739758964175,122,160.8,10.094294072503288,160.6,3.0
41.11017256155403,12061.0,826.64,-0.020204443541713763,16.606416241736703,22.591010883097045,121,160.8,10.915672230357238,160.7,3.0
41.16262698796692,12065.0,825.96,-0.018745193237073313,32.69626450028907,23.227169890348563,121,160.9,12.04632450975188,160.8,3.0
41.18264159695257,12070.0,825.72,-0.01662558858570975,14.4105184696721,22.88286761667532,119,161.0,10.288265162751271,160.8,3.0
41.203586604012855,12073.0,825.4799999999999,-0.014601263893184002,25.1340084723445,24.56805399755716,117,161.1,10.404671416318688,160.9,3.0
41.22193400611499,12075.0,825.2400000000001,-0.01447297492042426,33.02532378385219,23.020825504939978,117,161.3,9.819762904180063,161.0,3.0
41.23341848522588,12077.0,825.2,-0.017809648599206813,20.672062399606236,23.165099665691834,116,161.6,10.0465854222953,161.1,3.0
41.243211135318894,12078.0,825.1600000000001,-0.022080970772348406,35.253540334838874,24.065285586677057,116,162.0,10.007745042251406,161.3,3.0
41.25270112875298,12079.0,824.96,-0.02667447324460274,34.16397636270993,24.30248318956897,115,162.3,9.637262455475016,161.6,3.0
41.2638631353244,12081.0,824.4799999999999,-0.02990678667989135,20.09161182855005,26.169229543963972,114,162.3,9.760092983348208,162.0,0.0
41.29304143539138,12084.0,823.1200000000001,-0.03237448601899594,28.253252057126478,25.54986604747512,113,162.2,10.806906572515045,162.3,0.0
41.30899995157647,12086.0,822.1600000000001,-0.033966655720646215,28.725329133158354,25.810932074652488,114,162.0,9.829460331107686,162.3,0.0
41.330503194450856,12088.0,821.1200000000001,-0.03556897474720781,38.70583717390516,25.985477764445978,115,162.1,8.816624446938375,162.2,0.0
41.35193042142414,12090.0,820.28,-0.03529975776802026,38.56900855191936,25.501150721936114,114,162.6,10.049595195621489,162.0,0.0
41.37456956418238,12094.0,819.5600000000001,-0.03305123433646723,20.375228482415547,23.920341866727345,114,163.2,10.425630919854283,162.1,0.0
41.39598393092956,12096.0,819.0,-0.02778473560660253,38.545860144922955,26.052233497458936,113,163.6,9.420277788753314,162.6,0.0
41.4150071866154,12099.0,818.6800000000001,-0.019690741969340574,22.827906823005364,25.670865248815808,111,164.1,9.886230156577048,163.2,0.0
41.43040676561062,12101.0,818.6800000000001,-0.0088450714718046,27.71924219140152,26.56552692549556,111,164.5,10.299242515430882,163.6,0.0
41.45491163649393,12105.0,818.88,0.004692039391199495,13.395685022406191,26.941163660368126,110,164.8,9.94687289001624,164.1,0.0
41.46455816080759,12106.0,819.1200000000001,0.018674057083606876,34.72748752917123,25.187608136642215,111,165.0,10.565881199346537,164.5,0.0
41.473762652313894,12108.0,819.4399999999999,0.03418724109396657,16.56808471134977,24.98396371251275,112,165.2,9.61439973575104,164.8,0.0
41.48079667784569,12109.0,819.8799999999999,0.04922524331758197,25.322491914461843,24.799818247918168,112,165.6,9.915703246438763,165.0,0.0
41.48796157316761,12110.0,820.4799999999999,0.062000142980436136,25.79362315892003,24.7360577677329,113,165.6,9.94500831209626,165.2,0.0
41.49336852320853,12112.0,821.1600000000001,0.07438399744703114,9.732510073654936,24.178525068301557,113,165.2,9.5953938348478,165.6,0.0
41.49871882696045,12114.0,821.96,0.0864128935645271,9.630546753452032,23.941749300653818,114,164.6,9.344231615794488,165.6,0.0
41.50406958502491,12115.0,822.76,0.09562232586579952,19.262729032059976,21.665101208158262,114,164.1,9.888870309426718,165.2,0.0
41.51058399917201,12117.0,823.4800000000001,0.10480649924854661,11.725945464783543,22.095435511016866,115,163.5,9.147532290997926,164.6,0.0
41.51722157333823,12119.0,824.2800000000001,0.11124364237222832,11.947633499200263,20.494022950150235,115,162.8,10.185869063124628,164.1,0.0
41.52441257219262,12123.0,825.0799999999999,0.11284566640148877,6.471898968946685,18.24772817552582,116,162.2,9.916420158362737,163.5,0.0
41.53187412731462,12126.0,825.76,0.11132517381992875,8.953866146408362,19.093468839002295,117,161.8,10.709717028259456,162.8,0.0
41.53976203828868,12128.0,826.4799999999999,0.10589629525171587,14.198239753301472,19.46579391285775,117,161.3,10.578419352764602,162.2,0.0
41.54539692021432,12130.0,827.1200000000001,0.09996200948443387,10.142787466156966,18.043024086981987,119,160.8,11.378896179757902,161.8,0.0
41.549924015117845,12132.0,827.6,0.09485631253409003,8.148770826338119,17.756019828148407,125,160.3,11.391630075071449,161.3,3.0
41.55392249216317,12133.0,828.0,0.08974960696597177,14.394517363163091,17.17699189445585,130,159.8,11.812908372341374,160.8,3.0
41.557260236124606,12134.0,828.32,0.08654266358287503,12.015878261185202,20.423145326527898,136,159.4,12.0711928519027,160.3,3.0
41.560320960148296,12135.0,828.64,0.08545117900120422,11.018606485279944,19.785466786676228,139,159.0,11.441544296998886,159.8,3.0
41.56341575304598,12136.0,828.9599999999998,0.08230127869028213,11.14125443167147,18.356513900781653,142,158.7,12.117915250721172,159.4,3.0
41.56893719404926,12138.0,829.4,0.08074418941065845,9.93859380590405,19.589278420819987,145,158.6,10.881979954995517,159.0,3.0
41.577028938885995,12139.0,830.04,0.07937262823532017,29.13028141224743,20.03486337934549,147,158.4,11.005931608065506,158.7,3.0
41.58565593300121,12144.0,830.76,0.07721093001182892,6.211435762958349,18.953711061863274,149,158.3,9.529699125489204,158.6,3.0
41.59490122167842,12149.0,831.4799999999999,0.07675096829594504,6.6566078475889965,18.978856035360007,152,158.5,10.72279055043637,158.4,3.0
41.605860160164276,12151.0,832.32,0.07554147712815608,19.726089274539508,18.94430473911651,152,158.6,9.72976446928234,158.3,3.0
41.615875495598324,12154.0,833.04,0.07430653209551939,12.018402520856204,18.32646548539939,153,158.9,9.786147798686528,158.5,3.0
41.62494124423389,12158.0,833.6,0.07364432325105719,8.159173772010472,17.971382937996687,154,159.2,10.573231244850314,158.6,3.0
41.63595662027335,12161.0,834.2,0.06949855916134406,13.218451247349854,14.499168374934703,154,159.5,10.21927377305442,158.9,3.0
41.64585710064577,12164.0,834.72,0.06565261384966746,11.880576446909332,14.615619455184131,156,159.9,11.757783676331366,159.2,3.0
41.656753947644056,12169.0,835.24,0.06158541055717824,7.845729838767455,14.622676850627503,156,160.4,11.128116509432587,159.5,3.0
41.683756395391235,12176.0,836.64,0.055416945359474404,8.599846248724731,13.881579332968851,156,160.8,11.156700138896849,159.9,3.0
41.69534954926473,12182.0,837.2800000000001,0.05127722493430172,6.9558923241011055,13.722225052391519,155,161.4,11.269655038780424,160.4,3.0
41.708722883327816,12188.0,838.0,0.049465420900575055,8.024000437847993,15.072399239929434,155,161.9,11.676129313068524,160.8,3.0
41.73076693736409,12194.0,839.24,0.04906555618057081,7.690628532362114,16.279466590927306,153,162.4,10.855233856937875,161.4,3.0
41.74008354479724,12196.0,839.68,0.04913049344849672,16.769893379662268,15.96840264686494,153,163.0,11.32543603346426,161.9,0.0
41.750383604113296,12199.0,840.1200000000001,0.049613984815138096,12.360071179273039,16.39055804242858,153,163.5,11.326788213141269,162.4,0.0
41.7613555794919,12201.0,840.6,0.04801236535942486,19.74955568148174,17.005328634131875,153,164.0,10.07407644706224,163.0,0.0
41.77482042304861,12203.0,841.28,0.046790385131741295,24.236718402078083,17.817709010931715,153,164.5,10.244216817107723,163.5,0.0
41.78990705529469,12208.0,841.9200000000001,0.042596460809640954,10.862375217178705,17.803835557618928,154,164.9,9.991105414050978,164.0,0.0
41.8068621230864,12213.0,842.6,0.03936173043029229,12.20764881002647,18.93449365749965,154,165.1,10.131058797775848,164.5,0.0
41.8229716277937,12217.0,843.28,0.03700026493038013,14.498554236571804,18.704830167791137,155,165.3,9.780928597363111,164.9,0.0
41.83894290136033,12221.0,843.8799999999999,0.03408001558601192,14.37414620997004,18.01390062186926,155,165.3,11.050970825165106,165.1,0.0
41.865365982438476,12227.0,844.5600000000001,0.03097368565236854,8.710092524801922,17.79795830767262,154,165.2,10.871680933654398,165.3,0.0
41.87572218722325,12229.0,844.8,0.024611312331239702,18.641168612597724,16.31521465910229,155,165.0,11.728252937357354,165.3,0.0
41.89859682274374,12232.0,845.2,0.01707784995503781,17.72694044022217,16.55098205257688,155,164.7,11.291036321778083,165.2,0.0
41.90826191973739,12236.0,845.28,0.009274603898494068,8.69858729428517,16.134799681744795,153,164.4,12.069090664650954,165.0,0.0
41.93280081401029,12239.0,845.4799999999999,-0.0003989228590433505,23.33527664633873,17.853929788124297,150,163.8,11.345314560513364,164.7,0.0
41.946956534408145,12242.0,845.3399999999999,-0.00869056075403354,16.98686447742289,17.31247540951069,147,163.2,13.204398916047657,164.4,0.0
41.96128311664492,12245.0,845.0200000000001,-0.013569608311380797,17.191898684131317,18.999031528945338,144,162.5,12.793711354955429,163.8,0.0
41.97464853338268,12249.0,844.7,-0.018409290013129225,12.028875063981772,19.589248779436208,146,161.7,12.644692656795533,163.2,0.0
41.998481616173635,12251.0,843.74,-0.022457136799474135,39.37037922518857,18.799319778160132,146,160.5,13.168641354592136,162.5,0.0
42.00604848124316,12253.0,843.32,-0.02604021219034492,13.620357125152854,20.186955307167203,146,159.1,12.74928769363092,161.7,3.0
42.014909523826816,12254.0,843.04,-0.029688475426198263,31.899753301161937,20.518963739685823,145,157.8,15.140201376544749,160.5,3.0
42.02384439525029,12255.0,842.7599999999999,-0.03101999205328305,32.165537124514245,21.130145602988314,142,156.2,13.962277455319564,159.1,3.0
42.03141981780761,12257.0,842.5200000000001,-0.030783964520721387,13.635760603171226,20.596035353110324,138,154.3,14.273760093340636,157.8,3.0
42.03898802419658,12258.0,842.28,-0.030962741110428505,27.245543000286734,21.921276806128066,135,152.2,15.35229140248589,156.2,3.0
42.047648802767476,12259.0,842.04,-0.029154279406320364,31.17880285523753,21.276391680459415,135,150.2,15.48888627265347,154.3,3.0
42.054849455061785,12260.0,841.8399999999999,-0.027531201505407988,25.9223482594981,21.382817356941267,135,148.0,13.769509745515697,152.2,3.0
42.0616880855748,12262.0,841.64,-0.02698524024962661,12.309534923433366,19.92864412968241,135,146.2,13.395528398670516,150.2,3.0
42.06948011812054,12263.0,841.4,-0.027632581448030734,28.051317164664244,20.415148746673722,134,144.7,14.631602550986184,148.0,1.0
42.07865563482632,12264.0,841.1600000000001,-0.027809365148425004,33.03186014081524,22.196515911841836,134,143.2,14.409739441839983,146.2,1.0
42.08695598654018,12266.0,840.96,-0.027200240621334016,14.940633084960384,20.804581242912207,133,141.7,15.11148661632449,144.7,1.0
42.09516566393792,12268.0,840.76,-0.029301383549979403,14.77741931592246,19.845045744796,132,140.1,14.236898231793372,143.2,1.0
42.105756193109585,12269.0,840.4,-0.031993483411850474,38.12590501800106,19.091641224114603,132,138.8,14.900356089452488,141.7,1.0
42.11557883127332,12270.0,840.0799999999999,-0.03427976286673011,35.361497389440615,20.118247166246945,132,137.8,15.746093546467051,140.1,1.0
42.124743937104704,12273.0,839.8,-0.034791152822227174,10.998126997660401,19.5008085679447,131,137.1,15.104481275455097,138.8,1.0
42.17074860044908,12278.0,837.8799999999999,-0.03335408844820088,20.39343005678819,19.3645972348441,130,136.5,15.474364434737826,137.8,1.0
42.19016786431855,12282.0,837.0799999999999,-0.03078906998748221,17.477337482527634,19.220511698907693,127,136.3,15.580288605432466,137.1,1.0
42.21048089811332,12285.0,836.32,-0.028319265131754305,24.375640553714113,20.14668963685723,123,135.8,16.63296489376991,136.5,1.0
42.22755382652355,12288.0,835.76,-0.024189158537615413,20.487514092278506,17.955908586734683,120,135.5,16.789181069540998,136.3,1.0
42.24434230525548,12290.0,835.5199999999999,-0.02049426982804077,30.21926171747677,16.65549178157951,121,135.4,16.900889945581262,135.8,1.0
42.27463119319427,12295.0,835.5200000000001,-0.017139699786742714,12.56227640998721,19.474690972077013,115,135.5,15.990376396054568,135.5,1.0
42.28746978964897,12297.0,835.5600000000001,-0.010221518107870094,23.109473618477754,20.734225481733386,111,135.5,16.17871737673219,135.4,1.0
42.34255679776809,12305.0,835.68,-0.0031458763316808288,10.301707791047273,20.821080171542995,112,135.3,15.917412178602614,135.5,1.0
42.36036877981952,12309.0,835.8,0.0035587518067944344,16.030783846281395,20.167252120415647,112,135.0,14.880118361078743,135.5,4.0
42.380094353537054,12311.0,835.96,0.009102225793486159,35.50603269155995,22.73123588359946,112,134.7,15.45994800042892,135.3,1.0
42.395472611204895,12313.0,836.24,0.012467957700678628,27.680863802115525,22.50606763477034,112,134.8,16.519257793500326,135.0,1.0
42.407528950710244,12316.0,836.5199999999999,0.014591764436641657,14.4676074064162,22.783723384658565,112,134.9,16.907820280098008,134.7,1.0
42.41841469429504,12319.0,836.8,0.017557711916170744,13.062892301753314,22.55481158309512,113,135.0,15.60992921747098,134.8,1.0
42.42929029703858,12320.0,837.1200000000001,0.0200402371459448,39.15216987675028,23.262134470958557,114,134.8,17.506559482992238,134.9,1.0
42.453267827194686,12323.0,837.8,0.02172896933349807,22.052534558253406,22.996955299801236,115,134.8,17.108656007155197,135.0,1.0
42.47074159120231,12328.0,838.2,0.02284772305533921,12.58111008549198,22.082611642456193,116,134.8,17.48210649568223,134.8,1.0
42.49478529183263,12333.0,838.76,0.022892111208766386,17.311464453825067,22.55575509773207,116,135.1,16.276858219910743,134.8,1.0
42.520288404888774,12339.0,839.28,0.021803854034565147,15.301867833688288,25.289626908994727,116,135.7,16.166355477041915,134.8,1.0
42.54410844876548,12346.0,839.72,0.02070761079052014,12.250308279448623,26.913851914577624,119,136.5,16.551217425821378,135.1,1.0
42.56520690716032,12349.0,840.1200000000001,0.019745881385248597,25.318150073804183,23.624088201301944,119,137.2,15.270921794374257,135.7,1.0
42.58247625648853,12351.0,840.4799999999999,0.018511985122285555,31.08482879079649,22.990025568809365,120,137.6,13.81705327820146,136.5,4.0
42.59333623216866,12352.0,840.64,0.01765537013664693,39.0959124484497,24.960780233319266,120,137.9,14.206126588528525,137.2,1.0
42.60892098757526,12354.0,840.8,0.016144922020334317,28.05255973187846,24.373390536971527,120,138.3,14.563501367692234,137.6,1.0
42.645993664662946,12362.0,841.1600000000001,0.014824970450992458,9.881866447259583,24.32994912750413,121,138.8,11.306739691957322,137.9,4.0
42.66507526256393,12366.0,841.2800000000001,0.01319259545830917,17.173438110887478,26.374384255054878,118,139.4,11.681633801720135,138.3,4.0
42.705195427236454,12370.0,841.72,0.0121019127745508,31.78551881844721,27.211355045736116,118,140.2,10.248226243678731,138.8,4.0
42.719489544081476,12374.0,841.9800000000001,0.01164432399020482,12.864705160522343,27.391215650983632,119,140.8,9.002321317896945,139.4,4.0
42.73253461982093,12377.0,842.22,0.012736177175820646,15.654090887348158,24.740481647065046,123,141.1,8.33516419687737,140.2,4.0
42.75333521752266,12379.0,842.54,0.013995176831778328,31.656483984666636,23.111841857558385,136,141.2,7.179606016638343,140.8,4.0
42.7627202075972,12380.0,842.7,0.014452462300530294,33.78596426833448,23.49847072220731,136,141.0,6.160265500245787,141.1,4.0
42.771986190228816,12381.0,842.9200000000001,0.014855179847202974,33.35753747381463,24.04495335318989,140,140.7,5.652547144240765,141.2,4.0
42.789007129684215,12385.0,843.24,0.013580190761929813,15.31884550985752,22.244476248357394,141,140.0,3.880169309165319,141.0,4.0
42.838110248224744,12393.0,843.9200000000001,0.01137445855405914,13.460529297748309,23.285140672106248,143,139.2,2.9498083967073234,140.7,4.0
42.861185113390185,12399.0,844.2,0.009448255891421032,13.844919099262878,23.224505354793603,143,138.3,2.3618784743101493,140.0,4.0
42.886575721560426,12403.0,844.4,0.008334490942549792,22.85154735321645,22.21233966991549,141,137.5,1.327724624709896,139.2,4.0
42.91686608541563,12407.0,844.5200000000001,0.008179405247120405,15.23552095395456,20.003849864395143,138,136.5,0.987863522481778,138.3,4.0
42.94131186967898,12410.0,844.4,0.009530455037128531,22.896460369544087,17.146948818177435,137,135.9,0.9299187812733626,137.5,4.0
42.954097711015216,12413.0,844.36,0.009612367928068955,15.34300960348658,17.575202186267536,136,135.5,0.8113192481250918,136.5,4.0
42.96676876900191,12415.0,844.32,0.009542692646286313,22.80790437604436,18.98977435081726,136,135.1,0.703282645990663,135.9,4.0
42.97816190275373,12418.0,844.4399999999999,0.010074326878643857,13.671760502187452,21.22446663184063,133,134.9,0.538530981786232,135.5,4.0
43.02140572535575,12427.0,845.4399999999999,0.010373161808142215,7.1542204156055575,20.16641218398909,133,134.8,0.3786478021578615,135.1,4.0
43.05261192224218,12431.0,846.1600000000001,0.012069301384891715,19.456106652236855,20.91849413486593,134,134.7,0.3831122174478319,134.9,4.0
43.06727982067066,12433.0,846.5199999999999,0.013919069070184564,26.40221717127462,19.88551404064061,134,134.4,0.2322181610151519,134.8,4.0
43.086165958344026,12435.0,846.9200000000001,0.015314683609368291,33.99504781205905,19.791114717140616,134,133.9,0.2121095196781175,134.7,4.0
43.10310958965122,12440.0,847.2,0.01637496998034412,12.199414541180747,19.549677111932436,136,133.6,0.2399302953811314,134.4,4.0
43.127001726874596,12444.0,847.6,0.016064913743631483,21.50292350103992,21.14669947038072,139,133.7,0.3323254758659705,133.9,4.0
43.181240523830894,12452.0,848.3199999999999,0.014233135366928506,12.758714143429367,21.42587252802393,141,133.8,0.4504908133093828,133.6,4.0
43.20485740657168,12458.0,848.5600000000001,0.013215903273494648,14.170129644475157,21.269313160161335,142,134.3,0.4706585675768079,133.7,4.0
43.246488519188894,12462.0,849.0,0.011959238226475797,20.2503035669009,19.826154902932593,147,134.7,0.484821652672482,133.8,4.0
43.26242028284277,12464.0,849.1200000000001,0.01085115087518032,28.677174576973485,18.578611821575116,147,134.9,0.4896435962680809,134.3,4.0
43.297459323200485,12471.0,849.4799999999999,0.010433926110148258,9.790813679306757,19.651828621050363,147,135.1,0.4873988762252607,134.7,4.0
43.31263884977693,12474.0,849.64,0.009740292070613114,18.215431891735722,18.55860289795269,146,135.5,0.4604151387143482,134.9,4.0
43.36814601184727,12481.0,850.1600000000001,0.009667908562080923,13.313114202757008,20.157402298220944,146,135.8,0.4412082892806849,135.1,4.0
43.38749489135753,12484.0,850.32,0.009504287022410896,23.218655412302482,22.10256064341529,146,135.8,0.4495851973566343,135.5,4.0
43.40652383189802,12487.0,850.4799999999999,0.00964724605013252,22.834728648590907,22.269536560795434,146,135.0,0.4867254497235206,135.8,4.0
43.42298175039999,12492.0,850.68,0.010081045068097332,11.849701321418701,20.483275492690403,142,133.6,2.7235148876610618,135.8,4.0
43.45413680256226,12495.0,851.1200000000001,0.009973944135701043,28.203686643297303,21.53844148398906,140,132.3,4.703600244636048,135.0,4.0
43.47240187738916,12497.0,851.3199999999999,0.009826492475738873,32.87713468842076,21.296879625685825,140,130.9,8.442348196541431,133.6,4.0
43.49078051305108,12500.0,851.5200000000001,0.009932972703270121,22.054362794300406,21.83160606261535,140,129.8,9.610382666524432,132.3,4.0
43.51397882096872,12507.0,851.76,0.009276166702749722,11.930558357642331,20.959621994587714,141,129.0,13.07902245715496,130.9,4.0
43.57678356667677,12514.0,852.24,0.008527552473588976,19.96850666560226,21.675319473747088,142,128.3,16.027216861363335,129.8,2.0
43.60810530291529,12521.0,852.4399999999999,0.00759504366717041,16.10832149409985,21.470156479564395,143,127.6,18.38770076114,129.0,2.0
43.6392485164601,12527.0,852.64,0.006686820285782985,18.685928126884967,20.07280015611141,143,127.1,20.897488506190538,128.3,2.0
43.66428893874788,12533.0,852.72,0.008394054753718502,15.024253372667866,20.453297579104344,142,126.4,23.322638194884373,127.6,2.0
43.70249221075171,12536.0,852.9,0.012877282267158766,29.119544043003636,22.026300830970314,136,126.1,25.755605269351484,127.1,2.0
43.71031941227502,12539.0,852.9399999999999,0.020052007797705097,9.392641827976,21.820515771173685,135,126.2,25.36572786211529,126.4,2.0
43.71784873435648,12541.0,852.9799999999999,0.02858266889401114,13.552779746626577,20.58659028212255,135,126.0,26.87214289512091,126.1,2.0
43.72655180274884,12542.0,853.24,0.038662390107871744,31.331046212490165,20.1535004480373,135,125.9,26.79991739846603,126.2,2.0
43.73496821115673,12543.0,853.72,0.0478260232519042,30.299070268423893,23.01176423059274,135,125.6,28.092066810253545,126.0,2.0
43.74369063729466,12547.0,854.4,0.055134743294164165,7.850183524133095,22.66391760521467,136,125.1,27.933950726856484,125.9,2.0
43.75226064447779,12552.0,855.1600000000001,0.06295826632497295,6.170405171855861,20.782463111815765,135,124.2,27.91639169638686,125.6,2.0
43.761819368508895,12556.0,856.04,0.07134716846320113,8.60285162798953,23.89372024221148,137,123.6,29.07531156700383,125.1,2.0
43.77068028695672,12557.0,856.8399999999999,0.07918021709902312,31.899306412153663,23.434935280827524,138,123.1,30.454201277708503,124.2,2.0
43.77726977526946,12560.0,857.4399999999999,0.08534388870217678,7.907385975288067,20.955396605780926,139,123.3,29.93958529895433,123.6,2.0
43.78374798685159,12563.0,858.0799999999999,0.09163347124942309,7.773853898552108,19.741971246644717,141,123.5,31.2875003640948,123.1,2.0
43.79096361487569,12564.0,858.76,0.0923910105574507,25.97626088679142,19.794223601864207,143,123.6,33.301259100464776,123.3,2.0
43.79758673942839,12568.0,859.4,0.09265423538674293,5.960812097429412,19.891709196704323,146,123.5,32.16885554939485,123.5,2.0
43.80474685088406,12571.0,860.0800000000002,0.09123793815091934,8.592133746800098,23.34155960772007,147,123.1,31.004569009472696,123.6,2.0
43.814211516086,12573.0,860.96,0.08922916250543002,17.03639736349492,19.545958782168967,148,122.6,30.8189345478476,123.5,2.0
43.821996293624764,12577.0,861.64,0.08845141648905562,7.006299784890112,20.284259238821154,149,123.2,28.61413628515445,123.1,2.0
43.83043342464372,12582.0,862.4,0.08846972412984969,6.074734333647557,21.635998193618907,151,124.9,27.446127297378688,122.6,2.0
43.83883386737011,12583.0,863.1600000000001,0.08592772785178573,30.241593815008198,18.48307629570466,151,126.7,25.177165273612108,123.2,2.0
43.846026716221665,12587.0,863.8399999999999,0.0848702575621458,6.473563966398192,18.540690381523657,151,128.5,22.571564128812597,124.9,2.0
43.85313277568811,12589.0,864.4799999999999,0.08344535442952442,12.790907039605013,18.290157217869282,151,130.3,21.51559568767197,126.7,2.0
43.86277959129554,12591.0,865.28,0.0776627639239422,17.364268093376566,16.526587807805036,153,132.1,19.44397783579582,128.5,2.0
43.87099872514238,12596.0,865.9200000000001,0.07556531161310322,5.917776369723544,17.03844401345332,156,133.9,16.404256012805547,130.3,2.0
43.882331643231865,12601.0,866.72,0.07077961865331273,8.159701024428983,17.146990142131163,159,135.7,15.765705735312432,132.1,2.0
43.913041618251334,12609.0,868.5600000000001,0.06505333641119711,7.960586962290355,14.324401389079435,160,137.4,15.63721237674742,133.9,4.0
43.92619818578768,12617.0,869.32,0.06204768032565453,5.920455391357596,14.722105850619064,160,139.2,14.360566472225006,135.7,4.0
43.94264290040455,12622.0,870.24,0.05902772866884728,11.840194524143431,15.770916617898745,160,140.2,13.9689126957397,137.4,1.0
43.970273753349815,12629.0,871.68,0.055533147616608367,7.94295872065139,14.41726841242703,159,140.3,13.496244543767034,139.2,1.0
43.98201634540487,12632.0,872.2,0.05411441949357902,14.091110466064684,15.296574065898309,159,140.2,13.7271734248059,140.2,1.0
43.996771738843066,12637.0,872.8799999999999,0.05213862011458705,10.623883275496928,15.588786578398475,159,140.2,13.181612504583942,140.3,1.0
44.00971532721032,12639.0,873.4,0.04864562285406507,23.298459061065834,15.804100068334176,159,140.3,14.32954156403478,140.2,1.0
44.023097610021296,12644.0,874.0,0.047456105108745136,9.635243623899845,16.78437950562568,158,140.4,14.57915166258516,140.2,1.0
44.03551019063937,12647.0,874.6,0.04437852010914832,14.895096741689585,16.82075136073832,158,140.8,14.583903844710466,140.3,1.0
44.048542291779576,12651.0,875.2400000000001,0.04262755055621229,11.728891026181644,16.932198530071396,158,142.0,15.232750979152806,140.4,1.0
44.06037710491518,12655.0,875.72,0.04226959881553364,10.651331822044444,19.717560801612507,157,143.3,14.230717749414172,140.8,1.0
44.07307431832304,12658.0,876.28,0.041967266859454275,15.23665608942428,19.98543332787751,157,144.7,14.367389234993274,142.0,1.0
44.08406814644133,12661.0,876.72,0.042104645135623606,13.192593741955276,18.51243291813071,157,145.9,15.352909847321474,143.3,1.0
44.09445581847413,12665.0,877.0799999999999,0.043088510930767224,9.348904829518483,18.55570971797607,153,146.9,16.342574108654325,144.7,1.0
44.104728095010685,12666.0,877.4799999999999,0.0435923455829444,36.98019553160314,18.609521912868814,153,147.7,16.45615731289471,145.9,1.0
44.11573647365662,12669.0,878.04,0.04379309636488129,13.210054375120043,18.087762005993334,153,148.3,16.71969860738661,146.9,1.0
44.12585661741057,12672.0,878.5199999999999,0.04470288113397895,12.144172504745903,18.12174843525013,152,148.8,18.552084298024607,147.7,1.0
44.13999045981076,12677.0,879.2,0.043494725511675915,10.17636652814005,18.9010770938577,152,149.3,18.18564779309761,148.3,1.0
44.15275728163127,12680.0,879.8399999999999,0.044383938707206805,15.320186184606701,18.403148613421802,153,149.4,19.29745715581648,148.8,1.0
44.16728464193023,12687.0,880.5199999999999,0.04508015691762453,7.4712138680364575,19.99259662769509,153,148.8,19.030474824974764,149.3,1.0
44.19485116152851,12693.0,881.68,0.04634753151291921,10.696935152355659,16.718105484018093,152,147.7,20.024724254601864,149.4,1.0
44.20650862515311,12695.0,882.1600000000001,0.04649051365003514,20.98343452428286,16.11000048615377,152,146.5,21.426128213546125,148.8,1.0
44.22145241834994,12701.0,882.8,0.047316516591712085,8.966275918096462,15.830993586703807,152,145.4,22.33262205841977,147.7,1.0
44.23342506213059,12703.0,883.32,0.04712416086888081,21.55075880517639,15.713194902919287,152,144.5,22.85869818787194,146.5,1.0
44.248478258753316,12708.0,883.96,0.04617697475646472,10.838301568362308,18.48526470507834,152,143.6,22.965948908572805,145.4,1.0
44.27680977273036,12715.0,885.28,0.04664350309484373,8.265525038758444,18.696794740348423,152,142.8,24.317410515078464,144.5,1.0
44.29047054071762,12720.0,885.9200000000001,0.04679539795638133,9.835752950825611,21.96011527709505,153,142.0,22.2702008523357,143.6,1.0
44.316530123707885,12726.0,887.2400000000001,0.04923275476563162,8.973598887549816,20.613824860537754,154,141.2,22.610905472691115,142.8,1.0
44.32656346162954,12727.0,887.76,0.050366476490585045,36.12001651795773,21.995301698037668,154,140.4,22.624625790023053,142.0,1.0
44.3387727217149,12732.0,888.4399999999999,0.052692642116696956,8.790667261459983,20.83300241562812,155,139.6,23.941879987765265,141.2,1.0
44.348446744527344,12733.0,889.0,0.05419903539995911,34.82648212477589,20.62742894294872,155,139.1,23.32719585043229,140.4,1.0
44.35954650579771,12737.0,889.64,0.05541598031980416,9.98978514333109,23.944039561375433,156,138.6,24.403378293405844,139.6,1.0
44.36997803039767,12739.0,890.24,0.05707789704411752,18.77674427992678,23.81214602735175,157,138.0,25.702509023914946,139.1,1.0
44.37985226557319,12742.0,890.8399999999999,0.05751070058196498,11.849082210624278,26.41679634461972,157,137.5,25.25003060217923,138.6,1.0
44.38941139192122,12746.0,891.4399999999999,0.060050946808315256,8.603213713228488,22.803077942795454,156,137.0,25.95798014885538,138.0,1.0
44.39827856149963,12747.0,892.0,0.0602378699541307,31.9218104822724,23.50043837621009,156,136.5,25.06175592502365,137.5,1.0
44.40731171236219,12751.0,892.6,0.06265281583145461,8.12983577629874,20.522087916844093,158,136.0,26.539307383086477,137.0,2.0
44.41485648796507,12752.0,893.1200000000001,0.06271881127684029,27.161192170366867,21.233173195612174,158,135.6,25.93965261871628,136.5,2.0
44.423566607939414,12756.0,893.7199999999999,0.06426498843767674,7.839107976909989,19.628667324483438,160,135.4,27.797647434717916,136.0,2.0
44.43093831179377,12758.0,894.24,0.06450567620455902,13.269066937837525,22.321955490043763,161,135.1,26.925830881035488,135.6,2.0
44.44074420707173,12761.0,894.8799999999999,0.06506220514547072,11.767074333556662,22.36708553039605,161,134.7,27.756405278418164,135.4,2.0
44.448825593523594,12763.0,895.4,0.06563235796647779,14.54649561334943,20.243437238682578,161,134.1,26.7994025994563,135.1,2.0
44.45795341339286,12768.0,896.04,0.06631053876401986,6.5720303058685285,20.29423459433097,161,133.4,25.636796465061643,134.7,2.0
44.46640460314796,12769.0,896.6,0.06624724458143785,30.424283118357696,17.63573019177573,161,132.6,26.23843849432701,134.1,2.0
44.47603564166561,12773.0,897.2,0.06612351557857683,8.667934665889895,18.88417106924867,161,131.9,26.98409940914246,133.4,2.0
44.48490950779318,12775.0,897.8,0.06584842027137838,15.972959029634394,18.465862499018794,161,131.2,28.897077648235918,132.6,2.0
44.49429658599192,12779.0,898.4399999999999,0.06378997610304557,8.448370378860531,18.254702023985054,161,130.5,28.513126924882076,131.9,2.0
44.50314536074343,12783.0,898.96,0.06356838053831541,7.963897276364146,17.733864299017277,161,129.8,30.386933478572928,131.2,2.0
44.5125623534063,12785.0,899.5600000000001,0.062101324489856224,16.95058679316706,17.853911094070575,161,129.1,29.81011374122372,130.5,2.0
44.521215827204884,12788.0,900.0800000000002,0.06247617128144056,10.384168558296793,15.15047496612183,161,128.4,30.168667886847924,129.8,2.0
44.529894340232836,12791.0,900.5600000000001,0.06209936424190902,10.414215633540225,16.167781016227604,162,128.0,29.918863442739383,129.1,2.0
44.53908553725205,12794.0,901.0800000000002,0.06224045702701718,11.029436423057854,14.799824024112633,161,128.1,29.344548780382617,128.4,2.0
44.54755432209819,12798.0,901.6,0.06094843460906173,7.621906361531426,15.576207530320115,161,128.7,28.527062465568708,128.0,2.0
44.55711023689601,12801.0,902.2,0.06280838577269623,11.46709775737646,15.733951429330139,161,130.0,28.07897995265809,128.1,2.0
44.56609552232817,12803.0,902.76,0.062404599704917275,16.173513777886246,17.53709175085104,161,131.7,27.43410858138323,128.7,2.0
44.57486123548463,12808.0,903.36,0.06431193433182135,6.3113134726555655,16.98107111712204,161,133.4,26.64708868005172,130.0,2.0
44.582573646498155,12810.0,903.8799999999999,0.06571800811181333,13.88233982433487,17.74730293716403,160,134.9,26.214804078394387,131.7,2.0
44.592462150580516,12814.0,904.5599999999998,0.06799730457339913,8.899653674128226,17.509304559222826,160,136.4,25.33268263113541,133.4,2.0
44.600542280029316,12815.0,905.1199999999999,0.06827108494826757,29.0884660156796,17.86599865910747,160,138.2,23.19437118601551,134.9,2.0
44.60961666558841,12821.0,905.8,0.06822508797959694,5.444631335455941,17.490363903369,161,140.2,22.587623165943448,136.4,2.0
44.61822637783743,12823.0,906.4,0.0679841631698214,15.497482048240114,16.79177601200228,161,142.1,22.910815344472816,138.2,1.0
44.62831162779979,12827.0,907.1200000000001,0.06737024021766932,9.076724966125274,17.053834644972458,160,143.8,23.91959759103389,140.2,1.0
44.63654810229842,12830.0,907.68,0.06762886355604256,9.883769398359432,16.67006363332123,159,145.3,23.679068024411578,142.1,1.0
44.64611355186806,12834.0,908.28,0.06634051399828701,8.608904612675168,16.92374002082254,160,146.2,22.83406309896462,143.8,1.0
44.655170994785216,12837.0,908.8399999999999,0.06720634557468545,10.868931500586202,14.00749663039998,160,146.7,21.288324983772345,145.3,1.0
44.664189322284344,12841.0,909.4,0.06602624702487285,8.116494749216079,15.266099356183265,159,146.9,20.82490800678065,146.2,1.0
44.67341894801103,12844.0,909.96,0.06719986075663795,11.075550872023344,13.995036887600287,160,147.3,19.680288363575592,146.7,1.0
44.68239472397379,12847.0,910.5200000000001,0.06629734054146415,10.770931155310679,16.549394408563764,159,147.5,19.61026397854485,146.9,1.0
44.69198334010865,12851.0,911.1600000000001,0.06839679219236777,8.629754521371353,16.11093357079247,160,146.9,20.24686197365236,147.3,1.0
44.70032926660788,12853.0,911.72,0.06822093795763867,15.022667698622822,18.502405355990692,160,145.9,20.44129825427894,147.5,1.0
44.70934993241633,12858.0,912.4,0.0703367520364129,6.494879382084195,17.843691921630274,159,144.7,20.423678557077743,146.9,1.0
44.71674096908211,12859.0,913.0,0.07089621366198325,26.60773199680039,20.35770063447062,159,143.5,18.98709009510329,145.9,1.0
44.72595347900922,12864.0,913.68,0.07267911840782212,6.633007147518952,19.81020705288353,159,142.0,19.08082019672408,144.7,1.0
44.73279996847705,12865.0,914.2,0.07362700377083503,24.647362084205465,20.08737526804277,159,140.6,19.358306957383977,143.5,1.0
44.741143834197025,12870.0,914.8399999999999,0.0744775569767282,6.0075833183818155,20.127442337472736,159,139.3,21.5424798174967,142.0,1.0
44.74801566335801,12871.0,915.36,0.07577402075425425,24.738584979548893,19.041508583356283,159,138.5,21.54932280314328,140.6,1.0
44.75570577586672,12875.0,915.96,0.07573717226895774,6.921101257843422,20.082615864792274,159,138.0,22.871622048731812,139.3,1.0
44.76244631734822,12877.0,916.5200000000001,0.07620327889747938,12.132974666697324,17.156990883016466,159,137.7,23.689728461869173,138.5,1.0
44.76965345462513,12880.0,917.1200000000001,0.07451617080660292,8.648564732288657,19.991790637440296,159,138.2,24.19966684972803,138.0,1.0
44.777563053916055,12884.0,917.72,0.07630534654272905,7.118639361835506,17.363575115135045,159,139.1,25.291324669001767,137.7,1.0
44.78502717859762,12886.0,918.32,0.0746921765627442,13.43542442682068,20.24410038533486,160,140.0,24.52913253248836,138.2,1.0
44.793657441955354,12891.0,918.9200000000001,0.07537538787281897,6.213789617564717,17.506741720338315,160,140.7,24.67915064558121,139.1,1.0
44.80086957885094,12892.0,919.4399999999999,0.0736889096477382,25.96369282412322,20.614837498637627,160,141.8,26.14256065892776,140.0,1.0
44.81015414524899,12897.0,920.1200000000001,0.07378072955313861,6.684887806591959,19.80117349668331,158,142.6,25.678403268390145,140.7,1.0
44.817357283439286,12898.0,920.6800000000001,0.07189594869752203,25.93129748507121,20.931898564515155,158,143.3,24.497054173790357,141.8,1.0
44.82671697338855,12904.0,921.32,0.07007190938452806,5.615813969558246,21.066151538365677,159,143.6,23.892810609352825,142.6,1.0
44.834773158275766,12905.0,921.8799999999999,0.06808979567108353,29.0022655939821,20.14466677026082,159,143.4,22.64610943997712,143.3,1.0
44.84452249236133,12910.0,922.5600000000001,0.06490488955408315,7.019520541606138,20.112607762615728,160,143.1,22.47305321790005,143.6,1.0
44.854158700023966,12912.0,923.1600000000001,0.06236280313893507,17.345173792744344,19.28071392255909,160,142.2,21.3912790388875,143.4,1.0
44.86386276066481,12916.0,923.76,0.059061402234491335,8.733654576758349,19.694891941713255,160,140.8,20.359571266968224,143.1,1.0
44.87474303888846,12921.0,924.4,0.05679072434796282,7.833800321030831,17.97910491414869,161,139.5,20.791027834072512,142.2,1.0
44.898841902537754,12929.0,925.4799999999999,0.05415518604044166,6.659545502924512,18.58773987486895,161,138.4,21.523745966534104,140.8,1.0
44.91129210267452,12931.0,925.96,0.05353395817416031,22.410360246186908,16.307553402538872,161,137.2,22.22413017524733,139.5,1.0
44.9260065728869,12936.0,926.5599999999998,0.05206214603577993,10.594418552908005,18.02710984381856,157,136.3,23.27870120572736,138.4,1.0
44.93902737971899,12939.0,927.0799999999999,0.051365025899966055,15.624968198514964,16.71703910773192,158,135.4,23.275698331368798,137.2,1.0
44.95192048141386,12943.0,927.64,0.05255223118778627,11.603791525374644,17.013297744192833,159,134.6,23.910824451808395,136.3,2.0
44.963493908640345,12946.0,928.2800000000001,0.054736343807547175,13.888112671783341,20.118846281845006,159,133.9,26.146379655771035,135.4,2.0
44.974553943842515,12948.0,928.9200000000001,0.058471199654008876,19.90806336390614,20.25527753971818,159,133.2,27.017848486998385,134.6,2.0
44.983234780706205,12952.0,929.4799999999999,0.06421749586894457,7.812753177321095,21.235908913679317,158,132.6,26.239345734107445,133.9,2.0
44.99188614554605,12955.0,930.1600000000001,0.06906412562901733,10.381637807808035,20.82597981619059,158,132.6,24.000194076132235,133.2,2.0
44.999757591221595,12956.0,930.8799999999999,0.07428478970046452,28.337204431972474,20.043914633407162,158,132.7,21.81355869520652,132.6,2.0
45.00730484518476,12960.0,931.5600000000001,0.07925964007707327,6.792528566850019,22.48860433652935,158,132.2,19.293461848723755,132.6,2.0
45.0144787575157,12961.0,932.32,0.08277153027968728,25.8260843913717,21.68552133904624,159,131.0,19.12818339862282,132.7,2.0
45.02151626788813,12965.0,933.04,0.08593619741970833,6.333759335191243,20.954299986876848,159,129.8,18.479692754695943,132.2,2.0
45.028195605779935,12968.0,933.72,0.08950809207083825,8.015205470162751,21.155809190162643,162,128.6,18.882594700533254,131.0,2.0
45.03511402707686,12969.0,934.4,0.0917699276052797,24.906316668914492,20.790876175799475,162,127.4,19.26023101980524,129.8,2.0
45.04119653826183,12973.0,935.04,0.09591438972955875,5.474260066473196,21.662347537850142,160,126.3,19.270564147693783,128.6,2.0
45.0477975072536,12975.0,935.6800000000001,0.1003229884611303,11.88174418518613,21.597284776862274,158,125.2,17.729592250764206,127.4,2.0
45.05423975557876,12978.0,936.32,0.10199878814008112,7.730697990195161,18.738698812099635,158,124.3,21.104588418393632,126.3,2.0
45.06159164392253,12982.0,937.0,0.10475704870147577,6.616699509392147,20.288753804693982,159,123.3,23.523035113856945,125.2,2.0
45.069836279728435,12983.0,937.8800000000001,0.10490495091740784,29.680688901241272,20.281171237841626,159,122.6,25.56353247250897,124.3,2.0
45.07790372247075,12989.0,938.76,0.1014813326765714,4.840465645390512,17.78821637045599,159,122.6,27.61094038161648,123.3,2.0
45.08559814192516,12994.0,939.5600000000001,0.10092112510644033,5.539982007173039,20.421667282956413,161,123.4,27.779086700628152,122.6,2.0
45.09399910211849,12996.0,940.4399999999999,0.10229323069971086,15.121728347987965,22.503797159071574,161,123.9,28.38756087320151,122.6,2.0
45.100214078259825,12999.0,941.1200000000001,0.10378090265314595,7.4579713696011325,22.128248474669185,161,124.4,28.213421940137103,123.4,2.0
45.105053491149626,13001.0,941.5600000000001,0.10560410096945798,8.7109432016388,21.967434814793375,164,125.1,27.81592723969203,123.9,2.0
45.111024805150734,13002.0,942.1600000000001,0.1071368060822312,21.496730403991975,19.491423394104427,164,126.0,26.053370080784543,124.4,2.0
45.11770271321067,13003.0,942.8799999999999,0.10376991300414115,24.040469015763573,20.60667426300277,165,127.4,27.51875411656267,125.1,2.0
45.124164820790796,13008.0,943.6,0.10118690079718155,4.6527174576898345,20.59250963983507,163,128.7,26.654437805528392,126.0,2.0
45.13108314255434,13013.0,944.3599999999999,0.09709707852624212,4.9811916697487195,22.412053885309767,163,129.9,26.477429230982104,127.4,2.0
45.13982848258055,13015.0,945.32,0.09550338279841973,15.74161204718206,22.229044570597935,163,130.6,26.8383116790583,128.7,2.0
45.146886382555635,13017.0,946.0,0.09642751980731083,12.704219955162607,23.179191779997172,165,131.2,27.191497860320062,129.9,2.0
45.15425702893283,13021.0,946.68,0.09549714916225316,6.633581739478194,21.05246263828861,165,131.6,25.383145699868685,130.6,2.0
45.16182760003673,13022.0,947.36,0.09195668647582055,27.254055974026702,18.047909835715686,165,132.2,25.431388929254304,131.2,2.0
45.170023160127414,13027.0,948.04,0.0873302774302803,5.9008032652914295,22.316814523536724,165,132.7,25.538565087853907,131.6,2.0
45.178842883964,13029.0,948.68,0.08309051300223885,15.8755029058604,22.30294620301894,165,133.2,25.336324901880865,132.2,2.0
45.18765603984987,13032.0,949.36,0.07456607947162128,10.575787063040732,22.145069944588904,166,133.2,26.20821075402292,132.7,2.0
45.19771538700863,13037.0,950.0,0.07173212012750532,7.242729954306157,20.98262216473921,166,133.0,26.384183541766355,133.2,2.0
45.20779536802853,13038.0,950.5600000000001,0.06877643673710432,36.287931671641566,22.440232772708463,166,134.6,26.84007716194092,133.2,2.0
45.2192878718633,13045.0,951.2400000000001,0.0662408166937723,5.910430543597603,19.296559687801185,166,136.8,26.108470195530806,133.0,2.0
45.22881027560859,13047.0,951.76,0.06444346044845944,17.140326741513892,19.24888623891399,167,139.1,25.35224492961428,134.6,2.0
45.23968111953058,13053.0,952.4,0.06370789512257298,6.522506353194681,21.799590279988404,167,141.3,25.41901348639072,136.8,2.0
45.24981664750274,13055.0,953.0,0.06302227492476412,18.24395034989104,21.246954105943576,167,143.5,25.231763910072804,139.1,1.0
45.25945909596616,13059.0,953.6,0.0636209883404724,8.678203617073487,25.215710351552193,166,145.6,24.694016081562047,141.3,1.0
45.26949978208865,13064.0,954.24,0.06758798349126235,7.229294008198005,21.475991773092442,165,147.8,25.988406207508078,143.5,1.0
45.27913345524688,13065.0,954.8799999999999,0.06981520222476548,34.681223369610656,21.489761491047883,164,149.6,24.974699254361184,145.6,1.0
45.28904193697361,13071.0,955.5600000000001,0.07447699991605573,5.9450890360409705,20.382885542494936,164,151.3,23.80092165732193,147.8,1.0
45.29833531343666,13072.0,956.2800000000001,0.0787411220091011,33.4561552669651,21.22502552712412,163,152.2,21.387543578020924,149.6,1.0
45.30884304297327,13076.0,957.2,0.0828733030301519,9.456956582952113,20.91236136851979,163,151.0,21.04150795978244,151.3,1.0
45.31744314411181,13081.0,958.04,0.08566605793904772,6.192072819749263,20.717283827317118,164,148.9,22.579656052803955,152.2,1.0
45.32656209042135,13085.0,958.9200000000001,0.0887650008503104,8.207051678578724,21.921145798916037,163,146.7,22.04578321249124,151.0,1.0
45.335736751231565,13088.0,959.8399999999999,0.09110407767177482,11.009592972264457,18.320794144793478,163,144.7,21.77926689572599,148.9,1.0
45.343434255943706,13090.0,960.6800000000001,0.09283420902174315,13.8555084818596,18.363870208498415,163,142.7,22.353520650260645,146.7,1.0
45.35084107651273,13095.0,961.4,0.09472729357023427,5.3329108096958695,18.055218258424258,164,140.8,22.543952470574364,144.7,1.0
45.35848613764733,13097.0,962.1600000000001,0.09518132160607636,13.761110042287557,17.66490691572281,164,138.7,20.967551817703843,142.7,1.0
45.365554303235605,13100.0,962.8800000000001,0.09625458980713156,8.48179870592576,18.108968389350807,164,136.9,23.67933304094696,140.8,1.0
45.37262266372752,13104.0,963.6,0.09807987113303604,6.361524442719973,18.112471270134243,164,135.5,25.88737705861248,138.7,1.0
45.38056662829778,13105.0,964.4,0.09858698405883272,28.598272452923776,17.741646808848877,164,134.6,28.21844504857694,136.9,2.0
45.38941478933,13110.0,965.32,0.10012198305125093,6.370675943195218,17.309042475626008,165,134.0,27.340835378395507,135.5,2.0
45.39871313891863,13114.0,966.2800000000001,0.10263315247569005,8.368514629767844,17.648818930707264,165,133.7,26.07087055534689,134.6,2.0
45.40944910082555,13119.0,967.4,0.10226139228148683,7.729892572980966,16.54785013656587,165,133.8,27.013812393103045,134.0,2.0
45.420945195443316,13124.0,968.4799999999999,0.10132755367723316,8.277188124792133,16.36345582776095,166,135.1,26.393451463096238,133.7,2.0
45.43291763325209,13128.0,969.6,0.10037828754109154,10.775194027897317,19.274320716212195,167,136.0,26.064752414958637,133.8,2.0
45.444358630360995,13133.0,970.68,0.09813768116546231,8.237517918410841,18.603059225491187,166,136.6,26.199501044986665,135.1,2.0
45.45409465193268,13138.0,971.5200000000001,0.09397313626133837,7.009935531611112,18.606624726157047,167,137.4,27.8261103230642,136.0,2.0
45.462391906875986,13142.0,972.24,0.09284653072460804,7.467529448977475,18.15390118273154,170,138.2,26.71336707407893,136.6,2.0
45.46929804184611,13143.0,972.9199999999998,0.09116385808428336,24.862085892447407,21.135903318448953,170,139.0,25.40582370286176,137.4,2.0
45.47642213857923,13144.0,973.5200000000001,0.08896305692984971,25.64674823923429,20.730362162314265,171,139.8,23.249524958860853,138.2,1.0
45.4821215617193,13147.0,974.0,0.08562924115551127,6.839307768086594,20.78109406380696,170,140.3,22.82331800775598,139.0,1.0
45.48955891699124,13152.0,974.6800000000001,0.08312554729858398,5.35489579579543,20.83982161246276,170,140.8,24.11644930596116,139.8,1.0
45.49733553519813,13153.0,975.4,0.08253297312124623,27.995825544793032,21.105331841222124,170,141.0,24.270941654177918,140.3,1.0
45.50488317997248,13158.0,976.04,0.08476370270686562,5.434304237528267,21.48672703219195,173,139.6,25.27625604590273,140.8,1.0
45.51139139416101,13160.0,976.64,0.08841089951117334,11.714785539357397,18.656210792981295,172,138.4,25.216449636810424,141.0,1.0
45.51876626715142,13163.0,977.28,0.09184116325051964,8.84984758849295,15.702850548288973,170,137.4,24.63048790153073,139.6,1.0
45.52586666651286,13166.0,977.9200000000001,0.09739460517013827,8.520479233728992,16.26131838065392,169,136.5,23.157436941203827,138.4,1.0
45.53388517986012,13169.0,978.68,0.09779082054281023,9.622216016712358,17.294116490468575,169,135.7,22.878457414532768,137.4,1.0
45.542013441381854,13174.0,979.5200000000001,0.09671271050644255,5.852348295647679,13.976770782515846,169,134.9,22.20909855750073,136.5,1.0
45.54945428686992,13178.0,980.28,0.09518167691593701,6.696760939257883,16.380076250427273,169,134.1,23.77465018222241,135.7,2.0
45.55769795686029,13181.0,981.1200000000001,0.09717375547855497,9.892403988446093,15.733346722363958,169,133.4,23.48542438983174,134.9,2.0
45.5643896917918,13183.0,981.8,0.09862284803321285,12.045122876726582,18.3783431414186,169,132.7,22.200515474864723,134.1,2.0
45.57112036100505,13188.0,982.4399999999999,0.1018354293510948,4.84608183353729,18.00779994888105,170,132.1,20.861582384161338,133.4,2.0
45.57672770552677,13189.0,982.96,0.10206245161247669,20.186440278187238,17.35959847201419,170,131.8,20.86303853225473,132.7,2.0
45.583369988904266,13193.0,983.68,0.10331967862534089,5.9780550397443175,18.713367893878047,169,131.7,19.35838282713707,132.1,2.0
45.59008200493461,13194.0,984.4,0.10280747157254784,24.163257709232578,19.90295922136385,169,131.7,17.85469597173571,131.8,2.0
45.59734585423122,13199.0,985.2,0.10004622861431114,5.2299714935636885,19.356850051329427,170,131.6,15.80422803251624,131.7,2.0
45.60395794349799,13204.0,985.9200000000001,0.09960496843449977,4.760704272074023,19.54366866044574,170,131.3,13.5821904900854,131.7,4.0
45.61230242719212,13206.0,986.8,0.09907151573144127,15.020070649430783,20.53855076173247,170,130.9,11.793737261546545,131.6,4.0
45.6199571127598,13208.0,987.5200000000001,0.09915427895973827,13.778434021821164,18.186395554151137,170,130.8,8.553178795317937,131.3,4.0
45.6261862180443,13212.0,988.1599999999999,0.09578614665969298,5.606194756056267,20.64671382489508,170,131.1,7.076284662146375,130.9,4.0
45.63373199875386,13214.0,988.8399999999999,0.09212794824121887,13.58240527719681,17.578117412114132,170,131.3,4.872016900848811,130.8,4.0
45.64073135316107,13216.0,989.4799999999999,0.08575396384830267,12.598837932978451,20.810239345079218,170,131.4,3.880898817979504,131.1,4.0
45.64825426301762,13220.0,990.0799999999999,0.08088428750292469,6.770618870889375,20.739393345131184,170,131.2,1.292057283958275,131.3,4.0
45.65520831794942,13221.0,990.64,0.07305175830079383,25.03459775449166,20.605810091173907,170,130.5,0.7214693914963152,131.4,4.0
45.66485820897763,13226.0,991.2,0.06795881333050369,6.947921540304884,19.420439301321345,171,130.44444444444446,0.5197442275950261,131.2,4.0
45.6733535275728,13227.0,991.6800000000001,0.0634116051634097,30.583146942613098,20.071275615769885,171,130.375,0.4033345985876335,130.5,4.0
45.68391934005689,13233.0,992.2,0.05823286729014036,6.33948749045496,19.196682439125716,170,130.42857142857142,0.4136844080552253,130.44444444444446,4.0
45.69375349723132,13235.0,992.6800000000001,0.053580714116950465,17.701482913976708,18.371121757361102,169,130.66666666666666,0.453426749411683,130.375,4.0
45.70539905414052,13240.0,993.2,0.04977788148360886,8.384800974622802,20.08979344047127,168,,,,
45.716635363683054,13243.0,993.6800000000001,0.04646673049005988,13.48357145103642,17.356267244671614,167,,,,
45.72804432762549,13247.0,994.1199999999999,0.04407219961832751,10.268067548192164,18.118708390644873,166,,,,
45.740541040694346,13252.0,994.5600000000001,0.042822248771351476,8.997633409578372,15.255845316021913,163,,,,
45.75281373608927,13254.0,995.0,0.04095148606744473,22.09085171086826,15.755807593191616,163,,,,
45.76525753014832,13260.0,995.4399999999999,0.0393866419573349,7.466276435429335,15.445082259021415,161,,,,
45.77724461608537,13263.0,995.96,0.03704252237962184,14.384503124460663,15.462592862763188,160,,,,
45.790124823145774,13267.0,996.4799999999999,0.0346942545407481,11.59218635436643,14.936419176616198,159,,,,
45.80281293186234,13271.0,996.96,0.0327798149178732,11.419297844912824,16.74197973703581,157,,,,
45.81720535641217,13274.0,997.4,0.030751675015716868,17.270909459786747,16.970446508318727,156,,,,
45.830410253467434,13279.0,997.76,0.028556135036130727,9.50752587979112,16.131863027733708,155,,,,
45.84481209402866,13284.0,998.04,0.02688532340014227,10.369325204085213,16.25567843945864,155,,,,
45.85980992644958,13286.0,998.32,0.025961079865668774,26.996098357656575,15.708454640780545,154,,,,
45.87616316979984,13291.0,998.5600000000001,0.026566171712092725,11.774335212186939,15.192207750821785,151,,,,
45.889741337724935,13294.0,998.76,0.0293837047422938,16.293801510114772,17.814752245389055,150,,,,
45.904324586403376,13300.0,999.0,0.0331463944085275,8.749949207065688,16.7771235064148,149,,,,
45.92806303911102,13305.0,999.68,0.03929169590580746,9.775917338710336,16.594022052614765,148,,,,
45.93568138444448,13309.0,1000.1600000000001,0.0468581984041241,6.856510800117677,19.06867864341067,147,,,,
45.94396609488382,13310.0,1000.76,0.05507931729516417,29.824957581625917,16.802363499955966,147,,,,
45.949929020908634,13313.0,1001.36,0.06370816347742718,7.155511229781041,17.30773251969204,147,,,,
45.9560817374118,13317.0,1002.0400000000002,0.0728860879627546,5.537444852847979,17.33673012032112,147,,,,
45.96277024003729,13318.0,1002.72,0.08216622141450525,24.078609451745567,17.589506105285853,147,,,,
45.96903717224874,13323.0,1003.4,0.09015812819239032,4.51219119224376,20.325043354916573,148,,,,
45.97537001955647,13325.0,1004.0799999999999,0.09686228131477599,11.399125153922954,20.429566484469078,148,,,,
45.98182251473682,13327.0,1004.76,0.1011071586458057,11.614491324621836,18.414029040526508,148,,,,
45.988182714736595,13330.0,1005.4799999999999,0.10539170757514245,7.632239999734025,18.814776759301257,148,,,,
45.99458789385289,13331.0,1006.2,0.10661711774183984,23.058644818640985,19.101122144623297,148,,,,
46.00126302478006,13336.0,1006.9199999999998,0.10764880868602449,4.806094267562945,17.254909294771135,151,,,,
46.007617598008565,13338.0,1007.6,0.1080399907940569,11.438231811309956,17.592506291572995,152,,,,
46.01436740716502,13341.0,1008.32,0.10889850205983831,8.099770987742037,17.730205544511907,154,,,,
46.02021119019002,13344.0,1008.96,0.10892883124709551,7.012539629998269,16.799264118703867,155,,,,
46.02611626365552,13346.0,1009.64,0.10778917670768791,10.629132237897748,16.78566774119113,155,,,,
46.03255745026582,13350.0,1010.3199999999999,0.10580079255135051,5.797067949272973,14.767591568622944,155,,,,
46.039134533510634,13352.0,1011.04,0.10415841767848315,11.838749840667152,15.137273601037325,156,,,,
46.0458235498517,13356.0,1011.72,0.10137650537912139,6.020114706959043,14.88798817852241,156,,,,
46.05226346781915,13359.0,1012.36,0.10035439817281622,7.727901560944713,14.50798484563579,157,,,,
46.05866070719424,13361.0,1012.96,0.10145594623341944,11.515030875166122,17.53682846976955,157,,,,
46.06539261295885,13364.0,1013.6,0.10212852687065581,8.078286917531843,16.51652363197592,158,,,,
46.07108890810406,13366.0,1014.1200000000001,0.10228114416830136,10.253331261373624,16.45797186694261,158,,,,
46.07815175464325,13371.0,1014.8,0.1038613876684114,5.085249508220233,16.61674518675648,160,,,,
46.085153941374735,13372.0,1015.5200000000001,0.1031419758236561,25.207872233344286,16.699432478291097,160,,,,
46.0919343655592,13378.0,1016.24,0.10183132132049597,4.068254510678741,16.52166546462983,160,,,,
46.098186417632206,13382.0,1016.9200000000001,0.10194881693277091,5.626846865709665,18.169220266717577,160,,,,
46.105350414819256,13384.0,1017.72,0.10216446766491605,12.895194936684444,18.071507745547542,160,,,,
46.110680314477584,13387.0,1018.36,0.10544855277120664,6.395879589990127,18.629969787258283,160,,,,
46.116069546920016,13390.0,1018.9200000000001,0.1067160181302896,6.4670789309230745,18.73211562559512,160,,,,
46.12182519480308,13391.0,1019.5199999999999,0.10842318725745433,20.72033237902419,15.523932241292574,161,,,,
46.127855962790996,13394.0,1020.1600000000001,0.10984566045228768,7.236921585499682,19.152162217302482,162,,,,
46.135126754248866,13396.0,1020.8799999999999,0.11055032041667467,13.087424624166443,19.319789741103648,163,,,,
46.142348709968196,13400.0,1021.6,0.10857323858884046,6.499760147396049,18.283944379239127,165,,,,
46.14928115595705,13405.0,1022.4,0.10958474162560665,4.991361111973408,18.89293386539662,165,,,,
46.15632444423247,13406.0,1023.2,0.11175245449242392,25.355837791514524,18.91073364031161,165,,,,
46.16242959591126,13409.0,1023.9200000000001,0.11199065850435849,7.326182014553259,18.87425898577138,166,,,,
46.16775883341837,13412.0,1024.6,0.1127583337240768,6.395085008526904,18.783907672190438,166,,,,
46.17313856770471,13414.0,1025.28,0.11211938786403619,9.683521715421,18.535390119486284,165,,,,
46.17902863448915,13418.0,1025.96,0.11424116988544311,5.301060105992339,19.111694154177886,166,,,,
46.18459653456186,13419.0,1026.56,0.1135285284879404,20.044440261758844,19.197990199195196,166,,,,
46.19064202874179,13423.0,1027.2400000000002,0.1160852530687029,5.440944761937383,15.968092993376914,166,,,,
46.196913519903745,13425.0,1027.9199999999998,0.1177906229332057,11.288684091513304,16.828238544838264,165,,,,
46.20478634123571,13428.0,1028.8,0.11776635973776144,9.447385598360142,16.686937104087267,165,,,,
46.21181629268457,13432.0,1029.56,0.11404615739466231,6.3269563039684105,17.31355780271158,164,,,,
46.21983373609206,13437.0,1030.48,0.1112710292260716,5.7725592533956345,18.24605520949011,164,,,,
46.22677192882864,13439.0,1031.24,0.1075163188503347,12.488746925839473,16.563982250166486,164,,,,
46.23218669497551,13443.0,1031.8400000000001,0.10499350141394301,4.873289532180988,17.79777091649717,165,,,,
46.23596970195965,13444.0,1032.24,0.10620890780048112,13.618825142898622,16.933853930135893,165,,,,
46.239303583779424,13445.0,1032.68,0.10716419792306298,12.001974551195108,16.709688126282636,165,,,,
46.242279036617106,13446.0,1033.0,0.10909364148742355,10.711630215659499,16.774606580337043,165,,,,
46.24616588770462,13447.0,1033.44,0.10728843069778944,13.992663915059923,16.66174485751339,165,,,,
46.25181791898312,13450.0,1034.0800000000002,0.10754173386555696,6.782437534202748,16.91728958033297,165,,,,
46.25900197769758,13453.0,1034.8799999999999,0.10655363108931079,8.620870457353279,17.824298779260687,164,,,,
46.266611792276656,13457.0,1035.6799999999998,0.10895505439432243,6.848833121167964,16.679137947865367,163,,,,
46.27359535581117,13461.0,1036.48,0.1101062669421454,6.285207181060212,18.266930001886017,163,,,,
46.28108342971422,13463.0,1037.3200000000002,0.11564659918220821,13.478533025502278,17.327408455179707,164,,,,
46.286928808577834,13465.0,1037.9599999999998,0.11768432751828328,10.521681954499684,18.962260153245627,165,,,,
46.29300924573771,13469.0,1038.6,0.11712099321224337,5.472393443886057,19.12689014444471,167,,,,
46.2987469932436,13470.0,1039.2,0.11370865078538657,20.655891021206386,18.50441669957534,167,,,,
46.30483080994222,13475.0,1039.92,0.1108267777181525,4.380348023004944,21.065488708755417,169,,,,
46.31135186468911,13476.0,1040.5600000000002,0.10781621520794864,23.47579708879488,21.12329397857792,169,,,,
46.317887113435944,13479.0,1041.2400000000002,0.10470000865936824,7.842298496203032,20.38712704822914,170,,,,
46.32374818290367,13484.0,1041.92,0.10494212296519397,4.219970016763414,19.703654413516453,170,,,,
46.32987941807623,13485.0,1042.6,0.1049940614072606,22.07244662120541,19.823211881944975,170,,,,
46.336205378472286,13489.0,1043.2400000000002,0.10523346306931587,5.6933643564518714,17.981501743542974,170,,,,
46.341686563627704,13491.0,1043.88,0.10348503996592637,9.866133279757399,18.05089714972735,170,,,,
46.34763423362006,13494.0,1044.52,0.10407950928967176,7.137203990830684,18.89018690501917,170,,,,
46.354031450843024,13497.0,1045.16,0.10415064476358757,7.676660667551365,18.606371688941344,169,,,,
46.360004988972705,13499.0,1045.8,0.10234917554333652,10.752368633422769,18.828146656607498,168,,,,
46.366890396988836,13504.0,1046.48,0.101675402329145,4.957493771613071,16.996459870250156,167,,,,
46.37496903649461,13505.0,1047.28,0.10228448733921587,29.083102220803127,18.814233103947043,167,,,,
46.38360394951051,13510.0,1048.1599999999999,0.10291265897494291,6.2171373714465625,18.306242913382633,167,,,,
46.39107157498607,13515.0,1048.92,0.10306229838780581,5.3766903424030525,18.15326524664531,167,,,,
46.40047885553203,13518.0,1049.8,0.10468785574168431,11.28873665514822,17.996330699644727,167,,,,
46.41016662816843,13520.0,1050.76,0.10565327613455511,17.437990745533654,18.783552163995402,167,,,,
46.419620069444775,13525.0,1051.72,0.1048994971741402,6.806477718967621,18.947719534057637,167,,,,
46.42848387353537,13531.0,1052.6,0.10175883127261132,5.318282454355731,15.349233550449773,168,,,,
46.43808343389169,13536.0,1053.56,0.09891067130365294,6.911683456553531,15.654898252380903,168,,,,
46.44683016605207,13538.0,1054.44,0.09824171555191945,15.744117888676461,16.64179543358282,168,,,,
46.45463502310691,13542.0,1055.16,0.09630421154890939,7.024371349356104,15.991593299012385,167,,,,
46.461160597250476,13545.0,1055.76,0.09588082939685157,7.830688972279381,14.016083504701504,168,,,,
46.46807894310161,13548.0,1056.4,0.09584561977701647,8.302015021359946,14.945240115800512,167,,,,
46.47510699859333,13550.0,1057.04,0.09598617503399973,12.65049988509783,15.00097872680079,167,,,,
46.48157796626423,13553.0,1057.6399999999999,0.09566170066217852,7.765161205081976,15.165812283027833,167,,,,
46.48833428464377,13557.0,1058.3600000000001,0.09629798070572383,6.080686541584199,16.206171348180835,167,,,,
46.49541786478195,13559.0,1059.08,0.09682531319498422,12.750444248722646,16.136392560885383,167,,,,
46.50178413943912,13563.0,1059.7599999999998,0.09769495259080212,5.729647191451568,18.526627321307437,167,,,,
46.50840521304735,13566.0,1060.48,0.09797093427477772,7.945288329875192,18.290682383829598,167,,,,
46.51454185867028,13567.0,1061.2,0.09803145346507075,22.09192424256052,17.521882070732794,167,,,,
46.52065596010082,13571.0,1061.84,0.09946069896113403,5.502691287487471,19.059954154002757,167,,,,
46.526858721972424,13572.0,1062.44,0.09776248886514412,22.329942737793694,19.075963597545858,167,,,,
46.53329730643422,13576.0,1063.0800000000002,0.09665574177659345,5.794726015620267,17.949023176031652,168,,,,
46.53992482981897,13579.0,1063.76,0.09526432271020654,7.953028061698412,19.690759371003356,168,,,,
46.54962428392345,13581.0,1064.56,0.09282790557598582,17.459017388061245,19.399484118169003,169,,,,
46.55854710124283,13586.0,1065.28,0.08795936325730405,6.424428469954229,17.492376743682097,169,,,,
46.56881657697019,13593.0,1066.08,0.08627472467939398,5.281444659784825,17.373264510489232,168,,,,
46.57912956270594,13595.0,1066.8,0.08357707834289427,18.56337432434414,16.317175566369578,167,,,,
46.58871478369716,13601.0,1067.48,0.08178120317786511,5.751132594731641,15.980615228723172,165,,,,
46.59512286116585,13603.0,1067.9599999999998,0.07776981181478161,11.534539443638993,17.099621567054918,164,,,,
46.60229790819901,13607.0,1068.52,0.07598124079373567,6.457542329850612,15.255575958981515,164,,,,
46.60722526064458,13608.0,1068.9199999999998,0.07455710336392687,17.738468804046082,15.585882741985108,164,,,,
46.6123356577555,13612.0,1069.36,0.07495656999847929,4.599357399828957,15.656010492754692,161,,,,
46.61685392110346,13613.0,1069.64,0.07607092216712892,16.26574805266389,13.851828924124543,161,,,,
46.62215638179059,13616.0,1070.08,0.07901984257227296,6.362952824551978,14.309550773508443,159,,,,
46.626948869443865,13618.0,1070.48,0.08562096710207623,8.626477775898831,14.42150431113929,159,,,,
46.632367111826824,13621.0,1071.0,0.08944054397142528,6.501890859550325,16.590079787588202,160,,,,
46.637702831340285,13624.0,1071.52,0.09677606206379559,6.402863416151309,14.843990268089033,161,,,,
46.64255136302967,13626.0,1072.12,0.1036765558474868,8.727357040894903,17.515330649574512,161,,,,
46.64837829198624,13628.0,1072.8,0.11178652584120194,10.488472121834999,16.139119786210983,163,,,,
46.65328654405651,13629.0,1073.4,0.11426284122395089,17.669707452981974,16.524860592377507,163,,,,
46.65884685045495,13634.0,1074.08,0.11720818309961319,4.003420606876441,17.840862495945053,164,,,,
46.664273193011724,13635.0,1074.7599999999998,0.11391812599414194,19.53483320437944,17.89068715845115,164,,,,
46.669810796746795,13639.0,1075.3600000000001,0.1101010870514593,4.983843361565476,18.432391054276913,165,,,,
46.67414811303957,13641.0,1075.8399999999997,0.10787801421676557,7.8071693270020175,18.947248007380317,166,,,,
46.678529199200696,13642.0,1076.28,0.10320156244180127,15.771910180045873,18.78333302870778,165,,,,
46.68155650800385,13644.0,1076.56,0.1013741180330171,5.449155845674641,16.44676312849107,165,,,,
46.68424943190607,13645.0,1076.8,0.0973285947338457,9.694526047979402,17.639469413342518,165,,,,
46.68762518326803,13646.0,1077.1599999999999,0.09691289843759199,12.152704903076714,15.955803123016906,165,,,,
46.690458134322114,13647.0,1077.48,0.09736579665755751,10.198623794695889,18.844008356744286,165,,,,
46.69381753602583,13650.0,1077.88,0.09954254776352854,4.031282044460945,18.310247374595882,164,,,,
46.697208392584244,13651.0,1078.2800000000002,0.10329825860445663,12.207083610292159,16.781090307668737,163,,,,
46.702861438228474,13653.0,1078.92,0.11000326892717185,10.175482159608663,20.20725142340507,163,,,,
46.709006381316094,13654.0,1079.6000000000001,0.1147894722217981,22.121795115426288,19.775377566558188,163,,,,
46.71533066082461,13660.0,1080.28,0.11511558290500397,3.7945677051095443,21.292007998736185,163,,,,
46.72230342695627,13664.0,1081.08,0.11718494471789002,6.275489518495903,20.801871354713455,163,,,,
46.7292877049138,13665.0,1081.8799999999999,0.11709278120394037,25.143400647107804,21.26296320365902,163,,,,
46.73521169750474,13669.0,1082.56,0.11851232094723581,5.331593331840361,20.514208561807834,163,,,,
46.74064270556759,13670.0,1083.1599999999999,0.1172149065015065,19.551629026256016,19.905625007509006,163,,,,
46.746748498892096,13674.0,1083.8,0.11677407838231439,5.495213992060072,18.00044403604489,163,,,,
46.75258357794749,13677.0,1084.4,0.11623121970846753,7.002094866473398,18.08829438920888,164,,,,
46.75878882361723,13680.0,1085.0400000000002,0.11238894499768257,7.446294803687799,17.905619541381768,165,,,,
46.76500298135923,13684.0,1085.76,0.10975986841605612,5.592741967797604,15.166746981733585,164,,,,
46.77154579384402,13686.0,1086.52,0.1070030925662574,11.777062472620832,17.25426250265748,163,,,,
46.777696258481996,13691.0,1087.2400000000002,0.10567266972280487,4.428334539341282,14.77971113756393,162,,,,
46.78292477733487,13695.0,1087.8400000000001,0.1037132748320021,4.705666967589891,14.663650558543486,161,,,,
46.78873775769041,13697.0,1088.48,0.10359254667833528,10.46336463998068,14.652324061892562,162,,,,
46.79411556905417,13698.0,1088.96,0.1022715119653311,19.360120909534672,15.101584166835798,162,,,,
46.7992598794158,13701.0,1089.44,0.10104576751355654,6.1731724339517875,15.008113529092991,162,,,,
46.80460910823225,13704.0,1089.9199999999998,0.09999907354182105,6.41907457974064,14.396501747474819,161,,,,
46.81084894056558,13707.0,1090.48,0.09936267928578553,7.487798799992883,14.58852145020786,161,,,,
46.81672000595118,13709.0,1091.04,0.10037716582618084,10.56791769409228,14.505874869679648,162,,,,
46.822660959453316,13713.0,1091.7199999999998,0.10262393278241624,5.346858151916616,14.347322633248549,161,,,,
46.82955778224574,13716.0,1092.48,0.1050643610159772,8.276187350908979,12.583414840631672,161,,,,
46.83664387177831,13720.0,1093.2400000000002,0.1062148763343372,6.377480579308563,12.511790690804233,161,,,,
46.8435551040549,13726.0,1094.0,0.11000637654353598,4.146739365957346,13.613674574563595,160,,,,
46.85120754218904,13729.0,1094.8799999999999,0.11163217549159574,9.182925760966324,13.496486770498294,159,,,,
46.858219843091,13732.0,1095.6,0.11294577287375474,8.414761082355419,12.706531884556595,160,,,,
46.864514440976706,13737.0,1096.24,0.11353390790428601,4.5321104777058085,15.544870187943602,160,,,,
46.87136809196098,13739.0,1097.0399999999997,0.11267261000375048,12.336571771693315,14.825558110894075,160,,,,
46.877359436133155,13743.0,1097.7599999999998,0.1106207683361083,5.39220975495554,15.435849512914228,160,,,,
46.88384585461446,13748.0,1098.4399999999998,0.10958717843125354,4.670221306538854,15.936392945220714,161,,,,
46.89020378994517,13749.0,1099.16,0.10609980177857459,22.888567190567322,15.546099005097968,161,,,,
46.895861699961614,13755.0,1099.84,0.105207750254446,3.394746009869007,15.314558841871223,161,,,,
46.90135855494563,13757.0,1100.44,0.10758368839873145,9.894338971227551,15.41991466430892,161,,,,
46.90801069588701,13760.0,1101.0800000000002,0.10588264837720869,7.982569129651102,15.116934969754572,159,,,,
46.913961403953365,13763.0,1101.6799999999998,0.10561183379905467,7.14084967962958,14.819583956268096,159,,,,
46.92006959161848,13766.0,1102.28,0.10579306096106403,7.3298251981373195,15.641233794855527,159,,,,
46.927047963489414,13770.0,1103.0,0.10433763442910404,6.280534683841546,12.95636737070121,160,,,,
46.93319998323565,13772.0,1103.6399999999999,0.10321862260587475,11.073635543228868,13.448606774950482,160,,,,
46.938938205987505,13777.0,1104.3200000000002,0.10296374804504387,4.131520381335363,13.633247058494977,160,,,,
46.94485823394937,13779.0,1105.0,0.10247198139228084,10.656050331358271,13.29153440507676,159,,,,
46.9509560692386,13782.0,1105.64,0.10066063308963887,7.317402347075539,15.84188685083709,158,,,,
46.9576102727885,13786.0,1106.28,0.10053014043034517,5.988783194908445,15.553876526522291,158,,,,
46.96400281577803,13788.0,1106.8799999999999,0.09713967684487823,11.506577381149079,16.362233122668925,159,,,,
46.97137776229002,13793.0,1107.52,0.0960774225447329,5.309961488629165,15.490479850630313,160,,,,
46.97784659614808,13794.0,1108.04,0.09456115346461587,23.28780188904052,15.757011732378706,161,,,,
46.98487726354092,13799.0,1108.68,0.09418598192241677,5.062080522845777,15.793956754688974,161,,,,
46.99128793564682,13801.0,1109.24,0.09512479295446767,11.539209790610068,15.660468811225764,162,,,,
46.99811608540669,13805.0,1109.84,0.09408773873526309,6.145334783891681,15.931707951205244,163,,,,
47.00449321494212,13809.0,1110.44,0.0944389133404392,5.739416581886868,14.897407189120376,162,,,,
47.010813292328756,13811.0,1111.08,0.09274373087135052,11.376139295934593,16.769931771470905,161,,,,
47.0171425403662,13815.0,1111.7599999999998,0.09472346690953966,5.696323233700996,13.934372950240427,161,,,,
47.02211004996489,13817.0,1112.3200000000002,0.09497358459843092,8.94151727762893,17.797651623356547,161,,,,
47.02825175333618,13822.0,1112.96,0.09624658494918541,4.422026427329644,16.929036901937707,161,,,,
47.033177954351146,13823.0,1113.52,0.09629206048671654,17.73432365387567,16.96308804741566,161,,,,
47.039908614053395,13828.0,1114.2400000000002,0.0961865257349867,4.846074985620623,18.760632917104722,161,,,,
47.04823772256829,13829.0,1115.0,0.09346745932364699,29.984790653615832,18.044948087683455,161,,,,
47.0573275442146,13835.0,1115.76,0.08873732616213009,5.453892987786016,18.42754364694657,161,,,,
47.06671246134185,13841.0,1116.52,0.08725786471962506,5.630950276349983,17.999015113320336,162,,,,
47.07713239932557,13843.0,1117.28,0.08413809907085532,18.755888370699513,18.427936039540466,162,,,,
47.087166848401225,13848.0,1117.92,0.0833431055506715,7.224803334473014,16.679078242604344,163,,,,
47.095219833908445,13851.0,1118.44,0.08105565821350987,9.663582608663846,16.740649307061947,163,,,,
47.10341231320147,13856.0,1119.04,0.07859083796115816,5.898585090977723,13.625062507086914,162,,,,
47.1105639365805,13859.0,1119.56,0.07708724576588641,8.581948054836458,13.538310018732451,161,,,,
47.116981718591845,13862.0,1120.1200000000001,0.07621145177613889,7.701338413615406,14.234897770011733,160,,,,
47.12342063061133,13866.0,1120.6799999999998,0.07678409827854966,5.795020817537724,12.44576402491261,159,,,,
47.129772108784636,13868.0,1121.2,0.07780511975449728,11.432660711952044,13.029046523173767,158,,,,
47.136458466365816,13872.0,1121.76,0.08156116328297877,6.017721823064235,12.294679884497373,158,,,,
47.14270955269371,13874.0,1122.3200000000002,0.08290300657158418,11.25195539020723,14.85046742089095,158,,,,
47.15057927757207,13878.0,1122.96,0.08564351102166073,7.082752390527951,14.650490435095321,157,,,,
47.1566031824287,13880.0,1123.52,0.08691363370456456,10.843028741926405,14.646497656033224,156,,,,
47.16326066811711,13886.0,1124.16,0.08822475200916276,3.994491413047101,15.368542212592171,156,,,,
47.16951210127594,13887.0,1124.72,0.090831311592358,22.50515937177672,14.803609433545054,156,,,,
47.17583151402042,13891.0,1125.3200000000002,0.09402165601570749,5.687471470036186,17.835866496534322,157,,,,
47.18166245611041,13894.0,1125.8799999999999,0.09572670248919919,6.997130507981088,17.021031540491514,157,,,,
47.187531591579024,13896.0,1126.44,0.09519398029185555,10.564443843500412,17.038836994657515,156,,,,
47.19413473404512,13900.0,1127.08,0.09661574603109396,5.942828219485266,17.370350407873143,157,,,,
47.20089219956336,13901.0,1127.8000000000002,0.09534877013835068,24.32687586567825,18.568395747955684,157,,,,
47.20753317760763,13906.0,1128.44,0.09430199415203443,4.781504191869616,16.25509961927102,157,,,,
47.21324940644638,13909.0,1129.0400000000002,0.09591089478153951,6.859474606503869,16.452655117454707,160,,,,
47.21999817731023,13911.0,1129.7199999999998,0.10095779118088899,12.147787554934323,17.981875182973177,161,,,,
47.226304110307794,13913.0,1130.3200000000002,0.10549557615492691,11.350679395610854,17.302697027859452,161,,,,
47.23239847331027,13916.0,1130.84,0.10886299476793523,7.313235602973796,17.129619852961135,161,,,,
47.24053503712483,13920.0,1131.56,0.11076473983267394,7.3229074331043265,15.761225561868105,161,,,,
47.24912494418443,13922.0,1132.4,0.10867887779795742,15.461832707279518,15.053407654504454,161,,,,
47.256372747956334,13927.0,1133.16,0.10193504738908436,5.218418715770082,14.001284831378792,163,,,,
47.26207372674507,13931.0,1133.84,0.09358438902565921,5.130880909864902,12.032488408275793,163,,,,
47.26682147670461,13932.0,1134.44,0.07994086437467555,17.0918998543186,10.419287557330001,163,,,,
47.26891101291235,13938.0,1134.76,0.06511495691308847,1.253721724645046,9.226062421477947,164,,,,
47.26965658878143,13944.0,1134.8399999999997,0.048599107531324265,0.4473455214495387,7.961465043362151,163,,,,
47.27050753138215,13951.0,1134.8799999999999,0.027817042283425176,0.4376276232290378,5.317568892776657,160,,,,
47.27134090112937,13952.0,1134.8,0.006834363268504361,3.0001310899999005,4.298739701093695,159,,,,
47.271947497252796,13955.0,1134.7199999999998,-0.006628489553401902,0.7279153481074171,3.3535346065577167,156,,,,
47.272165154905075,13961.0,1134.6799999999998,-0.030199078497992658,0.1305945913671463,0.8205877680092547,153,,,,
47.27225947253043,13962.0,1134.6399999999999,-0.049209835462139584,0.33954345127822855,0.6626673061129553,154,,,,
47.27260714608129,13967.0,1134.6,-0.06258020149114576,0.25032495662047793,0.6203477324328436,151,,,,
47.27322824474145,13972.0,1134.6,-0.07492565513989524,0.4471910353151649,0.5923689388539524,149,,,,
47.273970645281196,13975.0,1134.56,-0.08101770918212123,0.8908806476933023,0.3333988960701478,146,,,,
47.27454771895015,13978.0,1134.52,-0.06258717580294547,0.6924884027522199,0.29796565694522537,143,,,,
47.2749833754894,13983.0,1134.48,-0.04617680687306191,0.31367270825868787,0.33621988305474315,140,,,,
47.275073701783754,13984.0,1134.44,-0.027666933592531362,0.3251746596781998,0.32179231775369505,140,,,,
47.275244045503214,13985.0,1134.4,-0.008334637089395778,0.6132373900690183,0.33939446755973135,136,,,,
47.2756106574857,13989.0,1134.44,0.002486675255125953,0.32995078423651375,0.40616054724031336,134,,,,
47.275854806822636,13991.0,1134.48,0.012734822945474306,0.43946880648949865,0.5200174585806092,131,,,,
47.27602721518235,14000.0,1134.52,0.023654356205467075,0.06896334388717529,0.5026112979589991,133,,,,
47.276236955525896,14003.0,1134.56,0.03449548726432515,0.2516884122515643,0.49936108168862736,130,,,,
47.27678109962693,14006.0,1134.6,0.045111923601722975,0.6529729212389203,0.49800976758314813,127,,,,
47.2776691051422,14009.0,1134.6,0.056131785831486924,1.0656066183278454,0.525900442691,126,,,,
47.27805233140295,14017.0,1134.6,0.04487323424714189,0.1724518173342425,0.529808321761781,128,,,,
47.27836658894933,14025.0,1134.6,0.03405792152154637,0.14141589587478362,0.4986635701912684,129,,,,
47.27877011112177,14032.0,1134.6,0.02264439134133822,0.2075256886828942,0.5184398250854645,126,,,,
47.27920596265092,14034.0,1134.6,0.01082131234452173,0.7845327524647955,0.5288950924465646,123,,,,
47.279831803220084,14040.0,1134.6,0.0,0.37550434149931383,0.491593336323122,122,,,,
47.28021702489438,14048.0,1134.6,0.0,0.1733497534305506,0.41982651857535236,122,,,,
47.28091774422307,14057.0,1134.6,0.0,0.2802877314760803,0.4298884185020001,123,,,,
47.281873748647754,14065.0,1134.6,0.0,0.4302019911103488,0.4607076586492888,125,,,,
47.28261901647542,14070.0,1134.6,0.0,0.5365928359195328,0.47753435903904384,122,,,,
47.28310824620919,14072.0,1134.6,0.0,0.8806135207843588,0.4385925671129972,122,,,,
47.284148533803894,14083.0,1134.6,0.0,0.34045775826666047,0.4582093518256918,120,,,,
47.28537502961433,14092.0,1134.6,0.0,0.4905983241730806,0.45350405313528996,120,,,,
47.28652716602586,14102.0,1134.6,0.0,0.4147691081515862,0.43086382347526675,120,,,,
47.28742851384371,14109.0,1134.6,0.0,0.46355030631846006,0.3890562795484088,117,,,,
47.288063705164404,14113.0,1134.6,0.0,0.571672188626259,0.3378434951000864,115,,,,
47.28855485925645,14127.0,1134.6,0.0,0.1262967665265332,0.34589610691893563,114,,,,
47.28873447737271,14139.0,1134.6,0.0,0.053885434875846856,0.326558177030148,114,,,,
47.288781636185426,14153.0,1134.6,0.0,0.012126551841769941,0.32056396922724073,113,,,,
47.28889716531165,14170.0,1134.6,0.0,0.02446499143630892,0.30015255667959384,116,,,,
47.28943113177775,14172.0,1134.6,0.0,0.9611396389728513,0.31052859696210067,116,,,,
47.28992139330901,14184.0,1134.6,0.0,0.14707845937878383,0.4468383957492149,113,,,,
47.2903937601376,14188.0,1134.6,0.0016507875017575575,0.425130145729663,0.5774229280174707,113,,,,
47.290831844870226,14196.0,1134.6,0.00855428716084309,0.19713812968298294,2.46254210778011,113,,,,
47.29179893169781,14203.0,1134.6,0.01717830348681822,0.49735893989985624,2.9787149535667337,110,,,,
47.292662175198274,14205.0,1134.6,0.029122650387956396,1.5538383008314418,3.7678405114212383,110,,,,
47.29468808517734,14212.0,1134.6399999999999,0.04316441128099656,1.0418965606636441,6.885770635618198,110,,,,
47.298577835802845,14213.0,1134.8399999999997,0.05726881157082542,14.003102251806796,7.903439607514409,110,,,,
47.30301112425292,14218.0,1135.1200000000001,0.06817435860224877,3.191967684052296,9.068356412878636,111,,,,
47.308032761453696,14222.0,1135.56,0.0807321148078647,4.519473480699297,10.531411314632289,111,,,,
47.31366199126595,14223.0,1136.1200000000001,0.090454988944545,20.265227324118296,12.951739306321311,112,,,,
47.31889220664665,14226.0,1136.72,0.0982967432615869,6.276258456841669,13.609866748497833,113,,,,
47.32286123114147,14228.0,1137.2,0.10431206617355175,7.144244090661048,15.59335956898986,116,,,,
47.32766935500299,14230.0,1137.7599999999998,0.10741766805788382,8.65462295074121,16.386869107156002,119,,,,
47.33167996971476,14231.0,1138.2,0.10752056119218827,14.438212962376843,17.39753204131224,118,,,,
47.33520209094589,14234.0,1138.56,0.10498205865046994,4.226545477355458,17.72785148411516,123,,,,
47.33870238346215,14235.0,1138.92,0.10390567825852573,12.601053058535404,15.5034892693541,127,,,,
47.343171789597655,14236.0,1139.4,0.10135085529484626,16.089862087828813,16.332006333138875,129,,,,
47.348265232638454,14238.0,1139.8400000000001,0.10115995344481155,9.16819747344353,16.431531269713027,133,,,,
47.35394085617907,14241.0,1140.3200000000002,0.09860576299044047,6.810748248739333,18.305936195311613,135,,,,
47.360621920170146,14245.0,1141.0,0.09843161947211657,6.012957591966531,16.96829219501945,138,,,,
47.36684855896438,14247.0,1141.6399999999999,0.10032769395168843,11.207949829613336,18.191094002220318,138,,,,
47.37327999645612,14250.0,1142.28,0.10474262430006276,7.717724990086836,18.52107785535282,139,,,,
47.37870145607314,14251.0,1142.9199999999998,0.10818707937092557,19.517254621275413,16.905771449567975,139,,,,
47.38412733135928,14254.0,1143.56,0.11192860619950465,6.511050343373788,16.59875945449176,141,,,,
47.39061537421391,14256.0,1144.2399999999998,0.11527401307498042,11.678477138334891,16.481376583361044,144,,,,
47.39843371279368,14258.0,1145.08,0.11137966787084161,14.073009443591452,19.23992642225993,147,,,,
47.407148976924105,14263.0,1146.0,0.10590511668478467,6.274990173904073,18.376449131293946,148,,,,
47.41528984832609,14267.0,1146.84,0.10114088866349409,7.326784261786923,20.268348889392964,149,,,,
47.42377161765603,14272.0,1147.72,0.09829539182809696,6.106873917559163,21.031191242161064,150,,,,
47.43015235356091,14273.0,1148.3600000000001,0.09656007253663283,22.970649257571225,20.84117553148517,150,,,,
47.43523196317316,14276.0,1148.8000000000002,0.09716335327007013,6.095531534690426,20.361907535632202,150,,,,
47.44065011252677,14277.0,1149.24,0.0976872168015462,19.505337672986208,20.587383773847314,151,,,,
47.44771429126784,14278.0,1149.76,0.09508190680714945,25.43104346786493,20.959029811629467,151,,,,
47.45468157120606,14283.0,1150.3200000000002,0.09388114008679375,5.0164415555179085,21.15696528979834,151,,,,
47.46304304610428,14286.0,1151.04,0.09096288710638487,10.033769877870824,22.079010977137877,151,,,,
47.472378108314444,14288.0,1151.9199999999998,0.09182973463494166,16.803111978293654,19.513918562257796,151,,,,
47.47979426800934,14291.0,1152.6799999999998,0.0948006230153881,8.899391633882164,21.745713107510664,152,,,,
47.48696148784067,14294.0,1153.48,0.09894859188411483,8.600663797589608,19.67507132959197,156,,,,
47.49339664173178,14296.0,1154.16,0.10070624335695832,11.583277004005616,18.68456740481047,157,,,,
47.49996644968606,14300.0,1154.84,0.1037308900049763,5.912827158855547,18.83883747032828,158,,,,
47.50528936752889,14301.0,1155.44,0.10357383616273438,19.162504234179124,20.99310830307111,157,,,,
47.511649709660524,14305.0,1156.08,0.10110700732180562,5.724307918475097,19.589713904656318,157,,,,
47.516869190150246,14306.0,1156.6399999999999,0.10110027386539037,18.790129763001875,19.195740650502206,157,,,,
47.523106608202255,14310.0,1157.32,0.10057820179912665,5.613676246810567,22.1208260927694,157,,,,
47.529371331501814,14311.0,1157.96,0.10061017929542859,22.553003878417037,21.158686215062648,158,,,,
47.53575457245167,14314.0,1158.6,0.10152075240977661,7.65988913983108,22.10807250189329,157,,,,
47.54260467205815,14318.0,1159.3200000000002,0.10514631147368969,6.165089645823854,21.541155426667757,158,,,,
47.54970335557879,14319.0,1160.04,0.10548287813455089,25.555260674324675,21.432432072392615,158,,,,
47.556239974449035,14324.0,1160.72,0.10804905652410406,4.706365586572402,19.35162975286741,159,,,,
47.56309480210259,14326.0,1161.48,0.10915537687470947,12.338689776393572,20.524052257285373,159,,,,
47.57170076132089,14328.0,1162.3600000000001,0.10790868806470763,15.490726592938298,17.94508793601178,159,,,,
47.5786538943836,14333.0,1163.0800000000002,0.10700991122863127,5.006255805150697,17.779007016917983,160,,,,
47.58579992218431,14338.0,1163.8799999999999,0.10730889934247387,5.145140016509009,21.393497702344995,159,,,,
47.59316266080671,14340.0,1164.72,0.10775247997812584,13.252929520326731,18.192015154856737,159,,,,
47.598818660901614,14343.0,1165.3600000000001,0.10866214191198191,6.787200113878267,18.3632015754252,160,,,,
47.60475344780947,14347.0,1166.0400000000002,0.11107502870428299,5.341308217073237,18.011411148823193,160,,,,
47.612279559065136,14348.0,1166.84,0.10811786074926648,27.09400052038849,16.72242031084782,160,,,,
47.62002932626626,14353.0,1167.6399999999999,0.10791667009081343,5.579832384812333,16.89683666516044,160,,,,
47.62784943266534,14358.0,1168.4,0.10516039470919296,5.630476607338362,19.579565990230627,160,,,,
47.6366934623711,14361.0,1169.3200000000002,0.10262697486500752,10.612835646910575,18.19745837642143,160,,,,
47.643510815472496,14364.0,1170.0,0.1027285720155213,8.18082372167452,18.927472464909236,160,,,,
47.65015154954121,14368.0,1170.72,0.10351199831586404,5.976660661838588,19.070525671006756,160,,,,
47.65633593668838,14369.0,1171.3200000000002,0.10245892226295521,22.263793729824137,15.468114156881217,160,,,,
47.662537234602226,14374.0,1171.96,0.10384453300009418,4.464934497970723,18.533015885415374,159,,,,
47.66881851739566,14376.0,1172.56,0.10301517839123393,11.3063090281814,18.284471149323227,158,,,,
47.67510880665039,14379.0,1173.2,0.1007563375809379,7.5483471056791815,17.418284133625455,158,,,,
47.681042554295054,14383.0,1173.8400000000001,0.10202146131797521,5.340372880193715,19.94562211161685,158,,,,
47.68803515173765,14384.0,1174.64,0.10177720165092437,25.173350793361777,19.79407566548862,158,,,,
47.694228721057236,14389.0,1175.28,0.10267048745578933,4.459369910100991,20.329295223223347,158,,,,
47.70054835266349,14394.0,1176.0,0.10453686838358903,4.55013475649992,20.49292086505701,157,,,,
47.7069561432705,14395.0,1176.72,0.10432262040369045,23.068046185257824,19.525011253657134,157,,,,
47.71377090792173,14399.0,1177.4,0.10555340658719403,6.1332881861014386,20.964624232356318,155,,,,
47.72068805166821,14400.0,1178.08,0.10730314034858113,24.901717487339674,22.515343236414616,154,,,,
47.727976895973164,14405.0,1178.88,0.10501619366396828,5.247967899563502,19.178263122846676,156,,,,
47.73439569595092,14410.0,1179.52,0.10524577228099738,4.62153598398587,19.42419598039406,157,,,,
47.743180265588954,14412.0,1180.36,0.10609622700781321,15.812225348461201,21.093258784114333,158,,,,
47.75173664088593,14414.0,1181.2400000000002,0.10473612491745683,15.401475534558937,18.452074969669106,158,,,,
47.758973869725736,14420.0,1182.0,0.104043126197333,4.342337303885103,18.57869911515382,158,,,,
47.76675230102152,14425.0,1182.7599999999998,0.10571115665852973,5.600470532964419,19.089058789621625,159,,,,
47.7751917232973,14427.0,1183.64,0.10559787615572744,15.190960096399799,19.026642598040272,159,,,,
47.78129830603581,14430.0,1184.3600000000001,0.10791876200734565,7.327899286210571,19.110597104141608,158,,,,
47.78764451386678,14434.0,1185.04,0.1079138587221606,5.711587047873977,20.658904204020736,160,,,,
47.79538194166345,14435.0,1185.84,0.1074990292181228,27.854740068002553,19.167330370532145,160,,,,
47.8022199752388,14440.0,1186.6,0.10556205787151818,4.923384174253277,20.946164054795883,159,,,,
47.80924500498604,14445.0,1187.32,0.10451442735638423,5.0580214180150636,20.573983911145184,159,,,,
47.816326044479105,14446.0,1188.0,0.10090295602059898,25.491742175047428,20.554820843105535,160,,,,
47.822615021023346,14450.0,1188.6799999999998,0.10134787170301521,5.66007888981527,22.400960605608358,160,,,,
47.82704946896583,14451.0,1189.16,0.10021845619641397,15.964012592945945,21.98514920001402,160,,,,
47.83135177321309,14455.0,1189.66,0.10047177460066707,3.8720738225344467,18.205933933541253,161,,,,
47.83564364865285,14456.0,1190.1,0.1002518781354849,15.450751583111975,18.8388814699021,161,,,,
47.840830820930094,14457.0,1190.6200000000001,0.10068723327272273,18.673820198091814,18.892741964327648,161,,,,
47.84512354916474,14461.0,1191.02,0.09920662136043153,3.863455411182663,15.985618868407467,161,,,,
47.850163067534645,14464.0,1191.58,0.09925906789644197,6.047422043882286,15.930967948548266,159,,,,
47.855608409883125,14466.0,1192.1200000000001,0.1004275050895799,9.801616227266988,16.526877424869117,159,,,,
47.86091307402439,14469.0,1192.72,0.10309330880551146,6.36559696951971,16.75004120660158,159,,,,
47.865303108674766,14471.0,1193.24,0.1043818084556459,7.902062370682262,17.653824201747874,159,,,,
47.87114079893504,14475.0,1193.88,0.10572409590513057,5.253921234247251,15.65644485479676,159,,,,
47.87639084185792,14476.0,1194.44,0.10769646011575482,18.900154522367234,19.363582833823024,160,,,,
47.8831609629086,14481.0,1195.1599999999999,0.10531606446393497,4.874487156487741,19.41306197742056,159,,,,
47.88887872421666,14482.0,1195.7599999999998,0.10354115262379118,20.583940709032984,18.916989120882377,159,,,,
47.89660533008037,14487.0,1196.52,0.1029292142687818,5.563156221870315,23.342780504208697,159,,,,
47.90395135448695,14488.0,1197.24,0.10378595878582045,26.445687863697923,23.077068087242132,160,,,,
47.91121605402159,14493.0,1197.92,0.10407640171147892,5.230583664938341,23.117535993207934,160,,,,
47.91856758582383,14497.0,1198.64,0.10692443390043045,6.616378622020899,21.028252312940996,161,,,,
47.92754157303457,14498.0,1199.52,0.1056634322542294,32.306353958647264,21.07020322960564,161,,,,
47.93631286100485,14504.0,1200.4,0.10675868202284018,5.2627727821721875,20.125240325760696,161,,,,
47.94537772184751,14509.0,1201.3600000000001,0.10428415402844782,6.52669980671384,20.31715403189946,161,,,,
47.95491416195578,14514.0,1202.3600000000001,0.103341888452268,6.8662368779561485,16.791790351065607,160,,,,
47.9633869179817,14519.0,1203.2,0.1031262802135277,6.100384338664932,19.386170567754995,161,,,,
47.97170427714457,14521.0,1204.04,0.10360477206473155,14.971246493156622,19.177126502781192,161,,,,
47.97820177164399,14524.0,1204.7199999999998,0.10126396122232853,7.796993399300553,17.236292117650834,162,,,,
47.984809484184524,14529.0,1205.4,0.10060607890848976,4.757553029183226,17.29988703266435,161,,,,
47.99097273350287,14530.0,1206.04,0.09790300001134106,22.187697546051492,17.51583372287358,161,,,,
47.99762466279347,14535.0,1206.72,0.0970519321278818,4.78938908922915,18.894707969897773,161,,,,
48.00367231824827,14536.0,1207.3200000000002,0.09672733462402722,21.771559637286536,18.939820550149484,161,,,,
48.01024851294549,14540.0,1208.0,0.09609259843181202,5.9185752274965004,17.41722575955614,159,,,,
48.016932038996735,14543.0,1208.6399999999999,0.09831813439349113,8.02023126150139,18.82741546761546,159,,,,
48.02539697214363,14545.0,1209.48,0.10074935687829119,15.23687966441507,20.59555282667962,160,,,,
48.03292627205566,14550.0,1210.24,0.10145064028305013,5.421095936661433,17.862574452504568,162,,,,
48.03993039140831,14555.0,1211.0000000000002,0.10222843216825961,5.042965933907535,18.090897314195963,162,,,,
48.048825266396,14557.0,1211.8799999999999,0.10456719811216235,16.010774977840047,17.133784399912507,162,,,,
48.057749752964405,14559.0,1212.8,0.10329524064396704,16.064075823129638,17.336231893086783,162,,,,
48.065428259757816,14565.0,1213.56,0.1014150342948972,4.607104076045434,17.259054602545863,162,,,,
48.07369694257018,14570.0,1214.3600000000001,0.0976614318600296,5.953451624903312,16.59076881792711,162,,,,
48.08254276174568,14572.0,1215.2,0.09656517215045358,15.922474515900277,16.602245155865656,163,,,,
48.08936509541955,14575.0,1215.8799999999999,0.09672052207802442,8.186800408648864,18.10776392617266,162,,,,
48.0957249516371,14578.0,1216.44,0.09601705445116453,7.6318274610624455,16.383015266883262,163,,,,
48.1021316481908,14580.0,1217.04,0.09479992633766182,11.532053796651189,14.763586648823141,163,,,,
48.10951987176346,14584.0,1217.76,0.09606145577307895,6.649401215393321,16.495546847905736,162,,,,
48.11813715055545,14586.0,1218.56,0.09443495406383635,15.5111018255759,16.849018184095605,161,,,,
48.1267986957829,14591.0,1219.36,0.08969963859826349,6.2363125637664885,15.295102677118994,160,,,,
48.13504274714601,14596.0,1220.16,0.08778113501418297,5.935716981436519,15.909282273466792,163,,,,
48.144452086903165,14598.0,1221.0,0.08693305992963515,16.936811562876585,16.428963198367576,167,,,,
48.152546927625856,14601.0,1221.6799999999998,0.08547041260204691,9.71380886723125,15.748675267551368,168,,,,
48.15906797563129,14605.0,1222.16,0.08336280160830822,5.868943204890576,16.53738554098685,167,,,,
48.166204822346224,14607.0,1222.6799999999998,0.08130806015173353,12.846324086886206,15.026675582464526,167,,,,
48.172739239596005,14609.0,1223.1599999999999,0.07842967156048546,11.761951049600793,15.389765986063228,167,,,,
48.17941287088143,14612.0,1223.6399999999999,0.07609053986977246,8.008357542504774,15.223440256441867,166,,,,
48.18654591771959,14614.0,1224.16,0.07275649455283312,12.839484308696282,14.579731223194816,164,,,,
48.19487409437184,14619.0,1224.76,0.0719945992412761,5.9962871896209355,14.163949436509151,163,,,,
48.20258188409738,14622.0,1225.3200000000002,0.07285799170994797,9.249347670643717,14.841299649163933,164,,,,
48.211232950261284,14627.0,1225.92,0.07503678346110546,6.228767638011486,13.862093531585526,163,,,,
48.21869998736706,14629.0,1226.48,0.07687191001077052,13.440666790392006,15.51934655270468,163,,,,
48.226702417007836,14633.0,1227.08,0.08038819123011678,7.2021866766981,15.287313344666078,162,,,,
48.23298871153073,14635.0,1227.6,0.0816867792026196,11.315330141212886,16.630405481704578,162,,,,
48.240534466951004,14640.0,1228.24,0.08425025406493794,5.4329439025982635,16.480369499784764,161,,,,
48.24668594438736,14641.0,1228.8,0.08476106319422458,22.145318770867828,17.81521730486273,160,,,,
48.254066317296925,14646.0,1229.44,0.0848816594599165,5.313868494885864,17.88950612795145,160,,,,
48.259836443132386,14647.0,1229.96,0.08523048729289723,20.772453007663472,18.69134503814454,160,,,,
48.26634104095832,14652.0,1230.6,0.0857893749714045,4.68331043467241,19.152117688118373,158,,,,
48.27113385094181,14653.0,1231.08,0.08630487321301171,17.2541159405767,18.37397900404282,159,,,,
48.27643060643443,14656.0,1231.56,0.08707673749379075,6.356106591146954,19.36177549937856,158,,,,
48.28133434247973,14657.0,1232.04,0.0904783637563638,17.653449763091267,17.521878704392368,158,,,,
48.28677047107546,14659.0,1232.56,0.09016819504333777,9.78503147231136,17.62957120764816,158,,,,
48.29234696506676,14663.0,1233.0400000000002,0.09271804726937094,5.018844592174743,15.393132308737128,158,,,,
48.29912288364444,14665.0,1233.68,0.09323035744896564,12.196653439821112,17.255105969568152,158,,,,
48.30727785515579,14668.0,1234.48,0.09417277628041956,9.785965813611256,15.771148059514854,159,,,,
48.31455939407311,14672.0,1235.16,0.09503543867929506,6.5533850255857695,15.911699797065163,158,,,,
48.322906794325746,14677.0,1235.96,0.09593707136594436,6.010128181900458,17.220471666730525,159,,,,
48.33213691915027,14679.0,1236.8,0.0962727793709666,16.61422468414408,16.674609464514226,160,,,,
48.34027453596031,14683.0,1237.48,0.09736994994643633,7.323855129036386,18.95760401369564,160,,,,
48.34796335805497,14687.0,1238.16,0.09724117234987029,6.919939885188863,18.06683797288695,161,,,,
48.35505343700628,14688.0,1238.8,0.09364332223171443,25.52428422472911,18.037565825286,161,,,,
48.36199283340001,14692.0,1239.44,0.09333440849040002,6.24545675435242,18.14911750826337,161,,,,
48.367660595518046,14693.0,1240.04,0.08982548347956731,20.403943624944205,18.692648319858613,162,,,,
48.37421613081897,14697.0,1240.6799999999998,0.08639000078974723,5.899981770833334,17.242955084666313,163,,,,
48.37981157643467,14699.0,1241.2,0.08407252821344369,10.071802108253872,17.828243947912874,163,,,,
48.38621402145502,14702.0,1241.8,0.08247360807147967,7.682934024421512,17.712966785773162,164,,,,
48.39181117196878,14704.0,1242.2800000000002,0.08011314375446324,10.074870924781454,15.498222808638124,164,,,,
48.39881556373781,14707.0,1242.8,0.07820886615395015,8.405270122837582,15.637403324023463,165,,,,
48.40549660645687,14709.0,1243.2800000000002,0.07651215610392137,12.025876894300254,14.965822536365902,166,,,,
48.41320045277016,14713.0,1243.84,0.07417039248748537,6.933461681958918,14.926114833353726,166,,,,
48.42042110086124,14715.0,1244.36,0.07275111064436708,12.997166563938855,14.296852170459724,166,,,,
48.42925094581103,14719.0,1244.96,0.07007593987973018,7.946860454807261,15.936385415518023,166,,,,
48.43918029558568,14721.0,1245.6,0.06879915372821777,17.87282959437672,15.542111590712356,166,,,,
48.449318511708015,14726.0,1246.28,0.06599340218803977,7.299515608082047,16.54593205837237,165,,,,
48.46026934521489,14732.0,1246.92,0.06474602547723893,6.570500104126519,15.75521764254304,165,,,,
48.47159343204958,14734.0,1247.56,0.06166189112515056,20.38335630244145,16.58865103604746,164,,,,
48.4830961709519,14739.0,1248.1599999999999,0.058873056766667764,8.281972009674371,15.456965418270737,163,,,,
48.4925244988185,14741.0,1248.6399999999999,0.05467697746643352,16.970990159867135,17.47105874424111,163,,,,
48.50315465262198,14746.0,1249.16,0.049612352973993766,7.6537107385075895,16.51321066372081,163,,,,
48.511329099905694,14748.0,1249.56,0.04333830096522909,14.714005110687584,16.181261392204576,163,,,,
48.51932827424259,14753.0,1249.88,0.03775143526350022,5.759405522562965,16.57611955223242,160,,,,
48.52669985868985,14754.0,1250.1200000000001,0.03258142132755912,26.537704010150176,15.54229086992041,160,,,,
48.534347610902884,14756.0,1250.2800000000002,0.02778348310920838,13.765953983454457,17.917252323448785,159,,,,
48.540802420487864,14760.0,1250.3600000000001,0.024055229551611094,5.809328626483062,16.23520811025694,157,,,,
48.54736352442236,14762.0,1250.44,0.020093597634620104,11.809987082092569,16.40365431998563,153,,,,
48.55635786869615,14764.0,1250.56,0.01753721534744367,16.189819692829296,17.30812980519085,150,,,,
48.5652998433736,14765.0,1250.6799999999998,0.01565569924308018,32.19110883881266,17.31640616004714,150,,,,
48.57395276161963,14771.0,1250.8,0.014291974521370468,5.191750947615294,15.166728444798423,147,,,,
48.58591780286265,14775.0,1250.96,0.01422196795745492,10.768537118718289,14.649786012496781,144,,,,
48.60008409075273,14777.0,1251.1599999999999,0.01438777227113335,25.49931820214013,15.904711972755672,142,,,,
48.61393894618875,14784.0,1251.3600000000001,0.014583706010158116,7.125354224238771,15.616625054852767,140,,,,
48.62691663888149,14789.0,1251.52,0.01399387927487177,9.343938738772433,16.318860772604694,138,,,,
48.64084183404122,14794.0,1251.72,0.013824994206749642,10.026140515002645,15.321366172258502,141,,,,
48.650936317457685,14796.0,1251.84,0.013314909816438764,18.17007014963976,16.007146878272483,142,,,,
48.658929114116546,14799.0,1251.96,0.01277014041420307,9.591355990630586,16.901033117069474,138,,,,
48.66537558396035,14800.0,1252.0400000000002,0.012412578367213363,23.207291437674325,16.19785201467186,135,,,,
48.67188814645854,14801.0,1252.16,0.012252671441837951,23.44522499350148,16.59436787888125,134,,,,
48.678458329527544,14803.0,1252.2400000000002,0.01253359733740948,11.826329524206457,16.71818477224408,134,,,,
48.689139391576916,14805.0,1252.3600000000001,0.01248867017981863,19.225911688863924,17.89164741882866,134,,,,
48.70504205448693,14808.0,1252.56,0.013490142222434841,19.0831954920206,18.130678974736743,135,,,,
48.72308236418204,14814.0,1252.8000000000002,0.014010536540439924,10.824185817066054,18.304009322894707,134,,,,
48.743310770604275,14821.0,1253.08,0.015587960395216215,10.403180445718847,17.41712057865264,136,,,,
48.766147329935805,14825.0,1253.4,0.01712698587741432,20.552903398377058,17.799364195212885,136,,,,
48.788072032055084,14829.0,1253.8,0.01950513217913772,19.73223190735066,17.58814825803082,139,,,,
48.80591943997347,14835.0,1254.1200000000001,0.021344417690792615,10.708444751033225,16.5544182831828,137,,,,
48.82550576767126,14840.0,1254.56,0.02289683256106899,14.102155942407398,17.409778600936296,136,,,,
48.84661296333816,14843.0,1255.0400000000002,0.02441802064927699,25.32863480027772,18.797398687441056,134,,,,
48.864527669671595,14850.0,1255.56,0.025134193753798644,9.213277542910658,19.394805165978678,132,,,,
48.87928262552764,14856.0,1256.0,0.026975933399482628,8.852973513625212,18.07542993478115,131,,,,
48.893105676575146,14858.0,1256.44,0.02915515010758448,24.88149188552236,20.706909242480652,132,,,,
48.90500416754614,14860.0,1256.8799999999999,0.03309487023481704,21.417283747780132,20.358257585198377,135,,,,
48.9129423927193,14862.0,1257.1999999999998,0.03580606446863597,14.288805311695642,21.049429011238615,137,,,,
48.923461827125,14867.0,1257.6399999999999,0.039528857526398564,7.573992772106783,19.88927322536567,137,,,,
48.93421142005905,14868.0,1258.12,0.04152323108952715,38.69853456256322,19.91190825595367,137,,,,
48.945427103380155,14874.0,1258.7199999999998,0.04463526400711974,6.72940999266287,20.608051237758232,137,,,,
48.95533635939553,14876.0,1259.24,0.0469521481749658,17.836660827677715,19.356944573717957,136,,,,
48.966399819431,14879.0,1259.88,0.04987138820501162,13.276152042562824,17.7529018417113,137,,,,
48.97540898622458,14883.0,1260.4,0.05397800954490983,8.10825011422239,18.539389797238854,138,,,,
48.9859936470591,14886.0,1261.0,0.057742771403108864,12.70159300141984,19.1125373597428,139,,,,
48.99605909336831,14889.0,1261.52,0.06040327864532696,12.078535571051125,15.09803997175294,139,,,,
49.005612702515606,14894.0,1262.08,0.06199903299720507,6.878598586052206,15.566767026453741,139,,,,
49.015712446079476,14896.0,1262.6399999999999,0.06218106844091946,18.179538414966263,13.729201249374992,140,,,,
49.025002229882595,14899.0,1263.2,0.05757973986183103,11.147740563743882,12.09899692855601,141,,,,
49.031814360777275,14903.0,1263.6799999999998,0.052519900122548445,6.13091780521411,11.183838958226183,142,,,,
49.03763566693855,14905.0,1264.1200000000001,0.04375140483933377,10.47835109029102,9.583833013466862,143,,,,
49.040554487977936,14908.0,1264.4,0.03288196368702017,3.5025852472636356,8.112541393902083,144,,,,
49.041689352956745,14913.0,1264.48,0.021839397339534716,0.8171027847449639,7.322276415492903,143,,,,
49.04408381779679,14919.0,1264.48,0.015268025621855485,1.4366789040266605,4.841894690621449,141,,,,
49.04694884579436,14928.0,1264.4,0.004689879797501789,1.1460111990295612,3.464196048895123,140,,,,
49.04956708247092,14933.0,1264.2800000000002,-0.0022995803731235545,1.8851304071255666,2.6751542858654753,137,,,,
49.05106826165926,14936.0,1264.2,-0.014417978363466538,1.8014150260019868,1.3640202623064397,136,,,,
49.05195446178411,14943.0,1264.2,-0.032968447278766154,0.4557600642118024,0.9230180162539664,133,,,,
49.05297897925031,14945.0,1264.1599999999999,-0.04308389680538192,1.8441314391639299,0.8416764248501399,133,,,,
49.05346823760273,14952.0,1264.16,-0.0338205112505967,0.25161858124236375,0.6933320818641857,133,,,,
49.05373426209162,14959.0,1264.1200000000001,-0.04160183565315242,0.13681259428848982,0.5772323708792989,135,,,,
49.05396531592492,14967.0,1264.0400000000002,-0.04788694673036458,0.10397422498245622,0.40113369165079193,134,,,,
49.054427423593985,14974.0,1264.0,-0.05486971679072332,0.23765537266080858,0.24817249368639055,137,,,,
49.05498449819964,14982.0,1264.04,-0.07839110353886422,0.2506835725439528,0.23262119687205135,137,,,,
49.055112141600695,14989.0,1264.0,-0.111251219032006,0.0656451776852732,0.1162875858500391,136,,,,
49.05557416836613,14996.0,1263.9599999999998,-0.13767529597027278,0.2376137650812571,0.0991169557591706,135,,,,
49.05585553396296,15001.0,1263.92,-0.14510060883970832,0.20258322971828174,0.10597709111108114,135,,,,
49.05627253747722,15004.0,1263.8400000000001,-0.13178300336584686,0.5004042171115066,0.13962504551836902,132,,,,
49.05673808035894,15009.0,1263.7199999999998,-0.12342751459006225,0.3351908748371299,0.18009395865717767,130,,,,
49.05685037406532,15017.0,1263.6399999999999,-0.13269090014484747,0.05053216787201946,0.1843315735826846,128,,,,
49.057080940927165,15019.0,1263.6,-0.12205005839993008,0.41502035131862924,0.18973887635677228,132,,,,
49.05736647593545,15020.0,1263.6,-0.124716853545348,1.0279260298308461,0.19268086313850355,135,,,,
49.0577607283652,15021.0,1263.6,-0.12732225458508264,1.4193087470949313,0.1930270123688131,138,,,,
49.05801204009588,15023.0,1263.6,-0.1323438264130873,0.45236111521820527,0.18376894824516288,142,,,,
49.05835750014362,15029.0,1263.6,-0.12555820403090526,0.20727602864201283,0.17668550133009592,140,,,,
49.05851629636642,15031.0,1263.56,-0.11233365409918931,0.2858332010372466,0.18053804877769028,137,,,,
49.05871644751008,15035.0,1263.52,-0.10321580862246113,0.18013602929008013,0.19734787490386582,137,,,,
49.05910072558008,15041.0,1263.44,-0.10518327027210658,0.23056684200238137,0.21216833008642783,136,,,,
49.059498287748134,15051.0,1263.3600000000001,-0.10518327027210658,0.14312238050049791,0.2133506213628499,133,,,,
49.05961020545533,15054.0,1263.2800000000002,-0.10701086955600284,0.13430124863151244,0.43748387252840953,128,,,,
49.059828656253934,15055.0,1263.24,-0.10983507834583499,0.7864228749874922,0.8981393234748897,124,,,,
49.06016926877792,15056.0,1263.2,-0.09942342137270206,1.2262050863458196,1.296936363650712,120,,,,
49.060499077144634,15057.0,1263.2,-0.09128831198912211,1.1873101201709018,2.313814283579563,118,,,,
49.06407286333298,15060.0,1263.12,-0.06987082943925176,4.288543426020278,4.168324635504051,115,,,,
49.070828469733435,15064.0,1262.96,-0.04795380987591409,6.080045760410162,5.820965451511451,114,,,,
49.07884706113998,15069.0,1262.6799999999998,-0.04166900098190012,5.773385812715135,7.538902867964422,114,,,,
49.08966752144629,15072.0,1262.16,-0.04359254442478043,12.984552367569766,9.154051909529256,115,,,,
49.116151322954266,15075.0,1260.6799999999998,-0.04575712136943568,23.899186225928226,10.913555639949443,117,,,,
49.128204333226016,15077.0,1259.84,-0.04953877288745024,21.695418489145514,12.698253287000899,118,,,,
49.14079477598564,15079.0,1258.9999999999998,-0.05053366930991464,22.6627969673232,14.172373831853093,119,,,,
49.179178150312424,15083.0,1256.9199999999998,-0.050191762828853195,21.635158500437527,16.853843369644203,120,,,,
49.19230847605208,15085.0,1256.4,-0.04872467941570815,23.634586331380202,17.46239320872239,120,,,,
49.20530615405719,15087.0,1255.92,-0.04410651875986128,23.39582040920626,19.511764562197293,121,,,,
49.21709513312211,15089.0,1255.56,-0.03911062060393811,21.220162316844796,20.30836988695537,125,,,,
49.22760619996496,15090.0,1255.24,-0.033694918140091866,37.839840634272036,20.827110898165554,128,,,,
49.26834147134068,15096.0,1253.9599999999998,-0.02825862899450506,11.88762072847202,21.434568258713206,129,,,,
49.32055967510461,15100.0,1252.72,-0.023692445220064716,34.97223110734252,22.18733822881971,129,,,,
49.34527807516409,15103.0,1252.2800000000002,-0.01994690247532095,29.662080071373826,22.51283067546138,130,,,,
49.3717618594305,15107.0,1251.88,-0.016614205266039815,23.835405839769045,22.354218835375075,129,,,,
49.39980741479828,15111.0,1251.56,-0.01462405715200551,25.24099983100589,22.961449844201738,128,,,,
49.44861091221067,15116.0,1251.2,-0.013024761931461386,25.774805220475905,21.63768029427127,115,,,,
49.46767691349226,15119.0,1251.1200000000001,-0.012257368847176275,22.87920153790913,23.788379340813503,113,,,,
49.49984757413531,15123.0,1250.96,-0.013114902447785085,18.072152716440623,22.28098501595378,114,,,,
49.52754766758018,15126.0,1250.7199999999998,-0.014396532316908784,25.120283973882724,21.92487232941159,114,,,,
49.538688333100765,15128.0,1250.6,-0.017171070034616466,20.053197937057966,22.265363280985664,115,,,,
49.55982761571252,15130.0,1250.2,-0.021046010160981305,35.54605330365308,22.028156914735195,115,,,,
49.59956622097832,15135.0,1249.3200000000002,-0.026181595252414445,18.067271927449355,21.853941780301177,114,,,,
49.61469233210324,15137.0,1248.8400000000001,-0.03060394387100618,27.22700002485527,21.145922211584825,114,,,,
49.63171792249869,15139.0,1248.16,-0.03612023345480588,30.646062711806554,21.659766614363054,114,,,,
49.66279386418591,15142.0,1246.56,-0.04500965485276003,26.7326559168774,21.63347066295962,114,,,,
49.67940095943696,15144.0,1245.6399999999999,-0.05445148571756982,29.89277145189902,21.894384927570282,114,,,,
49.71283535421196,15148.0,1244.04,-0.06413925210420775,20.219124348652873,20.792276248549197,114,,,,
49.7459025183097,15151.0,1242.16,-0.06936598098493288,31.84117066795267,21.797762169199498,114,,,,
49.781052464001654,15154.0,1239.32,-0.07307202163686356,33.91218477765027,21.989444407195712,115,,,,
49.79827800010354,15156.0,1237.6799999999998,-0.07426397821520682,31.005964983385905,21.88056100067517,115,,,,
49.815580127889795,15158.0,1235.92,-0.07707974640716622,31.143830015271092,21.098014433493226,115,,,,
49.854826349256314,15161.0,1231.96,-0.07869961723543499,39.04663995331532,21.47744833491641,116,,,,
49.86541086396007,15162.0,1231.0400000000002,-0.07981220951802773,38.104252933531896,21.3811016034334,116,,,,
49.87573112885465,15163.0,1230.3200000000002,-0.08197966276282125,37.152953620494564,20.930130884621875,116,,,,
49.91031590253932,15167.0,1227.52,-0.08124587650137688,20.15297960378373,20.5923915803591,113,,,,
49.92138736596379,15168.0,1226.68,-0.0802152637685236,39.85726832810137,20.452597995931676,112,,,,
49.956599051575566,15172.0,1224.16,-0.07802227091714728,20.215276480709367,20.392209226633817,112,,,,
49.999180261219024,15176.0,1220.96,-0.07950867068866123,26.603886154683803,19.657066763142986,112,,,,
50.01593529346508,15178.0,1219.6,-0.08163939956801058,30.15905804288951,18.762091773559053,112,,,,
50.032900791054864,15180.0,1218.16,-0.08549350481064269,30.53789566162064,17.722749120816633,112,,,,
50.05064593368223,15182.0,1216.6799999999998,-0.08865049860597303,31.941256729264595,17.980930366437782,112,,,,
50.085563899614584,15185.0,1213.6,-0.09382816929440549,29.923215056349402,16.973464800334796,112,,,,
50.10030325801352,15187.0,1212.16,-0.09765313379879026,26.53084511808547,17.154744760671097,113,,,,
50.15488998647468,15192.0,1206.6,-0.09795368819030499,22.719604161083197,16.9028824888181,114,,,,
50.219508136518435,15198.0,1199.6799999999998,-0.09890774857861884,26.13910794343958,16.388606809241605,116,,,,
50.24903891981588,15201.0,1196.4,-0.10031051962636925,26.789364680093037,15.90114600784064,116,,,,
50.30510316189093,15206.0,1190.1999999999998,-0.10131448216746457,25.528895739143543,15.218506394655687,117,,,,
50.318952115990825,15208.0,1189.0,-0.09937885625917955,24.928117379810395,15.684847186541992,117,,,,
50.36315089894458,15212.0,1185.0,-0.09749155761622706,23.910973295262465,16.46010792519547,118,,,,
50.37644980982669,15214.0,1183.52,-0.09529430852026673,23.938039587796176,17.509337621887965,118,,,,
50.417287042604876,15218.0,1179.0,-0.09257560229737877,21.459116531428037,18.387348166660956,119,,,,
50.45157127180481,15221.0,1176.1200000000001,-0.08980256039003119,36.844320374078706,19.269064652074434,119,,,,
50.462124147846744,15222.0,1175.28,-0.08962860105267675,37.9903537509557,20.253720536944318,119,,,,
50.47288920400563,15223.0,1174.44,-0.0901448099178767,38.75420217199888,21.162277183025303,119,,,,
50.483771558966815,15224.0,1173.48,-0.08995207218114795,39.176477860262736,21.125684799842805,120,,,,
50.49474026879386,15225.0,1172.4,-0.08873865082792208,39.4873553773663,21.061362791306134,119,,,,
50.56278499660159,15231.0,1166.0400000000002,-0.08919625444989336,39.90944256754517,21.492362051628373,119,,,,
50.57359261398719,15232.0,1164.9599999999998,-0.09254777299128626,38.907422588138736,21.204732323378515,119,,,,
50.61174280687354,15236.0,1161.1999999999998,-0.09350186686468248,22.900235304083445,20.69403320843135,118,,,,
50.654349609319276,15240.0,1156.76,-0.09800916773340226,23.155926201249134,19.943040016841657,117,,,,
50.724854663167136,15246.0,1149.48,-0.09958161914503232,29.325329084361933,19.07489191204914,117,,,,
50.759711087767464,15249.0,1146.08,-0.0987580831504268,33.54895693421251,18.01406536080017,116,,,,
50.79328301102049,15252.0,1143.3600000000001,-0.09412482693228574,30.43857056117376,18.150347724194177,116,,,,
50.86813268801686,15258.0,1135.28,-0.08814506335626734,26.479500022656417,17.84432009559411,109,,,,
50.92621516745034,15263.0,1129.08,-0.08174167073848285,24.32964543768204,18.5024522915201,108,,,,
50.96828738968418,15267.0,1125.1200000000001,-0.08035993786937685,21.728208179177795,18.161797140599344,108,,,,
50.990981778902196,15269.0,1123.6399999999999,-0.07823594356234073,39.95909371209251,17.69594091181525,108,,,,
50.99968812269023,15270.0,1123.28,-0.07558581279284293,31.34283763691408,16.900595947921737,108,,,,
51.00836156554846,15271.0,1122.8799999999999,-0.07778463580069976,31.224394289633715,16.538925412199017,108,,,,
51.04743966343762,15276.0,1120.48,-0.07739051310202252,15.916142003884064,16.60170780132392,109,,,,
51.09837360263907,15281.0,1115.6799999999998,-0.07842498925121504,19.556164395739785,16.778468373042514,110,,,,
51.1332908568347,15285.0,1112.44,-0.08049435026170984,18.688331049292,17.147515765097857,111,,,,
51.17312399998467,15289.0,1108.3200000000002,-0.0862492210456623,23.675626063939568,16.32113457176619,113,,,,
51.1887457869966,15291.0,1106.68,-0.09324209601233523,28.1192166214769,15.831640927657167,115,,,,
51.220916239461154,15294.0,1103.3600000000001,-0.09906794898085675,29.267034219938488,15.227112985280538,116,,,,
51.25189959016274,15297.0,1100.2,-0.09903383318630786,29.80885454881595,16.578725366128907,116,,,,
51.2830988829518,15300.0,1097.04,-0.09884037407835458,30.166048942334392,17.713206771971947,116,,,,
51.31310578570983,15303.0,1094.1200000000001,-0.10199750403436703,27.112571318664315,18.123150582140774,116,,,,
51.369472258126265,15308.0,1088.8799999999999,-0.10146446577432602,24.605992951534112,18.209375184864324,111,,,,
51.40744336263574,15311.0,1085.4,-0.09573551967071711,39.533554113978674,17.978344692816485,109,,,,
51.41829640503718,15312.0,1084.28,-0.09144860335291044,39.07095264520811,17.953107671118946,108,,,,
51.4601389875925,15316.0,1079.8,-0.08864538535958165,25.941323716019916,17.90125434887775,108,,,,
51.47407799347616,15318.0,1078.44,-0.08674503384739403,25.090210590583332,17.826506151799542,108,,,,
51.517585506420794,15322.0,1074.8,-0.08586865795249835,23.558481674740023,17.732937147945016,108,,,,
51.53272675634916,15324.0,1073.76,-0.08638437411182195,27.254249871061344,17.82261846030211,108,,,,
51.565128725784156,15327.0,1071.2,-0.08822702862601754,27.58577951510358,16.90883465056604,109,,,,
51.580518477867656,15329.0,1069.92,-0.0891326487356143,27.70155375029513,16.070567876587255,110,,,,
51.609237776953876,15332.0,1067.1200000000001,-0.08874681452375673,24.08929721969038,16.19367074780247,110,,,,
51.66286082471783,15337.0,1061.96,-0.09039667464697951,24.880314079830192,16.49165906158536,108,,,,
51.67647549428283,15339.0,1060.56,-0.09557108401798342,24.50640521700745,16.67735030363404,109,,,,
51.72090583707771,15343.0,1056.2,-0.09892505597744565,26.417897929357693,16.42104784295675,111,,,,
51.73712084927207,15345.0,1054.6,-0.0987848422921334,29.18702194983918,16.869466156169434,111,,,,
51.754661440446434,15347.0,1052.9199999999998,-0.09977973665107433,31.573064113864408,16.23435987942002,111,,,,
51.7703572292938,15349.0,1051.3600000000001,-0.1004281121207478,28.252419925264338,16.953655575628453,111,,,,
51.78410167254291,15351.0,1049.9599999999998,-0.10063848115287047,24.73999784839934,17.660625001090274,111,,,,
51.817473886524624,15354.0,1046.6399999999999,-0.10015763212625584,36.59129078735207,18.028611902985546,111,,,,
51.8277360133475,15356.0,1045.56,-0.10041701919453572,18.47182828117438,18.277179836698604,111,,,,
51.83801912773508,15357.0,1044.56,-0.09789617654477442,37.01921179529138,18.278553943082912,111,,,,
51.84830897398544,15358.0,1043.6,-0.09542798586394023,37.04344650130014,18.094832803683133,111,,,,
51.8567129387209,15359.0,1042.7199999999998,-0.0933998442339907,30.254273047649463,18.065557874638653,111,,,,
51.864993875512276,15360.0,1041.8400000000001,-0.09327411522848031,29.811372448955154,18.555173512136953,111,,,,
51.87308388905851,15361.0,1041.08,-0.09810038975845517,29.124048766461332,18.33615614082404,111,,,,
51.88109242412188,15362.0,1040.2400000000002,-0.10250345816317974,28.830726228120604,18.41253016504248,112,,,,
51.88898984051274,15363.0,1039.4,-0.10619087176731064,28.43069900710391,17.375189045814196,112,,,,
51.89848813004408,15364.0,1038.44,-0.10972989698940835,34.19384231282003,16.337456376062804,113,,,,
51.908045436046635,15365.0,1037.2,-0.11103658417155571,34.406301609211226,16.590446517012776,114,,,,
51.91941678356766,15367.0,1035.76,-0.1091563042550971,20.46842553784511,16.990708680971114,115,,,,
51.93098252547261,15369.0,1034.3600000000001,-0.10986581471821047,20.8183354288967,17.50801035397996,116,,,,
51.94283736493131,15371.0,1032.92,-0.11084865844922456,21.33871102566533,17.151436564305165,116,,,,
51.9531842565905,15372.0,1031.72,-0.11289839329525878,37.24880997308018,16.802558881453482,116,,,,
51.97739036859907,15374.0,1029.7599999999998,-0.11263414522429793,39.342611067926185,16.148049801550563,116,,,,
51.988260190237504,15375.0,1028.6799999999998,-0.10700634140187633,39.1313578983655,16.156227258933356,116,,,,
52.00076103378427,15377.0,1027.48,-0.09935909137937175,22.501518384177864,16.508715322538677,117,,,,
52.026432503023166,15380.0,1024.9199999999998,-0.09382848693495315,21.295025615819732,16.73533467106226,117,,,,
52.03808941111102,15382.0,1023.8799999999999,-0.09013784236143947,20.982434558125746,17.857484358958278,117,,,,
52.05805790836737,15384.0,1022.2,-0.09023867579505057,31.648804488713136,18.173700770004455,117,,,,
52.06504159284373,15385.0,1021.5199999999999,-0.09568326778068234,25.141264114890784,17.200702918415082,117,,,,
52.071603376567246,15386.0,1020.72,-0.09834484986927802,23.622421404658063,16.40974110633722,117,,,,
52.082389468208966,15387.0,1019.72,-0.09781379173560699,38.82992991020249,17.05060379752395,117,,,,
52.09343947422262,15388.0,1018.64,-0.0949481666057314,39.780021649164986,17.682572108177165,116,,,,
52.10466638180256,15390.0,1017.36,-0.09003664395420934,20.208433643890956,18.308869514109336,116,,,,
52.129036262506595,15393.0,1014.9200000000001,-0.08805917030115416,23.50421522045702,18.67917586583829,116,,,,
52.13774750675197,15394.0,1013.96,-0.08663925569217414,31.360479283354316,19.205289176585747,116,,,,
52.14612099119671,15395.0,1013.1200000000001,-0.0836420839716833,30.144544001068205,19.597088840122133,116,,,,
52.15423974571423,15396.0,1012.6,-0.07756254762371884,29.227516263075668,18.218128659625457,116,,,,
52.16366219214561,15397.0,1012.04,-0.0689549843921119,33.92080715297232,17.818121058815827,116,,,,
52.171457627962745,15398.0,1011.4799999999999,-0.05755857006774164,28.063568941682327,18.514179291572503,116,,,,
52.184580193678954,15400.0,1010.9399999999999,-0.04874456184470537,23.620618289172178,19.09163914562506,116,,,,
52.21136792776173,15405.0,1010.0200000000001,-0.04279073381859943,12.1579747063181,19.44843757586908,117,,,,
52.22525725302309,15407.0,1009.74,-0.038299140903507535,25.00078547045161,19.047270426072586,117,,,,
52.252602680161516,15410.0,1009.2800000000001,-0.03601580277426272,23.817481458721875,19.65478638019102,117,,,,
52.27982905545272,15413.0,1008.4399999999999,-0.03330343573760662,24.676197888600715,19.26991755914308,118,,,,
52.295447463011826,15415.0,1007.8800000000001,-0.03324390671970495,28.11313360639078,18.69577323520657,118,,,,
52.32978302207945,15419.0,1006.72,-0.03388741674552734,18.495638870224063,19.71544365781863,119,,,,
52.34710063242847,15421.0,1006.3199999999999,-0.03740253536641684,31.17169862824792,20.09468534450437,119,,,,
52.37800256722302,15424.0,1005.5599999999998,-0.04141266408665536,24.546379770590917,20.2574308604984,119,,,,
52.411526323341086,15428.0,1003.96,-0.04624113024529358,19.05671481349212,19.366907679971916,117,,,,
52.4217895482712,15429.0,1003.36,-0.04898705910569977,36.947609748421435,19.084107576803323,117,,,,
52.431697929537556,15431.0,1002.64,-0.052433997591152914,17.835086279444926,18.943944827753306,117,,,,
52.43992203972968,15432.0,1002.04,-0.05556300658143094,29.606796691641943,19.64074730127478,117,,,,
52.44824364790906,15434.0,1001.4,-0.06296808466631684,14.978894722877037,18.654570935560024,117,,,,
52.455448495332526,15435.0,1000.8399999999999,-0.07087161672765899,25.937450724487867,18.26579404192225,117,,,,
52.46461891468102,15436.0,1000.1200000000001,-0.07577794128726509,33.01350965457434,18.185608533630912,118,,,,
52.474162302497646,15437.0,999.4,-0.08130941217209332,34.35619613987004,16.68144880356272,118,,,,
52.51283314264329,15441.0,996.28,-0.08519632589227749,24.385798135569846,16.51710549258258,121,,,,
52.52678652798754,15443.0,994.96,-0.08964177921620653,25.116093619658592,15.94934912520175,121,,,,
52.55364374230645,15446.0,992.28,-0.09440618392579686,22.906364314830896,16.418690623829917,120,,,,
52.59410343630621,15450.0,988.0799999999999,-0.0972743900842757,21.980671908467013,16.321815980448992,120,,,,
52.630073438768406,15454.0,983.6,-0.09735626910001306,19.497046336844246,16.46849183403236,122,,,,
52.69871737954029,15460.0,976.5600000000001,-0.09799817837670563,26.959288627562294,16.449579711688873,120,,,,
52.7127093787046,15462.0,974.9200000000001,-0.09519608235711537,25.18559849576232,17.44324197875486,119,,,,
52.74328971253241,15465.0,972.1599999999999,-0.09157341860198534,27.07339744557416,17.32255752394727,117,,,,
52.83048211847857,15471.0,965.9200000000001,-0.09018506373205304,37.6979319272141,18.086477542279948,108,,,,
52.84996691504235,15473.0,964.5199999999999,-0.08749562087299961,35.072633814805506,19.099270540736,108,,,,
52.8721226162474,15475.0,963.1200000000001,-0.08485566734111949,39.880262169088745,19.734527428028795,108,,,,
52.911862745623765,15479.0,960.72,-0.0808451195746726,22.250519978503757,20.70980524596601,108,,,,
52.929975063103974,15481.0,959.1600000000001,-0.07689821136543527,32.60217146437825,21.262076218289995,108,,,,
52.949545341583836,15483.0,957.72,-0.07681453467378593,35.22650126375234,21.560966762750326,108,,,,
52.96481687011977,15485.0,956.36,-0.07835915098387772,27.488751364679736,21.11611272648076,109,,,,
53.00232501847618,15488.0,953.04,-0.07992601488782,39.70934509390411,20.9792981982361,108,,,,
53.011318968706306,15489.0,952.1600000000001,-0.08302194274679482,32.37822082846161,19.57042502129604,109,,,,
53.02000399383288,15490.0,951.24,-0.08723706488636518,31.26609045567767,20.420914576997184,109,,,,
53.02845071404452,15491.0,950.3199999999999,-0.08902336453846303,30.408192761882503,19.973341687370425,108,,,,
53.03771442814783,15492.0,949.36,-0.09040288907679235,33.34937077191877,19.472590984886146,108,,,,
53.04785442239294,15494.0,948.24,-0.08958621033139343,18.25198964118984,19.505980798840046,108,,,,
53.058052559350976,15495.0,947.0,-0.08924074967428786,36.713293048946305,18.535158131160276,108,,,,
53.09903377629755,15499.0,943.1600000000001,-0.08508375598890976,26.902581015880266,17.426670603416657,109,,,,
53.11472625348697,15501.0,941.8399999999999,-0.08088687814331477,28.24645894095414,16.778926304981475,110,,,,
53.13042077186382,15503.0,940.76,-0.08023763835160541,28.250133078328858,16.541075596059663,111,,,,
53.14431485236338,15505.0,939.82,-0.08096314158000092,25.00934489921072,16.60307507919154,111,,,,
53.18973388649288,15511.0,937.9399999999999,-0.08146852365910522,15.08711351936106,16.87382902475955,109,,,,
53.223504098270105,15515.0,936.6800000000001,-0.07996827260058001,20.31640547530784,16.434110001536006,107,,,,
53.270343516906124,15519.0,933.4800000000001,-0.07934238260343114,25.42983963423658,16.805279502601543,107,,,,
53.30256133375583,15522.0,930.4399999999999,-0.07804444227213028,32.40095156774581,16.866225458170153,107,,,,
53.336248288839,15526.0,927.04,-0.07842607067369636,21.420304961744517,17.162061300880602,107,,,,
53.3519925812988,15528.0,925.4800000000001,-0.07930484268718366,28.339726427645367,17.455750726910967,107,,,,
53.369978852635484,15530.0,923.8399999999999,-0.08289796178662434,32.37528840603132,18.454107486611793,107,,,,
53.401067023797395,15533.0,920.8799999999999,-0.08669181658153735,29.992979840660137,19.628225817324406,106,,,,
53.4386633886764,15536.0,918.24,-0.08680176284921261,33.80832770995551,20.280697615710643,107,,,,
53.45532398312585,15538.0,917.0799999999999,-0.08430455912991582,29.98907000901044,19.317993242088356,108,,,,
53.48971176357753,15541.0,915.0,-0.08209149952644026,30.535992255093113,19.723517112081197,113,,,,
53.53509864995712,15545.0,911.32,-0.07997157534710221,38.24936344016577,19.50119682381566,113,,,,
53.544907905893176,15546.0,910.3199999999999,-0.07903997812108285,35.31332136980463,19.79464082945218,113,,,,
53.554835862610965,15548.0,909.4399999999999,-0.07846525405545286,17.870322092023304,20.26083212886798,113,,,,
53.62559669588481,15554.0,903.8799999999999,-0.0774732250428138,27.44037466949298,20.572079282424543,113,,,,
53.66776375333246,15558.0,900.0,-0.07504976420666262,24.44210949757428,20.517044598806816,114,,,,
53.702556676470344,15561.0,897.0799999999999,-0.0727590785594217,35.14335359526306,20.290564548942644,115,,,,
53.72161892512946,15563.0,895.76,-0.0692627573536742,34.31204758641697,20.45476027856911,116,,,,
53.74105810830222,15565.0,894.5600000000001,-0.06609271167137154,34.990529710967266,20.94189574507854,116,,,,
53.79296905276663,15569.0,891.1200000000001,-0.06425765795047572,26.38722791138638,21.652659901632497,117,,,,
53.85294401297173,15574.0,888.1200000000001,-0.06072143512356996,24.30625344919291,22.343652631604318,116,,,,
53.917878684864505,15580.0,885.36,-0.05692155450699361,36.28431264690104,22.112376307695094,123,,,,
53.96121488568305,15583.0,883.32,-0.05143968339834857,37.11758566772322,21.435545224908726,127,,,,
53.981889148055004,15586.0,882.2,-0.05029668553995599,24.809114846347214,21.166530522328504,126,,,,
54.02115618540607,15589.0,880.0799999999999,-0.05279775646506896,33.3910702733719,21.318831449005387,124,,,,
54.07403212209934,15594.0,877.68,-0.05671831970636275,19.12298649217594,21.711906368252183,120,,,,
54.12268543431754,15598.0,875.96,-0.06106710808535367,23.714337691129074,22.151941054434907,118,,,,
54.17078971524999,15602.0,873.0799999999999,-0.06317431840112371,29.486489766677575,21.831097457484454,121,,,,
54.20997130986926,15605.0,870.1599999999999,-0.06605187681456612,37.15407596686303,21.510974508327685,120,,,,
54.22814000115435,15607.0,868.7599999999999,-0.06891145110932037,32.70364431316257,20.824293717839875,119,,,,
54.24604683663436,15609.0,867.3599999999999,-0.0721728533128171,32.23230386402347,20.722468578115517,120,,,,
54.28351370612937,15612.0,864.0799999999999,-0.07746956912124965,35.42460454593878,21.782880289436783,123,,,,
54.30550990377547,15614.0,862.0799999999999,-0.08546931083815065,39.02989693805267,21.6099043529574,123,,,,
54.3161985917466,15616.0,861.1200000000001,-0.089835491707705,19.239638348028027,21.055453106774845,123,,,,
54.32691949293301,15617.0,860.1600000000001,-0.09028318675579251,38.59524427106333,19.823862814754115,123,,,,
54.33792911340538,15618.0,859.1200000000001,-0.09065868187550931,39.63463370054404,18.917741080001548,123,,,,
54.3753130669457,15622.0,855.2800000000001,-0.09361575005189422,24.960277136201785,18.111670323517604,122,,,,
54.40456771682699,15625.0,852.4399999999999,-0.09661599146598926,25.47472026850164,17.305647939932363,123,,,,
54.46568601509887,15631.0,846.24,-0.09945414618790194,22.952770230096284,16.678308356838905,121,,,,
54.47834844343642,15633.0,845.1200000000001,-0.10122080726953546,22.792371007591445,17.089612267600955,120,,,,
54.54097983263388,15639.0,838.64,-0.10334285937136833,23.525946492606387,16.462159065001448,115,,,,
54.607761976248284,15645.0,831.76,-0.10318504168466487,26.140187742451904,15.364858415306935,112,,,,
54.64108317597219,15648.0,828.72,-0.10072057903857198,31.251491178364756,16.182124494049635,112,,,,
54.656032511589316,15650.0,827.28,-0.09917697641411552,26.908804110830555,16.942443460182762,111,,,,
54.67243634335121,15652.0,825.8,-0.09796850752825534,29.526897171408216,17.508323454000355,111,,,,
54.699431506959286,15655.0,823.28,-0.09789536247730239,22.73231856926825,18.383298739099747,108,,,,
54.710216080876926,15656.0,822.1599999999999,-0.09694808106407615,38.82446610351088,19.127606881104782,107,,,,
54.720903855462936,15657.0,821.0,-0.09943093685328983,38.47598850963789,19.02769525390402,106,,,,
54.729911900356335,15658.0,819.96,-0.09967474173712439,32.42896161622449,19.057058709321502,105,,,,
54.740322049763044,15659.0,818.92,-0.101026244830722,37.47653786415992,19.42857598217247,105,,,,
54.750058434361186,15660.0,817.68,-0.09606056270955897,35.05098455330455,19.454377213414794,104,,,,
54.78789841015913,15664.0,813.08,-0.09131521586064241,23.21977462077809,20.785611871560626,104,,,,
54.84580461374432,15669.0,806.8799999999999,-0.08609485723378063,29.741933928453605,20.069738454239616,104,,,,
54.879242747605694,15672.0,803.4399999999999,-0.07891917040401863,30.17127109959908,20.061229136148505,106,,,,
54.96661078684873,15679.0,796.76,-0.0715636673749194,26.468373977191,21.340672317734636,106,,,,
55.00049386725357,15682.0,795.28,-0.06239148946078055,37.80081299908973,21.59232119859052,105,,,,
55.04443252311131,15687.0,793.9200000000001,-0.050620359035721,21.50989902698697,22.57487755017497,105,,,,
55.091411659626544,15691.0,792.88,-0.03676451644064857,28.049624058631125,22.863446669930813,106,,,,
55.11178168672759,15693.0,792.5600000000001,-0.023846759613279967,36.666048781878445,23.27442567323761,106,,,,
55.15771204862705,15697.0,792.4399999999999,-0.01039835978998489,26.261316053358218,23.307011999102233,106,,,,
55.184138450792226,15700.0,792.6400000000001,-0.0033879584164669837,31.711682598209876,24.722969367031645,107,,,,
55.23875141232472,15707.0,793.36,0.0024477057342573534,17.07549037417581,24.746139396424496,109,,,,
55.29385384268613,15713.0,794.28,0.007341730218287873,22.130097345199314,25.65608203395313,112,,,,
55.35235641048803,15720.0,795.28,0.011722212561886745,18.944818522712136,25.95631295916263,113,,,,
55.377123513486026,15723.0,795.64,0.014998747130839152,29.720523597599918,25.349612512812545,114,,,,
55.40470599040694,15727.0,796.08,0.017366393212586085,24.824229228820222,27.13317408555968,115,,,,
55.442677411107844,15731.0,796.6800000000001,0.020236765188890494,22.83171109529747,26.735544894824095,115,,,,
55.47915422114397,15735.0,797.36,0.023860418806966734,22.85281991667464,28.74217443682819,114,,,,
55.497992135794306,15738.0,797.72,0.027137156925383783,22.605497580397003,28.584948978503366,114,,,,
55.5179938953517,15740.0,798.1600000000001,0.031781521586102895,36.00316720330807,28.22348514310837,115,,,,
55.536620409777356,15743.0,798.76,0.036624398943754195,22.351817310787922,28.95715148769574,114,,,,
55.553363274476474,15745.0,799.5600000000001,0.040551152754528044,30.13715645841399,27.70038030733245,114,,,,
55.5675950847983,15748.0,800.28,0.04307050298210872,17.078172386192097,27.479841581598425,115,,,,
55.5784448304763,15751.0,801.1200000000001,0.04557248553362401,13.019694813604946,26.549603318514038,116,,,,
55.587039530742125,15752.0,801.8399999999999,0.04650147819774338,30.94092095697338,25.645016633077592,116,,,,
55.59334124610126,15754.0,802.4399999999999,0.04898464770270341,11.343087646440406,22.53142740991158,130,,,,
55.598287468292625,15755.0,802.8,0.050619344634209716,17.806399888919884,22.192955170457303,138,,,,
55.605362459575,15757.0,803.2,0.05111119268338734,12.734984308272987,19.690398653940623,141,,,,
55.61257017373614,15759.0,803.4399999999999,0.05239600524666298,12.97388549005755,20.049464129514377,141,,,,
55.62221456699905,15763.0,803.88,0.05385000580884762,8.67995393662181,21.667082022189312,141,,,,
55.632147381305884,15765.0,804.3599999999999,0.05424201918511475,17.879065752301823,19.11906871268764,141,,,,
55.642411176273264,15769.0,804.9200000000001,0.055227905963633764,9.237415470641297,18.684836860984383,141,,,,
55.65273049536286,15771.0,805.6,0.057003559670051496,18.57477436127065,18.1942699624106,140,,,,
55.66616926574222,15773.0,806.48,0.05778535874112074,24.189786682851484,18.630316015904523,140,,,,
55.67748738928097,15777.0,807.24,0.06193821628482628,10.186311184872165,17.95472405026674,139,,,,
55.68986497241695,15783.0,808.04,0.06352970583541538,7.42654988158735,19.494687390198663,140,,,,
55.7138749232281,15787.0,809.64,0.06489235602491943,13.079718369193234,19.775665535436303,139,,,,
55.72641181749365,15790.0,810.3599999999999,0.06423806233241391,15.044273118661634,19.722950946056137,140,,,,
55.75547671490539,15798.0,812.2,0.06088406388816977,7.518276287837969,20.323772970943658,141,,,,
55.772276085348,15801.0,813.12,0.055077805989314,20.15924453113022,18.740751524997705,142,,,,
55.789255390962836,15804.0,814.0400000000001,0.05049016138864898,20.375166737805603,18.64165266549165,142,,,,
55.80215113720158,15809.0,814.76,0.04561666265454363,9.284937291894366,19.46684547139065,145,,,,
55.82910709948178,15812.0,815.84,0.04038945422571596,25.06324570569403,19.98717282712574,152,,,,
55.84091497813633,15815.0,816.1600000000001,0.033200661477631364,14.169454385465137,19.466903897742803,153,,,,
55.85375167373707,15819.0,816.4399999999999,0.02323403972371768,11.553026040663205,19.381890371771448,153,,,,
55.868153137074465,15822.0,816.68,0.013605738455975009,17.281756004869337,20.132068740861765,152,,,,
55.880917782064756,15824.0,816.72,0.004517509830590517,22.97636098252174,18.904761947893142,149,,,,
55.89440120303231,15827.0,816.4799999999999,-0.004087723360472461,16.1801051610655,19.39916520402311,148,,,,
55.91763860064155,15832.0,815.8,-0.0125355473846405,10.153689232756959,18.069648163047297,147,,,,
55.92832835104086,15833.0,815.4399999999999,-0.020508637268463657,38.48310143751017,18.24696850049713,147,,,,
55.949791304067666,15836.0,814.72,-0.028500813460402247,16.710801688535653,18.89304163216379,147,,,,
55.96112632124493,15838.0,814.3199999999999,-0.03616336215307657,20.403030919083037,19.02610456290794,146,,,,
55.985354143781095,15841.0,813.24,-0.0427260620809284,22.39342239727689,18.77658676556964,146,,,,
56.01008020390401,15844.0,812.0,-0.04701992931137133,24.111948681736152,18.462913899675012,142,,,,
56.03824968015568,15847.0,810.4799999999999,-0.04956844755226385,25.56706563010579,19.254246934758225,141,,,,
56.05288673262991,15849.0,809.6800000000001,-0.05159916258783195,26.346694453605735,17.13588039873857,141,,,,
56.083186103250064,15852.0,807.8799999999999,-0.054344861817439624,28.2371222770435,17.188368213276743,140,,,,
56.11100759257057,15856.0,806.2,-0.05691878747498443,17.25261236807419,17.030404662518883,139,,,,
56.13758194154916,15859.0,804.72,-0.05701512937424021,23.668305297813525,17.870562054020247,139,,,,
56.147588055332534,15861.0,804.08,-0.0570613905725997,18.011004810082547,17.318429735642916,139,,,,
56.182774575598124,15865.0,802.2,-0.05641385932701985,20.117847892089777,18.04197230397012,139,,,,
56.19418581676057,15867.0,801.52,-0.05597671531943825,20.540234092402425,18.966789816135275,138,,,,
56.22718865856482,15870.0,799.5600000000001,-0.0569109716217175,35.565964374699,18.630163641549167,138,,,,
56.23716927373616,15872.0,798.9200000000001,-0.0576241057708262,17.96510730840639,19.202404920646,137,,,,
56.24726063208611,15873.0,798.3199999999999,-0.05646750665129503,36.32889005984133,18.590227826206927,136,,,,
56.27039202869431,15875.0,796.9599999999999,-0.05531985434646134,39.33800175869673,19.82305407377618,135,,,,
56.28356554983858,15877.0,796.08,-0.054272285343327085,23.712338059686356,19.450783571102082,135,,,,
56.310440076305994,15880.0,794.3199999999999,-0.05151622219381358,24.332107834835714,21.026231823042732,134,,,,
56.35212794447592,15885.0,792.04,-0.04900495190311357,14.706063059496236,20.561239463639463,134,,,,
56.385556809093075,15888.0,790.4,-0.04586483006674534,32.78651939071081,21.38174668220183,134,,,,
56.422046995081054,15893.0,788.8399999999999,-0.04415041688559216,14.121300248387808,20.86677512400219,135,,,,
56.444252316981505,15895.0,788.1200000000001,-0.043235491116673234,39.12018225241874,20.144780387823015,136,,,,
56.45171003888091,15896.0,787.8399999999999,-0.04081641547076742,26.847798837874763,20.67528651872939,135,,,,
56.45900749757042,15897.0,787.6,-0.03799127145861966,26.270851282233128,21.239841239355957,133,,,,
56.46644051514548,15898.0,787.2800000000001,-0.0391380181120176,26.758863270222733,22.635765113428594,130,,,,
56.4741382763718,15899.0,786.8800000000001,-0.04288986342480913,27.711940414750128,22.235334126077056,128,,,,
56.482396264803,15900.0,786.4399999999999,-0.04742634187451247,29.728758352340073,23.602492183966227,127,,,,
56.49122646396494,15901.0,786.0400000000001,-0.051489002644276236,31.788716982990188,23.08079970338409,127,,,,
56.50062530992339,15902.0,785.44,-0.05424832754303921,33.83584545043079,23.34168281991735,127,,,,
56.54188743103067,15906.0,782.6400000000001,-0.05450486671184196,28.947012157172416,23.136797418828806,127,,,,
56.56014263424473,15908.0,781.3199999999999,-0.0521209087653141,32.85936578529633,22.738088505015615,128,,,,
56.57867151473302,15910.0,780.12,-0.047945366104478485,33.35198487892659,22.259634458670586,129,,,,
56.595578926007526,15912.0,779.08,-0.04284012123993218,30.433340294116906,22.29506422371145,128,,,,
56.65475056523588,15917.0,776.6,-0.03815336337512894,23.772806841147695,22.343655599391667,129,,,,
56.74934311174948,15927.0,775.1600000000001,-0.032136305960299046,21.015716646655036,22.446516160515536,131,,,,
56.81453180257233,15934.0,774.8399999999999,-0.02373094955957458,19.53707726661106,22.849676628983552,134,,,,
56.899975884967496,15941.0,775.04,-0.014433891541392735,25.247933223233893,22.921252167597522,140,,,,
56.97845413919662,15949.0,775.4,-0.005893271193868761,25.34000327024161,21.638559701362958,144,,,,
57.02173021659181,15955.0,775.5600000000001,0.0021136003250251086,25.96564643711566,21.87817171104614,144,,,,
57.06277049349281,15961.0,775.8,0.007136546599099111,24.624166140599108,22.894929184761082,142,,,,
57.09615681476046,15966.0,776.0,0.010942923592624904,24.03815131270655,24.533451470307448,143,,,,
57.182580093290575,15976.0,776.9200000000001,0.013790355895503809,11.96887042772755,24.686443161004675,147,,,,
57.22234400507833,15980.0,777.64,0.015695597265000368,24.365860093396353,24.1794767010875,148,,,,
57.237346632093015,15982.0,778.04,0.016350578412128756,27.00472862644133,22.787013678592484,148,,,,
57.25462637604427,15984.0,778.5200000000001,0.016717006913419596,31.103539112265825,22.410592790362948,148,,,,
57.268902860711265,15987.0,779.0,0.016282149790460426,17.1317816003879,21.221267833174682,149,,,,
57.2829010973519,15990.0,779.44,0.01563835390286944,16.797883968764324,21.052461076339657,149,,,,
57.348541622013286,16001.0,780.4,0.013318814762300426,9.882622118318839,21.604803200919385,149,,,,
57.37816867293995,16006.0,780.6,0.009884973311527167,21.331476667198658,21.54899789710742,146,,,,
57.43634190369231,16015.0,780.88,0.007175331301412928,13.177969708548625,21.22110082840812,146,,,,
57.46227291198387,16019.0,780.8799999999999,0.0037142394414224943,23.337907462399127,19.440004087803928,145,,,,
57.51535942676262,16026.0,780.4,0.0008078280104284972,18.33485037880259,19.31357044205829,141,,,,
57.53728461251234,16029.0,780.0799999999999,-0.00250471557792271,26.310222899662172,19.369328821769095,138,,,,
57.56709409212837,16033.0,779.9200000000001,-0.004308369303203988,26.828531654429373,21.371832417584958,136,,,,
57.63494978331203,16041.0,779.3199999999999,-0.005800662178637209,16.737654492521283,21.195155599537994,136,,,,
57.6751033002378,16049.0,779.2,-0.006572592059975522,18.069082616595814,22.38428460148439,134,,,,
57.76246584297956,16058.0,778.5200000000001,-0.007123018313644663,19.572751575363277,23.06792389294747,135,,,,
57.85968031579523,16067.0,778.08,-0.006390969376721076,31.724350719446083,23.504329738024136,136,,,,
57.9072356636256,16075.0,777.8,-0.005830802309182732,21.399906523664413,24.5429309258327,138,,,,
57.95123726723299,16081.0,777.6,-0.0057490061863755115,26.400962164434034,23.806088012907956,141,,,,
57.995013616668786,16086.0,777.3599999999999,-0.00516542952309808,31.51897159377268,23.98275628845941,142,,,,
58.07095208448217,16093.0,776.9599999999999,-0.005224787981590962,23.43423425739118,25.469077176219532,146,,,,
58.11231519680706,16097.0,776.76,-0.004437809880276537,37.22680109239955,25.065111754359112,147,,,,
58.154996553005496,16105.0,776.6,-0.003549716474759844,19.206610289295295,23.985906389563063,145,,,,
58.190459011162204,16112.0,776.52,-0.0025677916898779476,18.237835623449755,23.455221449911765,143,,,,
58.300404650040704,16121.0,775.9599999999999,-0.002293611281823896,32.70318275006127,22.302342086718852,145,,,,
58.3335850448629,16129.0,775.88,-0.0017431850281543226,14.931177669987212,22.250621815359274,143,,,,
58.4035907913056,16137.0,775.92,-0.0005572883399187918,19.910859773448156,21.247979974859316,143,,,,
58.424920611971274,16142.0,776.0,0.0008291555204601325,15.357470879289112,20.328596409375926,141,,,,
58.46507990671131,16146.0,776.08,0.0016807716709899255,13.933950470676967,20.80436518659031,139,,,,
58.48162902302965,16148.0,776.08,0.0021111430331982443,29.78840937300199,21.555282238629292,139,,,,
58.52494601110453,16156.0,776.32,0.001986281981001364,12.61649246726569,22.27006255570944,137,,,,
58.589224396248454,16163.0,776.8399999999999,0.0016254979112762889,26.909723373206784,23.326958742343386,133,,,,
58.67471483530681,16173.0,777.2,0.0006030890020126903,23.52117596033816,23.322557962789432,132,,,,
58.7244245904836,16180.0,777.2800000000001,-0.0005070352110817813,25.565016948065708,23.944545140065316,132,,,,
58.77957323609081,16185.0,777.08,-0.0012128949611062017,39.707024837193565,26.1788424867098,133,,,,
58.82911162937512,16192.0,776.8399999999999,-0.0008506183981882474,25.476887974787466,27.04126909564847,134,,,,
58.86776880082208,16199.0,776.6,-0.0006883277424306281,19.88083102986253,26.25564712759616,134,,,,
58.89791981760497,16204.0,776.36,-0.0005303041952269775,21.708732083685096,23.994006038646326,133,,,,
58.91808065233292,16206.0,776.12,0.0005831334536911967,36.28950251030338,21.797911817339017,132,,,,
58.92877595724549,16207.0,776.2,0.0012044845405931883,38.50309768527548,19.28397549386273,132,,,,
58.93548632521543,16212.0,776.36,0.0017132161023213522,4.831464938356275,15.424081737286468,131,,,,
58.94050655498594,16216.0,776.48,0.0003653145403341038,4.518206793454686,12.97016079478214,133,,,,
58.94464361036364,16225.0,776.6,-0.0013646857143952084,1.6548221510809669,11.03015109634345,133,,,,
58.945250357835704,16231.0,776.64,-0.0030102923900565473,0.364048483238088,8.871981264135412,127,,,,
58.945729373567,16233.0,776.6400000000001,-0.002121168953891498,0.8622283163294785,5.264253040143435,119,,,,
58.94596179415565,16234.0,776.6,-0.002483445516809453,0.8367141191453391,1.795953150736422,116,,,,
58.94631335071385,16237.0,776.5600000000001,-0.004633932893878673,0.42186786984338087,1.5938093212829936,116,,,,
58.94654577130345,16249.0,776.5200000000001,-0.009328531790207211,0.0697261768782374,2.6258406206833764,117,,,,
58.94757308817373,16259.0,776.52,-0.015414789350847308,0.3698340733034203,3.045077878400366,115,,,,
58.94893083722615,16260.0,776.52,-0.02269988298609267,4.887896588704342,3.9617412967148398,116,,,,
58.9519939875353,16263.0,776.48,-0.030320650259652478,3.675780370983495,6.334763572344739,117,,,,
58.95706281520162,16264.0,776.3199999999999,-0.0378858405240712,18.247779598730297,8.814888071957526,116,,,,
58.963227065506075,16267.0,776.0799999999999,-0.04387329884636052,7.397100365347611,9.904294304633915,117,,,,
58.970137128760754,16269.0,775.6800000000001,-0.04930808999191738,12.438113858424297,11.00834436706402,117,,,,
58.97941251492556,16270.0,775.12,-0.05676186809095951,33.39139019331214,12.079758434258109,117,,,,
58.989586545202165,16271.0,774.3199999999999,-0.06662383562573275,36.62650899577905,13.34919213014123,117,,,,
58.998962685114044,16273.0,773.52,-0.07536457479012819,16.87705184137614,15.548304012883449,119,,,,
59.0084414407364,16275.0,772.68,-0.08120000005166594,17.061760120233448,15.76581854320971,120,,,,
59.04711233000257,16280.0,769.4399999999999,-0.08525361451929239,17.292349914712553,17.352379635526244,120,,,,
59.0859719922071,16284.0,766.48,-0.08555704490044304,26.296383481963282,17.653789448194278,117,,,,
59.10760044883184,16286.0,764.76,-0.08517819122690648,38.931221924532174,17.560662989712647,117,,,,
59.129671884753485,16289.0,763.0799999999999,-0.08380749558123383,26.485723105978312,16.997903157676248,117,,,,
59.14836403355155,16291.0,761.5199999999999,-0.0831680347979554,33.64586783651407,17.740959399815875,116,,,,
59.21384301783369,16297.0,756.64,-0.08056584130590133,19.20180192741232,17.708933929230547,117,,,,
59.23362326156738,16299.0,755.24,-0.07702799243075317,35.604438720641525,18.578841905623808,117,,,,
59.280785699885826,16303.0,752.24,-0.06994359596135738,29.065613881151428,19.261803335411287,117,,,,
59.30269592467316,16306.0,750.92,-0.06305435419778099,26.292269744797597,18.22976136973809,118,,,,
59.322990954453,16311.0,750.08,-0.056241455256006025,14.612421441485248,17.398452443353285,118,,,,
59.33751773915313,16313.0,749.48,-0.05194657501411276,26.14821246023819,16.507010637155183,117,,,,
59.346206538716956,16314.0,749.08,-0.05209233712080676,31.279678429768698,18.182758747346085,117,,,,
59.35154379199888,16315.0,748.6800000000001,-0.05141935551982466,19.214111814916713,17.26020488311138,117,,,,
59.357884127107106,16317.0,748.36,-0.04981625714733242,11.412603194804921,17.054443049997644,118,,,,
59.36706335602011,16319.0,747.88,-0.04736194633282281,16.522612043407165,17.06489870644538,120,,,,
59.377633978335716,16320.0,747.1600000000001,-0.04827251593946019,38.05424033618422,17.615201549550328,121,,,,
59.38818507918878,16322.0,746.48,-0.05084679527318113,18.99198153551872,18.364672778631128,122,,,,
59.42716244162555,16326.0,743.8799999999999,-0.05314533840330103,23.90985048823563,17.986935512464576,122,,,,
59.44103532772,16328.0,743.08,-0.05210466494126738,24.971194970015652,18.41086140368885,120,,,,
59.49778622344084,16333.0,739.8,-0.05108796954283999,21.477624940826114,19.50759834009943,117,,,,
59.517529691794245,16335.0,738.76,-0.04911324891748174,35.53824303612414,21.389973399535364,116,,,,
59.55097660483377,16338.0,736.8799999999999,-0.04473509963194924,25.26406359222712,19.84477410609907,116,,,,
59.59863619507438,16343.0,734.8399999999999,-0.040825615794996516,23.449593868001898,21.23832220458137,115,,,,
59.61200541366265,16345.0,734.5600000000001,-0.03698739542479247,24.064593458887654,21.409252911860897,115,,,,
59.633120007931495,16347.0,734.1200000000001,-0.033911215266161976,38.00626968392622,21.164063440787203,115,,,,
59.677660868666614,16353.0,733.04,-0.029306156943535704,16.234754153081322,22.790143880982782,116,,,,
59.774612677673844,16361.0,730.5200000000001,-0.02347450955718835,32.22055806426363,23.607869302731398,117,,,,
59.81094421462375,16367.0,729.76,-0.019117309456693498,21.79892216994671,23.753800701654587,116,,,,
59.846159940136566,16374.0,729.16,-0.018423148046456637,18.11094454944777,23.88961677179218,116,,,,
59.87611518160377,16377.0,728.76,-0.0182532983799759,35.94628976064877,24.285570368317675,117,,,,
59.89777898535136,16379.0,728.6,-0.017719222263535683,38.99484674564966,24.52703380882881,119,,,,
59.91071445817863,16381.0,728.4399999999999,-0.01656648384015431,23.2838510890877,25.312873693446498,120,,,,
59.94721155566959,16385.0,727.76,-0.0154166418551859,21.90460655978132,26.104177598708112,120,,,,
59.96136994193426,16387.0,727.48,-0.013822259360486833,25.48509527640497,26.84261512929398,121,,,,
59.98158818292825,16389.0,727.1200000000001,-0.012411394050737908,36.392833789188835,27.290493087227524,121,,,,
60.03018076449787,16395.0,726.44,-0.011452665665472227,23.093378715979682,26.0161095984351,121,,,,
60.06233195334341,16398.0,726.0,-0.011371046421207705,38.581426614650525,26.275593948179182,122,,,,
60.13671484828713,16406.0,725.12,-0.011049956995482727,28.702673748087832,26.553670972330746,123,,,,
60.22650907568016,16416.0,724.4,-0.010270352785582451,22.059795737601245,26.673831160235732,126,,,,
60.267027657074664,16423.0,724.16,-0.009362967452211372,20.83812757431316,26.384052076620314,127,,,,
60.35534708711248,16428.0,723.72,-0.008192096532804845,39.73570352630094,24.78959898977476,129,,,,
60.39017586941977,16433.0,723.5600000000001,-0.00763418445453812,25.07672326125228,26.251934350546755,127,,,,
60.433281210559535,16440.0,723.36,-0.006974435722270136,22.168461157591526,25.507745288514272,127,,,,
60.51283643191238,16448.0,722.9599999999999,-0.0066943414721943985,21.51014827195431,25.403717415586925,128,,,,
60.53890207385699,16453.0,722.76,-0.0069284925163551146,18.76726220011394,25.798321254074672,130,,,,
60.58583145546279,16456.0,722.32,-0.007083088457025084,37.74721907376089,26.17759814170214,135,,,,
60.602463824076295,16458.0,722.08,-0.006962197448319501,29.938263504307756,24.476176447061306,135,,,,
60.62490764741182,16461.0,721.84,-0.006564372779041985,26.932588002624975,24.553591931568818,135,,,,
60.681834306157796,16467.0,721.2,-0.00627792229525369,25.668620218363213,24.68359319529025,133,,,,
60.715681513639645,16472.0,720.96,-0.005934056833337372,24.369989386930868,24.513727546120716,133,,,,
60.79708095247764,16481.0,720.6,-0.005699548740711125,21.65218192178709,25.424428380600013,133,,,,
60.83967954506949,16487.0,720.6,-0.005313596744915691,25.5591555551085,25.76627206815949,133,,,,
60.88486886707091,16494.0,720.5200000000001,-0.004783303680929855,23.240222743587534,26.40857479896701,132,,,,
60.922761707316894,16501.0,720.4399999999999,-0.004246910399024574,19.4877464122239,25.829576680384257,133,,,,
60.95330184145193,16505.0,720.3199999999999,-0.0020553564235532514,27.48612072153447,25.215581119215607,130,,,,
60.97525014531371,16507.0,720.2,0.0010952517356329118,39.5069469511953,25.4368868458115,133,,,,
60.998825217815956,16509.0,719.9599999999999,0.003996509084423121,34.49719970605337,25.369859948381208,151,,,,
61.05686921454125,16516.0,719.6800000000001,0.005421662409500608,19.616518338523818,24.95247794376162,157,,,,
61.130256708797674,16526.0,719.96,0.005659807937895528,18.106367559197945,26.375443205202494,156,,,,
61.16503125734586,16531.0,720.56,0.005626062531823243,25.037674954695248,25.417854052249318,155,,,,
61.19799740094354,16537.0,721.1600000000001,0.005007595648474991,19.77968615860794,24.27180914209223,155,,,,
61.248759910193314,16542.0,722.6,0.0043223897266141,20.18167727000092,21.800144120102676,154,,,,
61.25881105574972,16543.0,722.6,0.003493996263354595,36.18412400304784,21.23856040605557,154,,,,
61.26920069672833,16547.0,722.56,0.002305658355455159,9.350676880754975,22.482649048328607,151,,,,
61.277949777145636,16549.0,722.4399999999999,-0.000318925274029571,15.748344751141905,21.786278106990306,147,,,,
61.286490425011294,16551.0,722.3199999999999,-0.004220134773031977,15.37316615818527,21.22907727649196,142,,,,
61.29511177043454,16552.0,722.2,-0.008510628883487612,31.036843523668537,21.48466006652304,139,,,,
61.30483343689808,16553.0,722.04,-0.012829377932747337,34.99799926873896,21.37797017792512,136,,,,
61.315473136194804,16556.0,721.88,-0.015978025991286664,12.767639156070821,19.496540325786107,134,,,,
61.32790230940983,16558.0,721.72,-0.018426924634054938,22.372511787042704,21.785472118054894,135,,,,
61.34208132257869,16560.0,721.5200000000001,-0.020101465961373084,25.522223703954538,23.57791145121707,135,,,,
61.35435132006377,16562.0,721.2,-0.022020804004430707,22.085995473138112,25.536379004521397,135,,,,
61.36569582977174,16564.0,720.8399999999999,-0.02256926369184158,20.42011747434261,24.576191080778177,133,,,,
61.375825965636515,16565.0,720.52,-0.02198211003796576,36.46848911318614,23.339264199760912,133,,,,
61.38633396144979,16566.0,720.2,-0.02153869435599294,37.82878492779706,24.2092144069948,133,,,,
61.39707947424363,16567.0,719.8399999999999,-0.020454361459306368,38.683846057829896,23.681203852115893,133,,,,
61.40944655581133,16569.0,719.6400000000001,-0.01938039884916804,22.260746821854244,23.46633875475809,133,,,,
61.42183452861036,16571.0,719.5200000000001,-0.01752080700625808,22.298351038252715,23.714531603901293,133,,,,
61.434166227240155,16573.0,719.36,-0.015484946285693904,22.197057533632467,25.382199037858193,135,,,,
61.55349804817311,16588.0,718.72,-0.014310574433878603,16.16890248697453,24.553583200823255,148,,,,
61.59673322388368,16595.0,718.48,-0.01289979907788292,22.23523322257855,23.550989760083244,144,,,,
61.67955133148146,16603.0,717.8,-0.011000223840366832,23.433481773418418,21.72446444438578,141,,,,
61.71012317336073,16606.0,717.4,-0.010051207913280156,36.68621025511801,21.448684110962834,141,,,,
61.74531908533758,16611.0,716.8399999999999,-0.009465393751149317,25.341056623333436,22.840907713731692,141,,,,
61.808137995600184,16618.0,715.92,-0.008634019990946111,24.75335121562533,23.138023547759726,141,,,,
61.87639306849237,16627.0,715.16,-0.008543995150751769,17.120858617820804,24.27345834807902,141,,,,
61.906390864010376,16633.0,714.9200000000001,-0.007553909599178966,17.998677310805537,24.4006749410955,138,,,,
61.96843618862643,16637.0,714.64,-0.005500294904358692,35.22966402030449,23.994658681059946,138,,,,
61.994816167532875,16641.0,714.56,-0.002866714841942413,23.741981015800018,22.77313243574411,137,,,,
62.03123567642763,16646.0,714.44,0.0006397964430437979,26.22204640422276,22.670670955581524,134,,,,
62.12432088826844,16658.0,714.4399999999999,0.0030893368621982943,21.637169131655433,22.143281885991343,132,,,,
62.168255549319994,16667.0,714.8000000000001,0.0045730387895442795,17.573864420621558,23.829099488275766,131,,,,
62.210947189476364,16674.0,715.32,0.004706972342893699,21.955700651848886,23.616951559060368,132,,,,
62.27208762680242,16681.0,716.5200000000001,0.004017232520262472,22.551261356622852,22.413638226648835,133,,,,
62.292154029741646,16685.0,716.84,0.002903314097320068,18.05976264530503,21.087398282001768,133,,,,
62.31036312688889,16687.0,716.92,0.002388822705855129,32.77637486503756,20.992173527009577,133,,,,
62.32714803731878,16691.0,716.8,0.000581261238575832,15.106419386898798,19.432369232689314,131,,,,
62.33958169002469,16693.0,716.6400000000001,-0.001821605937580999,22.38057487063433,17.88667408586287,131,,,,
62.35108463458998,16697.0,716.4799999999999,-0.00431019840206206,10.352650108766197,15.794850818223187,131,,,,
62.35837258122475,16698.0,716.4,-0.006256064323922833,26.23660788515668,13.529257717124556,131,,,,
62.36386475795848,16701.0,716.28,-0.00529857869807406,6.59061208047884,11.715580358844438,131,,,,
62.365978921180655,16704.0,716.2,0.000999823924055783,2.5369958666079158,8.436706500346615,131,,,,
62.366785044102684,16706.0,716.1600000000001,0.01296538589887158,1.451021259654168,6.956735619793965,131,,,,
62.36724460789757,16711.0,716.1600000000001,0.02183926564264782,0.33088593231449115,4.7738349821944555,130,,,,
62.36768268379736,16720.0,716.2,0.023175333747475164,0.17523035991647853,3.8037342887088506,129,,,,
62.36819767019007,16725.0,716.28,0.014378256444716719,0.3707902027514715,1.2965715243620966,132,,,,
62.368478901902726,16728.0,716.36,0.006269439217674634,0.3374780551831691,0.7267396640788013,134,,,,
62.369323645046876,16737.0,716.4,-0.0023558575456578577,0.33789725765869716,0.4856041877144011,133,,,,
62.36993679682475,16742.0,716.4,-0.008589620850878821,0.4414692800731273,0.3537592655064293,132,,,,
62.37042039758162,16747.0,716.36,-0.02307334501333702,0.34819254494438784,0.34778476124726754,129,,,,
62.37091191600154,16749.0,716.3199999999999,-0.02799457505045909,0.8847331558592454,0.3632103401673799,124,,,,
62.371079769439106,16752.0,716.28,-0.039794156251616766,0.2014241250785858,0.3568435228644873,120,,,,
62.371211269264215,16753.0,716.25,-0.06169631275001798,0.4733993703957256,0.3572013511709426,118,,,,
62.371394935528755,16754.0,716.2,-0.08504875314264244,0.6611985523547285,0.3614523448576365,117,,,,
