cumulated_distance,cumulated_duration_seconds,elevationM_ma_5,grade_ma_10,speed_km_h,speedeq_smooth,hr,hr_smooth,speed_smooth,hr_shifted,cluster
0.00013191821391859987,0.0,215.35,-0.34732705350018367,0.47490557010695955,0.724988392846797,85,123.6,9.846633529690894,134.4,3.0
0.00025779586087490647,1.0,215.32,-0.3468986315629163,0.4531595290427038,0.6921094265565074,85,124.16666666666669,9.37504546864301,135.0,3.0
0.0005124808629625483,2.0,215.2,-0.34417403970793803,0.9168660075155104,0.6686244511301139,85,124.71428571428572,8.98090634245042,135.5,3.0
0.0007826120712874768,3.0,215.07999999999998,-0.3011522847444458,0.972472349969743,0.64752299085025,85,125.25,8.787503571347559,135.9,3.0
0.0010343673695559202,4.0,214.95999999999998,-0.2676909197728407,0.9063190737663959,0.6148123056368235,85,125.66666666666669,8.865274852136844,136.4,3.0
0.001289052375920368,5.0,214.88000000000002,-0.24092182779555663,0.9168660229120115,0.5911492417207906,85,126.1,9.043192215737424,136.8,3.0
0.0015437373839579072,6.0,214.8,-0.24092182779555663,0.9168660289351412,0.593020346320553,85,127.1,9.020896623050955,137.2,3.0
0.0018111081964128915,7.0,214.8,-0.2269580817630117,0.962534924837943,0.6257493440307096,85,128.2,9.016323614357038,137.7,3.0
0.002065793207114681,8.0,214.8,-0.1725446816128903,0.916866038526442,0.6283535489774097,85,129.2,9.010343231431992,138.2,3.0
0.002320478219367672,9.0,214.8,-0.11540303888385817,0.9168660441107667,0.8568219413380926,87,130.1,9.279353027434505,138.7,3.0
0.0025722335266625033,10.0,214.8,-0.056544122367349334,0.9063191062613923,1.420197646918222,89,131.0,9.557530347646075,139.2,3.0
0.0028423647466916738,11.0,214.8,-0.01658275263044142,0.9724723921050145,2.1175870169993902,91,131.8,9.85693979697477,139.6,3.0
0.0030970497635904137,12.0,214.8,0.02063394892305384,0.9168660608354641,2.8931672095100387,93,132.5,10.21158996130436,139.9,3.0
0.0038146563146556445,13.0,214.84,0.026223132653523044,2.5833835838348302,3.9398523285885707,96,133.1,10.527317353245792,140.2,3.0
0.005212281217130227,14.0,214.92,0.029263120103822253,5.031449648908497,5.080210658246439,98,133.8,10.603567513876206,140.4,3.0
0.006982468031766962,15.0,215.0,0.030553131255400535,6.372672532692246,6.165662060512778,99,134.4,10.615068365042555,140.7,3.0
0.008925426377000277,16.0,215.07999999999998,0.03170364291941667,6.994650042839936,7.6121906574258364,103,135.0,10.50760616940564,140.9,3.0
0.011483638739477256,17.0,215.2,0.03275500416902807,9.209564504917129,8.982292127083374,106,135.5,10.183951511422196,141.0,3.0
0.014226146514214359,18.0,215.28000000000003,0.03275500416902807,9.873027989053568,10.835170147887613,109,135.9,9.83678255581344,141.2,3.0
0.01690380287685944,19.0,215.32,0.028619581714490167,9.639562905522304,12.537446744003741,110,136.4,9.326000874422196,141.2,3.0
0.020614418744211858,20.0,215.35999999999999,0.022040825490912595,13.3582171224687,13.802347139915167,111,136.8,8.87965951947069,141.3,3.0
0.02431240505791449,21.0,215.4,0.016555107941662622,13.31275072932948,14.891603926225276,112,137.2,8.427920935129826,141.4,3.0
0.02941294787434315,22.0,215.4,0.012121055245974226,18.361954139143172,15.925488913900244,113,137.7,8.136845552217277,141.5,3.0
0.03482214020425234,23.0,215.4,0.006531871515505022,19.473092387673095,16.241542069726183,114,138.2,7.815749119378746,141.5,3.0
0.03997942113500162,24.0,215.4,0.003491884065205816,18.566211350697422,16.39379137356596,115,138.7,7.569531083318286,141.6,3.0
0.04502838233078182,25.0,215.4,0.0022018729136275344,18.176260304808707,16.5218418159209,116,139.2,7.277253374826405,141.6,3.0
0.05017189717132441,26.0,215.4,0.001051361249611399,18.516653425953344,16.187607645193697,117,139.6,7.033085737781687,141.7,3.0
0.05409611814852883,27.0,215.4,0.0,14.12719551793589,15.841993804212851,118,139.9,7.061041705188731,141.8,3.0
0.05778478569266935,28.0,215.4,0.0,13.279203158905892,14.889398769542746,119,140.2,7.232508036983984,141.9,3.0
0.06128898759224631,29.0,215.4,-0.0014969692832665978,12.615126838477064,13.647059502500687,120,140.4,7.552110628368543,142.1,3.0
0.06459112915240775,30.0,215.4,-0.0030553669821274452,11.88770961658116,12.469566277818393,121,140.7,7.8577398327734995,142.2,3.0
0.0677522183145062,31.0,215.4,-0.004647725040704072,11.379920983554419,11.302614524854395,122,140.9,8.195777156293508,142.2,3.0
0.07064753575995873,32.0,215.4,-0.006244018691074894,10.423142803629121,10.074411746961317,124,141.0,8.384206172158462,142.2,3.0
0.07289373106396553,33.0,215.35999999999999,-0.007841121969073616,8.086303094424474,9.374079814594644,125,141.2,8.603117694378472,142.3,3.0
0.07496486749459479,34.0,215.32,-0.007841121969073616,7.456091150265299,8.955363908020653,126,141.2,8.76944282203044,142.4,3.0
0.076914063373318,35.0,215.28000000000003,-0.007841121969073616,7.017105163403598,8.732464242726625,127,141.3,8.892147795152678,142.4,3.0
0.07875186103589991,36.0,215.23999999999995,-0.007841121969073616,6.616071585294859,8.699806343074357,128,141.4,8.941929387037275,142.4,3.0
0.08081677330635201,37.0,215.2,-0.007841121969073616,7.433684173627536,8.704108667727876,129,141.5,8.93830830132221,142.5,3.0
0.08345217472258844,38.0,215.2,-0.007841121969073616,9.487445098451133,8.723924263064047,129,141.5,8.929620240018302,142.5,3.0
0.08640896596929473,39.0,215.2,-0.006344152685807017,10.644448488142638,9.02663472704827,130,141.6,8.953958556626157,142.5,3.0
0.0896491753275493,40.0,215.2,-0.0047857549869461695,11.664753689716475,9.34403244178553,131,141.6,9.059907418206762,142.5,3.0
0.0927975616877202,41.0,215.2,-0.0031933969283695434,11.334190896615233,9.689114095096906,133,141.7,9.19385710005513,142.6,3.0
0.09567626695838094,42.0,215.2,-0.0015971032779987214,10.363338974378669,10.097101426083064,134,141.8,9.337503048706775,142.7,3.0
0.09866971169572805,43.0,215.2,0.0,10.776401054449611,10.480714664371277,134,141.9,9.44272383411188,142.9,3.0
0.10151356290472278,44.0,215.2,0.001463893292171749,10.237864352381015,10.652620755400672,135,142.1,9.530309808304242,143.0,3.0
0.10429445169824793,45.0,215.2,0.0030079634883778024,10.011199656690524,10.770331357238385,135,142.2,9.685322443250817,143.2,3.0
0.10711738870618981,46.0,215.2,0.004629647289252381,10.162573228590752,10.773400483746133,135,142.2,9.890438728513264,143.5,3.0
0.11005932150981255,47.0,215.2,0.006338253730963775,10.590958093041865,10.540130329489163,135,142.2,10.17304425128499,143.7,3.0
0.11290652892780013,48.0,215.24,0.009877708893923892,10.249946704755285,10.270489644848563,136,142.3,10.438026721395111,143.9,3.0
0.11589526698330184,49.0,215.27999999999997,0.011720142649158287,10.759456999806144,9.841710523410118,136,142.4,10.629253430524198,144.1,3.0
0.11883697024256498,50.0,215.32,0.013622506196055142,10.59013173334729,9.463558619374336,137,142.4,10.791481027782288,144.4,3.0
0.12108631588611521,51.0,215.35999999999999,0.015601274731148352,8.097644316780832,9.069710778811082,138,142.4,10.941779745658804,144.6,3.0
0.12300066294675162,52.0,215.44,0.01764874017332837,6.891649418291074,8.821277651637358,138,142.5,11.046716571587345,144.9,3.0
0.12457526968023416,53.0,215.47999999999996,0.01764874017332837,5.668584240537168,8.533099872857019,139,142.5,11.179427984922642,145.1,3.0
0.12617928379214138,54.0,215.51999999999998,0.016184846881156616,5.774450802865987,8.303973016429333,139,142.5,11.394279305961373,145.3,3.0
0.12770534318471968,55.0,215.56,0.016547528414184456,5.4938138132818635,8.022082642526897,139,142.5,11.52169323687717,145.5,3.0
0.12971973746234894,56.0,215.6,0.016758432648349773,7.25181939946527,7.7876863499890705,140,142.6,11.622674388731856,145.6,3.0
0.1317697357303091,57.0,215.6,0.016806828590351215,7.379993764656561,7.843912382197965,140,142.7,11.723549418598,145.8,3.0
0.13393300415923984,58.0,215.6,0.01670240345988854,7.787766344150663,8.062996908034602,141,142.9,11.788115562220922,146.0,3.0
0.136109859691153,59.0,215.64000000000001,0.01820759332473123,7.83667991488735,8.43755903663568,141,143.0,11.84986001730618,146.2,3.0
0.1383733195141808,60.0,215.68,0.019589360889064523,8.148455362900108,8.820719019838668,141,143.2,11.866338639612817,146.4,3.0
0.1407003206227506,61.0,215.71999999999997,0.02084940491798586,8.377203990851267,9.237431298231702,141,143.5,11.86735388339142,146.8,3.0
0.14309096304948493,62.0,215.8,0.023633111600986852,8.606312736243595,9.513597395325016,141,143.7,11.843082718985178,147.1,3.0
0.1455533547590357,63.0,215.88000000000002,0.026855197820114494,8.864610154382769,9.815933188005449,141,143.9,11.819480953981904,147.4,3.0
0.1480063388831789,64.0,215.95999999999998,0.030080418963442223,8.830742846915554,10.040727910413137,142,144.1,11.66558068836807,147.7,3.0
0.15047139084109057,65.0,216.04000000000002,0.029781894467887093,8.874187048481941,10.190993653535974,141,144.4,11.504133760550912,148.1,3.0
0.153009199051678,66.0,216.16,0.02953872664823142,9.136109558114828,10.236763112875241,141,144.6,11.421797241108314,148.5,3.0
0.15566728488136042,67.0,216.24,0.02778172426451859,9.569108986856651,10.20156474931007,142,144.9,11.266165490860134,148.8,3.0
0.15829256755376883,68.0,216.32,0.024346694232021147,9.451017620670335,10.122179992088238,141,145.1,11.171971798348462,149.1,3.0
0.16081027023324376,69.0,216.35999999999999,0.02099907061194406,9.063729646109724,10.041723731160747,142,145.3,11.182811299070131,149.3,1.0
0.163212012255951,70.0,216.4,0.017714939500713917,8.646271281746092,10.011066285951406,142,145.5,11.188955042142249,149.5,1.0
0.16552895479309007,71.0,216.4,0.014476126936699371,8.34099313370062,10.000849181546474,142,145.6,11.11666486751376,149.6,1.0
0.16789546371620243,72.0,216.4,0.00964495481151836,8.519432123204508,9.988351922954143,141,145.8,11.051074785772103,149.7,1.0
0.170425461860775,73.0,216.4,0.006422868592390718,9.107993320461313,9.940324735429693,142,146.0,10.953360717649376,149.8,1.0
0.17317274837819768,74.0,216.4,0.0031976474490629883,9.890231462721603,9.896234105363089,142,146.2,10.9410200457594,149.9,1.0
0.17600988278568813,75.0,216.4,0.0015894202153842294,10.213683866965614,9.950541403680536,142,146.4,11.055817793494985,149.9,1.0
0.17894670752030795,76.0,216.4,0.0,10.57256904463129,10.084136433655775,142,146.8,11.155471903248785,150.0,1.0
0.181897073309449,77.0,216.4,0.0,10.621316840907717,10.322323516266298,143,147.1,11.316197833261258,150.1,1.0
0.18476565035461395,78.0,216.4,0.0,10.326877362593926,10.580342276394033,143,147.4,11.450341075032876,150.2,1.0
0.18771394368671826,79.0,216.4,0.001288080214785406,10.613855995575458,10.792623348857665,143,147.7,11.46808127479319,150.4,1.0
0.19068545316848787,80.0,216.4,0.0025518722996830416,10.697434134370594,11.001141255731067,142,148.1,11.464491359442118,150.5,1.0
0.1937874110466595,81.0,216.4,0.003801688598724721,11.167048361417889,11.21538444260141,142,148.5,11.552083569128396,150.7,1.0
0.19688998238674443,82.0,216.4,0.006279603666871689,11.16925682430572,11.408665377745027,142,148.8,11.658659824007268,150.8,1.0
0.19995116583445338,83.0,216.44,0.008736197567889136,11.020260411752174,11.648990893053968,143,149.1,11.72560243951606,150.9,1.0
0.20314908456648184,84.0,216.47999999999996,0.009957766861469586,11.51250743530249,11.993947763429912,142,149.3,11.829672201326934,151.0,1.0
0.20640371541251817,85.0,216.51999999999998,0.011172971089956404,11.716671045730784,12.245959688202248,142,149.5,11.881164245561989,151.2,1.0
0.2096320313302728,86.0,216.6,0.013600004471918292,11.621937303916662,12.479037176679075,143,149.6,11.885471753973416,151.2,1.0
0.21295103993423412,87.0,216.68,0.01602683022288038,11.948430974260715,12.718693604706356,143,149.7,11.86630950190914,151.2,1.0
0.21641642620450668,88.0,216.71999999999997,0.01845862950043135,12.475390572981233,12.89328609584975,143,149.8,11.864599573145451,151.2,1.0
0.2197186471224882,89.0,216.76,0.019607204508674328,11.887995304733433,13.039997743743005,143,149.9,11.873945840078306,151.2,1.0
0.22297065980385417,90.0,216.84,0.022046614274934158,11.707245652917447,13.132052320097603,143,149.9,11.900441806790813,151.2,1.0
0.22635282609832064,91.0,216.92,0.023300245918993896,12.175798660079328,13.191569348496381,143,150.0,11.866900994890816,151.1,1.0
0.22963474783735813,92.0,217.0,0.02208307814796753,11.814918260534952,13.190093626475678,144,150.1,11.862979048455314,151.1,1.0
0.2328674436603039,93.0,217.08,0.020904647612442928,11.637704962604758,13.156723928966912,144,150.2,11.846146489163088,151.1,1.0
0.23611113634318415,94.0,217.2,0.02097201819983641,11.677293658368855,12.948757569059845,144,150.4,11.774670505807324,151.1,1.0
0.23936858731082772,95.0,217.28000000000003,0.01975681397134959,11.726823483516823,12.720124437841111,145,150.5,11.687408182455687,151.0,1.0
0.2425294833274539,96.0,217.32,0.0173297805893877,11.379225659854235,12.544765891861857,145,150.7,11.61929998994783,151.0,1.0
0.24578293147307276,97.0,217.35999999999999,0.014902954838425613,11.712413324227963,12.27261067682748,145,150.8,11.529680016537988,151.0,1.0
0.24882081700552913,98.0,217.4,0.012471155560874646,10.936387916842916,12.076565258901475,145,150.9,11.47131986107794,151.0,1.0
0.2516745742351296,99.0,217.4,0.01134916534077948,10.273526026561846,11.999660294405857,146,151.0,11.47198883221596,151.0,1.0
0.25469787436248836,100.0,217.4,0.0089621113387038,10.883880458491468,11.908619788672299,145,151.2,11.471988283985985,151.0,1.0
0.2576477302395988,101.0,217.4,0.007761145063532912,10.619481157597512,11.744373595174803,146,151.2,11.50464051410362,151.0,1.0
0.26066800283277053,102.0,217.4,0.0077912440994852864,10.872981335418231,11.605958094873227,146,151.2,11.527077695510815,151.1,1.0
0.26393080837994315,103.0,217.44,0.00778559295162722,11.746099969821467,11.456245771488867,146,151.2,11.561910189508955,151.2,1.0
0.2671915670158015,104.0,217.47999999999996,0.0064966530706532894,11.738731089090015,11.421563468490083,146,151.2,11.594130624978714,151.3,1.0
0.27024821194281035,105.0,217.51999999999998,0.0064966530706532894,11.003921737231924,11.527683087092454,146,151.2,11.65967785548102,151.3,1.0
0.2732269132879319,106.0,217.56,0.0064966530706532894,10.723324842437686,11.631142459280579,147,151.1,11.69118760324502,151.4,1.0
0.27620893346654324,107.0,217.6,0.007743181449177983,10.735272643000695,11.805223320454347,147,151.1,11.743599637762198,151.5,1.0
0.2792125393548608,108.0,217.6,0.008978314836494503,10.812981197943154,11.942529803670592,147,151.1,11.765910310950169,151.5,1.0
0.28238517921706013,109.0,217.6,0.008891731723107355,11.421503503917696,11.958135541378505,148,151.1,11.681218137411069,151.6,1.0
0.2856852963159572,110.0,217.6,0.008792861897875853,11.880421556029473,11.968000711857535,149,151.0,11.593404974914872,151.7,1.0
0.28908161310976893,111.0,217.64000000000001,0.008702382665259337,12.22674045772224,12.080650755222766,149,151.0,11.5337528153248,151.8,1.0
0.29247450581897294,112.0,217.68,0.0074115363321863555,12.214413753134401,12.22089804846684,149,151.0,11.42280337507412,151.8,1.0
0.2957865896988131,113.0,217.71999999999997,0.007352543785320351,11.923501967424631,12.311416046269843,149,151.0,11.36699449433512,151.8,1.0
0.29903737634758515,114.0,217.76000000000005,0.008566238348818353,11.702831935579274,12.425630227618987,150,151.0,11.396528354582362,151.8,1.0
0.302337332968167,115.0,217.8,0.009778977584278953,11.879843834094693,12.476969300082338,150,151.0,11.370530460507688,151.9,1.0
0.3056120794657299,116.0,217.8,0.010989016693227813,11.78908739122642,12.479507412133293,150,151.0,11.40235445779004,152.0,1.0
0.3087800513540878,117.0,217.84,0.010955947498883315,11.404698798088603,12.458176303064834,150,151.1,11.452118578769854,152.1,1.0
0.3120727399141022,118.0,217.88000000000002,0.009720814111566795,11.853678816051913,12.472522424063714,149,151.2,11.495191327386504,152.3,1.0
0.31538841323251005,119.0,217.92000000000002,0.008492732222020722,11.936423946268222,12.498773327621082,150,151.3,11.586665172067615,152.4,1.0
0.31870049563255,120.0,217.95999999999998,0.008498418356097853,11.923496640143746,12.535102121682382,150,151.3,11.683346757522008,152.5,1.0
0.3220435839484054,121.0,218.0,0.008518511161678516,12.035117937079487,12.492197815659036,150,151.4,11.76699065250662,152.6,1.0
0.32543172685548805,122.0,218.0,0.00975782850544662,12.197314465497545,12.464289474265254,150,151.5,11.878054683653367,152.8,1.0
0.3287697725879195,123.0,218.0,0.009793259367507226,12.016964636753164,12.416312805450882,150,151.5,11.945381999950875,153.0,1.0
0.33209415914422624,124.0,218.04000000000002,0.009834869352604036,11.967791602704319,12.318941766267077,150,151.6,11.927012620320957,153.3,1.0
0.33530094684286366,125.0,218.08,0.008622130117143434,11.544435715094744,12.213362018241444,151,151.7,11.947797462462988,153.6,1.0
0.3385647990447724,126.0,218.11999999999998,0.007412091008194575,11.749867926871396,12.11992391570926,151,151.8,11.91399892719848,153.8,1.0
0.3416860138239853,127.0,218.16,0.006198631824014379,11.236373205166345,11.996444589589718,151,151.8,11.814948679119812,154.0,1.0
0.34478015798578926,128.0,218.2,0.006198631824014379,11.13891898249427,11.887982835647268,151,151.8,11.71060542808014,154.3,1.0
0.34785343596155366,129.0,218.2,0.006198631824014379,11.063800712751863,11.83163692414245,151,151.8,11.602066605256509,154.6,1.0
0.35097632893796066,130.0,218.2,0.004975667666086969,11.24241471506517,11.766406312207975,152,151.9,11.500552709853576,154.9,1.0
0.3540704728832332,131.0,218.2,0.0037435724251922943,11.138918202981056,11.744047505047561,151,152.0,11.407135348693693,155.2,1.0
0.35729650424737125,132.0,218.2,0.0025042550814241902,11.613712910897087,11.710453472427663,151,152.1,11.3732413961982,155.4,1.0
0.36063640823296383,133.0,218.2,0.0012553045485948111,12.023654348133356,11.691470819891704,151,152.3,11.387324650588637,155.7,1.0
0.36396079326640957,134.0,218.2,0.0,11.967786120404547,11.6626641643182,152,152.4,11.448719552448662,155.9,1.0
0.36725828160426266,135.0,218.2,0.0,11.87095801627109,11.659047100853874,151,152.5,11.519370371145149,156.1,1.0
0.37058445931008027,136.0,218.2,-0.0012420854814573466,11.974239740943366,11.61351767275749,151,152.6,11.532013782521426,156.3,1.0
0.3738024310170658,137.0,218.2,-0.0024905949848753675,11.58469814514776,11.58864975300342,151,152.8,11.588987107774663,156.5,1.0
0.37698607638850795,138.0,218.2,-0.0037512312338901558,11.461123337191848,11.532079273025287,151,153.0,11.640566508838385,156.6,1.0
0.3802414300045565,139.0,218.2,-0.005018056867277553,11.71927301777492,11.37244852530203,151,153.3,11.702972058564503,156.7,1.0
0.38345185005808574,140.0,218.16,-0.00754514223081589,11.557512192705174,11.211326222781434,151,153.6,11.7497268908048,156.7,1.0
0.38669158298812817,141.0,218.11999999999998,-0.008811573911378306,11.663038548152823,11.077143405939884,151,153.8,11.845006051534186,156.8,1.0
0.38997958844445507,142.0,218.08,-0.010074470978234452,11.83681964277681,10.916170155833036,151,154.0,11.857841468855268,156.9,1.0
0.39308423639243906,143.0,218.04000000000002,-0.011331880242813877,11.176732612742333,10.831112346746782,151,154.3,11.867307823248204,156.8,1.0
0.39616469597450643,144.0,217.95999999999998,-0.012584577965703458,11.0896544954426,10.851241870574258,151,154.6,11.858714294098622,156.8,1.0
0.39929648386905375,145.0,217.92000000000002,-0.012584577965703458,11.274436420370378,10.840111874342693,151,154.9,11.837411541698216,156.8,1.0
0.40231446868528614,146.0,217.88000000000002,-0.01010996893608333,10.86474533843654,10.925038162401531,151,155.2,11.87826546354535,156.8,1.0
0.4053774157235522,147.0,217.84,-0.0076376970939963425,11.026609337757773,11.044583911638638,151,155.4,11.91120850270218,156.8,1.0
0.4086430995956811,148.0,217.8,-0.0051647411189396746,11.756461939664261,11.174622448000651,151,155.7,11.947625023142958,156.8,1.0
0.4118262368393001,149.0,217.8,-0.0026924287125008905,11.459294077028183,11.364821965185502,151,155.9,11.961891810099557,156.8,1.0
0.4151250568852803,150.0,217.84,0.0010420000536488434,11.87575216552871,11.57509823814255,151,156.1,11.986534680703294,156.9,1.0
0.41850302348471113,151.0,217.88000000000002,0.00230843173421126,12.160679757950959,11.77374012705074,152,156.3,11.923635979069603,156.9,1.0
0.4219106754649732,152.0,217.92000000000002,0.0035713288010674055,12.267547128943292,11.974674161613967,152,156.5,11.901920147005466,156.9,1.0
0.42526941742596025,153.0,217.95999999999998,0.00482873806564683,12.091471059553465,12.10995759842322,152,156.6,11.8818596568456,157.0,1.0
0.4286184369676232,154.0,218.0,0.006081435788536411,12.056470349986526,12.13928393849968,151,156.7,11.85361959570819,157.1,1.0
0.43198256901490556,155.0,218.0,0.006081435788536411,12.110875370216485,12.184325794932047,152,156.7,11.819133857810783,157.2,1.0
0.43530906502876776,156.0,218.0,0.004848912240373631,11.975385649904025,12.143807819584946,152,156.8,11.826392616941138,157.3,1.0
0.4385590323900824,157.0,218.0,0.0036251499017046647,11.699882500732853,12.02946868814836,151,156.9,11.823729471336652,157.4,1.0
0.4417736902076838,158.0,218.0,0.0024128301756627833,11.572768143365057,11.901193680352922,152,156.8,11.789415492336497,157.5,1.0
0.4450145631239195,159.0,218.0,0.0012073434026113965,11.667142498448506,11.753282062161647,152,156.8,11.81216191786502,157.6,1.0
0.4482194983497205,160.0,218.0,0.0,11.537766812883646,11.596740263049549,152,156.8,11.82214406680956,157.7,1.0
0.451322325371155,161.0,218.0,0.0,11.170177277164274,11.440593178673266,152,156.8,11.837402788845234,157.8,1.0
0.454440134987418,162.0,218.0,0.0,11.224114618546574,11.336622392876366,152,156.8,11.812508761903937,157.9,1.0
0.4574973802183394,163.0,218.0,-0.001242558980011885,11.006082831317155,11.273557253998678,152,156.8,11.77389175469454,158.0,1.0
0.46056441671721643,164.0,218.0,-0.00247961217575226,11.04133139595719,11.256524591697863,152,156.8,11.700272263190485,158.0,1.0
0.46366905609461023,165.0,218.0,-0.003710068843335166,11.176701758617638,11.247612946527378,153,156.9,11.654862942146462,158.0,1.0
0.4669014022404294,166.0,218.0,-0.006161189645346577,11.636446124949108,11.185227217896191,153,156.9,11.571479724447306,158.1,1.0
0.4701904897528286,167.0,217.95999999999998,-0.008592594059552346,11.840715044637218,11.166684406523604,153,156.9,11.524956403751004,158.2,1.0
0.47357568896448565,168.0,217.92000000000002,-0.009806980340380024,12.186717161965316,11.139126590803714,153,157.0,11.492674492451084,158.3,1.0
0.47701281415487823,169.0,217.88000000000002,-0.011020397925435615,12.373650685413356,11.134297222247572,153,157.1,11.441055920277156,158.4,1.0
0.48025286996783556,170.0,217.8,-0.012234694824988493,11.66420092664643,11.129232426165789,153,157.2,11.40859632749543,158.5,1.0
0.4835139562260846,171.0,217.72000000000003,-0.012234694824988493,11.739910529696656,11.184303854122179,154,157.3,11.392240479043489,158.5,1.0
0.48677504195641347,172.0,217.68,-0.012840843931698593,11.739908629183773,11.189791779848415,154,157.4,11.420066260222908,158.6,1.0
0.49000563593657415,173.0,217.64000000000001,-0.012202757621136689,11.63013832857835,11.226044515364219,155,157.5,11.475131837222587,158.7,1.0
0.493202546969452,174.0,217.6,-0.010965704425396312,11.508879718360157,11.264834443084629,155,157.6,11.507621306231254,158.8,1.0
0.49657185068220516,175.0,217.6,-0.009735247757813408,12.129493365911486,11.30745474897725,155,157.7,11.541047740064752,158.9,1.0
0.49983985076502735,176.0,217.58,-0.007284126955801997,11.764800298159942,11.423325812934895,155,157.8,11.539384264030495,158.9,1.0
0.5031552337062959,177.0,217.56,-0.004248879887170821,11.935378588566564,11.53177299419875,156,157.9,11.53194300661127,158.9,1.0
0.5065165620036485,178.0,217.56,-0.002429549201485495,12.100781870469488,11.651294524026586,156,158.0,11.515142922792588,158.8,1.0
0.5098945128818178,179.0,217.56,-0.0012161316164299063,12.160623161409305,11.747912481060114,156,158.0,11.496219917530045,158.7,1.0
0.5132480518110172,180.0,217.56,-1.8347168770267882e-06,12.072740145117763,11.854680759364111,156,158.0,11.45137291840215,158.6,1.0
0.5166006465113686,181.0,217.58,-1.8347168770267882e-06,12.069340921264956,11.87718160492678,156,158.1,11.386296129048922,158.6,1.0
0.5199628892429218,182.0,217.6,0.0006043143898330738,12.104073833591562,11.93187177283299,157,158.2,11.276476044344058,158.5,1.0
0.5232331131868507,183.0,217.6,0.0012087870592830537,11.77280619814432,11.97428566144411,157,158.3,11.126629915431751,158.4,1.0
0.5264984766380723,184.0,217.6,0.002430221659613141,11.755308424397553,12.001451618603173,157,158.4,11.087496539408528,158.3,1.0
0.5296930617351763,185.0,217.6,0.0036493041696673083,11.50050634957461,12.014518020516237,157,158.5,11.084591805474684,158.2,1.0
0.5329007400622647,186.0,217.6,0.004867357334865581,11.547641977518548,12.062456936026228,157,158.5,11.147153043303565,158.0,1.0
0.5361603994197558,187.0,217.6,0.005479997743224561,11.734773686967884,12.100130330125427,157,158.6,11.180024763899883,157.8,1.0
0.5394432831028378,188.0,217.64000000000001,0.006094100053189109,11.818381259095398,12.10122958964499,157,158.7,11.26643335838494,157.8,1.0
0.5427254402646254,189.0,217.68,0.006094100053189109,11.815765782435259,12.156427997739659,156,158.8,11.309160658465055,157.8,1.0
0.5460991424136313,190.0,217.72000000000003,0.006094100053189109,12.145327736421297,12.17428977976899,157,158.9,11.31960743835391,157.8,1.0
0.5494443394873035,191.0,217.76,0.006094100053189109,12.04270946522011,12.173846918106483,157,158.9,11.366507775572106,157.7,1.0
0.552711265610523,192.0,217.8,0.006094100053189109,11.760934043589973,12.109993110235894,156,158.9,11.424816328984988,157.7,1.0
0.556044674069809,193.0,217.8,0.006094100053189109,12.000270453429575,12.009023151694993,157,158.8,11.495911459377336,157.7,1.0
0.5593377657125431,194.0,217.8,0.003619693395792065,11.855129913842932,11.847620383046054,157,158.7,11.522108283833976,157.7,1.0
0.5625747361486352,195.0,217.8,0.0011419857990039397,11.653093569931347,11.709517087703482,157,158.6,11.4410648745189,157.7,1.0
0.5657132644008868,196.0,217.8,-0.0013382734769761188,11.298701708105575,11.53257100754667,157,158.6,11.327083226721088,157.8,1.0
0.5688656542939073,197.0,217.8,-0.004450783931364921,11.348603614873943,11.391584661369901,157,158.5,11.254261787443118,157.9,1.0
0.5719440393894781,198.0,217.76,-0.008191707432515138,11.08218634405483,11.27014267330785,157,158.4,11.128954855495316,157.9,1.0
0.5751000595483656,199.0,217.72000000000003,-0.008819151204153419,11.361672571995035,11.135847972306369,157,158.3,11.028359736270302,157.9,1.0
0.5782421416482072,200.0,217.68,-0.008819151204155197,11.311495559429753,11.056317798925352,157,158.2,11.001500497926964,157.9,1.0
0.5814581072755008,201.0,217.61999999999998,-0.008819151204155197,11.577476258257075,11.024628223834988,157,158.0,10.9828463527489,157.9,1.0
0.5846353614228872,202.0,217.54000000000002,-0.008195201101162519,11.4381149305908,11.076202217360992,157,157.8,10.98802383945664,157.9,1.0
0.5878253849594678,203.0,217.52000000000004,-0.006946495658225313,11.484084731690276,11.203508232585827,158,157.8,11.031082221997472,157.9,1.0
0.5910283110666972,204.0,217.51999999999998,-0.003817732727799185,11.530533986025652,11.360259076306363,158,157.8,11.075932173433053,157.9,1.0
0.5942198485904228,205.0,217.51999999999998,-0.0013065219995849987,11.489535085411955,11.537700215164861,158,157.8,11.170142315190969,157.9,1.0
0.5974356706792838,206.0,217.54000000000002,0.0024706663936891493,11.576959519899736,11.685183457080663,158,157.7,11.285436387485252,157.9,1.0
0.6007410205084146,207.0,217.58,0.006896050098671838,11.89925938487076,11.829906947493175,158,157.7,11.34458808423975,157.9,1.0
0.6039096541290094,208.0,217.64000000000001,0.011971916259583753,11.407081034141482,11.954854580911945,158,157.7,11.428157708949986,157.9,1.0
0.60715852549299,209.0,217.68,0.013893552442530262,11.695936910330058,12.06246034382066,158,157.7,11.536110808389097,157.9,1.0
0.6102959868260698,210.0,217.76,0.015192312712609703,11.294860799087173,12.119887416056473,158,157.7,11.576455729838344,157.9,1.0
0.6134912822938655,211.0,217.84,0.015192312712609703,11.503063684064806,12.139965300988125,158,157.8,11.595159312872765,157.9,1.0
0.6166218695417555,212.0,217.92000000000002,0.014568362609617025,11.27011409240399,12.081597475447547,158,157.9,11.600672735914742,157.9,1.0
0.619759329174829,213.0,217.95999999999998,0.013319657166679818,11.294854679064837,11.95314378308583,158,157.9,11.52010789780805,157.9,1.0
0.6228376802844808,214.0,218.0,0.01272199926956466,11.08206399474671,11.90824953617676,158,157.9,11.458796792569064,157.8,1.0
0.6258484489488918,215.0,218.0,0.012742717672025,10.838767191879672,11.896989613465298,159,157.9,11.40011590771194,157.7,1.0
0.628759215246906,216.0,218.0,0.0114998643108233,10.478758672851091,11.95585601219853,159,157.9,11.370348449498875,157.6,1.0
0.6316483258290582,217.0,218.0,0.01150426775626021,10.400798095747719,11.999837708398248,159,157.9,11.353995318961532,157.6,1.0
0.6347082556273663,218.0,218.04000000000002,0.011471106653282626,11.01574727390922,12.115218756877017,159,157.9,11.414009011089853,157.5,1.0
0.6379490582859751,219.0,218.08,0.01268215274365854,11.666889570991613,12.199557273000345,159,157.9,11.43859002650794,157.4,1.0
0.6412603008352462,220.0,218.11999999999998,0.013882935030424589,11.920473177375982,12.25136694713209,158,157.9,11.5045200176156,157.4,1.0
0.6445469066380317,221.0,218.2,0.016400183233792137,11.831780890027996,12.342744580351692,159,157.9,11.604327147374986,157.4,1.0
0.6479175177594914,222.0,218.28000000000003,0.017671472559718262,12.134200037254574,12.453139862319187,159,157.9,11.728710371019934,157.3,1.0
0.6511736643372319,223.0,218.35999999999999,0.01895098784663507,11.722127679865995,12.569345982494871,159,157.9,11.81827829358765,157.2,1.0
0.6542810342799084,224.0,218.44,0.018966776913115206,11.186531793635215,12.630611809073404,159,157.9,11.90575712079842,157.3,1.0
0.6574220816588143,225.0,218.51999999999998,0.018999197414288828,11.30777056406166,12.552679630449958,159,157.9,11.986682942703805,157.3,1.0
0.6604948161607532,226.0,218.56,0.01903598085479107,11.061844206979918,12.415713883076577,159,157.9,11.97383242717472,157.3,1.0
0.6635814132162174,227.0,218.6,0.017813356619273375,11.111749399671178,12.289540928378937,158,157.9,12.024187932634806,157.2,1.0
0.6667141119713496,228.0,218.64000000000001,0.016603046072271765,11.277715518475615,12.09017025535086,158,157.9,11.994162405746415,157.2,1.0
0.6697297940485276,229.0,218.68,0.014097807570587623,10.856455477840866,11.902418200061506,158,157.8,11.967133306534388,157.3,1.0
0.6727244209094715,230.0,218.72000000000003,0.011598265013743909,10.780656699397856,11.786899445310715,158,157.7,11.918624984522406,157.2,1.0
0.6758087449364849,231.0,218.76000000000005,0.00908101681037636,11.103566497248314,11.670617095639248,158,157.6,11.838495149387953,157.2,1.0
0.6788312812469784,232.0,218.8,0.007809727484450235,10.881130717776559,11.572551760069665,158,157.6,11.728395838270504,157.2,1.0
0.6818079969379829,233.0,218.8,0.006530212197533429,10.716176487615831,11.512154578190623,158,157.5,11.67489052714377,157.2,1.0
0.6848407578852612,234.0,218.8,0.005236290154809277,10.917939410201836,11.451644909928792,158,157.4,11.582686714175011,157.2,1.0
0.6879299881942281,235.0,218.8,0.003930565609695092,11.121229112281023,11.460213645973942,157,157.4,11.490317143579473,157.2,1.0
0.6910171046036885,236.0,218.8,0.00262165324790219,11.11361907405732,11.4978357127617,157,157.4,11.408942568377952,157.2,1.0
0.6942233082773217,237.0,218.8,0.001310517724604699,11.542333225079501,11.485335752278539,158,157.3,11.304102740402223,157.2,1.0
0.6974805902308859,238.0,218.8,0.0,11.72621503283142,11.498214766181814,158,157.2,11.151802468995914,157.2,1.0
0.7007579671462804,239.0,218.8,0.0,11.798556895420004,11.535772674387507,158,157.3,11.027781623953686,157.1,1.0
0.7040728553191528,240.0,218.8,-0.0012566764434941064,11.933597422340732,11.499139641481225,157,157.3,10.941752532379612,157.1,1.0
0.7073214896149287,241.0,218.8,-0.0025198214954006057,11.695083464793257,11.440963042647715,158,157.3,10.859528707251094,157.1,1.0
0.7105761637718395,242.0,218.8,-0.003786273448387325,11.716826964878921,11.371040179569976,158,157.2,10.82779709765422,157.1,1.0
0.7138527491835082,243.0,218.8,-0.005054549468895162,11.795707482006943,11.218159750805189,158,157.2,10.899140793987373,157.1,1.0
0.7169975793570343,244.0,218.76,-0.0075777645786802,11.321388624694329,11.083540327051725,158,157.3,10.965707322437762,156.9,1.0
0.7201387640633191,245.0,218.72000000000003,-0.008836660995689343,11.308264942625197,10.950900411633118,158,157.2,11.05721423416683,156.9,1.0
0.723241195536785,246.0,218.68,-0.010088342941388754,11.168753304477123,10.859939233603795,158,157.2,11.166615005788708,156.9,1.0
0.7262236079934552,247.0,218.64000000000001,-0.011329259352752146,10.73668484401257,10.798266193124457,158,157.2,11.190411761178607,156.9,1.0
0.7293105813213556,248.0,218.56,-0.012557015819104797,11.113103980441563,10.824805961502014,158,157.2,11.232724890809951,156.9,1.0
0.7324249557788136,249.0,218.51999999999998,-0.012557015819104797,11.211748046848774,10.833235841170463,158,157.2,11.253915863189144,156.8,1.0
0.7356571565677609,250.0,218.48000000000002,-0.011300339375610691,11.635922840210075,10.912864608113804,157,157.2,11.27922126764695,156.8,1.0
0.738860365500933,251.0,218.44,-0.010037194323704193,11.531552159419826,11.0410742303322,158,157.2,11.245584363816771,156.8,1.0
0.7422817443582003,252.0,218.4,-0.008770742370717474,12.316963886162128,11.208513144134898,158,157.2,11.180476672477296,156.8,1.0
0.7456266103682524,253.0,218.4,-0.007502466350209637,12.041517636187796,11.354464360094449,158,157.2,11.04043249457081,156.8,1.0
0.7489545794059665,254.0,218.4,-0.004979251240424598,11.980688535770947,11.515251505819698,158,157.1,10.917043399241106,157.0,1.0
0.7523730061393608,255.0,218.4,-0.0037203548234154547,12.30633624021907,11.67013635828657,158,157.1,10.782759902437387,157.1,1.0
0.755820946567396,256.0,218.4,-0.0024686728777160447,12.412585540926598,11.7343506536568,158,157.1,10.71026598403652,157.2,1.0
0.7590521588089765,257.0,218.4,-0.0012277564663526518,11.632364069689714,11.862263729710792,158,157.1,10.709794423371346,157.3,1.0
0.762382128879129,258.0,218.4,0.0,11.987892252549285,11.914208042665969,158,157.1,10.72365072084531,157.4,1.0
0.7657212972863242,259.0,218.4,0.0,12.021006265902615,11.967705178869156,158,156.9,10.746897048008035,157.6,1.0
0.7689178021988018,260.0,218.4,0.0012432348690200059,11.507417684919217,11.991090643531688,157,156.9,10.78696905699001,157.8,1.0
0.7722608875360297,261.0,218.4,0.0024964639853332802,12.035107214020698,11.975537939848348,158,156.9,10.8893104977115,157.9,1.0
0.7755988621519403,262.0,218.4,0.0037586317904284897,12.016708617278208,11.92126400798967,158,156.9,10.976745445841772,158.1,1.0
0.7788686473308479,263.0,218.4,0.005032505562695265,11.771226644067529,11.914051906623268,157,156.9,11.050025645276936,158.3,1.0
0.7820618710296399,264.0,218.44,0.006323776641073116,11.49560531565112,11.860318594334952,157,156.8,11.117027686953856,158.4,1.0
0.7852577148876606,265.0,218.48000000000002,0.006323776641073116,11.50503788887454,11.806528882890587,157,156.8,11.160629332876526,158.4,1.0
0.7883998238959251,266.0,218.51999999999998,0.006323776641073116,11.311592429752107,11.747164010582413,158,156.8,11.187804049695943,158.5,1.0
0.7914824102732647,267.0,218.56,0.006323776641073116,11.09731095842238,11.64893654183393,157,156.8,11.234601722985914,158.6,1.0
0.7945562586407263,268.0,218.6,0.006323776641073116,11.065854122861715,11.490337719425543,157,156.8,11.328203758918963,158.6,1.0
0.7976388449073784,269.0,218.6,0.006323776641073116,11.097310559947198,11.35237206219671,158,157.0,11.45645193664044,158.7,1.0
0.800609309333185,270.0,218.6,0.00508054177205311,10.693671932904026,11.241288846715126,157,157.1,11.557074957970448,158.7,1.0
0.8036611729260359,271.0,218.6,0.0038273126557398355,10.9867089342634,11.13404467824428,157,157.2,11.636380569223018,158.7,1.0
0.8065760912324845,272.0,218.6,0.003209923953019071,10.493705903215117,11.078401920963895,157,157.3,11.725746897808811,158.7,1.0
0.8095013740640526,273.0,218.6,0.0032228661002489632,10.531018193645258,11.123584417742302,158,157.4,11.774255301540247,158.7,1.0
0.8124556280640277,274.0,218.6,0.002572579295054403,10.635314399910378,11.155781393756769,157,157.6,11.80518641631217,158.6,1.0
0.8154230724078025,275.0,218.6,0.002572579295054403,10.682799637589364,11.208657826617069,157,157.8,11.838608360059116,158.7,1.0
0.8184770380560757,276.0,218.61999999999998,0.002572579295054403,10.994276333783356,11.29667514672053,157,157.9,11.82899663474851,158.7,1.0
0.8217578013676741,277.0,218.66,0.00193232799578266,11.810747921753896,11.313681857012012,157,158.1,11.780754331891448,158.6,1.0
0.825016556758609,278.0,218.68,0.0006443685981788454,11.731519407365624,11.357556101291783,158,158.3,11.69846444299617,158.7,1.0
0.8283533288911751,279.0,218.68,-7.779766799980403e-06,12.012379677237888,11.380191535887274,157,158.4,11.580083006250232,158.7,1.0
0.8316276843492647,280.0,218.68,0.0013112586828418317,11.787679649122804,11.415038585408654,157,158.4,11.447950490610529,158.7,1.0
0.8347456500404209,281.0,218.66,0.0026467238263012615,11.224676488162403,11.397338224155252,157,158.5,11.329766245399236,158.8,1.0
0.8377781048180677,282.0,218.61999999999998,0.0033464491481353166,10.916837199528574,11.355415098221279,157,158.6,11.18180562422186,158.8,1.0
0.8407622514618003,283.0,218.6,0.003404196852437401,10.742927917437147,11.25327157431708,158,158.6,11.085825333095675,158.8,1.0
0.8437867982519359,284.0,218.64000000000001,0.004106038858740747,10.888368444488446,11.199878429660211,157,158.7,11.015890654002554,159.0,1.0
0.846660806751738,285.0,218.68,0.005445960506419154,10.346430599287565,11.16103914530989,157,158.7,10.961104028904549,159.1,1.0
0.849533917701846,286.0,218.71999999999997,0.006780904541572022,10.343199420388627,11.178903186052077,157,158.7,10.926664388381027,159.2,1.0
0.8524256694081486,287.0,218.76000000000005,0.008743553618280013,10.41030614268901,11.27054450548793,157,158.7,10.93456268813932,159.4,1.0
0.8553416773120565,288.0,218.8,0.012655241528319594,10.49762845406859,11.379142021444398,157,158.7,10.923824257390612,159.5,1.0
0.8583054397312789,289.0,218.84,0.01591371868605594,10.66954470920071,11.495870845309826,157,158.6,10.923314166429686,159.6,1.0
0.8613784231938106,290.0,218.88000000000002,0.015889990494289616,11.062740465114128,11.627709635483905,157,158.7,10.927552092877187,159.7,1.0
0.8644950789942303,291.0,218.92,0.017135024993011352,11.219960881510655,11.815633661076411,157,158.7,10.931083538699768,159.8,1.0
0.8675660234870826,292.0,219.0,0.018364752283272053,11.055400174268202,11.970638166199738,157,158.6,10.943534657564268,159.9,1.0
0.8706147432618226,293.0,219.07999999999998,0.01830194304250097,10.975391189064448,12.090482386218268,156,158.7,10.983441405211266,160.0,1.0
0.8737506011880194,294.0,219.11999999999998,0.018230280339027842,11.289088534308155,12.163565916693992,157,158.7,11.01158573121268,160.0,1.0
0.8769088914676034,295.0,219.2,0.018147292345821707,11.369845006502478,12.174981463361068,157,158.7,11.038660511672925,160.1,1.0
0.8800248772736288,296.0,219.27999999999997,0.016812348310668836,11.217548901691345,12.159599607502958,157,158.8,11.06664854740514,160.2,1.0
0.8831201850894734,297.0,219.32,0.015489950533232589,11.143108137040658,12.139117749049994,157,158.8,11.080283992704524,160.3,4.0
0.8862223097758173,298.0,219.35999999999999,0.012866222020796823,11.167648870837777,12.143002697876746,156,158.8,11.117569145368972,160.4,4.0
0.8893071878781582,299.0,219.4,0.010259893228039302,11.105561168427414,12.174685740672837,157,159.0,11.169611530626389,160.5,4.0
0.8924556566651883,300.0,219.4,0.008964582970163814,11.334487633308315,12.167486013476758,157,159.1,11.25620616362588,160.5,4.0
0.8957023060025245,301.0,219.4,0.0063840833279826485,11.687937614410359,12.130295515246328,157,159.2,11.352046410459778,160.6,4.0
0.8990332561507464,302.0,219.4,0.0038098516135134466,11.991420533598696,12.113494057906474,157,159.4,11.465711223915278,160.7,4.0
0.9024382208636017,303.0,219.4,0.0025280972304857806,12.25787296627919,12.065119126070517,158,159.5,11.557002056292736,160.8,4.0
0.9058535871823817,304.0,219.4,0.0012569336544722685,12.29531874760826,12.015871853126287,158,159.6,11.654051440399709,160.9,4.0
0.9092321708265563,305.0,219.4,0.0,12.162901119028174,11.994160141326029,158,159.7,11.705932218501452,160.8,4.0
0.9125963964342089,306.0,219.4,0.0,12.111212187549267,11.952391548551308,158,159.8,11.740607489420366,160.8,4.0
0.9158264498159742,307.0,219.4,0.0,11.628192174355013,11.903436220844927,158,159.9,11.706721853072652,160.8,4.0
0.9190144942655734,308.0,219.4,0.0,11.476960018557001,11.85289091918992,158,160.0,11.678964000663465,160.8,4.0
0.9221922111005447,309.0,219.4,0.0012989560603131015,11.439780605896898,11.790432023267087,159,160.0,11.641106338717508,160.8,4.0
0.9253139806506009,310.0,219.4,0.003913361096144678,11.23837038020223,11.730345946367986,158,160.1,11.58681992285621,160.9,4.0
0.9284266235911119,311.0,219.4,0.006540833650374489,11.205514585839751,11.692656015740477,159,160.2,11.581406451651649,160.8,4.0
0.9315289907146247,312.0,219.4,0.009176587708184598,11.168521644645924,11.630704005755849,159,160.3,11.593502130956823,160.7,4.0
0.9346051181031858,313.0,219.44,0.011810437896929094,11.074058598819821,11.6291767717041,159,160.4,11.590176762751144,160.6,4.0
0.9376534496563,314.0,219.51999999999998,0.013128657566223473,10.973993591211213,11.66292894860018,158,160.5,11.612510388795522,160.5,4.0
0.9407037437304432,315.0,219.6,0.013128657566223473,10.981058666915244,11.704932076644264,159,160.5,11.677372320191516,160.4,4.0
0.9436569676126031,316.0,219.68,0.014446427536808502,10.631605975775496,11.751339434121004,159,160.6,11.768054926603003,160.2,1.0
0.9466204090745735,317.0,219.76,0.015763771782603207,10.66838926309319,11.818871585725432,158,160.7,11.889370588398243,159.9,1.0
0.9496141905266917,318.0,219.8,0.0170796172064621,10.777613227625778,11.840831089945157,159,160.8,11.98182744109267,159.6,1.0
0.9526397222919464,319.0,219.8,0.0170917256357501,10.891914354916835,11.848474791299653,159,160.9,12.04238218347516,159.3,1.0
0.9556658261738816,320.0,219.84,0.017092747723950284,10.893973974967022,11.85270273493268,158,160.8,12.060771735071878,159.0,1.0
0.9588004088359435,321.0,219.88000000000002,0.0157697812721384,11.284497583422667,11.856172410873613,159,160.8,12.016840739262197,158.7,1.0
0.9618729469851544,322.0,219.92000000000002,0.014435234164047803,11.061137337158849,11.85302484842199,159,160.8,11.993040572260975,158.5,1.0
0.9649476574543795,323.0,219.95999999999998,0.013100989654136863,11.068957689210553,11.870617607203652,158,160.8,11.957510620975691,158.3,1.0
0.9680077610254034,324.0,220.04000000000002,0.013078017157287142,11.01637285568623,11.8667808268364,159,160.8,11.900389970081822,158.0,1.0
0.9710678646712759,325.0,220.08,0.013078017157287142,11.016373125141053,11.860954762836297,159,160.9,11.832027723336326,157.9,1.0
0.9740556749947261,326.0,220.11999999999998,0.011760247186702114,10.756117164420495,11.855168159799241,158,160.8,11.723227398081344,157.8,1.0
0.9771299685334937,327.0,220.16,0.011711396697833842,11.067456739563188,11.849094868277009,159,160.7,11.608747594211987,157.7,1.0
0.9802019286689492,328.0,220.2,0.011651469874990406,11.059056487639912,11.876809175494245,159,160.6,11.506883965490276,157.4,1.0
0.9833026681577045,329.0,220.2,0.011586403260086111,11.162662159519272,11.92835308871405,159,160.5,11.41915965334664,157.0,1.0
0.9864065165833404,330.0,220.2,0.011442219732952081,11.17385433228917,12.016589210251812,159,160.4,11.373718815015884,156.5,1.0
0.9895789754823451,331.0,220.24,0.012598004657547407,11.420852036416512,12.12321968190069,159,160.2,11.383213087776246,156.0,1.0
0.9927550835000682,332.0,220.27999999999997,0.012523310050818918,11.43398886380334,12.265609328817636,159,159.9,11.396231625479636,155.4,1.0
0.995974356150564,333.0,220.32,0.012453766910477107,11.589381541784695,12.384451781112151,160,159.6,11.422323954810436,154.8,1.0
0.9992750003688087,334.0,220.4,0.01239150581446689,11.882319185681185,12.509798955802406,160,159.3,11.433381851998456,154.2,1.0
1.002601326922553,335.0,220.48000000000002,0.013628501644675394,11.974775593480015,12.595228301352064,160,159.0,11.481786497949056,153.5,1.0
1.0059048728389353,336.0,220.51999999999998,0.01487129303142955,11.892765298975489,12.65461201658473,160,158.7,11.53271139181468,152.8,1.0
1.0092327520231958,337.0,220.56,0.014846171576485776,11.980365063337768,12.624809664834185,160,158.5,11.563050088102845,152.2,1.0
1.0125742937811708,338.0,220.6,0.014832328047985002,12.029550328709648,12.602080349756653,160,158.3,11.647325688690874,151.8,1.0
1.015819146542431,339.0,220.64000000000001,0.016071193052391373,11.681469940536708,12.568919920985413,160,158.0,11.797255818144944,151.5,1.0
1.019019315165064,340.0,220.68,0.014839991403176326,11.52060704147829,12.510666852761315,160,157.9,11.955053638353892,151.3,1.0
1.022097647296436,341.0,220.71999999999997,0.013612854514367423,11.081995672939394,12.487716099784786,160,157.8,12.050456650182491,151.2,1.0
1.025196650168578,342.0,220.76,0.013609993835971718,11.15641033971145,12.466453250706397,160,157.7,12.14820735756386,151.0,1.0
1.0283107626470018,343.0,220.84,0.01359109717820868,11.210804922325124,12.420453374523163,160,157.4,12.203289752735468,150.8,1.0
1.031460611265632,344.0,220.88000000000002,0.012358111101774238,11.339455027068203,12.392705130050093,161,157.0,12.19895745204644,150.7,1.0
1.0347719003993636,345.0,220.92000000000002,0.011121115271565733,11.92064088143439,12.385215615192338,161,156.5,12.182137903356782,150.7,1.0
1.0381090454249267,346.0,220.95999999999998,0.009878323884811576,12.01372209202728,12.404979831373382,161,156.0,12.176712919092417,150.6,1.0
1.0414276874752826,347.0,221.0,0.00863495158282892,11.947111381280955,12.45828283378378,161,155.4,12.205877740627397,150.6,1.0
1.0448312670833808,348.0,221.0,0.007392876510314233,12.252886589153436,12.481926074730938,161,154.8,12.200884362622412,150.6,1.0
1.0482562918762965,349.0,221.0,0.004908013631211061,12.330089254496631,12.473213304926674,160,154.2,12.14763355589942,150.6,1.0
1.0517083566278502,350.0,221.0,0.00366797168352838,12.427433105593195,12.436920669366952,161,153.5,12.028539123044144,150.6,1.0
1.0551236767086536,351.0,221.0,0.002434817545324027,12.29515229089179,12.350647453220457,161,152.8,11.887117289786762,150.6,1.0
1.0584795041716135,352.0,221.0,0.00243949657082213,12.080978866655713,12.301507262941934,161,152.2,11.714413506896962,150.7,1.0
1.0617618242677662,353.0,221.0,0.0024687745780436463,11.81635234615002,12.24876582639175,161,151.8,11.585857217633803,150.8,1.0
1.064962754974165,354.0,221.0,0.0037201993810722705,11.523350543035379,12.18183679583034,160,151.5,11.54244973677635,150.9,1.0
1.0681520135639808,355.0,221.0,0.004981237884530546,11.481330923337575,12.120307053667169,161,151.3,11.494349408152225,150.9,1.0
1.0714230470145405,356.0,221.04000000000002,0.00624731455076445,11.775720422015077,12.025539433438457,161,151.2,11.523002018789194,151.0,1.0
1.0746429947557705,357.0,221.08,0.00624731455076445,11.591811868428103,11.933039310431473,161,151.0,11.612479648450211,151.0,1.0
1.0778879058891635,358.0,221.11999999999998,0.00624731455076445,11.681680080214733,11.853231434572939,161,150.8,11.715939583795434,151.0,1.0
1.0811230355522305,359.0,221.16,0.00624731455076445,11.646466787041678,11.78733034506128,161,150.7,11.842472363226518,151.0,1.0
1.0842728771780759,360.0,221.2,0.00624731455076445,11.339429853043393,11.756535912043125,160,150.7,12.068766966126969,151.0,1.0
1.0873701978036865,361.0,221.2,0.00624731455076445,11.150354252198197,11.774242614046717,160,150.6,12.295517828812994,151.0,1.0
1.0904430707424195,362.0,221.2,0.006267606106625026,11.062342579438592,11.787098380213944,160,150.6,12.470480161214368,151.0,1.0
1.0934817121937288,363.0,221.2,0.006272508376505935,10.93910922471368,11.813479597467815,160,150.6,12.581280929681778,151.0,1.0
1.0965564183492087,364.0,221.2,0.006257418882102602,11.068942159727804,11.824313218297782,159,150.6,12.625272927686373,151.0,1.0
1.0997720499189145,365.0,221.2,0.006217003227040052,11.576273650941216,11.873758699020096,159,150.6,12.63659486822876,151.1,1.0
1.1030792459742058,366.0,221.23999999999995,0.006155438095058882,11.905905799048966,11.925825404839646,158,150.6,12.637932880954413,151.1,1.0
1.1063716724080215,367.0,221.28000000000003,0.006155438095058882,11.852735161736113,11.956619239606539,158,150.7,12.588598509881107,151.1,1.0
1.1096472999224922,368.0,221.32,0.006155438095058882,11.792259052094904,12.034792118540766,158,150.8,12.55044163903264,151.1,1.0
1.1130168869354222,369.0,221.35999999999999,0.006155438095058882,12.130513246547695,12.171887942476104,158,150.9,12.467191753326745,151.2,1.0
1.1163081865997833,370.0,221.4,0.006155438095058882,11.84867879169963,12.30832278671662,157,150.9,12.350021325974955,151.2,1.0
1.11948978138175,371.0,221.4,0.006155438095058882,11.453741215079825,12.372368774827587,158,151.0,12.283303479235803,151.2,1.0
1.1227967532110052,372.0,221.4,0.004906815849104884,11.905098585318902,12.42984604206791,158,151.0,12.256828371922168,151.2,1.0
1.1262518672441315,373.0,221.4,0.0036614696912737497,12.438410519254376,12.444834854432749,157,151.0,12.290037099982753,151.3,1.0
1.1297649006779698,374.0,221.4,0.0024251343826484596,12.646920361817285,12.40061354008294,158,151.0,12.304189070269723,151.4,1.0
1.1332455406138662,375.0,221.4,0.0012045115342527333,12.530303769227235,12.342760784230332,158,151.0,12.303827939346416,151.4,1.0
1.1368242664118835,376.0,221.4,0.0,12.883412872862612,12.297255938414729,157,151.0,12.27153768431951,151.5,1.0
1.1402696994989536,377.0,221.4,0.0,12.403559113452227,12.28767683160002,155,151.0,12.259005055095011,151.6,1.0
1.1435332928448438,378.0,221.4,0.0,11.748936045204612,12.25067443521947,154,151.0,12.192041147793178,151.7,1.0
1.1468561588891915,379.0,221.4,0.0,11.962317759651118,12.172540849931341,153,151.0,12.162881824180976,151.7,1.0
1.1501323891528181,380.0,221.4,0.0,11.794428949055956,12.036737795978073,152,151.1,12.109155728205051,151.8,1.0
1.1533949973279374,381.0,221.4,0.0,11.745389430429649,11.89445997202992,152,151.1,12.018369130953182,151.9,1.0
1.1566880986627344,382.0,221.4,0.0,11.855164805269046,11.736397706275582,152,151.1,11.944592100458332,152.0,1.0
1.1599952937882967,383.0,221.4,0.0,11.905902452024451,11.629585445837359,151,151.1,11.869698384317848,152.0,1.0
1.1631775093530925,384.0,221.4,0.0,11.455976033264548,11.615523104547883,151,151.2,11.889806170931838,152.0,1.0
1.166265310863274,385.0,221.4,0.0012159623057016627,11.116085436653398,11.604495715693535,151,151.2,11.919201157947375,152.0,1.0
1.1693643039310417,386.0,221.4,0.0024091247920105738,11.156375043964616,11.672157493805923,151,151.2,11.946151455370186,152.1,1.0
1.172452636214603,387.0,221.4,0.0035802832743530404,11.117996220820636,11.810488946436703,151,151.2,11.94017879298325,152.1,1.0
1.175595653224778,388.0,221.4,0.004735010262716663,11.314861236630083,11.980287525034985,151,151.3,11.93310419952538,152.2,1.0
1.1787849072451697,389.0,221.44,0.005879567806617032,11.48131447340987,12.200350914807109,151,151.4,11.9129368826592,152.3,1.0
1.1821407280938991,390.0,221.47999999999996,0.005879567806617032,12.08095505542564,12.560551076056543,151,151.4,11.926395674537568,152.4,1.0
1.185651885240299,391.0,221.51999999999998,0.0070191152994477325,12.640165727039832,12.946633193397563,150,151.5,11.940519425972372,152.4,1.0
1.1892323752843883,392.0,221.56,0.009297968991051571,12.889764158721261,13.294572424130811,150,151.6,11.988873669044906,152.5,1.0
1.1928910503528147,393.0,221.6,0.012729645675797902,13.171230246335302,13.578779446786395,150,151.7,12.04814256154362,152.6,1.0
1.1967018620367784,394.0,221.6,0.01731912560460449,13.718922062269023,13.789644432343826,151,151.7,12.076061877367913,152.6,1.0
1.2004195270544211,395.0,221.64000000000001,0.021878321123100362,13.383594063513673,13.957629367353297,150,151.8,12.105759749065038,152.7,1.0
1.2040045266010817,396.0,221.72000000000003,0.025349118194403924,12.905998367978338,14.122045450441359,151,151.9,12.099865314893773,152.7,1.0
1.2074006387970524,397.0,221.84,0.027694928911189277,12.22600390549477,14.218355550215415,151,152.0,12.10393485037317,152.8,1.0
1.2106658558016845,398.0,222.0,0.02888991255971187,11.754781216675992,14.2968263373693,151,152.0,12.078459954416454,152.8,1.0
1.2138865596569162,399.0,222.2,0.028917035775019077,11.594533878833754,14.275095648233446,151,152.0,12.041134130743531,152.8,1.0
1.2172460972076613,400.0,222.35999999999999,0.028917035775019077,12.094335182682178,14.147651572352476,151,152.0,11.928716444426096,152.8,1.0
1.2206202144344132,401.0,222.48000000000002,0.02777748828218838,12.14682201630679,13.997081039381726,151,152.1,11.83706688266941,152.9,1.0
1.22409471317059,402.0,222.56,0.02549863459058454,12.508195450236592,13.831981653737705,151,152.1,11.679771720805178,153.0,1.0
1.2275221385565,403.0,222.6,0.022066957905838208,12.338731389276319,13.694193273017046,151,152.2,11.540209319589614,153.1,1.0
1.2310074768311532,404.0,222.6,0.01747747797703162,12.547217788751151,13.51969820872186,151,152.3,11.415896457967218,153.3,1.0
1.2345398144967428,405.0,222.6,0.011702320152834088,12.716415596122161,13.325601143561693,151,152.4,11.342192866781351,153.4,1.0
1.2380512720786434,406.0,222.6,0.007038360595221613,12.641247294841975,13.091223650696957,151,152.4,11.287380216445902,153.5,1.0
1.2415396307414492,407.0,222.6,0.0035213913960937967,12.55809118610062,12.884192727655341,151,152.5,11.222893576325196,153.6,1.0
1.2448441587746564,408.0,222.6,0.0011716807592075814,11.89630091954571,12.634262519098094,151,152.6,11.206367400623408,153.8,1.0
1.2480638594884343,409.0,222.6,0.0,11.590922569600666,12.450053388574807,151,152.6,11.180420820951962,154.0,1.0
1.2513337018863269,410.0,222.6,0.0,11.771432632413111,12.28056808413844,151,152.7,11.222926032470983,154.2,1.0
1.2546730062541218,411.0,222.6,0.0,12.021495724061795,12.122498884871396,151,152.7,11.28743425292031,154.4,1.0
1.2579614941366823,412.0,222.6,0.0,11.838556377218268,12.02328742581185,151,152.8,11.38812993594445,154.5,1.0
1.2613079214014475,413.0,222.6,0.0,12.047138153154302,11.955481621831538,151,152.8,11.48935922971133,154.7,1.0
1.264644020520612,414.0,222.6,0.0012067270811713941,12.009956828991918,12.00809386085256,152,152.8,11.600658150402188,154.9,1.0
1.267924173193835,415.0,222.6,0.0024154970210976414,11.808549623603463,12.076860413235375,151,152.8,11.638803325329324,155.1,1.0
1.2712306945799166,416.0,222.6,0.003622902878906836,11.903476989893491,12.143699273680042,151,152.9,11.69133738871897,155.4,1.0
1.274511015142332,417.0,222.6,0.004828880566000225,11.809154024695749,12.177352915775856,151,153.0,11.769626456022742,155.7,1.0
1.2778713981383558,418.0,222.64000000000001,0.006029994231679052,12.0973787856856,12.209262091005499,152,153.1,11.862049709855135,155.9,1.0
1.2811727515938436,419.0,222.68,0.006029994231679052,11.884872439756084,12.236207122901876,151,153.3,11.96776244725874,156.1,1.0
1.2845174559290218,420.0,222.71999999999997,0.006029994231679052,12.040935606641193,12.28999630717839,151,153.4,12.11021065990073,156.3,1.0
1.2878401695679642,421.0,222.76000000000005,0.006029994231679052,11.961769100192427,12.335925369291633,151,153.5,12.178528199770165,156.5,1.0
1.2911090058020307,422.0,222.8,0.006029994231679052,11.767810442639574,12.409794507867524,152,153.6,12.218634316381529,156.6,1.0
1.2943994127421674,423.0,222.8,0.007219689994090825,11.845464984492486,12.48702884439299,152,153.8,12.253127514977784,156.7,1.0
1.2977728973943272,424.0,222.8,0.007205167883946556,12.144544747775614,12.515676551338904,152,154.0,12.232482647287805,156.8,1.0
1.3010922827104248,425.0,222.8,0.0071922985829161665,11.949787137951514,12.546164824813825,152,154.2,12.230677742189473,156.8,1.0
1.3045331214383744,426.0,222.8,0.007192063678250535,12.387019420618824,12.539884882889012,152,154.4,12.240791000640458,156.8,1.0
1.3079780778132863,427.0,222.84,0.007202603574671888,12.40184294968288,12.543898666579107,152,154.5,12.190771842808331,156.8,1.0
1.3114160144643776,428.0,222.88000000000002,0.00600148990899306,12.376571943928532,12.525601493120837,152,154.7,12.098409714228882,156.7,1.0
1.3147998620079129,429.0,222.92,0.00600148990899306,12.181851156727337,12.487761353426228,152,154.9,12.01062209176992,156.7,1.0
1.3181281929148374,430.0,222.95999999999998,0.00600148990899306,11.981991264928544,12.372476451065618,152,155.1,11.85364005547576,156.7,1.0
1.3214622108190004,431.0,223.0,0.00600148990899306,12.002464454986404,12.279441601357831,152,155.4,11.834976443856975,156.7,1.0
1.324660283453187,432.0,223.0,0.007277250955743867,11.5130614830724,12.118577896001028,152,155.7,11.84063918904361,156.7,1.0
1.327847007549788,433.0,223.0,0.007370646750964241,11.472206747763257,11.968631615692592,152,155.9,11.921009569965324,156.7,1.0
1.330908220851066,434.0,223.0,0.007463425529371928,11.02036788460126,11.842786232720483,152,156.1,12.074098322123229,156.7,1.0
1.333973024051173,435.0,223.0,0.007555490722050313,11.033291520384665,11.76929040301871,153,156.3,12.292623013746596,156.8,1.0
1.3369769317739442,436.0,223.04000000000002,0.007631407615902625,10.814067801976494,11.715305799991214,152,156.5,12.472106841385322,156.8,1.0
1.3400342148121462,437.0,223.07999999999998,0.0064148900323878835,11.00621893752725,11.65131069131736,153,156.6,12.739497625830689,156.7,1.0
1.343126837958731,438.0,223.11999999999998,0.0064148900323878835,11.13344332770457,11.620595428251999,153,156.7,12.960589274217517,156.8,1.0
1.3463059533045278,439.0,223.16,0.0064148900323878835,11.444815244868686,11.571684369811226,153,156.8,13.141296454565984,156.8,1.0
1.3494820268494094,440.0,223.2,0.0064148900323878835,11.433864761574025,11.584890284454778,152,156.8,13.301455878190884,156.8,1.0
1.3526369151976814,441.0,223.2,0.0064148900323878835,11.357598053779327,11.611581069794704,153,156.8,13.283275855494264,156.7,1.0
1.355789081788252,442.0,223.2,0.005139128985637077,11.34779972605454,11.666770692235803,153,156.8,13.237943324730391,156.8,1.0
1.3589037320524322,443.0,223.2,0.0038560374280049306,11.212740951048799,11.73689643535506,152,156.7,13.088102825330225,156.8,1.0
1.3620830153857075,444.0,223.2,0.002571053678570116,11.445419999791488,11.824672775852939,153,156.7,12.881832788574908,156.7,1.0
1.3653270080870625,445.0,223.2,0.0012830878469958736,11.6783737248779,11.845289965245112,153,156.7,12.625030769477696,156.6,1.0
1.3686106260404565,446.0,223.2,0.0,11.821024632217918,11.888365671501685,153,156.7,12.375924940129638,156.5,1.0
1.3719491015613443,447.0,223.2,0.0011824088891364663,12.018511875196037,11.965869342609633,153,156.7,12.050539825301534,156.6,1.0
1.3753508883765146,448.0,223.2,0.002360936671139142,12.24643253461315,12.066022447820277,153,156.7,11.802867091906917,156.5,1.0
1.3786359625415536,449.0,223.2,0.0035361468354343658,11.826266994140042,12.187796885715999,153,156.7,11.562762230788096,156.4,1.0
1.3819579640402955,450.0,223.2,0.0047133404121765254,11.959205395470503,12.355844990404327,153,156.8,11.351822344073216,156.3,1.0
1.3853303220199669,451.0,223.24,0.005890707709684076,12.140488726817047,12.456013152517059,154,156.8,11.255012698924553,156.4,1.0
1.3887392198711832,452.0,223.27999999999997,0.005890707709684076,12.272032264378463,12.535659938432069,154,156.7,11.188652613595847,156.3,1.0
1.3921475166281512,453.0,223.32,0.005890707709684076,12.26986832508485,12.594315812174212,154,156.8,11.152182941687574,156.2,1.0
1.3957224894409876,454.0,223.35999999999999,0.005890707709684076,12.869902126211391,12.573093459063497,154,156.8,11.141569928742186,156.2,1.0
1.3991562530864243,455.0,223.4,0.005890707709684076,12.36154912357223,12.548002091420457,154,156.8,11.159486675578815,156.3,1.0
1.4025512769192943,456.0,223.4,0.005890707709684076,12.222085798331563,12.511399479871127,154,156.7,11.19973281027466,156.3,1.0
1.4059855668807273,457.0,223.4,0.00470829882054761,12.363443861158611,12.385062022288924,155,156.8,11.25974208533056,156.2,1.0
1.4093300068412031,458.0,223.4,0.002313620476898567,12.039983857713349,12.196379265044802,155,156.8,11.320269943414331,156.3,1.0
1.412610067380969,459.0,223.4,-6.954107066519805e-05,11.808217943156714,11.99225770151256,155,156.7,11.451565383968816,156.3,1.0
1.415960161264297,460.0,223.4,-0.002439370289078622,12.06033797998037,11.69239916330063,155,156.6,11.57490166135751,156.4,1.0
1.419193577138879,461.0,223.4,-0.005959606148307117,11.640297148495765,11.492059898114023,155,156.5,11.65503821882031,156.4,1.0
1.422345913521819,462.0,223.35999999999999,-0.009423335296027683,11.348410978583987,11.283790307949848,156,156.6,11.745547669843145,156.5,1.0
1.4255103557719566,463.0,223.32,-0.012814363833324103,11.391992100495235,11.112512737166098,156,156.5,11.808032760353344,156.5,1.0
1.4286492673728648,464.0,223.27999999999997,-0.017258606203890706,11.30008176326977,11.004908067635606,156,156.4,11.854246723003332,156.6,1.0
1.4320311876526939,465.0,223.2,-0.02273751768335813,12.1749130073844,10.957835049724817,157,156.3,11.86599101600476,156.6,1.0
1.4354419413333044,466.0,223.08,-0.028150458992891574,12.278713250197914,10.890201268874208,157,156.4,11.85653307447618,156.7,1.0
1.4390994823528531,467.0,222.95999999999998,-0.033570808670431794,13.167147670375728,10.937723787310318,157,156.3,11.858339197662229,156.8,1.0
1.442869168847101,468.0,222.8,-0.036705787176726325,13.570871379292395,11.014813067749547,157,156.2,11.85740233884028,156.9,1.0
1.4467562424191538,469.0,222.6,-0.03879854335791886,13.993464859390397,11.120381244161923,157,156.2,11.81235284629558,157.3,1.0
1.450604902490367,470.0,222.4,-0.03872376107114896,13.855176256367622,11.292943312717021,157,156.3,11.775842471726168,158.1,1.0
1.4545810705439641,471.0,222.2,-0.03638089250942801,14.314204992949433,11.39923952248699,156,156.3,11.771868178323237,159.2,1.0
1.4583475503946453,472.0,222.04000000000002,-0.029426515171048752,13.559327462452288,11.596263813987775,157,156.2,11.75561322508861,160.3,4.0
1.4620139570346398,473.0,221.92,-0.022450584992308155,13.1990639039799,11.813578084150468,157,156.3,11.775819854641757,161.5,4.0
1.465597755923395,474.0,221.88000000000002,-0.013126172443472372,12.90167599951878,12.073877656348099,156,156.3,11.807382876998926,162.7,4.0
1.468929176140178,475.0,221.88000000000002,-0.002665752320108652,11.993112780418206,12.363724460199352,157,156.4,11.90128252509546,163.9,4.0
1.4722140061242222,476.0,222.0,0.010358301758918817,11.82538794255918,12.693434434749815,157,156.4,12.00737063512867,165.1,4.0
1.475455323534326,477.0,222.12000000000003,0.02217580103779942,11.668742676374036,12.941712439689258,156,156.5,12.106693133351277,166.2,4.0
1.4786520377042536,478.0,222.28000000000003,0.03296202130809789,11.508171011739254,13.186826086500332,157,156.5,12.213781569840055,167.3,4.0
1.4818257723343697,479.0,222.44,0.04142763697182413,11.425444668418269,13.358228472697737,157,156.6,12.303995669723507,168.2,0.0
1.484982471768505,480.0,222.68,0.04642286131450231,11.364117962887022,13.462299311984719,157,156.6,12.38642448147053,168.6,0.0
1.4880547922809129,481.0,222.88000000000002,0.04771324324860328,11.060353844668397,13.579524629373712,156,156.7,12.465048009775078,168.7,0.0
1.491133292316609,482.0,223.07999999999998,0.044222595057944576,11.082600128506103,13.592787603125618,157,156.8,12.520456304792589,168.7,0.0
1.494132741009051,483.0,223.24,0.0406376934165004,10.798015292791717,13.515621454798033,157,156.9,12.552012485118077,168.8,0.0
1.4971305957680427,484.0,223.35999999999999,0.03575752323823122,10.792277132369977,13.349326893773725,157,157.3,12.533728620874747,168.8,0.0
1.500193100303857,485.0,223.4,0.030776014594334922,11.02501632893157,13.119517515375502,157,158.1,12.463601932246286,168.8,0.0
1.5032935967175438,486.0,223.4,0.023164901824840895,11.161787089272146,12.852158078311039,156,159.2,12.378509288373008,168.8,0.0
1.506433609483458,487.0,223.4,0.016767752223500514,11.304045957291267,12.595414111414245,157,160.3,12.308696912458924,168.9,0.0
1.5096008430618706,488.0,223.4,0.010332661021142941,11.402040882285377,12.36377633070396,157,161.5,12.239359431914322,168.9,0.0
1.5128243464331996,489.0,223.4,0.0051677529218777715,11.604612136784594,12.23534221448793,157,162.7,12.204487395437107,168.9,0.0
1.5160928406859344,490.0,223.4,0.0012903819341009688,11.766579309845463,12.132505149977135,156,163.9,12.141209676839903,168.9,0.0
1.5193318536290532,491.0,223.4,0.0,11.6604465952274,12.023646149302788,157,165.1,12.06682645793942,168.8,0.0
1.522578486603871,492.0,223.4,0.0,11.687878709343819,11.982620562022701,157,166.2,12.021699450133807,168.9,0.0
1.5259426448534088,493.0,223.4,0.0,12.110969698336527,11.962301303569829,156,167.3,11.982662782283496,168.9,0.0
1.5292831003829246,494.0,223.4,0.0,12.025639906256938,11.97493842360982,156,168.2,12.012511654081816,168.9,0.0
1.5325682064672468,495.0,223.4,0.0012190628054691976,11.826381903559575,11.993176433597327,156,168.6,12.09598885249884,168.9,0.0
1.5359201180226636,496.0,223.4,0.002441905250464688,12.066881599500475,12.0146748450648,157,168.7,12.17752132050006,168.9,0.0
1.5392337004844394,497.0,223.4,0.0036651605385678216,11.928896862393296,12.055708680263475,156,168.7,12.191492352525165,168.9,0.0
1.5425293061813241,498.0,223.4,0.004890107270336366,11.864180508785239,12.086216098882355,156,168.8,12.206158540292218,168.8,0.0
1.5457854325887683,499.0,223.44,0.006112952063968376,11.722055066798882,12.06489667413568,156,168.8,12.182683102170186,168.8,0.0
1.5490276547817015,500.0,223.48000000000002,0.006112952063968376,11.671999894559644,12.044559449881094,157,168.8,12.170893139437482,168.8,0.0
1.5522716847336704,501.0,223.51999999999998,0.006112952063968376,11.678507827087904,12.033748719193897,156,168.8,12.186540239951452,168.9,0.0
1.5555157153228716,502.0,223.56,0.004913688675040528,11.678510121124319,11.987140301473612,156,168.9,12.144036504870092,168.9,0.0
1.5587547360931187,503.0,223.6,0.0037242639624954867,11.66047477288954,11.960957580735833,156,168.9,12.10120678681566,168.8,0.0
1.5619937739154972,504.0,223.6,0.0025452679310333424,11.660536160562812,11.930214712576658,157,168.9,12.063890534078316,168.8,0.0
1.5652678402959224,505.0,223.6,0.00015585360833779462,11.78663896953025,11.944843717692436,156,168.9,11.963169743379598,168.8,0.0
1.5685745992034652,506.0,223.56,-0.0022295519331783113,11.904332067154206,11.979325000283547,156,168.8,11.890889819719575,168.8,0.0
1.5719443111917777,507.0,223.51999999999998,-0.0034528072212814454,12.130963157924779,12.014946556163553,157,168.9,11.922345624235907,168.8,0.0
1.5753275919507657,508.0,223.48000000000002,-0.004677753953049989,12.179810732356934,12.082095420461894,156,168.9,11.95846643872773,168.9,0.0
1.5788445507140334,509.0,223.44,-0.005900598746682,12.661051547764218,12.156259085475796,157,168.9,11.998379355149217,169.0,0.0
1.5823814621015033,510.0,223.4,-0.004751698811509147,12.73288099489174,12.246249972517832,157,168.9,12.070614901665518,169.0,0.0
1.5859013878818684,511.0,223.4,-0.0035963345694314886,12.671732809313932,12.355904187675717,157,168.9,12.09626540651283,169.0,0.0
1.589442886350205,512.0,223.4,-0.0012337647059903758,12.749394486012157,12.465386143664142,156,168.9,12.117263077560448,169.0,0.0
1.5929325018423506,513.0,223.4,0.0011255645141091265,12.56261577172405,12.559179320568688,157,168.8,12.107333577292696,169.1,0.0
1.5964005085862487,514.0,223.44,0.0034810927064332932,12.484824278033035,12.609712422410496,157,168.8,12.050186956208524,169.1,0.0
1.5998929736564087,515.0,223.48000000000002,0.004651444223659646,12.572874252575723,12.6176638917784,157,168.8,12.006535436196655,169.1,0.0
1.6033536444945558,516.0,223.51999999999998,0.00581400732018026,12.458415017329331,12.595328247758344,157,168.9,11.927941748526871,169.1,0.0
1.6068110125393278,517.0,223.56,0.00581400732018026,12.446524961179652,12.572941330614517,158,168.9,11.820237654435006,169.1,0.0
1.610143504786529,518.0,223.6,0.00581400732018026,11.996972089923652,12.527507364768882,160,168.8,11.720602517850224,169.0,0.0
1.6134656671924954,519.0,223.6,0.00581400732018026,11.959784661479592,12.492761187537353,165,168.8,11.660276404784693,168.9,0.0
1.6167662101247617,520.0,223.6,0.004665107385007408,11.881954556158956,12.40574824333031,168,168.8,11.580057640052464,168.9,0.0
1.6200922126386987,521.0,223.6,0.0035097431429297493,11.97360905017311,12.299338933048865,168,168.8,11.547904407282664,168.9,0.0
1.6234411069944115,522.0,223.6,0.0023464366684164844,12.056019680566122,12.214438551762814,168,168.8,11.558834321208291,168.9,0.0
1.6268338557185649,523.0,223.6,0.001176532160862024,12.2138954069519,12.135666469325173,169,168.9,11.599987573487018,168.8,0.0
1.630126091021915,524.0,223.6,0.0,11.852047092060989,12.127215119875185,169,169.0,11.671842680728588,168.8,0.0
1.6334119360395736,525.0,223.6,0.0,11.829042063570881,12.172510817561578,169,169.0,11.728808481581412,168.8,0.0
1.6367472540782606,526.0,223.6,0.0,12.007144939273228,12.223687261063859,168,169.0,11.821028035358728,168.8,0.0
1.6400961869345596,527.0,223.6,0.0,12.056158282676536,12.22262650915345,169,169.0,11.88287304605412,168.7,0.0
1.6435115927145338,528.0,223.6,0.0,12.295460807906847,12.237936464858548,169,169.1,11.911231167156188,168.7,0.0
1.6470656362272142,529.0,223.6,0.0,12.79455664564985,12.230362482708694,169,169.1,11.933925279229715,168.6,0.0
1.6505926582372619,530.0,223.6,0.0,12.697279236171116,12.249600931892752,169,169.1,11.95066836319712,168.5,0.0
1.6539574691734908,531.0,223.6,0.0012036943643616129,12.11331937042415,12.304932011652552,168,169.1,11.914510825126037,168.4,0.0
1.6573471029396678,532.0,223.6,0.0024147055013176134,12.202681558236671,12.300776582107087,169,169.1,11.887686420075118,168.3,0.0
1.6606746421134821,533.0,223.6,0.0036225215178852634,11.979141025731598,12.296446659264179,169,169.0,11.825602025665312,168.3,0.0
1.6639341275203527,534.0,223.6,0.004826689299244938,11.734147464733933,12.298605081896586,169,168.9,11.730884137634774,168.2,0.0
1.6672634367061057,535.0,223.64000000000001,0.006026851385621002,11.985513068710596,12.2369121492484,169,168.9,11.642362818930357,168.0,0.0
1.6704806888140111,536.0,223.68,0.006026851385621002,11.582107588459634,12.204279674392478,169,168.9,11.56637530592472,167.8,4.0
1.67371065023127,537.0,223.72000000000003,0.006026851385621002,11.627861102132206,12.260653545361658,169,168.9,11.521828146500258,167.7,4.0
1.6770223997536404,538.0,223.76,0.006026851385621002,11.922298280533397,12.30551473136801,169,168.8,11.488890807806657,167.6,4.0
1.6802966632921579,539.0,223.8,0.006026851385621002,11.787348738662688,12.33793330431922,169,168.8,11.47012971265924,167.5,4.0
1.683622907736483,540.0,223.8,0.006026851385621002,11.974479999570883,12.378948534529977,168,168.8,11.491694230665612,167.4,4.0
1.6870750959074796,541.0,223.8,0.004823157021259391,12.427877415587462,12.348674688073576,169,168.8,11.545790530939618,167.3,4.0
1.690565065269467,542.0,223.8,0.0036121458843033903,12.563889703154896,12.307854634507569,169,168.7,11.611998957158557,167.1,4.0
1.6940034736555634,543.0,223.8,0.00240432986773574,12.378270189946443,12.228854565320585,169,168.7,11.695963306340486,167.0,4.0
1.6974636133583125,544.0,223.8,-2.84436937496595e-05,12.45650292989697,12.102133799808394,169,168.6,11.79770718767146,166.9,4.0
1.7008641739464192,545.0,223.8,-0.0024635679285460567,12.24201811718371,11.9968293961284,169,168.5,11.868391020961012,166.8,4.0
1.7041397529183457,546.0,223.8,-0.00370708505493591,11.792084298935832,11.86365333902791,169,168.4,11.867297085892352,166.8,4.0
1.7073421323904165,547.0,223.8,-0.004954064549407288,11.528566099454693,11.715440778260538,168,168.3,11.847770912731024,166.8,4.0
1.7104951412986642,548.0,223.76000000000005,-0.004954064549407288,11.350832069691677,11.590806333301085,169,168.3,11.802381248985908,166.7,4.0
1.7136481506149264,549.0,223.71999999999997,-0.0037126839092323075,11.350833538543991,11.514056954833093,169,168.2,11.750642272955185,166.7,4.0
1.7167560792601688,550.0,223.68,-0.00247894555326879,11.188543122873027,11.441598863784915,169,168.0,11.720605732920657,166.7,4.0
1.7199090893920213,551.0,223.64000000000001,-0.0012511993569999035,11.350836474668812,11.441470170360123,169,167.8,11.675408650360092,166.6,4.0
1.7231222944857176,552.0,223.64000000000001,-3.303119455971421e-05,11.567538337307093,11.499760501108984,168,167.7,11.621721188320404,166.6,4.0
1.7263931303355207,553.0,223.68,-3.303119455971421e-05,11.775009059291136,11.603681732740533,169,167.6,11.596389073388602,166.5,4.0
1.729630440136236,554.0,223.71999999999997,0.0011955745855660102,11.654315282574673,11.738182138294427,169,167.5,11.529009386101034,166.4,4.0
1.732941686188871,555.0,223.76000000000005,0.002430536733986344,11.920485789485697,11.841739099762107,169,167.4,11.519496524141818,166.5,4.0
1.7362476260328132,556.0,223.8,0.0036740538603761974,11.901383438192099,11.965031700260662,169,167.3,11.545505692825142,166.4,4.0
1.7395643200945472,557.0,223.8,0.004921033354847575,11.940098622241981,12.04246731113454,169,167.1,11.59873539737701,166.3,4.0
1.7429169265229103,558.0,223.8,0.004921033354847575,12.069383142107371,12.07103238120935,170,167.0,11.713268701207474,166.4,4.0
1.7462281741748749,559.0,223.8,0.003679652714672595,11.920491547072233,12.093937154009277,169,166.9,11.804892204904862,166.3,4.0
1.7495922682472766,560.0,223.8,0.002445914358709077,12.110738660646192,12.103111468681414,169,166.8,11.874401137964544,166.2,4.0
1.7529170700755052,561.0,223.8,0.0012181681624401906,11.96928658162271,12.051169763323205,169,166.8,11.945764964777696,166.2,4.0
1.7562090477278185,562.0,223.8,0.0,11.85111954832779,12.000454360526785,169,166.8,11.965949229976635,166.3,4.0
1.7595429227778259,563.0,223.8,0.0,12.001950180026395,11.906172760471865,169,166.7,11.9560566570913,166.3,4.0
1.7628267411451173,564.0,223.8,0.0,11.821746122248722,11.778909043187273,169,166.7,11.976169230047605,166.3,4.0
1.766037549591999,565.0,223.8,0.0,11.558910408774883,11.66642158948559,169,166.7,11.963855962336345,166.2,4.0
1.7692689771996888,566.0,223.8,0.0,11.633139387682919,11.574295950385318,169,166.6,11.93206482041256,166.2,4.0
1.7724132146102842,567.0,223.8,0.0,11.3192546781439,11.521828146500258,168,166.6,11.90898978561083,166.2,4.0
1.7755027157941181,568.0,223.8,0.0,11.122204261802,11.488890807806657,169,166.5,11.86109663677913,166.1,4.0
1.7785680708941258,569.0,223.8,0.0,11.035278360028062,11.470129712659238,169,166.4,11.818522706231573,166.1,4.0
1.7817210885415118,570.0,223.8,0.0,11.350863530589825,11.491694230665612,169,166.5,11.73543077326798,166.1,4.0
1.784922148260228,571.0,223.8,0.0,11.523814987378083,11.553845691622026,169,166.4,11.670247180120697,166.1,4.0
1.788122633305059,572.0,223.8,0.0,11.521746161391773,11.636493026937421,168,166.3,11.666872048001462,166.0,4.0
1.7914043942018791,573.0,223.8,0.0,11.814339228552221,11.744954953258896,169,166.4,11.682228010149895,166.0,4.0
1.794748114008077,574.0,223.8,0.0,12.037391302312448,11.87947084527695,169,166.3,11.728754005109678,166.0,4.0
1.79810918995572,575.0,223.8,0.0012254649291077156,12.099873411514945,11.989957975178244,169,166.2,11.789591815570043,166.0,4.0
1.8015245298584623,576.0,223.8,0.00245407037221727,12.295223649872284,12.02730398901244,168,166.2,11.89753812211585,166.0,4.0
1.804902001572341,577.0,223.8,0.0036874319128039276,12.15889816996323,12.046179219721743,168,166.3,11.917446481302918,166.0,4.0
1.8082741246487608,578.0,223.8,0.004926491064770923,12.139643075111717,12.030634596586363,168,166.3,11.932350601566306,166.0,4.0
1.8115358237301284,579.0,223.84,0.006168256920407182,11.742116692923593,12.001607197162413,168,166.3,11.908178392252273,166.0,4.0
1.8146858026689905,580.0,223.88000000000002,0.006168256920407182,11.339924179903246,11.987237896587452,168,166.2,11.94615063699304,165.9,4.0
1.8178326230178141,581.0,223.92,0.006168256920407182,11.328553255764767,11.934016130625304,168,166.2,11.960300513446214,165.8,4.0
1.8209070256633533,582.0,223.95999999999998,0.004921018351293997,11.067849523940628,11.84846161648785,168,166.2,11.970020923754868,165.7,4.0
1.8240450671823103,583.0,224.0,0.0036795036941656327,11.296949468244977,11.775172651791188,168,166.1,11.986243110345503,165.6,4.0
1.827305352155079,584.0,224.0,0.002450128669369824,11.737025901967174,11.63761353896059,167,166.1,11.989376849199576,165.5,4.0
1.830540880651165,585.0,224.0,4.830492312225647e-06,11.647902585909298,11.53540969731076,167,166.1,11.973613773099457,165.4,4.0
1.833807088714908,586.0,223.95999999999998,-0.0024364676864299336,11.758349029475406,11.463082324080215,167,166.1,11.961737547968012,165.2,4.0
1.837114193442865,587.0,223.92,-0.003669829227016591,11.905577020645213,11.40932038055144,167,166.0,11.988672970335182,165.0,4.0
1.8402991507212638,588.0,223.88000000000002,-0.006112303145605948,11.46584620223603,11.416094360395551,167,166.0,12.008956839840112,164.8,4.0
1.8435344251860781,589.0,223.84,-0.008558479486487447,11.646988073331459,11.407293446876016,167,166.0,12.093681158755368,164.7,4.0
1.8467566518157272,590.0,223.8,-0.009760867305446994,11.600015866736472,11.382126393420517,167,166.0,12.13144200488852,164.6,4.0
1.8500513324549726,591.0,223.8,-0.010964492628698131,11.86085030128346,11.367250322529966,166,166.0,12.189011371559246,164.5,4.0
1.8534438831667073,592.0,223.76,-0.012130918453255975,12.213182562245251,11.311951798363353,167,166.0,12.2266349525793,164.5,4.0
1.856836434418157,593.0,223.72000000000003,-0.012098574368881471,12.213184505218852,11.22120041523225,167,166.0,12.267673911479308,164.5,4.0
1.8602897997605359,594.0,223.68,-0.01208325234786573,12.432115232563978,11.168327518956755,166,166.0,12.284385310807664,164.5,4.0
1.8637235611088805,595.0,223.64000000000001,-0.013300271887347481,12.361540854040827,11.092717683612808,167,165.9,12.330692399965718,164.4,4.0
1.8670458365759541,596.0,223.56,-0.014541685912380854,11.960191681464805,11.006936004374552,167,165.8,12.349692049601597,164.5,4.0
1.870325461934785,597.0,223.52000000000004,-0.017009499965972855,11.806651291791846,10.928013533473957,166,165.7,12.359349222080402,164.6,4.0
1.8735662874713959,598.0,223.48000000000002,-0.018274613171673455,11.666971931799077,10.83937707998982,167,165.6,12.379541098273458,164.6,4.0
1.87676735841479,599.0,223.4,-0.01953548584773804,11.523855396218876,10.755325454115242,167,165.5,12.388231101748485,164.6,4.0
1.879901276316873,600.0,223.32,-0.019560849927549112,11.282104447498643,10.633976224638278,166,165.4,12.390220740678105,164.7,4.0
1.8831318596372246,601.0,223.24,-0.02080005726980042,11.630099953266143,10.543705647300817,166,165.2,12.398123662225306,164.7,4.0
1.886391373824427,602.0,223.16,-0.019596727304327564,11.73425107392826,10.532418517174834,166,165.0,12.443322616844394,164.7,4.0
1.889665664157689,603.0,223.07999999999998,-0.019595869269211603,11.787445199743278,10.567840791489218,166,164.8,12.502649819799506,164.7,4.0
1.892888218575169,604.0,223.04000000000002,-0.019588619558499134,11.601195902928046,10.654562218341393,167,164.7,12.578892665932203,164.6,4.0
1.8961409143869934,605.0,222.95999999999998,-0.018361019733667223,11.709704922567987,10.776828376155915,166,164.6,12.439199380803078,164.7,4.0
1.8994538144870692,606.0,222.92,-0.015906912973001248,11.926440360272458,10.950780248297802,166,164.5,11.903277660656842,164.7,4.0
1.9027760952963126,607.0,222.88000000000002,-0.013439098919409245,11.9602109132762,11.064505261973473,167,164.5,11.021154486497528,164.7,4.0
1.9061461597078118,608.0,222.84,-0.010970570947086285,12.132231881396894,11.174939133723047,166,164.5,10.170487282023492,164.7,4.0
1.9095162245691513,609.0,222.8,-0.008505287785776462,12.132233500822526,11.247530736873525,166,164.5,9.731134243878468,164.7,4.0
1.9129499933227503,610.0,222.8,-0.007277535887005843,12.361567512956713,11.37954606461859,166,164.4,9.558919593193576,164.7,4.0
1.916235877640844,611.0,222.8,-0.0048347032215034,11.829183545136816,11.482137839226066,167,164.5,9.464129462551112,164.8,4.0
1.9195367921621111,612.0,222.8,-0.0036243687933052195,11.883292276562138,11.552385940614943,166,164.6,9.359614324101452,164.8,4.0
1.9227439374695008,613.0,222.8,-0.0036171900288228974,11.545723106602924,11.599267025306862,166,164.6,9.217980333646317,164.7,4.0
1.926071970344594,614.0,222.8,-0.0036094917198164745,11.980918350335747,11.611396360278079,166,164.6,9.12201353208282,164.8,4.0
1.9293639713687885,615.0,222.8,-0.003590943209480385,11.85120368709972,11.575694522097258,166,164.7,9.244710647601888,164.8,4.0
1.9327038726086103,616.0,222.8,-0.005964939638626992,12.02364446335901,11.520764052030605,166,164.7,9.78804948996046,164.8,4.0
1.936071215047272,617.0,222.76000000000005,-0.00832772355293061,12.122432779182574,11.474290545270815,166,164.7,10.73157981642506,164.8,4.0
1.9394499842889215,618.0,222.71999999999997,-0.009505480152015917,12.163569269937584,11.399826394980453,166,164.7,11.68760485458266,164.9,4.0
1.9427762628277607,619.0,222.68,-0.011853113469286872,11.974602739821316,11.379247628401265,166,164.6,12.17303501371232,164.9,4.0
1.9461770420671058,620.0,222.6,-0.014197553119406492,12.242805261642298,11.313073453053454,166,164.7,12.400949298977782,164.9,4.0
1.949537747002886,621.0,222.52000000000004,-0.0165331883834955,12.098537768808509,11.265807897966877,166,164.7,12.509102976407489,164.9,4.0
1.9528950056061114,622.0,222.48000000000002,-0.018865230339224555,12.086130971611434,11.221687276296036,166,164.7,12.57104897443472,165.0,4.0
1.9563374962438214,623.0,222.4,-0.019994316344028838,12.39296629575548,11.20242882858025,166,164.7,12.658690756878409,165.1,4.0
1.9597704203581734,624.0,222.32,-0.019958420875221445,12.358526811667272,11.168414037865858,166,164.7,12.696378001313308,165.1,4.0
1.9632223362897865,625.0,222.24,-0.019930109978723402,12.426897353806982,11.183911701379694,166,164.7,12.71820219307909,165.0,4.0
1.9666667474768864,626.0,222.16,-0.01871832044656379,12.39988027355954,11.188724841911629,166,164.8,12.718094773939336,164.9,4.0
1.9701480870236039,627.0,222.07999999999998,-0.017517002605055617,12.532822368182648,11.206489862170379,166,164.8,12.698413099718405,164.7,4.0
1.9735732768189431,628.0,222.04000000000002,-0.017496493185312406,12.330683263221156,11.247364966498006,166,164.7,12.609600965229284,164.3,4.0
1.9770281861609993,629.0,222.0,-0.016300615712406794,12.437673631401871,11.283304208817745,165,164.8,12.566231961066023,163.7,4.0
1.9804817422048884,630.0,221.95999999999998,-0.016245725767882836,12.432801758001084,11.293814056661393,165,164.8,12.52084516051062,163.1,4.0
1.9838692726197764,631.0,221.92,-0.015067721277220478,12.195109493596556,11.298525189818466,165,164.8,12.497704511556972,162.4,4.0
1.9872826197679825,632.0,221.88000000000002,-0.015155180976499844,12.288049733541987,11.317716117357895,165,164.8,12.47197363464875,161.6,4.0
1.990749249304234,633.0,221.84,-0.015438117563899767,12.479866330505727,11.339489823273876,165,164.9,12.37401387209093,160.9,4.0
1.9941877001933905,634.0,221.76,-0.018522492141923246,12.378423200963484,11.364549638701526,165,164.9,12.286094457116995,160.2,1.0
1.997661568684857,635.0,221.71999999999997,-0.02031967136341346,12.505926569279007,11.190659981618312,164,164.9,12.19036527509832,159.6,1.0
2.0012315325236765,636.0,221.64000000000001,-0.02217035726453004,12.851869819750407,10.672753680561012,164,164.9,12.123673126162752,159.0,1.0
2.00487766985638,637.0,221.56,-0.022530425745650735,13.126094397733793,9.825987165583788,164,165.0,12.08237756297008,158.5,1.0
2.0085146453354215,638.0,221.44,-0.024450228432118082,13.093111724548123,9.007066303732628,165,165.1,12.092614865505656,158.2,1.0
2.0115815177743412,639.0,221.35999999999999,-0.024860636909957497,11.040740780110596,8.580933014355198,164,165.1,12.128228424072008,158.0,1.0
2.01354640237338,640.0,221.28000000000003,-0.02414968604653097,7.073584556538745,8.434626862619789,164,165.0,12.160057190732951,157.8,1.0
2.014483590637825,641.0,221.24,-0.02454970272675635,3.3738777520034042,8.38040892800316,165,164.9,12.202053421295409,157.7,1.0
2.015533973329159,642.0,221.16,-0.023601382844457328,3.7813776888016406,8.34072641749324,165,164.7,12.278405215925988,157.6,1.0
2.017780177759452,643.0,221.11999999999998,-0.020988226479097545,8.086335949055481,8.265359456359546,165,164.3,12.422020664324403,157.5,1.0
2.0207402546189286,644.0,221.07999999999998,-0.01674064238582029,10.656276694114572,8.249073965582268,164,163.7,12.547580491353107,157.5,1.0
2.0239508171919436,645.0,221.04000000000002,-0.014964012069814816,11.558025262854366,8.422689508624023,165,163.1,12.689617764116534,157.4,1.0
2.0272304612017362,646.0,221.0,-0.013112320696926662,11.806718435253803,8.958269262883746,165,162.4,12.786335103532965,157.3,1.0
2.030483170783176,647.0,221.0,-0.013893109503391501,11.709754493182444,9.860655877609274,164,161.6,12.824508877529109,157.2,1.0
2.0338535718134296,648.0,221.0,-0.013107037905073818,12.133443708913157,10.763367834824669,165,160.9,12.81476760775314,157.1,1.0
2.0372612695732357,649.0,220.95999999999998,-0.013819990382318115,12.267711935301254,11.199211693660349,165,160.2,12.785195381282987,157.1,1.0
2.0407354287343815,650.0,220.92,-0.014509755005462883,12.506972980124468,11.354635470063592,164,159.6,12.7729918929825,157.1,1.0
2.04429353457234,651.0,220.84,-0.015216578548793134,12.8091810166494,11.378212058298354,165,159.0,12.780518640743251,157.1,1.0
2.047999542369667,652.0,220.76,-0.017142131960706908,13.341628070377652,11.33619890560168,165,158.5,12.788477956226831,157.1,1.0
2.0515941639086535,653.0,220.67999999999998,-0.020544131853193426,12.940637540352087,11.32144700748717,164,158.2,12.74305522709088,157.1,1.0
2.055187336004978,654.0,220.6,-0.025112079733451496,12.935419546769188,11.249364969621231,165,158.0,12.724111514915888,157.0,1.0
2.0586983254597424,655.0,220.52000000000004,-0.027366921974396535,12.639562037151409,11.16020394712915,165,157.8,12.676392718706854,157.0,1.0
2.0621500416862775,656.0,220.4,-0.029655966874104895,12.42617841552614,11.047792754585815,165,157.7,12.59325737418894,157.0,1.0
2.065646200663394,657.0,220.28000000000003,-0.029658066695866868,12.586172317619312,10.913619773358755,164,157.6,12.56198210462799,157.0,1.0
2.0691212884837444,658.0,220.11999999999998,-0.03083085457040627,12.510316153262172,10.735812946591059,165,157.5,12.55039975318858,156.9,1.0
2.0725896089984555,659.0,220.0,-0.03204692506447056,12.48595385295906,10.63321024380277,165,157.5,12.553381816682569,156.9,1.0
2.0760634697731017,660.0,219.88000000000002,-0.03329473186390478,12.50589878872694,10.583813677939034,165,157.4,12.560770556186917,156.9,1.0
2.0795669042937797,661.0,219.8,-0.034574043110121376,12.6123642744401,10.587587046606046,165,157.3,12.527416805403933,156.9,1.0
2.083026211717526,662.0,219.68,-0.03355282561723176,12.453506725486447,10.62225058341576,164,157.2,12.480188761946804,156.9,1.0
2.0865003638005035,663.0,219.56,-0.031342644133411784,12.506947498719489,10.599249892771876,165,157.1,12.459171809957322,156.9,1.0
2.0899674614508412,664.0,219.44,-0.026774696253153714,12.48155154121512,10.604876774465955,165,157.1,12.421401447771672,156.9,1.0
2.0934141713251786,665.0,219.32,-0.02333691155095834,12.408155547614959,10.610217461465487,165,157.1,12.406274933402567,156.9,1.0
2.0967944128936353,666.0,219.24,-0.019886665226034564,12.16886964644389,10.649773497081064,165,157.1,12.400906589149482,156.9,1.0
2.1000184614192023,667.0,219.2,-0.01876237128139075,11.606574692041143,10.714646533606013,165,157.1,12.367020643375517,156.9,1.0
2.103249328642403,668.0,219.2,-0.016471395884311506,11.631122003522814,10.813162304705239,165,157.1,12.32208158191403,157.1,1.0
2.1064517347626177,669.0,219.2,-0.016457903658884818,11.528662032772294,10.90873141973808,165,157.0,12.205077282693528,157.2,1.0
2.1097403395679986,670.0,219.2,-0.016384628223921737,11.838977299371274,10.960404090124394,165,157.0,12.112918920317217,157.3,1.0
2.113129064190919,671.0,219.16,-0.017379989796614575,12.199408642513367,10.986841530188194,166,157.0,12.062695573283856,157.3,1.0
2.116616808566153,672.0,219.11999999999998,-0.018383079004371312,12.5558797508422,11.01620998895072,165,157.0,12.057503486716772,157.4,1.0
2.120189887200704,673.0,219.0,-0.020559810644095764,12.863083084383016,11.09262299243286,165,156.9,12.070956639808104,157.5,1.0
2.123745398091766,674.0,218.88000000000002,-0.022807217766998254,12.799839207824556,11.133671310256426,164,156.9,12.065254645444096,157.6,1.0
2.1273087641621107,675.0,218.71999999999997,-0.025059823154802225,12.828117853239528,11.203615013038817,164,156.9,12.094424681910606,157.7,1.0
2.1309010940489856,676.0,218.6,-0.02618720193345147,12.932387592749679,11.24642448744045,163,156.9,12.155585445512404,157.8,1.0
2.1345240743756593,677.0,218.48000000000002,-0.027260502373538508,13.042729176025318,11.2632193100502,161,156.9,12.21501628512106,157.9,1.0
2.138103718896162,678.0,218.4,-0.02833973881263327,12.886720273809846,11.26356000805594,159,156.9,12.319300135256048,157.9,1.0
2.141700672996275,679.0,218.32,-0.02599207102163036,12.949034760406546,11.281002345406097,159,156.9,12.457195563990243,157.9,1.0
2.1452579370778126,680.0,218.27999999999997,-0.0236808858584186,12.80615069353559,11.335370760094149,158,156.9,12.548825956835056,157.9,1.0
2.1487526999618334,681.0,218.2,-0.020277711897638502,12.581146382474769,11.4294248495527,158,156.9,12.61823738403829,158.0,1.0
2.152213385254356,682.0,218.11999999999998,-0.016899104998148208,12.458467053082563,11.53136856154734,158,156.9,12.596866376244355,158.0,1.0
2.1557043188153786,683.0,218.07999999999998,-0.013530554949757212,12.567360819681491,11.590219017686838,158,157.1,12.600238714151114,158.0,1.0
2.1592259311278283,684.0,218.04000000000002,-0.012430521638302352,12.677804324819677,11.678884645566823,158,157.2,12.62095232810263,158.0,1.0
2.1628102048308415,685.0,218.0,-0.011325017502597678,12.903385330847046,11.726596761786181,158,157.3,12.619842997040164,158.0,1.0
2.166424643927393,686.0,218.0,-0.01134406520595228,13.011980747585474,11.725765218344282,158,157.3,12.656009811162429,158.0,1.0
2.1699214500064667,687.0,218.0,-0.011389593122527176,12.58850188466582,11.747804960883101,158,157.4,12.673348196748048,158.1,1.0
2.173448473104261,688.0,217.95999999999998,-0.011445223342495772,12.697283152059882,11.759760262822336,157,157.5,12.650620396260049,158.2,1.0
2.1769128749926825,689.0,217.92,-0.011470971121702579,12.471846798316232,11.760514423020723,157,157.6,12.669450991899954,158.3,1.0
2.1802392075616703,690.0,217.88000000000002,-0.011498550933095587,11.974797248356447,11.765674380855787,157,157.7,12.69663959337839,158.4,1.0
2.183647094696911,691.0,217.8,-0.012103635513416894,12.268393686865261,11.732847314507286,157,157.8,12.7139958254669,158.4,1.0
2.187075606790991,692.0,217.71999999999997,-0.013264840937913584,12.342643538688465,11.698319962924304,157,157.9,12.785162227763982,158.5,1.0
2.190574823861719,693.0,217.68,-0.013847034516109816,12.597181454621362,11.711114554090923,158,157.9,12.832332676182528,158.6,1.0
2.19411696045057,694.0,217.64000000000001,-0.012699660704663846,12.751691719863167,11.727301013931534,157,157.9,12.877058152980904,158.6,1.0
2.1976085848458524,695.0,217.58,-0.011552559452564549,12.56984782301721,11.764690597961117,157,157.9,12.867092032113288,158.7,1.0
2.201091834932801,696.0,217.54000000000002,-0.009811726283999195,12.53970031301419,11.809527306220955,157,158.0,12.833230799290607,158.8,1.0
2.204530260589682,697.0,217.52000000000004,-0.006319005661291668,12.378332364771019,11.834903086858727,157,158.0,12.79776564939903,158.7,1.0
2.207952366014738,698.0,217.51999999999998,-0.003414209719607685,12.319579530203379,11.856894342555012,157,158.0,12.755674190899349,158.7,1.0
2.2113747498076894,699.0,217.51999999999998,-0.0034513807097397,12.320581654625181,11.809408811610439,157,158.0,12.679558178959397,158.7,1.0
2.2146861703093075,700.0,217.54000000000002,-0.0034856010600508177,11.921113805825573,11.772361515022073,157,158.0,12.620266652629116,158.6,1.0
2.217999929817398,701.0,217.58,-0.0029351778765140447,11.929534229125597,11.760718248292617,157,158.0,12.55625428981288,158.7,1.0
2.221303611185196,702.0,217.6,-0.0029586130490955923,11.89325292407364,11.769986306124354,157,158.1,12.528559734052092,158.7,1.0
2.224477816313645,703.0,217.56,-0.003555296327374581,11.42713846241633,11.751949384623767,157,158.2,12.486791479595126,158.6,1.0
2.2277639574514505,704.0,217.51999999999998,-0.004724193898006553,11.830108096100059,11.672041379411768,157,158.3,12.462233379256066,158.7,1.0
2.231116072549418,705.0,217.48000000000002,-0.00588015230983585,12.06761435268358,11.617592880547713,157,158.4,12.500243011542066,158.7,1.0
2.2345849001736804,706.0,217.44,-0.007622076704391705,12.48777944734337,11.58849632116926,157,158.4,12.522559609846336,158.6,1.0
2.2380606957002596,707.0,217.4,-0.011098250431315518,12.51286389568434,11.540476571476797,156,158.5,12.57897443994365,158.7,1.0
2.241466962252083,708.0,217.35999999999999,-0.015124813296407408,12.262559586563277,11.526349259249589,157,158.6,12.619466574627651,158.6,1.0
2.244970373924108,709.0,217.32,-0.01621753823236551,12.612282019290296,11.550373824949592,157,158.6,12.6603646034052,158.5,1.0
2.248451685435731,710.0,217.27999999999997,-0.017305948123875498,12.53272144184355,11.537067475906285,157,158.7,12.668401751262126,158.5,1.0
2.251930530609401,711.0,217.2,-0.019538497335486994,12.523842625212168,11.502419269787568,157,158.8,12.684292376317972,158.4,1.0
2.2555238893386855,712.0,217.08,-0.0206294554800132,12.93609142542349,11.395213470994118,157,158.7,12.640168278517256,158.3,1.0
2.2590811373247295,713.0,217.0,-0.02058682137300192,12.806092749758312,11.332427324915505,157,158.7,12.646980013256613,158.3,1.0
2.2626218073315485,714.0,216.92000000000002,-0.0205562078982419,12.746412024548167,11.318552602284829,157,158.7,12.636725419480593,158.2,1.0
2.266166731949525,715.0,216.8,-0.021673434016540816,12.761728624715929,11.291381774762323,157,158.6,12.601019362880669,158.1,1.0
2.2695761956632485,716.0,216.71999999999997,-0.021660074673372172,12.27406936940402,11.31185976290277,157,158.7,12.57275170223708,158.0,1.0
2.273061358795124,717.0,216.68,-0.02164288416189357,12.546587274751936,11.343627096078745,158,158.7,12.53685413075554,157.8,1.0
2.276525163163479,718.0,216.64000000000001,-0.020466071063560867,12.469695726078438,11.360740890874357,158,158.6,12.4779248876504,157.7,1.0
2.2800254933603306,719.0,216.56,-0.020424730923182022,12.601188708665603,11.415648330611917,158,158.7,12.432961638487807,157.6,1.0
2.2836072682445154,720.0,216.51999999999998,-0.019261079042908434,12.8943895830662,11.477969476981944,157,158.7,12.396476814599676,157.5,1.0
2.287134275600368,721.0,216.44,-0.016957032565856144,12.697226481068395,11.545608658339019,158,158.6,12.376555217668416,157.4,1.0
2.290664501550519,722.0,216.35999999999999,-0.014681433824251699,12.708813420543503,11.661151464680396,158,158.7,12.35753880633931,157.3,1.0
2.2942740567466737,723.0,216.28000000000003,-0.014670387487543865,12.99439870615735,11.76278446855314,158,158.6,12.313152726421867,157.2,1.0
2.297890250646488,724.0,216.23999999999995,-0.014661012752672998,13.018298039332512,11.861925442000189,158,158.5,12.256372982399144,157.1,1.0
2.3014833870202662,725.0,216.2,-0.01352351448201498,12.935290945601038,11.916987357400815,158,158.5,12.200676306830802,157.0,1.0
2.305090535184815,726.0,216.2,-0.013530377966912793,12.98573339237484,11.943363354330124,158,158.4,12.165738714899827,156.9,1.0
2.308706727340075,727.0,216.16,-0.012411996611694134,13.018291758937412,11.94537256621534,158,158.3,12.121027284226829,156.8,1.0
2.3122947691439815,728.0,216.11999999999998,-0.011308759317491708,12.916950494062199,11.912347958390635,158,158.3,12.12566052571878,156.7,1.0
2.3157674156717563,729.0,216.07999999999998,-0.010217647060386461,12.501527499989434,11.847689732173837,158,158.2,12.149940233358569,156.6,1.0
2.3192551315758783,730.0,216.04000000000002,-0.010254870340462513,12.555777254839374,11.79136999015123,158,158.1,12.192972873956126,156.5,1.0
2.3226836246264764,731.0,216.0,-0.01143969156299086,12.342574982152643,11.716264491553417,158,158.0,12.244708739422515,156.3,1.0
2.3260969298585725,732.0,215.95999999999998,-0.013739540866752182,12.287898835546663,11.667256450449283,158,157.8,12.317088728770264,156.2,1.0
2.3294950516882276,733.0,215.92,-0.013759111864784406,12.23323858675786,11.583935492786267,158,157.7,12.38151180149809,156.1,1.0
2.3329465469037913,734.0,215.88000000000002,-0.01491239088549258,12.425382776029702,11.495171812911895,158,157.6,12.474642818953477,155.9,1.0
2.3363618711586356,735.0,215.8,-0.016051520628735157,12.29516731743866,11.450164261711828,158,157.5,12.546197953779368,155.7,1.0
2.3398920900016265,736.0,215.71999999999997,-0.017183871582106155,12.708787834766985,11.37737317158734,159,157.4,12.617373638898789,155.6,1.0
2.34339225922784,737.0,215.68,-0.019442819901836845,12.600609214367745,11.343513858405348,159,157.3,12.6999567088358,155.6,1.0
2.3469120840863598,738.0,215.6,-0.021711121985821324,12.671369490671596,11.317490810906481,159,157.2,12.802195949520438,155.5,1.0
2.3504903129260404,739.0,215.51999999999998,-0.022835126893791535,12.881623822849438,11.292195809566403,159,157.1,12.872008376278398,155.4,1.0
2.354040019381008,740.0,215.44,-0.025098242934360016,12.778943237882048,11.244159056491455,158,157.0,12.880988639126008,155.4,1.0
2.357625220292987,741.0,215.32,-0.02507981710761358,12.9067232831258,11.217278998484028,159,156.9,12.867113093223503,155.4,1.0
2.361151003676983,742.0,215.2,-0.023925301803999946,12.692820182386688,11.149768862825983,159,156.8,12.80798952640259,155.3,1.0
2.3646627311421313,743.0,215.11999999999998,-0.023929147901019857,12.642218874533327,11.148436416483712,158,156.7,12.708359746483172,155.3,1.0
2.368136551768409,744.0,215.0,-0.02395503560241698,12.50575425459897,11.152489016041919,159,156.6,12.644914063131235,155.3,1.0
2.3715960166484082,745.0,214.92,-0.02283843116817156,12.454073567997122,11.14768657544046,159,156.5,12.603472077450792,155.3,1.0
2.3750036685530636,746.0,214.88000000000002,-0.021726678736360888,12.26754685675981,11.169820626640151,158,156.3,12.576096679146575,155.4,1.0
2.378522759264664,747.0,214.84,-0.02064787187094199,12.66872656176133,11.184912097346814,159,156.2,12.596388879172896,155.3,1.0
2.3820140991404726,748.0,214.76,-0.019560757014071225,12.56882355291138,11.171054141758944,159,156.1,12.577083183799754,155.3,1.0
2.3854931444895975,749.0,214.71999999999997,-0.018453014670342438,12.524563256850197,11.169521209548291,158,155.9,12.542575973245471,155.4,1.0
2.3889643296649994,750.0,214.68,-0.0173842054513338,12.496266631446167,11.182186412531752,159,155.7,12.55284890799564,155.4,1.0
2.3924498151006413,751.0,214.6,-0.017459200951137722,12.547747568310433,11.202976361122042,159,155.6,12.545468582104672,155.5,1.0
2.395811906142679,752.0,214.52000000000004,-0.01749751887196633,12.103527751335276,11.217311195299596,158,155.6,12.560637579147253,155.6,1.0
2.3991987356934863,753.0,214.48000000000002,-0.017536923480307876,12.19258638290738,11.209883601023659,159,155.5,12.604839528498768,155.6,1.0
2.4025712095867413,754.0,214.4,-0.0164164115690208,12.14090601571767,11.191124954893434,159,155.4,12.6756498586414,155.7,1.0
2.405975336697487,755.0,214.32,-0.016443391015770203,12.254857598684495,11.159468724203453,158,155.4,12.749578151853829,155.8,1.0
2.4093301652373396,756.0,214.28000000000003,-0.016462778766858657,12.077382743468759,11.14757077854565,159,155.4,12.791748145851225,155.9,1.0
2.4127259612825025,757.0,214.24,-0.015311816653812382,12.224865762586914,11.13460131851706,158,155.3,12.825557545245434,156.0,1.0
2.416059579647137,758.0,214.2,-0.014150362925970935,12.001026112684144,11.167110532502015,158,155.3,12.851464612558084,156.1,1.0
2.4193839120085725,759.0,214.16,-0.015306930522876197,11.967596501166788,11.218727974760572,158,155.3,12.819068622810466,156.2,1.0
2.4227580483174993,760.0,214.11999999999998,-0.014111474249779562,12.146890712136413,11.281355206335032,158,155.3,12.83933260894276,156.2,1.0
2.426119335334605,761.0,214.08,-0.012898707441780963,12.100633261580436,11.352910921545064,158,155.4,12.787946319320676,156.2,1.0
2.4294942964918977,762.0,214.03999999999996,-0.012856338993270983,12.14986016625478,11.443927274443952,158,155.3,12.771069454209972,156.2,1.0
2.432948569675038,763.0,213.95999999999998,-0.012802183009893544,12.435383459305273,11.521138449291067,158,155.3,12.78532596135922,156.3,1.0
2.4364405786810637,764.0,213.92,-0.01273942586780144,12.571232421693262,11.610758131948304,158,155.4,12.730188712881551,156.3,1.0
2.439988416529216,765.0,213.88000000000002,-0.01267294139620109,12.772216253348383,11.694975530199114,157,155.4,12.707231028411986,156.4,1.0
2.4435443005950344,766.0,213.84,-0.012609859886716781,12.801182636946253,11.771894820694717,157,155.5,12.774098447713142,156.4,1.0
2.447119049619997,767.0,213.8,-0.012552973868409718,12.86909648986519,11.852041714096556,157,155.6,12.771097179242126,156.5,1.0
2.4507113652553407,768.0,213.76000000000005,-0.0136324629013714,12.932336287237993,11.95028738995004,157,155.6,12.779239096291755,156.6,1.0
2.4542344618801812,769.0,213.71999999999997,-0.012439526554352928,12.683147849425694,12.025548625227866,157,155.7,12.852146834416786,156.5,1.0
2.457806308425551,770.0,213.68,-0.012423982661286154,12.85864756333062,12.05061580046299,157,155.8,12.789699012820986,156.6,1.0
2.4613969928591484,771.0,213.64000000000001,-0.01241876688919945,12.92646396095055,12.053696791948358,157,155.9,12.821158635107665,156.7,1.0
2.465055951907232,772.0,213.56,-0.012422512782154196,13.172252573101181,12.013409318337835,157,156.0,12.728866682172695,156.8,1.0
2.4687041484980337,773.0,213.51999999999998,-0.01128865064938184,13.133507726884863,11.934338695914526,157,156.1,12.534030359668392,156.7,1.0
2.472221102678636,774.0,213.48000000000002,-0.010163843619652982,12.661035050169348,11.903649132616613,157,156.2,12.257351571332872,156.8,1.0
2.475730397343726,775.0,213.44,-0.01019322659375,12.633460794323327,11.88558666905191,156,156.2,11.860540187384515,156.8,1.0
2.479122049279486,776.0,213.4,-0.01022244993108764,12.209946968737139,11.888544776378888,156,156.2,11.314849487292925,156.8,1.0
2.4824200489157837,777.0,213.4,-0.010251142579147018,11.872798690670987,11.945094168130762,156,156.2,10.804306228962172,156.8,1.0
2.4858361265418165,778.0,213.4,-0.009148984731024202,12.297879453718668,11.972032007257742,156,156.3,10.284388994385283,157.0,1.0
2.489244106539767,779.0,213.35999999999999,-0.009158290683891169,12.268727992621251,11.976494880377432,156,156.3,9.894128567727302,157.3,1.0
2.4927399103120695,780.0,213.32,-0.008019492908904862,12.584893580288439,12.015687452394811,155,156.4,9.655730207653026,157.5,1.0
2.4963869619679624,781.0,213.27999999999997,-0.006876950606948975,13.12938596121375,12.045512839667628,156,156.4,9.369780427276002,157.7,1.0
2.499992294084454,782.0,213.24,-0.005731921241527914,12.979195619369785,12.103810469124483,156,156.5,9.257845340077688,158.0,1.0
2.5035446373126047,783.0,213.2,-0.005731921241527914,12.788435621342046,12.197133903241111,155,156.6,9.272558388664072,158.3,1.0
2.507090127423069,784.0,213.2,-0.005731921241527914,12.763764397671013,12.319527308821833,155,156.5,9.393170148866329,158.5,1.0
2.5105789211829057,785.0,213.2,-0.00458383172381449,12.559657535413626,12.452982874532532,155,156.6,9.66418245733144,158.8,1.0
2.514012709221562,786.0,213.2,-0.003436681773588854,12.36163693916297,12.548771595101703,156,156.7,10.009348677421844,159.1,1.0
2.5174334920505026,787.0,213.2,-0.0022888569708909242,12.314818184186132,12.62244007701585,155,156.8,10.40295224288803,159.4,1.0
2.5210462650380427,788.0,213.2,-0.0011424183518917346,13.005982755145007,12.663996675494316,155,156.7,10.83327438893384,159.5,1.0
2.5246596014060274,789.0,213.2,0.0,13.008010924745523,12.618446350929778,156,156.8,11.112561616444989,159.5,1.0
2.528272544050545,790.0,213.2,0.0,13.00659352026237,12.578472473800545,155,156.8,11.339279948246537,159.6,1.0
2.532013510704755,791.0,213.2,-0.0011332130475789955,13.467479955155863,12.412630577710228,155,156.8,11.636099885955108,159.7,1.0
2.535690806897115,792.0,213.2,-0.003387775286776422,13.238266292496293,12.220267114038,156,156.8,11.841516430389776,159.7,1.0
2.5391531612648555,793.0,213.2,-0.007897959430831061,12.464475723865853,11.991714203794377,155,157.0,11.993018575525898,159.8,1.0
2.542754940225687,794.0,213.2,-0.014658925349769408,12.966404258993965,11.645823350430739,155,157.3,12.104313892543905,159.9,1.0
2.5461009942921295,795.0,213.16,-0.023622408375929167,12.045794639192781,11.28173108476915,156,157.5,12.163108337877045,159.9,1.0
2.549487902149923,796.0,213.07999999999998,-0.03262965709104791,12.192868288055932,10.959381926664012,155,157.7,12.19064246163033,160.0,1.0
2.552948286387611,797.0,212.92,-0.04273794790067306,12.457383255678621,10.569870744134654,155,158.0,12.19170513059837,160.1,1.0
2.5564079003516023,798.0,212.68,-0.05065695612951837,12.454610270368306,10.215559061755636,156,158.3,12.20010764189872,160.2,1.0
2.5599574653738384,799.0,212.35999999999999,-0.05755018979185402,12.778434080049882,9.97335735331313,156,158.5,12.25244800047685,160.3,4.0
2.563756150849748,800.0,212.04000000000002,-0.062249410472993004,13.675267713273929,9.71226648714358,156,158.8,12.330516504463905,160.4,4.0
2.567488780647094,801.0,211.68,-0.06475852731237322,13.437467270445696,9.659936701842469,156,159.1,12.41650859583257,160.5,4.0
2.5711886932757033,802.0,211.4,-0.06377662893107149,13.319685462992627,9.634812642995369,156,159.4,12.467907099204863,160.5,4.0
2.5748535691382357,803.0,211.16,-0.060599246699035623,13.193553105116125,9.670164627969854,156,159.5,12.527273085413444,160.6,4.0
2.578281881927968,804.0,211.0,-0.05103791995985527,12.34192604303596,9.75011997293728,156,159.5,12.58755849551364,160.7,4.0
2.5817153238340955,805.0,210.88000000000002,-0.037708211075169557,12.360390862059573,9.814604833580091,157,159.6,12.607532590704531,160.8,4.0
2.5848458651559585,806.0,210.84,-0.022735592702730033,11.269948758706247,9.816983638021163,156,159.7,12.658101580539372,160.9,4.0
2.5877650373866907,807.0,210.8,-0.00494302363719301,10.509020030635568,9.89703637077262,156,159.7,12.691392153182198,161.0,4.0
2.590456099160861,808.0,210.88000000000002,0.01075317219364481,9.687822387013103,9.968656804970372,157,159.8,12.745421274725684,161.1,4.0
2.592903410338796,809.0,211.0,0.02385828369871217,8.810320240566343,10.196695604238315,156,159.9,12.799677735892065,161.3,4.0
2.595186288314451,810.0,211.16000000000003,0.03315659066439223,8.218360712358,10.507099962168962,156,159.9,12.817536267549087,161.4,4.0
2.5975007423942116,811.0,211.35999999999999,0.03977899673753168,8.332034687138165,10.663048403298589,156,160.0,12.791323538415543,161.6,4.0
2.5997564404823295,812.0,211.56000000000003,0.042490315643232815,8.120513117223755,10.871634140093903,157,160.1,12.79749513434557,161.9,4.0
2.602337259604145,813.0,211.71999999999997,0.045207340001320345,9.290948838536314,11.062905160622293,156,160.2,12.80256715236894,162.1,4.0
2.6051033547270044,814.0,211.84,0.04240697918107835,9.957942442293193,11.219797310921118,157,160.3,12.860187098453514,162.3,4.0
2.6077424916876404,815.0,211.92,0.038040753322552384,9.500893058289336,11.42141570757772,157,160.4,12.91673352536144,162.5,4.0
2.61056210221173,816.0,211.96000000000004,0.03207538366523161,10.150597886723112,11.621686147731655,157,160.5,12.98643858949672,162.7,4.0
2.6135221440218688,817.0,212.0,0.024391105409319734,10.656150516499396,11.798663777776367,157,160.5,13.021458567217524,162.9,4.0
2.6165482384632677,818.0,212.0,0.01539785734035429,10.893939989035687,11.977989118870632,156,160.6,13.008385252361656,163.1,4.0
2.6197483616091612,819.0,212.0,0.007985280948769912,11.520443325217453,11.945525310863392,157,160.7,12.97477811243883,163.3,4.0
2.622990034640623,820.0,212.0,0.0021965361567063907,11.670022913262038,11.844992795407842,157,160.8,12.901156265720411,163.5,4.0
2.6263978319577896,821.0,212.0,-0.0031513558212907036,12.268070341800032,11.836188668826761,157,160.9,12.839611158112644,163.6,4.0
2.629848869340479,822.0,211.95999999999998,-0.006952478646382024,12.423734577681829,11.747091517069826,156,161.0,12.849384812736057,163.7,4.0
2.633205486316492,823.0,211.92,-0.00951783202087573,12.083821113647781,11.631022835220545,157,161.1,12.862879035794958,163.8,4.0
2.6366013545832447,824.0,211.88000000000002,-0.011878466930447914,12.225125760308698,11.524528399835411,157,161.3,12.795409922921293,163.9,4.0
2.6400649913708487,825.0,211.8,-0.014229017612145418,12.469092435375046,11.408157777280474,157,161.4,12.780183902059042,164.0,4.0
2.643455203407257,826.0,211.71999999999997,-0.016564686194202666,12.20476333106979,11.292616167060128,157,161.6,12.72024591865801,164.0,4.0
2.6468360845094407,827.0,211.68,-0.018884178809837858,12.171171967860632,11.189080859570797,159,161.9,12.654290000028436,164.0,4.0
2.650171332609223,828.0,211.6,-0.019978048932726415,12.006893159215725,11.123294021333994,159,162.1,12.57380550882928,164.0,4.0
2.65353477365882,829.0,211.52000000000004,-0.019926842368426546,12.108387778548861,11.108619058940672,159,162.3,12.519992993083978,164.1,4.0
2.6568529303673745,830.0,211.44,-0.021025157339658485,11.945364150794918,11.131810183115869,159,162.5,12.466977467837832,164.2,4.0
2.6602636795427856,831.0,211.35999999999999,-0.019799515870724156,12.278697031480423,11.184092221246278,160,162.7,12.436567121633772,164.3,4.0
2.6637380572346427,832.0,211.27999999999997,-0.018574659441266732,12.507759690685322,11.227524880515775,159,162.9,12.344769347091043,164.4,4.0
2.667240064095595,833.0,211.24,-0.019662783110950093,12.607224699429095,11.29262999201703,159,163.1,12.23123283629877,164.4,4.0
2.670852789317867,834.0,211.16,-0.019561783201211533,13.00581080017923,11.372309785946245,160,163.3,12.182256005697342,164.5,4.0
2.6745552930259398,835.0,211.11999999999998,-0.0183362608442208,13.329013349061693,11.415066342136745,160,163.5,12.1117166829773,164.6,4.0
2.678088278682827,836.0,211.08,-0.017124053097337052,12.718748364792749,11.499254971587293,160,163.6,12.054903213239555,164.7,4.0
2.6816340653022563,837.0,211.0,-0.017056086675491775,12.764831829946438,11.561370930416073,160,163.7,12.032379087607346,164.8,4.0
2.685136772874539,838.0,210.92000000000002,-0.01587137628293136,12.60974726021767,11.643192693543313,159,163.8,11.993595889364196,164.9,4.0
2.6885556975218883,839.0,210.88000000000002,-0.015846658714994077,12.308128730457808,11.747412445853033,160,163.9,11.94619734160329,164.9,4.0
2.6920143236466503,840.0,210.84,-0.014678420111771085,12.451054049143295,11.833780412034264,160,164.0,11.92351229891424,164.8,4.0
2.6955175466349584,841.0,210.76000000000005,-0.01465107872801621,12.611602757908688,11.87950885046604,160,164.0,11.840965347540058,164.8,4.0
2.6991420052199917,842.0,210.71999999999997,-0.013513467380187754,13.048050906120174,11.95289936313184,160,164.0,11.817178844163708,164.8,4.0
2.702794724473073,843.0,210.68,-0.011244212782079438,13.149789311092881,12.040253070816764,160,164.0,11.80177323457814,164.9,4.0
2.7064570567277255,844.0,210.64000000000001,-0.008984577782245812,13.184396116749472,12.178332099748909,160,164.1,11.768345906465782,164.9,4.0
2.710086747299316,845.0,210.6,-0.007859549457539047,13.066886057726288,12.313291649155596,161,164.2,11.769340285057943,164.9,4.0
2.713636876278231,846.0,210.6,-0.006736088622365544,12.780464324092994,12.454759457344112,161,164.3,11.73274856267772,164.9,4.0
2.7171967518366142,847.0,210.6,-0.0044845624285756325,12.81555201018011,12.562854116651636,161,164.4,11.705327268219072,164.8,4.0
2.7208595148146872,848.0,210.6,-0.003359342231274562,13.185946721063441,12.611013554060856,160,164.4,11.727510364673687,164.7,4.0
2.724435512870114,849.0,210.6,-0.003354068352596508,12.873592999537061,12.61670606903463,161,164.5,11.741996809908526,164.6,4.0
2.7280877641730297,850.0,210.6,-0.0033597370465288643,13.148104690496078,12.56084748798117,161,164.6,11.776195612946228,164.7,4.0
2.7316882648772287,851.0,210.6,-0.0033716484571180345,12.961802535116739,12.50137034761124,160,164.7,11.838656564750604,164.6,4.0
2.7352764086987738,852.0,210.6,-0.0045037020425668425,12.91731775756152,12.494982782604247,161,164.8,11.844472432297014,164.5,4.0
2.738835774785403,853.0,210.56,-0.00564165604867582,12.813717911864599,12.469139328748774,161,164.9,11.861202973087456,164.4,4.0
2.742293601910282,854.0,210.51999999999998,-0.006786894058751269,12.448177649565286,12.350222773305548,161,164.9,11.85567300670702,164.3,4.0
2.745752333849629,855.0,210.48000000000002,-0.007937054446856252,12.451434981648617,12.281309405058218,162,164.8,11.79844959576154,164.3,4.0
2.749329611869164,856.0,210.44,-0.009092105864662681,12.878200870327124,12.168898152682583,162,164.8,11.789866699796864,164.2,4.0
2.752926971380489,857.0,210.4,-0.010249981656203111,12.950494240769128,12.051320545187432,162,164.8,11.754507939410836,164.2,4.0
2.7564023201561354,858.0,210.35999999999999,-0.01141646760625455,12.51125559232678,11.92767727425608,162,164.9,11.74541355142168,164.2,4.0
2.7599360237091672,859.0,210.32,-0.011474280932971998,12.721332790914555,11.836792541439095,162,164.9,11.722314895048845,164.2,4.0
2.7634217806137467,860.0,210.28000000000003,-0.011530924432070343,12.548724856485745,11.762296073631012,163,164.9,11.80652238562173,164.1,4.0
2.7668390704328636,861.0,210.24,-0.011593111459870445,12.302243348821024,11.723824030592063,163,164.9,11.904005834214733,164.1,4.0
2.7702036462232997,862.0,210.2,-0.011655592558383469,12.112472845569956,11.641590118083341,163,164.8,11.987958228972298,164.1,4.0
2.773613533099525,863.0,210.16,-0.011714409356713164,12.27559275441156,11.553483605961471,163,164.7,12.062003150933917,164.1,4.0
2.7769240948764984,864.0,210.11999999999998,-0.010569171346637716,11.918022397103837,11.541627907516824,163,164.6,12.155073821679736,164.1,4.0
2.780298353631945,865.0,210.08,-0.009419010958532733,12.147331519608,11.517333740652395,164,164.7,12.1527248009229,164.0,4.0
2.783620637833306,866.0,210.03999999999996,-0.008263959540726302,11.960223124899855,11.513694010357915,164,164.6,12.167947381662218,164.0,4.0
2.7869026181479857,867.0,210.0,-0.007106083749185874,11.815129132846373,11.55071952515809,164,164.5,12.203373010675651,164.0,4.0
2.7902419201719613,868.0,210.0,-0.005939597799134435,12.021487286312501,11.570962279351694,164,164.4,12.17936847260701,164.0,4.0
2.793579681161882,869.0,210.0,-0.004762283934479509,12.015939563714161,11.583648013195901,164,164.3,12.192728163504537,164.0,4.0
2.7969076228727454,870.0,210.0,-0.0035802368659174273,11.980590159108296,11.604330403474624,164,164.3,12.146346965825824,164.1,4.0
2.8002623456762175,871.0,210.0,-0.002391305488400504,12.077002092498923,11.552591036940253,164,164.2,12.144189527275095,164.2,4.0
2.8035191903604226,872.0,210.0,-0.002424104700079652,11.72464086313844,11.535388686043028,164,164.2,12.179766044315963,164.3,4.0
2.8067974146039787,873.0,210.0,-0.0024575429850608307,11.801607276802507,11.511644459328389,164,164.2,12.203863027373188,164.4,4.0
2.8100449623734822,874.0,210.0,-0.0036854250804255425,11.691171970213363,11.455825522201918,164,164.2,12.221012235647551,164.6,4.0
2.8131899240417786,875.0,210.0,-0.0049117923017022395,11.321862005866166,11.417678217468325,164,164.1,12.303389012462825,164.8,4.0
2.81644613462265,876.0,209.95999999999998,-0.007357403851186273,11.722358091136345,11.329509523212337,164,164.1,12.392851527654448,165.0,4.0
2.8196853215773694,877.0,209.92,-0.008573758082025493,11.661073036990684,11.241821273017212,164,164.1,12.446997804722848,165.2,4.0
2.822931769912144,878.0,209.88000000000002,-0.009789515059157042,11.687214005188942,11.202602702993401,165,164.1,12.500717879059255,165.4,4.0
2.8262722930648203,879.0,209.84,-0.011003557178887232,12.02588334963577,11.15603057364013,165,164.1,12.512121232177702,165.7,4.0
2.8294985911024053,880.0,209.76,-0.012218165577065974,11.614672935306057,11.128645628635903,165,164.0,12.449813481907304,166.0,4.0
2.8327771436434923,881.0,209.72000000000003,-0.012218165577065974,11.802789147912454,11.129347802198406,165,164.0,12.291073034008344,166.3,4.0
2.8360956080400714,882.0,209.68,-0.012212219536492536,11.946471827684592,11.08363230158506,164,164.0,12.115757948081152,166.6,4.0
2.83941407240928,883.0,209.64000000000001,-0.012207072361551186,11.94647172915089,11.04849397283631,165,164.0,11.925367713693838,166.9,4.0
2.8427566168538885,884.0,209.6,-0.013431211208140304,12.033160000590387,10.993479217333364,165,164.0,11.731923148698115,167.2,4.0
2.8460750811660858,885.0,209.6,-0.014661696601543728,11.94647152390991,10.897837081365328,165,164.1,11.584136648451338,167.5,4.0
2.849347446934586,886.0,209.56,-0.015875079511986474,11.780516766600435,10.855122433471072,165,164.2,11.346850904220949,167.8,4.0
2.8526331076137237,887.0,209.51999999999998,-0.017078078934119008,11.82837844489512,10.787591598254645,165,164.3,11.14773988135223,168.1,0.0
2.855864194930775,888.0,209.44,-0.018264732730357603,11.63191434138459,10.750551179629424,165,164.4,10.983446533667696,168.4,0.0
2.8590457641641587,889.0,209.35999999999999,-0.01824452216744496,11.453649240180974,10.707867080626276,164,164.6,10.916678073266985,168.6,0.0
2.862248220824064,890.0,209.24,-0.018214604229500452,11.528843975659282,10.77920610977188,165,164.8,10.86108714455473,168.7,0.0
2.865428554586301,891.0,209.16,-0.018214604229500452,11.449201544052167,10.878613136137755,165,165.0,10.879726612008954,168.8,0.0
2.868721756794021,892.0,209.08,-0.016993216374432914,11.855527947793025,10.98840606343143,165,165.2,10.967990956104533,168.9,0.0
2.8719760582288605,893.0,209.03999999999996,-0.015768154459954407,11.71548516542256,11.10405743534437,165,165.4,11.127653438447933,169.0,0.0
2.875552512369505,894.0,209.0,-0.0144984608309803,12.875234906319221,11.25180438418482,165,165.7,11.290272131259412,169.0,0.0
2.8791417640389048,895.0,209.0,-0.013222640041736872,12.921306009839938,11.314437393182805,165,166.0,11.49539206356404,169.0,0.0
2.8826473309039535,896.0,209.0,-0.010749187213421788,12.6200407141761,11.401495345263609,164,166.3,11.764447419197172,169.0,0.0
2.886138671921873,897.0,209.0,-0.009515585805807029,12.568827664511304,11.507618413997879,164,166.6,12.03094508497541,169.0,0.0
2.889628288879885,898.0,208.95999999999998,-0.008295463751908417,12.562621048842788,11.551566034406424,164,166.9,12.24704990905588,169.0,0.0
2.892803333055611,899.0,208.92,-0.007101632195090869,11.430159032612607,11.623747839041993,165,167.2,12.39066811760635,169.1,0.0
2.8960480746620143,900.0,208.88000000000002,-0.0059169417348566315,11.681069783052463,11.639702822447799,164,167.5,12.52590487453139,169.2,0.0
2.899326812949288,901.0,208.84,-0.0059169417348566315,11.803457834186519,11.69464353396533,164,167.8,12.601425360065669,169.3,0.0
2.9025533358845954,902.0,208.8,-0.0059169417348566315,11.615482567106596,11.777276571552955,164,168.1,12.57584401552206,169.4,0.0
2.905844747571928,903.0,208.8,-0.0059169417348566315,11.849082074397828,11.84857738030574,164,168.4,12.527148105028598,169.5,0.0
2.9092923650523534,904.0,208.8,-0.005310581343909016,12.411422929532103,11.913134489616471,165,168.6,12.469940894377851,169.6,0.0
2.9128756238368902,905.0,208.8,-0.004704991513189977,12.899731624332663,12.035103221553074,164,168.7,12.35611108145553,169.7,0.0
2.916480014360386,906.0,208.8,-0.0035194498815799267,12.97580588458478,12.16192485616619,164,168.8,12.252324737917249,169.8,0.0
2.9200382914423537,907.0,208.8,-0.0023336976362212654,12.809797495083547,12.253808707966442,164,168.9,12.146757497484538,169.9,0.0
2.9235755450900167,908.0,208.78000000000003,-0.0011514089167514248,12.7341131315864,12.336334161358339,164,169.0,12.10291027631403,170.0,0.0
2.926979413645785,909.0,208.76000000000005,-0.0005476539489489483,12.253926800765345,12.369107358629964,164,169.0,12.04622135603122,170.0,0.0
2.9304726622388317,910.0,208.76,6.605617416862675e-05,12.57569493496871,12.321584324108084,164,169.0,12.044623362394749,170.0,0.0
2.9339018068512956,911.0,208.76000000000005,6.605617416862675e-05,12.344920604870513,12.171233357991571,164,169.0,12.123259148343369,170.0,0.0
2.937277552215315,912.0,208.76,-0.0012030184018135665,12.152683310470662,11.98864058138684,164,169.0,12.254964177501114,170.0,0.0
2.9406006398835323,913.0,208.78000000000003,-0.0024947600600554315,11.963115605582292,11.783443897134301,164,169.0,12.357436528446607,170.0,0.0
2.9438751802798735,914.0,208.8,-0.0032298570154562327,11.78834542682813,11.567311455210298,164,169.1,12.460767549396987,170.0,0.0
2.947017493375802,915.0,208.8,-0.003973497611921714,11.312327145343057,11.381867940107963,164,169.2,12.609316929049424,170.0,0.0
2.9501348975495003,916.0,208.76,-0.005299331739604692,11.22265502531287,11.095008871496637,164,169.3,12.708379026297695,170.0,0.0
2.953164312869281,917.0,208.72000000000003,-0.005299331739606355,10.905895151210402,10.838908906655949,164,169.4,12.745082315831018,170.1,0.0
2.9561642205030667,918.0,208.68,-0.005299331739604667,10.799667481629195,10.625356903207933,164,169.5,12.717853957323214,170.2,0.0
2.959157571002594,919.0,208.64000000000001,-0.00719716007872932,10.776061798297544,10.513782228640066,165,169.6,12.75089798447364,170.3,0.0
2.961991692528334,920.0,208.6,-0.009086304472393666,10.202837492664816,10.42573013525801,165,169.7,12.691362784607389,170.4,0.0
2.964867750966163,921.0,208.6,-0.01033898032027791,10.353810376183327,10.42219682354008,165,169.8,12.5631820141785,170.6,0.0
2.9677871259199478,922.0,208.6,-0.01029393263539385,10.50974983362533,10.50194209148853,165,169.9,12.432483462678944,170.7,0.0
2.9709247456426073,923.0,208.56,-0.010199104428114392,11.29543100157515,10.650864491593053,166,170.0,12.31683626139231,170.8,0.0
2.9740448667925254,924.0,208.51999999999998,-0.008888040550681486,11.23243613970561,10.802697428216215,166,170.0,12.206637446501173,170.9,0.0
2.977238956186938,925.0,208.48000000000002,-0.007568957959498352,11.498721819885294,11.015124159926069,166,170.0,12.062871743644374,171.0,0.0
2.9806015390942346,926.0,208.44,-0.0062431238318137305,12.10529846626866,11.30787111645726,166,170.0,11.979889727331862,171.1,0.0
2.9840744613094135,927.0,208.4,-0.0062431238318137305,12.50251997464442,11.613942212523526,166,170.0,11.967548942520782,171.1,0.0
2.9875260875343423,928.0,208.4,-0.0062431238318137305,12.425854409743975,11.871012826048675,167,170.0,11.985825771432202,171.1,0.0
2.9910892156236044,929.0,208.4,-0.004949050460491553,12.827261121343824,12.05931813959349,168,170.0,11.94396652579905,171.1,0.0
2.9946707131372143,930.0,208.4,-0.003673616189944784,12.893391048996127,12.215532432232738,168,170.0,11.958132140577638,171.2,0.0
2.9982870428688715,931.0,208.4,-0.0024209403420605386,13.01878703396573,12.290816080962948,168,170.0,11.970671947672272,171.2,0.0
3.0018067090006575,932.0,208.4,-0.002372200615482598,12.670798074430028,12.238536696343775,168,170.1,11.95294115606512,171.4,0.0
3.005343268191513,933.0,208.4,-0.0023607887276311046,12.731613087079817,12.14895381552001,169,170.2,11.9769912580964,171.6,0.0
3.0088390469995563,934.0,208.4,-0.004740381680274672,12.58480370895603,12.037668817960954,169,170.3,11.983674526937858,171.8,0.0
3.012242915520453,935.0,208.4,-0.007131172879341017,12.253926675228064,11.856871204620159,169,170.4,11.99300923263344,172.0,0.0
3.0155344391373506,936.0,208.35999999999999,-0.010717835467304475,11.849485020832578,11.669328576453715,169,170.6,11.983822240478862,172.3,0.0
3.0188720949344923,937.0,208.32,-0.013093434276798682,12.015560869709823,11.470556234702663,169,170.7,11.96828526389109,172.5,0.0
3.022164812240947,938.0,208.24,-0.015443502345774188,11.853782303236484,11.337377148920755,169,170.8,11.936976353068465,172.7,0.0
3.025411746405425,939.0,208.16,-0.016608792571369022,11.688962992120615,11.1991444707751,169,170.9,11.971903790452904,173.0,0.0
3.0287049485203177,940.0,208.03999999999996,-0.01776441961785012,11.85552761361331,11.143601181243003,169,171.0,12.015216756809105,173.1,0.0
3.0320280359174396,941.0,207.95999999999998,-0.01776441961785012,11.963114629638628,11.195570833492921,169,171.1,12.120456381692108,173.2,0.0
3.035425904212641,942.0,207.88000000000002,-0.016589132453329925,12.232325862724943,11.344890946040913,169,171.1,12.278357915142715,173.3,0.0
3.0388049941804884,943.0,207.84,-0.015403630890219011,12.164723884251728,11.497273632230593,169,171.1,12.395378521453717,173.3,0.0
3.0422963341173195,944.0,207.8,-0.013024037937575445,12.568823772591296,11.679964637585789,169,171.1,12.51264283358226,173.3,0.0
3.0459186353769625,945.0,207.8,-0.010633246738509098,13.040284534714248,11.921238289130551,169,171.2,12.646667444145866,173.4,0.0
3.0495760062970763,946.0,207.8,-0.007046584150545642,13.16653531241006,12.129488360178348,169,171.2,12.72562904513359,173.3,0.0
3.0531983075135107,947.0,207.8,-0.004670985341051433,13.04028437916476,12.276370486901657,169,171.4,12.760631259196645,173.3,0.0
3.0567780554337163,948.0,207.8,-0.0023209172720759274,12.887092512740287,12.346898499042563,170,171.6,12.78320866983876,173.3,0.0
3.0604376267638953,949.0,207.8,-0.0011556270464810954,13.17445678864499,12.461489317840115,170,171.8,12.761100930687665,173.2,0.0
3.064006001371144,950.0,207.8,0.0,12.846148586096035,12.464657533290836,170,172.0,12.720345292423325,173.2,0.0
3.067431042350303,951.0,207.8,0.0,12.33014752497183,12.379370900910626,170,172.3,12.653010620004816,173.1,0.0
3.070753276316316,952.0,207.8,-0.0012020144031153804,11.960042277646913,12.259986921353844,170,172.5,12.581359559524897,172.8,0.0
3.07422415524847,953.0,207.8,-0.002405268308254179,12.495164155755978,12.138793288933703,170,172.7,12.518341708564709,172.6,0.0
3.077550119630117,954.0,207.8,-0.003606687407329422,11.97347177392876,12.006850879515039,170,173.0,12.488235337166298,172.4,0.0
3.080816363194124,955.0,207.8,-0.004812317042082084,11.758476830425385,11.833609125199049,170,173.1,12.44975184325003,172.0,0.0
3.0841106825822946,956.0,207.76000000000005,-0.006016518486816394,11.859549797414491,11.712029082850309,170,173.2,12.446107237873097,171.7,0.0
3.087411741572933,957.0,207.71999999999997,-0.006016518486816394,11.883812366298432,11.660478646032358,170,173.3,12.483001446442325,171.4,0.0
3.090685381673997,958.0,207.68,-0.006016518486816394,11.785104363828928,11.655217214862049,170,173.3,12.556091864447064,171.1,0.0
3.093945603829574,959.0,207.64000000000001,-0.006016518486816394,11.73679976007698,11.606124486967293,170,173.3,12.55134825921868,170.8,0.0
3.097283472835955,960.0,207.6,-0.006016518486816394,12.016328422970922,11.627757261691965,170,173.4,12.520763760209036,170.5,0.0
3.1006742338573052,961.0,207.6,-0.006016518486816394,12.206739676861025,11.655190309187498,170,173.3,12.471442554720923,170.3,0.0
3.1040472367925167,962.0,207.6,-0.004814504083701011,12.142810566761115,11.660445661536718,170,173.3,12.358391843708963,170.2,0.0
3.107401840042357,963.0,207.6,-0.0036112501785622126,12.076571699424452,11.699297095819947,170,173.3,12.236539336559783,170.1,0.0
3.1107671533539443,964.0,207.6,-0.0024098310794869703,12.115127921714643,11.713610736566434,170,173.2,12.110256031228465,170.0,0.0
3.1140682297154365,965.0,207.6,-0.0024070176594353093,11.883874901371735,11.723222199723574,170,173.2,11.99325557045665,170.0,0.0
3.1173132969046984,966.0,207.6,-0.0024012964661577034,11.682241881342966,11.71491150305052,171,173.1,11.851707777956127,169.9,0.0
3.1206811617343124,967.0,207.6,-0.0035893705408054236,12.124313386611226,11.700460977441843,171,172.8,11.693380204593716,169.8,0.0
3.1239733664710467,968.0,207.6,-0.004762165803781758,11.85193705224351,11.663033114615336,171,172.6,11.523945494376916,169.7,0.0
3.1272595183646668,969.0,207.56,-0.005923889100498664,11.830146817032793,11.682072409192207,171,172.4,11.3968214394978,169.7,0.0
3.130571867948396,970.0,207.51999999999998,-0.005923889100498664,11.924458501425136,11.701413816446216,172,172.0,11.306053536855178,169.6,0.0
3.133919470701447,971.0,207.48000000000002,-0.005923889100498664,12.051369910983324,11.789350107334508,171,171.7,11.241281480143304,169.6,0.0
3.1372055044399287,972.0,207.44,-0.005923889100498664,11.829721458534877,11.937268839571818,171,171.4,11.226969864369456,169.6,0.0
3.14065712834917,973.0,207.4,-0.005923889100498664,12.42584607326884,12.060942538276079,171,171.1,11.205320423485585,169.5,0.0
3.1441427554561914,974.0,207.4,-0.005923889100498664,12.54825758527663,12.192250354616853,171,170.8,11.219296860656955,169.4,0.0
3.147736164109025,975.0,207.4,-0.004721072885797662,12.936271150201769,12.347416283621595,171,170.5,11.224091798457591,169.3,0.0
3.151419846668983,976.0,207.4,-0.0035225926343409597,13.261257215849064,12.440549341915181,171,170.3,11.329065228860085,169.2,0.0
3.1551127687383502,977.0,207.4,-0.0023345185596932395,13.294519449721209,12.483083358955502,171,170.2,11.444388281216806,169.1,0.0
3.1587307076754416,978.0,207.4,-0.0023062736874658635,13.024580173528935,12.505976763704982,171,170.1,11.579871365033435,169.0,0.0
3.162389150153961,979.0,207.4,-0.002294862495597881,13.170392922668869,12.485611341066441,172,170.0,11.766875985727369,168.8,0.0
3.1659208375182115,980.0,207.4,-0.0034479477483341896,12.714074511302387,12.447182450462735,172,170.0,11.93141972472645,168.7,0.0
3.16936566864366,981.0,207.4,-0.004604597309009145,12.401392051613835,12.374812073559866,173,169.9,12.087097786521047,168.5,0.0
3.1727144174117035,982.0,207.35999999999999,-0.005761585572471044,12.055495564956072,12.289640173231591,173,169.8,12.226044334329696,168.3,0.0
3.176104630934414,983.0,207.32,-0.005761585572471044,12.204768681757864,12.204360231367062,173,169.7,12.406848455178151,168.2,0.0
3.1794770479351455,984.0,207.28000000000003,-0.005761585572471044,12.140701202633243,12.166841175474085,173,169.7,12.520967905088884,167.9,4.0
3.1828834158312613,985.0,207.24,-0.005761585572471044,12.262924426016683,12.136871314260143,174,169.6,12.63668038663562,167.6,4.0
3.1863680676676642,986.0,207.2,-0.005761585572471044,12.544746611049847,12.165161343647704,173,169.6,12.714070460123247,167.4,4.0
3.1898859401510307,987.0,207.2,-0.005761585572471044,12.664340940119358,12.257583722097625,173,169.6,12.738839198747243,167.2,4.0
3.193420250278682,988.0,207.2,-0.003451835034154566,12.723516459544815,12.409545606001656,174,169.5,12.743335647713687,167.0,4.0
3.196971794162989,989.0,207.2,-0.0011247196188300943,12.785557983506216,12.482078138729642,173,169.4,12.709108645009014,166.8,4.0
3.200493357623415,990.0,207.2,0.0012174404117518622,12.67762845753303,12.527519247020269,173,169.3,12.673887002277205,166.5,4.0
3.204040672661556,991.0,207.2,0.0035747647946551614,12.770334137306115,12.55438705866026,174,169.2,12.593129839685972,166.3,4.0
3.207592450368501,992.0,207.23999999999995,0.005946767828122697,12.786399745003454,12.509159975099191,173,169.1,12.536544407071364,166.1,4.0
3.2109694872100216,993.0,207.28000000000003,0.005946767828122697,12.157332629474023,12.447486874829252,173,169.0,12.430087459574931,165.8,4.0
3.2142569472690594,994.0,207.32,0.005946767828122697,11.834856212536808,12.342699058269691,174,168.8,12.32392065142214,165.8,4.0
3.217526311816597,995.0,207.35999999999999,0.005946767828122697,11.769712371135558,12.208013332775637,173,168.7,12.183022429398791,165.8,4.0
3.2206969339001885,996.0,207.4,0.004673113855667444,11.414239500930247,12.011143012951736,173,168.5,12.026750646277446,165.7,4.0
3.2238763271970297,997.0,207.4,0.0033921211124972434,11.445815868627552,11.766860935390671,173,168.3,11.904578133208869,165.7,4.0
3.2270598503654275,998.0,207.4,-0.0003383304206106944,11.460683406231661,11.473918051888484,173,168.2,11.829302599307209,165.7,4.0
3.230286392969813,999.0,207.4,-0.004085341356710378,11.615553375788057,11.219967806306839,173,167.9,11.7750356440304,165.6,4.0
3.2334147681177376,1000.0,207.35999999999999,-0.007841421924464156,11.262150532527807,10.996308118358751,172,167.6,11.77261216777869,165.7,4.0
3.2365222843409827,1001.0,207.32,-0.01032505132854702,11.187058403682002,10.783709483066856,171,167.4,11.779282936364666,165.7,4.0
3.2396034100751034,1002.0,207.24,-0.014082199930269726,11.092052642835444,10.623042038030787,171,167.2,11.780426873522469,165.6,4.0
3.2426273245419597,1003.0,207.16,-0.01534045853231587,10.886092080682857,10.46397523761581,171,167.0,11.82292016211457,165.6,4.0
3.2456626515381015,1004.0,207.07999999999998,-0.016583995662051966,10.927177186110594,10.367885343139797,170,166.8,11.895785920516415,165.5,4.0
3.248752093705884,1005.0,207.04000000000002,-0.01903154419022015,11.12199180401681,10.293484947852267,170,166.5,12.014913005404372,165.4,4.0
3.2518829613012152,1006.0,206.95999999999998,-0.020171685110951843,11.27112334319176,10.350719591017393,170,166.3,12.13585799300683,165.3,4.0
3.255002217262268,1007.0,206.92,-0.020082045350467453,11.229321459788837,10.440156269925861,170,166.1,12.273396690291351,165.1,4.0
3.2582245638672527,1008.0,206.88000000000002,-0.018694607459318117,11.600447777945398,10.585859786466026,170,165.8,12.35348760264846,164.9,4.0
3.2614644257433065,1009.0,206.8,-0.017285049135733078,11.663502753794418,10.794944836148114,170,165.8,12.429954591488556,164.8,4.0
3.26488439375346,1010.0,206.71999999999997,-0.014718043345824947,12.311884836552723,10.990361155332796,170,165.8,12.433318035888425,164.6,4.0
3.268312251788807,1011.0,206.68,-0.013435088763970426,12.340288927249217,11.200167262633176,170,165.7,12.44716863596707,164.3,4.0
3.2717697194224185,1012.0,206.64000000000001,-0.010892954932253354,12.446883481001747,11.409526528540955,170,165.7,12.442940147009406,164.2,4.0
3.27531309116898,1013.0,206.6,-0.009634696330207212,12.756138287622173,11.658753392545194,170,165.7,12.40429394078036,164.1,4.0
3.278805484106786,1014.0,206.6,-0.009521161610992309,12.572614576101403,11.838521378515818,170,165.6,12.358380455314247,164.0,4.0
3.282327365335109,1015.0,206.6,-0.00820665871192432,12.678772421962796,12.019896099455224,169,165.7,12.315406112982943,163.9,4.0
3.2858441955632416,1016.0,206.6,-0.006929058263063727,12.660588821278228,12.15217000266367,169,165.7,12.265133998555267,163.8,4.0
3.2894656851933175,1017.0,206.6,-0.006881185906983324,13.037362668273436,12.225563533179253,169,165.6,12.203950977131935,163.8,4.0
3.2930050302702765,1018.0,206.56,-0.006852014297661838,12.741642277052687,12.263595309751754,170,165.6,12.18113761502862,163.8,4.0
3.2965663157061824,1019.0,206.52000000000004,-0.0056913649956227405,12.820627569261784,12.256653568702514,169,165.5,12.128362086203044,163.8,4.0
3.3002012561426906,1020.0,206.48000000000002,-0.0056913649956227405,13.085785571429001,12.254928818843823,170,165.4,12.121112204831851,163.8,4.0
3.303697916229771,1021.0,206.44,-0.0056913649956227405,12.58797631348919,12.207560812105967,170,165.3,12.11736211972478,163.9,4.0
3.3071678739994,1022.0,206.4,-0.0056913649956227405,12.491847970666166,12.182772276370587,169,165.1,12.09028096445833,163.9,4.0
3.3106161707384487,1023.0,206.4,-0.0056913649956227405,12.413868260575457,12.11668166502585,169,164.9,12.053990477705726,163.9,4.0
3.3140107257797773,1024.0,206.4,-0.004561362585101546,12.220398148783293,12.064787184300593,169,164.8,12.016230392963038,164.0,4.0
3.317308281556458,1025.0,206.4,-0.0034283169560013565,11.871200796050479,11.978047450268198,168,164.6,11.991182010046852,164.1,4.0
3.320667930027328,1026.0,206.4,-0.0022921225116750007,12.09473449513213,11.88455303140468,168,164.3,11.971300193905094,164.3,4.0
3.3239937059143583,1027.0,206.4,-0.0011486418850695933,11.972793193309116,11.830858203229809,168,164.2,11.988122080298876,164.5,4.0
3.327238143190893,1028.0,206.4,0.0012223665708041872,11.679974195524759,11.832497107668342,168,164.1,12.006758623837328,164.7,4.0
3.330408044676734,1029.0,206.4,0.002440339778990972,11.411645349028358,11.855345529564733,168,164.0,12.04690331247256,165.0,4.0
3.333608896826794,1030.0,206.4,0.003650852484601451,11.523067740215522,11.923230177588877,168,163.9,12.12497848230363,165.4,4.0
3.336766188822017,1031.0,206.4,0.0048493630350756965,11.366251182803397,11.991352534108419,168,163.8,12.197147476618351,165.9,4.0
3.3400270478863643,1032.0,206.44,0.006035929325509797,11.739092631649552,12.047575693459839,168,163.8,12.311644759474056,166.5,4.0
3.3433246030829773,1033.0,206.47999999999996,0.006035929325509797,11.871198707807395,12.13860939685724,166,163.8,12.435020175831736,167.3,4.0
3.346712426245829,1034.0,206.51999999999998,0.006035929325509797,12.196163386266184,12.236440952851922,166,163.8,12.586737541873418,168.0,0.0
3.3500285119352484,1035.0,206.56,0.006035929325509797,11.937908481910247,12.365150765696228,166,163.8,12.680029193021182,168.7,0.0
3.3533913380093345,1036.0,206.6,0.006035929325509797,12.106173866710146,12.479653808536368,166,163.9,12.739170686189086,169.5,0.0
3.3568351508091205,1037.0,206.6,0.006035929325509797,12.39772607923014,12.595206530452831,166,163.9,12.830959747782694,170.2,0.0
3.360281992970105,1038.0,206.6,0.004813562754705611,12.408631779543217,12.636369997618257,166,163.9,12.877005972817576,170.9,0.0
3.3637828030250794,1039.0,206.6,0.0035955895465188256,12.602916197907925,12.673471470608186,165,164.0,12.906323125794042,171.5,0.0
3.367319613474035,1040.0,206.6,0.002385076840908347,12.7325176162401,12.636391799286518,166,164.1,12.911300149019636,172.0,0.0
3.3708589574061594,1041.0,206.6,0.0011865662904341013,12.7416381556486,12.618444132115581,166,164.3,12.943817220521272,172.5,0.0
3.374342291227054,1042.0,206.6,0.0,12.540001755220658,12.589679995103879,165,164.5,12.920151261624284,172.8,0.0
3.3778522547260006,1043.0,206.6,0.0,12.635868596208322,12.53330351859301,166,164.7,12.893059967960337,172.9,0.0
3.3812494207899633,1044.0,206.6,0.0,12.229797830264882,12.485789867663275,166,165.0,12.823097434521518,173.1,0.0
3.38460398036849,1045.0,206.6,0.0011872996450517015,12.076414482696718,12.457840993690226,165,165.4,12.73143203178086,173.2,0.0
3.387955060639916,1046.0,206.6,0.002375309437936619,12.06388897713349,12.422852716059689,166,165.9,12.663087809681668,173.2,0.0
3.391291522866844,1047.0,206.6,0.003563686896473315,12.011264016939684,12.376978456687663,166,166.5,12.54312387328819,173.2,0.0
3.3946108275682,1048.0,206.6,0.00475472621494233,11.949496924882096,12.36990553621367,165,167.3,12.444131236923685,173.2,0.0
3.397992264450032,1049.0,206.64000000000001,0.005949351349798726,12.173172774594875,12.320711870127834,166,168.0,12.385895609366225,173.2,0.0
3.4013894301366885,1050.0,206.68,0.00475097219684741,12.22979647196334,12.30131195264248,166,168.7,12.296031211298915,173.2,0.0
3.404758821231526,1051.0,206.72000000000003,0.0035500897493987147,12.129807941415311,12.266254167907057,165,169.5,12.164421330716443,173.1,0.0
3.408178784602134,1052.0,206.76000000000005,0.0023472128883441127,12.311868134187474,12.193089500574498,165,170.2,12.041859361705605,173.1,0.0
3.4115421494098985,1053.0,206.8,0.0005454294350784667,12.108113307952559,12.096013652635405,165,170.9,11.926100402233695,173.1,0.0
3.4149191769144966,1054.0,206.76000000000005,-0.001853219601040795,12.157299016552967,11.986288541989524,165,171.5,11.860444956391609,173.0,0.0
3.4182633195899483,1055.0,206.71999999999997,-0.003638183211118222,12.038913631626022,11.879149764882913,164,172.0,11.854025718361251,173.0,0.0
3.4215391744300785,1056.0,206.68,-0.004826193004003139,11.793077424468983,11.79596558176391,164,172.5,11.869076697330376,173.0,0.0
3.42477482974936,1057.0,206.61999999999998,-0.006014570462539836,11.64835914941363,11.76492718427345,164,172.8,11.9171781039928,173.0,0.0
3.427989245326431,1058.0,206.54000000000002,-0.006620797585670501,11.571896077455218,11.743570228139339,164,172.9,11.958080934113635,172.9,0.0
3.431301103366829,1059.0,206.51999999999998,-0.00665740288651131,11.922688945433013,11.760390392654738,164,173.1,11.942440226922471,172.8,0.0
3.434643041786425,1060.0,206.51999999999998,-0.004886993056345937,12.030978310545763,11.839071645840544,163,173.2,11.944616321528354,172.7,0.0
3.4380591603434674,1061.0,206.51999999999998,-0.00368611060889724,12.298026805353148,11.912214400177415,164,173.2,11.981223248100234,172.6,0.0
3.4415308918905705,1062.0,206.54000000000002,-0.0036136056028652436,12.498233569571987,12.01902371580651,164,173.2,12.000731098505444,172.4,0.0
3.445005769722322,1063.0,206.58,-0.0029341076436754255,12.509560194304868,12.134268834778327,164,173.2,12.022344362312012,172.2,0.0
3.448599672698673,1064.0,206.6,-0.001653730978508252,12.93805071486369,12.268947944865749,164,173.2,12.042466317875306,172.0,0.0
3.4521442848027766,1065.0,206.6,-0.003287531367760624,12.760603574773207,12.332581215943412,163,173.2,12.073619645561925,171.8,0.0
3.4557381876508395,1066.0,206.56,-0.005518135541437205,12.938050253026027,12.348829920407365,164,173.1,12.115135951377551,171.6,0.0
3.4593165524600034,1067.0,206.51999999999998,-0.006630635799644474,12.88211331299042,12.387092140661835,164,173.1,12.14286602097935,171.4,0.0
3.462952405164968,1068.0,206.48000000000002,-0.008329986030056616,13.08906973787206,12.39618773599388,164,173.1,12.210431403187524,171.3,0.0
3.466523406680776,1069.0,206.4,-0.010604885800704145,12.855605456910661,12.399937181696728,164,173.0,12.30218230692935,171.2,0.0
3.4700296270258386,1070.0,206.32000000000002,-0.011176916477918202,12.622393242224785,12.386079195566413,164,173.0,12.387545344819792,171.1,0.0
3.473700715198419,1071.0,206.27999999999997,-0.011176916477918202,13.215917421289234,12.442510932518413,164,173.0,12.443294581184798,170.9,0.0
3.477300352926175,1072.0,206.24,-0.008909381221961329,12.958695819920795,12.490165793733429,164,173.0,12.519315376505691,170.8,0.0
3.4808566672939723,1073.0,206.2,-0.006639056360220955,12.802731724069549,12.557654720065509,165,172.9,12.643367035781498,170.7,0.0
3.4844643953348386,1074.0,206.2,-0.004363612007888611,12.987820947119609,12.609860010073241,165,172.8,12.731186623170828,170.5,0.0
3.488099332637558,1075.0,206.2,0.00019307782126156068,13.085774289789608,12.676140499466085,165,172.7,12.76759105744155,170.3,0.0
3.491627496710907,1076.0,206.23999999999995,0.00476590116347278,12.701390664056099,12.776488043609836,166,172.6,12.787277438493495,170.1,0.0
3.49513060792656,1077.0,206.28000000000003,0.0070621815299557605,12.611200376350952,12.837771835882213,166,172.4,12.715330068434032,169.9,0.0
3.498572120260861,1078.0,206.32,0.009372548179819798,12.389444403483864,12.903484312489734,167,172.2,12.565915619963418,169.7,0.0
3.5018884956579455,1079.0,206.4,0.012904299619176132,11.93895142950411,12.996664046130189,168,172.0,12.4104065058628,169.5,0.0
3.5052048709416215,1080.0,206.48000000000002,0.014118419329942752,11.938951021232846,13.03404245142496,169,171.8,12.240506736780258,169.3,0.0
3.5085427259575535,1081.0,206.51999999999998,0.015333196515526388,12.016278057354462,12.979635007381876,170,171.6,12.09175933761036,169.1,0.0
3.5118673841398524,1082.0,206.56,0.015409269861410533,11.968769456275743,12.88522858733096,172,171.4,12.009712125101457,168.9,0.0
3.5152619328755454,1083.0,206.63999999999996,0.015469570242833292,12.22037544849495,12.773963474442255,172,171.3,11.878108545886317,168.7,0.0
3.5186200375884473,1084.0,206.68,0.014312398261453035,12.089176966446542,12.690986584891766,172,171.2,11.752685030831874,168.7,0.0
3.5218893918895486,1085.0,206.71999999999997,0.011987172786580963,11.769675483964892,12.630147040791368,173,171.1,11.646276766382098,168.7,0.0
3.5250771060489785,1086.0,206.76,0.009644953618046325,11.475770973947673,12.574892681849423,173,170.9,11.526653509483072,168.7,0.0
3.5282586645994316,1087.0,206.8,0.008461173509770614,11.453610781631854,12.536098904628778,173,170.8,11.477070844982528,168.7,0.0
3.5315178006952825,1088.0,206.8,0.0072653448949803676,11.732889945062984,12.481625010215083,173,170.7,11.484298019060573,168.7,0.0
3.5348163448756162,1089.0,206.8,0.004850473392255976,11.874759049200563,12.359879310479716,173,170.5,11.541275901343845,168.6,0.0
3.5381745284342063,1090.0,206.8,0.003636353681489355,12.089460810924079,12.265191563838858,174,170.3,11.6133618987654,168.6,0.0
3.541645998468645,1091.0,206.8,0.002421576495905721,12.497292123978724,12.223226866326364,173,170.1,11.698945334851029,168.7,0.0
3.545084275623502,1092.0,206.8,0.0012083397490873049,12.377797757484103,12.174092352508957,173,169.9,11.76573228053255,168.8,0.0
3.5484353779503306,1093.0,206.8,0.0,12.063968376583299,12.127583777368248,174,169.7,11.846206982247663,168.9,0.0
3.5517995273704708,1094.0,206.8,0.0,12.110937912505356,12.071204035834553,173,169.5,11.93592801774381,168.8,0.0
3.5551705675787164,1095.0,206.8,0.0,12.135744749683703,12.026017963332546,173,169.3,12.05406232274814,168.8,0.0
3.5584124702114943,1096.0,206.8,-0.001162457904223061,11.670849477999756,11.982832746138145,173,169.1,12.193481423547423,168.8,0.0
3.561654065605855,1097.0,206.8,-0.002319707690928327,11.669743419697552,11.924642954604838,173,168.9,12.268914099169402,168.8,0.0
3.5649690960227147,1098.0,206.8,-0.004620152973587463,11.934109500695916,11.90558879419454,173,168.7,12.344862457874036,168.8,0.0
3.5683541772244,1099.0,206.8,-0.006898027207443723,12.186292326066733,11.919277661134794,173,168.7,12.337532777180527,168.9,0.0
3.5718276838547,1100.0,206.76,-0.0091601886895155,12.504623869080376,11.92668034252614,173,168.7,12.317504491898816,168.8,0.0
3.5753761818602543,1101.0,206.72000000000003,-0.010288044362149562,12.774592819996709,11.906100829006068,173,168.7,12.233206584875344,168.7,0.0
3.579002140632356,1102.0,206.64000000000001,-0.01141416366856649,13.053451579565845,11.929669575181546,173,168.7,12.154759430766829,168.7,0.0
3.5826081065806896,1103.0,206.56000000000003,-0.01141416366856649,12.98147741400154,12.022016257740091,173,168.7,12.032133181371972,168.7,0.0
3.5862093755505255,1104.0,206.48000000000002,-0.01141416366856649,12.96456829140979,12.117145091568055,173,168.6,11.952963995071045,168.8,0.0
3.5897352747486737,1105.0,206.44,-0.01141416366856649,12.693237113333769,12.200117991943907,173,168.6,11.855681195483546,168.8,0.0
3.593188346257343,1106.0,206.4,-0.009075283880049372,12.431057431208696,12.306516852062071,173,168.7,11.788322276940663,168.8,0.0
3.596774529594136,1107.0,206.4,-0.006727140394755725,12.910260012455602,12.327985102180737,172,168.8,11.793296483260267,168.7,0.0
3.6003335033092996,1108.0,206.4,-0.0032276655391987085,12.812305374589213,12.279277290210391,172,168.9,11.817907602275165,168.6,0.0
3.6038197079395147,1109.0,206.4,0.00026252292333956275,12.550336668773966,12.215914875572336,172,168.8,11.87550445924037,168.5,0.0
3.607347898961626,1110.0,206.44,0.0037499363339893897,12.701487679599833,12.13015113380838,172,168.8,11.928614034770163,168.5,0.0
3.6106965431614597,1111.0,206.48000000000002,0.0036413453474161174,12.055119119402063,12.048746053795771,171,168.8,12.038100055824652,168.6,0.0
3.6139074617989206,1112.0,206.51999999999998,0.003518186189085201,11.559307094859706,12.002166689953741,171,168.8,12.099498899173836,168.5,0.0
3.6170814579858637,1113.0,206.56,0.002263510654318227,11.426386272995371,11.877734657093638,171,168.8,12.144468638137369,168.4,0.0
3.6202107831526926,1114.0,206.6,0.001009624698371456,11.265570600584361,11.720924843711803,171,168.9,12.124944116206697,168.3,0.0
3.6233234951309243,1115.0,206.56,-0.0014857666471080405,11.205763121634764,11.545068603050769,171,168.8,12.084154371405823,168.3,0.0
3.6265486577159574,1116.0,206.51999999999998,-0.0039021395572568923,11.610585306119676,11.324441462642024,171,168.7,11.98390109889144,168.2,0.0
3.629769275554931,1117.0,206.48000000000002,-0.006323913441011188,11.594224220304195,11.182850324320574,171,168.7,11.868399467581153,168.2,0.0
3.6329798506171658,1118.0,206.44,-0.008746836236756999,11.558070224044817,11.106885482080045,171,168.7,11.748335125372838,168.3,0.0
3.6361704767350203,1119.0,206.35999999999999,-0.011174729428527087,11.486254024276196,11.094675675409315,171,168.8,11.651370276013733,168.4,0.0
3.6393663809324117,1120.0,206.32,-0.012399981357105136,11.505255110609568,11.109707851612992,170,168.8,11.582617077773978,168.6,0.0
3.642577295508633,1121.0,206.27999999999997,-0.011163534697897801,11.559292474396624,11.161453335013721,170,168.8,11.562637334992084,168.7,0.0
3.645808289629644,1122.0,206.24,-0.009914256233149957,11.631578835640148,11.213185384018113,170,168.7,11.612960304740792,168.8,0.0
3.6491405577118186,1123.0,206.2,-0.008659580698382982,11.996165095828093,11.301075333790438,169,168.6,11.70830654279928,169.0,0.0
3.652470121760374,1124.0,206.2,-0.007988933318367955,11.986430574799911,11.420659099867,169,168.5,11.84608962259438,169.2,0.0
3.6558205655055103,1125.0,206.2,-0.006660712124332442,12.06159748249107,11.594589317656874,169,168.5,12.01797149896582,169.3,0.0
3.659231247384103,1126.0,206.2,-0.006005295084623083,12.278454762934883,11.805272681440139,169,168.6,12.188695035512591,169.5,0.0
3.662675406061174,1127.0,206.2,-0.004774414899457167,12.398971237455347,11.949235032556988,169,168.5,12.317141735380336,169.7,0.0
3.6661352062220094,1128.0,206.17999999999998,-0.003550521676609237,12.455280579006265,12.078492365119441,169,168.4,12.44679362898082,169.9,0.0
3.6696539831870982,1129.0,206.14000000000001,-0.0017365450818226601,12.667597074319497,12.1110645687631,169,168.3,12.553613011336758,170.1,0.0
3.673237162664488,1130.0,206.11999999999998,-0.0005318229722325069,12.899446118602384,12.122883956407886,168,168.3,12.61810325598265,170.2,0.0
3.67665761245077,1131.0,206.11999999999998,7.548080738804409e-05,12.313619230616409,12.063024351251153,168,168.2,12.5987330889096,170.3,0.0
3.6800995742348497,1132.0,206.11999999999998,-0.0011460670653033243,12.3910624226865,12.001292919486845,168,168.2,12.521930706628504,170.6,0.0
3.6834114820928754,1133.0,206.14000000000001,-0.002367099710454502,11.922868288893005,11.888348406275687,169,168.3,12.469755689889825,170.8,0.0
3.6866854120156485,1134.0,206.18,-0.0030023509454622926,11.786147721982802,11.809944558182822,169,168.4,12.39826926271116,171.0,0.0
3.689801694907942,1135.0,206.2,-0.0030477608616197504,11.218618412256331,11.697761765816459,169,168.6,12.33532040104554,171.2,0.0
3.6929944680251223,1136.0,206.16,-0.003670408192434817,11.493983221849723,11.598340027164307,169,168.7,12.288247826446264,171.4,0.0
3.696097998231652,1137.0,206.11999999999998,-0.003670408192434817,11.172708743506815,11.56267973556181,169,168.8,12.292258971097542,171.6,0.0
3.6993378839860958,1138.0,206.07999999999998,-0.003670408192434817,11.663588715996987,11.562085154789674,168,169.0,12.258745885184329,171.6,0.0
3.7025864309523304,1139.0,206.04000000000002,-0.004268805824133316,11.694769078444514,11.610464956870373,169,169.2,12.230859531069044,171.6,0.0
3.7059825023226565,1140.0,206.0,-0.00547352793372347,12.225856933173569,11.674661071681097,169,169.3,12.248451753252525,171.6,0.0
3.7094167693487154,1141.0,206.0,-0.00608083171334402,12.363361293812432,11.819241208525778,169,169.5,12.30692861830818,171.6,0.0
3.712927095352281,1142.0,206.0,-0.004859283840652652,12.637173612835445,11.944441580849162,169,169.7,12.376362918321693,171.5,0.0
3.7163989944796545,1143.0,206.0,-0.003638251195501474,12.498836858545076,12.075339383432057,168,169.9,12.439366731822451,171.4,0.0
3.7198204510011212,1144.0,206.0,-0.0011940557976564624,12.31724347728076,12.166242712946339,169,170.1,12.489587426987276,171.4,0.0
3.723240861729677,1145.0,206.0,0.0024903365390369315,12.313478622801197,12.262457216572159,169,170.2,12.513363957025351,171.4,0.0
3.726604187189494,1146.0,206.0,0.006184002543060873,12.10797165534155,12.323642397656064,169,170.3,12.519520783439315,171.4,0.0
3.729832633337589,1147.0,206.0,0.009920174382444368,11.62240613314215,12.385719134130735,169,170.6,12.539003397973136,171.4,0.0
3.733018284308892,1148.0,206.04000000000002,0.01364015609824908,11.468343496690258,12.438777371895839,169,170.8,12.542309075734314,171.6,0.0
3.7361535264284575,1149.0,206.11999999999998,0.01732984425614669,11.286871630435801,12.507612614511938,168,171.0,12.552187454668656,171.8,0.0
3.7392711164862438,1150.0,206.2,0.019761026267894555,11.223324208029752,12.572999319366811,168,171.2,12.498892283651386,172.0,0.0
3.742384545647552,1151.0,206.32,0.021558334574196442,11.20834498070953,12.642103833582137,169,171.4,12.409796600823354,172.2,0.0
3.7455613595894275,1152.0,206.44,0.021558334574196442,11.436530190752322,12.739167787714283,169,171.6,12.282009628880452,172.4,0.0
3.748763911913026,1153.0,206.56,0.021558334574196442,11.529188364954011,12.831533174711144,169,171.6,12.077552706235728,172.6,0.0
3.751994387328271,1154.0,206.64000000000001,0.019175704527125696,11.629711494883201,12.917387588403676,169,171.6,11.886781204047171,172.7,0.0
3.755359298771322,1155.0,206.7,0.015556812131618882,12.113681194982258,12.988599848123346,169,171.6,11.753581024385488,172.8,0.0
3.7588624102582187,1156.0,206.7,0.012499718704562788,12.611201352828639,13.034248500723868,168,171.6,11.64010490790808,172.9,0.0
3.7623557070675875,1157.0,206.7,0.008763546865179295,12.575868513727023,13.02155931134536,168,171.5,11.542926632191024,173.0,0.0
3.765924088816099,1158.0,206.66,0.0050435651493745855,12.846174294641257,13.015290034982982,168,171.4,11.50312769918599,173.0,0.0
3.7695367805922517,1159.0,206.61999999999998,0.0013538769914769725,13.005690394150195,12.993045438275882,168,171.4,11.508146188480932,173.0,0.0
3.773128602696001,1160.0,206.6,8.414741271639443e-05,12.930559573497465,12.959061414664589,169,171.4,11.52968579472442,172.9,0.0
3.7765988282458305,1161.0,206.6,-0.0005457814067278497,12.49281197938697,12.868390321343146,168,171.4,11.578748679656782,172.8,0.0
3.7801357863365963,1162.0,206.6,0.0006260699591777334,12.733049126757198,12.741722751081404,168,171.4,11.678014911555977,172.7,0.0
3.783635059166739,1163.0,206.6,0.0017975389327687745,12.597382188513377,12.667321973954705,168,171.6,11.800913619973258,172.6,0.0
3.787044674150445,1164.0,206.64000000000001,0.004129134940486955,12.274613941342116,12.599273059850258,169,171.8,11.904937227312168,172.4,0.0
3.7903557795738485,1165.0,206.68,0.005276215066901813,11.919979524251787,12.566492797398297,168,172.0,11.975742999600213,172.2,0.0
3.7936455511099645,1166.0,206.72000000000003,0.005846823806894465,11.84317753001764,12.542870537653581,168,172.2,12.02393655900728,172.0,0.0
3.7969939173172813,1167.0,206.76,0.005846823806894465,12.054118346340248,12.55883712135806,169,172.4,12.055919308792904,171.9,0.0
3.8003637256569633,1168.0,206.8,0.005846823806894465,12.13131002285462,12.513579731680014,169,172.6,12.077852480488586,171.8,0.0
3.803801559484045,1169.0,206.8,0.005846823806894465,12.376201777493977,12.450690901731543,170,172.7,12.018906318317258,171.7,0.0
3.8072626244361296,1170.0,206.8,0.0035324109511399625,12.459833827504719,12.402312406114655,170,172.8,12.014010345974729,171.8,0.0
3.810743992054435,1171.0,206.8,0.0012142617712212998,12.532923425899742,12.38788234148239,169,172.9,11.98953488978275,171.9,0.0
3.8141878582398863,1172.0,206.8,-0.0011077933643889137,12.397918267625059,12.380774863725705,170,173.0,11.980109230119732,172.0,0.0
3.817609668975264,1173.0,206.8,-0.0034276789659174536,12.318518647360532,12.366109143197487,170,173.0,12.045746243877344,172.1,0.0
3.8210681512428133,1174.0,206.76,-0.005750464462270044,12.450536163176908,12.338568029348545,170,173.0,12.140980981354415,172.3,0.0
3.8245416924024824,1175.0,206.72000000000003,-0.005750464462270044,12.50474817480835,12.28385652191697,170,172.9,12.268146661000843,172.5,0.0
3.8280243369941913,1176.0,206.68,-0.005750464462270044,12.537520530152749,12.235133159082034,170,172.8,12.434400749649628,172.7,0.0
3.8315477137945657,1177.0,206.64000000000001,-0.005750464462270044,12.684156481347872,12.2311137897535,171,172.7,12.509397962878722,172.8,0.0
3.835057024065261,1178.0,206.6,-0.005750464462270044,12.633516974502848,12.242955683164954,171,172.6,12.577909668358275,172.9,0.0
3.838560903809115,1179.0,206.6,-0.005750464462270044,12.61396707787472,12.292853019645829,171,172.4,12.64165702034375,173.0,0.0
3.842039071056794,1180.0,206.6,-0.004597504039502826,12.521402091644363,12.310211414606055,171,172.2,12.674985901706638,173.0,0.0
3.8455745570488045,1181.0,206.6,-0.002221575820701329,12.727749571237931,12.299188615581098,172,172.0,12.733534711416365,173.1,0.0
3.8490276056724815,1182.0,206.6,0.00016573020142493042,12.430975045236869,12.248365931964361,172,171.9,12.7612659895772,173.1,0.0
3.8524768563493437,1183.0,206.6,0.002561664071640354,12.417302436703931,12.119206459443351,172,171.8,12.744449165166117,173.1,0.0
3.855787296475178,1184.0,206.6,0.004961611467531676,11.917584453004224,12.003871233996016,172,171.7,12.724956046944165,173.1,0.0
3.8590133496269914,1185.0,206.64000000000001,0.006212899013253034,11.61379134652803,11.940292568875165,172,171.8,12.62265815046492,173.2,0.0
3.862141030407748,1186.0,206.68,0.006212899013253034,11.259650810723734,11.881198775862362,172,171.9,12.51552907693122,173.3,0.0
3.865096471311887,1187.0,206.72000000000003,0.006212899013253034,10.639587254900613,11.807914737333153,171,172.0,12.430526135069355,173.5,0.0
3.86807586074317,1188.0,206.76000000000005,0.006212899013253034,10.7258019526173,11.759983194432088,171,172.1,12.360593687500517,173.8,0.0
3.8712097399879637,1189.0,206.8,0.004992654508146658,11.281965281257888,11.716179815032053,171,172.3,12.350018279624042,174.1,0.0
3.874372695800983,1190.0,206.8,0.0037830723217785857,11.386640926870271,11.659066245565281,171,172.5,12.3015703847667,174.4,0.0
3.8776382421382243,1191.0,206.8,0.0013554831827151535,11.755966814067373,11.60691933599976,171,172.7,12.286474977470489,174.6,0.0
3.8809807381702206,1192.0,206.8,-0.0010792301789575396,12.032985715186527,11.590352372726429,171,172.8,12.323322615538448,174.9,0.0
3.8844439290951245,1193.0,206.76,-0.004715615433897048,12.467487329653373,11.587502548633037,172,172.9,12.374521224173783,175.1,0.0
3.8878142014605244,1194.0,206.72000000000003,-0.007159713815774915,12.132980515439103,11.559152453431713,172,173.0,12.42966035700392,175.3,0.0
3.8911765404038166,1195.0,206.68,-0.009609113703718359,12.104420195851642,11.501665391712166,172,173.0,12.497616519914711,175.4,0.0
3.8945799607176266,1196.0,206.64000000000001,-0.012006314902205249,12.252313129715661,11.430021148468224,172,173.1,12.54569153313223,175.6,0.0
3.8978767869229247,1197.0,206.56,-0.014408409751151163,11.868574339073444,11.362662391532979,173,173.1,12.68634125613756,175.7,0.0
3.9011451308190375,1198.0,206.51999999999998,-0.01561040213063492,11.766038026006395,11.307022793060883,173,173.1,12.76878912430617,175.7,0.0
3.9044756927646316,1199.0,206.48000000000002,-0.01558560037423721,11.99002300413834,11.212040973930742,173,173.1,12.844848300437963,175.7,0.0
3.907772519576004,1200.0,206.4,-0.015562083796743889,11.868576520940922,11.192120980089168,173,173.2,12.983841899764068,175.8,2.0
3.9111269068848715,1201.0,206.32,-0.014359653183420935,12.075794311923644,11.176427222263694,173,173.3,13.038033424345134,175.9,2.0
3.9145303283938,1202.0,206.28000000000003,-0.013162042074169869,12.252317432143343,11.205531232372458,173,173.5,13.00194680233605,176.0,2.0
3.917829779979339,1203.0,206.23999999999995,-0.010773174061508286,11.87802570794008,11.336481892549719,173,173.8,12.95756196452976,176.2,2.0
3.921186452421565,1204.0,206.2,-0.009580909126722062,12.08402079201382,11.511151676365419,173,174.1,12.90445717380457,176.4,2.0
3.924480803986546,1205.0,206.2,-0.008382796784499979,11.859665633931854,11.72724379389969,173,174.4,12.91807993640358,176.6,2.0
3.9278580419124034,1206.0,206.2,-0.005985595586013088,12.158056533085464,11.989793745436941,173,174.6,12.977399281898332,176.7,2.0
3.931337193155917,1207.0,206.2,-0.003583500737067171,12.524944476649562,12.147569237021994,173,174.9,13.012812423242494,176.8,2.0
3.9348700779894665,1208.0,206.2,-0.0023815083575834165,12.718385400777152,12.284700042552412,173,175.1,13.061469364038174,176.9,2.0
3.9385538779340785,1209.0,206.2,-0.0011860656088747497,13.261679800602598,12.392775621285882,172,175.3,13.10605201317295,177.0,2.0
3.9423125216583643,1210.0,206.2,0.0,13.531117407428761,12.456679331670326,172,175.4,13.120125893667174,176.9,2.0
3.945875234559535,1211.0,206.2,-0.0011408056709090813,12.825766444214594,12.529567596931683,172,175.6,13.156029910501552,176.8,2.0
3.9494689663614624,1212.0,206.2,-0.0022913762869407783,12.937434486938876,12.557753249447538,172,175.7,13.267239080422414,176.7,2.0
3.9529454939247386,1213.0,206.2,-0.0034498147829076717,12.51549922779482,12.526882175172883,171,175.7,13.368329998260304,176.5,2.0
3.9563947465929727,1214.0,206.2,-0.004614807368543663,12.417309605642695,12.485029471235189,171,175.7,13.43714225229802,176.3,2.0
3.959851733740481,1215.0,206.16,-0.005780797545559476,12.445153731029112,12.353433766506033,171,175.8,13.42105506449017,176.1,2.0
3.9633060029945626,1216.0,206.11999999999998,-0.005780797545559476,12.435369314693853,12.207828060649115,172,175.9,13.298651553329387,175.8,2.0
3.9667384408369344,1217.0,206.08,-0.005780797545559476,12.356776232538689,12.100963204512443,172,176.0,13.083414540364846,175.5,0.0
3.970217178119867,1218.0,206.04000000000002,-0.005780797545559476,12.523454218557648,12.024061641858825,172,176.2,12.863195895621963,175.2,0.0
3.9736168172409254,1219.0,206.0,-0.005780797545559476,12.238700835810166,12.02109930527623,173,176.4,12.610286553505972,174.9,0.0
3.977077880205395,1220.0,206.0,-0.005780797545559476,12.459826672091737,11.99583360772657,173,176.6,12.369837806393788,174.7,0.0
3.9804044738236164,1221.0,206.0,-0.004639991874650393,11.975737025595956,12.019169521901889,173,176.7,12.18660140254526,174.5,0.0
3.9838039488267416,1222.0,206.0,-0.0034894212586186967,12.238110011250502,12.094418266623808,173,176.8,11.986592485218685,174.2,0.0
3.9872511002570277,1223.0,206.0,-0.002330982762651803,12.409745149030057,12.183775282138477,173,176.9,11.82195844779849,174.0,0.0
3.990565775439547,1224.0,206.0,-0.0011659901770158122,11.93283065706927,12.277587532666415,173,177.0,11.697934005715275,173.7,0.0
3.9939808309001212,1225.0,206.0,0.0,12.294199658067006,12.38333747911579,173,176.9,11.61583722072316,173.4,0.0
3.997537454704392,1226.0,206.0,0.0,12.803845695373445,12.46988912465652,173,176.8,11.576386125842768,173.2,0.0
4.001112110904084,1227.0,206.0,0.0,12.868762318892065,12.64030477937806,173,176.7,11.64018051604136,173.0,0.0
4.0047440124448785,1228.0,206.0,0.0,13.074845546858985,12.74569166842297,173,176.5,11.690643478356147,172.9,0.0
4.008332418685134,1229.0,206.0,0.0,12.918262464918095,12.83733267438151,173,176.3,11.744832075205265,172.8,0.0
4.011927023352986,1230.0,206.0,0.0,12.940576804266904,12.987825123948175,174,176.1,11.811168393762928,172.6,0.0
4.0156443106462225,1231.0,206.0,0.0,13.382234255649271,13.05353358238364,173,175.8,11.847555349160784,172.4,0.0
4.019272807505372,1232.0,206.0,0.0,13.062588692936616,13.036085588284072,173,175.5,11.884032716629722,172.3,0.0
4.022931234424913,1233.0,206.0,0.0,13.170336910347967,13.017793568576755,173,175.2,11.974977434034528,172.2,0.0
4.026632002938894,1234.0,206.0,0.0005512396652567325,13.322766650330315,12.998558537358898,174,174.9,12.063891965435822,172.2,0.0
4.030197590412193,1235.0,206.0,0.0016499687093299489,12.836114903877672,13.051331727856464,174,174.7,12.195690476771372,172.1,0.0
4.033653973599772,1236.0,206.0,0.002747519153335043,12.442979475282595,13.151238862919346,175,174.5,12.339078180364254,172.1,0.0
4.037105338583335,1237.0,206.0,0.0038420742811333492,12.424913940829175,13.227847377653882,176,174.2,12.432646692699588,172.1,0.0
4.04058972681656,1238.0,206.01999999999998,0.004927454586162017,12.543797639607087,13.31713825616917,176,174.0,12.550196156526273,172.0,0.0
4.044215974064034,1239.0,206.06,0.005466040931721291,13.05449009090821,13.402555791982843,176,173.7,12.620471063704809,171.8,0.0
4.0479753546915935,1240.0,206.1,0.005466040931721291,13.533770259214414,13.44890511056344,176,173.4,12.67857900468412,171.7,0.0
4.051791011821897,1241.0,206.14000000000001,0.005466040931721291,13.736365669090876,13.500813341392838,176,173.2,12.712328278855257,171.6,0.0
4.055554666849923,1242.0,206.18,0.005466040931721291,13.549158100893445,13.61347267841631,175,173.0,12.662989773393956,171.5,0.0
4.059336934461505,1243.0,206.2,0.005466040931721291,13.616163401695722,13.70033508377772,175,172.9,12.538991824933577,171.3,0.0
4.0630767970879695,1244.0,206.2,0.00491480126646456,13.463505455272541,13.739142716821203,175,172.8,12.380571465660887,171.1,0.0
4.066742117941365,1245.0,206.2,0.003816072222391344,13.195155072221459,13.683905101114798,176,172.6,12.123574585173488,171.0,0.0
4.070507415489835,1246.0,206.2,0.00271852177838625,13.555071174491193,13.520913800385888,176,172.4,11.886238352095772,170.8,0.0
4.074239588578504,1247.0,206.2,0.0016239666505879439,13.435823119208102,13.264481414030962,176,172.3,11.664304087811477,170.6,0.0
4.077915121961833,1248.0,206.2,0.0005385863455592767,13.231920179984233,13.00362883156848,176,172.2,11.46177951406882,170.4,0.0
4.081496682576508,1249.0,206.2,0.0,12.893618212829724,12.709884602773588,177,172.2,11.34575757457914,170.3,0.0
4.084916053450843,1250.0,206.2,0.0,12.309735147606586,12.433177193390925,177,172.1,11.206553669055102,170.2,0.0
4.0881338299895775,1251.0,206.2,0.0,11.58399553944543,12.222419641692975,177,172.1,11.123206588650044,170.1,0.0
4.091285766559984,1252.0,206.2,0.0,11.34697165346466,11.99471322749668,177,172.1,11.084190308855703,170.1,0.0
4.0943655082212445,1253.0,206.2,0.0,11.087069980535796,11.802757517390802,177,172.0,11.035221863377853,170.2,0.0
4.097437457661286,1254.0,206.2,0.0,11.059017984150701,11.651388949838598,177,171.8,11.029702202379267,170.2,0.0
4.10059378850399,1255.0,206.2,0.0,11.362791033736187,11.537950575819384,177,171.7,11.076293732502734,170.2,0.0
4.103803505726552,1256.0,206.2,-0.001219185056035715,11.554982001225413,11.460063446982868,177,171.6,11.137799342636695,170.2,0.0
4.10707836204461,1257.0,206.2,-0.0024346256744268656,11.789482745006177,11.476864107534386,177,171.5,11.214637973805456,170.3,0.0
4.110409383088819,1258.0,206.2,-0.0036463355664609677,11.9916757591521,11.474546216176728,177,171.3,11.277231917404963,170.4,0.0
4.113762897078516,1259.0,206.2,-0.004848843051699322,12.07265036290855,11.469964355453063,176,171.1,11.351827501643877,170.5,0.0
4.1170726815781835,1260.0,206.16,-0.006042487693185231,11.915224198802669,11.470127677655885,176,171.0,11.450756505762405,170.6,0.0
4.120467664756359,1261.0,206.11999999999998,-0.00722323264792432,12.221939441431338,11.426650489740389,176,170.8,11.48941498136328,170.8,0.0
4.123759776222085,1262.0,206.07999999999998,-0.008390256617584592,11.85160127661256,11.390062217210742,175,170.6,11.552878140905918,170.9,0.0
4.126990041763481,1263.0,206.04000000000002,-0.00954849752605041,11.628955949026945,11.411049818693643,175,170.4,11.619507012429503,171.0,0.0
4.130246258755072,1264.0,206.0,-0.010695889950870733,11.722381169727324,11.437293384582588,175,170.3,11.634384545841856,171.2,0.0
4.133503664473881,1265.0,205.95999999999998,-0.012977896688545553,11.726660587714766,11.503446264836391,174,170.2,11.625093869838985,171.3,0.0
4.136814707717191,1266.0,205.92,-0.01289448560171311,11.919755675914796,11.588789618978813,174,170.1,11.587838650348877,171.5,0.0
4.140342188250261,1267.0,205.88000000000002,-0.01281180364751873,12.698929919054239,11.634208658625518,174,170.1,11.58018908211405,171.6,0.0
4.143920194103918,1268.0,205.84,-0.01273726596028675,12.880821073165018,11.710046896906618,174,170.2,11.591530845819143,171.7,0.0
4.147639815069547,1269.0,205.76,-0.013831593850818894,13.390635476264077,11.749168840086696,174,170.2,11.635783480839624,171.8,0.0
4.151347898745861,1270.0,205.71999999999997,-0.013801061917009494,13.349101234731469,11.79088505177913,174,170.2,11.767400178749726,171.9,0.0
4.1550027944583015,1271.0,205.68,-0.013808085462296574,13.157624564784678,11.82976576044803,173,170.2,11.97874363606325,171.8,0.0
4.158621432212435,1272.0,205.64000000000001,-0.013852546537227247,13.027095914879421,11.789449115741144,173,170.3,12.204206216851002,171.8,0.0
4.162046905829327,1273.0,205.56,-0.01392884134487366,12.33170502081231,11.678062572876044,172,170.4,12.43044715083429,171.8,0.0
4.165464533768083,1274.0,205.51999999999998,-0.012781448920053336,12.30346057952042,11.533087523295126,172,170.5,12.67314394338845,171.8,0.0
4.168815687470701,1275.0,205.48000000000002,-0.011768639052252717,12.064153329426128,11.308920713905064,172,170.6,12.89323801002292,172.0,0.0
4.171989679309951,1276.0,205.44,-0.011917827474275944,11.42637062130182,11.109547697588706,172,170.8,13.046740958904545,172.1,0.0
4.175172721097299,1277.0,205.4,-0.012079659527714583,11.458950434450426,10.931155159688439,173,170.9,13.156987942455055,172.2,0.0
4.178310670397421,1278.0,205.4,-0.012241634991687372,11.296617480438126,10.778153343928338,173,171.0,13.22974684212033,172.3,0.0
4.181316411139473,1279.0,205.35999999999999,-0.011249712211084137,10.820666671390068,10.713609292307636,172,171.2,13.199758412459635,172.5,0.0
4.184365227501683,1280.0,205.32,-0.010086599503407628,10.975738903954333,10.61941956292829,172,171.3,13.158336506999843,172.6,0.0
4.187403639146667,1281.0,205.27999999999997,-0.00889883100338146,10.938281921941686,10.579661766720237,172,171.5,13.121164086327326,172.8,0.0
4.190459708640404,1282.0,205.23999999999995,-0.007687345958790512,11.001850177452903,10.589208565966178,172,171.6,13.039132738593006,172.9,0.0
4.193562899092047,1283.0,205.2,-0.0064528102426782835,11.171485625915492,10.59766658880224,172,171.7,12.95006968271252,173.0,0.0
4.196593849515458,1284.0,205.2,-0.0064528102426782835,10.911421524280037,10.656930471989362,171,171.8,12.861695911489438,173.1,0.0
4.199713483550284,1285.0,205.2,-0.005183613372804081,11.230682525375547,10.767679151124337,172,171.9,12.720700423177249,173.0,0.0
4.202779096834551,1286.0,205.2,-0.0038986509815775823,11.03620782335841,10.895495514380166,172,171.8,12.54016348678395,172.8,0.0
4.205826115162237,1287.0,205.2,-0.0026040602639421733,10.969265979671896,11.039730934524595,172,171.8,12.350990226758167,172.6,0.0
4.208948732070696,1288.0,205.2,-0.001304912595167261,11.241420870452309,11.170924604339632,171,171.8,12.171928843871788,172.4,0.0
4.212083893729758,1289.0,205.2,0.0,11.286581972624733,11.316376377991876,171,171.8,12.043308515119596,172.1,0.0
4.215303559009007,1290.0,205.2,0.0012377105074400777,11.590795005293948,11.49343979763108,171,172.0,11.879815589278431,171.9,0.0
4.218555411296126,1291.0,205.2,0.0024764101825788974,11.70666823362928,11.60285896076083,171,172.1,11.706980849102909,171.8,0.0
4.2217853528554175,1292.0,205.2,0.003719092311187355,11.627789613447977,11.721271643534362,170,172.2,11.558448980829416,171.7,0.0
4.22509575326328,1293.0,205.2,0.004962595322916099,11.917441468304608,11.827307778131871,170,172.3,11.480511678227352,171.6,0.0
4.228401506475909,1294.0,205.23999999999995,0.006204881625868153,11.900711565465345,11.866240839732061,170,172.5,11.410629445511024,171.5,0.0
4.231628525165182,1295.0,205.28000000000003,0.006204881625868153,11.617267281384306,11.865715105251287,170,172.6,11.458668010288337,171.5,0.0
4.2348704250037335,1296.0,205.32,0.004981161876283046,11.670839418784782,11.815007598791947,170,172.8,11.644224682379722,171.6,0.0
4.238102523530097,1297.0,205.35999999999999,0.003779032467933037,11.63555469490775,11.784932338252668,170,172.9,11.819702213094594,171.7,0.0
4.241266466920257,1298.0,205.4,0.0025991114026756744,11.390196204575828,11.765070994445864,170,173.0,12.065160858868124,171.8,0.0
4.244375821145978,1299.0,205.4,0.0014406655458795341,11.193675212596016,11.767949474749617,170,173.1,12.307623047839042,171.9,0.0
4.24749199970442,1300.0,205.35999999999999,-0.0009333060238756555,11.218242810392889,11.848303522075753,170,173.0,12.43588279260478,172.0,0.0
4.250722603190887,1301.0,205.32,-0.001055141185321898,11.630172551280989,12.017012810219693,171,172.8,12.542590591752786,172.0,0.0
4.253984049649359,1302.0,205.27999999999997,-0.0011940993996297754,11.741207250498945,12.216795051671232,171,172.6,12.68722483379856,172.0,0.0
4.257417374043389,1303.0,205.23999999999995,-0.0013431269840822736,12.359967818509405,12.434283457638541,170,172.4,12.713276602031511,172.0,0.0
4.2610887291946575,1304.0,205.2,-0.0014969570851249311,13.216878544566356,12.684975036287032,170,172.1,12.765673137135964,172.0,0.0
4.264902813043135,1305.0,205.23999999999995,-0.0004060280279374306,13.730701854519527,12.928250500749579,170,171.9,12.797197793698242,172.0,0.0
4.2687709978283195,1306.0,205.28000000000003,0.0008176917216476769,13.925465226662302,13.125860537584277,171,171.8,12.784763059729126,172.0,0.0
4.272631543393525,1307.0,205.32,0.002019821129997685,13.897964034740644,13.281231279435065,171,171.7,12.780008374896742,172.0,0.0
4.27646964454078,1308.0,205.35999999999999,0.003199742195255048,13.817164130117431,13.399567582764206,171,171.6,12.699918531760291,172.1,0.0
4.28019037117382,1309.0,205.4,0.004358188052051188,13.394615878940712,13.415780464532677,171,171.5,12.619981603357914,172.1,0.0
4.283732946812489,1310.0,205.4,0.005494449114366301,12.753272299209138,13.42524151789579,172,171.5,12.586625675440418,172.2,0.0
4.28726979191993,1311.0,205.4,0.00550959773839059,12.732642386786125,13.43381581678984,172,171.6,12.50566046650976,172.3,0.0
4.2907333464330275,1312.0,205.4,0.005554184212162979,12.468796247151657,13.396387526495118,172,171.7,12.38784875164088,172.4,0.0
4.294083369633556,1313.0,205.4,0.005625607205629518,12.060083521902461,13.351428025973908,172,171.8,12.310946215269832,172.5,0.0
4.297639663936326,1314.0,205.4,0.005720200969318412,12.802659489968448,13.30706101425324,171,171.9,12.217836804624802,172.6,0.0
4.301350491060713,1315.0,205.44,0.0058249566346404175,13.35897764779436,13.214361832395962,172,172.0,12.150575230689851,172.7,0.0
4.30499081099108,1316.0,205.48000000000002,0.007037096662554943,13.105151749319067,13.084571274598224,172,172.0,12.069131938399206,172.8,0.0
4.30860395917884,1317.0,205.51999999999998,0.008267131988110342,13.007333475935779,12.946009565626067,172,172.0,11.98878178885586,172.9,0.0
4.312196577628253,1318.0,205.56,0.009512973884708311,12.933426417886606,12.817256907426659,172,172.0,11.933223443543143,172.9,0.0
4.315525650127092,1319.0,205.6,0.012021572874648202,11.984660995818833,12.740830513850147,172,172.0,11.842406174166848,173.0,0.0
4.318566734275779,1320.0,205.64000000000001,0.014545535302622281,10.947902935276176,12.622204463474725,171,172.0,11.7698003966358,173.0,0.0
4.321578098105371,1321.0,205.68,0.01467021273199994,10.840909786528286,12.487246937578583,172,172.0,11.692775009666878,173.0,0.0
4.324544259888229,1322.0,205.72000000000003,0.014758566904494688,10.67818241828787,12.35276296861328,172,172.0,11.663120537160898,173.0,0.0
4.3275370043977786,1323.0,205.8,0.014810973288762488,10.773880234380524,12.26726088493859,172,172.1,11.6612008079914,173.0,0.0
4.330639151684322,1324.0,205.88000000000002,0.013627923323164195,11.167730231556833,12.157137928164804,173,172.1,11.662272209943398,173.0,0.0
4.333869882308221,1325.0,205.92000000000002,0.012432238600654691,11.630630246039106,12.120849744881873,173,172.2,11.703090320716822,173.0,0.0
4.337097613715605,1326.0,205.95999999999998,0.010062159064933724,11.61983306658415,12.172740030540202,173,172.3,11.762256087231428,173.1,0.0
4.340494269396137,1327.0,206.0,0.007684035559775665,12.227960449915134,12.1923847807661,173,172.4,11.856107092911818,173.1,0.0
4.343892770532449,1328.0,206.0,0.0041681936925551406,12.234604090723327,12.249078293539531,174,172.5,11.96513546257182,173.1,0.0
4.347355283489002,1329.0,206.0,-0.0006057536337375078,12.465046643591938,12.278307019389391,173,172.6,12.07040556792504,173.2,0.0
4.350911802837944,1330.0,205.95999999999998,-0.006513791428197392,12.803469656190051,12.190852906306684,173,172.7,12.245889311334915,173.2,0.0
4.354410604252854,1331.0,205.92000000000002,-0.01002097467847812,12.595685093677002,12.069670154422795,173,172.8,12.490660991559484,173.2,0.0
4.358058595607305,1332.0,205.84,-0.014636661579794397,13.132768876023176,11.990827343268268,173,172.9,12.656038027281134,173.2,0.0
4.36172484619733,1333.0,205.76,-0.018108486034805773,13.198502124089718,11.813409897585636,173,172.9,12.814399718143662,173.1,0.0
4.365183270552667,1334.0,205.64000000000001,-0.02037621711733049,12.450327679214197,11.689761833600315,172,173.0,12.963472206329786,173.0,0.0
4.368710411729756,1335.0,205.56,-0.022658312361616046,12.697708237519162,11.583732357555693,171,173.0,12.989668796066578,172.9,0.0
4.372339904920601,1336.0,205.44,-0.023788515898867373,13.066175487041907,11.49623752308377,171,173.0,13.008256959854451,172.7,0.0
4.375808926624003,1337.0,205.35999999999999,-0.023791906286795023,12.488478132244648,11.446532527927001,171,173.0,13.0049371768924,172.6,0.0
4.3793529736911605,1338.0,205.27999999999997,-0.022684335749134303,12.758569441767833,11.370605004173559,171,173.0,12.98203495208328,172.5,0.0
4.382903055138165,1339.0,205.2,-0.021588678169950675,12.780293209214733,11.324229412279175,171,173.0,12.96826118819647,172.3,0.0
4.386425033559415,1340.0,205.11999999999998,-0.01820460280346487,12.679122316498898,11.339844335877682,172,173.0,12.850051981001034,172.2,0.0
4.389910627516457,1341.0,205.07999999999998,-0.01713923919660716,12.548138245353142,11.332489423480146,172,173.1,12.723544203376337,172.1,0.0
4.393336147084418,1342.0,205.04000000000002,-0.014953343260764496,12.331870444658703,11.31363021046356,172,173.1,12.687594432674183,172.0,0.0
4.396780350651103,1343.0,205.0,-0.013900946481593865,12.399132840065917,11.33652931460475,172,173.1,12.633067384490626,172.0,0.0
4.400146119651114,1344.0,205.0,-0.012839930421890489,12.11676840003923,11.346410668785754,172,173.2,12.610464929202132,172.0,0.0
4.4034483574700625,1345.0,204.95999999999998,-0.011773804279510042,11.888056148212597,11.381987957616932,172,173.2,12.659306380573474,172.1,0.0
4.406750595897383,1346.0,204.92,-0.009485661234452275,11.888058338353112,11.38978661525861,172,173.2,12.694109720423736,172.3,0.0
4.410005999444198,1347.0,204.88000000000002,-0.008334182666921961,11.719452768534179,11.406237347432286,172,173.2,12.65787172280254,172.5,0.0
4.413291409259563,1348.0,204.84,-0.007171753233960125,11.82747533531751,11.447387180023265,172,173.1,12.659521600821746,172.7,0.0
4.416654653001192,1349.0,204.8,-0.006002062476790998,12.107677469865228,11.462345536918859,172,173.0,12.660974589464317,172.8,0.0
4.419950400054968,1350.0,204.8,-0.004767311671736087,11.86468939359245,11.501941288742657,172,172.9,12.739450503993332,172.9,0.0
4.423212799152168,1351.0,204.8,-0.0023517383618433603,11.744636749919666,11.535899737294598,172,172.7,12.785261989225026,173.0,0.0
4.426483989983149,1352.0,204.8,6.564297283141591e-05,11.77628699153154,11.604839430051031,172,172.6,12.77453996031096,173.0,0.0
4.429675923357122,1353.0,204.8,0.0024813297715292624,11.490960146302973,11.694035657008499,172,172.5,12.77944289416378,173.0,0.0
4.432840009641769,1354.0,204.84,0.004891541407076142,11.390710624728749,11.779993822045503,172,172.3,12.710581462080164,173.0,0.0
4.4359282880524695,1355.0,204.88000000000002,0.006107510508981247,11.117802278523381,11.901613697932167,172,172.2,12.62021268547967,172.9,0.0
4.439148152945051,1356.0,204.92000000000002,0.006107510508981247,11.59151361329331,12.01667771624607,172,172.1,12.539495451598071,172.6,0.0
4.442398223910839,1357.0,204.95999999999998,0.006107510508981247,11.700255476839205,12.135214557951183,173,172.0,12.511340132396985,172.4,0.0
4.445686609842738,1358.0,205.0,0.006107510508981247,11.838189354837475,12.237507394712145,172,172.0,12.442285420367948,172.2,0.0
4.449163237225405,1359.0,205.0,0.006107510508981247,12.515858577599454,12.305463877311904,173,172.0,12.404339874405862,172.1,0.0
4.45262333363061,1360.0,205.0,0.0037619461988087676,12.456347058738531,12.411472104005071,173,172.1,12.279523504612058,172.0,0.0
4.456146429965811,1361.0,205.0,0.0014229286654890122,12.683146806723581,12.57874299536939,173,172.3,12.158602917614552,171.9,0.0
4.4597204773791805,1362.0,205.0,-0.0009083154669407522,12.866570688131533,12.66597824986096,173,172.5,12.0367706377911,171.9,0.0
4.4632048277124685,1363.0,205.0,-0.0032301511796805514,12.543661199835183,12.74571890418935,173,172.7,11.909079388988424,171.9,0.0
4.46685636883992,1364.0,204.95999999999998,-0.005542872968054401,13.145548058827492,12.815574014655464,173,172.8,11.833599344825004,171.8,0.0
4.4706245685845785,1365.0,204.92000000000002,-0.005542872968054401,13.565519080769093,12.761911711685304,173,172.9,11.785308369604476,171.6,0.0
4.474303814131942,1366.0,204.88000000000002,-0.005542872968054401,13.245283970509794,12.724861914098613,173,173.0,11.758566132844788,171.5,0.0
4.4779937786834605,1367.0,204.84,-0.005542872968054401,13.283872385464491,12.681491738570761,173,173.0,11.729767394029349,171.3,0.0
4.481696254860322,1368.0,204.8,-0.005542872968054401,13.328914236698717,12.634510546902995,173,173.0,11.695792173896956,171.1,0.0
4.485245650547813,1369.0,204.8,-0.005542872968054401,12.77782447496737,12.612476924469057,173,173.0,11.640106958821717,170.9,0.0
4.488757380741317,1370.0,204.8,-0.004432059462936833,12.642228696617265,12.504067611171028,173,172.9,11.629222249781453,170.7,0.0
4.4922712554571795,1371.0,204.8,-0.004460989243295169,12.64994897710306,12.373039598827843,173,172.6,11.618002433177743,170.5,0.0
4.495781685579413,1372.0,204.8,-0.004488384437582486,12.637548440040343,12.321883201744754,173,172.4,11.614933179674876,170.3,0.0
4.499227775457459,1373.0,204.8,-0.004518744658733646,12.405923560967095,12.245432215937166,173,172.2,11.65890627006504,170.1,0.0
4.502550957676036,1374.0,204.8,-0.004547003224892954,11.96345598687311,12.191657586683728,173,172.1,11.720372660316029,170.1,0.0
4.505967746927292,1375.0,204.76,-0.0068217096305096345,12.300441304522126,12.199136407616527,174,172.0,11.779230232902568,170.2,0.0
4.509547132000483,1376.0,204.72,-0.007952056657289422,12.885786263488272,12.186398089387998,173,171.9,11.890860367381006,170.2,0.0
4.513085632529269,1377.0,204.68,-0.009078353483442296,12.738601903628918,12.114205100168991,173,171.9,12.012564023666926,170.3,0.0
4.516725324108107,1378.0,204.64000000000001,-0.010205595642044213,13.102889683813771,12.085494670143776,174,171.9,12.115193457873463,170.4,0.0
4.5204103904938515,1379.0,204.56,-0.011332405325318703,13.266238988680781,12.064692846123364,173,171.8,12.236692737563516,170.5,0.0
4.524018796631385,1380.0,204.52,-0.011332405325318703,12.990262095119872,12.126219336258671,173,171.6,12.320341066016448,170.6,0.0
4.527432010242744,1381.0,204.48000000000002,-0.010194902245204845,12.287569000891109,12.178076214497377,173,171.5,12.34182738885811,170.6,0.0
4.530947023359475,1382.0,204.44,-0.009060517848256646,12.654047220232412,12.18279151910765,172,171.3,12.395464566652093,170.6,0.0
4.534397149317083,1383.0,204.4,-0.007922885842233371,12.420453447392797,12.209544711841207,172,171.1,12.354358763398745,170.7,0.0
4.537938320187129,1384.0,204.4,-0.006785402100425749,12.748215132163264,12.172614738390665,172,170.9,12.294056819171214,170.7,0.0
4.541482363564029,1385.0,204.4,-0.005671579719738841,12.758556156839063,12.114516905711676,172,170.7,12.224994511148427,170.7,0.0
4.54503196522357,1386.0,204.4,-0.005713916632576,12.778565974347616,12.057372169001482,172,170.5,12.094305103495138,170.8,0.0
4.548584085013058,1387.0,204.4,-0.0057719664042658264,12.787631242157119,12.034596126772058,172,170.3,11.936608980790943,170.7,0.0
4.552032494836107,1388.0,204.4,-0.0058410584147969985,12.414275362977598,11.958148515980813,172,170.1,11.819732059006574,170.6,0.0
4.555466536842406,1389.0,204.36,-0.007132571681541952,12.362551222675844,11.896339382518969,172,170.1,11.737788176611568,170.5,0.0
4.55885072844138,1390.0,204.32,-0.008349445734853947,12.183089756303884,11.744883219620089,172,170.2,11.744392512063689,170.4,0.0
4.562185732832735,1391.0,204.28,-0.009571305999209542,12.006015808880244,11.592780930002792,172,170.2,11.797508189362643,170.4,0.0
4.565508927304942,1392.0,204.23999999999998,-0.010795945112287635,11.963500099942065,11.443325718980674,172,170.3,11.891655099318816,170.4,0.0
4.5688536489682114,1393.0,204.16,-0.012023590939887505,12.040997987771917,11.292055500292165,172,170.4,12.05721068184993,170.3,0.0
4.572048107699941,1394.0,204.11999999999998,-0.012023590939887505,11.500051434225233,11.1949466319157,173,170.5,12.154283103815024,170.2,0.0
4.575256260557404,1395.0,204.07999999999998,-0.01148125793218329,11.54935028686401,11.139382404026723,174,170.6,12.229341059849473,170.1,0.0
4.578467439217435,1396.0,204.04,-0.010927703960620656,11.560243176113087,11.115986950182066,174,170.6,12.321737588367888,170.0,0.0
4.581664861093582,1397.0,204.0,-0.010363085241250635,11.510718754130357,11.10192662052835,174,170.6,12.4165542497075,170.0,0.0
4.584903604127288,1398.0,204.0,-0.009786642714076609,11.659474921343392,11.086802787469555,173,170.7,12.502520378692656,170.0,0.0
4.588203504535753,1399.0,203.98000000000002,-0.008603427043113863,11.879641470470562,11.055161002511106,173,170.7,12.4868725323832,170.0,0.0
4.591513412143727,1400.0,203.96,-0.00800086792744821,11.915667388707032,11.05830883984124,173,170.7,12.404711547090065,170.0,0.0
4.594768420038373,1401.0,203.94,-0.007390253038013797,11.718028420725835,11.054704743016384,172,170.8,12.298731471457575,170.0,0.0
4.597997238899101,1402.0,203.92000000000002,-0.007982135129679113,11.623747898618133,11.045380765087096,172,170.7,12.06360932097802,170.0,0.0
4.601187279409384,1403.0,203.88000000000002,-0.008552606669649989,11.484145837019534,11.073482162961934,172,170.6,11.8375823035278,170.0,0.0
4.604351502838224,1404.0,203.85999999999999,-0.009741196851892505,11.391204343822565,11.110911822016257,172,170.5,11.68759914965391,170.1,0.0
4.607528489538454,1405.0,203.84,-0.010299434392558315,11.437152120826926,11.138700787780461,171,170.4,11.591898906563172,170.1,0.0
4.61073114249431,1406.0,203.78000000000003,-0.01201790204827794,11.529550641084425,11.20815780206362,172,170.4,11.515278510200822,170.1,0.0
4.614050711843763,1407.0,203.72,-0.012564938178593546,11.950449658031976,11.28781331542794,172,170.4,11.4606410477854,170.1,0.0
4.6174601948503895,1408.0,203.68,-0.013106761769054082,12.274138823853283,11.365276199287393,172,170.3,11.375408264764594,170.2,0.0
4.620923588516038,1409.0,203.64000000000001,-0.013037235017144535,12.468217196335948,11.483841288778901,172,170.2,11.35703111462711,170.3,0.0
4.624543579830897,1410.0,203.56,-0.01359421774078295,13.031968733491416,11.5885982671058,172,170.1,11.346151620224912,170.4,0.0
4.628136653437449,1411.0,203.52,-0.012982972365861767,12.935064983585056,11.651331593451108,172,170.0,11.373273115113168,170.6,0.0
4.631650554059861,1412.0,203.48000000000002,-0.011166451161118359,12.650042240683499,11.779244992974096,172,170.0,11.474454090697185,170.8,0.0
4.635178092569283,1413.0,203.44,-0.008161961026946106,12.699138633920068,11.833368155148584,171,170.0,11.61238868674626,171.0,0.0
4.6385746724660475,1414.0,203.4,-0.005755069116025705,12.227687628351884,11.881451795561118,170,170.0,11.789509538887923,171.1,0.0
4.641811343396393,1415.0,203.4,-0.0033514736177347446,11.652015349243555,11.929476815177459,170,170.0,11.96520436138349,171.3,0.0
4.645162988512788,1416.0,203.4,0.00021224106447415657,12.065922419024245,11.930900098856412,170,170.0,12.138594402008687,171.5,0.0
4.648368375075426,1417.0,203.44,0.002599601810205676,11.539391625498473,11.899389347523513,170,170.0,12.36860066456246,171.6,0.0
4.65161035268142,1418.0,203.48,0.003761317042625275,11.671119381577979,11.895447301457839,170,170.0,12.59188790999513,171.7,0.0
4.654881906602561,1419.0,203.52,0.004926897569772428,11.777594116108116,11.900392833357518,170,170.1,12.76292728035246,171.8,0.0
4.658138871785049,1420.0,203.56,0.006098195231057184,11.725074656958508,11.961484165149477,170,170.1,12.95648277167021,171.8,0.0
4.661293900606311,1421.0,203.6,0.006098195231057184,11.358103756543107,12.036519498193247,170,170.1,13.105828966459033,171.8,0.0
4.664483143112656,1422.0,203.6,0.006098195231057184,11.481273022839808,12.113543911898551,170,170.1,13.21826769281383,171.7,0.0
4.667783059726537,1423.0,203.6,0.004891822464455679,11.879699809970004,12.229977462395647,171,170.2,13.25228919166808,171.6,0.0
4.671197984999557,1424.0,203.6,0.0025217529670534776,12.293730982873075,12.263691148243417,171,170.3,13.221615732841622,171.5,0.0
4.674582199477955,1425.0,203.6,0.00014173492734519173,12.183172122233126,12.267937187755619,170,170.4,13.117580110009564,171.4,0.0
4.6781953637886735,1426.0,203.6,-0.0022452313733581364,13.00739151858593,12.289886059411513,171,170.6,12.965495976850349,171.3,0.0
4.681860626969454,1427.0,203.6,-0.004636680570445438,13.19494745080966,12.324452496181667,171,170.8,12.720340370107117,171.4,0.0
4.685372250192017,1428.0,203.56,-0.0058303531784398175,12.641843601228903,12.357943627194867,171,171.0,12.463073551083529,171.3,0.0
4.688852298435476,1429.0,203.52,-0.0058303531784398175,12.528173676452596,12.30507313962884,171,171.1,12.281298707745162,171.2,0.0
4.692365920641627,1430.0,203.48000000000002,-0.004598278069119907,12.649039942142652,12.215802937366337,170,171.3,12.063998429270775,171.2,0.0
4.695784329077721,1431.0,203.44,-0.0033560312106829305,12.306270369939224,12.125392337504412,170,171.5,11.88543885284553,171.0,0.0
4.699212366386802,1432.0,203.4,-0.0021055186861928905,12.340934312691397,11.928621833607343,171,171.6,11.74562748523502,170.9,0.0
4.702468816760934,1433.0,203.4,-0.0008490444680434655,11.723221346875428,11.765657197343568,171,171.7,11.685465813273897,170.8,0.0
4.705655517074807,1434.0,203.44,0.0015686119320894691,11.472121129941726,11.693302079197707,171,171.8,11.624963333913932,170.7,0.0
4.708745342454226,1435.0,203.48,0.002721823031398161,11.123371365908236,11.676349532263691,171,171.8,11.625630455452914,170.6,0.0
4.711705389680279,1436.0,203.51999999999998,0.003882672273666525,10.656170013790371,11.66355166747482,170,171.8,11.661262448980487,170.5,0.0
4.714742800034809,1437.0,203.56,0.005053524733810592,10.934677276307472,11.65535387517038,170,171.7,11.697674681164685,170.3,0.0
4.717837803385501,1438.0,203.6,0.006247197341804972,11.142012062489993,11.599915731008762,170,171.6,11.761927591526078,170.2,0.0
4.721052017620375,1439.0,203.6,0.006247197341804972,11.571171245545235,11.594855437899044,170,171.5,11.79472690288039,170.1,0.0
4.7243528053921855,1440.0,203.6,0.005015122232485061,11.88283597851915,11.574192235449356,170,171.4,11.823600803642083,170.0,0.0
4.727619443099348,1441.0,203.6,0.003772875374048084,11.759895745784988,11.584808600122503,170,171.3,11.90320127574319,170.1,0.0
4.730810722677815,1442.0,203.6,0.0025223628495580444,11.488606482483345,11.663372580862267,170,171.4,12.041550882791954,170.1,0.0
4.734016125412676,1443.0,203.6,0.0012658886314086191,11.539449845500599,11.771017957017369,170,171.3,12.082363943238192,170.1,0.0
4.737172604908765,1444.0,203.6,0.0,11.363326185919743,11.909879393412206,170,171.2,12.092817933808458,170.2,0.0
4.740337767773985,1445.0,203.6,0.0,11.394586314790777,12.05370600481894,170,171.2,12.05797541092632,170.3,0.0
4.743578873265549,1446.0,203.6,0.0,11.667979769630515,12.21056379464222,170,171.0,11.962279804052551,170.4,0.0
4.746999435275771,1447.0,203.6,0.0,12.314023236798272,12.441446008320677,170,170.9,11.823929852722037,170.4,0.0
4.750586440993523,1448.0,203.6,0.0,12.913220583906599,12.68186554878881,170,170.8,11.746720029078784,170.4,0.0
4.7542886964019955,1449.0,203.6,0.001086604721021398,13.328119470500932,12.885074128214649,170,170.7,11.7097682506888,170.4,0.0
4.758071123175543,1450.0,203.6,0.002175730308314673,13.616736384771114,13.118883494265,170,170.6,11.712730234946198,170.4,0.0
4.761976667167577,1451.0,203.6,0.0032734937585267286,14.059958371322683,13.307240029581553,170,170.5,11.709542202471711,170.3,0.0
4.765788189094469,1452.0,203.6,0.004384133877941216,13.721478936810064,13.45839948260876,170,170.3,11.65336628659616,170.3,0.0
4.769468701191434,1453.0,203.64000000000001,0.00551617905763212,13.249843549073885,13.53072361132816,171,170.2,11.623231477999363,170.4,0.0
4.773162834830072,1454.0,203.68,0.00551617905763212,13.298881099097267,13.538208242968523,170,170.1,11.644821314047142,170.3,0.0
4.776742848236371,1455.0,203.72,0.00551617905763212,12.888048262678982,13.456099241046644,170,170.0,11.67316708839785,170.2,0.0
4.7802962835233656,1456.0,203.76,0.00551617905763212,12.7923670331785,13.309944248691243,170,170.1,11.739649998055972,170.1,0.0
4.783811349697071,1457.0,203.8,0.00551617905763212,12.654238225340782,13.053841837387205,171,170.1,11.88019237743702,170.1,0.0
4.787313151362527,1458.0,203.8,0.00551617905763212,12.60648599564202,12.770506994250285,171,170.1,11.994277271804531,170.1,0.0
4.7907264189298,1459.0,203.8,0.004429574336610723,12.287763242180338,12.548626706064592,171,170.2,12.063583205731913,170.1,0.0
4.794086389777905,1460.0,203.8,0.0033404487493174486,12.095895053178955,12.291072552857605,172,170.3,12.15943861026862,170.1,0.0
4.797310945973431,1461.0,203.8,0.002242685299105393,11.608402303890374,12.073502635904632,172,170.4,12.20855718536469,170.1,0.0
4.800407837847479,1462.0,203.8,0.001132045179690905,11.148810746574187,11.894970541621712,172,170.4,12.231883273832462,170.2,0.0
4.80358341982406,1463.0,203.8,0.0,11.432095115690226,11.796506239795438,172,170.4,12.250163502977244,170.2,0.0
4.806673941578047,1464.0,203.8,0.0,11.125878314353383,11.705641750465182,172,170.4,12.261611848319188,170.3,0.0
4.809757956160943,1465.0,203.8,0.0,11.102452498426537,11.692508056705778,172,170.4,12.242038006990787,170.5,0.0
4.8129230265379075,1466.0,203.8,0.0,11.394253357073394,11.73042155309042,171,170.3,12.269230106674671,170.7,0.0
4.816270976956166,1467.0,203.8,0.0,12.052621505729531,11.78395779316625,172,170.3,12.297758534164211,170.9,0.0
4.819604716178955,1468.0,203.8,0.0011958592493742277,12.001461202042401,11.880066273731666,172,170.4,12.288390462679004,171.1,0.0
4.823019836861613,1469.0,203.8,0.0023876790015069406,12.294434457570146,11.951473265844935,171,170.3,12.303213296540031,171.3,0.0
4.826478785469518,1470.0,203.8,0.0035784684501546683,12.4522149884547,12.017820686614483,172,170.2,12.310535994254622,171.4,0.0
4.829804486754443,1471.0,203.8,0.004772698783958332,11.972524625732333,12.136483096763833,171,170.1,12.317908410627556,171.5,0.0
4.833079858935051,1472.0,203.84,0.005976482697717728,11.791339850188134,12.316781306671796,171,170.1,12.31613211756811,171.5,0.0
4.8363465501098375,1473.0,203.88000000000002,0.005976482697717728,11.760088229233338,12.398502286353786,171,170.1,12.267080869500552,171.5,0.0
4.8395172771437185,1474.0,203.92000000000002,0.005976482697717728,11.414617321970304,12.432862977757042,171,170.1,12.190455126516849,171.5,0.0
4.842822404149118,1475.0,203.95999999999998,0.005976482697717728,11.89845721943761,12.405449281926135,171,170.1,12.091097927372,171.4,0.0
4.846371778990107,1476.0,204.0,0.005976482697717728,12.777749427561035,12.300428992015258,172,170.1,11.918904024020838,171.3,0.0
4.8498330990207155,1477.0,204.0,0.005976482697717728,12.460752110191914,12.137702635576812,171,170.2,11.785506646458948,171.2,0.0
4.8531958771062005,1478.0,204.0,0.0047806234483435016,12.106001107745078,12.021782533933704,171,170.2,11.707147176822208,171.0,0.0
4.856514213003075,1479.0,204.0,0.0035888036962107893,11.946009228748759,11.946223074784761,171,170.3,11.646589541050911,171.0,0.0
4.8597073404807745,1480.0,204.0,0.0023980142475630616,11.495258919717008,11.911711539034304,170,170.5,11.631181023210798,171.1,0.0
4.862648736345338,1481.0,204.0,0.001203783913759398,10.589025112427198,11.869461568511579,170,170.7,11.62417287705927,171.1,0.0
4.8657096367936035,1482.0,204.0,0.0,11.019241613755614,11.771337049776823,170,170.9,11.623448838594904,171.1,0.0
4.86887368413953,1483.0,204.0,0.0,11.39057044533349,11.700294321944277,170,171.1,11.650401215790374,171.1,0.0
4.8720526389074585,1484.0,204.0,0.0,11.444237164544283,11.69018137666254,170,171.3,11.706599587191764,171.1,0.0
4.875348910267095,1485.0,204.0,0.0,11.866576894692757,11.695107667862914,170,171.4,11.791752743365452,171.1,0.0
4.878742240897319,1486.0,204.0,0.0,12.215990268805495,11.746574280366392,170,171.5,11.897338169808776,171.1,0.0
4.88211985312627,1487.0,204.0,0.0,12.159404024223965,11.88019237743702,170,171.5,12.010071418148703,171.0,0.0
4.885542602978554,1488.0,204.0,0.0,12.32189946822285,11.986568222423205,170,171.5,12.12787769267374,171.1,0.0
4.888939677137514,1489.0,204.0,0.0,12.229466972255832,12.040613581546019,170,171.5,12.234249069973387,171.0,0.0
4.892317479364263,1490.0,204.0,0.0,12.160088016298236,12.113042735276524,171,171.4,12.344077004897676,170.8,0.0
4.895649270727107,1491.0,204.0,0.0,11.994448906237665,12.131139005448452,170,171.3,12.442678405073332,170.8,0.0
4.899027073659727,1492.0,204.0,-0.001173667774979092,12.160090557430738,12.10787971728659,170,171.2,12.535545943443624,170.8,0.0
4.902383637488784,1493.0,204.0,-0.002344612867125965,12.08362978460728,12.072445208932633,171,171.0,12.68100472685909,170.7,0.0
4.905828857269315,1494.0,204.0,-0.0035164506308861,12.40279120991137,12.022225192793375,171,171.0,12.77289475119393,170.7,0.0
4.90926156911533,1495.0,204.0,-0.0046868765718926664,12.357762645653471,11.935694606303333,171,171.1,12.843575898124616,170.7,0.0
4.912719694435742,1496.0,203.95999999999998,-0.007026336040873981,12.449251153483212,11.886186220082726,170,171.1,12.915616564974451,170.6,0.0
4.916148085078984,1497.0,203.92000000000002,-0.008195365678047907,12.342206315671794,11.838953642188894,170,171.1,12.972980419124443,170.7,0.0
4.919602635890551,1498.0,203.88000000000002,-0.009364563918414809,12.436382921642284,11.770108980696648,170,171.1,12.929259963216824,170.7,0.0
4.922945338268043,1499.0,203.84,-0.01053843732425579,12.033728558971832,11.739471693598741,170,171.1,12.862920928543536,170.6,0.0
4.926398674105026,1500.0,203.76000000000002,-0.0117196893653444,12.432009013137078,11.715872429924016,170,171.1,12.72390661226824,170.6,0.0
4.929809711099785,1501.0,203.71999999999997,-0.0117196893653444,12.279733181133063,11.70770610662539,170,171.1,12.571582559943405,170.6,0.0
4.933161491611612,1502.0,203.68,-0.010546021590365306,12.066409842578652,11.721265173343658,171,171.0,12.386038537192444,170.6,0.0
4.9365592299791725,1503.0,203.64,-0.009375076498218435,12.23185812321755,11.70349362510311,170,171.1,12.202764290293103,170.7,0.0
4.940024790586689,1504.0,203.6,-0.008203238734458298,12.476018187057281,11.673732179423299,170,171.0,12.072896921961028,170.7,0.0
4.943477981367073,1505.0,203.6,-0.0070328127934517325,12.431486809382815,11.634287572405466,170,170.8,12.005186293638078,170.7,0.0
4.946931172540097,1506.0,203.6,-0.004693353324470418,12.43148822288875,11.538794154958792,170,170.8,11.980926228359854,170.7,0.0
4.950223309716485,1507.0,203.6,-0.0035243236872964908,11.851693834996224,11.481157782780274,170,170.8,11.975619793388857,170.6,0.0
4.9534650112419865,1508.0,203.6,-0.0023551254469295906,11.670125491805228,11.469983952531896,170,170.7,12.070075015264916,170.5,0.0
4.956531721399632,1509.0,203.6,-0.0011812520410886087,11.040156567523368,11.4701470125241,170,170.7,12.152996004194469,170.5,0.0
4.959506740838417,1510.0,203.6,0.0,10.71006997962545,11.50908670687951,170,170.7,12.248293442461966,170.5,0.0
4.962547229562171,1511.0,203.6,0.0,10.945759405514172,11.548639605323682,171,170.6,12.327657177742545,170.5,0.0
4.965681344880563,1512.0,203.6,0.0,11.282815146211231,11.571336693754452,171,170.7,12.415559717071693,170.4,0.0
4.968910867593204,1513.0,203.6,0.0,11.626281765504597,11.605550814572814,171,170.7,12.47890421959568,170.3,0.0
4.972333626762275,1514.0,203.6,0.0,12.321933008656153,11.653735132002083,172,170.6,12.51492384771271,170.2,0.0
4.975767350470016,1515.0,203.6,0.0,12.361405347867525,11.716575995012116,172,170.6,12.566067495214195,170.1,0.0
4.979218530425084,1516.0,203.6,-0.0011665513747430225,12.42424783824509,11.786108108968019,172,170.6,12.591635769832328,170.2,0.0
4.982585535315904,1517.0,203.6,-0.0023238584698244127,12.121217606950921,11.861846817352438,172,170.6,12.623470663462587,170.2,0.0
4.985983343428631,1518.0,203.6,-0.0034725918448967946,12.232109205819139,11.941470292535104,172,170.7,12.595369098531515,170.2,0.0
4.989286590131203,1519.0,203.6,-0.0046081485543353895,11.891688129260249,12.00895680493818,171,170.7,12.545546095358798,170.3,0.0
4.99255490242122,1520.0,203.56,-0.0057355359070457934,11.76592424405869,12.077662334197552,171,170.7,12.496772589499695,170.4,0.0
4.995908539057029,1521.0,203.51999999999998,-0.0057355359070457934,12.073091888913439,12.127514674521555,171,170.7,12.472408004837114,170.5,0.0
4.99936989402688,1522.0,203.48000000000002,-0.0057355359070457934,12.460877891461607,12.179685557339738,171,170.6,12.449746439778728,170.7,0.0
5.002894892787575,1523.0,203.44,-0.0057355359070457934,12.689995538501071,12.291066529350152,171,170.5,12.443384063560623,170.9,0.0
5.006622729553658,1524.0,203.4,-0.0057355359070457934,13.42021235789904,12.357969119750532,171,170.5,12.436670312022816,171.2,0.0
5.010330346039664,1525.0,203.4,-0.006855032798925362,13.347419349624076,12.411915865764273,171,170.5,12.387887247009935,171.5,0.0
5.014039491379094,1526.0,203.4,-0.006820209315530035,13.352923221948018,12.481724128085125,171,170.5,12.342519899782593,171.6,0.0
5.017810548446068,1527.0,203.4,-0.0068083427353031216,13.575805441105567,12.537304986513218,170,170.4,12.204489139450578,171.8,0.0
5.0214636066263925,1528.0,203.4,-0.0068222086817787434,13.151009449167539,12.494900218390129,172,170.3,12.0835066694662,172.0,0.0
5.024963189848217,1529.0,203.36,-0.0068667124617041745,12.598499598567113,12.430569947358002,172,170.2,12.03219599089388,172.1,0.0
5.028431615101705,1530.0,203.32,-0.005739325108993771,12.486330912557055,12.295791314129215,171,170.1,11.95026461149572,172.2,0.0
5.03194459577682,1531.0,203.28,-0.005739325108993771,12.646730430413335,12.162953376581232,171,170.2,11.907134106432284,172.2,0.0
5.035284505035816,1532.0,203.23999999999998,-0.005739325108993771,12.023673332385423,12.00439219369894,171,170.2,11.931424613096777,172.1,0.0
5.038625228700195,1533.0,203.2,-0.005739325108993771,12.026605191768217,11.855550868087956,171,170.2,11.93941591800662,172.1,0.0
5.041966914587736,1534.0,203.2,-0.005739325108993771,12.030069195146053,11.765934296075297,171,170.3,11.94864498102252,172.0,0.0
5.045251408706173,1535.0,203.2,-0.004619828217114203,11.82417882637573,11.744314514867575,171,170.4,12.006748723504549,171.8,0.0
5.0484451539824065,1536.0,203.2,-0.003488100325766504,11.497482994438421,11.758340166605757,170,170.5,12.059655389918737,171.7,0.0
5.051707115919104,1537.0,203.2,-0.002342659810912028,11.74306297211215,11.791811267312164,171,170.7,12.171106078625211,171.7,0.0
5.054999431409617,1538.0,203.2,-0.0011800604893640243,11.852335765846787,11.923133600746066,171,170.9,12.318656432234008,171.7,0.0
5.058310929552766,1539.0,203.2,0.0,11.921393315337601,12.042930690931033,170,171.2,12.42028769585666,171.7,0.0
5.061711965736037,1540.0,203.2,0.0,12.243730259774827,12.175114851816938,171,171.5,12.55660649077658,171.6,0.0
5.06521020631401,1541.0,203.2,0.0,12.593666080703365,12.283741532172314,171,171.6,12.662474925072283,171.6,0.0
5.068812491189329,1542.0,203.2,0.0,12.968225551145999,12.385482999318718,170,171.8,12.683069054849932,171.7,0.0
5.0723835509340685,1543.0,203.2,0.0,12.85581508106376,12.448265612859553,171,172.0,12.700963771198875,171.6,0.0
5.075989951927908,1544.0,203.2,0.0,12.983043577821029,12.469117572228019,171,172.1,12.70819394855853,171.6,0.0
5.079494900866569,1545.0,203.2,0.0,12.617816179181503,12.48948597259001,170,172.2,12.649518854686727,171.7,0.0
5.082932819863161,1546.0,203.2,-0.001152297514967712,12.37650838772989,12.476469812408576,171,172.2,12.588275173201476,171.7,0.0
5.086370738751314,1547.0,203.2,-0.0023068460187059196,12.376507997352023,12.468446610197272,171,172.1,12.486702168511025,171.7,0.0
5.089763108764374,1548.0,203.2,-0.0034634960813929236,12.212532047017104,12.393407451375522,170,172.1,12.326274119394132,171.7,0.0
5.093216672595028,1549.0,203.2,-0.004620737546128876,12.432829790352459,12.290254067189187,170,172.0,12.221434554691792,171.7,0.0
5.096688731763349,1550.0,203.16,-0.005778603730463324,12.499413005956145,12.172147187471518,171,171.8,12.098755693079635,171.7,0.0
5.100275402601406,1551.0,203.12,-0.005778603730463324,12.912015017005976,12.063984319128556,171,171.7,11.98862496495251,171.7,0.0
5.103799627574138,1552.0,203.07999999999998,-0.006945302274758239,12.687209901835262,11.95901176696395,171,171.7,11.955467789637634,171.8,0.0
5.107232290087842,1553.0,203.04000000000002,-0.008125195987264354,12.357585049336594,11.876466699418378,171,171.7,11.961390344153868,172.0,0.0
5.110703209120961,1554.0,203.0,-0.010508610072910467,12.495308519229996,11.801850348816833,171,171.7,11.96958475910535,172.1,0.0
5.114140478657783,1555.0,203.0,-0.012902188104867452,12.374170332555694,11.69441860844805,170,171.6,11.956203977150222,172.2,0.0
5.117515448862545,1556.0,202.95999999999998,-0.014159879065995048,12.149892737146017,11.597170459236583,170,171.6,11.908990773297054,172.3,0.0
5.120935694483427,1557.0,202.92000000000002,-0.014214689579404232,12.312884235171007,11.405444841706128,170,171.7,11.853885698523452,172.3,0.0
5.1243094151866595,1558.0,202.84,-0.014264936468838179,12.145394531639004,11.23813043491233,170,171.6,11.82851796554132,172.3,0.0
5.127627470503389,1559.0,202.76,-0.014313784154433235,11.94499914022366,11.143878278236484,170,171.6,11.777081483256028,172.3,0.0
5.130973509262745,1560.0,202.68,-0.014361075544272928,12.04573953368271,11.050400457859727,171,171.7,11.74606839556001,172.4,0.0
5.134176761322102,1561.0,202.64000000000001,-0.01556040105125366,11.531707413685828,11.022926084060051,170,171.7,11.78760757530711,172.4,0.0
5.137364923878211,1562.0,202.6,-0.01558776647764524,11.477385201991503,11.074585661444335,170,171.7,11.827864131927509,172.3,0.0
5.140655056729215,1563.0,202.56,-0.01559100270476608,11.844478263613397,11.111956132307169,170,171.7,11.831740264627111,172.1,0.0
5.143898388597339,1564.0,202.52,-0.013207588619119966,11.675994725248385,11.150857511796568,170,171.7,11.867588903708665,172.0,0.0
5.147215851175651,1565.0,202.48,-0.010814010587162984,11.942865281921335,11.236464813397356,171,171.7,11.970450447921015,171.8,0.0
5.150658295010038,1566.0,202.44,-0.009550828774999893,12.39279780379094,11.318143948398523,170,171.7,12.088348955107016,171.7,0.0
5.154100738700112,1567.0,202.4,-0.009478688199367018,12.39279728426945,11.468977856838617,170,171.8,12.225483101162087,171.5,0.0
5.1575000956895005,1568.0,202.4,-0.00940716313063818,12.237685161797984,11.662391968835216,171,172.0,12.343277224781046,171.3,0.0
5.160979550290902,1569.0,202.4,-0.009334846208888853,12.52603656504394,11.821220511872653,171,172.1,12.41083021011258,171.1,0.0
5.16447255201252,1570.0,202.36,-0.009262815816931702,12.574806197824598,12.00282162607052,172,172.2,12.414235022957696,170.9,0.0
5.167985389318284,1571.0,202.32,-0.008063490309950969,12.646214300750579,12.149456383367191,172,172.3,12.312567615729998,170.7,0.0
5.171583413967751,1572.0,202.28,-0.0068694263392644755,12.952888738079468,12.217882774459103,172,172.3,12.162815999152286,170.5,0.0
5.175155855884373,1573.0,202.23999999999998,-0.005686296399637518,12.860790899839916,12.29086403520069,173,172.3,12.017020980821323,170.4,0.0
5.17877785107172,1574.0,202.2,-0.005102178284928774,13.03918267444758,12.359651021965764,173,172.3,11.915560726344234,170.2,0.0
5.182389392634186,1575.0,202.2,-0.003923920533307546,13.001549624878383,12.366927461494717,172,172.4,11.84051267362208,170.1,0.0
5.185889042384622,1576.0,202.2,-0.0021820113495242778,12.598739101567409,12.370961181131824,172,172.4,11.798811943987053,170.0,0.0
5.18938119362011,1577.0,202.2,-0.0010447929080106128,12.571744447758885,12.323244810338236,172,172.3,11.81598939725442,170.1,0.0
5.192800634435498,1578.0,202.22,9.057897538235132e-05,12.309986935394546,12.20991702239039,172,172.1,11.815668724547209,170.1,0.0
5.196117102665033,1579.0,202.26,0.0006224144898484453,11.93928562632593,12.14383404083086,172,172.0,11.858141040313928,170.1,0.0
5.199439983049192,1580.0,202.28000000000003,0.0005524924193289797,11.962369382972076,12.052703337737972,172,171.8,11.90523088616206,170.1,0.0
5.202670673119705,1581.0,202.28,-4.970540313654027e-05,11.630484253846038,11.958318168563334,171,171.7,11.967883095037717,170.1,0.0
5.205823064299403,1582.0,202.28000000000003,-4.970540313654027e-05,11.348608246910562,11.916042292656572,172,171.5,12.050615188062595,170.2,0.0
5.2091042852029625,1583.0,202.26,-4.970540313654027e-05,11.812395252816518,11.896231406605663,172,171.3,12.105446076430644,170.2,0.0
5.21238550577472,1584.0,202.21999999999997,-0.0006338235178452842,11.812394058326017,11.863654197607275,171,171.1,12.106167572948616,170.3,0.0
5.215691128647944,1585.0,202.2,-0.0018120812694665124,11.900242343607122,11.804162376545355,171,170.9,12.135986825942595,170.4,0.0
5.219098675133616,1586.0,202.2,-0.00363312591012458,12.267167348418658,11.712346036987029,172,170.7,12.152358814523666,170.5,0.0
5.222607277909428,1587.0,202.2,-0.004854747847231027,12.630969992921214,11.614517649257262,172,170.5,12.142621286727572,170.5,0.0
5.22604948098857,1588.0,202.2,-0.006072211950588173,12.391931084909368,11.53947114126991,172,170.4,12.206454979004665,170.5,0.0
5.2293287803793405,1589.0,202.2,-0.00668734049297065,11.805477806774643,11.430559790788937,171,170.2,12.267689641725427,170.5,0.0
5.232520512975018,1590.0,202.16,-0.006697680085841014,11.490237344440414,11.33784878122058,172,170.1,12.387856150090194,170.5,0.0
5.235598133393382,1591.0,202.11999999999998,-0.007298444513013168,11.079433506110014,11.313307739758747,172,170.0,12.547317243244963,170.5,0.0
5.2386800586481295,1592.0,202.07999999999998,-0.008489674188253745,11.094930917089249,11.30550306526354,171,170.1,12.715088830724609,170.4,0.0
5.24181840043423,1593.0,202.04000000000002,-0.009667541752328031,11.298030429963578,11.27818994127962,172,170.1,12.885413928575488,170.4,0.0
5.2450134735401654,1594.0,202.0,-0.010834168713528994,11.502263181365832,11.297825698888314,172,170.1,13.03918403081892,170.3,0.0
5.248434483023798,1595.0,201.95999999999998,-0.011994445645547913,12.31563414107813,11.394163952096156,171,170.1,13.070089521376252,170.2,0.0
5.25195385327786,1596.0,201.92000000000002,-0.010768503524740894,12.669732914622626,11.513169462977658,172,170.1,13.055117282767108,170.1,0.0
5.2554732230889485,1597.0,201.88000000000002,-0.009546881587633593,12.66973131991727,11.662024065377995,172,170.2,13.00255099571548,170.0,0.0
5.2590150057210945,1598.0,201.84,-0.008329417484277304,12.7504174757249,11.806697954155059,172,170.2,12.890374700291872,170.0,0.0
5.262580031623566,1599.0,201.8,-0.007112352227779238,12.83409324889815,11.917035814250486,171,170.3,12.781430726390424,170.0,0.0
5.266099260072538,1600.0,201.8,-0.005898963382172417,12.669222416300407,11.978957502393243,172,170.4,12.697777768203526,170.0,0.0
5.269557808674389,1601.0,201.8,-0.004696001132534743,12.450774966660738,11.955000586837642,173,170.5,12.555500127410662,170.0,0.0
5.272966939828077,1602.0,201.8,-0.003504771457294166,12.27287215327882,11.877242334862553,173,170.5,12.403154293107267,170.0,0.0
5.276292928795654,1603.0,201.8,-0.00232690389321988,11.973560283278921,11.795467067912776,173,170.5,12.290913373908992,170.0,0.0
5.279497459715048,1604.0,201.8,-0.001160276932018917,11.53631130981701,11.750387216556275,173,170.5,12.177431177770998,170.1,0.0
5.28263605973416,1605.0,201.8,0.0,11.298960068801136,11.723942323921305,172,170.5,12.123236327104774,170.2,0.0
5.2857394532755055,1606.0,201.8,0.0,11.17221674884551,11.71428131462004,172,170.5,12.115430216292824,170.3,0.0
5.288853836924563,1607.0,201.8,0.0,11.211781136607655,11.746621149959967,172,170.4,12.1262435141445,170.4,0.0
5.292113785516495,1608.0,201.8,0.0,11.735814930953973,11.745939212589263,172,170.4,12.202198619368575,170.4,0.0
5.2954703446058495,1609.0,201.8,0.0,12.083612721676642,11.771901541039732,172,170.3,12.2601799755123,170.4,0.0
5.298873737694724,1610.0,201.8,-0.0011894763485823623,12.252215119950133,11.788221170345738,172,170.2,12.282386320296052,170.5,0.0
5.30238000144454,1611.0,201.8,-0.0023760300426935886,12.622549499334411,11.813131431850529,172,170.1,12.309591403874268,170.6,0.0
5.305788241840708,1612.0,201.8,-0.0035609851793693787,12.269665426206677,11.857887205463276,171,170.0,12.324628569150128,170.7,0.0
5.309232209463193,1613.0,201.8,-0.004746890566679529,12.398283440946134,11.875499582012827,172,170.0,12.303601552116636,170.7,0.0
5.312567545509943,1614.0,201.76000000000002,-0.0059265942582734975,12.007209768298317,11.839056558852784,171,170.0,12.280229006301724,170.6,0.0
5.315880179442598,1615.0,201.72,-0.0059265942582734975,11.925482157557692,11.829689686205157,171,170.0,12.257695244273377,170.5,0.0
5.319213384353457,1616.0,201.68,-0.0059265942582734975,11.999537679094317,11.822434837986382,170,170.0,12.260033658817743,170.4,0.0
5.32248007602576,1617.0,201.64000000000001,-0.0059265942582734975,11.760090020288139,11.812333814043592,170,170.0,12.314123175854682,170.4,0.0
5.325742028774686,1618.0,201.6,-0.0059265942582734975,11.743029896133692,11.898509147008955,170,170.0,12.364049495607384,170.5,0.0
5.3291814191223565,1619.0,201.6,-0.0059265942582734975,12.38180525161646,12.00636664229088,170,170.1,12.434728325118964,170.6,0.0
5.33263028995729,1620.0,201.6,-0.004737117909691134,12.41593500576082,12.196556843410123,170,170.2,12.50940977542373,170.6,0.0
5.336109505018783,1621.0,201.6,-0.002448812006733456,12.525174221373474,12.434982492318422,170,170.3,12.555052701570624,170.6,0.0
5.339695061226832,1622.0,201.6,-0.0001608411186009155,12.908002348977588,12.682432188043054,170,170.4,12.574571483030558,170.6,0.0
5.3433091251346525,1623.0,201.6,0.0021325392560976432,13.010630068153768,12.931025369624248,170,170.4,12.588509348404646,170.7,0.0
5.3469782570379705,1624.0,201.6,0.00442935554797012,13.20887485194598,13.162452787422433,170,170.4,12.59688772318424,170.9,0.0
5.350733838451611,1625.0,201.64,0.005555989984149848,13.520093089105396,13.271238690328655,170,170.5,12.59551918234737,171.0,0.0
5.354533075549914,1626.0,201.68,0.005555989984149848,13.677253553890747,13.325164608517332,171,170.6,12.604058210536907,171.1,0.0
5.358272892494024,1627.0,201.72,0.005555989984149848,13.463340998796967,13.318371667243849,170,170.7,12.577508145137816,171.0,0.0
5.361961984415848,1628.0,201.76000000000002,0.005555989984149848,13.280730918567999,13.228884136664808,170,170.7,12.508177333084411,170.9,0.0
5.365487223348401,1629.0,201.8,0.005555989984149848,12.690860157189775,13.119400905979575,170,170.6,12.475754779487596,170.8,0.0
5.368894504631642,1630.0,201.8,0.005555989984149848,12.26621261966939,13.011295382727251,170,170.5,12.440887929074297,170.6,0.0
5.372227702229103,1631.0,201.8,0.004454237775303398,11.99951135085721,12.827795133551723,171,170.4,12.43587300856433,170.4,0.0
5.375501657616531,1632.0,201.8,0.003351222023846648,11.786239394741488,12.633747510415473,170,170.4,12.48970864177727,170.1,0.0
5.378813099374625,1633.0,201.8,0.00224374703645824,11.921190329139314,12.480457019305385,171,170.5,12.52243725606019,169.9,0.0
5.382249861949647,1634.0,201.8,0.00112663443617973,12.372345270076979,12.32648202729065,171,170.6,12.52188081741111,169.6,0.0
5.385610227694418,1635.0,201.8,0.0,12.09731668117674,12.233592889917144,171,170.6,12.479747633826276,169.4,0.0
5.388986281919656,1636.0,201.8,0.0,12.153795210856801,12.188387237857471,171,170.6,12.407655039550582,169.2,0.0
5.392414318532659,1637.0,201.8,0.0,12.340931806814224,12.162261256708318,170,170.6,12.24879443616214,169.1,0.0
5.395788182131878,1638.0,201.8,0.0,12.145908957188063,12.200775865545534,170,170.7,12.10716827948019,169.0,0.0
5.399162879812581,1639.0,201.8,0.0,12.148911650527527,12.220564831328085,170,170.9,11.912024179937614,168.9,0.0
5.402548477454678,1640.0,201.8,0.0,12.188151511549929,12.203607622999673,170,171.0,11.742650877241434,168.9,0.0
5.4059117119906155,1641.0,201.8,-0.0011747722318952928,12.107644329373937,12.192220519700093,170,171.1,11.586286753452132,168.9,0.0
5.409396653781444,1642.0,201.8,-0.0023493203938932225,12.545790446982261,12.168868922872702,170,171.0,11.430838832487888,169.0,0.0
5.41286915486216,1643.0,201.8,-0.003518709378748629,12.501003890576566,12.109994476681297,170,170.9,11.31942914659528,169.0,0.0
5.416367601728248,1644.0,201.8,-0.004683376343654671,12.594408717914495,12.04945614926218,170,170.8,11.266960456957625,169.0,0.0
5.419803537149625,1645.0,201.76,-0.0058414233571079865,12.369367516958889,11.989721067393067,170,170.6,11.245545932823315,169.0,0.0
5.423221361278407,1646.0,201.72,-0.0058414233571079865,12.304166863615373,11.953959727403227,170,170.4,11.218166827920408,168.9,0.0
5.426590989510762,1647.0,201.68,-0.0058414233571079865,12.130661636479312,11.984115464150852,170,170.1,11.253496586607604,168.8,0.0
5.429899929371606,1648.0,201.64000000000001,-0.0058414233571079865,11.91218349903894,12.025447477021448,170,169.9,11.287248686129152,168.7,0.0
5.433212033268896,1649.0,201.6,-0.0058414233571079865,11.92357403024405,12.103227731771316,170,169.6,11.347392137035706,168.7,0.0
5.43660412650695,1650.0,201.6,-0.0058414233571079865,12.211535656993627,12.20115662107312,170,169.4,11.420857817367084,168.7,0.0
5.440117609701323,1651.0,201.6,-0.004666651125212693,12.648539499743313,12.285391734097807,170,169.2,11.511022548213475,168.7,0.0
5.443741235713687,1652.0,201.6,-0.0034921029632147627,13.045053644509274,12.34329927766099,170,169.1,11.630936675623513,168.8,0.0
5.44741006687638,1653.0,201.6,-0.0023227139783593568,13.207792185692348,12.395084572192989,171,169.0,11.74667447665308,168.9,0.0
5.451115962215535,1654.0,201.6,-0.0011580470134533141,13.341223220962181,12.44062872857679,171,168.9,11.854850218432476,169.0,0.0
5.454678683542877,1655.0,201.6,0.0,12.82579677842783,12.483900195355243,171,168.9,11.95535642793251,169.1,0.0
5.458150726509047,1656.0,201.6,0.0,12.499354678214713,12.54594186123676,171,168.9,11.995007934270552,169.3,0.0
5.461559071034109,1657.0,201.6,0.0,12.27004029022017,12.574364181146702,170,169.0,12.024589998559774,169.4,0.0
5.464891284158229,1658.0,201.6,0.0,11.995967246834894,12.560712883032643,170,169.0,11.9819341263425,169.6,0.0
5.468199586553195,1659.0,201.6,0.0011499358875236973,11.909888621875341,12.585774189966532,171,169.0,11.92942690805195,169.7,0.0
5.471615399313997,1660.0,201.6,0.0022999228750994445,12.29692593888903,12.60055790691445,171,169.0,11.826316320119052,169.7,0.0
5.475055132326706,1661.0,201.6,0.00345379236208859,12.383038845752361,12.636158391838489,171,168.9,11.732254823709386,169.8,0.0
5.478486172750033,1662.0,201.6,0.004614366213803177,12.351745523975245,12.722570988759463,170,168.8,11.555794392155024,169.8,0.0
5.482064941263846,1663.0,201.64000000000001,0.005789992115197541,12.883566649724184,12.778137673229352,170,168.7,11.417869815684176,169.7,0.0
5.4856739842407425,1664.0,201.68,0.005789992115197541,12.992554716829195,12.791033018328484,170,168.7,11.325078387655363,169.7,0.0
5.489222775233333,1665.0,201.72,0.005789992115197541,12.77564757332817,12.739216641975617,170,168.7,11.223921666165804,169.7,0.0
5.492844361625096,1666.0,201.76,0.004563693202750423,13.037711010344117,12.634349000953115,171,168.7,11.202098343839085,169.6,0.0
5.49634361896761,1667.0,201.8,0.0033208446261167868,12.597326433049359,12.421972125344627,171,168.8,11.232188410109904,169.7,0.0
5.499674286428816,1668.0,201.8,0.0020610945578129177,11.990402860344112,12.204551049428115,171,168.9,11.321115429776674,169.7,0.0
5.502865552202713,1669.0,201.8,-0.0003609902882409392,11.48855678602699,11.9099595357638,171,169.0,11.38247332518483,169.6,0.0
5.506081107757194,1670.0,201.76,-0.0027890504575784104,11.575999996132092,11.631427393687456,171,169.1,11.45140077275411,169.7,0.0
5.509079561316047,1671.0,201.72,-0.005223426919152637,10.794432811867917,11.35985616820913,171,169.3,11.512165882995982,169.7,0.0
5.51211719574859,1672.0,201.68,-0.007667632956132787,10.93548395715577,11.102618914863914,171,169.4,11.587960644908872,169.6,0.0
5.5151538973192284,1673.0,201.64000000000001,-0.01012286114728519,10.932125654298439,10.90648624905907,172,169.6,11.639893552060784,169.6,0.0
5.518292458899747,1674.0,201.6,-0.011398637060479451,11.298821689867388,10.786238811810424,171,169.7,11.604728591098908,169.5,0.0
5.521406905104035,1675.0,201.56,-0.012667651105829864,11.212006335435152,10.721107395090396,171,169.7,11.615971559116684,169.5,0.0
5.524596691715341,1676.0,201.52,-0.011441352193382744,11.48323180070166,10.672586460271372,170,169.8,11.62282154824457,169.5,0.0
5.527786477708153,1677.0,201.48,-0.010198503616749108,11.483229574123277,10.7147251735309,170,169.8,11.590486166636351,169.5,0.0
5.530971398809255,1678.0,201.44,-0.00893875354844524,11.465715963967565,10.784424882700254,170,169.7,11.583740126616176,169.5,0.0
5.534103179793889,1679.0,201.4,-0.007666604589915078,11.274411544683897,10.909681878177915,169,169.7,11.602747777295177,169.6,0.0
5.537242682279196,1680.0,201.4,-0.006388531408153354,11.302208947103011,11.07423790914512,169,169.7,11.61261965059727,169.5,0.0
5.540339274056624,1681.0,201.4,-0.0039035434056038584,11.147730398739887,11.274931826386851,168,169.6,11.574919766707982,169.5,0.0
5.5434706643211715,1682.0,201.4,-0.0014194118060056374,11.273004952371243,11.493129090737927,169,169.7,11.547717370860394,169.6,0.0
5.5466744310332174,1683.0,201.4,0.001057736512491148,11.533560163363976,11.691180923158708,169,169.7,11.564421223668276,169.7,0.0
5.55001706394799,1684.0,201.4,0.0035353217369508334,12.03347849318118,11.865399074923214,169,169.6,11.73443019909728,169.8,0.0
5.5533819677379626,1685.0,201.44,0.005407885312005282,12.113653643899067,12.014900110016546,169,169.7,11.951835797807242,169.9,0.0
5.55690484914763,1686.0,201.48000000000002,0.004190261868642813,12.682373074801994,12.091924269404357,169,169.7,12.167490397266912,170.1,0.0
5.56041612903219,1687.0,201.51999999999998,0.002962876322013141,12.640607584419001,12.136303296878106,169,169.6,12.315789417151846,170.3,0.0
5.5639015383049015,1688.0,201.56,0.0017167482315226274,12.547473381761485,12.087190570950549,169,169.6,12.37844977687873,170.7,0.0
5.567312503204814,1689.0,201.57999999999998,0.00045556727286284705,12.279473639684262,12.005705954306219,169,169.5,12.332611147228404,171.1,0.0
5.5705621487632815,1690.0,201.54,-0.00018018991605443893,11.698724010483424,11.85000620633569,169,169.5,12.256457818032532,171.6,0.0
5.5737409129415125,1691.0,201.5,-0.0013846709440188546,11.443551041632125,11.68663889294594,169,169.5,12.282481568638378,172.1,0.0
5.576753814672124,1692.0,201.46,-0.0025851703583515116,10.84644623019849,11.455531049553706,169,169.5,12.353786937276016,172.6,0.0
5.579811728000029,1693.0,201.42000000000002,-0.0037827163870902576,11.008487980458463,11.27814844691104,169,169.5,12.428800185422473,173.1,0.0
5.582867942614987,1694.0,201.4,-0.004984525698355682,11.002372613852195,11.161756250462842,169,169.6,12.428948598407576,173.6,0.0
5.585971564470488,1695.0,201.4,-0.00558807522805972,11.173038679802412,11.053691650053898,168,169.5,12.419676426810463,174.0,0.0
5.589004278014726,1696.0,201.4,-0.004370451784697251,10.917768759258417,11.033009668182567,168,169.5,12.379228738561752,174.4,0.0
5.592132434075757,1697.0,201.4,-0.0031430662380675795,11.261361819710485,11.071654487214083,168,169.6,12.412816186127998,174.8,0.0
5.595360089381722,1698.0,201.4,-0.0018969381475770649,11.619559101473348,11.175676339628529,169,169.7,12.536467303829207,174.9,0.0
5.598490063388607,1699.0,201.4,-0.0006357571889172846,11.267906424788677,11.259387009063495,169,169.8,12.710370939046827,175.0,0.0
5.601679088607279,1700.0,201.4,0.0,11.48049078721623,11.357667124636372,169,169.9,12.841672934876716,175.1,0.0
5.604941436302929,1701.0,201.4,0.0,11.744451704340321,11.451800561718008,170,170.1,12.88738891453249,175.0,0.0
5.608201357532614,1702.0,201.4,0.0,11.735716426866196,11.553171967200669,170,170.3,12.88526791790306,175.0,0.0
5.611429709458876,1703.0,201.4,0.0,11.622066934540024,11.62413377885845,170,170.7,12.846670102827158,175.0,0.0
5.614677389205972,1704.0,201.4,0.0,11.691647089544988,11.600854140193624,170,171.1,12.880100422037444,175.0,0.0
5.617949803034366,1705.0,201.4,0.0,11.780689782221136,11.615971559116685,170,171.6,12.869256558448251,175.0,0.0
5.621193057583919,1706.0,201.4,0.0,11.675716378387323,11.62282154824457,169,172.1,12.92177270733038,175.0,0.0
5.624465471720372,1707.0,201.4,0.0,11.780690891229595,11.590486166636353,170,172.6,12.957006112322723,174.9,0.0
5.62759544657922,1708.0,201.4,0.0,11.26790949185459,11.583740126616176,170,173.1,12.894619087875338,174.8,0.0
5.630756651052822,1709.0,201.4,0.0,11.380336104966466,11.602747777295175,169,173.6,12.86010002128184,174.8,0.0
5.633964704019071,1710.0,201.4,0.0,11.548990678495075,11.605210761686383,170,174.0,12.959699665870838,174.7,0.0
5.637137231210254,1711.0,201.4,0.0,11.421097888258144,11.553192474405325,170,174.4,12.99417074438838,174.7,0.0
5.640378413439882,1712.0,201.4,0.0,11.668256026664414,11.504515364880417,169,174.8,13.049073341943892,174.6,0.0
5.643659564395808,1713.0,201.4,0.0,11.812143441330011,11.49128087945828,170,174.9,12.972135159074762,174.6,0.0
5.646934666013188,1714.0,201.4,-0.0011633120673078627,11.790365822565958,11.62081321025953,170,175.0,12.74437333860972,174.6,0.0
5.65010235794189,1715.0,201.4,-0.0023309480065333813,11.403690943328224,11.795911873146771,169,175.1,12.465745151367823,174.6,0.0
5.653270050280754,1716.0,201.4,-0.0035058388447983036,11.403692419911456,11.968787773531925,170,175.0,12.215324875332406,174.5,0.0
5.65658886400834,1717.0,201.4,-0.0046782403598786115,11.94772941930842,12.068954834936942,170,175.0,12.052444715320997,174.5,0.0
5.6601910860211575,1718.0,201.35999999999999,-0.005843874838853388,12.96799924614462,12.078290788736243,169,175.0,12.035536395219466,174.6,0.0
5.66395619493562,1719.0,201.32,-0.005843874838853388,13.55439209206609,11.976374874225547,170,175.0,12.01780332104536,174.6,0.0
5.667763288455924,1720.0,201.28000000000003,-0.005843874838853388,13.705536673091784,11.853241652564648,170,175.0,12.049838529133236,174.7,0.0
5.671347757369009,1721.0,201.23999999999998,-0.00700332533539867,12.904088087107487,11.836272493191553,169,175.0,12.163467524811058,174.8,0.0
5.674762996153435,1722.0,201.2,-0.008166564201415488,12.294859623933261,11.869852090475113,169,174.9,12.33470936002075,174.9,0.0
5.677916817582553,1723.0,201.2,-0.009326655496096056,11.353757144826739,11.913125710013826,169,174.8,12.549938278993666,174.9,0.0
5.680980382174389,1724.0,201.2,-0.00931199237836815,11.028832530607266,11.891076348613419,170,174.8,12.792642489507305,175.0,0.0
5.684220362299219,1725.0,201.16,-0.009277289543067231,11.663928449386646,11.851265632589113,169,174.7,13.00589786082124,175.1,0.0
5.687586125106521,1726.0,201.11999999999998,-0.00922374793033027,12.11674610628785,11.773984676969919,170,174.7,13.089560046559004,175.3,0.0
5.691113308967847,1727.0,201.07999999999998,-0.009168717831251765,12.697861900772974,11.77673240488887,170,174.6,13.087551929552124,175.5,0.0
5.694715943238958,1728.0,201.04000000000002,-0.009120638694683915,12.969483375995656,11.873336580212227,170,174.6,13.017670392526998,175.8,2.0
5.698455296121206,1729.0,201.0,-0.010241551731660567,13.461670376094997,12.02587794156049,169,174.6,13.065399255400589,176.1,2.0
5.702150034951929,1730.0,200.95999999999998,-0.011359555437234103,13.301059790604658,12.131730135587237,170,174.6,12.97120814329292,176.4,2.0
5.705827802330476,1731.0,200.92,-0.011319050695993078,13.239962562769925,12.149533352027303,170,174.5,12.93058580083818,176.7,2.0
5.70958651644185,1732.0,200.88,-0.011270210010950969,13.531370800945375,12.114842959317677,170,174.5,12.824234408633677,177.0,2.0
5.713223403524351,1733.0,200.84,-0.011221486564302195,13.09279349700293,12.030907346547483,170,174.6,12.760616335955149,177.4,2.0
5.716651695882381,1734.0,200.8,-0.012306327398618592,12.34185248890612,11.975480617413314,171,174.6,12.694637936087544,177.7,2.0
5.720018664839587,1735.0,200.76000000000002,-0.013412879209456233,12.121088245944419,11.85023872824353,171,174.7,12.691201656898269,178.0,2.0
5.7233785359895855,1736.0,200.71999999999997,-0.014513803704965873,12.095536139993552,11.752507213691924,172,174.8,12.761021341413686,178.3,2.0
5.726798503697923,1737.0,200.68,-0.01672099996240778,12.311883750013948,11.598883107491643,174,174.9,12.793206555715445,178.6,2.0
5.730493999966839,1738.0,200.6,-0.02222460443234368,13.303786568098499,11.329947420036241,174,174.9,12.853094717951135,178.9,2.0
5.734203231005784,1739.0,200.52,-0.027764121535857177,13.353231740203098,11.076528022124922,174,175.0,12.7991104553674,179.2,2.0
5.738043848027847,1740.0,200.44,-0.03342558024121599,13.826221279425912,10.94503802083726,175,175.1,12.763507827747514,179.5,2.0
5.741819485975817,1741.0,200.32,-0.04039279369869975,13.592296612693405,10.773336986241688,175,175.3,12.720074794078196,179.7,2.0
5.745404902797059,1742.0,200.08,-0.04635147796798954,12.907500556471517,10.635963523198654,175,175.5,12.647594447455935,179.9,2.0
5.748945903583467,1743.0,199.83999999999997,-0.04882444516736073,12.747602831067947,10.422802261477505,175,175.8,12.591530274754128,180.0,2.0
5.75265086162091,1744.0,199.6,-0.048983869089530965,13.337848934796085,10.145786117761736,175,176.1,12.524302355523217,180.1,2.0
5.756113583573999,1745.0,199.32,-0.049140828785371606,12.465799031119817,9.899335661900995,175,176.4,12.468897046994202,180.1,2.0
5.759625961939429,1746.0,199.08,-0.04691855506433401,12.644562115548712,9.75510349348281,176,176.7,12.346070847979698,180.1,2.0
5.76283221247313,1747.0,198.95999999999998,-0.04359398739089029,11.542501921322629,9.784124048288692,175,177.0,12.310892558173617,180.0,2.0
5.765895037018533,1748.0,198.88000000000002,-0.03697282757854746,11.026168363448065,10.027521111999757,175,177.4,12.31159675832632,179.8,2.0
5.768830300870695,1749.0,198.8,-0.02916498143649019,10.56694986778413,10.311525857118912,175,177.7,12.349799583309462,179.7,2.0
5.771975306014881,1750.0,198.8,-0.021259871997446295,11.322018519071761,10.686552487575947,174,178.0,12.434649128977686,179.5,2.0
5.775298499073931,1751.0,198.8,-0.012066522788696875,11.963495012579308,11.150018889749132,175,178.3,12.49432995440215,179.3,2.0
5.778836948339335,1752.0,198.8,-0.0038933269695516247,12.738417355456221,11.675962617820222,175,178.6,12.581469936062769,179.2,2.0
5.78232869058637,1753.0,198.84,0.0007912902450221062,12.570272089326854,12.210454421134942,175,178.9,12.62608323677675,179.2,2.0
5.786122635312946,1754.0,198.88000000000002,0.004290392659651638,13.658201015674852,12.741524145480604,175,179.2,12.700234194546615,179.2,2.0
5.78990099336514,1755.0,198.92000000000002,0.007788984990236733,13.602088987898036,13.192380994914094,175,179.5,12.847329758775755,179.3,2.0
5.793889043495041,1756.0,198.95999999999998,0.008899136014021128,14.356980467645647,13.478795622576104,175,179.7,13.049901506911484,179.4,2.0
5.7976931521370005,1757.0,199.0,0.010012774655130776,13.694791111051792,13.630584363112973,174,179.9,13.243622353823104,179.5,2.0
5.80143015504494,1758.0,199.04000000000002,0.011697085726788107,13.45321046858446,13.666007784821403,175,180.0,13.3883800727339,179.6,2.0
5.80495779492853,1759.0,199.08,0.011678141863313007,12.699503580923464,13.789614791965622,174,180.1,13.556806623443356,179.6,2.0
5.8083351950330995,1760.0,199.12,0.011686832031150307,12.158640376449418,13.734573986677606,174,180.1,13.665786048599896,179.7,2.0
5.8116528099893525,1761.0,199.16,0.011714286365118846,11.943413842510495,13.701179394559915,174,180.1,13.749264558144995,179.9,2.0
5.814997143874131,1762.0,199.21999999999997,0.011742609319219895,12.039601985204968,13.58201632286728,175,180.0,13.83512864074218,180.0,2.0
5.818621466295816,1763.0,199.26,0.011205125850612094,13.04756071806278,13.491047975572007,175,179.8,13.958892934704709,180.0,2.0
5.8221537690443155,1764.0,199.3,0.010098937142049163,12.716289894598162,13.373177339823599,175,179.7,14.045223611577,180.0,2.0
5.8258192872563574,1765.0,199.34,0.008996789422066945,13.195865563350603,13.314628082865724,174,179.5,14.011986968798404,180.0,2.0
5.829511916852358,1766.0,199.38,0.007886638398282547,13.293466545600626,13.325178305801995,175,179.3,13.925555720472792,180.0,2.0
5.833139308625765,1767.0,199.4,0.0067729997571729,13.058610384266512,13.290776219022097,175,179.2,13.80248455504002,179.9,2.0
5.83669303820074,1768.0,199.4,0.005088688685515571,12.793426469908407,13.275832028619643,175,179.2,13.613653706841635,179.9,2.0
5.8402111328643596,1769.0,199.4,0.003960216547423542,12.665140789030705,13.148518383289964,175,179.2,13.338992254622976,179.9,2.0
5.843782476537028,1770.0,199.4,0.002825879351474698,12.856837221603602,13.057451172119556,175,179.3,13.091876720689587,179.9,2.0
5.847189494866341,1771.0,199.4,0.0016912350215447537,12.265265985528076,12.980996426367403,175,179.4,12.827889469644228,179.9,2.0
5.85070018475733,1772.0,199.4,0.000562798698562954,12.638483607561898,12.899026635783674,175,179.5,12.583141335188348,180.0,2.0
5.85417455089406,1773.0,199.4,0.0011696958552722084,12.507718092225437,12.866735094363923,176,179.6,12.334516167783898,180.1,2.0
5.857607957454726,1774.0,199.4,0.002339324806143949,12.360263618399264,12.849924534651105,176,179.6,12.181055020167802,180.2,2.0
5.8611528283510195,1775.0,199.4,0.004671346456027822,12.761535226657424,12.869060036875084,176,179.7,12.105335424100415,180.3,2.0
5.864644123650847,1776.0,199.4,0.006987455234110593,12.568663079378036,12.831982208665286,177,179.9,12.10640091619268,180.4,2.0
5.868115781611194,1777.0,199.44,0.010445023599733167,12.497968657248418,12.901462266718132,178,180.0,12.089131912670068,180.5,2.0
5.871482766966083,1778.0,199.48,0.012734104299076088,12.121147277599308,13.021371996916779,178,180.0,12.130651216912518,180.6,2.0
5.8748469579949,1779.0,199.56,0.015015096706612021,12.11108770374055,13.168269883721763,178,180.0,12.232832492353342,180.7,2.0
5.878077117781416,1780.0,199.64000000000001,0.01614893406578215,11.628575231458575,13.347927713237231,178,180.0,12.31881979865318,180.8,2.0
5.881386418639046,1781.0,199.76,0.017269789548624494,11.913483087467258,13.468815190837926,178,180.0,12.467338813323046,180.9,2.0
5.884899064641571,1782.0,199.84,0.017269789548624494,12.645525609088928,13.584265919670923,179,179.9,12.64318964877086,180.8,2.0
5.888479549736587,1783.0,199.92000000000002,0.016100093693352285,12.889746342056862,13.60505433589482,179,179.9,12.827175543059912,180.8,2.0
5.892148649479665,1784.0,199.95999999999998,0.014930464742480545,13.208759075081492,13.632465286356075,179,179.9,12.9764580056492,180.8,2.0
5.895859300446583,1785.0,200.0,0.012598443092596672,13.35834348090208,13.709757435245578,179,179.9,13.084060631397218,180.8,2.0
5.899592651251023,1786.0,200.0,0.0102823343145139,13.440062895984212,13.838281305172604,180,179.9,13.137843425042057,180.8,2.0
5.903188235046686,1787.0,200.0,0.006824765948891326,12.944101664388244,13.947315205591247,181,180.0,13.177715319990096,180.8,2.0
5.906761195284269,1788.0,200.0,0.005576514024902305,12.862656855297969,14.008875599918857,181,180.1,13.242069611138774,180.8,2.0
5.910533985102611,1789.0,200.0,0.004327122050677634,13.58204334603197,14.101886964474357,181,180.2,13.27380655925738,180.7,2.0
5.914326844189504,1790.0,200.0,0.004218544267163368,13.65429271281582,14.140756546098672,180,180.3,13.303006280937046,180.6,2.0
5.918174258510777,1791.0,200.0,0.004125380291034029,13.850691556583428,14.179052546438658,180,180.4,13.325162252055128,180.5,2.0
5.922089009288054,1792.0,200.04000000000002,0.005159450333842219,14.093102798196915,14.246075513104907,180,180.5,13.27698847778105,180.5,2.0
5.926137345912818,1793.0,200.07999999999998,0.005159450333842219,14.574011849151438,14.38751286772101,180,180.6,13.182829042192497,180.3,2.0
5.930109166281331,1794.0,200.11999999999998,0.005159450333842219,14.29855332664688,14.49944337305555,179,180.7,13.01585896671431,180.1,2.0
5.934051701996984,1795.0,200.16,0.006238992155677106,14.193128576353082,14.497771526736475,179,180.8,12.839878216259615,179.9,2.0
5.9380235641419725,1796.0,200.2,0.007338910853907017,14.29870372195608,14.433966424336248,179,180.9,12.698063346292788,179.7,2.0
5.941962937643088,1797.0,200.2,0.008461464960260453,14.181744604013481,14.325799670191836,179,180.8,12.581257763621,179.6,2.0
5.945775705316427,1798.0,200.2,0.0085650245070601,13.72596362402091,14.134707546744503,180,180.8,12.489118280719683,179.4,2.0
5.949456171127051,1799.0,200.23999999999998,0.008700879675908428,13.249676918246019,13.855261616859977,179,180.8,12.429143036319855,179.3,2.0
5.95300894341304,1800.0,200.28,0.007675620100252566,12.789980229559683,13.60414081683605,178,180.8,12.445824271776408,179.2,2.0
5.956514493385889,1801.0,200.32,0.006647928593539565,12.619979902255716,13.320162181248,179,180.8,12.38052225551458,179.1,2.0
5.959904714029282,1802.0,200.35999999999999,0.005613858550731375,12.204794316213102,13.039815606023334,180,180.8,12.332181185512145,179.0,2.0
5.963190102175661,1803.0,200.4,0.005613858550731375,11.82739732696483,12.739621749862929,180,180.8,12.292898615770245,178.9,2.0
5.96647549050547,1804.0,200.4,0.005613858550731375,11.827397987312954,12.52892674831855,180,180.7,12.266756078011976,178.7,2.0
5.969684728301553,1805.0,200.4,0.004534316728896488,11.553256065899497,12.389482234476692,180,180.6,12.262727221325289,178.5,2.0
5.972976734517497,1806.0,200.4,0.0034343980306665764,11.851222377397281,12.328735609304347,180,180.5,12.22676705058239,178.2,2.0
5.976225482553599,1807.0,200.4,0.00231184392431314,11.695492929968983,12.2504857645468,180,180.5,12.265008771223014,177.9,2.0
5.979611969261338,1808.0,200.4,0.001167455602159593,12.191352147859972,12.231976519456854,180,180.3,12.215180871591334,177.6,2.0
5.9830821028606636,1809.0,200.4,0.0,12.492480957572143,12.267419121256776,180,180.1,12.184962996620197,177.4,2.0
5.986637834846909,1810.0,200.4,-0.0011097018919745427,12.800635150482323,12.279753001713065,180,179.9,12.049238910189256,177.2,2.0
5.990095415365528,1811.0,200.4,-0.002210277654016821,12.447289867029593,12.361350683045497,180,179.7,11.986797191550291,177.1,2.0
5.993600967409594,1812.0,200.4,-0.0033063479552162766,12.619987358637616,12.475058622370089,180,179.6,11.920577752719447,177.0,2.0
5.997170192432198,1813.0,200.4,-0.004399101869710325,12.849210081373064,12.604619904346665,180,179.4,11.91174121725228,177.0,2.0
6.000694434390618,1814.0,200.36,-0.005486545179016322,12.687271050311324,12.70603632718872,180,179.3,12.006628322360708,177.0,2.0
6.004316225005229,1815.0,200.32,-0.005486545179016322,13.03844621259817,12.766046713625327,180,179.2,12.13013494302146,177.0,2.0
6.008096705764083,1816.0,200.28,-0.005486545179016322,13.609730731875405,12.780741685746454,179,179.1,12.327672394522136,177.1,2.0
6.011856525728766,1817.0,200.23999999999998,-0.005486545179016322,13.5353518728595,12.790261085026632,180,179.0,12.447767588178907,177.2,2.0
6.015657685943697,1818.0,200.2,-0.005486545179016322,13.684176773752853,12.822264239946113,180,178.9,12.575824299021656,177.2,2.0
6.019426715725657,1819.0,200.2,-0.006578875205743439,13.568507215052344,12.821733970359446,180,178.7,12.626194719738224,177.1,2.0
6.023131844360916,1820.0,200.2,-0.0065755159713547316,13.338463086930677,12.826030295539507,180,178.5,12.683116037901527,177.0,2.0
6.02670018014328,1821.0,200.2,-0.0065964461735802515,12.846008816510018,12.81503272943246,181,178.2,12.701107183666892,176.8,2.0
6.030384494107203,1822.0,200.2,-0.007768438270132377,13.263530270124393,12.728291214943603,181,177.9,12.691628207441358,176.6,2.0
6.034041877319025,1823.0,200.16,-0.008964803658421405,13.166579562559125,12.598539770971248,181,177.6,12.69854478976288,176.4,2.0
6.037647229615444,1824.0,200.12,-0.009030364082152163,12.97926826710798,12.396291214111603,181,177.4,12.62686205943301,176.3,2.0
6.041330564594271,1825.0,200.07999999999998,-0.010188931487637653,13.260005923778982,12.196838612809495,181,177.2,12.542661470518553,176.3,2.0
6.044977229313475,1826.0,200.0,-0.01134594605618272,13.127992989134624,12.036818976586392,180,177.1,12.393837292689676,176.2,2.0
6.048475495290412,1827.0,199.92000000000002,-0.01134594605618272,12.593757516973959,11.908305143819273,181,177.0,12.282066428864066,176.1,2.0
6.051812849740126,1828.0,199.88,-0.011929784380619785,12.014476018970988,11.825396169907565,181,177.0,12.17051104068599,176.1,2.0
6.055093044104155,1829.0,199.84,-0.011423158362771154,11.808699710505437,11.800675064310587,181,177.0,12.070447303621446,176.2,2.0
6.058404242545062,1830.0,199.8,-0.010316815705186154,11.920314387262367,11.86312186292068,181,177.0,12.056442907382328,176.2,2.0
6.06164811837556,1831.0,199.8,-0.009195309740917519,11.677952989792145,11.861382453246252,180,177.1,12.085286536283096,176.2,2.0
6.065076489331424,1832.0,199.78,-0.0069272473431667755,12.342135441111216,11.891573425796869,181,177.2,12.13763661804375,176.2,2.0
6.0685672746421355,1833.0,199.76000000000002,-0.004051092178093326,12.566827118560857,11.927627352167928,181,177.2,12.180610110523308,176.2,2.0
6.072218963703712,1834.0,199.76,-0.002308657958870452,13.146080621673507,11.980664726262336,181,177.1,12.23767005943242,176.2,2.0
6.075720904192923,1835.0,199.76000000000002,-0.0011500905533849627,12.606985761160715,12.055220335946348,181,177.0,12.229688923132768,176.1,2.0
6.07923328816212,1836.0,199.76,6.924015160106757e-06,12.644582289110263,12.09161442415666,180,176.8,12.161530291667953,176.0,2.0
6.082622435889775,1837.0,199.78000000000003,6.924015160106757e-06,12.200931819554967,12.186671201865229,181,176.6,12.095788558210083,175.9,2.0
6.085887172179049,1838.0,199.8,0.0005907623395971697,11.753050641388263,12.174846493123539,180,176.4,12.024486681618436,175.9,2.0
6.089156175274504,1839.0,199.8,0.001176466348475658,11.768411143638586,12.152657305608809,180,176.3,11.951367944260893,175.7,0.0
6.092367484352236,1840.0,199.8,0.0011764663484764922,11.560712679833372,12.003874061891,180,176.3,11.887275355938929,175.6,0.0
6.095717587184513,1841.0,199.8,-1.0659769052123388e-05,12.060370196198395,11.912155700072748,180,176.2,11.832159534579436,175.5,0.0
6.099007547308067,1842.0,199.8,-0.0011787634904323059,11.843856444794431,11.80878050270695,179,176.1,11.845682559908727,175.4,0.0
6.102414394077192,1843.0,199.8,-0.002922633290855666,12.264648368849462,11.762386721814668,179,176.1,11.830563361155646,175.3,0.0
6.1056890717875705,1844.0,199.8,-0.004657117942686228,11.788839757364102,11.814170959140721,179,176.2,11.876023313948712,175.2,0.0
6.10901756305834,1845.0,199.76000000000002,-0.0057976040764448,11.982568574771095,11.889886650961664,179,176.2,11.968631191199634,175.1,0.0
6.112346004141896,1846.0,199.72,-0.0057976040764448,11.982387900801797,12.03811645646799,179,176.2,12.111953177861512,175.0,0.0
6.115710605937697,1847.0,199.68,-0.0057976040764448,12.112566464883292,12.125527324760474,179,176.2,12.208104264240204,175.0,0.0
6.11923891751894,1848.0,199.64,-0.0057976040764448,12.701921692472547,12.236853721011183,179,176.2,12.30204147788324,174.9,0.0
6.122850994560675,1849.0,199.6,-0.0057976040764448,13.003477350246099,12.29078384890067,179,176.2,12.401738259534836,174.9,0.0
6.126611018781464,1850.0,199.6,-0.0057976040764448,13.53608719484013,12.369499836163497,179,176.1,12.404705464923632,174.8,0.0
6.130294719373899,1851.0,199.6,-0.004610477958917019,13.261322132766116,12.424599875604837,179,176.0,12.385690233007235,174.7,0.0
6.133940392583128,1852.0,199.6,-0.0034423742375359985,13.124423553221922,12.4522292335249,178,175.9,12.312549895677169,174.6,0.0
6.137487157187576,1853.0,199.6,-0.002285540299403014,12.768352576015134,12.496657300824271,177,175.9,12.26692935587227,174.5,0.0
6.14091994967063,1854.0,199.6,-0.0011404861337585702,12.358052938997147,12.464311233466558,177,175.7,12.18906340158531,174.4,0.0
6.144298416346304,1855.0,199.6,0.0,12.16248003242473,12.420381197180046,176,175.6,12.12310782104844,174.3,0.0
6.147600526940344,1856.0,199.6,0.0,11.887598138546455,12.313477014831907,176,175.5,12.08680972481381,174.3,0.0
6.150984341464817,1857.0,199.6,0.0,12.181732288098507,12.234460111686904,176,175.4,12.04268846247081,174.2,0.0
6.154313534350698,1858.0,199.6,0.0,11.985094389173854,12.147176114974519,177,175.3,12.026903927801092,174.1,0.0
6.157691720867671,1859.0,199.6,0.0,12.161471461101536,12.070443514212343,177,175.2,11.988650851969975,173.9,0.0
6.161038344594491,1860.0,199.6,0.0,12.047845416551345,12.079946533725126,178,175.1,11.981320402682073,173.8,0.0
6.164411570565188,1861.0,199.6,0.0,12.143613494510026,12.133227832153143,178,175.0,11.93424543127514,173.7,0.0
6.167747367696144,1862.0,199.6,0.0,12.008869671441158,12.218242550579113,178,175.0,11.909068814573398,173.6,0.0
6.171016177475414,1863.0,199.6,0.0011904970007286604,11.767715205369706,12.30293382087618,177,174.9,11.843078687229218,173.4,0.0
6.174410068857804,1864.0,199.6,0.002388053319038724,12.21800897660596,12.401527053638471,177,174.9,11.797510163224157,173.2,0.0
6.177868656724868,1865.0,199.6,0.0035929363137851195,12.450916321432418,12.43351113337047,177,174.8,11.743323425128324,173.0,0.0
6.1813161842126885,1866.0,199.6,0.004804315672707184,12.411098956152989,12.402951225656421,177,174.7,11.708967775210803,172.7,0.0
6.184819369549603,1867.0,199.64,0.006021337802768327,12.611467212894086,12.382923772116296,176,174.6,11.67976893993075,172.5,0.0
6.188307062293566,1868.0,199.68,0.006021337802768327,12.555693878265004,12.364120161302422,176,174.5,11.64656525829627,172.3,0.0
6.191663078987484,1869.0,199.72,0.006021337802768327,12.081660098104985,12.341965270756758,176,174.4,11.683978023466173,172.2,0.0
6.194820373182457,1870.0,199.76000000000002,0.006021337802768327,11.36625910190319,12.33093320511838,176,174.3,11.69418942812838,172.1,0.0
6.198010983226883,1871.0,199.8,0.007224482905157752,11.486196159931332,12.325893816453554,176,174.3,11.718880829610637,172.0,0.0
6.201148719589529,1872.0,199.8,0.008413391067907918,11.295850905524684,12.37667225703893,176,174.2,11.74598139041687,172.0,0.0
6.204214421765028,1873.0,199.8,0.009581982700157646,11.036527831794274,12.380698303684369,176,174.1,11.82325132519976,172.1,0.0
6.207430278179857,1874.0,199.8,0.010725501239365475,11.577083093386342,12.439613481434767,177,173.9,11.814543170615392,172.2,0.0
6.210735766543146,1875.0,199.84,0.011262309574331174,11.899758107837476,12.538687611071499,176,173.8,11.825715018323075,172.2,0.0
6.214220857990214,1876.0,199.88000000000002,0.01005093021540911,12.546329209445894,12.685884219257364,176,173.7,11.762406834938234,172.3,0.0
6.217682045552815,1877.0,199.95999999999998,0.008833908085347966,12.46027522536328,12.76833976074661,176,173.6,11.69801733157723,172.3,0.0
6.221296015943425,1878.0,200.04000000000002,0.007664369677625221,13.010293406195673,12.833218896182634,177,173.4,11.562806230420575,172.3,0.0
6.224909276740818,1879.0,200.1,0.0064904817728160214,13.0077388706142,12.881849403464116,176,173.2,11.427052371494204,172.3,0.0
6.228464687565407,1880.0,200.1,0.005899788315675006,12.799478968521955,12.808386787437788,176,173.0,11.313547796512015,172.2,0.0
6.231922383960884,1881.0,200.1,0.004696643213285582,12.447707023718282,12.696377208825728,176,172.7,11.267908974516567,172.1,0.0
6.235321057028094,1882.0,200.06,0.0035077350505354167,12.235223041955036,12.54227652722805,176,172.5,11.20990630488328,172.0,0.0
6.238663694708181,1883.0,200.01999999999998,0.0011486464175570292,12.033495648310224,12.432379431255882,176,172.3,11.152054167332754,171.9,0.0
6.241887793360201,1884.0,200.0,-0.0011924284399608652,11.606755147274294,12.311856308244995,176,172.2,11.112882998071338,171.8,0.0
6.245140461634833,1885.0,200.0,-0.0029341197696729597,11.709605788673526,12.228132744802352,175,172.1,11.076908217783584,171.7,0.0
6.248422385478206,1886.0,200.0,-0.0017322488976792634,11.814925836145218,12.191727559463953,175,172.0,11.125766523644916,171.7,0.0
6.251756849319127,1887.0,200.0,-0.0005256372117606727,12.004069827314284,12.155523541082184,176,172.0,11.205237516376972,171.7,0.0
6.255154525392274,1888.0,200.0,0.001853063744622093,12.231633863326074,12.152338973604614,175,172.1,11.362207282230674,171.7,0.0
6.258584576243731,1889.0,200.0,0.004242851702136771,12.3481830652455,12.137361665093371,175,172.2,11.495420646367172,171.7,0.0
6.2620391590232245,1890.0,200.04000000000002,0.0060541416920009035,12.436498006175658,12.167979475973066,175,172.2,11.650510302763488,171.8,0.0
6.265374296356638,1891.0,200.08,0.0060541416920009035,12.006494400288297,12.16907911644914,175,172.3,11.73710799713082,171.9,0.0
6.26872912349421,1892.0,200.12,0.005439228393217479,12.077377695257855,12.177816219658856,175,172.3,11.78232118928328,171.9,0.0
6.271965502630321,1893.0,200.16,0.004822777842095863,11.65096488999907,12.133983634848134,175,172.3,11.802803534119576,171.9,0.0
6.275169238923208,1894.0,200.2,0.004822777842095863,11.533450654395244,12.09962173105511,175,172.3,11.810632336769658,171.8,0.0
6.278291143388376,1895.0,200.2,0.004822777842095863,11.238856074604218,12.040383431209133,174,172.2,11.768158858654488,171.8,0.0
6.281503132185356,1896.0,200.17999999999998,0.0036209069701021667,11.563159669127781,11.98883495721289,175,172.1,11.652647949548832,171.7,0.0
6.284654290116987,1897.0,200.16,0.0030286884250209766,11.34416855387247,11.95099937957539,175,172.0,11.516416694437762,171.5,0.0
6.287925386956786,1898.0,200.16,0.0036584526788172637,11.77594862327548,11.925157356489176,175,171.9,11.335093368834038,171.3,0.0
6.29120491909131,1899.0,200.16,0.003660491719508694,11.806315684287167,11.988687670934278,174,171.8,11.17769931421108,171.1,0.0
6.294564069509922,1900.0,200.16,0.003658731987500983,12.092941507000486,12.031670935055875,174,171.7,11.019520206814564,170.9,0.0
6.297818098967557,1901.0,200.18,0.004876417343328992,11.714506047487719,12.097321305001307,174,171.7,10.90612536802526,170.7,0.0
6.301080693656144,1902.0,200.23999999999998,0.006715569881757177,11.745340878913073,12.1829497916958,174,171.7,10.839257047212584,170.5,0.0
6.304420997139949,1903.0,200.28000000000003,0.00856299826372251,12.02509254169806,12.338354851657426,174,171.7,10.781705665647504,170.3,0.0
6.307653098445787,1904.0,200.32,0.009808370685696701,11.635564701017337,12.39582719924062,174,171.7,10.81807644400916,170.1,0.0
6.310843590137294,1905.0,200.36,0.01106853818400267,11.48577008942678,12.475368110856147,174,171.8,10.861620748678424,169.9,0.0
6.314130858269847,1906.0,200.4,0.012341348469424092,11.834165277190147,12.476839866210954,174,171.9,10.942193720450884,169.7,0.0
6.317496654909208,1907.0,200.44,0.014282886519115334,12.116867901701363,12.459329669012297,174,171.9,11.05795620881249,169.6,0.0
6.3207435624307164,1908.0,200.48,0.013728537803964196,11.688867077431805,12.33917803504853,173,171.9,11.247836799675769,169.5,0.0
6.32405412747554,1909.0,200.51999999999998,0.013801840645365136,11.918034161363991,12.191383502065202,173,171.8,11.422297348521113,169.4,0.0
6.327237421829193,1910.0,200.56,0.013878797204707267,11.459859673152062,12.04407173975272,173,171.8,11.615112391512517,169.4,0.0
6.330312591555271,1911.0,200.64000000000001,0.01266111184888018,11.070611013877679,11.943413828341315,173,171.7,11.823215418307395,169.4,0.0
6.333199599851756,1912.0,200.68,0.010142579764836438,10.393229867346536,11.819735492963764,172,171.5,11.99331978695036,169.4,0.0
6.336162809282988,1913.0,200.72,0.007626488612748894,10.66755395243434,11.672745818733166,172,171.3,12.136126582973649,169.4,0.0
6.339079620102765,1914.0,200.76,0.005113756808718059,10.500518951195472,11.551051886489322,172,171.1,12.21433120634968,169.5,0.0
6.3421433372887295,1915.0,200.76000000000002,0.0026009165772443938,11.0293818694723,11.430010022392079,171,170.9,12.32189080924243,169.7,0.0
6.345269486894523,1916.0,200.72,0.002564103653809056,11.254138580857243,11.396564289856522,172,170.7,12.447918482079,169.9,0.0
6.348474583151799,1917.0,200.68,0.0012350504986122237,11.538346526196115,11.404459814785369,172,170.5,12.520850535132157,170.2,0.0
6.351612681869804,1918.0,200.64,0.0011726424547688246,11.297155384817636,11.510006808177236,172,170.3,12.598997592276891,170.5,0.0
6.354823316969384,1919.0,200.6,0.0011014496344368793,11.558286358486447,11.605647106997793,172,170.1,12.61073877482568,170.9,0.0
6.358142328839318,1920.0,200.64000000000001,0.0010248966663747886,11.948442731765407,11.738597905769552,172,169.9,12.610739021237482,171.2,0.0
6.361438251322984,1921.0,200.68,0.001024896666373865,11.86532094119822,11.8165347593925,173,169.7,12.576975356180244,171.5,0.0
6.364761286746841,1922.0,200.71999999999997,0.001083418889164506,11.962927525883558,11.836776136518449,173,169.6,12.573777333599333,171.8,0.0
6.368094533300674,1923.0,200.76000000000002,0.0011181432758908306,11.999687593799315,11.832514773651996,173,169.5,12.598370829812865,172.1,0.0
6.371442148721552,1924.0,200.8,0.0011151117108750966,12.051415515158622,11.809266135309697,172,169.4,12.597929277731192,172.4,0.0
6.374746415058537,1925.0,200.8,0.001079505023097955,11.895358813145632,11.729306137493975,172,169.4,12.577966375454832,172.5,0.0
6.377998156864754,1926.0,200.76000000000002,-0.0014632642971710364,11.706270502381848,11.570575287684033,172,169.4,12.494621361832166,172.5,0.0
6.381260148524354,1927.0,200.71999999999997,-0.0026901423325028464,11.743169974559066,11.392154046413356,172,169.4,12.449567480548172,172.3,0.0
6.384419993916387,1928.0,200.68,-0.003912312375964618,11.375443411318452,11.168974811758272,172,169.4,12.36195090723057,172.1,0.0
6.387512647132313,1929.0,200.64,-0.005132361490430519,11.133551577334751,10.968245669649914,171,169.5,12.350955711496876,171.9,0.0
6.390510795365843,1930.0,200.6,-0.006351601882425967,10.793333640708846,10.766514094197712,171,169.7,12.338297145517435,171.7,0.0
6.393428297696423,1931.0,200.6,-0.006351601882425967,10.503008390087519,10.609037344460653,172,169.9,12.33830107151674,171.5,0.0
6.396247657215825,1932.0,200.6,-0.006431837938078659,10.149694269846314,10.513742578841846,172,170.2,12.285614002926042,171.3,0.0
6.399143698062372,1933.0,200.6,-0.006483678794317721,10.425747047569741,10.435076794577608,172,170.5,12.202686285126696,171.1,0.0
6.402051927073814,1934.0,200.6,-0.006493534018706728,10.469624441193481,10.455262222947848,171,170.9,12.151928215496,170.9,0.0
6.405041207747495,1935.0,200.6,-0.006465946695036135,10.761410425252585,10.489892816169938,172,171.2,12.093669460113812,170.8,0.0
6.408107204218122,1936.0,200.56,-0.0063989388918138015,11.03758729425509,10.560288557899703,172,171.5,12.063892138769322,170.8,0.0
6.41120933092893,1937.0,200.52,-0.0063989388918138015,11.167656158908263,10.657549920910599,172,171.8,12.07051288528353,171.0,0.0
6.414470206260856,1938.0,200.48,-0.0063989388918138015,11.739151194935031,10.820139450269036,172,172.1,12.137878611430088,171.1,0.0
6.417683815878641,1939.0,200.44,-0.0063989388918138015,11.56899462402737,10.961657374881495,172,172.4,12.158257718470663,171.1,0.0
6.420905777922651,1940.0,200.4,-0.007577881869266506,11.599063358433465,11.114059304816237,172,172.5,12.203506446649689,171.2,0.0
6.424144842720902,1941.0,200.4,-0.00874653367952244,11.660633273703553,11.280633857599309,172,172.5,12.208700041692424,171.3,0.0
6.427491648326035,1942.0,200.4,-0.009744166832202212,12.048500178479099,11.411047114903502,172,172.3,12.225418353029276,171.4,0.0
6.430872301808264,1943.0,200.4,-0.010742100270708294,12.170352536023191,11.51547463534033,171,172.1,12.204690879151666,171.6,0.0
6.434316128161349,1944.0,200.35999999999999,-0.011747750242100268,12.397774871107522,11.55770317446937,171,171.9,12.202545796277846,171.7,0.0
6.437883472798349,1945.0,200.32,-0.01162894207859944,12.842440693201358,11.627956542696683,171,171.7,12.176918424580936,171.8,0.0
6.441421981404095,1946.0,200.24,-0.011531061835001676,12.738630980684745,11.722871442866571,170,171.5,12.175528901307748,171.9,0.0
6.444920793659412,1947.0,200.16,-0.011531061835001676,12.595724119141131,11.775023788925228,170,171.3,12.152091660532838,171.9,0.0
6.448398904056272,1948.0,200.07999999999998,-0.011531061835001676,12.52119742869538,11.845398516820364,170,171.1,12.038142583514484,171.9,0.0
6.451911290348759,1949.0,200.04000000000002,-0.011531061835001676,12.644590652954848,11.866457057654273,170,170.9,11.978958529179478,171.9,0.0
6.455483329261759,1950.0,200.0,-0.011495163851892734,12.859340086799179,11.890133644087772,170,170.8,11.902887090352284,171.8,0.0
6.458924983096269,1951.0,200.0,-0.011471371200117132,12.389953804235107,11.889015872537142,170,170.8,11.844589394335692,171.7,0.0
6.462488863860138,1952.0,200.0,-0.010310227278854712,12.82997074992647,11.92406895838787,170,171.0,11.760128610250506,171.5,0.0
6.465902131738336,1953.0,200.0,-0.009166730738816123,12.287764361511067,11.985630095869594,169,171.1,11.636415936290929,171.1,0.0
6.469345958775898,1954.0,199.95999999999998,-0.008045699276955351,12.397777335225516,12.022703583289083,169,171.1,11.483933526978436,170.8,0.0
6.472819515454407,1955.0,199.92,-0.006903815343181932,12.504804042628994,12.041226178035739,169,171.2,11.306732563342516,170.4,0.0
6.4763491406640945,1956.0,199.88,-0.005761931431719122,12.706650754875623,12.005985626989537,169,171.3,11.027612714006516,170.0,0.0
6.479916268186671,1957.0,199.84,-0.005761931431719122,12.841659081276473,12.005967389917728,169,171.4,10.718246342322695,169.6,0.0
6.483393152049971,1958.0,199.8,-0.005761931431719122,12.516781907878652,11.958103083591864,169,171.6,10.458281468929217,169.4,0.0
6.486850085836135,1959.0,199.8,-0.005761931431719122,12.444961630191257,11.975853919639963,170,171.7,10.125394755917425,169.2,0.0
6.490190610822405,1960.0,199.8,-0.004618886437375359,12.025889950572504,11.984881916881866,170,171.8,9.7301313741826,169.0,0.0
6.493507114986682,1961.0,199.8,-0.004664732882970766,11.93941499139517,11.991159954789998,170,171.9,9.130335384387791,168.9,0.0
6.496827616380224,1962.0,199.8,-0.0047058815986289,11.953805016750449,11.938900929598983,170,171.9,8.630752343004852,169.0,0.0
6.50021034204805,1963.0,199.8,-0.004742204812720675,12.17781240417413,11.857348504687206,170,171.9,8.279432788353695,169.3,0.0
6.503619006402337,1964.0,199.8,-0.00476370889195338,12.271191675431123,11.806975819832365,171,171.9,8.079359086422254,169.7,0.0
6.507092573986399,1965.0,199.76000000000002,-0.005948089115948867,12.50484330262202,11.749347719578617,171,171.8,8.080480420686696,170.3,0.0
6.510475846227779,1966.0,199.71999999999997,-0.005948089115948867,12.179780068968661,11.712076555230988,172,171.7,8.250876015365536,170.9,0.0
6.513812618978691,1967.0,199.68,-0.005948089115948867,12.01238190328298,11.717942930731535,172,171.5,8.334721132833549,171.6,0.0
6.517148508204127,1968.0,199.64,-0.005948089115948867,12.009201211571705,11.791268593234793,173,171.1,8.483031262597933,172.2,0.0
6.52044361211423,1969.0,199.6,-0.005948089115948867,11.862374076369372,11.826764797248458,173,170.8,8.633043668981177,172.8,0.0
6.523701422318988,1970.0,199.6,-0.005948089115948867,11.728116737127596,11.895177908438233,173,170.4,8.85699256615913,173.4,0.0
6.527036317445804,1971.0,199.6,-0.004757383511873127,12.005622456537257,11.948288031175547,173,170.0,9.31716994225268,173.8,0.0
6.53054394585642,1972.0,199.6,-0.003563738887536607,12.627462278216033,12.019913668575882,173,169.6,9.789761428709758,174.2,0.0
6.5339832801549145,1973.0,199.6,-0.0023707489842207745,12.381603474579896,12.060734892325907,173,169.4,10.202967700069705,174.4,0.0
6.5375176354208095,1974.0,199.6,-0.0011843802239954854,12.723678957221379,12.128600468936868,172,169.2,10.5061923427044,174.5,0.0
6.541005629657768,1975.0,199.6,0.001202107843092578,12.556779253049363,12.17948307372517,171,169.0,10.75397167618642,174.5,0.0
6.544435341652862,1976.0,199.6,0.0024118983662395925,12.346963182337182,12.254538877745182,170,168.9,10.90535535183555,174.5,0.0
6.547714538087447,1977.0,199.6,0.0036276433381069576,11.805107164506886,12.301074258495596,170,169.0,11.138426581485003,174.4,0.0
6.551044468749345,1978.0,199.6,0.004852119742850153,11.987750382833509,12.249732081969608,171,169.3,11.303489818782223,174.2,0.0
6.5542683855158455,1979.0,199.64000000000001,0.006089614180901095,11.606100359400246,12.24580633009304,171,169.7,11.498753316592396,174.0,0.0
6.557522335933733,1980.0,199.68,0.006089614180901095,11.714221504395733,12.21790227164384,171,170.3,11.643814441356705,173.8,0.0
6.560792127613952,1981.0,199.72,0.006089614180901095,11.771250048788161,12.18347063237648,171,170.9,11.720053607631607,173.7,0.0
6.563983230810627,1982.0,199.76,0.006089614180901095,11.487971508032496,12.105900249015267,171,171.6,11.711368144238088,173.5,0.0
6.567258164958191,1983.0,199.8,0.006089614180901095,11.789762931229816,11.972967039583466,171,172.2,11.61325587748657,173.4,0.0
6.570581210671788,1984.0,199.8,0.006089614180901095,11.962964568949433,11.805199263434567,171,172.8,11.44822688252478,173.3,0.0
6.573907266864256,1985.0,199.8,0.004887506337808519,11.97380229288346,11.607463279225696,171,173.4,11.20485697140324,173.3,0.0
6.577102365570225,1986.0,199.8,0.003677715814661503,11.502355341485313,11.3234017737032,172,173.8,10.925795305467682,173.3,0.0
6.580037915688256,1987.0,199.8,0.0024619708427941387,10.56798042491111,11.025401218404955,171,174.2,10.73365701791568,173.3,0.0
6.582944284102064,1988.0,199.8,0.0029059469005605645,10.462926289708586,10.79675068724136,171,174.4,10.56447786110579,173.4,0.0
6.5856759759695755,1989.0,199.8,0.0034077020425367956,9.834090723041061,10.499280357375845,172,174.5,10.501978932399084,173.5,0.0
6.588154593472641,1990.0,199.8,0.006972341228878172,8.92302301103573,10.13486710156737,172,174.5,10.509919654599097,173.6,0.0
6.590565034120405,1991.0,199.8,0.010536485747598167,8.677586331949975,9.563065754062213,172,174.5,10.674382537445055,173.6,0.0
6.593034012668765,1992.0,199.84,0.014027024200284894,8.88832277409767,9.073374716123219,173,174.4,10.89802374400794,173.6,0.0
6.595384261502407,1993.0,199.88000000000002,0.015754736474098162,8.460895801111896,8.731431306705982,172,174.2,11.223649944410358,173.6,0.0
6.597609353377853,1994.0,199.95999999999998,0.015754736474098162,8.010330751601222,8.52151662923912,172,174.0,11.57682828642634,173.6,0.0
6.599269309598668,1995.0,200.04000000000002,0.01241871720855409,5.9758423949353725,8.495389939009687,172,173.8,11.828838380534394,173.5,0.0
6.601076677634128,1996.0,200.11999999999998,0.009167049129929576,6.506524927655895,8.601692389779455,172,173.7,12.05518866062605,173.4,0.0
6.60303634010035,1997.0,200.16,0.006075981758774454,7.054784878399546,8.590313611535874,171,173.5,12.159610851322965,173.3,0.0
6.605386948231015,1998.0,200.16,0.0014656802829135483,8.462189270394184,8.601790068430645,171,173.4,12.15142035684028,173.2,0.0
6.608121754915928,1999.0,200.07999999999998,-0.0016849233681354079,9.845304065685484,8.603783013170247,171,173.3,12.007442908293594,173.1,0.0
6.611073693515324,2000.0,200.0,-0.005249562554476785,10.626978957824122,8.681578197369628,171,173.3,11.791244441187336,173.0,0.0
6.613717037267166,2001.0,199.92,-0.008813707073196779,9.516037506630093,9.021984273801186,170,173.3,11.50193697772713,172.9,0.0
6.616597988398205,2002.0,199.84,-0.012304245525883505,10.371424071741512,9.417083955570963,169,173.3,11.205501618734251,172.8,0.0
6.61936493836069,2003.0,199.8,-0.014031957799696775,9.961019864944353,9.780634110052853,169,173.4,10.99053605395251,172.7,0.0
6.622212110506073,2004.0,199.8,-0.014031957799696775,10.249819723380735,10.068359366756486,168,173.5,10.878920338991453,172.6,0.0
6.625150337216037,2005.0,199.8,-0.010695938534152703,10.577616155870858,10.325088178621925,168,173.6,10.919136558880467,172.5,0.0
6.628270459380545,2006.0,199.8,-0.007444270455528189,11.232439792226703,10.50631131847874,168,173.6,11.078775977107645,172.4,0.0
6.631377917044989,2007.0,199.8,-0.004353203084373067,11.186847591999,10.78385447624396,169,173.6,11.335791488514833,172.3,0.0
6.6345708158496395,2008.0,199.8,-0.0014113540710217827,11.494435696741126,11.015998732103679,169,173.6,11.666281282738796,172.3,0.0
6.637993898460891,2009.0,199.8,0.0,12.323097400505691,11.284417213806321,169,173.6,12.068688963314711,172.3,0.0
6.641366347270424,2010.0,199.8,0.0,12.14081571431542,11.504754304980812,170,173.5,12.502193532623776,172.3,0.0
6.644657111104625,2011.0,199.8,0.0,11.84674980312464,11.632309555154931,171,173.4,12.874693548786126,172.4,0.0
6.647996571228156,2012.0,199.8,0.0,12.022056444713735,11.651668912987384,172,173.3,13.189757565497024,172.6,0.0
6.651305919795669,2013.0,199.8,0.0,11.913654843046052,11.54998233055503,173,173.2,13.461153885459671,172.8,0.0
6.654556039509842,2014.0,199.8,0.0,11.70043097102382,11.351448966669675,174,173.1,13.547966630376564,173.1,0.0
6.6577060416816805,2015.0,199.8,-0.0013711701473302783,11.340007818619886,11.052496390768965,174,173.0,13.578729221022131,173.4,0.0
6.660802037558984,2016.0,199.8,-0.0027413043132671435,11.145585158291514,10.714925231020562,175,172.9,13.598184759898508,173.8,0.0
6.663636961149118,2017.0,199.8,-0.005439352645239083,10.205724924483809,10.454528703094937,175,172.8,13.53706517270358,174.2,0.0
6.666371446078874,2018.0,199.8,-0.008082033619011011,9.844145747123227,10.214306761850546,175,172.7,13.449294907511534,174.5,0.0
6.669118501159232,2019.0,199.76000000000002,-0.010648043797753942,9.8893982892903,10.074173983167533,175,172.6,13.313677251641575,174.8,0.0
6.671715778674499,2020.0,199.71999999999997,-0.011891907802965191,9.35019905495984,10.001102987331663,174,172.5,13.206401422222816,175.0,0.0
6.674472825043278,2021.0,199.64000000000001,-0.013109271633355657,9.925366927604605,10.093728688525777,175,172.4,13.076536696964345,175.2,0.0
6.67734234306456,2022.0,199.56,-0.013109271633355657,10.33026487661485,10.260526485097037,174,172.3,13.005506237501342,175.4,0.0
6.6804780834967765,2023.0,199.48,-0.013109271633355657,11.288665555978993,10.5609290926994,174,172.3,12.933887304742498,175.6,0.0
6.683750260772617,2024.0,199.44,-0.013109271633355657,11.779838193023949,10.92038261010786,174,172.3,12.96219934543343,175.6,0.0
6.687357104285694,2025.0,199.4,-0.01173810148602538,12.984636647079483,11.211528360076816,174,172.3,12.99252075638239,175.6,0.0
6.691074325736783,2026.0,199.4,-0.010367967320088513,13.38199722392036,11.4887521568798,174,172.4,12.981825599746704,175.5,0.0
6.694813766550257,2027.0,199.4,-0.007669918988116575,13.461986928507987,11.661432587950333,173,172.6,13.03700337896256,175.4,0.0
6.698529302430058,2028.0,199.4,-0.005027238014344647,13.375929167283049,11.724284877902152,173,172.8,13.052390836097942,175.3,0.0
6.701976385549605,2029.0,199.4,-0.0024612278356017166,12.409499230370823,11.657941279331775,173,173.1,13.01653914404955,175.1,0.0
6.705202413842904,2030.0,199.4,-0.0012173638303904686,11.613701855876402,11.522754530261398,173,173.4,12.85496788429813,175.1,0.0
6.708249521852507,2031.0,199.4,0.0,10.969588834573745,11.313679211314383,173,173.8,12.71279768834554,175.1,0.0
6.711096288500226,2032.0,199.4,0.0,10.24835993178799,11.090529047173913,173,174.2,12.578192183472476,175.0,0.0
6.713832091575368,2033.0,199.4,0.0,9.848891070512165,10.9304660541135,173,174.5,12.486774565187282,174.9,0.0
6.716503717553691,2034.0,199.4,0.0,9.617853521961331,10.854837352971668,174,174.8,12.451741245876644,174.9,0.0
6.719306929223823,2035.0,199.4,0.0,10.091562012477437,10.911500581778949,174,175.0,12.35036300331321,175.0,0.0
6.722200719122154,2036.0,199.4,0.0,10.417643633991597,11.078775977107645,174,175.2,12.230876631081774,175.2,0.0
6.72534303336679,2037.0,199.4,0.0,11.312331280690561,11.335791488514834,174,175.4,12.102072305590584,175.4,0.0
6.728748525593921,2038.0,199.4,0.0,12.259772017672478,11.6662812827388,174,175.6,12.033665368104623,175.7,0.0
6.732307320435382,2039.0,199.4,0.0,12.811661429260967,12.060715627078613,174,175.6,12.074811410012751,176.0,2.0
6.73597679155709,2040.0,199.4,0.0,13.21009603814818,12.47817044303984,173,175.6,12.198840757177248,176.2,2.0
6.739737831542825,2041.0,199.4,0.0,13.539743948645633,12.82678613331034,173,175.5,12.401907264599492,176.4,2.0
6.743502625396721,2042.0,199.4,0.0,13.553257874027638,13.110525171248202,173,175.4,12.54360727622822,176.7,2.0
6.747356227584574,2043.0,199.4,-0.001063746079101682,13.87296787627129,13.34136687234017,173,175.3,12.636199938568954,176.9,2.0
6.751232032922089,2044.0,199.4,-0.0021344341782937536,13.952899215051975,13.397913238288282,173,175.1,12.652522519015074,177.1,2.0
6.755069966859339,2045.0,199.4,-0.003216028671521489,13.816562174100955,13.40619971744294,173,175.1,12.721821998858122,177.3,2.0
6.758838934581867,2046.0,199.4,-0.0043064089757114165,13.568283801100575,13.41065532373754,173,175.1,12.864502055452787,177.3,2.0
6.762735127493066,2047.0,199.35999999999999,-0.005407617983394623,14.026294480317029,13.3427739420197,173,175.0,12.990672455642002,177.3,2.0
6.766381766233855,2048.0,199.32,-0.00430039464759899,13.127899466841392,13.25597522480189,173,174.9,13.124656099864705,177.3,2.0
6.770026012715999,2049.0,199.28000000000003,-0.0031870402738735223,13.11928733571664,13.13652544084548,173,174.9,13.242262023038666,177.3,2.0
6.773749527001252,2050.0,199.23999999999998,-0.002076117689191145,13.404651426911943,13.061263280878771,172,175.0,13.389158429045846,177.3,2.0
6.77734079035589,2051.0,199.2,-0.0009677877299780074,12.928548076696362,12.978229339724283,172,175.2,13.437923556378667,177.4,2.0
6.780861777917586,2052.0,199.23999999999998,0.00014145533367001563,12.675555222107183,12.96982786240784,172,175.4,13.48063557945191,177.4,2.0
6.7843386643946895,2053.0,199.28,0.0012052014127716976,12.516791317571716,12.979294734854799,172,175.7,13.53750241070992,177.5,2.0
6.7879164813171515,2054.0,199.32,0.002275889511963769,12.880140920864326,13.070478982981689,172,176.0,13.560765285523267,177.6,2.0
6.791393679906462,2055.0,199.35999999999999,0.003357484005191505,12.517914921516274,13.14766706083557,172,176.2,13.611876873933866,177.6,2.0
6.794965340797148,2056.0,199.4,0.004447864309381432,12.857979206470546,13.168028767733276,172,176.4,13.58925446678083,177.7,2.0
6.798662592228462,2057.0,199.4,0.005549073317064638,13.310105152728601,13.246671055550769,173,176.7,13.588541385071002,177.8,2.0
6.802387875526726,2058.0,199.4,0.0044418499812690065,13.411019873750707,13.285756798677264,173,176.9,13.507964919344213,177.8,2.0
6.806116348150395,2059.0,199.4,0.0033284956075435384,13.422501445206258,13.281110480667106,173,177.1,13.387129250455772,177.9,2.0
6.8098101536672155,2060.0,199.4,0.00221757302286116,13.297699860555044,13.162774403855114,173,177.3,13.292651787774023,178.1,2.0
6.813554688630786,2061.0,199.4,0.0022752006955114807,13.480325868854955,13.086233506934814,174,177.3,13.24059902746905,178.2,2.0
6.8171184191289695,2062.0,199.4,0.0035206539360364856,12.829429793460982,13.043929956529393,174,177.3,13.286146660584944,178.4,2.0
6.820495717572605,2063.0,199.4,0.005900411656265115,12.158274397087835,13.070701113557124,175,177.3,13.28867675068473,178.6,2.0
6.823624725440203,2064.0,199.4,0.009490340300491298,11.264428323350106,13.197359815660164,175,177.3,13.37190648668808,178.9,2.0
6.826707006818533,2065.0,199.44,0.014260601138871395,11.096212961990355,13.27340046780397,176,177.3,13.389549268398635,179.2,2.0
6.829904763529017,2066.0,199.52,0.018982361275473682,11.51192415773992,13.343129914820555,176,177.4,13.450796494065852,179.5,2.0
6.8333480771317605,2067.0,199.6,0.02246569646564346,12.39592896987666,13.39570480704435,176,177.4,13.40875147150584,179.7,2.0
6.836976045654161,2068.0,199.71999999999997,0.025909681839921046,13.060686680644304,13.4825485032496,176,177.5,13.432009859990584,179.9,2.0
6.840422912048487,2069.0,199.88,0.02818884805603078,12.408719019571958,13.65247159541558,175,177.6,13.423001466740118,180.1,2.0
6.843784810975776,2070.0,200.04,0.02932696102744465,12.102836138240663,13.857872475907277,175,177.6,13.337987275238294,180.3,2.0
6.847171556146315,2071.0,200.16,0.02816100339558119,12.192282613943062,14.083268705057915,176,177.7,13.24838589366814,180.5,2.0
6.850545267373704,2072.0,200.28000000000003,0.025806307091408166,12.145360418601372,14.175569767225474,176,177.8,13.108024636613653,180.6,2.0
6.854036860378195,2073.0,200.36,0.023426549371179533,12.569734816169115,14.167756183232578,175,177.8,12.993283948767782,180.7,2.0
6.857510394210138,2074.0,200.4,0.01983662072695335,12.504721794995058,14.030108425800824,175,177.9,12.795777401031213,180.7,2.0
6.861156749220197,2075.0,200.4,0.015066359888573253,13.126878036212815,13.928726209554839,175,178.1,12.708811572846496,180.7,2.0
6.864748117074094,2076.0,200.4,0.010344599751970968,12.928924274027166,13.8977079788603,175,178.2,12.576881910039932,180.7,2.0
6.868448632516673,2077.0,200.4,0.007932858691622071,13.321855593284022,13.873000223870738,175,178.4,12.512288865597498,180.8,2.0
6.872121941540313,2078.0,200.4,0.0055570722101286356,13.223912485105505,13.882368493199436,174,178.6,12.451945700227862,180.9,2.0
6.875761306489759,2079.0,200.4,0.004341617715954781,13.101713818002425,13.896356851451884,175,178.9,12.5066474560656,181.0,2.0
6.879519538907589,2080.0,200.4,0.004265391717495881,13.529636704187368,13.976722990042578,175,179.2,12.581772321837777,181.1,2.0
6.883256757411988,2081.0,200.44,0.0063811910497059005,13.453986615835165,13.995027664178902,175,179.5,12.645448041273086,181.2,2.0
6.887002645428884,2082.0,200.48,0.007440851830597774,13.485196860828415,14.034242648764538,175,179.7,12.737093452973392,181.2,2.0
6.890820921553304,2083.0,200.52,0.008500568218982008,13.745794047908698,14.089443546838003,175,179.9,12.749237409272157,181.2,2.0
6.8947025009574885,2084.0,200.56,0.009566605929768901,13.973685855066881,14.11110393928893,176,180.1,12.8784450175124,181.3,2.0
6.898484314654583,2085.0,200.64,0.010642265970886893,13.61452930954102,14.154116936170686,177,180.3,12.888541394925207,181.4,2.0
6.902194327017017,2086.0,200.68,0.009558960680873835,13.356044504759613,14.106865576918509,177,180.5,12.999934449498395,181.4,2.0
6.906052805879757,2087.0,200.72,0.007399802463496717,13.890523905864104,14.050565325221424,178,180.6,13.124629184429594,181.4,2.0
6.909790734000101,2088.0,200.76000000000002,0.005247767875693742,13.456541233239003,13.895926509058636,177,180.7,13.297717861846031,181.4,2.0
6.91357207558402,2089.0,200.8,0.0031004268150228837,13.612829702108398,13.677758447706946,177,180.7,13.321532222444612,181.4,2.0
6.91726746798198,2090.0,200.76000000000002,0.0009616552546433359,13.303412632657,13.464184168575098,177,180.7,13.370007854148744,181.3,2.0
6.9210027057038515,2091.0,200.72,-0.0011541440775666829,13.446855798736882,13.275371107502025,178,180.7,13.465077218656436,181.1,2.0
6.92452477020484,2092.0,200.68,-0.002749089144647865,12.67943220356052,13.19861819213138,177,180.8,13.45372563939186,181.0,2.0
6.928007391693458,2093.0,200.64,-0.004882731023455106,12.537437359024295,13.100463947730237,177,180.9,13.471765970750251,180.9,2.0
6.931626533701305,2094.0,200.6,-0.006484801693943722,13.028911228249388,13.10792426650247,178,181.0,13.414745195873513,180.8,2.0
6.9352637563975525,2095.0,200.6,-0.00809685443514776,13.094001706491305,13.070657073263254,177,181.1,13.389357749809278,180.7,2.0
6.939100289963085,2096.0,200.57999999999998,-0.007013549145134701,13.811520835918557,13.09658605821052,177,181.2,13.21434983866661,180.7,2.0
6.942965796853881,2097.0,200.54,-0.005925985057578465,13.91582480686194,13.02853704818271,178,181.2,13.057182359061027,180.7,2.0
6.946934918685345,2098.0,200.52,-0.004842149362559639,14.288838593272493,13.036213298858263,177,181.2,12.924761635110816,180.7,2.0
6.950765267996238,2099.0,200.5,-0.004312652453193027,13.78925751921397,13.033961688793028,177,181.3,12.863276273867603,180.7,2.0
6.954630791576608,2100.0,200.5,-0.0037984534904358033,13.91588488932917,12.972024012032762,178,181.4,12.821510138564316,180.7,2.0
6.958249237569146,2101.0,200.5,-0.004931525604806732,13.026405573136756,12.920215121575609,178,181.4,12.75876176338311,180.8,2.0
6.961835908704815,2102.0,200.5,-0.004968720256680445,12.912016088407944,12.812602892750984,178,181.4,12.763199345922205,180.9,2.0
6.965293506878848,2103.0,200.48,-0.003894794766257438,12.447353426519653,12.72250976887257,178,181.4,12.824526804654024,180.9,2.0
6.968676498354745,2104.0,200.45999999999998,-0.0033587618065557172,12.178769313231136,12.543349003661493,178,181.4,12.908642439916155,180.9,2.0
6.9720648283244095,2105.0,200.42000000000002,-0.0028223691064696715,12.197987890789788,12.47247627284192,178,181.3,13.023287931054917,180.9,2.0
6.975511469509236,2106.0,200.4,-0.0028223691064696715,12.407908265373678,12.357329307021285,178,181.1,13.21181436880301,180.9,2.0
6.979058252267126,2107.0,200.4,-0.0028223691064696715,12.768417928403233,12.32328976890173,178,181.0,13.368631803037324,180.9,2.0
6.982478744799322,2108.0,200.4,-0.0028223691064696715,12.31377311590682,12.29728599901473,178,180.9,13.39099520719337,180.9,2.0
6.986067522365257,2109.0,200.4,-0.0022682366771013054,12.91959923736678,12.378003969078469,179,180.8,13.370303333590954,180.8,2.0
6.989566574660053,2110.0,200.4,-0.0017055510524339498,12.596588261263523,12.475108771604829,179,180.7,13.360209828820876,180.8,2.0
6.99300559552914,2111.0,200.4,-0.0005724789380630214,12.38047512871243,12.557307274918918,180,180.7,13.314461585826669,180.8,2.0
6.996424646761004,2112.0,200.4,0.0,12.30858443471157,12.67558746622728,180,180.7,13.291992587630634,180.8,2.0
7.000034194256809,2113.0,200.4,0.0,12.99437098489703,12.722183308202132,181,180.7,13.21977558547736,180.9,2.0
7.003625865915407,2114.0,200.4,0.0,12.930017970952903,12.89397737918737,181,180.7,13.131911369034128,180.9,2.0
7.0071910728835025,2115.0,200.4,0.0,12.834745085142892,12.958104217870266,181,180.7,13.009824093110572,180.9,2.0
7.010892284656385,2116.0,200.4,0.001077037512399724,13.324362382376727,13.137782712577149,180,180.8,12.876051945105337,180.8,2.0
7.014472800626216,2117.0,200.4,0.002146470666488534,12.889857491390893,13.339179280191749,180,180.9,12.744156767937858,180.8,2.0
7.0182522031813015,2118.0,200.4,0.0032168061546625033,13.605849198309235,13.613511406438473,180,180.9,12.669566770880758,180.7,2.0
7.02186902624005,2119.0,200.4,0.005354610512497604,13.020563011494882,13.758071486702795,181,180.9,12.672035808408914,180.7,2.0
7.025677503686437,2120.0,200.44,0.007501501830930073,13.710518806995424,13.946447999458371,181,180.9,12.656676936548848,180.6,2.0
7.029462898819222,2121.0,200.48,0.009652463851524712,13.627422478024382,14.212690482912354,181,180.9,12.677302054931364,180.5,2.0
7.033362751932799,2122.0,200.51999999999998,0.012921637176540959,14.039471208875955,14.366812213416395,181,180.9,12.720302386541857,180.4,2.0
7.037038450430266,2123.0,200.6,0.016230161084076263,13.232514590882863,14.541675781781901,181,180.9,12.727987413363223,180.2,2.0
7.0407647766213755,2124.0,200.68,0.018458442023645587,13.414774287994192,14.632650221511739,181,180.8,12.714220689470691,180.0,2.0
7.044594065157548,2125.0,200.76,0.02181683992168068,13.785438730219807,14.738182230119511,181,180.8,12.682427220826218,179.8,2.0
7.048263744765807,2126.0,200.88,0.022986027673603807,13.210846589730972,14.657579583131897,181,180.8,12.647103575126986,179.7,2.0
7.051894372767189,2127.0,201.0,0.02304523068868574,13.070260804974806,14.580284021591009,181,180.8,12.631130381107027,179.5,2.0
7.05551538428095,2128.0,201.07999999999998,0.02310313895897098,13.035641449541831,14.499463906738066,181,180.9,12.631016074252,179.5,2.0
7.059061686656187,2129.0,201.2,0.023211031494181692,12.766688550852567,14.460266914171381,182,180.9,12.658668305688172,179.5,2.0
7.062384031016067,2130.0,201.28000000000003,0.022179671887703662,11.960439695568725,14.417090895960996,182,180.9,12.638962731335408,179.5,2.0
7.065732849816613,2131.0,201.32,0.022240132984870147,12.055747681968569,14.305781894022672,181,180.8,12.60716263764092,179.5,2.0
7.069264867585884,2132.0,201.36,0.021150826799677613,12.715263969373863,14.243187683629358,181,180.8,12.544954850433005,179.4,2.0
7.072769773413231,2133.0,201.44,0.01999659963875859,12.617660978450695,14.233395522195224,182,180.7,12.533874940129872,179.4,2.0
7.0763800825618315,2134.0,201.48000000000002,0.018843668199147397,12.997112934961358,14.238837984990017,182,180.7,12.543920079492873,179.4,2.0
7.080035070055834,2135.0,201.56,0.016562284011327054,13.157954978407705,14.259985820065122,181,180.6,12.579625327881685,179.4,2.0
7.083717076282256,2136.0,201.64000000000001,0.014316058747004205,13.255222415121912,14.363980256961094,181,180.5,12.660799663602724,179.4,2.0
7.087518058335671,2137.0,201.72,0.013187422577833457,13.683535392293004,14.41665869045607,181,180.4,12.668802864920591,179.4,2.0
7.091372724391827,2138.0,201.76,0.01205917881937425,13.876797802163162,14.316668959999987,181,180.2,12.710897211310536,179.3,2.0
7.095237486464672,2139.0,201.8,0.009813481926328438,13.913143462240155,14.167486023958684,181,180.0,12.67062032409666,179.2,2.0
7.099083515373852,2140.0,201.8,0.008697950214374,13.845704073049692,14.026444144175077,180,179.8,12.697290221524629,179.2,2.0
7.102867938158384,2141.0,201.8,0.006486527096612876,13.623922024311696,13.865921982805997,180,179.7,12.715557136846671,179.1,2.0
7.106462076494754,2142.0,201.8,0.004306659956789159,12.938898010934327,13.753355785000721,180,179.5,12.722637620062317,179.1,2.0
7.109909504895429,2143.0,201.8,0.0021523632101728774,12.41074224242652,13.60450612445687,181,179.5,12.720715513946113,179.2,2.0
7.113491776530779,2144.0,201.8,0.0010770137102147452,12.896177887260597,13.455754384728445,181,179.5,12.72376331860104,179.2,2.0
7.11701968557202,2145.0,201.8,0.0011363604252476608,12.700472548465616,13.305536232417747,181,179.5,12.724601889574563,179.2,2.0
7.120639277914565,2146.0,201.8,0.0022740998233691614,13.030532433161563,13.159978177147568,181,179.5,12.654010800193166,179.2,2.0
7.12423965718422,2147.0,201.8,0.003409988195958316,12.961365370760296,13.041245556435834,181,179.4,12.752144708005735,179.3,2.0
7.127850255972478,2148.0,201.8,0.004542036756000583,12.99815563773083,13.005225587069713,181,179.4,12.775390214511289,179.3,2.0
7.131375886723313,2149.0,201.84,0.006804766837724058,12.692270703004601,13.071651996136424,181,179.4,12.83668163088141,179.3,2.0
7.1348503263324785,2150.0,201.88000000000002,0.0079373568998049,12.507982592997307,13.12918986702291,181,179.4,12.8444723689694,179.2,2.0
7.138268373624878,2151.0,201.92000000000002,0.009072786242253671,12.304970252636917,13.206794682250873,181,179.4,12.879275890502171,179.2,2.0
7.141655317524979,2152.0,201.95999999999998,0.010211386864479742,12.192998040363323,13.284035747167971,180,179.4,12.860243364927513,179.3,2.0
7.145109604363231,2153.0,202.04000000000002,0.011351427349022272,12.435432617708097,13.299866808726488,181,179.3,12.831279470623002,179.3,2.0
7.148649212465637,2154.0,202.08,0.011351427349022272,12.742589168659933,13.26948159697137,181,179.2,12.825998231456008,179.4,2.0
7.152234413502384,2155.0,202.12,0.00907750650649703,12.9067237322908,13.182339365869169,181,179.2,12.8489878991391,179.4,2.0
7.155973451210514,2156.0,202.16,0.006800433105569596,13.460535749266462,13.077161384987594,181,179.1,12.962828791314047,179.4,2.0
7.159595177776896,2157.0,202.2,0.004522336893366842,13.038215638973979,12.969611095963089,181,179.1,12.942704266747416,179.3,2.0
7.163167535665453,2158.0,202.2,0.0022424165257596508,12.860488398805487,12.85588897578044,180,179.2,13.00326828529993,179.3,2.0
7.166604851225609,2159.0,202.16,-0.0011692000789897314,12.37433601655989,12.743519050350086,181,179.2,13.041462396830545,179.3,2.0
7.1699811695967215,2160.0,202.11999999999998,-0.0023017901410705734,12.154746136004976,12.571665107895255,181,179.2,13.10424105726832,179.3,2.0
7.173354846905732,2161.0,202.07999999999998,-0.004581927662394196,12.145238312437328,12.395774431665302,181,179.2,13.118045467124585,179.3,2.0
7.176741473286791,2162.0,202.04000000000002,-0.0068578972014821495,12.191854971813031,12.206098830577425,181,179.3,13.18649152155952,179.3,2.0
7.180272571879033,2163.0,202.0,-0.009134588098343445,12.711954932069832,12.092696114603054,181,179.3,13.265213442842905,179.3,2.0
7.183757442274903,2164.0,202.0,-0.010833917393585503,12.545533425132295,12.024496000343174,181,179.3,13.267741297090849,179.3,2.0
7.187254309718054,2165.0,201.95999999999998,-0.011969331721296012,12.58872279534591,12.01794021251392,180,179.2,13.294655641252726,179.4,2.0
7.190820548017273,2166.0,201.92,-0.011397047842917268,12.838457877187324,12.07087394662027,181,179.2,13.241218989865729,179.5,2.0
7.194411497055035,2167.0,201.88,-0.010254840003304472,12.927416535942664,12.078888835544008,180,179.3,13.23144714218216,179.5,2.0
7.198011758108489,2168.0,201.82000000000002,-0.009106968195738745,12.960939792435473,12.142406081416825,180,179.3,13.151922651462304,179.5,2.0
7.201548254914169,2169.0,201.74,-0.007392075775315782,12.731388500447984,12.148559446816446,180,179.4,13.117163994868449,179.6,2.0
7.205150057551173,2170.0,201.72,-0.00626033513856912,12.966489493215402,12.242943317933557,180,179.4,13.048190644346068,179.7,2.0
7.208545965974955,2171.0,201.71999999999997,-0.004549793933052196,12.225270325615993,12.352266060528603,180,179.4,13.017000087095928,179.8,2.0
7.212049521095986,2172.0,201.72,-0.003412425016190312,12.612798435712467,12.452349085746441,179,179.3,12.99250185321775,179.9,2.0
7.215468739445967,2173.0,201.74,-0.0022757746038715478,12.309186059931095,12.536381587180658,179,179.3,12.959436230268356,180.0,2.0
7.219027692890248,2174.0,201.78000000000003,-0.0005764453086294884,12.812232399411986,12.610041884636379,179,179.3,13.024340998986016,180.1,2.0
7.2225753017648495,2175.0,201.8,0.0016965294363586003,12.771391948566354,12.657204601960313,179,179.3,13.0283479132081,180.3,2.0
7.226161208073001,2176.0,201.8,0.00226357956078579,12.909262709343743,12.611461800512597,179,179.3,13.08560344533891,180.5,2.0
7.229746817927107,2177.0,201.8,0.002263579560786595,12.90819547478062,12.70765404002146,180,179.3,13.126798098698018,180.7,2.0
7.233355545104603,2178.0,201.8,0.001143849584347798,12.991417838984765,12.71560550144443,180,179.3,13.209757953664043,180.9,2.0
7.236894371274098,2179.0,201.8,-0.0005444138426257811,12.739774210183212,12.753340580990889,180,179.3,13.223215520758623,181.0,2.0
7.240300087551709,2180.0,201.8,-0.0027988741102453725,12.26057859940143,12.726574092327965,180,179.4,13.221590312154234,181.0,2.0
7.24396859016386,2181.0,201.8,-0.004485417975207421,13.2066094037417,12.710356082906163,179,179.5,13.207827519499256,181.0,2.0
7.247536716136295,2182.0,201.76000000000002,-0.0055962866159817316,12.845253500767972,12.637370331711903,179,179.5,13.13933729935653,181.0,2.0
7.2511261884206375,2183.0,201.72,-0.0055962866159817316,12.92210022363231,12.554754749920537,179,179.5,13.050659387883533,181.0,2.0
7.254706782804052,2184.0,201.68,-0.0055962866159817316,12.890139780291898,12.510363692384846,179,179.6,12.869577197001451,181.0,2.0
7.258351068127356,2185.0,201.64,-0.0055962866159817316,13.119427163894068,12.513728857390888,179,179.7,12.822507592061104,180.9,2.0
7.261884106308911,2186.0,201.6,-0.0055962866159817316,12.718937453597139,12.629923307501269,179,179.8,12.748930100623442,180.7,2.0
7.26538926090106,2187.0,201.6,-0.0055962866159817316,12.618556531735537,12.633737494508765,179,179.9,12.76556678582326,180.7,2.0
7.2689833179697585,2188.0,201.6,-0.004476556639543739,12.938605447314833,12.7327195209822,179,180.0,12.810703991533073,180.7,2.0
7.2725860043272625,2189.0,201.6,-0.0033542991099672127,12.969670887014114,12.817424516325662,180,180.1,12.962947042311017,180.8,2.0
7.27630794530536,2190.0,201.6,-0.0022315794790942834,13.398987521150886,12.934824075850731,179,180.3,13.098322993940096,181.0,2.0
7.279920546460382,2191.0,201.6,-0.0011108686407743109,13.0053641580754,13.011610858298628,179,180.5,13.234551679824682,181.2,2.0
7.283656905817685,2192.0,201.6,0.0,13.450893686293126,13.150260221833047,180,180.7,13.365401599304189,181.3,2.0
7.28735247285628,2193.0,201.6,0.0010883163304261582,13.304041338938411,13.307110936208113,179,180.9,13.49971861999686,181.4,2.0
7.2911074524075765,2194.0,201.6,0.002183213280599148,13.517926384669666,13.379734951502522,179,181.0,13.66375359477217,181.5,2.0
7.294790083313814,2195.0,201.6,0.0032810115551065444,13.257471262456715,13.478106543415553,179,181.0,13.689222194596123,181.6,2.0
7.298513249424355,2196.0,201.6,0.004384612843016668,13.40339799794651,13.495465447196938,180,181.0,13.745044126876047,181.8,2.0
7.302237076020068,2197.0,201.64000000000001,0.005490858514343231,13.405775744569384,13.556393968336767,179,181.0,13.70665547606362,181.9,2.0
7.305838154906122,2198.0,201.68,0.005490858514343231,12.963883989794256,13.546411685531345,179,181.0,13.60365311140474,182.0,2.0
7.309515603330743,2199.0,201.72,0.006602017961724449,13.23881432863292,13.575048829804697,179,181.0,13.424224094024822,182.0,2.0
7.313089109166099,2200.0,201.76,0.007707640119584755,12.864621007280897,13.552618054654221,179,180.9,13.279837858064576,182.0,2.0
7.316674566299777,2201.0,201.8,0.008812922239461094,12.90764568123972,13.55287019659193,180,180.7,13.148676372959816,182.0,2.0
7.32019002429397,2202.0,201.8,0.00991336824182839,12.655648779094566,13.552196406866818,180,180.7,13.014008373952615,182.0,2.0
7.323789039508692,2203.0,201.84,0.009922044482761702,12.956454772999846,13.534257810343352,180,180.7,12.952603467720328,182.0,2.0
7.327352426419649,2204.0,201.88000000000002,0.008827147532588713,12.82819287944586,13.62629836054648,179,180.8,12.876934878106804,182.0,2.0
7.330948416889081,2205.0,201.92000000000002,0.007729349258081317,12.94556568995531,13.646735278566297,179,181.0,12.896697765696876,182.0,2.0
7.33460353234996,2206.0,201.95999999999998,0.007714875651488762,13.158415659164739,13.714686121477897,179,181.2,12.899085529418008,182.0,2.0
7.338235509993036,2207.0,202.0,0.007698892552014976,13.075119515075443,13.757927055134695,179,181.3,12.96186740839759,182.0,2.0
7.342016879903306,2208.0,202.0,0.008794838235721743,13.612931676970861,13.837315161408025,179,181.4,13.053432172675372,182.0,2.0
7.3457054586452095,2209.0,202.0,0.008787071312197699,13.27888347085375,13.84378508484611,179,181.5,13.148628694639656,182.0,2.0
7.349438007625373,2210.0,202.04000000000002,0.008800367031713526,13.43717632858901,13.850595425426992,179,181.6,13.289330590473288,182.1,2.0
7.353137894351716,2211.0,202.08,0.008818110177886761,13.319592214830804,13.852670146682774,180,181.8,13.38657213452884,182.1,2.0
7.356883796387481,2212.0,202.12,0.00884717072127372,13.48524732875481,13.781958274504778,180,181.9,13.493731260553757,182.1,2.0
7.360520193733022,2213.0,202.16,0.00887821266977425,13.09103044394564,13.668109208867946,180,182.0,13.497434782128002,182.1,2.0
7.364079066175633,2214.0,202.2,0.010002272675338713,12.811940793401956,13.429148297847508,180,182.0,13.5038532448912,182.2,2.0
7.367636826665468,2215.0,202.23999999999998,0.010002272675337924,12.807937763405532,13.30416973277298,180,182.0,13.43928965835986,182.2,2.0
7.3711016915148395,2216.0,202.28000000000003,0.007813767615201766,12.473513457737505,13.137192297810547,179,182.0,13.388160166936364,182.2,2.0
7.374487341626047,2217.0,202.32,0.004547382973124407,12.188340400345437,13.04364459899578,179,182.0,13.34516075305546,182.2,2.0
7.377765705450533,2218.0,202.36,0.0012966198837435863,11.802109768150094,12.967810280408717,180,182.0,13.26988311001288,182.3,2.0
7.381323535289824,2219.0,202.35999999999999,-0.0019401504393622073,12.808187421450246,12.98952299804131,180,182.0,13.245396022858737,182.4,2.0
7.384851702349327,2220.0,202.32,-0.004112951490209531,12.701401414212397,12.989141221562491,180,182.0,13.090258702499778,182.3,2.0
7.388597802090113,2221.0,202.24,-0.006287899195336166,13.485959066828961,12.997527908375526,181,182.0,12.979438259265637,182.4,2.0
7.39246908525285,2222.0,202.16,-0.007417405741090418,13.93661938585293,13.035149624554183,181,182.0,12.868438159031012,182.5,2.0
7.396528379961663,2223.0,202.07999999999998,-0.008545440260950419,14.61346095172509,13.12392828279747,181,182.0,12.850128660521856,182.6,2.0
7.4004632967143555,2224.0,202.04000000000002,-0.008610961072514486,14.165700309692758,13.288250548540578,182,182.0,12.873630319551983,182.6,2.0
7.404399470220537,2225.0,202.0,-0.007538273377558097,14.170224622251395,13.350731823885607,182,182.1,12.925087566691827,182.7,2.0
7.408227807068463,2226.0,202.0,-0.005354545409981956,13.782012652532567,13.466249830524493,181,182.1,12.982991620308365,182.7,2.0
7.4119865600149275,2227.0,202.0,-0.0020832560703262968,13.531510607272152,13.512041789884375,181,182.1,12.97011379419418,182.7,2.0
7.415720576547123,2228.0,202.04000000000002,0.001178061314925039,13.442459515903227,13.502397497425296,181,182.1,12.997130037027144,182.6,2.0
7.419349152497037,2229.0,202.07999999999998,0.0033114391141736573,13.062873419689748,13.427324805393543,180,182.2,12.937153837847168,182.5,2.0
7.42303238047954,2230.0,202.11999999999998,0.004365322287644849,13.259620737011659,13.385772806416275,180,182.2,12.991707785252409,182.5,2.0
7.426671845079181,2231.0,202.16,0.005417244726721909,13.102072558704673,13.350122527223245,181,182.2,12.98851267924982,182.4,2.0
7.430257010562309,2232.0,202.2,0.005417244726721909,12.906595739264112,13.292331558952787,181,182.2,12.999243478994448,182.3,2.0
7.433817891333955,2233.0,202.2,0.005417244726721909,12.819170777925915,13.292585329916125,181,182.3,13.006217691100868,182.2,2.0
7.43735173520898,2234.0,202.2,0.005461863676074838,12.721837950090325,13.261243372398567,181,182.4,12.9613631921866,182.0,2.0
7.440923571256537,2235.0,202.2,0.005484347221743601,12.858609771203794,13.320672653974762,180,182.3,12.933767194413818,181.8,2.0
7.444377830329443,2236.0,202.2,0.005483572656770862,12.435332662460535,13.370816975805761,181,182.4,12.87578654614838,181.7,2.0
7.447966014091929,2237.0,202.2,0.006539815002182018,12.917461544949298,13.493581723999949,181,182.5,12.844751026842811,181.6,2.0
7.45148984009742,2238.0,202.23999999999998,0.00756763943176096,12.685773619768003,13.654933013482657,182,182.6,12.772687750145847,181.5,2.0
7.455173312957306,2239.0,202.28000000000003,0.008634508820829945,13.260502295590449,13.828368727978761,182,182.6,12.764153426290038,181.4,2.0
7.4588631736168125,2240.0,202.32,0.010767233420076456,13.28349837422298,14.050158352070525,182,182.7,12.750999378518628,181.3,2.0
7.462677032324729,2241.0,202.4,0.012910203824921442,13.729891348500477,14.216646099009647,182,182.7,12.794860754006113,181.2,2.0
7.466516544375296,2242.0,202.48,0.013985781037954,13.822243382041938,14.391929540829597,182,182.7,12.892178320733851,181.2,2.0
7.470341859930176,2243.0,202.52,0.015064823866023392,13.771135997568745,14.442621160511113,182,182.6,12.957434127271366,181.2,2.0
7.474266542404739,2244.0,202.6,0.015046829765232847,14.128856908426647,14.480670552648146,182,182.5,13.026489493479986,181.3,2.0
7.47810849385245,2245.0,202.68,0.013951658524608484,13.83102521175932,14.436877216395771,182,182.5,13.062320148080271,181.4,2.0
7.481860417164314,2246.0,202.71999999999997,0.013968137154231494,13.506923922709708,14.384022162167842,182,182.4,13.078782565879894,181.5,2.0
7.485458888486728,2247.0,202.76000000000002,0.012926174628883107,12.954496760691763,14.306867878642512,182,182.3,13.07076120611634,181.6,2.0
7.48900054355545,2248.0,202.8,0.011910867137090027,12.749958247399988,14.187337987956829,182,182.2,13.09613734225942,181.7,2.0
7.4925046731194165,2249.0,202.8,0.011964609096001281,12.614866430277022,14.121370765831603,182,182.0,13.081598334521624,181.8,2.0
7.496052507413857,2250.0,202.84,0.010950450095002316,12.772203459988031,13.924711382822064,182,181.8,13.039366418704564,181.9,2.0
7.499746923305438,2251.0,202.88000000000002,0.008807479690157324,13.299897209691466,13.800754411218112,182,181.7,13.005025745346908,182.0,2.0
7.503377330791999,2252.0,202.92000000000002,0.008841045918108161,13.069466951616095,13.684574394290248,182,181.6,12.94933244270578,182.1,2.0
7.507134626660339,2253.0,202.95999999999998,0.009982492474864832,13.52626512602732,13.67619678825248,182,181.5,12.887761046855871,182.1,2.0
7.5106283721339056,2254.0,203.0,0.011113202238130478,12.577483704837064,13.711873171312964,182,181.4,12.892709143975996,182.1,2.0
7.514162489017077,2255.0,203.0,0.013339348758530595,12.722820779417887,13.760342589453817,182,181.3,12.822201252985696,182.1,2.0
7.517606078717178,2256.0,203.04000000000002,0.014456092733605375,12.396922920363487,13.806093390428234,182,181.2,12.733160161809314,182.1,2.0
7.521153690321512,2257.0,203.12,0.014455317618772062,12.77140177560023,13.78486626483048,182,181.2,12.655149029593044,182.1,2.0
7.524760627776429,2258.0,203.2,0.013336300701408921,12.984974837701253,13.78853080865629,182,181.2,12.522796233368396,182.2,2.0
7.528407694138005,2259.0,203.28,0.011108526583897294,13.129438901675462,13.669158056142246,183,181.3,12.39275092859537,182.2,2.0
7.532116373025826,2260.0,203.35999999999999,0.008878966734005157,13.351243996153398,13.645885426116715,182,181.4,12.285698964391075,182.2,2.0
7.5357750171782,2261.0,203.4,0.00776560202103844,13.1711189485496,13.532533209530225,182,181.5,12.18964676104454,182.2,2.0
7.539480469783741,2262.0,203.4,0.005538080300917982,13.339629379945746,13.413002681962535,182,181.6,12.060500629268008,182.1,2.0
7.543071165098804,2263.0,203.35999999999999,0.0021965104085831175,12.92650313422755,13.278357517792548,183,181.7,11.926741873826618,182.1,2.0
7.546716449315163,2264.0,203.32,-1.936339724530698e-05,13.123023178889458,13.099441793372682,182,181.8,11.803690520248637,182.1,2.0
7.550241690903883,2265.0,203.28000000000003,-0.0022455099176454246,12.690869719392007,12.967627854607006,182,181.9,11.759192014861366,182.1,2.0
7.553715088381052,2266.0,203.23999999999998,-0.0044623085461280255,12.504230917809766,12.83625496125957,182,182.0,11.76068261983121,182.1,2.0
7.557282072796792,2267.0,203.2,-0.0055709805207885665,12.841143896664411,12.756343655963116,183,182.1,11.824668518774368,182.1,2.0
7.560764414421392,2268.0,203.2,-0.0055709805207885665,12.53642984855859,12.666467318181473,183,182.1,11.970358964636162,182.0,2.0
7.5643348252336,2269.0,203.2,-0.00335248661435488,12.853478923947637,12.681382500903503,182,182.1,12.1591073070777,182.0,2.0
7.567882446765128,2270.0,203.2,-0.0011360525581316934,12.771437513499059,12.7077307719073,183,182.1,12.346795922046924,182.0,2.0
7.571454881141654,2271.0,203.2,0.0010797196779045947,12.860763755493892,12.806728638241301,183,182.1,12.534656710344118,182.0,2.0
7.574960157978592,2272.0,203.2,0.0032991178667673765,12.618996612976108,12.974785474187206,183,182.1,12.663790964513463,182.0,2.0
7.5785271468385,2273.0,203.23999999999998,0.00552189396590391,12.841159895669454,13.119162109019475,183,182.2,12.725161015626991,182.1,2.0
7.58213589203327,2274.0,203.28000000000003,0.00552189396590391,12.991482701175352,13.26562285294072,183,182.2,12.627194658033574,182.1,2.0
7.585782970776123,2275.0,203.32,0.00552189396590391,13.129483474266856,13.356501008791081,182,182.2,12.535921396528725,182.1,2.0
7.589526694827535,2276.0,203.36,0.00552189396590391,13.477406585087156,13.40414154656042,182,182.2,12.488409845143758,182.1,2.0
7.5932749453725465,2277.0,203.4,0.00552189396590391,13.493701962039557,13.403907872135544,182,182.1,12.413168558680775,182.2,2.0
7.596949107458837,2278.0,203.4,0.00552189396590391,13.226983510644796,13.42220718878527,182,182.1,12.445935052012414,182.2,2.0
7.6006190478671565,2279.0,203.4,0.00441056282900161,13.211785469950478,13.384444981495715,182,182.1,12.495071686800022,182.2,2.0
7.604212398337016,2280.0,203.4,0.0033051230244230184,12.936061691495281,13.334288642231044,182,182.1,12.50026237262148,182.3,2.0
7.607762551158643,2281.0,203.4,0.0022027155013534484,12.78055015785834,13.308677504138435,182,182.1,12.41064060701432,182.3,2.0
7.611338317262645,2282.0,203.4,0.0022326010241367164,12.87275797440696,13.278196541128148,182,182.1,12.401272261486866,182.3,2.0
7.614864919989949,2283.0,203.4,0.002268782194475509,12.695769818291469,13.250190591795027,181,182.0,12.36359285136002,182.2,2.0
7.61835635430745,2284.0,203.4,0.004568588041612402,12.569163543004725,13.300844555891283,181,182.0,12.49455680587128,182.3,2.0
7.6219080422909755,2285.0,203.4,0.00689252726753121,12.78607674069033,13.279254247079422,181,182.0,12.61458113241913,182.3,2.0
7.625497062723941,2286.0,203.44,0.009236716237443977,12.920473558675894,13.24470425606198,181,182.0,12.742090164568223,182.3,2.0
7.629074281613813,2287.0,203.48,0.010418046614139274,12.877988003540443,13.228903837103175,181,182.0,12.874487098787164,182.2,2.0
7.632762188414326,2288.0,203.56,0.011612026900915406,13.276464481846066,13.156142021905987,181,182.1,12.87099640936376,182.2,2.0
7.636236273569895,2289.0,203.64000000000001,0.011612026900915406,12.506706560047444,13.085169027716177,181,182.1,12.830839483089218,182.3,2.0
7.639582287675376,2290.0,203.72,0.011612026900915406,12.045650779731467,13.014922691993343,181,182.1,12.672809061664726,182.2,2.0
7.642915742907514,2291.0,203.76000000000002,0.011612026900915406,12.000438835695645,12.932898536677422,182,182.1,12.591342043438631,182.2,2.0
7.646123862355336,2292.0,203.8,0.011705540191832852,11.549230012160477,12.783857447654832,182,182.2,12.510844371176995,182.2,2.0
7.649289228124936,2293.0,203.8,0.011785456552535607,11.395316770561214,12.606469546976198,182,182.2,12.652724840192402,182.2,2.0
7.652483295875204,2294.0,203.8,0.010688622148656082,11.498643900961776,12.414330544994055,182,182.2,12.751467773231854,182.1,2.0
7.655768172182766,2295.0,203.8,0.00954898039099097,11.825554707224974,12.290854356866024,182,182.3,12.82847250668454,182.2,2.0
7.658998453360796,2296.0,203.84,0.007204791421077376,11.629012240910571,12.20150716468728,182,182.3,12.862966329246538,182.3,2.0
7.662204120152221,2297.0,203.88000000000002,0.004874646175913966,11.540400449126555,12.166553763035546,182,182.3,12.835204743421183,182.4,2.0
7.665550217637239,2298.0,203.92000000000002,0.0025435656290056902,12.04595094606624,12.19858190988733,182,182.2,12.822229179936835,182.5,2.0
7.668900695833399,2299.0,203.96,0.0002803329701319239,12.061721506174743,12.256775488696883,182,182.3,12.823989665280678,182.5,2.0
7.672250850508241,2300.0,203.95999999999998,-0.002000458668863013,12.060556829429903,12.319711875973756,182,182.3,13.01092387503282,182.6,2.0
7.675762044348554,2301.0,203.92000000000002,-0.0031491576391664304,12.640297825127213,12.395161030038528,183,182.3,13.197791134106874,182.7,2.0
7.679374859479326,2302.0,203.88,-0.005526645502584847,13.00613447077843,12.446808029850537,182,182.2,13.39678193497421,182.8,2.0
7.683064526200153,2303.0,203.8,-0.007904496988429011,13.28280019497659,12.478038869047172,182,182.2,13.488142743721108,182.9,2.0
7.686779951214223,2304.0,203.72,-0.007950464161631234,13.375530050654014,12.392011545074915,182,182.3,13.50250983365174,183.0,2.0
7.690586663044834,2305.0,203.68,-0.006829852884910799,13.704162590196923,12.363765158461336,182,182.2,13.404046744074847,183.0,2.0
7.694175650484446,2306.0,203.64,-0.0045259012444153245,12.920354782604038,12.427150431653908,182,182.2,13.170611451517336,183.0,2.0
7.697551789640075,2307.0,203.6,0.00010379759837282343,12.154100960261813,12.497572205733011,183,182.2,12.95012975761026,183.0,2.0
7.7006257583540005,2308.0,203.64000000000001,0.004724411411720203,11.066287370132063,12.735086923696727,182,182.2,12.873973319034317,183.0,2.0
7.703722699712647,2309.0,203.71999999999997,0.010481774014807519,11.148988891126265,13.039930859348967,182,182.1,12.993139437209214,183.0,2.0
7.706940877855864,2310.0,203.8,0.01506756938042129,11.585441315580237,13.296196409265956,182,182.2,13.073132330826478,183.0,2.0
7.710243068122669,2311.0,203.92000000000002,0.018499340590514685,11.88788496049739,13.432905563792598,182,182.3,13.129007599953642,183.0,2.0
7.7139469012904724,2312.0,204.04000000000002,0.021912635457058842,13.333799404094808,13.631345733726016,182,182.4,13.143470148895153,183.0,2.0
7.717773058663487,2313.0,204.16000000000003,0.025309676138753224,13.774166542852663,13.738543101938072,182,182.5,13.111856771970702,183.1,2.0
7.721502902249283,2314.0,204.23999999999998,0.025271466369294865,13.427436908868609,13.976712732671634,182,182.5,13.172120525913892,183.2,2.0
7.725060664730985,2315.0,204.32,0.02408885363768652,12.807944934125304,14.158571534372683,182,182.6,13.346900769032748,183.3,2.0
7.728623628988577,2316.0,204.4,0.024057484173713777,12.826671327329512,14.328325399458134,182,182.7,13.67899862581827,183.4,2.0
7.7318951031160745,2317.0,204.48,0.02172024318441621,11.77730685899336,14.480126149193264,182,182.8,13.999165639942008,183.5,2.0
7.735332860592531,2318.0,204.51999999999998,0.019387731080245656,12.375926915244655,14.454755566390428,182,182.9,14.157822331436956,183.6,2.0
7.738763202858254,2319.0,204.56,0.01816979068126895,12.349232156604758,14.35998904694568,182,183.0,14.060224454152689,183.6,2.0
7.74233557275744,2320.0,204.64000000000001,0.01925263224181682,12.86053163707117,14.136145999619776,182,183.0,13.89252895204084,183.6,2.0
7.746005532285964,2321.0,204.68,0.019214566177546764,13.211854302686808,14.000644307699213,182,183.0,13.56378167132674,183.6,2.0
7.749699669094259,2322.0,204.72,0.019193326332075687,13.298892509860755,13.842707723431351,183,183.0,13.150633021018084,183.6,2.0
7.753414279449844,2323.0,204.8,0.01920017265327898,13.372597280107268,13.92252238862874,182,183.0,12.822249733689436,183.5,2.0
7.756705149642795,2324.0,204.92000000000002,0.019204427803247562,11.847132694623655,13.936939890813125,182,183.0,12.521091168453244,183.4,2.0
7.760036614851646,2325.0,205.0,0.018082131789881776,11.993274751864368,13.898107462447527,182,183.0,12.294760480248708,183.2,2.0
7.763375974464067,2326.0,205.08,0.014702787315900745,12.021694604713165,13.749250374941942,183,183.0,12.093332863920704,183.0,2.0
7.767041561005496,2327.0,205.16,0.011376960986154256,13.196111549147426,13.498818715943207,182,183.0,11.892092954453528,182.8,2.0
7.770753604407062,2328.0,205.2,0.007001304525951111,13.363356245639151,13.224328025466907,182,183.1,11.677855287294328,182.6,2.0
7.774397848710154,2329.0,205.2,0.0015223019010483084,13.119279491131643,12.932406459750336,183,183.2,11.505664855055944,182.5,2.0
7.778066034783124,2330.0,205.16,-0.0061314169688537114,13.20546986269113,12.809200826621382,182,183.3,11.40157896046065,182.4,2.0
7.781658878795467,2331.0,205.08,-0.011599330436837217,12.934238444433284,12.67591933334234,182,183.4,11.407691610397514,182.3,2.0
7.78531697237186,2332.0,204.95999999999998,-0.017118346266339936,13.16913687501726,12.5688786380972,182,183.5,11.526014279863926,182.22222222222223,2.0
7.789036472964511,2333.0,204.84,-0.02158609084660223,13.390202133545689,12.375415679188848,183,183.6,11.580335306258371,182.125,2.0
7.792846604851218,2334.0,204.68,-0.026064747886545205,13.716474792145073,12.159025582244912,182,183.6,11.558448463985451,182.0,2.0
7.796697145779719,2335.0,204.56,-0.02828130225657821,13.8619473426049,11.907189907856587,182,183.6,11.495450168148208,182.0,2.0
7.800589257616771,2336.0,204.44,-0.029377531504771383,14.01160261338654,11.606024575158573,182,183.6,11.42342227767955,,-1.0
7.804508624182498,2337.0,204.35999999999999,-0.028292156116807788,14.109719636616406,11.366371003098466,182,183.6,11.376765110260028,,-1.0
7.808260576167205,2338.0,204.23999999999998,-0.02616310217879571,13.507027144945484,11.307520086281725,183,183.5,11.274891138366147,,-1.0
7.8116313118881395,2339.0,204.16,-0.022960289099129755,12.134648595362712,11.466584753577202,182,183.4,11.08917160522613,,-1.0
7.814651066592894,2340.0,204.07999999999998,-0.019787633572793756,10.871116937116,11.629674909880414,182,183.2,10.777566354792242,,-1.0
7.817631461455495,2341.0,204.04,-0.017643628435159084,10.729421505362549,11.794395750810974,182,183.0,10.297018998970396,,-1.0
7.821078009369177,2342.0,204.0,-0.015416307123816936,12.407572489257834,11.92206134971271,182,182.8,9.720896367337703,,-1.0
7.825128526956759,2343.0,204.0,-0.014221023915425526,14.581863315294632,11.985817672752301,182,182.6,9.182377964361304,,-1.0
7.829160861325737,2344.0,203.96,-0.01289962767277526,14.516403728317743,12.093825616989344,183,182.5,8.75875130963929,,-1.0
7.833166611335147,2345.0,203.92000000000002,-0.011707239029751992,14.420700033876509,12.258837671089545,183,182.4,7.982116613043699,,-1.0
7.837098896919259,2346.0,203.88000000000002,-0.012613832509917145,14.156228102801654,12.530080605400373,183,182.3,7.276667465834151,,-1.0
7.840930448549084,2347.0,203.84,-0.014701977027828642,13.793585867371899,12.779166109977663,183,182.22222222222223,6.812728197845398,,-1.0
7.844849799850301,2348.0,203.76000000000002,-0.01798639324418757,14.109664684377407,12.866639254384054,183,182.125,6.310191345866504,,-1.0
7.848706036246565,2349.0,203.72,-0.021355536795221133,13.882451026551248,12.718030379871262,183,182.0,5.779249411180581,,-1.0
7.8526482849979455,2350.0,203.6,-0.02371249727508578,14.192095504971213,12.510744844500703,183,182.0,5.295368103559439,,-1.0
7.856518032677557,2351.0,203.48,-0.023804825745133228,13.931091646599935,12.156883452817551,183,,,,
7.86040529362317,2352.0,203.32,-0.02394285585328158,13.99413940420734,11.756586283391457,183,,,,
7.864184705996074,2353.0,203.2,-0.02291422312113348,13.60588454245194,11.479825851459507,183,,,,
7.867751219525852,2354.0,203.07999999999998,-0.020880011974406143,12.839448707199256,11.292881294769238,183,,,,
7.870843782644389,2355.0,203.04000000000002,-0.019855846247396405,11.133227226735496,11.237601496201576,183,,,,
7.873628433088754,2356.0,203.0,-0.015483278256681313,10.024741599715094,11.26793242246858,183,,,,
7.876547808920445,2357.0,203.0,-0.009773713355272287,10.509752994085439,11.311020674818804,183,,,,
7.87963060865156,2358.0,203.0,-0.0028950005669839715,11.098079032015463,11.350449058414869,183,,,,
7.8828581486917,2359.0,203.0,0.0029611176042438907,11.619144144505889,11.420696349263007,183,,,,
7.886240876286615,2360.0,203.04,0.008902980045119371,12.177819341691178,11.536835663381128,183,,,,
7.889551624217706,2361.0,203.11999999999998,0.011326880186141097,11.918692551928181,11.73507179498225,183,,,,
7.8928437805323215,2362.0,203.2,0.012517618931368924,11.851762732615345,12.00446785033591,184,,,,
7.896144886149007,2363.0,203.28,0.012517618931368924,11.883980220068112,12.166466939522609,184,,,,
7.899422272193798,2364.0,203.35999999999999,0.012517618931368924,11.798589761246323,12.208139658215586,184,,,,
7.902531814895493,2365.0,203.4,0.012517618931368924,11.19435372610411,12.167463043692964,184,,,,
7.9056451394217095,2366.0,203.4,0.011254635966471284,11.207968294379208,12.072899128721817,184,,,,
7.908715406993385,2367.0,203.4,0.00873002353973417,11.05296325802993,12.003674962821208,184,,,,
7.911737409940408,2368.0,203.4,0.007712672914494037,10.879210609286252,11.893088880228634,183,,,,
7.914789954714334,2369.0,203.4,0.006793919517156907,10.989161186133444,11.71741895994826,183,,,,
7.917972604835724,2370.0,203.4,0.005946305582215525,11.457540437004603,11.43914620915412,183,,,,
7.921153749523984,2371.0,203.4,0.00830170162012909,11.452120877732938,10.982440494503063,183,,,,
7.9241629225833385,2372.0,203.44,0.012259557346700081,10.833023013676542,10.47937618691016,183,,,,
7.926948140607968,2373.0,203.48000000000002,0.01648693867817645,10.026784888667962,10.054338600446842,183,,,,
7.9293599565126645,2374.0,203.51999999999998,0.0233330068292334,8.682537256907437,9.728913395728604,182,,,,
7.931134645448188,2375.0,203.6,0.02769343466459303,6.388880167885639,9.022498395551306,182,,,,
7.93264762933098,2376.0,203.68,0.031092631783277685,5.4467419780523105,8.448021582075487,182,,,,
7.934222012449943,2377.0,203.76,0.034547368648086316,5.667779228265899,8.055894400650736,182,,,,
7.936067274689406,2378.0,203.88000000000002,0.03701410863716853,6.642944062066142,7.6162439413891985,182,,,,
7.936962500861678,2379.0,203.95000000000002,0.04006152240982523,3.2228142201775225,7.139032245681027,182,,,,
7.938185570018597,2380.0,204.0,0.043998326195345876,4.403048964909114,6.688979752776645,182,,,,
