cumulated_distance,cumulated_duration_seconds,elevationM_ma_5,grade_ma_10,speed_km_h,speedeq_smooth,hr,hr_smooth,speed_smooth,hr_shifted,cluster
0.001542791670802822,0.0,213.44,0.029107462344801226,2.139132343041619,7.0744581249232805,120,123.8,6.692258332882183,128.6,1.0
0.0042284935598686235,9.0,213.5,0.031086330734141392,1.0742807556263203,7.057405730798606,123,123.83333333333331,7.966095353885311,129.7,1.0
0.01009955441869434,11.0,213.68,0.03182272528976984,10.567909545886288,8.379274481991004,125,123.85714285714286,6.939817464754818,130.9,1.0
0.016425726407010465,13.0,213.85999999999999,0.027844884628548613,11.387109578969028,7.448121378904365,122,123.75,6.267155798728869,131.9,1.0
0.02284825532719188,18.0,214.04000000000002,0.02563545834107601,4.624220822530618,6.820498497009692,124,123.77777777777776,5.873787682031154,132.8,1.0
0.027688064461690764,21.0,214.18,0.024090975589261186,5.8077709613986634,6.434611879360678,125,124.0,5.330682665711124,133.7,1.0
0.03167008681138547,22.0,214.3,0.024090975589261186,14.335280458900952,6.213238659471932,124,124.3,5.340543345571139,134.2,1.0
0.0325391425113542,26.0,214.3,0.022790776362630123,0.7821501299718575,6.1928961109126845,124,124.7,4.3057891313620384,134.5,1.0
0.033404989253880434,28.0,214.32000000000002,0.018812258692299407,1.5585241365472218,4.961650468307421,123,125.4,3.3158600364569324,134.4,1.0
0.03416244557289417,29.0,214.34,0.010685035931725272,2.726842748449447,3.7822862562091624,124,126.0,2.985658123308267,133.7,1.0
0.03465437614937288,33.0,214.34,0.0019464912239759067,0.4427375188308402,3.346387885405862,126,126.4,2.422571979349088,132.9,1.0
0.034980178247769125,34.0,214.34,-0.002151576044108315,1.1728875542264756,2.6658330442392093,126,126.9,1.0680264885011366,132.2,1.0
0.03522503091865276,38.0,214.34,-0.005775685306462371,0.22036740379527509,1.1091620619617566,129,127.6,1.0844878477378015,131.2,1.0
0.03605159682416275,40.0,214.32000000000002,-0.005775685306462371,1.4878186299179792,1.1053136496313773,129,128.6,1.0376786806904643,130.2,1.0
0.03678615331918717,42.0,214.3,-0.00657169011059189,1.3222016910439607,1.0280479161675706,130,129.7,0.8187371043768203,128.7,1.0
0.0369335779206929,45.0,214.3,-0.007590753192884665,0.17690952180687153,0.7840057641507772,129,130.9,0.8936397889683583,127.1,1.0
0.03715297390692108,46.0,214.3,-0.007590753192884665,0.7898255504214375,0.8582293371874545,129,131.9,0.9030569693839212,126.2,1.0
0.0379419436755365,49.0,214.3,-0.007590753192884665,0.9467637223385058,0.8696136783778261,131,132.8,0.9293155819352787,126.1,1.0
0.03854773949002197,51.0,214.3,-0.007590753192884665,1.0904324660738522,0.8968547539905429,133,133.7,1.0239400707472976,126.9,1.0
0.03929416585851226,56.0,214.3,-0.0038889697305260684,0.5374269853130058,0.9981123782877642,135,134.2,1.0094748830671303,128.4,1.0
0.03995625717226016,58.0,214.3,0.0,1.19176436474622,0.9903397541157158,138,134.5,1.1407799866999973,130.1,1.0
0.040660179038027995,60.0,214.3,0.0,1.2670593583821035,1.1226762750783994,136,134.4,1.307667154402303,130.9,1.0
0.04106264031245204,63.0,214.3,0.0,0.48295352930885144,1.2941682811857618,138,133.7,1.3284885818960543,131.1,1.0
0.04173876906746264,64.0,214.3,0.0,2.4340635180381667,1.3205095275139545,138,132.9,1.3715863572156095,131.6,1.0
0.04239296340870836,66.0,214.3,0.0,1.1775498142422902,1.3699647387194704,135,132.2,1.5065136463689972,132.4,1.0
0.04280684134152379,67.0,214.3,0.0,1.4899605581355402,1.5065136463689972,132,131.2,1.566693380727012,133.1,1.0
0.0434898127935917,68.0,214.3,0.0,2.458697227444494,1.566693380727012,128,130.2,1.7380437227473675,133.2,1.0
0.04413146723652282,70.0,214.3,0.0,1.1549779972760195,1.7380437227473677,124,128.7,1.8092993652868024,132.6,1.0
0.044976695136116934,72.0,214.3,0.0,1.5214102192694061,1.8092993652868024,125,127.1,1.7366711074482204,131.7,1.0
0.0460248617343652,74.0,214.3,0.0,1.8866998768468808,1.7366711074482204,128,126.2,1.910313306850671,130.5,1.0
0.04702128490565763,76.0,214.3,0.0,1.793561708326368,1.7136130711430781,128,126.1,1.9340199912953828,128.7,1.0
0.047849219010820315,77.0,214.3,0.0,2.980562778585661,1.7074577929913755,126,126.9,1.8938265427652,127.5,1.0
0.04851339120787765,79.0,214.3,0.0,1.1955099547031995,1.5331472343542942,123,128.4,1.850383155008267,127.3,1.0
0.04898777480222552,80.0,214.3,0.0,1.7077809396523438,1.4503437093459781,122,130.1,1.7232741494017945,127.3,1.0
0.049513868941776,82.0,214.3,0.0,0.9469694511908681,1.504368571066348,118,130.9,1.588718540340157,127.3,1.0
0.04991738374697937,83.0,214.3,-0.002141068481687351,1.452653298732139,1.5928231993946034,115,131.1,1.6944187052496926,127.4,1.0
0.050335409458925694,85.0,214.3,-0.006355372622664277,0.7524462815033776,1.5798329423098776,111,131.6,1.729605138343698,127.3,1.0
0.05071738841680153,89.0,214.3,-0.0063553726226753485,0.343781062088255,1.4855607023180295,117,132.4,1.6533849031790833,127.1,1.0
0.05131956593917589,90.0,214.3,-0.006355372622665273,2.1678390805476857,1.4352555433672836,120,133.1,1.555587363718572,126.5,1.0
0.052129002552583334,91.0,214.29000000000002,-0.006355372622674775,2.913971808266798,1.2877645617520417,126,133.2,1.2781264476933272,125.9,1.0
0.05260873238663407,92.0,214.27000000000004,-0.004740024673106985,1.7270274025826573,1.2418229737340063,131,132.6,1.1080923893457544,125.7,1.0
0.05318005537056259,93.0,214.26999999999998,-0.0011771540983758905,2.0567627421426677,1.3602812233895198,136,131.7,0.9205119777770804,125.6,1.0
0.05338020651492556,94.0,214.27000000000004,-0.005039500558105132,0.7205441197066872,1.604675843698034,139,130.5,0.9624202431950128,125.2,1.0
0.05365834002959743,98.0,214.26999999999998,-0.009114086592418816,0.2503201632046797,1.6144482015152657,142,128.7,1.046052773916121,124.5,1.0
0.05425961090318688,102.0,214.28000000000003,-0.013094276436077523,0.541143786230507,1.4823108048940097,136,127.5,1.0337471921338857,123.5,1.0
0.05505143405802625,103.0,214.3,-0.01095320795439017,2.850563357421725,1.2193225654137765,130,127.3,0.7699866273246687,122.6,1.0
0.055977108255116724,104.0,214.28000000000003,-0.0067389038134132466,3.332427109525717,1.0556296751039593,131,127.3,0.4871877357550757,122.1,1.0
0.05669928759354514,110.0,214.26000000000005,-0.0025611329650105765,0.43330760305705013,0.8694697035525533,131,127.3,0.8085248247990157,122.3,1.0
0.05751018264359762,114.0,214.24,0.0018227396207696554,0.7298055450472312,0.9120401147157636,129,127.4,0.8077218368048115,123.0,1.0
0.05774245372362154,120.0,214.24,0.001822739620779158,0.13936264801434955,0.996709596881517,127,127.3,0.9684541249811744,124.1,1.0
0.057786931755466425,126.0,214.24,0.00020739167121136792,0.026686819106931006,0.9908032364954913,125,127.1,1.0395620432444868,125.1,1.0
0.0580885294662263,132.0,214.26,-0.0033554789035197263,0.18095862645592314,0.7506019404660702,127,126.5,1.129256419295051,125.6,1.0
0.058405092458972414,133.0,214.28000000000003,-0.002417895140151673,1.1396267738860142,0.48390960693602025,127,125.9,1.1816344880645062,125.6,1.0
0.05931063035098555,136.0,214.28000000000003,-0.0008328373559486756,1.0866454704157618,0.7859456450088871,124,125.7,1.10069662799398,125.5,1.0
0.05954290144454563,138.0,214.28000000000003,0.003147352487710031,0.418087968408153,0.7786085624963002,124,125.6,1.2219799783893222,126.0,1.0
0.05983867604083668,143.0,214.28000000000003,-0.0011899142880236317,0.2129577093295566,0.9279491821124173,128,125.2,1.748865550118342,126.8,1.0
0.06053928464337805,148.0,214.26,-0.0030138678458839453,0.5044381938297864,0.9961575977290575,131,124.5,1.797394198759467,127.8,1.0
0.06155225089157151,149.0,214.24,-0.007191638694275543,3.64667849349645,1.0835546788861743,131,123.5,1.7659717098616714,128.3,1.0
0.06255471709310649,154.0,214.24,-0.009961668551834087,0.72177566510519,1.1398423848774053,130,122.6,1.8498599323624745,128.2,1.0
0.06401028836792147,157.0,214.2,-0.008359925799654411,1.7466855297779793,1.0952343435505814,126,122.1,2.1328768154946345,127.3,1.0
0.06462509336937151,160.0,214.17999999999998,-0.0050740762052938065,0.7377660017400551,1.1570463620520464,123,122.3,2.110197562260063,126.2,1.0
0.06612218001792924,165.0,214.17999999999998,-0.003305817605082846,1.0779023869615634,1.3018131985458956,121,123.0,2.307059282410209,125.5,1.0
0.06750835290257971,168.0,214.2,0.0013472408397885304,1.6634074615805674,1.690779509870796,121,124.1,2.488559598274807,125.3,1.0
0.0685330282500067,174.0,214.21999999999997,0.003836769089899217,0.6148052084561959,1.5614822125313659,120,125.1,2.885879238136437,125.3,1.0
0.07050809291766202,181.0,214.26,0.003836769089899217,1.0157475433655898,1.7596761296740158,120,125.6,3.211188469280143,125.0,1.0
0.0718053839335793,184.0,214.28000000000003,0.00817403586563288,1.5567492191007328,1.6283317127290045,111,125.6,2.9103644242908557,124.3,1.0
0.07293206595356408,185.0,214.3,0.009997989423493194,4.0560552719451906,1.6364895130436756,108,125.5,2.9766680832903085,123.6,1.0
0.07403865045402652,187.0,214.3,0.009997989423493194,1.9918521008324004,1.7825166072227514,111,126.0,2.979723970673429,123.0,1.0
0.07472812882463284,188.0,214.3,0.00838414669526143,2.4821221341827426,1.721012209029313,111,126.8,2.90854280345449,122.5,1.0
0.07532085119942845,195.0,214.3,0.0067824039430817535,0.3048286498948877,1.8746393571441575,111,127.8,2.522926851755068,122.3,1.0
0.0761971868708582,199.0,214.3,0.0002731606358427882,0.7887021042867753,1.9878593406236427,110,128.3,2.5069336326246785,123.2,1.0
0.07764386505900063,201.0,214.3,-0.004639102830341396,2.6040207386563643,2.042189576164841,109,128.2,2.385946292311988,124.3,1.0
0.07951220531562664,207.0,214.3,-0.006367398578847094,1.1210041539756055,1.748226553287865,109,127.3,2.1968825695310947,125.1,1.0
0.08204745314493156,211.0,214.3,-0.006367398578852048,2.2817230463744345,1.642482238825791,107,126.2,2.0815921945954177,125.6,1.0
0.08459327890178625,215.0,214.26000000000005,-0.006367398578846552,2.291243181169221,1.4056299345033119,108,125.5,1.7328543720395746,125.8,1.0
0.0858332747688038,217.0,214.21999999999997,-0.0017248437306880942,2.2319925606315794,1.5356113731810894,112,125.3,1.5690709132036191,125.9,1.0
0.08661122082001711,219.0,214.22000000000003,0.0038186881696763374,1.4003028921839742,1.6037570858221954,116,125.3,1.4225622306100565,125.9,1.0
0.08690635460965442,220.0,214.21999999999997,0.0038186881696763383,1.062481642694296,1.3689612060322753,119,125.0,1.1069543228771663,126.0,1.0
0.08713741033441316,223.0,214.22000000000003,0.001404002071043393,0.2772668697104997,1.3530173934816694,122,124.3,1.0621424626635902,126.3,1.0
0.08804347781905848,225.0,214.26,-0.0007665325199442963,1.6309214723615744,1.1964344083470169,123,123.6,1.0671059100597533,127.4,1.0
0.08885817635161611,227.0,214.3,0.0004684242943320191,1.4664573586037313,1.05053013650157,118,123.0,1.0704467071298895,128.0,1.0
0.08912151982166526,233.0,214.3,0.003612429160305243,0.15800608202949365,1.3821757793600433,116,122.5,0.9028680775622668,128.7,1.0
0.0898559853143237,236.0,214.28000000000003,0.0036124291603007535,0.881358591190127,1.5142435798286982,113,122.3,1.3539715311211793,129.7,1.0
0.09066339874131589,241.0,214.26,0.004893404511167452,0.5813376674343759,1.5474221518174243,114,123.2,2.0169659790818413,131.2,1.0
0.09180889535695462,247.0,214.24,0.005933360743472905,0.6872979693832418,1.8983864448872416,114,124.3,2.791867133368127,133.1,1.0
0.09331666325718184,248.0,214.24,0.0021134476366892626,5.427964440817973,1.9194014803033503,111,125.1,3.0729751999075328,135.2,1.0
0.09489387089668945,250.0,214.24,-0.0034300842636751697,2.8389737511136963,2.677236312985814,107,125.6,3.469090764568489,137.1,1.0
0.09612067447494518,253.0,214.26,-0.004008215524725871,1.4721642939068804,3.0089269956107616,111,125.8,4.134592034672416,138.7,1.0
0.09719556204847693,254.0,214.28000000000003,-0.002643105773425163,3.869595264714268,3.1059547869050768,109,125.9,4.931067018250398,139.9,1.0
0.09822430332820921,256.0,214.3,-0.001413507924902848,1.8517343035180935,3.293167587419218,112,125.9,5.187130092505724,140.3,1.0
0.1007596130002477,257.0,214.3,-0.0015616086025882331,9.127114819338555,4.374996606771332,112,126.0,6.276290833047964,140.2,1.0
0.1047346227486867,261.0,214.28000000000003,-0.0035300122996591923,3.5775087735950906,4.215361537286244,109,126.3,6.6293019078378,139.5,1.0
0.10908756389296781,269.0,214.24,-0.005417076942952961,1.958823514926504,4.168893738868824,108,127.4,6.160535327471004,138.7,1.0
0.11497531849213893,277.0,214.2,-0.008545217053934764,2.6494895696270038,4.465351228901666,111,128.0,6.127243923044992,137.4,1.0
0.1218067419344523,279.0,214.1,-0.011717404150370045,12.296562196164075,4.955623385801461,114,128.7,5.997808338851867,135.9,1.0
0.12791088319891902,284.0,214.0,-0.014276252288912324,4.394981710416041,5.308761940227496,116,129.7,5.976579540546167,134.5,1.0
0.13300448581449942,291.0,213.9,-0.016350943391505727,2.619567059441345,4.6888201757547545,118,131.2,5.937913417819496,133.2,1.0
0.1386315024560222,295.0,213.8,-0.017821890072166106,5.064314977370509,4.650953978340182,114,133.1,6.074983476699947,132.1,1.0
0.1440002619095297,297.0,213.68,-0.019467193792049545,9.66376701631346,5.156324314610585,111,135.2,5.432922476633868,131.4,1.0
0.1490268902918474,300.0,213.58,-0.021615495960142173,6.031954058781245,5.3412271871157495,113,137.1,5.7213434762935895,130.9,1.0
0.15375196827295834,305.0,213.45999999999998,-0.021989954963445725,3.4020561463998655,4.490306318239516,108,138.7,4.823229366094229,130.6,1.0
0.15887164515133087,310.0,213.34,-0.021521102158171813,3.6861673524282215,4.350792300962457,107,139.9,5.002031141072236,130.6,1.0
0.16536664793543918,313.0,213.18,-0.02158047794185583,7.794003340929963,4.363692198581296,104,140.3,5.700573131649968,130.7,1.0
0.1725721573029736,318.0,213.0,-0.02261328790676408,5.187966744624782,4.1791057568066305,102,140.2,5.128775721675726,130.9,1.0
0.17964667764827047,325.0,212.85999999999999,-0.02278722029337231,3.6383247490098287,3.5838733983332487,104,139.5,4.515858738343675,131.3,1.0
0.18647380926300536,333.0,212.77999999999997,-0.02425150430943324,3.0722092266307013,3.299412966789543,102,138.7,5.16969547079986,131.6,1.0
0.19237633020433423,340.0,212.68,-0.02764988870868184,3.0355821983977,3.8557776606459955,102,137.4,5.729734664738542,131.9,1.0
0.19689828117126693,345.0,212.54000000000002,-0.030396314980342974,3.2558046961915386,4.251663872183839,103,135.9,5.045210216649657,132.3,1.0
0.19975501726758735,348.0,212.44,-0.0277014349131273,3.4280833155845083,3.721790414873626,105,134.5,6.00830515240466,132.6,1.0
0.20237619669927537,351.0,212.32,-0.02752570175670735,3.1454153180256292,3.456380005200308,110,133.2,5.916914918835576,132.9,1.0
0.2051278021356133,352.0,212.14000000000001,-0.029988215315065337,9.905779570816579,3.4568757739988456,113,132.1,5.889600988201204,133.0,1.0
0.20748318287884004,353.0,212.0,-0.033688192900795624,8.479370675616254,3.3163855990509794,113,131.4,5.773840231884597,133.1,1.0
0.20872871259771206,355.0,212.0,-0.03895476121865564,2.241953493969609,3.2840994655585853,117,130.9,6.800986643651479,133.5,1.0
0.21006641115357594,357.0,211.92,-0.04464713327218474,2.4078574005549753,4.445056795288251,117,130.6,7.0991776862099005,135.2,1.0
0.21253495041910986,359.0,211.78000000000003,-0.04658941783965679,4.443370677961057,4.7182288384795354,114,130.6,7.654762477202853,137.7,1.0
0.2156678196883588,366.0,211.64000000000001,-0.04423198985139321,1.6111899098994522,4.676577939888199,114,130.7,7.392424435274149,140.2,1.0
0.21967761532890936,371.0,211.45999999999998,-0.038758914349553746,2.8870528611964135,3.9613416029307666,113,130.9,8.246093807690784,142.5,0.0
0.22435661032897963,372.0,211.26,-0.031978003155988526,16.84438200025292,3.3826614746115964,113,131.3,8.607396362730778,144.2,0.0
0.2279041505993418,374.0,211.16,-0.028370597601081377,6.385572486651904,3.495188656292791,117,131.6,7.986593042813075,145.9,0.0
0.22930171515832465,376.0,211.14000000000001,-0.022361040457331113,2.515616206169153,3.936552774170663,116,131.9,8.347614256563194,147.2,0.0
0.2300827143459801,378.0,211.13999999999996,-0.013536143145435331,1.405798537779811,3.7433257990502113,114,132.3,8.6677824114978,148.3,0.0
0.23081401691605638,380.0,211.17999999999998,-0.00426501338288523,1.3163446261373009,3.9927940710564336,117,132.6,8.927673747739965,149.2,0.0
0.23226672089605901,382.0,211.24,0.00681508589328624,2.6148671640047296,3.969648635867763,120,132.9,8.848367273993711,149.4,0.0
0.23378944684789785,383.0,211.28000000000003,0.013549828981756351,5.481813426619756,2.899951373647407,124,133.0,8.59224323282674,148.3,0.0
0.23488914093705454,387.0,211.32,0.01390823204310308,0.9897246802410335,2.5238145284486437,124,133.1,8.051677934694942,146.2,0.0
0.23581482249386523,388.0,211.35999999999999,0.010587311631769689,3.3324536045184954,2.3678939380332547,121,133.5,7.460182533409079,144.0,0.0
0.2363100674019547,389.0,211.4,0.006364659019486907,1.7828816691221294,2.376057569529629,117,135.2,6.239451617847984,141.6,0.0
0.23727629251972984,390.0,211.38000000000002,-0.0007606978490002234,3.478410423990508,2.6136723457932605,117,137.7,6.551973124159464,139.4,1.0
0.23829001890947912,392.0,211.34,-0.008145555962844836,1.8247075015487233,2.376530424118727,116,140.2,7.219543358644401,137.1,1.0
0.23912585981294263,397.0,211.3,-0.013060263843763886,0.6018054504937145,1.997686663627937,118,142.5,6.9067954924184125,135.0,1.0
0.24042640805470364,400.0,211.26,-0.018680975283529896,1.5606578901132202,2.1537459047808976,121,144.2,6.659479508793463,133.0,1.0
0.2416977564883424,401.0,211.20999999999998,-0.02802215490299386,4.5768543610995795,2.1230408189969343,121,145.9,6.244935369546021,131.2,1.0
0.24254937893733297,407.0,211.17,-0.03461163465008978,0.5109734693943389,2.3295582310226983,125,147.2,4.564062739814007,129.8,1.0
0.2433956343785727,408.0,211.15,-0.034777201107962966,3.0465195884630303,2.188071955580244,128,148.3,4.286101214791162,128.5,1.0
0.24436185955085785,409.0,211.13000000000002,-0.03294199360112786,3.478410620226543,2.1493601386545946,132,149.2,4.392675273582559,127.3,1.0
0.24554254379205973,410.0,211.07,-0.030867993780904122,4.250463268326797,2.2321583534182796,132,149.4,4.401755362487413,126.2,1.0
0.24689921428755934,411.0,211.04000000000002,-0.026645341168618795,4.884013783798639,2.373880779005691,128,148.3,4.152127685314296,125.7,1.0
0.24827342149685205,413.0,211.02000000000004,-0.023756641245312755,2.473572976726875,2.0817525272912376,124,146.2,3.826550685196209,125.9,1.0
0.24959376937871364,416.0,211.0,-0.02236362796867574,1.5844174582338932,2.106357382096453,119,144.0,2.8112874310922837,126.4,1.0
0.25051197008440007,418.0,210.98000000000002,-0.023279240341312,1.6527612702355654,1.9080131691273767,123,141.6,2.4386461283193595,127.0,1.0
0.25144614021727496,419.0,210.98000000000002,-0.02447871255287893,3.3630124783497015,1.8016409193045906,126,139.4,2.728835648122609,127.6,1.0
0.25168193083336493,420.0,210.95999999999998,-0.019209134218437722,0.8488462179238244,1.6029189325218904,129,137.1,2.8084010677332274,128.3,1.0
0.2522825098701194,423.0,210.94,-0.01648674500267547,0.7206948441053603,1.452167948878834,131,135.0,3.12608617157839,129.0,1.0
0.25296509013307306,430.0,210.92000000000002,-0.014483574854715011,0.3510412780904503,1.2896121747389313,130,133.0,3.4536754700180685,129.8,1.0
0.25398544912492643,432.0,210.9,-0.01736379309950174,1.8366461853361216,1.3594360415446605,127,131.2,3.7046933438999696,131.7,1.0
0.2544264972894869,433.0,210.9,-0.0227295432068553,1.5877733924176138,1.4036700219578946,123,129.8,4.4462783257203,134.1,1.0
0.2552869304892008,434.0,210.9,-0.029920494870295626,3.097559518970026,1.1834435310714642,121,128.5,5.872454255837785,136.2,1.0
0.2555879911296057,436.0,210.9,-0.032206562242191525,0.5419091527287547,1.1894013452100776,117,127.3,6.064995290122678,137.6,1.0
0.25633050601672636,437.0,210.85999999999999,-0.03435293107102327,2.673053593634485,1.2788032998106273,114,126.2,6.026172899990323,138.9,1.0
0.2576554316912927,439.0,210.8,-0.03376843813593973,2.384866214219423,1.3460373729966915,112,125.7,6.0972594653015255,139.8,1.0
0.2586171352794017,444.0,210.74,-0.026584402476827956,0.6924265834385275,1.6374316604893628,112,125.9,7.1471110910044375,141.1,1.0
0.25939888824814267,447.0,210.7,-0.021807130807746565,0.9381035624891375,1.6158060628542803,111,126.4,8.23050028575675,142.4,0.0
0.260387788532556,449.0,210.66,-0.019228537004104863,1.780020511944047,1.4398086080363552,112,127.0,8.074737163895028,143.8,0.0
0.2610125884818855,451.0,210.63999999999996,-0.01657283962415447,1.124639908793101,1.5482887058259427,117,127.6,8.182913802512957,145.4,0.0
0.26232926824765107,452.0,210.68,-0.006230917210353793,4.740047156756047,1.4363662959210124,117,128.3,8.258765584674208,146.1,0.0
0.26324227917779763,455.0,210.71999999999997,0.0012248159130742336,1.0956131161759073,1.2749965840694109,117,129.0,8.259985220640448,146.1,0.0
0.26411537764892745,460.0,210.74,0.008415767576514558,0.6286308992134818,1.2394431989262882,118,129.8,7.538768185900094,146.2,0.0
0.2648912862923942,462.0,210.76000000000005,0.009399990625508631,1.39663555824021,1.1970220814971442,121,131.7,7.564996349062201,146.5,0.0
0.26581988450169125,466.0,210.8,0.009949214332892874,0.8357383883673181,1.1128008884221428,122,134.1,9.28037750601986,146.5,0.0
0.2660284116620245,470.0,210.8,0.007536163163394098,0.18767444429993896,1.047676012684822,123,136.2,10.119022608582265,146.5,0.0
0.26637330066372583,476.0,210.8,-0.002361913139187434,0.20693340102079932,0.6098040262707577,123,137.6,8.738219968801145,146.0,0.0
0.2669298667967648,481.0,210.78000000000003,-0.01240387254581935,0.40072761578806243,0.538077105636239,122,138.9,8.308215123670633,145.1,0.0
0.2677857882612837,485.0,210.76,-0.014982466349461054,0.7703293180669925,0.555738188163674,124,139.8,8.487876766757738,143.7,0.0
0.2682129540932746,489.0,210.74,-0.017638163729411443,0.3844492487918123,0.45207245615214375,124,141.1,8.825869008925228,142.0,0.0
0.26848105390937443,495.0,210.71999999999997,-0.0230450306484026,0.16085988965989453,0.3697107830273754,122,142.4,10.161921705283444,139.8,1.0
0.26887117567743407,498.0,210.7,-0.0230450306484026,0.4681461216715841,0.5399070993873512,119,143.8,9.804241735474813,137.6,1.0
0.26913850361386044,499.0,210.7,-0.015892882532377722,0.9623805711349144,0.5715199945409559,115,145.4,9.526401302222451,135.7,1.0
0.2692745336889869,500.0,210.7,-0.006434091768811408,0.4897082704553536,0.5734762779167151,110,146.1,9.251562892696755,134.1,1.0
0.2693392533617698,503.0,210.7,0.002186701895612996,0.07766360733943717,0.5436581340427289,107,146.1,7.638482582712564,133.1,1.0
0.26982730743647493,504.0,210.7,0.010179979107310074,1.7569946689386065,0.5440248613319807,106,146.2,6.855212950478635,131.9,1.0
0.27008735139354456,506.0,210.71999999999997,0.013474172285844785,0.4680791227253524,0.5683173283070323,103,146.5,6.789166241060999,130.5,1.0
0.2703758868467595,509.0,210.73999999999995,0.012966012306473734,0.34624254385791287,0.7000768576957056,102,146.5,5.915041687473302,129.3,1.0
0.2707778465638591,513.0,210.76,0.00813635452811006,0.36176374538964895,0.7446552703194614,103,146.5,5.565425202155398,128.4,1.0
0.27095971321433554,515.0,210.78000000000003,0.003910838979864635,0.32735997085759816,0.8252415937626468,106,146.0,5.045901241713935,127.5,1.0
0.27127741657909743,518.0,210.76,-0.0015756111396459417,0.3812440377142358,1.6338617810903107,109,145.1,3.4482651577054204,127.1,1.0
0.27225773644674467,520.0,210.7,-0.004246447571357068,1.7645757617650764,1.5627422256570775,113,143.7,3.058721927493251,126.9,1.0
0.2734495831268209,523.0,210.64000000000001,-0.01263054144223548,1.4302160160914235,1.729527672911635,117,142.0,2.601036269076877,126.3,1.0
0.2751046723994354,527.0,210.58,-0.01975468384011926,1.4895803453530736,2.3427556327627026,113,139.8,2.2408822438817357,125.5,1.0
0.27771220491209736,528.0,210.5,-0.02562719580833302,9.387117045583004,2.545767185224933,112,137.6,2.2534799900146463,124.2,1.0
0.28022079137060474,534.0,210.45999999999998,-0.029057645921671767,1.5051518751044322,2.6960625520816954,109,135.7,2.179000899200835,124.0,1.0
0.2825105918700784,537.0,210.44,-0.028220114735183648,2.7477605993683563,2.921034607446532,109,134.1,2.1899942075297743,124.9,1.0
0.28457533761553405,538.0,210.42,-0.024229762185561547,7.433084683640488,2.9529343703457007,106,133.1,2.2716797424254587,126.3,1.0
0.2853592240041682,539.0,210.4,-0.019400104407197874,2.8219909990828644,2.8838680557401846,104,131.9,2.4185788865050526,128.0,1.0
0.2859362949042871,540.0,210.4,-0.01517458885895245,2.077455240428238,2.835715984022772,103,130.5,2.1974967620119488,129.8,1.0
0.28751189761950624,542.0,210.38000000000002,-0.009688138739433316,2.83608488739437,2.1285277201897084,102,129.3,2.6738360029562003,131.4,1.0
0.2886720882333038,544.0,210.35999999999999,-0.003878890028848356,2.0883431048356753,2.0714658184806813,103,128.4,3.213197227793924,132.8,1.0
0.2896662020296678,550.0,210.35999999999999,0.001339048530961931,0.5964682778183868,1.8792208023022792,104,127.5,3.467929073314624,134.3,1.0
0.2903113238694077,553.0,210.35999999999999,0.0025574944531693003,0.774146207687886,1.2595315561323446,105,127.1,3.543440582829583,135.8,1.0
0.29060617404797773,554.0,210.36000000000004,0.0037907971607066084,1.061460642852098,1.03924037988488,107,126.9,3.521551278322383,137.4,1.0
0.29144101814425655,559.0,210.38000000000002,0.0037907971607066084,0.6010877493207507,0.9159933283430425,110,126.3,3.8821283489332936,138.3,1.0
0.29158206098843653,561.0,210.4,0.005341909916539664,0.2538771195239501,0.6832487302224596,114,125.5,4.7030930597654095,138.6,1.0
0.2918328038227004,564.0,210.4,0.007124405083839147,0.3008914011166494,0.8264226193321171,115,124.2,4.986056228689722,138.4,1.0
0.29200038167895753,567.0,210.4,0.007124405083839147,0.20109342750861295,0.8592618049846102,112,124.0,6.456362821211407,137.8,1.0
0.2923089439455273,569.0,210.4,0.011716002395653765,0.5554120798255595,1.0937348539764924,111,124.9,8.142635555649841,136.7,1.0
0.2925294681417387,572.0,210.4,0.015835984909126417,0.264629035453661,1.6964378047355102,108,126.3,8.379875705285432,135.3,1.0
0.29337610190925895,573.0,210.4,0.016433367205560292,3.0478815630729965,2.160066949432763,108,128.0,8.111797578956182,133.9,1.0
0.2947859725467391,579.0,210.4,0.01244737440060354,0.8459223824880967,2.16391831114404,107,129.8,8.188705411682882,132.8,1.0
0.2963679849812897,581.0,210.44,0.01244737440060354,2.847622382191065,2.3933594849683675,112,131.4,8.561583825937925,132.1,1.0
0.2982495986396308,582.0,210.48000000000002,0.009243653142000744,6.773809170027947,2.5066109271493224,112,132.8,8.438216480763648,131.5,1.0
0.2996435211165456,583.0,210.51999999999998,0.005939154004972387,5.018120916893181,2.65981200430139,111,134.3,7.967026007457605,131.0,1.0
0.29981109893244495,585.0,210.51999999999998,0.0006468779882660876,0.3016400686189098,3.198718013621037,113,135.8,7.085677706662253,130.9,1.0
0.3005443691633865,586.0,210.51999999999998,-0.0013261701433546498,2.639772831389642,3.2451704335437936,113,137.4,6.697563439563086,131.7,1.0
0.30170916075001775,589.0,210.48000000000002,-0.0048724543847332834,1.3977499039574586,3.2460363585038783,109,138.3,5.089600610190197,133.5,1.0
0.30301617080011656,591.0,210.44,-0.011909896258154811,2.3526180901778693,3.313163395261739,105,138.6,3.593444664093289,136.4,1.0
0.304755410306631,592.0,210.38000000000002,-0.017658543969138824,6.261262223451909,2.693850783955759,108,138.4,2.7490878503052354,139.5,1.0
0.3060491049606016,593.0,210.35999999999999,-0.021394338544451212,4.657300754294253,2.1850995673574873,107,137.8,3.2759596084741816,142.8,0.0
0.3072714532646866,597.0,210.32,-0.019637209505232678,1.100113473676474,2.63791582290943,106,136.7,3.300640091812572,145.8,0.0
0.30847269384678855,598.0,210.29000000000002,-0.01599193966407032,4.324466095567115,3.0127785876354105,106,135.3,3.788768859595793,148.4,0.0
0.30958687579799704,602.0,210.27000000000004,-0.009870144790108596,1.0027637560876421,2.9916854752893762,108,133.9,4.8801066944262725,151.1,0.0
0.30978012127318233,606.0,210.26999999999998,-0.0044616932387628455,0.1739209276667634,3.008785955352578,111,132.8,5.829865903647465,154.1,0.0
0.3110905106426698,607.0,210.29000000000002,0.0030559575102620255,4.717401730154952,2.5169413093391806,111,132.1,6.472365092911929,156.4,0.0
0.3128100709462761,608.0,210.33,0.005029005641882763,6.190417092982706,2.194982424408012,112,131.5,7.225504528508627,157.8,0.0
0.31398915545405354,612.0,210.35999999999999,0.008575289883261396,1.0611760569996684,2.2061145128239428,112,131.0,7.202577620251597,158.0,4.0
0.31516823996096865,614.0,210.38000000000002,0.011021134444868306,2.122352112447245,1.8816753498881809,111,130.9,7.1683282630541045,157.4,0.0
0.3161376136358375,619.0,210.4,0.012649799642371107,0.6979490459055664,1.867230553260573,109,131.7,7.356607120937636,156.7,0.0
0.31702222951459547,624.0,210.4,0.012649799642375784,0.6369234327057346,2.1169558223704454,108,133.5,7.801838360141849,155.7,0.0
0.31755220829501596,626.0,210.4,0.012580071614902436,0.9539618047568458,1.704344799248675,112,136.4,8.543195954029795,154.7,0.0
0.31797861226202395,629.0,210.4,0.012013159406648054,0.511684760409571,1.5302246531210482,114,139.5,7.777724813901467,153.5,0.0
0.3185741262190281,632.0,210.4,0.01180348553029305,0.7146167484049315,2.0881086772839828,111,142.8,7.655191654433358,152.2,0.0
0.3192383098902853,633.0,210.4,0.014106115964827956,2.391061216525843,2.9137144953738874,110,145.8,7.541089111679954,150.7,0.0
0.3199340549123136,637.0,210.42000000000002,0.015483268868355226,0.6261705198254605,3.812663553119259,107,148.4,7.1045356322433495,149.8,0.0
0.321053505469163,638.0,210.45999999999998,0.017847269768197623,4.030022004657961,4.1334318602790585,111,151.1,6.8036333910805,149.2,0.0
0.3227476187824982,639.0,210.5,0.017847269768195596,6.098807928006739,4.458088721060873,121,154.1,7.126210142130899,149.4,0.0
0.32544970322654726,640.0,210.58,0.015380139800038653,9.727503998576644,5.084845157933972,130,156.4,6.899789576380047,150.9,0.0
0.32799016075463144,641.0,210.66,0.012039618441123223,9.14564710110307,5.821509165261249,132,157.8,6.618374053337133,153.4,0.0
0.33001617134005445,643.0,210.72000000000003,0.008988643417919174,3.6468190537613716,5.978618667959727,130,158.0,5.509341991482748,156.3,0.0
0.3323210769461153,645.0,210.71999999999997,0.004522812023198211,4.1488300909095,7.025680283436404,128,157.4,6.184475326077317,159.1,4.0
0.33613326922503756,647.0,210.64000000000001,-0.0008897034603634124,6.861946102060072,8.413372727967909,125,156.7,6.367302221152594,162.0,4.0
0.34078075669813085,649.0,210.51999999999998,-0.004823661550267111,8.36547745156789,8.621786831292292,123,155.7,5.724966868990876,165.0,4.0
0.34461901088918545,652.0,210.4,-0.010535063360656903,4.605905029265508,8.084093188861296,120,154.7,6.322717737479387,167.9,3.0
0.34795471850228055,653.0,210.28000000000003,-0.013221915118692973,12.00854740714242,9.356639940586751,120,153.5,6.249788140195038,170.3,3.0
0.3534798474262182,654.0,210.17,-0.013365045822572714,19.890464126175587,10.009338896533624,119,152.2,6.418877874430152,172.5,3.0
0.3586701551493944,656.0,210.10999999999999,-0.011072648352298906,9.342553901717189,10.043791280334961,120,150.7,6.276561946203357,174.1,3.0
0.3647813919776257,660.0,210.05,-0.007332827746018363,5.500113145408226,9.452763222601911,118,149.8,6.554700045423388,174.6,3.0
0.3711800138224821,661.0,210.09,-0.00446055199540797,23.03503864148302,8.896208213394994,118,149.2,7.090232020892962,174.4,3.0
0.3771423757521674,663.0,210.19,-0.00514482125645997,10.732251473433532,8.911605167033077,118,149.4,7.007597553171371,174.1,3.0
0.38127835421973644,666.0,210.3,-0.008439377264762196,4.963174161082828,8.894347227075416,118,150.9,5.053053063306606,174.0,3.0
0.38211665984749965,669.0,210.35999999999999,-0.011420374464934952,1.0059667533158492,7.872869081385675,118,153.4,5.420240443095827,173.9,3.0
0.38446433619316894,672.0,210.34,-0.01088346365381727,2.8172116148031248,7.083324653206074,118,156.3,6.1874672354546245,173.7,3.0
0.3896464060885021,676.0,210.2,-0.007639909674369803,4.663862905799816,6.879571990527573,118,159.1,4.805799511857482,173.6,3.0
0.3959394163683851,678.0,210.0,-0.005351478836891278,11.327418503789348,4.968858146507268,117,162.0,4.771699343053827,173.6,3.0
0.4006240615837414,680.0,209.84,-0.003318356029143638,8.432361387641347,5.0979725429865095,117,165.0,4.212554332972726,173.6,3.0
0.40138278212389666,683.0,209.82,-0.00123817810966547,0.9104646481862747,5.045573122901288,117,167.9,5.145543454970477,173.8,3.0
0.40226220697816295,684.0,209.88000000000002,-0.0005380216179726192,3.1659294753586735,5.121004082858237,118,170.3,5.295588975308881,174.0,3.0
0.4041127403451742,686.0,209.98000000000002,0.0017648009564291867,3.330960060620249,5.941823280351282,124,172.5,5.139954196647491,174.0,3.0
0.40724497830467815,687.0,210.1,0.007274298986613618,11.27605665421421,6.404664016084324,125,174.1,5.5568453865938885,174.0,3.0
0.41032078716931003,690.0,210.2,0.014239322468865024,3.690970637558257,5.712438617061806,125,174.6,6.5038607292613335,173.9,3.0
0.4130646746333021,697.0,210.24,0.022384561533590062,1.411142124338766,5.317420899975186,132,174.4,5.892538876254013,173.6,3.0
0.4156742829539456,698.0,210.28000000000003,0.025907561360645426,9.394589954316528,6.101312858151237,136,174.1,5.115745291780796,173.3,3.0
0.41785519719260444,699.0,210.32000000000002,0.025895854740125523,7.851291259171815,5.9902046378318055,139,174.0,5.874158207912179,173.0,3.0
0.4188092336011334,700.0,210.34,0.022691748024837224,3.434531070704384,6.282257124112247,140,173.9,6.70326959233091,172.8,3.0
0.42089932741426833,702.0,210.4,0.018437755021126927,3.762168863642794,5.338511682571231,143,173.7,6.991532210695046,173.2,3.0
0.4231861737172863,703.0,210.46000000000004,0.011100668161212773,8.232646690864575,5.458759366884399,144,173.6,7.239616651215035,173.9,3.0
0.4248068965930422,706.0,210.5,0.006236260336276068,1.9448674509071036,6.0943306119596,144,173.6,7.0996697921279095,174.8,3.0
0.42653333272004706,707.0,210.5,0.002439950999378393,6.2151700572174615,5.347310022078877,143,173.6,8.6949758504569,176.0,3.0
0.4284457623468976,710.0,210.5,-0.00024401710049035355,2.2949155522206004,4.598634530414185,141,173.8,9.01232373980921,177.2,3.0
0.43148964478430774,712.0,210.44,-0.0037218558771255975,5.478988387338338,5.111360043638368,137,174.0,8.825360846905536,178.3,2.0
0.43382202312600665,713.0,210.38000000000002,-0.008251346763634908,8.39656203011608,5.54788493703118,136,174.0,9.31372734181768,179.6,2.0
0.4348433053078328,714.0,210.34,-0.012745801929836164,3.6766158545741137,4.803456876561519,135,174.0,9.591845439512984,180.8,2.0
0.4362784064960422,717.0,210.32000000000002,-0.014672830327226239,1.7221214258512982,5.745297399967031,132,173.9,8.828215835223663,181.9,2.0
0.4390486560502828,718.0,210.26,-0.014672830327226239,9.972898395266244,5.66780705103548,132,173.6,8.201817971200118,183.0,2.0
0.4416493673844577,719.0,210.21999999999997,-0.013564964024454562,9.36256080302961,5.65945724194343,130,173.3,8.989777875896173,183.2,2.0
0.4435763148983129,724.0,210.18,-0.008573072198074802,1.3874022099757222,5.626622038600855,129,173.0,8.430500268927286,182.9,2.0
0.4467918195673288,725.0,210.18,-0.0018566054037105714,11.575816808457134,6.95520442373621,130,172.8,8.456828970685383,182.0,2.0
0.4497369683015102,727.0,210.18,0.005259505260687068,5.301267721526621,7.396419312586081,130,173.2,6.411978897170341,180.6,2.0
0.45198338635248453,731.0,210.22000000000003,0.011351939035135572,2.0217762458768904,8.076190864373746,130,173.9,5.656845107276896,178.9,2.0
0.45558453703929475,734.0,210.3,0.018886628725331304,4.321380824172258,7.977652021283127,130,174.8,5.07464323279871,177.3,3.0
0.4607700998581239,735.0,210.45999999999998,0.024751673449413723,18.668026147784897,9.052939962303961,131,176.0,4.931844895588771,175.7,3.0
0.4663188717582558,738.0,210.68,0.028006112734805945,6.658526280158328,9.454655869515403,132,177.2,4.399958780924022,174.3,3.0
0.47238384620473983,741.0,210.9,0.025203720627090608,7.2779693357808215,8.84151545749035,132,178.3,4.520567013241561,173.0,3.0
0.47850844451805585,744.0,211.12000000000003,0.02091967267812626,7.3495179759792215,9.14263364748453,133,179.6,4.454553604749064,171.5,3.0
0.48348045966449915,745.0,211.32000000000002,0.015436495272018033,17.899254527195943,9.392322921221432,132,180.8,3.3866575638856617,169.8,3.0
0.4862584750869301,747.0,211.4,0.00782444357941774,5.00042776037566,9.517990966475926,133,181.9,2.6887524979548205,168.1,3.0
0.48924057709208574,749.0,211.26,-0.0009354754677819196,5.367783609280117,8.95807241423224,133,183.0,2.560032616238961,166.8,4.0
0.4941913992359901,751.0,211.06,-0.007970701920759401,8.911479859027787,8.516476436444378,133,183.2,2.596157137856644,165.8,4.0
0.4999952412306823,755.0,210.88000000000002,-0.01315342134126754,5.223457795222964,7.837325536326911,134,182.9,2.852954166143417,165.4,4.0
0.5057621530528439,758.0,210.68,-0.01875748157555676,6.920294186593903,7.134797221113928,133,182.0,2.903598509358413,165.0,4.0
0.5107274201112668,759.0,210.51999999999998,-0.023663465389653426,17.87496141032236,5.673173498492963,134,180.6,2.7576350740754902,164.9,4.0
0.5130036900382049,761.0,210.45999999999998,-0.02613541547890221,4.097285868488619,5.886894835764073,133,178.9,2.984646998382971,164.8,4.0
0.5135237779144446,762.0,210.45999999999998,-0.024401837207823136,1.872316354462842,6.480933523822334,133,177.3,3.4474377768586555,164.9,4.0
0.514320757893956,764.0,210.44,-0.022447691551924914,1.4345639631205969,6.160289924394096,137,175.7,3.3712514815159693,165.2,4.0
0.5159018538305075,765.0,210.42,-0.02036278798103582,5.6919453715849935,5.946095556759256,149,174.3,3.610805773714032,165.9,4.0
0.5181589768370326,766.0,210.4,-0.01594833185174454,8.125642823490455,5.584041087542879,158,173.0,3.651278888815644,166.6,4.0
0.5215043896020686,767.0,210.38000000000002,-0.012233019764026954,12.043485954129492,4.114105019949495,158,171.5,4.537177319808846,167.3,4.0
0.5247177236002729,769.0,210.34,-0.010352171604646208,5.784001196767894,3.908734504404901,156,169.8,5.048461260953832,167.9,3.0
0.5270096385660842,772.0,210.3,-0.00894852671755581,2.750297958973472,4.036694837263417,151,168.1,5.421972403372773,167.9,3.0
0.5285512234517061,774.0,210.27999999999997,-0.0068537853150084874,2.7748527941194867,4.0636897492007495,150,166.8,5.266448401682377,167.6,4.0
0.5294397527125413,777.0,210.26,-0.006113439352383563,1.0662351130022276,3.889373339799229,147,165.8,4.994732770497722,166.8,4.0
0.530171791944908,779.0,210.26,-0.005235825669599012,1.317670618260166,3.614495306115039,144,165.4,4.724974405418466,165.7,4.0
0.5309879188733461,780.0,210.28000000000003,-0.005300553449159131,2.9380569423768037,2.6684275566022437,142,165.0,4.20672125631919,164.7,4.0
0.531411631332282,781.0,210.3,-0.004899315019932209,1.5253648521691412,2.3278021831076887,139,164.9,4.156575821017235,163.8,4.0
0.5322993170544635,782.0,210.3,-0.004243975365795074,3.195668599853821,2.5833083882558756,138,164.8,4.386950184071594,163.3,4.0
0.5336520595051051,783.0,210.3,-0.004452716482914521,4.86987282230958,2.6317921215752436,137,164.9,4.35669457197729,163.0,4.0
0.5357530077418721,787.0,210.28000000000003,-0.005659534194854612,1.8908534130902392,2.894672788589124,136,165.2,4.370929945378572,162.8,4.0
0.5386107690877591,792.0,210.24,-0.008644263020253059,2.0575881690386586,3.1647390061793446,132,165.9,4.508281999830568,162.8,4.0
0.5417508763972069,794.0,210.2,-0.012497753127270174,5.652193157005968,3.3642591441201155,129,166.6,4.201338557340735,163.1,4.0
0.5447262988890615,797.0,210.16,-0.017128601907960984,3.5705069902256654,4.055846521891674,127,167.3,4.143120498154276,163.8,4.0
0.5470835689732025,799.0,210.07999999999998,-0.01896449769229306,4.243086151453856,5.444393148349259,126,167.9,4.20015869375396,165.0,4.0
0.5509115386420833,802.0,209.98000000000002,-0.018371156049059895,4.593563602656951,5.653815528085421,124,167.9,4.253602038182886,166.6,4.0
0.5554517350430798,805.0,209.9,-0.015527234323423464,5.448235681195811,5.629121468640297,124,167.6,6.0143391984569545,168.1,3.0
0.56041907652662,807.0,209.8,-0.011854633479263866,8.941214670372451,5.735066818804131,125,166.8,6.713576830885683,169.6,3.0
0.5652683620546836,808.0,209.74,-0.005154481605551616,17.457427901028673,6.955515203771571,125,165.7,6.416455383057626,170.8,3.0
0.5671559407116721,809.0,209.76,2.247305002791855e-05,6.795283165158501,8.172103730599625,125,164.7,6.797912584465959,171.8,3.0
0.5684081319714777,812.0,209.82,0.004915226194690841,1.5026295117666968,8.086886465226732,125,163.8,5.971815028409296,172.5,3.0
0.5699461618726724,814.0,209.88000000000002,0.009546866070782492,2.768453822150685,8.242223587993047,127,163.3,5.647801793892627,173.2,3.0
0.5744324700432377,815.0,210.04000000000002,0.012987742617011489,16.150709414035084,8.338446257759925,131,163.0,6.004389937311265,174.1,3.0
0.5784336919703902,816.0,210.16,0.010931249635439679,14.40439893774881,8.302799796304916,132,162.8,6.841982715379119,174.9,3.0
0.5821634904882188,821.0,210.24,0.005022757857481732,2.685454932836621,7.510065585430473,132,162.8,7.6010886175338355,175.5,3.0
0.5853164515931278,823.0,210.3,-0.00356136289129329,5.675329988836237,7.4600285363875,130,163.1,8.20296740920994,175.9,3.0
0.5870405497883524,824.0,210.34,-0.013261402512496866,6.206753502808328,9.003539286043646,131,163.8,7.154097666034771,176.1,3.0
0.5920146670272607,826.0,210.12000000000003,-0.02007809955512971,8.953411030034856,9.75593707462639,132,165.0,6.426084720709056,176.3,3.0
0.5977064767792747,828.0,209.82,-0.022825016297754786,10.245257553625118,8.247411573577581,133,166.6,6.276816918970152,176.5,3.0
0.603587780776591,831.0,209.51999999999998,-0.020995013956503796,7.057564796779572,7.746115046112692,144,168.1,6.015022367308495,176.8,3.0
0.6087701255214086,832.0,209.22000000000003,-0.01713526990376158,18.6564410813433,7.9604709491546375,149,169.6,5.969020186746714,177.4,3.0
0.611868710201346,833.0,209.01999999999998,-0.011052222438376383,11.15490484777471,8.426476570725976,148,170.8,5.688961063626049,177.6,3.0
0.6131702007659149,835.0,209.12000000000003,-0.0058863754430906745,2.3426830162238956,10.151546173757357,145,171.8,5.254488484788858,177.3,3.0
0.615976964789927,836.0,209.35999999999999,0.002937440016063118,10.104350486443696,10.053815987484631,145,172.5,4.968052601025837,176.8,3.0
0.6197120242596834,839.0,209.61999999999998,0.012515431879359742,4.482071363707669,10.044172631788255,141,173.2,5.342063446806428,176.4,3.0
0.6247427200433007,841.0,209.92,0.02179438965803578,9.055252410511137,9.953218658288822,143,174.1,5.02467144144251,176.0,3.0
0.6301780757284091,842.0,210.14000000000001,0.03048797745153864,19.567280466390503,8.561934071898282,144,174.9,5.114934944780551,176.5,3.0
0.6346585851716996,845.0,210.26,0.03637861583317937,5.376611331948522,7.906140530509762,146,175.5,7.957333651815517,177.3,3.0
0.6388068369612004,847.0,210.32,0.03406044858040252,7.4668532211015215,7.876766341301943,149,175.9,8.80508507209683,178.4,2.0
0.642397820879136,850.0,210.35999999999999,0.029655090882263185,4.309180701522598,7.0061386826964025,151,176.1,9.85150611682665,179.6,2.0
0.6445025191970538,853.0,210.38000000000002,0.026403072475112165,2.5256379815013767,6.623813912241596,149,176.3,9.956987186350062,180.7,2.0
0.6454253548985637,854.0,210.4,0.02266862037240354,3.3222085254354266,6.029351949371877,149,176.5,10.360114278462303,182.1,2.0
0.6458926370991325,855.0,210.4,0.018825724440382684,1.6822159220475357,4.1106656273689115,148,176.8,10.679215047185956,183.8,2.0
0.6470285578912714,858.0,210.42,0.01762041109362574,1.3631049505667268,3.5630592327816046,145,177.4,10.31998358089778,185.8,2.0
0.6481240095696366,862.0,210.45999999999998,0.015786806792619144,0.9859065105286324,2.9748650876103313,141,177.6,9.471561846696591,187.6,2.0
0.6491962353491079,863.0,210.5,0.011978588280090487,3.860012806096508,2.510720075876186,138,177.3,11.534444702912769,189.4,2.0
0.6501937130230816,864.0,210.51999999999998,0.008616091998789991,3.5909196263053618,2.4748737779646612,135,176.8,12.700190574962402,190.2,2.0
0.6510165902618743,866.0,210.54000000000002,0.00779821367946171,1.4811790298268195,2.330155264502048,132,176.4,10.03901390902207,190.5,2.0
0.6518193671054682,867.0,210.54000000000002,0.00779821367946171,2.8899966369377843,2.301899178924765,132,176.0,10.22723542449368,190.2,2.0
0.6524090674801108,870.0,210.51999999999998,0.006575570704983427,0.7076404495711826,2.3385378175852964,129,176.5,9.113367557015687,189.6,2.0
0.6531456273253415,871.0,210.5,0.0035016104869074983,2.6516154428304843,2.438712516635124,127,177.3,9.12411124055924,188.8,2.0
0.6538615766634797,872.0,210.5,-0.0038869850029043577,2.577417617297316,2.157402098366053,130,178.4,8.77076761714255,188.0,2.0
0.6543593958316288,873.0,210.5,-0.009658168796232982,1.7921490053369276,1.8834878255379,132,179.6,8.649519435774518,187.1,2.0
0.6549649403592742,874.0,210.5,-0.015488511254231929,2.1799602995235716,1.8623057837763723,135,180.7,8.780415466695345,186.1,2.0
0.6556468564568644,875.0,210.5,-0.01862118226979052,2.454897951324571,1.7754919364852817,129,182.1,8.620403388082327,185.2,2.0
0.6561049652238548,876.0,210.48000000000002,-0.018613986648085203,1.6491915611654693,1.8955595534361582,124,183.8,6.27356370321422,184.4,2.0
0.6564520013456565,877.0,210.46000000000004,-0.015955418648524046,1.2493300384861517,1.801437631253732,119,185.8,4.4884054840649785,183.4,2.0
0.6568958446970538,878.0,210.44,-0.01992703199082623,1.5978360650298846,1.6545199998780373,115,187.6,4.168693467791384,182.4,2.0
0.6576344489785401,879.0,210.42000000000002,-0.02341482389478837,2.658975413350616,1.657366267386525,112,189.4,3.2075551218258185,181.6,2.0
0.658303401389244,880.0,210.4,-0.026433041701542953,2.4082286785343117,2.2007551266530117,116,190.2,3.185498422916287,180.7,2.0
0.6589306533230233,881.0,210.4,-0.02912938759157539,2.2581069616051965,2.616740855015297,119,190.5,2.8768389764012823,179.8,2.0
0.6596425701952369,883.0,210.35999999999999,-0.026980419746363553,1.2814503699844486,2.6544318212249403,113,190.2,3.0925000219081817,178.7,2.0
0.6607437240616443,885.0,210.32,-0.01998521488523622,1.9820769595334353,3.1890923530908752,119,189.6,4.451777620248094,177.7,3.0
0.6629240489499383,886.0,210.27999999999997,-0.011836116870816484,7.849169597858585,3.891043840817788,119,188.8,4.697504297083059,176.7,3.0
0.664705984657899,887.0,210.23999999999995,-0.004081786675271889,6.414968548658638,4.551317807296444,118,188.0,5.056570775986375,175.7,3.0
0.6661764390941772,890.0,210.21999999999997,0.002375415880105497,1.7645453235338815,5.081873159764989,116,187.1,6.643352566759411,174.5,3.0
0.6679205754754811,891.0,210.27999999999997,0.004869518306188126,6.278890972694089,5.48517647416436,117,186.1,7.1155268420291,173.5,3.0
0.6701486987192197,892.0,210.35999999999999,0.008130715405811647,8.021243677458685,5.535666322322339,120,185.2,7.491107113212204,172.6,3.0
0.6724693409513719,893.0,210.43999999999997,0.009734110002346962,8.354312035747876,5.610972539675688,123,184.4,8.208764667740734,171.5,3.0
0.6743790051953175,894.0,210.51999999999998,0.009872864785596302,6.874791278204058,5.474709883067542,123,183.4,8.12885965606611,170.6,3.0
0.675889370498691,895.0,210.58,0.008706240522717021,5.437315092144781,5.7911073674053,123,182.4,9.295806671576088,169.7,3.0
0.6767020124679803,897.0,210.56,0.006233361197793815,1.462755544720773,6.0587529421566995,125,181.6,9.195733711284385,168.6,3.0
0.6780535249111795,899.0,210.5,0.0004592423866759617,2.4327223977584866,6.320082460171375,125,180.7,7.50513826670066,167.5,3.0
0.6832061818473516,902.0,210.4,-0.0056161458080427095,6.18318832340642,7.2193685757664126,124,179.8,7.299499974078974,166.3,4.0
0.6887627352438284,904.0,210.26,-0.010670651671023148,10.001796113658092,7.005540124529327,124,178.7,6.933802427072459,165.2,4.0
0.6943289485646802,908.0,210.12000000000003,-0.014178511592594359,5.009591988766695,7.479213969493431,122,177.7,6.23720445537438,165.8,4.0
0.6997609945651971,910.0,210.03000000000003,-0.014029723235046246,9.777682800930574,7.666242640985487,119,176.7,5.781807898771975,166.9,4.0
0.7048773961130351,911.0,209.97000000000003,-0.010750309366590645,18.419045572216746,9.000568023856365,118,175.7,5.798148401023313,168.0,3.0
0.7087108842349745,913.0,209.95,-0.006348048848248395,6.900278619490844,9.19174403659441,116,174.5,4.948508671120999,169.4,3.0
0.7120437829872363,914.0,209.96999999999997,-0.0001649678891163131,11.99843550814212,10.496107199609927,115,173.5,5.002438336490171,170.9,3.0
0.7161377413392165,916.0,210.09,0.007823850149092358,7.36912503356449,11.621108250955913,115,172.6,4.896230463739449,172.4,3.0
0.7199950820444291,917.0,210.2,0.012806724449368876,13.886426538765198,12.376544970731796,116,171.5,5.297840070812822,174.0,3.0
0.7242592619210569,921.0,210.3,0.016435072021200765,3.8377618889650824,11.959406395772755,120,170.6,5.689637421227066,175.2,3.0
0.729025362997874,922.0,210.42,0.01938753396492936,17.157963876541427,10.903908527029042,127,169.7,5.3473515055669045,176.4,3.0
0.7341675626938601,923.0,210.56,0.020708349003671463,18.511918905549802,10.807106386147268,133,168.6,5.094372837116642,177.2,3.0
0.7371472053416667,924.0,210.6,0.021343901117166022,10.726713532103783,9.735419729277922,137,167.5,4.215694053889142,176.1,3.0
0.7394772109055064,926.0,210.64000000000001,0.020080335107021615,4.194010014911555,9.115379518011823,140,166.3,4.385223357778145,174.4,3.0
0.7412012090775653,927.0,210.68,0.01751133748124045,6.206393419411784,7.744230280396136,141,165.2,4.509947453275194,172.6,3.0
0.7426433034351406,928.0,210.7,0.012078310643756187,5.191539687271204,7.4168238303373,141,165.8,4.566548890836407,170.8,3.0
0.7436425108901538,931.0,210.71999999999997,0.007491199032793947,1.1990489460157265,5.613591527128526,139,166.9,5.258052293467172,169.0,3.0
0.7448685805487755,934.0,210.74,0.0013386380070897637,1.4712835903459853,3.8641338805852015,139,168.0,5.120895884632775,167.3,4.0
0.7455287544963891,936.0,210.73999999999995,-0.00228328982943443,1.1883131057045675,2.852809610906663,139,169.4,4.619360880089614,165.9,4.0
0.7467825870716948,940.0,210.7,-0.005653496738097216,1.1284493177750354,3.1676627734143605,138,170.9,4.64349473381994,164.7,4.0
0.7476812000573718,943.0,210.67999999999998,-0.008399874813007554,1.07833558281252,3.0158912002858975,136,172.4,4.920200836406732,163.6,4.0
0.7486674110141998,944.0,210.64000000000001,-0.013281547036531888,3.5503594445807316,3.2696952259446492,136,174.0,5.338093096075268,162.4,4.0
0.7505700321760524,947.0,210.58,-0.02186191404433666,2.283145394223243,4.139947570607458,135,175.2,5.460133241994234,161.4,4.0
0.7531985676195527,948.0,210.51999999999998,-0.03001626728758191,9.462727596601017,4.926843525853857,134,176.4,5.345150226423823,160.4,4.0
0.7567836777599948,950.0,210.48000000000002,-0.03615534668261728,6.453198252795688,5.484396048471423,130,177.2,4.931260074007539,159.3,4.0
0.76237969296283,952.0,210.34,-0.0370165421679524,10.07282736510341,6.176659976412521,127,176.1,4.968693545833888,158.4,4.0
0.7691088192374526,954.0,210.08,-0.03573304849261699,12.112427294320526,6.154689420757357,125,174.4,4.689367833293116,157.5,0.0
0.7752026390610959,956.0,209.84,-0.029233775286690578,10.968875682557917,6.151691525682464,128,172.6,3.938837277704746,156.7,0.0
0.7794322529490677,958.0,209.61999999999998,-0.02231840156390556,7.6133049983491965,6.410806800306647,132,170.8,3.93969515631562,156.0,0.0
0.7818377650806627,959.0,209.48000000000002,-0.014536436724910187,8.659843673742015,7.163711336726114,132,169.0,3.523283558404508,155.6,0.0
0.7823094686919084,961.0,209.48000000000002,-0.009219265912707716,0.8490665002422253,8.261321895811127,131,167.3,3.724638845880635,155.2,0.0
0.7840916163989117,963.0,209.64000000000001,-0.001754535496292272,3.2078658726058,7.755771610769051,135,165.9,3.600301885112901,155.2,0.0
0.786406024161722,965.0,209.8,0.01015373722011632,4.165933973058565,8.094777805060705,143,164.7,3.8459816896287062,155.4,0.0
0.7902713130474562,966.0,210.0,0.020887119975576674,13.91503998864315,8.331096986500441,152,163.6,4.219470001859442,155.8,0.0
0.794123194767366,967.0,210.14000000000001,0.030017585360011378,13.866774191675152,8.057649188334159,159,162.4,4.347237365167309,156.5,0.0
0.7981533880403996,973.0,210.26,0.03685180453261823,2.4181159638201244,7.931694161467516,158,161.4,4.916908455464268,157.0,0.0
0.8042017745401993,975.0,210.42,0.03858701295683335,10.887095699639435,8.32652000519784,158,160.4,5.379909073106051,157.7,0.0
0.8096616913485458,977.0,210.56000000000003,0.03301692497747642,9.827850255023883,8.11755225580918,158,159.3,5.274844637131079,158.4,4.0
0.8132703249085271,981.0,210.66,0.027891944405300344,3.2477702039831504,7.817254147367279,158,158.4,5.293645744044149,158.9,4.0
0.8164096700541458,983.0,210.76000000000005,0.02325456594705057,5.6508212621135145,6.568410909328373,159,157.5,6.0041855045449335,159.9,4.0
0.8186734667267825,985.0,210.82000000000002,0.019740697587267764,4.074834010746224,7.074106314749187,161,156.7,5.979895609124968,161.3,4.0
0.8194598502393636,988.0,210.78000000000003,0.016915293221509788,0.9436602150972777,7.185088905943495,158,156.0,5.917146629708315,163.0,4.0
0.8198353443345384,989.0,210.76,0.013808838983941701,1.35177874262942,6.285608795212392,157,155.6,5.901903056135792,164.9,4.0
0.8229739214124265,993.0,210.8,0.011092455125990594,2.824719370099304,6.6572340554782485,154,155.2,5.576026228646692,167.2,4.0
0.8287011735062101,994.0,210.82,0.0063203617567258175,20.61810753762084,6.495180874057084,153,155.2,5.974955357662952,169.3,3.0
0.8345989303320057,999.0,210.84,0.0013339234936565868,4.246384914572888,6.522277733872502,151,155.4,5.94167722359568,170.9,3.0
0.8395586438631416,1003.0,210.88000000000002,-0.002737577813211662,4.463742178022255,6.2972272498427095,148,155.8,6.085374898298915,171.9,3.0
0.8439490213464497,1004.0,210.92,-0.004369373207899457,15.805358939908995,6.548695576260191,148,156.5,7.579188920079555,172.4,3.0
0.8453481736970828,1006.0,210.85999999999999,-0.0067456283317530496,2.5184742311396664,7.074932520686607,146,157.0,7.99649243802074,172.7,3.0
0.8473875399761007,1007.0,210.8,-0.00842986613625309,7.341718604464648,6.977924012541162,146,157.7,7.136154952674433,172.3,3.0
0.8495972689164992,1010.0,210.74,-0.00809842549811221,2.6516747284782687,4.963816421325427,146,158.4,7.330058703264418,172.3,3.0
0.8516667362538868,1012.0,210.67999999999998,-0.00471931239522038,3.7250412072975996,5.402340024585101,149,158.9,7.536347662675527,172.7,3.0
0.8535298191698104,1013.0,210.61999999999998,0.001607841730717325,6.707098497325158,6.292008258363305,151,159.9,7.661120229831754,173.2,3.0
0.8540849232511669,1014.0,210.60999999999999,0.0068351685329866105,1.998374692883392,4.967206279835284,156,161.3,7.792408970359498,173.4,3.0
0.8543828850953261,1015.0,210.62999999999997,0.013862065476516949,1.0726626389731944,4.9603910379625535,168,163.0,7.780047248161891,173.8,3.0
0.8565824014043442,1016.0,210.70999999999998,0.01699631701888543,7.9182587124650965,4.437543507366747,176,164.9,7.860058450019582,174.6,3.0
0.8599535153214581,1017.0,210.86999999999998,0.016539866142613158,12.136010101610227,5.380159827068331,177,167.2,7.195137644050736,175.5,3.0
0.8632679848280208,1023.0,211.03000000000003,0.012334850377380295,1.9886817039375717,5.52141039081078,176,169.3,6.151885301151944,176.7,3.0
0.8662922522489973,1028.0,211.18,0.008147903530449505,2.1774725431031174,5.310346359277914,175,170.9,6.177528362565349,178.0,3.0
0.867264623639916,1030.0,211.21999999999997,0.002497832799497264,1.750268503653633,5.6552356128782195,176,171.9,7.251875903048952,179.3,2.0
0.8705928364033759,1031.0,211.11999999999998,-0.0010571050864930645,11.981565948455781,6.456435791837596,175,172.4,7.281024786843156,179.8,2.0
0.8763989435263555,1035.0,210.88000000000002,-0.005550920706181033,5.225496410681641,5.735564404631921,173,172.7,7.588988449881849,179.6,2.0
0.8821219998715902,1039.0,210.64000000000001,-0.01270995751923997,5.150750710711254,4.774987503112764,173,172.3,7.698135475655458,179.0,2.0
0.887261405365213,1042.0,210.42,-0.0191792547492603,6.167286592347369,5.445726625852279,172,172.3,7.215727744092509,178.0,2.0
0.8901899653834485,1043.0,210.32,-0.024928154917107793,10.542816065647651,6.2358061102400075,173,172.7,7.400400221738154,176.7,3.0
0.8911927654847773,1045.0,210.3,-0.02566245128781715,1.8050401823918916,6.536368394216202,174,173.2,7.698538950949694,175.5,3.0
0.8936194734052652,1047.0,210.32000000000002,-0.022013689404599246,4.36807425687805,6.856984794561858,174,173.4,8.055957604689642,174.8,3.0
0.8989377016637381,1049.0,210.32,-0.013519868884493863,9.572810865251395,6.766115979790766,175,173.8,7.601353413232401,174.2,3.0
0.9047535829900105,1051.0,210.3,-0.004424758564399894,10.46858638729044,8.495542913491345,174,174.6,7.7053629425180175,173.8,3.0
0.9099012437536717,1055.0,210.32,0.0042878002838947354,4.632894687294982,8.906276669924097,174,175.5,6.7936152364979945,173.5,3.0
0.9139185799630204,1056.0,210.35999999999999,0.00822585183368402,14.46241035365567,8.87721548872985,174,176.7,6.101474991839662,173.1,3.0
0.9160441509740261,1058.0,210.44,0.008694932167599354,3.826027819810395,9.408426754549494,173,178.0,5.56944985803201,172.7,3.0
0.9219063207779153,1059.0,210.53999999999996,0.00727215043164649,21.10381129400116,9.763763711071553,173,179.3,5.333144893409608,172.0,3.0
0.9296902920161407,1062.0,210.66,0.0062875744324536395,9.340765485870454,9.069540032642326,174,179.8,5.276512170555328,171.6,3.0
0.9369179479633165,1065.0,210.71999999999997,0.005082270989671532,8.67318713661092,8.467918606066068,175,179.6,4.667554344362202,171.2,3.0
0.9424918689062443,1068.0,210.71999999999997,0.00249364589455922,6.688705131513341,9.222884779639955,174,179.0,3.835890936051638,170.8,3.0
0.944477773137864,1069.0,210.67999999999998,0.0016376277702667044,7.1492552338310835,8.57936560636973,174,178.0,3.6220771387879287,170.2,3.0
0.946091535489829,1072.0,210.64000000000001,0.0010380376541944004,1.9365148223581674,8.563343344311004,174,176.7,4.516582088308668,169.5,3.0
0.9495953752790416,1075.0,210.58,-1.4986278236091971e-05,4.204607747055002,6.4313350470455415,171,175.5,4.175288871186971,168.6,3.0
0.9530710679830015,1076.0,210.51999999999998,-0.0025598482812411285,12.512493734255541,5.638155615031932,171,174.8,3.917157600528584,167.5,4.0
0.9555348552841033,1077.0,210.51999999999998,-0.0038978857890472228,8.86963428396679,5.02887317975515,171,174.2,3.907267059605952,166.5,4.0
0.9566707760722676,1078.0,210.54000000000002,-0.00495531686767281,4.089314837391364,4.884981257647473,171,173.8,4.069675885645983,165.5,4.0
0.9570348374938513,1080.0,210.56,-0.005136992050882878,0.6553105588507528,4.351188151508121,177,173.5,3.809984315540256,164.7,4.0
0.958028963931038,1082.0,210.56,-0.00415241605168931,1.7894275869359995,4.475474967122443,181,173.1,3.889477083565767,163.9,4.0
0.9604049375908955,1085.0,210.56,-0.0013097025297442266,2.8511683918290593,4.409342422439441,184,172.7,4.051313669023021,163.5,4.0
0.9633275607905699,1087.0,210.54000000000002,0.0019284915009012624,5.260721759413952,3.354869304224004,186,172.0,3.909542747578032,162.7,4.0
0.9663782176025426,1093.0,210.51999999999998,0.0030824636750480944,1.8303940871835949,2.6660299959434965,186,171.6,3.4483446276747065,162.7,4.0
0.968997048557154,1096.0,210.51999999999998,0.002122572344773424,3.1425971455335557,2.533707820451191,185,171.2,2.4653556959147047,163.3,4.0
0.9709662005916706,1098.0,210.54000000000002,-6.0658621105944e-05,3.5444736621300295,2.564722282164827,184,170.8,2.772415857901828,164.1,4.0
0.9719848302170159,1100.0,210.56,-0.0026771614773618874,1.83353332562152,2.7882561013099565,183,170.2,5.457803032347414,164.8,4.0
0.9730351544529372,1102.0,210.58,-0.006514148007482058,1.8905836246583725,2.808961538312505,182,169.5,6.478368738449644,165.6,4.0
0.9738135200141129,1103.0,210.58,-0.008992758011515768,2.802116020232772,2.616905229875272,182,168.6,7.125873264523942,166.7,4.0
0.9746606498266359,1106.0,210.56,-0.009943531888413607,1.0165557750275804,2.79732285347562,179,167.5,8.247081086812361,168.0,3.0
0.9758710381238036,1107.0,210.52000000000004,-0.011798254217001822,4.3573978698037275,3.2062417843235296,178,166.5,9.673487148169194,169.5,3.0
0.9777363780260142,1109.0,210.45999999999998,-0.012932953691977962,3.357611823979022,3.1134263673275973,175,165.5,9.61554725547533,170.7,3.0
0.9798480932518946,1111.0,210.4,-0.013259056262592255,3.801087406584728,3.346009939820383,172,164.7,9.820234211838644,172.3,3.0
0.9821261562131492,1113.0,210.35999999999999,-0.013606538706372701,4.100513330258405,3.3987833471715723,169,163.9,10.03069082193326,173.0,3.0
0.9842846298048966,1114.0,210.32000000000002,-0.011889011521399822,7.770504930290397,4.3432011475241445,169,163.5,10.458338205435435,173.2,3.0
0.9866034720621493,1117.0,210.32000000000002,-0.007865528099842761,2.7826107087031717,4.890009158295852,168,162.7,10.104191286631949,173.3,3.0
0.9889529588663727,1119.0,210.34,-0.003283524394383146,4.229076247602144,5.342781275893114,169,162.7,7.851609552825498,173.7,3.0
0.9921408960548095,1124.0,210.36000000000004,0.001556814924830308,2.2953147756744863,5.230350673538822,169,163.3,7.848867420896299,173.8,3.0
0.9953800905909663,1125.0,210.4,0.006123871336688646,11.661100330164798,5.0006870974592355,167,164.1,7.689714566756537,174.0,3.0
0.9987853101390094,1127.0,210.45999999999998,0.008217482819223331,6.129395186477438,4.7753954431297405,162,164.8,6.876840708715875,174.4,3.0
1.0010332293873407,1128.0,210.5,0.008989024187139458,8.092509293993142,4.3016134531758885,161,165.6,5.623826762441411,174.6,3.0
1.0025352058932366,1131.0,210.51999999999998,0.0071120896865759665,1.8023718070750623,4.247920769783948,162,166.7,5.536698991937413,175.0,3.0
1.0031373898347578,1133.0,210.54000000000002,0.0045967660865161705,1.0839310947381757,4.431534466385503,162,168.0,6.637444555190113,175.0,3.0
1.0039167952122388,1135.0,210.54000000000002,0.0021082611391931264,1.4029296794658532,4.370949655573464,165,169.5,6.830661329162323,174.8,3.0
1.0046356767231548,1136.0,210.51999999999998,-0.002052520646918645,2.587973439297624,4.223501522256775,165,170.7,6.686745261297456,174.3,3.0
1.0065366403528913,1139.0,210.48000000000002,-0.011747594677794371,2.2811563556836294,4.259160501431878,167,172.3,7.560057830084493,174.1,3.0
1.008351312541265,1140.0,210.44,-0.01695757712722066,6.5328198781457365,3.865338185595025,168,173.0,7.470089110415552,174.3,3.0
1.0105654888243,1144.0,210.4,-0.018547912454927477,1.9927586547314393,3.791209502463959,170,173.2,7.441008109431681,175.0,3.0
1.0138442260643494,1145.0,210.34,-0.020131181614210986,11.803454064177627,3.841881211305792,170,173.3,7.056218907193738,175.3,3.0
1.0200966558401805,1148.0,210.16000000000003,-0.019056702755131112,7.502915730997395,3.8952398004012716,169,173.7,8.145871240119437,175.2,3.0
1.0242825515644263,1151.0,210.06,-0.01224821634765466,5.0230748690948035,5.708958165373984,168,173.8,8.922392877291454,175.3,3.0
1.026316203589777,1157.0,210.04000000000002,-0.006027842871277797,1.2201912152104717,6.479618820525272,169,174.0,9.486298123543897,174.3,3.0
1.027694797798723,1160.0,210.01999999999998,-0.001869696057082107,1.6543130507350232,6.275080764315429,168,174.4,9.159602100520278,173.3,3.0
1.0298474234917843,1164.0,210.06,0.0014736421063498671,1.9373631237551137,6.74130571926371,165,174.6,9.033858368615215,172.4,3.0
1.035457241559017,1165.0,210.26,0.004418482732118539,20.195345042038305,6.074207207200475,162,175.0,9.841615880353393,171.8,3.0
1.040609204159001,1167.0,210.4,0.009936288513468991,9.273532679970906,5.864248164968337,159,175.0,8.761727624001672,170.7,3.0
1.0445665434921845,1171.0,210.47999999999996,0.012161076006487673,3.561605399865164,6.298479621006273,157,174.8,9.07439260579979,169.0,3.0
1.0477928383081927,1173.0,210.54000000000002,0.012188409109500656,5.8073306688147905,7.1568133205464735,160,174.3,8.345364504976192,166.8,4.0
1.0487768601147514,1174.0,210.56,0.012740662939585123,3.5424785036109885,7.920545186560716,161,174.1,8.02072816068149,164.7,4.0
1.0523291796029437,1177.0,210.5,0.011666184080505251,4.2627833858307,8.518356779963929,164,174.3,6.694785177101634,162.7,4.0
1.0571008219936555,1179.0,210.45999999999998,0.0065619433759060595,8.58895630328119,7.419658396368741,165,175.0,5.637231749619028,160.5,4.0
1.0624319992135938,1181.0,210.44,0.002879113276039149,9.596118995889013,6.64455983392006,167,175.3,5.00604420001626,159.4,4.0
1.0675683170315282,1183.0,210.44,0.00044144672769157785,9.245372072282192,6.466085290680307,168,175.2,4.165768718938007,158.8,4.0
1.0719884009429261,1185.0,210.44,-0.0004227808469955815,7.956151040516145,6.158616941306862,168,175.3,3.839049886188706,158.5,4.0
1.0746846919457835,1186.0,210.45999999999998,-0.00018823211053643234,9.706647610286629,6.089299695855849,169,174.3,2.766970370820378,158.5,4.0
1.0763458613013783,1189.0,210.48000000000002,0.0025376757766997415,1.9934032267137503,5.775817699052136,171,173.3,2.709760592495273,159.1,4.0
1.0774952654027539,1191.0,210.48000000000002,0.0035573698839036784,2.0689273824761156,5.327808660452122,173,172.4,2.205061381490181,159.9,4.0
1.079267146042864,1193.0,210.5,0.004575187183611317,3.1893851521982293,5.04434630595368,175,171.8,2.365532000624754,160.9,4.0
1.0809796219861936,1195.0,210.51999999999998,0.005402285347781866,3.082456697993175,5.469561957324155,176,170.7,2.6934575165718746,162.2,4.0
1.0826042799357758,1199.0,210.56,0.005799247491709866,1.4621921546240524,5.189508679943384,176,169.0,3.290917090789224,164.2,4.0
1.083783232856584,1200.0,210.56,0.005178182749504694,4.244230514909275,5.3491950964563655,175,166.8,3.693656077423972,166.6,4.0
1.0875230996111722,1202.0,210.57999999999998,0.004891090423123718,6.731760158258812,8.39522358248303,174,164.7,4.606658265394752,169.0,3.0
1.0947372554612211,1204.0,210.61999999999998,0.007463128530454585,12.985480530088095,9.311636172032973,175,162.7,7.331554685449291,171.2,3.0
1.1027076404393494,1210.0,210.64000000000001,0.009250014970892112,4.7822309868769715,10.414723891066734,177,160.5,8.007978575366668,173.1,3.0
1.111548709309072,1213.0,210.64000000000001,0.0115927456003632,10.609282643667022,10.518158771882112,177,159.4,8.950744252461975,174.4,3.0
1.1199979843915895,1214.0,210.66,0.012249285238178096,30.417390297063424,10.902301229069836,177,158.8,10.12449377334094,175.9,3.0
1.125857118605639,1216.0,210.8,0.012662512004255898,10.546441585289244,11.176146936954941,177,158.5,10.992585361362396,177.7,2.0
1.1296497840499435,1217.0,210.94,0.0090354012990938,13.653595599496423,10.777121091421483,177,158.5,10.897110287235629,179.6,2.0
1.133097506877633,1220.0,211.1,0.0034204116827364363,4.137267393227301,9.831827766823661,178,159.1,10.930553156490095,181.0,2.0
1.1361494308086033,1222.0,211.2,-0.00286269360207124,5.493463075746472,11.648554167546155,178,159.9,11.876344840857676,181.7,2.0
1.1382147747536437,1223.0,211.21999999999997,-0.0070179884189814894,7.435238202145791,12.534149058534222,178,160.9,12.23105319015512,181.8,2.0
1.1417030475262848,1227.0,211.08,-0.009058281931750407,3.139445495377044,9.610057747008682,180,162.2,11.603571885512096,181.8,2.0
1.1467044510685918,1231.0,210.88000000000002,-0.012751999324248201,4.501263188076241,9.601353030499826,177,164.2,9.175594151031794,181.9,2.0
1.1537630787211026,1232.0,210.64000000000001,-0.015913283661565508,25.411059549038715,8.393250207636685,174,166.6,9.04951947267184,182.1,2.0
1.1599482846555924,1233.0,210.48000000000002,-0.018368320605071133,22.266741364163362,8.3717557621762,172,169.0,8.659137690501467,182.3,2.0
1.1641767553641036,1237.0,210.42,-0.019575671004091404,3.8056236376601085,8.029806655425284,173,171.2,7.613829384026587,181.7,2.0
1.167629160014105,1238.0,210.38000000000002,-0.01906560413986235,12.428656740005358,7.948611511043635,173,173.1,7.064966872967736,180.8,2.0
1.170423512152679,1242.0,210.36000000000004,-0.01368784237680494,2.5149169247164833,8.116010561375912,182,174.4,6.928704721156389,179.5,2.0
1.1716025966606407,1243.0,210.38000000000002,-0.006434159571812139,4.244704228662808,8.0074762115615,186,175.9,6.898632479784584,178.3,2.0
1.1721470485610794,1244.0,210.4,-0.0005480164309324638,1.9600268415795952,5.873890641967985,189,177.7,5.923566063441905,177.0,3.0
1.1738755920023198,1245.0,210.42,0.0036072783859777855,6.22275638846547,4.3017719316062735,190,179.6,5.184924877355881,175.7,3.0
1.1763469285604229,1247.0,210.45999999999998,0.004183147972129512,4.448405804585313,4.03657754525902,191,181.0,4.936154702208883,174.4,3.0
1.1787645472287112,1250.0,210.5,0.0034956201951355736,2.9011424019460437,3.183147431058655,191,181.7,4.600890073380567,172.8,3.0
1.1803834328123426,1253.0,210.5,0.0017100225057417062,1.9426627003576549,3.1635104452665965,191,181.8,4.164690302693542,171.0,3.0
1.1816098659158623,1254.0,210.5,0.00038159021734932616,4.415159172670942,2.8601116931684922,192,181.8,4.287226195967024,169.4,3.0
1.1822859808880002,1258.0,210.48000000000002,-0.0016310184492428898,0.608503474924164,3.0143445355365075,191,181.9,4.502497714886242,168.1,3.0
1.1838511327104166,1260.0,210.44,-0.006793549207537141,2.817273280349706,4.138341914479609,191,182.1,4.618645409790775,166.8,4.0
1.185763090990101,1263.0,210.38000000000002,-0.013603598288730942,2.294349935621175,4.305491226093686,190,182.3,4.520940727444544,165.9,4.0
1.187049879616226,1267.0,210.35999999999999,-0.018292585950581624,1.1581097635127624,4.615178966515829,189,181.7,4.138110721052409,165.3,4.0
1.1904804106967666,1270.0,210.32,-0.020431900412706105,4.116637296648587,6.125131636347878,186,180.8,3.9910386803519606,165.0,4.0
1.1959847252445068,1271.0,210.18,-0.021944317930246187,19.81553237186459,6.5714397896070995,184,179.5,4.0183886615784505,164.8,4.0
1.2017394523886193,1274.0,210.01999999999998,-0.017830982132811528,6.905672572934964,6.9427254345778975,183,178.3,4.227163879753437,164.6,4.0
1.2071492917144353,1277.0,209.94,-0.012112830161216757,6.491807190979207,7.690109032164656,183,177.0,4.385467059551192,164.6,4.0
1.212096647438904,1278.0,209.85999999999999,-0.007839563627738392,17.81048060808801,7.64347983965758,182,175.7,4.2170572473184045,165.0,4.0
1.2146346757515063,1279.0,209.8,-0.005019312090123453,9.13690192536782,8.911616232849436,182,174.4,3.651491945912331,165.5,4.0
1.2170592902997037,1281.0,209.92000000000002,-0.0014874410052876006,4.364306186755209,8.918478327987334,182,172.8,3.731817880861811,165.9,4.0
1.2198353594179356,1282.0,210.06,0.0027517961226997912,9.993848825635025,7.507241881297364,183,171.0,4.42827570532202,166.7,4.0
1.2231582479043244,1290.0,210.12000000000003,0.008106626134894077,1.4952998188749198,7.450119924566043,180,169.4,4.870208760557558,167.9,3.0
1.2267214645483835,1291.0,210.17999999999998,0.011956160553444875,12.827579918612539,7.165753321391309,179,168.1,5.341367008222344,169.0,3.0
1.2301835842080853,1295.0,210.24,0.017494970178479025,3.1159076937315544,6.641904957155229,178,166.8,5.272541901938217,170.0,3.0
1.2318000163892115,1297.0,210.24,0.02331070548443224,2.9095779260273655,6.259766574596941,175,165.9,5.704925478098754,171.1,3.0
1.2331470412910777,1298.0,210.26,0.021130808426322967,4.849289646718086,6.313089330834801,174,165.3,5.406043945669046,172.2,3.0
1.235509401058506,1301.0,210.3,0.01722186351688906,2.834831720914053,5.460424727622783,172,165.0,5.108066486559798,173.4,3.0
1.2385217624171467,1302.0,210.38000000000002,0.01616388367340817,10.844500891107236,5.521536768154327,172,164.8,5.535247305693102,174.5,3.0
1.2423408760499333,1305.0,210.48000000000002,0.01311170380461939,4.58293635934377,5.379071477891812,172,164.6,7.205977598452198,175.6,3.0
1.2435985736080635,1306.0,210.5,0.00878840099183909,4.527711209268578,5.748016925459305,172,164.6,7.208770729335495,176.9,3.0
1.2444304911228479,1308.0,210.5,0.009937098039225652,1.4974515266118806,6.074883829623277,171,165.0,6.228447890625916,177.9,3.0
1.2466911538701442,1312.0,210.51999999999998,0.010309783685140527,2.0345964725666477,5.643131700302119,170,165.5,5.973133191828002,178.4,2.0
1.2499593486454512,1313.0,210.5,0.007576757487177475,11.76550119110532,5.348916330416949,170,165.9,6.0037453159364125,178.9,2.0
1.253921572959043,1315.0,210.45999999999998,0.0030842039862526553,7.132003764465289,4.364546488655866,167,166.7,5.368771535134857,179.7,2.0
1.255818115022979,1316.0,210.48000000000002,-0.0023354160263751363,6.8275514301697955,4.48089251422644,166,167.9,5.622325938551787,180.5,2.0
1.256610576406377,1318.0,210.5,-0.004321992578489238,1.4264304901164826,4.586373352843092,165,169.0,6.384595226744386,181.2,2.0
1.2568647806033866,1321.0,210.48000000000002,-0.005346979402276175,0.30504503641141467,4.636883168304419,161,170.0,6.642158646772016,181.7,2.0
1.25800795452496,1323.0,210.45999999999998,-0.004488459417798537,2.057713058832242,5.33623209474303,161,171.1,7.285097040853559,182.1,2.0
1.2597519071355805,1324.0,210.44,-0.0013182765977519345,6.278229398233795,5.1886695874045525,160,172.2,5.735131592507498,182.4,2.0
1.2613560605145357,1325.0,210.42,0.0027779839857795343,5.7749521642390675,4.690673671320302,161,173.4,5.627691348800704,182.6,2.0
1.2625024304602157,1327.0,210.4,0.003598683260983105,2.0634659022240087,4.771712528778974,177,174.5,5.685551260374757,182.7,2.0
1.2649884389321253,1328.0,210.44,0.005041908827235998,8.949630498874312,5.10649071028505,181,175.6,6.640462942469576,182.8,2.0
1.2678756436828924,1329.0,210.5,0.006773217098728114,10.39393710276134,5.5986710618268445,181,176.9,6.332726440801927,182.7,2.0
1.271403399881282,1335.0,210.56,0.009146539531811045,2.116653719033683,5.788189764179423,181,177.9,6.625508414619334,181.9,2.0
1.2753305609743224,1337.0,210.61999999999998,0.012265435498779285,7.068889967473045,5.76568157442621,181,178.4,6.084775057528271,181.0,2.0
1.2799899959920829,1341.0,210.7,0.015582285855247447,4.19349151598441,5.365396683892954,180,178.9,5.353655389589614,180.1,2.0
1.2837266356863302,1344.0,210.71999999999997,0.019769243652852212,4.483967633096774,5.429028934111393,177,179.7,5.5542126294138505,179.5,2.0
1.287368985150799,1348.0,210.76,0.022209506508891114,3.2781145180219093,5.157040663359925,173,180.5,5.056109544192815,179.1,2.0
1.2902180958410934,1350.0,210.82,0.020780562141491727,5.128399242529681,4.3753419778628535,172,181.2,4.9006162784146685,178.8,2.0
1.292490388396755,1355.0,210.87999999999997,0.019506548098663777,1.6360506400762262,4.356442414091825,169,181.7,4.690838222896817,178.6,2.0
1.294521888913828,1358.0,210.95999999999998,0.016111912774653053,2.4378006204874927,3.870348865350561,166,182.1,4.485772257169329,178.3,2.0
1.2962319926286798,1359.0,211.06,0.009408839016772499,6.1563733734665975,3.970282105325539,164,182.4,3.4934329030872804,178.0,3.0
1.2978367879325008,1361.0,211.07999999999998,0.003315766078403372,2.88863154687764,3.7253964485315536,163,182.6,3.2728784528470856,177.7,3.0
1.2990174726575798,1363.0,211.1,-0.0025479226648831505,2.1252325051424257,3.8054383770384588,163,182.7,3.424917244183465,177.6,3.0
1.3006312359844476,1365.0,211.06,-0.009631041028647643,2.904773988361925,3.97127023454221,163,182.8,3.455080169519243,177.6,3.0
1.3040795939793064,1367.0,210.94,-0.014844987060535803,6.20704439074568,4.012060666453373,163,182.7,3.6943353116607582,177.7,3.0
1.3085804245701667,1372.0,210.78000000000003,-0.019769112085568714,3.2405980254194358,4.431235068505113,163,181.9,3.426092100434233,177.8,3.0
1.3133595183728166,1375.0,210.64000000000001,-0.02516029981338173,5.734912563179964,4.719234565304321,161,181.0,4.19468839798262,177.2,3.0
1.3182835641310595,1377.0,210.48000000000002,-0.026649738705407055,8.863282364837037,4.577761351910924,161,180.1,4.341953024554742,176.3,3.0
1.3215210355456761,1381.0,210.38000000000002,-0.02887216974672261,2.9137242731548945,4.568471345264428,157,179.5,4.322518579485323,174.8,3.0
1.3237806220799697,1382.0,210.32,-0.028913359788038058,8.134511523457089,5.193741371729319,156,179.1,4.461985873066329,172.8,3.0
1.3267768386216043,1383.0,210.28000000000003,-0.026122430935155504,10.786379549884412,5.097245959352629,154,178.8,4.269035099684727,171.0,3.0
1.3293295986037266,1388.0,210.26000000000005,-0.021241625075979147,1.8379871871279323,5.014597727256532,152,178.6,4.394165173723244,169.4,3.0
1.3318998692418078,1392.0,210.21999999999997,-0.018773003550937063,2.3132435742731223,4.930920695190913,154,178.3,3.9108980241654168,167.7,4.0
1.3346804724621883,1393.0,210.18,-0.020703722191203637,10.01017159336977,4.527127668755067,154,178.0,3.7311641797130712,166.4,4.0
1.3363371795278955,1394.0,210.14000000000001,-0.027875174508916845,5.964145436546022,4.811749363451062,155,177.7,3.579139102784817,165.3,4.0
1.3377889063230362,1396.0,210.11999999999998,-0.03665325114119133,2.6131082312529053,4.707101628937214,156,177.6,3.4778297838119885,164.4,4.0
1.3408902823382889,1398.0,210.04000000000002,-0.045546141395437556,5.582476827454729,4.712356616270345,157,177.6,2.1480244906827224,164.4,4.0
1.3455607107465772,1401.0,209.76,-0.052935181906043516,5.604514089946036,5.870466772158785,157,177.7,1.935651046667924,165.2,4.0
1.3513132237160086,1404.0,209.35999999999999,-0.054084367988831664,6.903015563317501,6.191858653679825,157,177.8,2.12382024402387,166.8,4.0
1.3578146655349956,1407.0,208.95999999999998,-0.05149690919153708,7.8017301827843735,5.40698473421442,158,177.2,2.847756499278272,169.0,3.0
1.3646054190332828,1409.0,208.57,-0.04826820248624203,12.223356296916762,5.655936355143331,158,176.3,3.7900067905376873,171.0,3.0
1.3692654544235423,1410.0,208.25,-0.04515348811120802,16.77612740493433,5.926685984222653,159,174.8,4.4186205493878505,172.8,3.0
1.3710671985217882,1411.0,208.15,-0.040539318875956465,6.486278753684967,6.2928409972737445,159,172.8,5.819563403378517,174.8,3.0
1.3726303060105733,1415.0,208.18999999999997,-0.030904582997422315,1.4067967399067058,6.762388977074904,161,171.0,7.139600325845407,176.3,3.0
1.3748256346056973,1416.0,208.25,-0.015856103954847954,7.903182942445867,7.120084279025244,162,169.4,7.388398074595949,177.7,3.0
1.377423411175344,1418.0,208.32,-0.000809076384920393,4.675997825364007,7.673277697481899,161,167.7,8.73636547241629,178.7,2.0
1.3793206896472932,1419.0,208.38000000000002,0.01756124386231449,6.83020249901698,7.583507194435747,167,166.4,10.157076239635526,179.4,2.0
1.381242190062633,1420.0,208.44,0.034773005747651194,6.917401495223483,7.138100266069211,171,165.3,11.001428486271111,179.7,2.0
1.3831253562685613,1421.0,208.56,0.047914434973856404,6.779398341341442,7.548363027502714,174,164.4,10.95741391806204,179.7,2.0
1.3855147568800505,1422.0,208.68,0.05420861602526881,8.60184220136128,9.118994564820138,177,164.4,10.42476464913926,179.8,2.0
1.388611505900733,1424.0,208.9,0.0588716733988379,5.5741482372282976,9.517831147043662,181,165.2,9.786173551693697,179.9,2.0
1.3921357303318143,1426.0,209.14000000000001,0.059876586208974236,6.343603975946416,10.11555872126674,180,166.8,9.732440474610296,180.1,2.0
1.3958816799806026,1428.0,209.42,0.0617004252377761,6.742709367819009,10.420537298538763,175,169.0,9.077156688501512,180.3,2.0
1.3992567555763644,1429.0,209.61999999999998,0.06206987226702655,12.150272144742733,9.882397805049559,171,171.0,7.726715500743093,180.6,2.0
1.401533053293139,1430.0,209.8,0.06041546840729278,8.194671780387921,10.058471180136053,167,172.8,7.301865297536269,181.3,2.0
1.4036873961975143,1431.0,209.9,0.060172095800488754,7.755634455750932,10.283316919468676,164,174.8,6.340813387752979,182.5,2.0
1.4058878608521679,1432.0,210.01999999999998,0.0546761128560341,7.921672756753059,10.481489133065597,163,176.3,5.415418274261822,184.0,2.0
1.4082137766072724,1436.0,210.1,0.0464571766264036,2.093324179594003,9.82647719632671,171,177.7,5.882192289320107,185.6,2.0
1.410609921917772,1437.0,210.18,0.036800886929473885,8.626123117797889,9.748475483055572,178,178.7,6.293721921393341,187.1,2.0
1.4138274856659598,1438.0,210.28000000000003,0.03123788961390649,11.583229493476695,8.406060668994474,182,179.4,6.401508703988289,188.5,2.0
1.4163686897700232,1439.0,210.34,0.025627135081409562,9.148334774627742,7.419198853044395,183,179.7,6.498555356938214,189.8,2.0
1.4188653037441539,1444.0,210.35999999999999,0.02209515479239683,1.7975620613740266,6.610434885382143,184,179.7,7.427862133073335,190.8,2.0
1.4210271939276748,1445.0,210.38000000000002,0.01697278200102417,7.782804660675171,6.124420572250063,183,179.8,8.907852465718634,191.6,2.0
1.422712080085754,1447.0,210.42,0.013979842354517052,3.032795084542519,5.987926079086,180,179.9,9.079001830445373,192.2,2.0
1.4234194519378676,1449.0,210.44,0.00946401344226703,1.273269333804581,5.200618847186702,179,180.1,9.629847727617548,192.2,2.0
1.425448937869263,1452.0,210.44,0.005200589162633073,2.4353831176744207,4.1681059621639225,177,180.3,9.25801719662366,191.7,2.0
1.428537061819557,1454.0,210.42,0.0031310300382753225,5.558623110529026,3.83263666287326,176,180.6,8.82016882592415,191.0,2.0
1.4298095592787663,1457.0,210.42,0.00421241353768013,1.526996951051213,4.718612955450622,176,181.3,7.782854280492645,190.1,2.0
1.4319233466586552,1460.0,210.38000000000002,0.004029887661930705,2.536544855866626,4.320098395539108,176,182.5,8.200644409189394,189.3,2.0
1.435552897114623,1464.0,210.38000000000002,0.0035778328471384653,3.2665954103710555,4.030246026460473,176,184.0,9.20896778682059,188.5,2.0
1.4413947277829484,1467.0,210.4,0.003363870538519809,7.010196801990652,4.021480882257737,173,185.6,9.044489925501257,187.9,2.0
1.4473628453143825,1469.0,210.45999999999998,0.004147577791831676,10.742611556581407,4.220185514605362,171,187.1,7.795264436758036,187.4,2.0
1.4510044057222644,1472.0,210.48000000000002,0.004946745442327568,4.369872489458209,3.978890695568066,171,188.5,7.433330384022891,186.9,2.0
1.4518822881238507,1479.0,210.52000000000004,0.007545820256186846,0.4514823779586475,4.07358688931438,173,189.8,7.607722144317456,186.3,2.0
1.4531871369289375,1483.0,210.54000000000002,0.011398721337127956,1.1743639245782593,4.251857407236,173,190.8,7.129135266080384,185.6,2.0
1.4554423988056457,1485.0,210.56,0.01405487361731319,4.059471378074726,4.099001205488969,173,191.6,7.232222244188444,184.9,2.0
1.4570877918109078,1487.0,210.56,0.013383004104921428,2.9617074094717664,3.604792309707263,173,192.2,7.220960351827189,183.9,2.0
1.4583777499394113,1489.0,210.6,0.01084624664660804,2.32192463130632,2.5837992847995532,172,192.2,7.753541851675925,182.7,2.0
1.4595318918034221,1490.0,210.64000000000001,0.007388386391505336,4.154910710439168,2.7723930816932545,172,191.7,6.947238442748616,181.2,2.0
1.4610726303000232,1493.0,210.7,-0.0012709497142233002,1.8488861959211722,4.993130074756367,169,191.0,5.704757274572,179.5,2.0
1.4617388013008448,1494.0,210.7,-0.011037193381812981,2.398215602957388,5.802903829225066,169,190.1,5.5777361901269895,177.6,3.0
1.4627529371219352,1498.0,210.68,-0.020159455726075307,0.9127222389813887,6.2258407923413905,167,189.3,7.005252602592283,175.8,3.0
1.4668865338493404,1500.0,210.56,-0.02689414453661306,7.440474109329445,7.119436198793136,167,188.5,5.472879483230716,173.7,3.0
1.4744713544389,1501.0,210.21999999999997,-0.03407352425781944,27.305354122414506,8.355695691775622,167,187.9,5.204974311582222,171.6,3.0
1.483954705260234,1504.0,209.77999999999997,-0.03553877071398129,11.380020985600568,8.247615185564477,166,187.4,5.197259282060966,169.4,3.0
1.4927334691259153,1507.0,209.35999999999999,-0.034072103265438594,10.534516638817694,8.46347303721121,164,186.9,4.867485395634353,167.2,4.0
1.5006077944772243,1509.0,209.0,-0.02726817972998564,14.173785632355962,8.74645720953204,162,186.3,4.944516256739024,165.1,4.0
1.5052150126008006,1510.0,208.74,-0.01985851447423605,16.585985244874646,9.290174295102403,162,185.6,4.396380385744072,163.2,4.0
1.5081946057537177,1513.0,208.8,-0.009370865189662266,3.5755117835005206,9.144424049814312,162,184.9,4.298034774881485,161.5,4.0
1.5114410688866795,1516.0,209.01999999999998,0.0030320844352740295,3.8957557595543344,7.515179575379991,161,183.9,4.189049674214315,159.7,4.0
1.5151933869732657,1519.0,209.34,0.014310421922301295,4.502781703903521,7.984554981939134,161,182.7,4.72831514988922,157.7,0.0
1.519517717034935,1522.0,209.62000000000003,0.023739983928052974,5.189196074003171,8.21475930821694,163,181.2,3.132757015404488,155.7,0.0
1.5238499447252623,1526.0,209.9,0.032393215112013096,3.899004921294566,7.727653924137907,159,179.5,2.9311706547156806,154.2,0.0
1.527832892045554,1529.0,210.08,0.03924066109173166,4.779536784349989,6.7583993625833,167,177.6,2.8412574479939785,153.4,0.0
1.530986391952862,1530.0,210.16,0.04050865455634946,11.352599666308592,6.760877371457006,172,175.8,3.265356688933815,152.9,0.0
1.5334705553132564,1531.0,210.2,0.03994521971169773,8.942988097420068,8.06675968101349,172,173.7,3.403401380327396,152.6,0.0
1.5368289147865615,1533.0,210.26999999999998,0.036709230100514516,6.045047051949339,8.293385373042577,169,171.6,3.728623530992965,152.4,0.0
1.5402087862716698,1536.0,210.35,0.03307314603196124,4.055845782130011,8.111761256765494,170,169.4,3.763885582115838,152.3,0.0
1.5439646669361984,1541.0,210.43,0.028173546572394292,2.704234078460542,8.984822263403968,173,167.2,4.34635351288855,152.4,0.0
1.5481044478784431,1542.0,210.55,0.02510692100652484,14.903211392081326,8.759882242039561,174,165.1,4.811822434868978,153.1,0.0
1.5516794197915684,1544.0,210.67,0.023349900955407413,6.434949443625634,8.471756757522206,176,163.2,4.131442981376927,154.4,0.0
1.5548044492876971,1547.0,210.78000000000003,0.02089637352353378,3.750035395354498,7.855897321820633,175,161.5,3.961902761773703,156.2,0.0
1.5583133744569095,1548.0,210.88000000000002,0.015082895184434555,12.632130609164937,8.713164696384059,175,159.7,3.815080659023988,158.5,4.0
1.5615465824466266,1551.0,210.95999999999998,0.008503017885285142,3.879849587660573,9.285128210517504,174,157.7,3.901691985987969,160.5,4.0
1.564619301795646,1552.0,210.98000000000002,0.0021730123362395234,11.061789656469875,9.704887874020557,174,155.7,3.9176135779584422,162.5,4.0
1.567449910726224,1554.0,210.92,-0.005054807452234487,5.095096075040643,9.03654003940063,173,154.2,4.2398451711434815,164.2,4.0
1.5721559024987815,1555.0,210.74,-0.011437139323635246,16.941570381206322,8.739201333643143,173,153.4,4.043518101232026,165.9,4.0
1.5787231592509205,1557.0,210.54000000000002,-0.01467439908513259,11.8210621538502,9.35360599312597,171,152.9,4.896808448768462,167.2,4.0
1.5856758980350747,1560.0,210.35999999999999,-0.018567097921671976,8.343286540984947,8.144742781090239,175,152.6,4.137449828822198,167.7,4.0
1.5921404820138776,1562.0,210.2,-0.0212733846197245,11.636251161845161,8.401891799731668,178,152.4,4.195900974361275,167.9,3.0
1.5978932732634055,1566.0,210.07999999999998,-0.022523132148816814,5.177512124575007,7.661133715815048,178,152.3,4.19814327511988,168.0,3.0
1.6011787206280543,1567.0,210.08,-0.021160611631744403,11.827610512736264,7.366972326603467,179,152.4,4.729730930971096,168.8,3.0
1.6032156629009962,1571.0,210.04000000000002,-0.016098555385304286,1.8332480456477285,6.182296442594906,175,153.1,4.769256704031415,169.5,3.0
1.6051619127358967,1572.0,210.01999999999998,-0.00780718228007828,7.006499405641743,5.2286433561118475,172,154.4,5.400741321466542,170.1,3.0
1.6072571953182488,1574.0,210.0,0.0004584842044718325,3.7715086482339295,4.701035417475024,169,156.2,5.689003981182249,170.5,3.0
1.6087978058449934,1577.0,210.0,0.007148769321185061,1.8487326320936142,4.02524492668746,171,158.5,5.61388583915814,170.9,3.0
1.6098206226631622,1578.0,210.02000000000004,0.01312896803458603,3.6821405454077514,3.809212139337847,175,160.5,6.398745792095133,171.3,3.0
1.6105125825959534,1580.0,210.07999999999998,0.013128968034585343,1.2455278790241349,2.883007672616387,178,162.5,6.032994642860537,171.7,3.0
1.6116411442875964,1582.0,210.14000000000001,0.014190969818361232,2.0314110449572578,2.871552911784051,178,164.2,6.495949534146523,172.8,3.0
1.6134375311492979,1584.0,210.17999999999998,0.014193403823492195,3.233496351062647,2.435109621151725,177,165.9,6.260364493915608,173.8,3.0
1.6150294676468662,1587.0,210.21999999999997,0.015961530754391648,1.9103237970819906,2.713013548641928,179,167.2,6.660669276356908,174.6,3.0
1.6162592624902583,1591.0,210.21999999999997,0.018955767937286327,1.106815359052983,3.1546427348634785,169,167.7,7.163270951841485,174.3,3.0
1.6173102210422556,1594.0,210.21999999999997,0.02259020835385025,1.2611502623966764,3.873451277267107,165,167.9,7.88277438180355,173.5,3.0
1.6183988362064727,1596.0,210.2,0.024029507643043655,1.9595072955908257,4.395008744969752,163,168.0,7.562516700354239,172.8,3.0
1.6198922292174671,1597.0,210.23999999999995,0.026409717130633337,5.376214839579658,5.458739785909821,163,168.8,7.256787410216544,172.4,3.0
1.6255899934303168,1601.0,210.38000000000002,0.0288058377346275,5.127987791564826,8.539878127177095,160,169.5,7.848043140802256,172.6,3.0
1.6336372736699678,1604.0,210.61999999999998,0.02877925014208544,9.65673628758124,9.267870346241958,158,170.1,7.704180838302082,173.1,3.0
1.6424254699122538,1610.0,210.9,0.029715553143580497,5.272917745371614,10.229593743412305,156,170.5,7.001296893384169,174.1,3.0
1.6517266640161414,1613.0,211.26,0.027107318122514178,11.161432924665059,11.347186486436145,157,170.9,6.46855629481494,175.1,3.0
1.6601940141693659,1614.0,211.58,0.0226436675655688,30.48246055160804,12.11036735088492,157,171.3,6.274282947423417,176.2,3.0
1.6650132156672857,1616.0,211.78000000000003,0.01569622403668796,8.674562696255759,11.833781931359368,157,171.7,5.966542597404946,177.2,3.0
1.6679394579256206,1617.0,211.83999999999997,0.006253220210179794,10.534472130006042,11.643080496935623,158,172.8,5.2307281709646425,178.1,2.0
1.671550192778728,1618.0,211.68,-0.004672205701217905,12.998645471186343,12.149533261279979,159,173.8,5.579194370078165,179.1,2.0
1.6774615389875087,1620.0,211.4,-0.0117351679893692,10.640423175805376,12.237863202607256,160,174.6,5.627361418856856,179.9,2.0
1.6836024613462754,1625.0,211.11999999999998,-0.01895582034835742,4.421464098311989,11.334709815286065,163,174.3,5.4959372904549735,180.5,2.0
1.689671812995286,1629.0,210.85999999999999,-0.025045005075741485,5.462416484109483,8.43194583771583,166,173.5,4.627611610208876,180.5,2.0
1.6949814388650795,1630.0,210.63000000000002,-0.02897301123949019,19.11465313125705,8.143230553812455,166,172.8,3.789006301397645,180.2,2.0
1.6974314392090646,1631.0,210.57000000000002,-0.030360711179910606,8.820001238346057,7.646428488834287,166,172.4,3.8273852694464474,179.6,2.0
1.6987888336196855,1632.0,210.55,-0.028781021731374118,4.88661987823482,6.600385501679369,170,172.6,3.9698217457206617,179.0,2.0
1.7005118011771314,1633.0,210.53000000000003,-0.025797477411733515,6.202683206805008,6.061122085866572,177,173.1,4.496409309407012,178.3,2.0
1.7025711944862025,1634.0,210.51,-0.022710432285631445,7.413815912656233,5.962620151517994,181,174.1,4.563473243306301,177.9,3.0
1.7044130429051754,1635.0,210.5,-0.0205727755738292,6.630654308302311,6.014118083476271,182,175.1,4.483482990751716,177.6,3.0
1.7058272442420852,1637.0,210.48000000000002,-0.017499684430629832,2.5455624064375493,5.332185354239207,181,176.2,4.035347810403708,177.6,3.0
1.707258299260201,1638.0,210.44,-0.014463134047383872,5.151798065216857,4.738587532950843,179,177.2,3.630673769236232,178.6,2.0
1.7089576562492002,1640.0,210.38000000000002,-0.010539797134339371,3.0588425801985246,4.616790385083294,176,178.1,3.3698595235191475,179.7,2.0
1.7118252640660843,1642.0,210.28000000000003,-0.004581781106281215,5.1616940703914365,4.404714360834228,181,179.1,3.758804055709279,181.0,2.0
1.7144263721127038,1643.0,210.2,0.002807777701481784,9.363988967830256,4.1110548943868075,184,179.9,3.6371503662510327,182.3,2.0
1.716417468470323,1648.0,210.23999999999995,0.009329134962163223,1.43358937748582,4.439729151208307,185,180.5,3.5258028421453043,183.8,2.0
1.719749299201941,1653.0,210.34,0.013093125717728835,2.398918126764837,4.835922851135434,184,180.5,3.496439453159451,185.2,2.0
1.723707683810999,1658.0,210.5,0.01794423479963176,2.85003691852185,5.155405082603972,184,180.2,3.108464577338696,186.7,2.0
1.728794047487309,1664.0,210.7,0.022284644686489767,3.051818205785979,5.152045614812477,182,179.6,5.236994678728348,187.9,2.0
1.733158499287885,1666.0,210.88000000000002,0.029882679855121063,7.856013241037136,4.826635662725041,182,179.0,5.6647198994681744,188.9,2.0
1.7357686535076793,1668.0,210.95999999999998,0.03671558367177481,4.698277595629725,4.78296167684042,182,178.3,5.691725395242735,189.6,2.0
1.737522341011641,1669.0,211.04000000000002,0.03948368581265762,6.313275014262173,4.823594668269996,181,177.9,6.469768150766643,189.4,2.0
1.739257170808921,1672.0,211.08,0.03897308997451199,2.0817957567362284,5.043081451200029,178,177.6,8.169113809383697,189.1,2.0
1.7414794941530378,1678.0,211.16,0.03443172612991051,1.333394006470091,5.161605029200929,175,177.6,7.871223264457503,188.8,2.0
1.7436720687532672,1679.0,211.24,0.02597443838287834,7.893268560825766,4.930309515746336,175,178.6,8.039286427803544,188.5,2.0
1.745568834519657,1683.0,211.32000000000002,0.017188032718511725,1.707089189750716,4.205900618330629,172,179.7,8.484198959704413,188.0,2.0
1.7468151318275777,1684.0,211.38000000000002,0.01002175523162259,4.48667030851471,4.053765464309279,172,181.0,8.525171656065925,187.4,2.0
1.7480465398043832,1685.0,211.4,0.0006231766380872916,4.4330687164993945,4.425835094634052,171,182.3,8.166655775024882,186.7,2.0
1.7499461510314083,1690.0,211.34,-0.006188300675083814,1.367720083458104,4.703948239411809,169,183.8,6.266681088797255,186.2,2.0
1.7523909957280488,1694.0,211.24,-0.013798895158365432,2.2003602269764064,5.046474649287763,169,185.2,5.679399483682255,185.5,2.0
1.756975609848986,1697.0,211.06,-0.020847110573388276,5.501536945124522,4.76297158879923,166,186.7,5.790995130353108,184.8,2.0
1.7643521949927994,1699.0,210.78000000000003,-0.02632045070850168,13.277853258864257,5.108465738353795,163,187.9,5.757276303147696,183.8,2.0
1.7715756686695678,1703.0,210.56,-0.02871202950532189,6.50112630909161,4.760304255876432,162,188.9,4.202349128795066,182.9,2.0
1.7782923092063656,1707.0,210.38000000000002,-0.029457467777704104,6.04497648311795,4.459674250643516,162,189.6,4.916941688301283,181.8,2.0
1.784296490454686,1710.0,210.23999999999995,-0.0265550833372906,7.205017497984502,4.931058788167639,162,189.4,4.959874496464932,180.4,2.0
1.7876470043165507,1712.0,210.17999999999998,-0.020234330652867526,6.030924951356081,6.779409419169096,163,189.1,4.464268147020512,179.0,2.0
1.7880630751455,1713.0,210.2,-0.011518097820052581,1.4978549842176279,6.945015354989019,166,188.8,4.391739280066618,177.7,3.0
1.7896778463959522,1717.0,210.2,-0.00042448680178458,1.4532941254069236,6.190660684937833,168,188.5,5.287545519530822,176.4,3.0
1.7928109176597251,1719.0,210.23999999999995,0.008339817719069017,5.639528274791137,6.075422566946317,167,188.0,4.991962318290328,174.9,3.0
1.7980630463137717,1720.0,210.35999999999999,0.014605788025366953,18.907663154567366,6.231227400740293,167,187.4,5.003836142084078,173.5,3.0
1.802670936525403,1723.0,210.47999999999996,0.01722900596857103,5.5294682539575035,5.69655593178884,166,186.7,5.174504664862928,172.1,3.0
1.806531630827368,1727.0,210.6,0.017148917538427247,3.4746248717684547,6.012070812991376,167,186.2,4.4526794962733,171.0,3.0
1.8098216135949616,1730.0,210.7,0.01434232612227541,3.9479793211124696,6.765547655381958,167,185.5,4.276753392446333,170.1,3.0
1.81158580740724,1731.0,210.76,0.010126332753177189,6.351097724202055,7.002863661749737,166,184.8,3.405726006874973,169.4,3.0
1.812298540482214,1734.0,210.74,0.0049445494925665695,0.8552796899689571,7.573482726545905,170,183.8,3.2660824684477268,169.3,3.0
1.8146781152004154,1735.0,210.7,-0.00019516628885702536,8.56646898552537,5.86514125853755,175,182.9,3.8001229171012527,169.6,3.0
1.8172116007187886,1736.0,210.64000000000001,-0.004480566817818613,9.120547866143626,5.69296589648914,177,181.8,4.037652493955641,170.2,3.0
1.8205690409901913,1739.0,210.53999999999996,-0.006682441651759597,4.028928325683215,5.730942722465018,178,180.4,3.655763157033055,171.1,3.0
1.8239215166056375,1740.0,210.44,-0.00536779418420537,12.068912215606565,6.7382258573002405,178,179.0,4.7057648226109245,171.7,3.0
1.8267615238315598,1743.0,210.4,-0.0013795777361590238,3.4080086711067676,6.451577216170223,178,177.7,5.517833808922825,172.4,3.0
1.827999042114029,1744.0,210.4,0.00376311444476595,4.455065816889567,6.830977745919563,178,176.4,5.314875206552304,172.9,3.0
1.8302508332182008,1746.0,210.45999999999998,0.008887902232605823,4.053223987508967,6.377738619083903,178,174.9,5.840237058752956,173.2,3.0
1.8340000265909955,1747.0,210.58,0.013061138251064284,13.497096142060668,5.722385847341148,178,173.5,5.937536840117483,173.1,3.0
1.837637507377135,1751.0,210.71999999999997,0.020983245348824505,3.2737327075255664,6.063337371221498,179,172.1,6.830796427263513,172.9,3.0
1.8397392292816588,1753.0,210.82,0.028305662885904515,3.783099428143022,5.719600821194144,180,171.0,7.873229039654808,172.4,3.0
1.8414943045120002,1755.0,210.9,0.03232830378302484,3.1591354146147435,5.607050743797204,180,170.1,7.790762147463359,171.5,3.0
1.8424994996157542,1757.0,210.94,0.0349166973013657,1.8093511867570609,5.430508429005854,182,169.4,7.81632983360403,170.4,3.0
1.8441757498168447,1758.0,211.01999999999998,0.033959556551382566,6.034500723925579,5.223524971167158,186,169.3,7.40080237351121,169.1,3.0
1.8461446057511215,1759.0,211.07999999999998,0.029214203824018105,7.0878813633962094,4.164892155510767,186,169.6,6.400228397654662,168.2,3.0
1.8482035790992608,1763.0,211.11999999999998,0.02538910036974499,1.8530760133253072,3.8894182334167184,185,170.2,5.966804798190172,167.4,4.0
1.85016798348402,1766.0,211.16,0.023728353051027735,2.357285261711036,3.919311462801816,183,171.1,5.396478479975394,166.8,4.0
1.8518367870925483,1769.0,211.17999999999998,0.016483957425163984,2.0025643302341054,3.8201464608682585,182,171.7,4.923931841860799,166.5,4.0
1.8528294822595595,1770.0,211.17999999999998,0.0111410527312942,3.5737026012401727,3.9513377610393925,181,172.4,5.494314141855552,166.6,4.0
1.8537196390971624,1773.0,211.21999999999997,0.00217789088772456,1.068188205123623,3.5241167385362173,181,172.9,5.072931165171566,166.9,4.0
1.8551928300253588,1774.0,211.28000000000003,-0.007903979005750218,5.303487341506819,4.060513566919539,181,173.2,4.084551220313804,167.4,4.0
1.8571154770631213,1776.0,211.2,-0.016489274095677776,3.460764667972511,4.129773285141242,181,173.1,3.879144096581213,168.1,3.0
1.8594498674009947,1778.0,211.11999999999998,-0.017260150758029037,4.201902608172218,4.036474433869371,181,172.9,3.855260365142181,168.2,3.0
1.8631743880806173,1782.0,211.0,-0.015620396107393488,3.352068611660333,4.119144545053726,178,172.4,4.023706771745324,168.3,3.0
1.8672782337303062,1783.0,210.84,-0.014565431264874662,14.773844338880066,3.8861541466873897,177,171.5,4.691154049763729,168.5,3.0
1.8709734807070246,1787.0,210.7,-0.015506877337873991,3.325722279046531,4.019539317174582,176,170.4,4.720346071502847,168.6,3.0
1.872775931382872,1790.0,210.74,-0.016906964936993167,2.162940811016853,3.5737107337225233,177,169.1,5.1004083939847575,170.0,3.0
1.8746632854195633,1792.0,210.8,-0.011553825836431952,3.3972372660441623,3.4603641714721327,178,168.2,5.56721814118078,172.1,3.0
1.8760334478090834,1795.0,210.82,-0.0062477966285152346,1.644194867424148,3.3849182337612573,178,167.4,6.5518991575563295,174.1,3.0
1.876677750293947,1796.0,210.84,0.005469726537532961,2.3194889455087973,3.3286507927427165,179,166.8,6.768004447028328,176.0,3.0
1.8772008790116452,1800.0,210.85999999999999,0.01378485735364635,0.4708158459285463,2.1084758481038457,178,166.5,7.316344637809682,177.6,3.0
1.8776629418514923,1801.0,210.88000000000002,0.017356560579508216,1.6634262234490544,1.928912094262035,178,166.6,8.094070387343153,178.9,2.0
1.8784078451400728,1802.0,210.9,0.01036633241841024,2.681651838889681,2.113619162386288,178,166.9,9.27685196125074,180.8,2.0
1.8803569913250162,1805.0,210.97999999999996,0.003098247236756807,2.3389754219320458,2.791779073875914,177,167.4,9.137304016371296,182.7,2.0
1.8811768754403426,1807.0,211.0,-0.0024744306988488548,1.4757914075874055,3.6469978623132135,177,168.1,9.082209945548078,184.6,2.0
1.881844646461953,1809.0,210.95999999999998,-0.006396350343720244,1.2019878388985434,4.161954342273335,177,168.2,8.79778489074279,186.5,2.0
1.8840916646756065,1811.0,210.85999999999999,-0.009986306282695942,4.044632784576313,5.377988792519853,178,168.3,9.424441911565893,187.1,2.0
1.8870462757363256,1812.0,210.76,-0.013562395243718415,10.636599818588184,6.515021634435643,172,168.5,8.95652289745026,187.3,2.0
1.8901203584529973,1813.0,210.64000000000001,-0.01649566895076103,11.066697780018304,6.6857328220871794,169,168.6,8.023730736768972,187.5,2.0
1.8925108102680002,1814.0,210.56,-0.0235653254205422,8.605626534010428,7.950939748844365,164,170.0,8.221929327090686,187.7,2.0
1.8965331003751766,1815.0,210.49,-0.024341107547638963,14.480244385835206,9.34256623527826,158,172.1,7.985347897926395,188.0,2.0
1.9006619324440983,1816.0,210.43,-0.020844119982769933,14.863795448117955,10.187449579635173,160,174.1,7.349729600457229,188.5,2.0
1.904969956882761,1819.0,210.39000000000001,-0.014296251631676074,5.169629326395098,10.174465105955202,162,176.0,6.2457799802553415,189.0,2.0
1.9093640261605764,1820.0,210.37000000000003,-0.009192638996391356,15.81864940013545,9.720899513949428,160,177.6,6.454142854467475,189.6,2.0
1.9137203870160708,1821.0,210.39000000000001,-0.003792815305624919,15.682899079779787,9.187626963692592,164,178.9,7.083931288664365,190.2,2.0
1.916399695434197,1822.0,210.42000000000002,-0.0010348636413637982,9.645510305254389,9.25832957239613,166,180.8,7.1672512623431945,191.0,2.0
1.9184021882689113,1824.0,210.45999999999998,7.54432661325263e-05,3.604487102485582,8.80984478612685,169,182.7,6.804251043291304,191.7,2.0
1.919877218027067,1825.0,210.48000000000002,0.0008369151036230265,5.310107129360419,7.627916588288241,172,184.6,8.073354389294167,191.9,2.0
1.9211774365841676,1826.0,210.5,0.0028044751649285654,4.680786805562644,7.267365941340421,177,186.5,7.378226452846218,191.9,2.0
1.9234186298517166,1827.0,210.5,0.004722190714918515,8.068295763176414,6.433487798556818,180,187.1,6.521629084235282,191.9,2.0
1.925620687219702,1828.0,210.48000000000002,0.006233544244145673,7.9274065247473775,5.600376328418909,180,187.3,6.178724508818156,191.9,2.0
1.927131113409184,1832.0,210.45999999999998,0.008407477648002001,1.3593835705337747,6.250891163807545,180,187.5,6.665423374784706,191.8,2.0
1.927642850794921,1834.0,210.48000000000002,0.011556054288938179,0.9211272943268465,6.784549303411555,180,187.7,6.800374423439815,191.6,2.0
1.9293673314344495,1835.0,210.51999999999998,0.014423571678820388,6.2081303023025525,7.007489822875359,180,188.0,7.452894234611222,191.2,2.0
1.9329389691815986,1837.0,210.6,0.01668146865066271,6.428947944868224,7.250097474284686,179,188.5,6.708769816726988,190.6,2.0
1.9369148720859979,1838.0,210.73999999999995,0.021889548612788023,14.313250455837244,8.48915932173474,180,189.0,7.325396060774247,189.8,2.0
1.9433480249386794,1841.0,210.95999999999998,0.02750786599916022,7.719783423217914,10.299550936901543,179,189.6,7.484543308958545,189.0,2.0
1.9504457748890238,1845.0,211.14000000000001,0.0319405271824969,6.3879749553099066,10.511984016728254,179,190.2,6.455124539976843,188.2,2.0
1.9582947378543876,1850.0,211.3,0.03252947167881019,5.651253335061885,11.084532307204288,180,191.0,7.051466150185266,187.5,2.0
1.9679399398124584,1852.0,211.56,0.03269797330685275,17.361363524527622,10.66046635211627,180,191.7,7.176399740126908,187.0,2.0
1.9742530814377919,1853.0,211.78000000000003,0.027318967479583633,22.727309851200367,10.145286876230198,181,191.9,7.335649052840528,186.5,2.0
1.9768121457859595,1856.0,211.94,0.019930630752661757,3.070877217801156,8.863880298235204,181,191.9,6.681168360955143,186.0,2.0
1.978598141970973,1857.0,212.0,0.008528484240309017,6.4295862660486165,8.959021834733523,182,191.9,6.3630834502237,185.7,2.0
1.9792897600244075,1858.0,212.06,-0.0010759574285316889,2.4898249923636775,9.511968346118637,182,191.9,5.484673908213123,185.4,2.0
1.980998480222635,1861.0,211.94,-0.01087836050705665,2.0504642378731055,9.06883299909448,182,191.8,5.006666714558829,185.3,2.0
1.9831874274457029,1863.0,211.8,-0.022691557750500663,3.9401050015221823,7.333952134898901,187,191.6,4.393178197991714,185.2,2.0
1.9864923398651988,1864.0,211.58,-0.033892996459893604,11.89768471018542,6.206874844513244,191,191.2,4.772116126455964,185.1,2.0
1.9910676756239827,1865.0,211.38000000000002,-0.042112875802308734,16.471208731621868,6.195017493147532,194,190.6,4.744871799029861,185.0,2.0
1.9955193142038365,1869.0,211.16,-0.04469797189733292,4.006474721868542,5.64606788845794,196,189.8,4.836067827379414,185.0,2.0
2.00092943491172,1873.0,210.94,-0.04679447368811307,4.869108637095429,5.674119546776251,195,189.0,6.055917390822484,184.6,2.0
2.006237204168345,1874.0,210.71999999999997,-0.04420301615950954,19.107969323848913,5.643170700025518,195,188.2,5.9672110044529845,184.3,2.0
2.010249533185634,1877.0,210.56,-0.040593309539323566,4.8147948207468145,6.116571297084824,194,187.5,5.980805719279667,184.3,2.0
2.0116192977553653,1880.0,210.51999999999998,-0.03437194267444196,1.6437174836778925,5.431703194702548,192,187.0,6.686410979786085,184.2,2.0
2.0125972685257665,1881.0,210.5,-0.030517766209753154,3.5206947734442777,4.449948392442126,190,186.5,7.916645838454416,184.0,2.0
2.0142121396209838,1884.0,210.48000000000002,-0.02598738230740772,1.9378453142605443,4.3951075896952485,188,186.0,7.918410604018781,183.5,2.0
2.0167860062876533,1885.0,210.45999999999998,-0.026612943219073548,9.265920000009555,5.729727629496739,187,185.7,7.756910771043266,183.1,2.0
2.0199815484717467,1888.0,210.44,-0.028469174456890355,3.834650620912324,4.553643108079528,186,185.4,6.61723597137332,182.7,2.0
2.023353546013293,1891.0,210.38000000000002,-0.025784502491213057,4.0463970498557025,4.409652679211956,187,185.3,7.086576747828768,182.2,2.0
2.0271539125097076,1896.0,210.32,-0.025323488216484676,2.736263877418448,4.436487919029825,187,185.2,6.6151443565793375,181.3,2.0
2.0324717660546376,1897.0,210.12000000000003,-0.025487084123991005,19.144272761748365,4.183423842477682,187,185.1,5.912178424959736,180.4,2.0
2.03667647508823,1901.0,209.88000000000002,-0.018187762195084268,3.7842381302332355,4.296512443619607,187,185.0,6.554622395800737,179.1,2.0
2.0384562610084482,1904.0,209.82,-0.007243361815898167,2.1357431042618793,3.894285155480657,188,185.0,8.500737199541117,177.2,3.0
2.0397617336655025,1907.0,209.8,-0.004544372941517797,1.5665671884653374,3.9106681426944583,187,184.6,7.850319395335783,175.2,3.0
2.0402571912414538,1915.0,209.78000000000003,-0.0024172208529496283,0.22295590917814698,3.922287254993388,185,184.3,7.242995880165668,173.4,3.0
2.04251398617921,1918.0,209.94,-0.0002852092462920262,2.7081539253072457,4.608038657534985,182,184.3,7.24701642108445,171.6,3.0
2.04566778725426,1921.0,210.16,0.0069454689466925,3.784561290060037,3.321877645179849,180,184.2,8.57042328711369,169.7,3.0
2.04725178420553,1923.0,210.2,0.015425481001957054,2.851194512286453,3.198066147549289,179,184.0,8.624397654039573,167.9,3.0
2.0488943097850765,1925.0,210.2,0.018371860592245822,2.9565460431840114,3.129766975791477,177,183.5,7.905915582209635,166.2,4.0
2.051152342739012,1926.0,210.2,0.020782946172286106,8.128918634167489,3.600204225060768,175,183.1,9.08442451566327,164.8,4.0
2.0538095855864293,1929.0,210.2,0.023211145347860812,3.1886914169010425,3.749939855574877,172,182.7,9.727225245501533,163.7,4.0
2.0562656613132977,1934.0,210.2,0.01824411512031701,1.7683745233451635,4.117665595761184,170,182.2,9.08075634836024,163.0,4.0
2.0576396735766807,1938.0,210.21999999999997,0.009777035817134351,1.236611037044861,4.1610270256392035,169,181.3,7.134669360139329,162.7,4.0
2.0592528845760874,1939.0,210.26,0.008765412816176984,5.8075595978637065,4.749680593971367,169,180.4,7.432489866357985,162.3,4.0
2.0619252226146108,1945.0,210.3,0.008765412816176984,1.6034028231139466,5.207363479566817,164,179.1,6.990773548081751,162.1,4.0
2.0652365422990346,1947.0,210.34,0.008765412816176984,5.960375431962944,4.442545690695624,161,177.2,7.0263205806718245,162.1,4.0
2.0686841938001086,1950.0,210.38000000000002,0.008765412816176984,4.137181801288763,4.227007361055359,158,175.2,5.692254245112569,162.5,4.0
2.071094158750112,1951.0,210.4,0.008765412816176984,8.675873820013564,4.057291605311407,157,173.4,5.451641734898255,163.2,4.0
2.073208390767609,1952.0,210.4,0.008749051501296724,7.611235262988304,4.1621584662627615,156,171.6,5.319043043453684,164.2,4.0
2.0746807508778837,1956.0,210.4,0.010766618189170579,1.3251240992469795,4.211434231196416,156,169.7,3.9941471510032183,165.3,4.0
2.0755103560005885,1958.0,210.4,0.012789225855397306,1.4932892208687965,4.57267195720721,155,167.9,3.5890708356750323,166.3,4.0
2.0756771079427265,1960.0,210.4,0.014690972121568899,0.3001534958480096,4.370587987533639,152,166.2,3.692745556599686,167.3,4.0
2.0768452881131068,1962.0,210.42000000000002,0.016285204318958375,2.1027243066846806,5.263588059744762,149,164.8,4.430843618503675,168.5,3.0
2.080160163400645,1964.0,210.5,0.015254884406084851,5.966775517568438,4.469830138010826,149,163.7,4.388284119780183,170.0,3.0
2.0841815956964482,1967.0,210.58,0.012859559286745795,4.825718754964342,4.53598264816551,149,163.0,4.427892816837701,171.6,3.0
2.0886228231773907,1971.0,210.66,0.011206125852515604,3.997104732848391,4.534878188748183,153,162.7,5.7106540738816935,173.3,3.0
2.0921422913097945,1972.0,210.74,0.009797838278924848,12.670085276653115,5.061950217720431,153,162.3,6.427933066529751,174.9,3.0
2.0927435622101007,1974.0,210.74,0.008805366831651465,1.0822876205509275,5.096170742349992,154,162.1,6.988556451514358,176.5,3.0
2.0950201585207617,1975.0,210.68,0.009801277335337264,8.195746718379075,5.653485924187398,154,162.1,7.843779908813618,178.5,2.0
2.0968917517246966,1980.0,210.64000000000001,0.0075667086644280596,1.3475471068330191,5.79566117673897,155,162.5,9.010788048970708,180.6,2.0
2.0987831866634137,1981.0,210.60999999999999,0.002949495177413459,6.809165779380955,5.609554833341511,156,163.2,8.76077604907656,182.7,2.0
2.099555865803915,1985.0,210.59,-0.003175442781904756,0.6954112264512072,6.2122942734308255,159,164.2,9.20457442969926,184.7,2.0
2.1018940798264247,1986.0,210.63000000000002,-0.01038994837633796,8.417570481035959,5.65490547396576,162,165.3,8.799957318129351,186.3,2.0
2.104352247080515,1987.0,210.67,-0.01558672951239462,8.849402114725496,5.982561167777071,167,166.3,9.932256481707782,187.6,2.0
2.105484063006827,1988.0,210.63999999999996,-0.020107078469133507,4.074537334723256,5.550434054019148,172,167.3,10.300575808166212,188.5,2.0
2.108774536412999,1989.0,210.55,-0.024168473669629882,11.845704262218327,5.789617647260434,173,168.5,9.379214511523,189.0,2.0
2.113781521848725,1991.0,210.41,-0.026928059090154877,9.012573784307152,6.012416825559521,173,170.0,9.475568719628072,189.2,2.0
2.120128006885848,1995.0,210.20999999999998,-0.031200232356815738,5.711836533410782,6.537817872895549,171,171.6,9.081210848039024,188.9,2.0
2.1266167805703704,1999.0,209.95,-0.037027533293593755,5.839896316069924,6.080407214477632,171,173.3,8.232934615592338,187.9,2.0
2.132561886049533,2003.0,209.74,-0.04123167201319465,5.350594931246032,5.6661715714822405,168,174.9,7.390126273188895,186.6,2.0
2.135849436753485,2004.0,209.57999999999998,-0.04752956564894445,11.835182534226712,6.147203349689353,161,176.5,7.042353478245955,185.2,2.0
2.1380412271773936,2005.0,209.37999999999997,-0.052727920371457515,7.89044552607186,6.041435608224456,161,178.5,6.469380426280843,183.7,2.0
2.139489836529211,2006.0,209.24,-0.05276156004879114,5.214993666542839,5.451137805804067,163,180.6,6.109683426063393,182.4,2.0
2.141098755755141,2007.0,209.16,-0.045589137470961376,5.792109213348554,5.048503901242911,175,182.7,4.905329146219216,181.2,2.0
2.143872948710858,2008.0,208.97999999999996,-0.03451527325598524,9.987094640580366,5.056050226137073,179,184.7,4.738930415190204,180.1,2.0
2.1467638046100848,2009.0,208.8,-0.020116692771936284,10.407081237216612,4.936767700788227,179,186.3,4.241330469874239,179.3,2.0
2.148967953871338,2013.0,208.7,-0.006717323570988735,1.9837343351280097,4.5680235688274635,177,187.6,3.562344951482191,178.5,2.0
2.1492883126611035,2016.0,208.76,0.007965831253356662,0.3844305477184902,5.34227996179024,175,188.5,3.6099973704717514,177.7,3.0
2.151453403128967,2018.0,208.9,0.015662270457475404,3.897162842154694,5.76546267638674,175,189.0,3.65199127281664,177.0,3.0
2.155873497578253,2025.0,209.2,0.0189859328260911,2.2731914310613255,5.963979280378103,172,189.2,3.4930083368200684,176.4,3.0
2.1620916062863413,2030.0,209.5,0.02623329504594865,4.477038269823675,5.30870305817097,172,188.9,3.302015866928779,175.9,3.0
2.1684111104625674,2032.0,209.8,0.034578482020674386,11.375107517207073,4.629206096035921,171,187.9,3.719998764679225,175.5,3.0
2.1731583305911757,2035.0,209.92,0.03910622564353182,5.696664154329753,4.718542599625556,171,186.6,3.5694644694309865,175.1,3.0
2.1756460349963587,2037.0,209.94,0.03883371206785332,4.477867929329734,4.875168626003135,172,185.2,3.262451554683809,174.9,3.0
2.1763703893508692,2039.0,209.94,0.03765853140321504,1.3038378381193934,5.390765379647646,171,183.7,2.6594989737437342,175.0,3.0
2.1786159761832073,2043.0,209.95999999999998,0.03004630682253111,2.021028149104305,5.441858784516187,172,182.4,3.0774602934624826,175.2,3.0
2.1812465584227807,2047.0,209.98000000000002,0.02081481061569931,2.3675240156160227,5.294452168768318,173,181.2,3.496183398178226,175.8,3.0
2.183758774131754,2052.0,210.01999999999998,0.011396300505288157,1.80879531046064,4.656978173839693,177,180.1,3.4221752997456507,177.0,3.0
2.186304062598148,2053.0,210.08,0.007678667674887163,9.163038479018201,4.07554758583186,180,179.3,3.7570765705082345,178.4,2.0
2.1879395241370667,2055.0,210.1,0.008277826968907321,2.943830770054215,3.6828429036251307,182,178.5,3.569068878904786,179.9,2.0
2.1899823773283322,2057.0,210.1,0.010403709619414612,3.67713574427782,4.079757228594227,182,177.7,3.468235629891487,181.4,2.0
2.191897309471034,2058.0,210.1,0.010616446810536338,6.8937557137269945,3.917620877186052,182,177.0,2.979076152907573,182.7,2.0
2.1932722459232465,2061.0,210.1,0.011202044019178584,1.6499237426549949,3.7909297626607454,181,176.4,3.2773721371053264,183.7,2.0
2.194310982296668,2063.0,210.11999999999998,0.011675740699070005,1.8697254721588912,3.7862564272427868,181,175.9,3.523934042915615,184.5,2.0
2.1957535609522294,2064.0,210.16,0.011930888213491647,5.1932831600207034,3.538074783665799,181,175.5,3.964811391761649,184.7,2.0
2.196870909916843,2069.0,210.18,0.016340487249194964,0.8044912545218417,6.262498797321006,180,175.1,4.318000214415286,184.6,2.0
2.1986126443259524,2074.0,210.21999999999997,0.024283922936873637,1.254048774558741,6.859784064393745,179,174.9,5.297413723977042,183.9,2.0
2.2007170351878997,2079.0,210.3,0.032183881681112615,1.5151614206021033,7.018066904374614,177,175.0,5.533703750745088,182.7,2.0
2.205119776621909,2082.0,210.44,0.03927548890521495,5.283289720810649,7.976927228974803,177,175.2,5.3360219283045,181.3,2.0
2.2118500910063394,2083.0,210.7,0.042733199713800754,24.22913178395074,9.988275432967095,176,175.8,5.285570354882283,179.4,2.0
2.220688299841535,2087.0,211.08,0.04240684723842159,7.954387951676083,9.686417828024876,176,177.0,6.010478395922992,177.2,3.0
2.2286480894765046,2091.0,211.45999999999998,0.04054942468692318,7.163810671472596,9.878895766479452,175,178.4,6.261575344544495,175.2,3.0
2.236506715558083,2094.0,211.8,0.03543680459469314,9.430351297894072,10.331259562920263,177,179.9,6.170972031213397,173.2,3.0
2.2417464883520632,2095.0,212.01999999999998,0.030163610137809,18.863182058329432,10.331369707541134,178,181.4,6.964933547758532,171.2,3.0
2.2435918031110287,2098.0,212.1,0.024974610372449666,2.2143777107587774,9.784053022986043,181,182.7,6.609502443738931,169.5,3.0
2.2449724269376854,2100.0,212.06,0.017274439761045764,2.4851228879822487,7.223421630594407,190,183.7,6.035620405451715,167.9,3.0
2.2465566419636764,2101.0,211.94,0.007201140709964862,5.7031740935674256,6.413514786046162,190,184.5,4.748455695873949,166.5,4.0
2.2481607156171908,2104.0,211.85999999999999,0.0003098243778180016,1.9248883842172324,6.288340343019756,190,184.7,4.478158367201944,165.2,4.0
2.249575824709191,2107.0,211.82000000000002,-0.00783030088774014,1.6981309104001963,5.997379577439173,190,184.6,4.923913977073148,163.9,4.0
2.251028431631878,2108.0,211.78000000000003,-0.01138454869119487,5.229384921674489,4.086007977846399,191,183.9,4.846964233354663,163.3,4.0
2.2521848604655035,2110.0,211.74,-0.014183325532994381,2.081571900526085,4.6865606670572575,190,182.7,4.103511254187183,163.1,4.0
2.2544847957816647,2111.0,211.76,-0.015003958316188884,8.27976713818111,4.66257819980301,190,181.3,3.746381994952931,163.1,4.0
2.2570106743999534,2112.0,211.74,-0.012887517187656416,9.093163025839964,4.126607536570353,189,179.4,3.635281723777864,163.1,4.0
2.259772266328956,2115.0,211.76,-0.01062123565018904,3.3139103148031372,4.041550343039008,188,177.2,2.5071936482016337,163.1,4.0
2.262372350580573,2116.0,211.73999999999995,-0.013858377850118295,9.36030330582094,4.889414009480981,188,175.2,2.451611563917557,163.0,4.0
2.264801059721922,2119.0,211.7,-0.014465194151751959,2.914450969618748,4.622184377862031,188,173.2,2.1253420567613555,162.9,4.0
2.2656311826098365,2123.0,211.66,-0.013388321880127802,0.747110599123218,4.641608575539065,187,171.2,1.782597000278892,163.0,4.0
2.266630849038735,2126.0,211.64000000000001,-0.013301163217648876,1.1995997146783002,4.832149692425665,187,169.5,2.003332729744882,163.2,4.0
2.26959090273458,2127.0,211.51999999999998,-0.010329874952414771,10.656193305042228,4.154167101677699,187,167.9,2.3104476046661717,163.4,4.0
2.2727486151085654,2132.0,211.45999999999998,-0.009730318225547641,2.273552909269555,3.982157950172399,186,166.5,4.108141016407695,163.2,4.0
2.2758046014119873,2137.0,211.44,-0.00873107155887626,2.2003101384635815,3.1692617736575404,184,165.2,4.443739945610624,162.9,4.0
2.27857861595809,2138.0,211.45999999999998,-0.00848916541873992,9.986452365969601,3.035812461292984,183,163.9,5.437935201048615,162.5,4.0
2.2801410420747095,2141.0,211.5,-0.01243726489689708,1.874911339943678,3.4967573826772793,184,163.3,5.285379059793575,162.1,4.0
2.281004736117228,2143.0,211.54000000000002,-0.019853956682480016,1.5546492765334678,3.671044687612222,181,163.1,6.227568402332643,161.8,4.0
2.2813658635895098,2145.0,211.54000000000002,-0.020340970117694146,0.6500294501073582,3.236475354135971,181,163.1,6.275727957876083,161.6,4.0
2.2830525475732277,2149.0,211.5,-0.02291795138884307,1.5180155853462831,4.078297268698421,178,163.1,6.4255503209638976,161.4,4.0
2.2864345003985935,2151.0,211.36000000000004,-0.02611831839820584,6.087515085658473,4.726873176392842,178,163.1,7.834670643348701,161.1,4.0
2.2904066064910626,2155.0,211.16,-0.02922459842325224,3.574895483222185,4.449372187819448,176,163.0,8.485242246708486,160.8,4.0
2.294205106455405,2157.0,211.01999999999998,-0.03250858487900843,6.837299935816366,4.915426935419321,173,162.9,7.850263236091111,160.5,4.0
2.297753320223474,2158.0,210.88000000000002,-0.03564332584189097,12.77356956504825,5.015599979377086,172,163.0,6.089501371832044,160.5,4.0
2.3006202646683582,2159.0,210.76,-0.03485071265996355,10.32100000158259,5.902263467549433,171,163.2,5.785641813207522,160.6,4.0
2.3028305053189873,2160.0,210.7,-0.029916471688087275,7.956866342264392,6.9797342311363,170,163.4,5.135701156877319,161.1,4.0
2.304810652502862,2161.0,210.66,-0.02100293485971816,7.128529861950207,6.991737405387792,169,163.2,5.36122453091384,162.2,4.0
2.306917025078011,2164.0,210.61999999999998,-0.01039116596980072,2.5276470901787254,7.10099708069213,167,162.9,4.740098012775531,163.1,4.0
2.309578865445113,2165.0,210.63999999999996,-0.0031812495015787505,9.582625321567665,6.801255082563112,167,162.5,5.2737586239952,163.7,4.0
2.312896182586574,2166.0,210.71999999999997,0.001459402193999747,11.942341709259239,6.03009888207361,167,162.1,5.219233891557323,164.4,4.0
2.3158199860108764,2168.0,210.8,0.0033194292376123825,5.262846163743974,5.772397356650967,169,161.8,3.970374974579841,165.0,4.0
2.3179480817578924,2170.0,210.85999999999999,0.0027732130977778996,3.830572344628885,5.311906926314048,169,161.6,3.363518057410802,165.3,4.0
2.3194380958328304,2172.0,210.9,0.002342848077462295,2.6820253348881744,4.898557586503239,172,161.4,3.248643294951524,165.5,4.0
2.321744620671566,2175.0,210.88000000000002,0.0019929108157371515,2.7678298064827773,5.436767718550531,175,161.1,3.272497952720536,165.5,4.0
2.3250706006754203,2177.0,210.82,-0.000529075246852608,5.986764006937676,4.982915269654496,177,160.8,3.290531781413074,165.3,4.0
2.3282006050644712,2182.0,210.76,-0.005569657316890707,2.2536031601166133,3.9718741267270814,179,160.5,2.949796501339573,164.7,4.0
2.3308706755986983,2186.0,210.71999999999997,-0.009688756156766367,2.403063480804254,3.7484597699063853,175,160.5,2.6543295254132127,163.8,4.0
2.333157195068178,2187.0,210.67999999999998,-0.01205374488767132,8.231470090126269,3.729434598231238,174,160.6,2.6173509263303103,163.2,4.0
2.3346485271667134,2188.0,210.64000000000001,-0.011995043386911838,5.368795554727792,3.925643242405625,172,161.1,1.9781554698980777,162.9,4.0
2.3363639790506148,2191.0,210.6,-0.008358806704222437,2.058542260681623,4.66698457565123,170,162.2,2.0435734648399837,162.7,4.0
2.338146631787514,2193.0,210.58,-0.0016734801865788233,3.2087749264180685,4.770454899457372,168,163.1,1.853241365738389,162.6,4.0
2.3401420401376463,2195.0,210.57999999999998,0.004647833541596811,3.5917350302385653,5.243878260645397,167,163.7,1.5976134226510676,162.6,4.0
2.3425678675826016,2197.0,210.62000000000003,0.009330349900007865,4.366489400919605,5.831738420943039,167,164.4,3.013654758196324,162.7,4.0
2.345190729412231,2198.0,210.7,0.014785872069752095,9.442302586666825,7.137600007522477,166,165.0,3.134600454624366,162.8,4.0
2.348678887314636,2200.0,210.84,0.02016430775641997,6.278684224328857,7.496973841478031,166,165.3,3.357291078861268,163.1,4.0
2.3520423464173783,2202.0,210.98000000000002,0.02415900013862686,6.0542263849357125,8.127238197588763,166,165.5,3.937039873168257,163.6,4.0
2.355970769168914,2204.0,211.1,0.025460481537723696,7.0711609527644885,8.94873591591166,166,165.5,4.593937269902908,164.2,4.0
2.360992513683881,2205.0,211.26,0.02591419484465904,18.078280253881754,10.105495571169289,166,165.3,4.471124432103002,164.7,4.0
2.3672673873917542,2208.0,211.42,0.02202037412766628,7.529848449447782,9.911662860511102,166,164.7,4.657764147658944,165.3,4.0
2.3735523408655004,2211.0,211.51999999999998,0.016211148795430046,7.541944168495169,9.702390008960682,167,163.8,5.209529385482145,165.8,4.0
2.3796556922109184,2213.0,211.54000000000002,0.006550122637620821,10.98603242175278,9.287465756078905,169,163.2,5.323256019631481,166.3,4.0
2.38393890075795,2214.0,211.56,-0.0015350126508164904,15.41955076931444,9.670389914252791,170,162.9,5.520268298419767,166.9,4.0
2.386414742384721,2217.0,211.45999999999998,-0.009500939817852407,2.971009952125154,9.053879546146439,172,162.7,4.065027939058073,167.5,4.0
2.3888845651287305,2218.0,211.34,-0.016416849255955233,8.891361878434656,7.740383998435074,173,162.6,4.60563844491101,168.1,3.0
2.3927006025468147,2222.0,211.14000000000001,-0.023284967024818224,3.434433676275968,7.74713831147876,167,162.6,4.724897481433328,168.3,3.0
2.3961230460449165,2223.0,211.0,-0.025573619379553752,12.32079659316672,7.397725744994554,167,162.7,5.259084159031596,168.0,3.0
2.3994452277277056,2228.0,210.85999999999999,-0.026027940613848118,2.391970811608171,6.723470582007186,168,162.8,4.891477592046364,167.3,4.0
2.401875882907447,2229.0,210.77999999999997,-0.025099148545320665,8.750358647068879,5.669556842271775,167,163.1,4.965586060243793,166.6,4.0
2.404518059116521,2230.0,210.7,-0.01977886600391221,9.511834352664927,5.9823972875078715,180,163.6,5.381549394876222,165.5,4.0
2.405955872971202,2231.0,210.7,-0.011203798588347899,5.176129876852251,6.904170231987564,188,164.2,6.0818695871364055,164.1,4.0
2.4072419422620523,2232.0,210.7,0.0002598533819867063,4.629849447061124,7.141725220147502,189,164.7,6.833964011535859,162.6,4.0
2.4084586240863013,2233.0,210.74,0.010560326542557051,4.380054567295563,7.058687687972366,189,165.3,6.654326101779825,161.2,4.0
2.411266756694216,2235.0,210.82999999999998,0.019904567505791983,5.05463869424649,8.552681371988136,188,165.8,7.329563073672185,159.9,4.0
2.4154859917554394,2236.0,210.99,0.024829790697204535,15.189246220403556,7.992587910982789,186,166.3,6.912131268716868,158.7,4.0
2.4202278066588443,2240.0,211.15,0.0267366340057817,4.267633413064259,7.240083879158587,186,166.9,6.671706203365808,157.9,4.0
2.4250560257714264,2242.0,211.31,0.024119526444152672,8.690794402647818,6.940352564009554,186,167.5,5.988228930577661,157.3,0.0
2.4292457491802146,2243.0,211.43,0.020957260298122032,15.083004271636803,7.369067836236942,187,168.1,6.729664681775847,156.7,0.0
2.430245237670542,2245.0,211.47999999999996,0.01588324722235752,1.7990792825893809,7.375425500073613,186,168.3,6.61850917948402,155.9,0.0
2.4307707158186287,2247.0,211.44,0.009295795898690045,0.9458606665555787,7.772810895179772,186,168.0,7.216508903738958,155.4,0.0
2.4327119203993854,2251.0,211.35999999999999,-0.0006741237575360069,1.747084122680992,6.680592782677183,190,167.3,6.021442576799323,155.0,0.0
2.435349930984587,2252.0,211.26,-0.011400177545013906,9.49683810672662,7.023015331472872,191,166.6,5.605024529113183,154.6,0.0
2.4385330226811686,2254.0,211.14000000000001,-0.021607199220890834,5.729565053846651,6.900714415095125,191,165.5,5.618061448863148,154.0,0.0
2.4417496440161575,2255.0,211.01999999999998,-0.02959260426396971,11.579836805960557,5.599114722183807,191,164.1,4.77828965159926,153.0,0.0
2.4460540895948024,2257.0,210.85999999999999,-0.03435287303509034,7.748002041561217,6.091922401571127,191,162.6,4.492421029389088,152.0,0.0
2.451850698402323,2259.0,210.68,-0.03453390251798143,10.433895853536859,6.188204534965099,191,161.2,4.779066642816765,151.0,0.0
2.4575630688937067,2261.0,210.51999999999998,-0.03141677910227175,10.282266884490788,6.331943432477162,192,159.9,4.650757636040331,150.3,0.0
2.46288397620684,2265.0,210.38000000000002,-0.02661474137562091,4.788816581819783,5.727961056711715,193,158.7,3.9535887659851694,150.0,0.0
2.46719647364277,2267.0,210.26,-0.020048586871071142,7.762495384673613,5.497498540305051,194,157.9,4.153454354333496,149.9,0.0
2.469635580938294,2271.0,210.2,-0.013001359111228822,2.195196565971996,4.786924199976973,193,157.3,3.2469438126186767,149.9,0.0
2.4705632412854657,2272.0,210.21999999999997,-0.006385013570051256,3.3395772498171845,4.4341443032033325,192,156.7,3.466923163130218,150.2,0.0
2.4730232672753596,2275.0,210.27999999999997,-0.0028479737169832065,2.952031187872773,3.984718333638257,191,155.9,3.622479051538989,150.7,0.0
2.4772711271862464,2281.0,210.38000000000002,-0.0018654847216045159,2.548715946532226,4.488406877450904,191,155.4,3.675119901945617,151.3,0.0
2.4819306961626713,2287.0,210.5,-0.002012429415350881,2.7957413858547917,4.536864886113621,191,155.0,3.837805469086808,152.5,0.0
2.48605282130853,2292.0,210.58,-0.002953890310842151,2.9679301050182723,4.6807525327219155,190,154.6,3.772569729004928,153.9,0.0
2.4884411605795664,2294.0,210.54000000000002,-0.00438507098171549,4.29901068786572,5.879102828385879,189,154.0,3.710132988463045,155.3,0.0
2.4923499511821037,2295.0,210.42,-0.0048850868357961305,14.071646169133288,5.800111283523716,188,153.0,3.5664373478431948,156.3,0.0
2.497368143746058,2299.0,210.28000000000003,-0.004837510482040392,4.5163733075587364,5.82143140147015,187,152.0,3.4077813528319703,157.1,0.0
2.5021872857839296,2301.0,210.14000000000001,-0.005941151366475889,8.674455668169143,6.550338577567532,186,151.0,3.784582475349956,157.9,4.0
2.5061855336173746,2302.0,210.04000000000002,-0.005601680129392128,14.393692200402704,7.833138173375643,185,150.3,3.7774873315193616,158.6,4.0
2.5075480410541093,2304.0,210.04000000000002,-0.0035266472461835314,2.452513386122191,7.856970124447107,184,150.0,3.347398774548892,159.3,4.0
2.509263584574187,2306.0,210.1,0.0004884240295647477,3.087978336139597,7.721408292291381,184,149.9,3.2342386222040767,159.9,4.0
2.5119315758385192,2307.0,210.16,0.0037330002000641573,9.604768551596404,6.618007391861529,186,149.9,3.122517389492457,160.8,4.0
2.51612548971978,2308.0,210.28000000000003,0.0058112502655434505,15.098089972538109,7.083416862048329,186,150.2,3.1937014823094847,161.7,4.0
2.5202721254984772,2313.0,210.42,0.006406618013517433,2.9855777606619305,6.621201794095636,185,150.7,3.461440927229978,162.4,4.0
2.5239999204402976,2318.0,210.51999999999998,0.005310764147862601,2.684012358110559,5.9247180121013105,186,151.3,3.978692716216694,163.1,4.0
2.526229002250659,2321.0,210.51999999999998,-0.0002514996958067964,2.674898172433826,6.517735903272088,185,152.5,4.145819918309372,164.0,4.0
2.5287872747706905,2322.0,210.44,-0.004219776215289342,9.209781072113215,8.338794856619206,186,153.9,4.703010216317361,164.9,4.0
2.5342874577646834,2327.0,210.28000000000003,-0.0059907821351007015,3.960131755674846,7.652323062972089,185,155.3,4.18558093720476,165.8,4.0
2.5404241518348556,2330.0,210.1,-0.009388673873997125,7.364032884206673,6.985050185645093,184,156.3,3.947418490273298,166.7,4.0
2.547821612746966,2333.0,209.86000000000004,-0.012023283210195286,8.876953094532213,6.980221602259023,183,157.1,3.996874967213505,167.3,4.0
2.5540852589618392,2334.0,209.76,-0.01040104306804358,22.549126373543405,8.35587925288671,184,157.9,3.476006997775364,167.9,4.0
2.558391634669538,2339.0,209.76,-0.006899070237574166,3.1005905095430437,8.443746188393963,182,158.6,3.60580623123587,168.2,3.0
2.560898538786437,2340.0,209.77999999999997,-0.002422082744313223,9.024854820836966,7.7699545524083415,183,159.3,3.4927869358683403,168.0,3.0
2.563420024761312,2343.0,209.85999999999999,0.0026784641845419956,3.0257831698497495,9.088101763005088,185,159.9,3.506963895619408,167.4,4.0
2.5678417139330905,2344.0,210.06,0.007250176891912601,15.918081018402951,9.870447436469675,185,160.8,2.973180381999842,166.5,4.0
2.5723064942687746,2349.0,210.2,0.012812440735581998,3.214641841692666,9.301032945794246,183,161.7,2.8783045228322397,165.2,4.0
2.576243917178968,2356.0,210.3,0.014480550458852295,2.0249603538138436,7.491801292391189,181,162.4,3.3213195615866424,163.7,4.0
2.5806175897040267,2357.0,210.35999999999999,0.013781749837364179,15.745221090211194,7.811991841680673,181,163.1,4.388598752387634,162.2,4.0
2.584448711976968,2358.0,210.38000000000002,0.013360312521426013,13.792040182589298,7.378785523549917,180,164.0,4.466649041040692,160.6,4.0
2.587799078814634,2363.0,210.38000000000002,0.01075553076371782,2.4122641231192787,7.403756838841741,178,164.9,4.62660123311108,159.3,4.0
2.5912304749161166,2367.0,210.35999999999999,0.005288939519460403,3.0882564913342936,6.003762495236666,175,165.8,5.733618114694785,157.9,4.0
2.5946075835670777,2369.0,210.34,0.0017869666889909891,6.078795571729606,5.729591443983684,173,166.7,5.9465561469386845,156.5,0.0
2.597167412254897,2371.0,210.34,-0.000905170035240583,4.6076916380746304,5.573714111379506,170,167.3,6.311045005524623,155.4,0.0
2.5990458864192028,2373.0,210.32,-0.001582312732604329,3.3812534957504865,4.133370656382531,166,167.9,6.1799499055480265,154.2,0.0
2.600477785120764,2375.0,210.3,-0.0011646090336973132,2.5774176628103853,3.6499561569796755,165,168.2,6.015405071119645,153.3,0.0
2.6009269610871804,2377.0,210.3,-0.00030479435125059013,0.8085167395495371,3.7579192014011857,165,168.0,5.935522780977694,152.6,0.0
2.601315279664607,2379.0,210.3,0.0010420850390432835,0.6989734393681264,4.568015596089497,163,167.4,5.242958876390322,152.2,0.0
2.603395498136029,2382.0,210.32000000000002,0.0029853571293907534,2.496262165706546,4.611989864427697,162,166.5,4.348494588593979,151.9,0.0
2.606101408421948,2383.0,210.34,0.004611664248559933,9.741277029307435,4.7573250420601205,162,165.2,5.028604984326401,151.7,0.0
2.608975584532253,2386.0,210.36000000000004,0.009102771821559118,3.4490113323658127,6.297445857556101,161,163.7,5.253532491323485,151.7,0.0
2.611883705951801,2387.0,210.38000000000002,0.014493803708242181,10.469237110374184,7.166469739362202,161,162.2,4.448198544419832,152.1,0.0
2.615024372943187,2389.0,210.42000000000002,0.01984562499659548,5.653200584494684,7.821285371025463,162,160.6,4.224129036091197,152.5,0.0
2.6178042499479925,2391.0,210.48000000000002,0.024578642797543196,5.003778608649822,8.798748711744283,163,159.3,3.991939313837585,152.8,0.0
2.6223067127441566,2392.0,210.61999999999998,0.027133906384977736,16.208866066190403,10.113124176363328,163,157.9,3.94450138968554,153.5,0.0
2.6277234947382073,2394.0,210.79000000000002,0.02664493623226209,9.750207589290957,9.895854539222698,161,156.5,4.347707495484405,154.1,0.0
2.6330691202293703,2397.0,210.98999999999995,0.025541431023912244,6.414750589395613,10.352487020590436,163,155.4,4.309072296912714,154.9,0.0
2.6382086802362372,2399.0,211.17,0.023252761478450536,9.25120801236072,9.872727391684224,163,154.2,4.058601067872168,155.7,0.0
2.642143775671592,2400.0,211.31,0.019119966539156433,14.166343567277451,10.882835219338826,166,153.3,4.152718283355138,156.4,0.0
2.644155208180027,2401.0,211.33,0.014150241803090902,7.241157030365954,11.115199694548197,169,152.6,3.407803385370369,157.0,0.0
2.6463460401629693,2402.0,211.32,0.008723505993464368,7.886995138592829,9.89507263157211,171,152.2,3.0742334681458487,158.5,4.0
2.649914410160011,2404.0,211.26,0.0028093738522804923,6.4230659946750865,9.762132284913601,172,151.9,2.824579525620228,160.3,4.0
2.6546300191100887,2405.0,211.16,-0.0032604804869950737,16.976192220278985,9.244023999155761,172,151.7,3.845170975637378,162.3,4.0
2.6594561145952187,2407.0,211.06,-0.007242763911113001,8.686971873234128,8.263297063566577,173,151.7,4.061948744585689,164.0,4.0
2.663342366317307,2409.0,211.01,-0.012399322759596257,6.995253099758265,7.197534027850496,175,152.1,4.301740414080977,165.6,4.0
2.6663184078924016,2410.0,210.96999999999997,-0.01425626748067817,10.713749670341672,6.758898794840988,176,152.5,4.9047616428263225,167.2,4.0
2.66769128115546,2412.0,210.95,-0.01605479719490363,2.4711718735051593,6.131564730151298,179,152.8,5.386539301444321,168.4,3.0
2.668118195426512,2414.0,210.96999999999997,-0.016760017066577936,0.7684456878938576,5.74368506006617,180,153.5,5.280669964982342,169.6,3.0
2.669712156577413,2415.0,210.92999999999998,-0.01620454665760268,5.738260143243011,4.5397184483832405,182,154.1,5.444442644272407,170.8,3.0
2.6718029505112666,2417.0,210.9,-0.011731810345832698,3.7634290809365694,4.365670371203773,185,154.9,6.076852418515622,172.2,3.0
2.6741999111989796,2421.0,210.85999999999999,-0.009918138365210358,2.1572646189416873,3.894477152658573,191,155.7,6.729626099676919,172.5,3.0
2.67655499119273,2424.0,210.82000000000002,-0.008471365622583058,2.8260959925005955,3.2523251189748366,193,156.4,7.247604367422982,172.3,3.0
2.6792953519826397,2426.0,210.78000000000003,-0.007753332571660787,4.932649421837221,3.2945026974177845,193,157.0,7.28539738084009,171.9,3.0
2.681246181027902,2427.0,210.8,-0.011110657020903709,7.022984562944001,3.331225216190853,193,158.5,7.419053965088781,171.7,3.0
2.682928892400067,2430.0,210.8,-0.012537095006127374,2.019253646598617,3.2009661978788793,191,160.3,7.636754124125782,171.6,3.0
2.68401886309074,2431.0,210.8,-0.014572178704040862,3.923894486421195,3.0253409336190935,189,162.3,6.563774179004961,171.4,3.0
2.6848376675527956,2432.0,210.8,-0.01593044749330027,2.947696063400751,3.4204345976927373,188,164.0,6.092601601038029,171.7,3.0
2.685827988145581,2435.0,210.76,-0.016765124732537336,1.1883847113427461,3.2764555958212327,185,165.6,7.636574054969645,172.8,3.0
2.686980330029825,2436.0,210.72000000000003,-0.01305866745806342,4.1484307832772975,2.9803046207633743,184,167.2,8.783243798605033,174.2,3.0
2.6890397793431844,2440.0,210.68,-0.012945031426210096,1.8535043820236798,2.41052411718749,182,168.4,8.443459042752107,175.7,3.0
2.690800083119975,2441.0,210.64000000000001,-0.011756581518449128,6.33709359644615,2.819579317722414,181,169.6,8.470206563162858,177.4,3.0
2.6919007106533237,2444.0,210.6,-0.011756581518449128,1.320753040018207,3.2553742827408145,180,170.8,8.661810074041819,178.8,2.0
2.692418077396203,2445.0,210.61999999999998,-0.013134347304326246,1.8625202743654472,3.2121214283848842,179,172.2,7.928722346422061,180.2,2.0
2.6929699989259492,2447.0,210.64000000000001,-0.010527757231913118,0.9934587535432514,3.568584552668292,178,172.5,8.186994169460068,181.5,2.0
2.6946919063825563,2448.0,210.66,-0.00853803525145641,6.198866843786105,3.4199971842623476,178,172.3,8.446888895890014,182.6,2.0
2.69694499680855,2449.0,210.66,-0.006001606706058047,8.111125533578626,3.3354585582101386,177,171.9,8.878156702649019,183.7,2.0
2.6993979024519668,2453.0,210.64000000000001,-0.002601117676670049,2.2076150790749933,2.8786358825365093,177,171.7,10.487523626196992,184.3,2.0
2.7019186787958382,2455.0,210.64000000000001,0.0018608820099191591,4.53739741896859,3.1616081718470928,177,171.6,10.175266452787229,184.2,2.0
2.703808973685207,2458.0,210.61999999999998,-0.0008761944372197066,2.268353867242817,3.3954505841131435,176,171.4,9.256447169997635,183.5,2.0
2.7045132835951162,2461.0,210.6,-0.0028273987698805496,0.8451718918906874,3.80019559006377,174,171.7,9.37029973201293,182.5,2.0
2.7053163384987866,2463.0,210.6,-0.006172709839268273,1.4454988266070055,4.128476263704601,174,172.8,9.735324174954672,180.9,2.0
2.7077072900998953,2465.0,210.63999999999996,-0.008216146786908546,4.303712881995744,5.032194688000916,174,174.2,11.384648435049623,179.6,2.0
2.7113140728769523,2468.0,210.6,-0.009439391335192898,4.328139332468331,5.235507790483334,174,175.7,11.668420565585413,178.2,2.0
2.715815933078622,2471.0,210.58,-0.01072153602535579,5.402232242003585,5.0076193722754825,174,177.4,11.123816101792814,177.0,3.0
2.7212219081176903,2473.0,210.51999999999998,-0.010308300017075151,9.730755070322482,4.944265451908324,174,178.8,10.495801301539274,176.1,3.0
2.7261955916258005,2474.0,210.46000000000004,-0.010762217182491627,17.905260629196174,5.627997723340131,175,180.2,10.29991807145594,175.2,3.0
2.7287347668184423,2476.0,210.38000000000002,-0.010762217182491627,4.57051534675547,5.8703000279082485,178,181.5,8.66194142777724,174.3,3.0
2.7301573108154216,2478.0,210.34,-0.012129710741165325,2.560579194562702,5.802554228735007,179,182.6,7.430160891030726,173.2,3.0
2.7316271759262722,2481.0,210.32000000000002,-0.010766238507040888,1.7638381330206543,6.644913126118887,182,183.7,6.6062171205540325,172.3,3.0
2.7338755793435774,2482.0,210.28000000000003,-0.010057988901107002,8.094252302297768,6.341773816235046,186,184.3,6.254451411527546,171.5,3.0
2.736073617295145,2484.0,210.28000000000003,-0.005123307634659987,3.956468312822033,5.842247372547262,188,184.2,5.329723466877204,170.9,3.0
2.7389050170857154,2487.0,210.28000000000003,-0.0016039063875005824,3.3976797486847774,4.684471994898126,189,183.5,2.975694065328219,170.0,3.0
2.742312726668471,2488.0,210.28000000000003,0.002569563584863679,12.267754497919675,4.459754625830441,189,182.5,2.9818351648919497,169.0,3.0
2.7459059067830967,2495.0,210.28000000000003,0.005572756990118895,1.8479212018075692,4.943738197275152,187,180.9,2.930051649570517,168.0,3.0
2.7503413897691527,2499.0,210.35999999999999,0.006708570549727464,3.9919346874503208,4.8829805677239895,184,179.6,3.082118514441303,166.6,4.0
2.754536067713668,2502.0,210.4,0.006895507046341819,5.033613533418511,4.183388694035157,183,178.2,2.888215778951842,164.8,4.0
2.757648637813727,2508.0,210.44,0.0054754760839028,1.8675420600354216,3.841284566164185,180,177.0,3.0687739920422,163.1,4.0
2.7595981198396364,2509.0,210.48000000000002,0.00382535244290865,7.0181352932747565,3.7265406778691044,178,176.1,3.215097042932792,161.2,4.0
2.760426737086166,2512.0,210.49,0.0022129021675581315,0.9943406958358005,2.5761242131506816,175,175.2,4.029913845101168,159.3,4.0
2.7609765058450186,2515.0,210.46999999999997,0.0015902045544960441,0.659722510622963,2.4996890493124053,174,174.3,4.143076733473302,157.3,0.0
2.7615114721234626,2520.0,210.45,-0.0021632091092124764,0.38517572047951526,2.1425055471729992,174,173.2,4.536515688065911,155.4,0.0
2.7621466601892775,2521.0,210.43,-0.004458426727055433,2.2866770369341065,1.7487862552314155,170,172.3,4.647469064182807,152.7,0.0
2.7626949233793647,2523.0,210.41,-0.006778657426342064,0.986873742157373,1.896588720914813,167,171.5,4.012189073589841,149.9,0.0
2.763412756912124,2525.0,210.4,-0.012951297860488811,1.2921003589667963,2.0801593502273064,167,170.9,3.9104025601706742,146.8,0.0
2.7644255897119687,2530.0,210.38000000000002,-0.01753752564262544,0.7292396158883125,3.706915269197462,164,170.0,3.7660002551886502,144.0,0.0
2.7666563716127937,2535.0,210.35999999999999,-0.019517117516680265,1.6061629685938785,4.000697940001487,163,169.0,3.8360790997750898,141.4,1.0
2.77005212107504,2538.0,210.34,-0.021552279094063705,4.074899354695324,4.9420630006053,163,168.0,3.903785588543864,139.0,1.0
2.7756572788764218,2540.0,210.22000000000003,-0.020987344584522498,10.089284042487645,4.793979907417835,162,166.6,3.786839245286623,136.9,1.0
2.780927077435658,2541.0,210.1,-0.017177287999376907,18.971274813251032,5.708570998043851,161,164.8,3.211872850775431,134.6,1.0
2.785388979438605,2545.0,210.0,-0.013512819272057547,4.015711802652254,5.765315242151048,161,163.1,3.23536927071552,132.2,1.0
2.7882576261816214,2546.0,209.88000000000002,-0.009790063378876597,10.327128274859424,5.9239763521221525,161,161.2,2.7882851986641883,129.7,1.0
2.7891033102087146,2550.0,209.84,-0.005830269277363703,0.7611156243837133,7.379598676812923,164,159.3,3.025346026263274,128.0,1.0
2.7919946344219224,2551.0,209.92000000000002,-0.0058911937895185455,10.408767167548058,8.13632283941978,165,157.3,3.035693464785422,126.8,1.0
2.7954434875888134,2558.0,210.01999999999998,-0.0029548037678795236,1.7736959144011952,7.641498163487481,167,155.4,3.0252484726220072,126.1,1.0
2.799155926333424,2564.0,210.1,-0.0004072030103411898,2.2274632467664492,6.062989801244808,164,152.7,2.9128974428681813,125.5,1.0
2.8035163058313244,2565.0,210.18,0.0027147988262515186,15.697366192441923,5.808887350959122,163,149.9,3.4114623600660314,125.5,1.0
2.8064553656614057,2566.0,210.16,0.0070964275449972945,10.580615388293168,5.241791711932954,162,146.8,3.120449604939121,125.4,1.0
2.808532862292691,2568.0,210.11999999999998,0.010389237836209583,3.7394939363138966,5.4889424803154085,161,144.0,2.997451308350857,125.6,1.0
2.810048035815647,2572.0,210.07999999999998,0.011842746293096488,1.3636561706603492,4.937440116856427,162,141.4,2.6947081697122406,126.2,1.0
2.8108622993293197,2575.0,210.08,0.011121908291697393,0.9771162164070422,5.542924510387708,163,139.0,2.4105439976606187,127.2,1.0
2.812988811391296,2577.0,210.1,0.009547460892688205,3.827721711557396,5.519061065229182,163,136.9,2.171577210899018,128.0,1.0
2.8155024358619203,2580.0,210.14000000000001,0.007548066183418298,3.0163493647489257,4.299361342212005,162,134.6,1.6773749987574882,128.9,1.0
2.81783438140979,2582.0,210.2,0.010896438589234905,4.197501986164956,3.7276618085773783,162,132.2,1.438758920793693,129.0,1.0
2.8198094653060672,2583.0,210.24,0.01692124219278736,7.110302026597887,3.6205081507431216,163,129.7,1.251255929619512,128.9,1.0
2.820744029707394,2585.0,210.26,0.021522794960363283,1.6822159223876942,3.648422386932565,160,128.0,1.164137882497752,128.7,1.0
2.8216353566581347,2586.0,210.28000000000003,0.019816753735836946,3.2087770226670913,3.667814019379579,160,126.8,0.4757213109210164,127.9,1.0
2.822888702829413,2587.0,210.32000000000002,0.020545059128493113,4.512046216602783,3.3017115811710864,160,126.1,0.42604182985997,127.2,1.0
2.8257673098424365,2591.0,210.38000000000002,0.018337437968733765,2.5907463117211162,2.988613887313483,159,125.5,0.4156305852320723,126.2,1.0
2.8271024787993952,2594.0,210.42000000000002,0.013171488489419278,1.6022027483504673,2.942222221248417,159,125.5,0.4218627090803482,125.1,1.0
2.8283885393586536,2598.0,210.4,0.010850555376561096,1.1574545033324266,2.2374226390296266,160,125.4,0.6270641731852319,124.3,1.0
2.828738846784339,2601.0,210.42,0.011771072953945801,0.42036891082238625,2.271706832789336,160,125.6,0.6569397011353282,123.9,1.0
2.828807379679323,2605.0,210.42,0.01148230586567021,0.06167960548531717,2.0294068391489817,162,126.2,0.8251910761999909,123.9,1.0
2.8309338885656206,2607.0,210.4,0.00894262903309229,3.8277159953359368,1.6934639359350636,163,127.2,0.8189630647045518,123.8,1.0
2.8315325114508503,2610.0,210.4,0.0037678747143892128,0.7183474622755592,3.0424988321355793,168,128.0,0.9072202217075842,124.3,1.0
2.8328305091574095,2612.0,210.44,-0.0006468675445493518,2.3363958718067517,3.1414573082269195,171,128.9,1.1092656436667234,125.0,1.0
2.8339183891837854,2615.0,210.45999999999998,0.0004127891378019973,1.3054560316511474,3.3481535977297945,169,129.0,1.0700184181650043,125.7,1.0
2.8360914633901517,2619.0,210.45999999999998,-0.00249882531537978,1.9557667857295666,3.9095089006851405,166,128.9,1.1658951429219016,126.3,1.0
2.8407445632977,2620.0,210.44,-0.003109088633003561,16.751159667173674,4.547491482382595,166,128.7,1.1747260336706609,126.6,1.0
2.8462116794055934,2627.0,210.4,-0.0022253640730523455,2.8116597126308926,4.386821995835421,165,127.9,1.128539655088892,126.8,1.0
2.851852280648429,2633.0,210.38000000000002,-0.0022253640730523455,3.3843607457014446,4.56229753582323,163,127.2,0.8915775914759367,126.6,1.0
2.8570338280266725,2636.0,210.34,-0.00431859658572055,6.21785685389228,5.105248130356088,162,126.2,1.037785442391217,126.4,1.0
2.858875676241348,2637.0,210.32,-0.005170975571364122,6.6306535728318305,5.218081507791201,162,125.1,1.0705498112468506,126.1,1.0
2.860319891584313,2639.0,210.3,-0.005170975571364122,2.599587617336872,5.43057782508951,161,124.3,1.1698551225238796,126.5,1.0
2.862473845432509,2642.0,210.3,-0.004505823158798098,2.5847446178349793,4.018110350015597,162,123.9,1.4105778673880511,126.3,1.0
2.864655525501964,2643.0,210.3,-0.002363279067051093,7.854048250038758,4.6195859958245125,162,123.9,1.6807975491170597,125.9,1.0
2.8666911274795845,2646.0,210.3,-0.0002457430638585995,2.4427223731445142,4.799637936954049,163,123.8,1.7937845358676756,125.5,1.0
2.8677816523611437,2647.0,210.3,0.0037569756553805893,3.9258895736124257,5.45217019073083,163,124.3,2.0651837762044143,125.1,1.0
2.8696139490891075,2650.0,210.3,0.00838505078635996,2.198756073556725,5.139791868652736,164,125.0,2.194079491465688,125.5,1.0
2.871896661525541,2651.0,210.32000000000002,0.012227196472232,8.217764771160269,5.258140852892471,164,125.7,2.2736453921866198,126.1,1.0
2.8757107874513115,2654.0,210.36000000000004,0.014743178572402487,4.576951110924622,5.724717860485092,163,126.3,2.3367271217073613,126.4,1.0
2.8789218217929435,2655.0,210.44,0.01600260952779403,11.559723629874973,6.508115029147159,163,126.6,2.203646586331371,126.7,1.0
2.8822046972406987,2659.0,210.56000000000003,0.01531658097051378,2.954587902979493,7.305447160478491,163,126.8,2.056581144540345,126.5,1.0
2.8859165553510446,2663.0,210.66,0.01251617079483205,3.3406722993111653,7.128375531758389,164,126.6,1.9455985605088049,126.0,1.0
2.8896634319978,2665.0,210.74,0.011095949803400448,6.744377964159266,7.833224152298696,167,126.4,1.7028108735631182,125.8,1.0
2.8937904459346444,2666.0,210.78000000000003,0.008894545253196393,14.857250172640596,7.39431506544183,168,126.1,1.2318548881491131,125.9,1.0
2.896558131106072,2667.0,210.76,0.008138812928189573,9.963666617139056,7.122558982459334,168,126.5,1.2890799271617523,126.7,1.0
2.898924253857241,2671.0,210.68,0.008349560530162054,2.1295104760520718,6.40459642205501,169,126.3,0.917040044878444,127.9,1.0
2.9014106776884856,2672.0,210.64000000000001,0.008964693882622839,8.95112579248033,7.24175639880702,169,125.9,0.8471549386888759,128.3,1.0
2.9036570369782675,2674.0,210.6,0.010594160480031287,4.043446721607112,7.14932227851542,169,125.5,0.794952914565384,128.4,1.0
2.904864092787942,2676.0,210.61999999999998,0.01338513227484658,2.172700457414007,7.936559212047326,169,125.1,1.0962198073187288,128.2,1.0
2.907489065511272,2678.0,210.7,0.017924320413449935,4.724950901993507,6.748962196251246,169,125.5,1.252360206217542,127.5,1.0
2.910369328126539,2679.0,210.82,0.0224404289657348,10.36894541496135,6.433377097524496,169,126.1,1.2963797157975274,127.6,1.0
2.914084523587194,2685.0,210.94,0.02808033160023319,2.2291172763929077,6.4736928152812965,166,126.4,1.3334931544936963,129.1,1.0
2.9176190722557243,2686.0,211.06,0.031242054018150455,12.724375206708645,5.594918255903521,164,126.7,1.2643382388815338,130.7,1.0
2.920848613259329,2690.0,211.18,0.032662106741324415,2.9065869032442424,5.27514389886669,161,126.5,1.2717828667878854,132.3,1.0
2.922459581631628,2691.0,211.26,0.029779811597282907,5.799486140277652,5.500269795226597,161,126.0,1.0836063936916005,135.7,1.0
2.923715070339157,2693.0,211.32,0.022177279709461657,2.2598796735517266,5.250721809272469,158,125.8,1.11817622087482,139.1,1.0
2.9240225191279574,2695.0,211.35999999999999,0.012024388619789383,0.5534078198414445,4.35555203525425,155,125.9,1.3305071038717826,142.8,0.0
2.9243516192667087,2696.0,211.35999999999999,0.0006509341549012143,1.1847604995053962,4.4101964811859125,154,126.7,1.3744586746010927,146.3,0.0
2.925751384986623,2697.0,211.3,-0.009861454851516311,5.039156591690775,3.1885527874239425,155,127.9,1.024047539151608,150.1,0.0
2.9286196023484807,2700.0,211.16,-0.020311502905088548,3.4418608342291703,3.2103409879925047,156,128.3,0.92920547675666,154.3,0.0
2.9333380144518277,2705.0,210.97999999999996,-0.02647908309087047,3.3972567144097368,3.106171911922926,157,128.4,1.0989820693510226,157.7,4.0
2.9392099216183225,2710.0,210.76,-0.030529700979420378,4.2277731598761745,3.0617958797959615,158,128.2,1.121826006159118,160.0,4.0
2.945308704600923,2716.0,210.57999999999998,-0.032271202405906044,3.659269789560441,3.179896799264193,158,127.5,1.4994176886521384,161.6,4.0
2.9509824606102115,2720.0,210.42000000000002,-0.032271202405906044,5.106380408359662,3.105905612365759,155,127.6,1.885453030480371,162.9,4.0
2.955068596734859,2722.0,210.34,-0.03099067532903279,7.3550450243653565,3.0223714943433158,153,129.1,2.634979662267851,162.0,4.0
2.957390503549541,2725.0,210.3,-0.027483561503646847,2.786288177618016,2.9103312027635027,153,130.7,3.222726062322998,160.7,4.0
2.9586017610446818,2727.0,210.3,-0.02459440446135312,2.1802634912533483,2.8033120025344234,151,132.3,3.477537002995322,159.6,4.0
2.9587496507943167,2728.0,210.3,-0.020692889309326702,0.5324030986865921,3.247780236541703,150,135.7,4.067178030638599,158.6,4.0
2.959975981123837,2729.0,210.28000000000003,-0.017926530879500486,4.414789186271957,3.316720171756306,149,139.1,4.793127246142032,157.7,0.0
2.961646734813862,2732.0,210.26,-0.013275101919926147,2.004904428030662,3.004733532070898,146,142.8,5.316610016935448,156.8,0.0
2.963658620107526,2736.0,210.21999999999997,-0.009955447494458015,1.8106967642974847,3.0206055583983877,147,146.3,5.222036143651317,156.2,0.0
2.965879671325597,2737.0,210.17999999999998,-0.005850659396849996,7.9957843850560435,2.975317946677282,148,150.1,5.482981155820308,155.9,0.0
2.9678731815207384,2739.0,210.14000000000001,-0.0029624064635325525,3.5883183512544927,3.1154345106524923,151,154.3,5.564303920827518,155.9,0.0
2.9685444272196175,2742.0,210.13999999999996,0.0007263129575354182,0.8054948386549534,3.4369168727240074,152,157.7,5.433731895759107,155.8,0.0
2.970273161525428,2743.0,210.16,0.004376952284204981,6.223443500917215,4.126671384096949,152,160.0,4.808548727105132,155.6,0.0
2.9725913224289027,2748.0,210.21999999999997,0.008184975804025706,1.6690758505018217,4.380920959295851,153,161.6,5.108794686728942,155.4,0.0
2.975001409445089,2751.0,210.28000000000003,0.012692493803469918,2.892104419423619,5.034469497873562,154,162.9,5.028733685615233,155.3,0.0
2.977676240734999,2754.0,210.36000000000004,0.01734212473559047,3.2097975478915393,4.577763240610871,155,162.0,4.560402533614001,155.6,0.0
2.980339381589482,2755.0,210.42,0.020840642684109126,9.587307076139105,4.358994834011172,155,160.7,4.308684918251364,156.1,0.0
2.9823817018389027,2757.0,210.48000000000002,0.022007910071666713,3.6761764489574467,4.414786001101712,158,159.6,4.173110951801864,156.7,0.0
2.9844324239901185,2758.0,210.51999999999998,0.019747906939926403,7.382599744377366,3.88116922334979,161,158.6,4.333665051455489,157.2,0.0
2.987567414650041,2762.0,210.56,0.015531861561521457,2.821491593930029,4.000087044909095,162,157.7,4.902581147107474,157.5,0.0
2.9895785711199405,2768.0,210.58,0.011420726947212249,1.2066938819398796,3.8572012735795966,161,156.8,4.689490153165485,157.5,0.0
2.9910230817955594,2772.0,210.6,0.006553334443829088,1.3000596080570228,3.8244504974432005,160,156.2,5.195246307632613,157.8,4.0
2.991586839465857,2774.0,210.57999999999998,0.0026942976668595233,1.0147638065358087,3.177016442291687,160,155.9,5.22783015026813,158.2,4.0
2.992411025072831,2775.0,210.56,2.5098769864741187e-05,2.9670681851068785,3.017163648082915,160,155.9,4.96753861792143,159.1,4.0
2.993879284627621,2778.0,210.54000000000002,-0.00010027746607552402,1.761911465748322,3.410483293157063,161,155.8,5.227366619945803,159.9,4.0
2.994810275501344,2779.0,210.51999999999998,-0.0005085969482656338,3.3515671454022153,4.521422902176497,161,155.6,5.70016563441503,160.8,4.0
2.9959906843735506,2780.0,210.5,-5.186323246490626e-05,4.249471939943452,4.614141203497565,164,155.4,5.650509726020205,161.8,4.0
2.997505916516485,2782.0,210.5,0.0009454855899128749,2.7274178572814156,4.814314777685821,167,155.3,5.747065777042383,162.8,4.0
3.0007872359975742,2783.0,210.54000000000002,0.005082028140353181,11.8127501319214,6.0706941918213255,168,155.6,7.709102997175307,163.9,4.0
3.0045356480814465,2784.0,210.57999999999998,0.010598387648482253,13.494283501939943,6.371207651979608,169,156.1,7.265873269720767,165.0,4.0
3.007847642695564,2790.0,210.61999999999998,0.015902383559799067,1.9871967684704595,6.797812235305979,170,156.7,7.122483217292484,166.5,4.0
3.0110693999497427,2794.0,210.67999999999998,0.019686030677889373,2.899581528760898,6.678936827057666,169,157.2,6.654599275970751,167.4,4.0
3.0144263256781794,2795.0,210.76,0.022019900900891395,12.084932622372863,6.514429971203748,169,157.5,7.158427857595679,168.4,3.0
3.0172576859601494,2797.0,210.88000000000002,0.020820494490521556,5.096448507545876,6.422387679419451,169,157.5,7.02591079530856,169.0,3.0
3.020261463766598,2799.0,211.0,0.014105235155876852,5.406800051607704,5.653753039066872,167,157.8,6.533838239165401,169.4,3.0
3.0225288150395273,2803.0,211.08,0.006686632204607608,2.0406161456362457,4.628015116006578,167,158.2,6.719367208430445,169.5,3.0
3.0239754948148936,2805.0,211.11999999999998,-6.603207871404351e-05,2.60402359565964,5.2039442096744555,167,159.1,6.610473953573925,169.4,3.0
3.0261183780991847,2809.0,211.08,-0.006826417547242299,1.9285949558619004,5.317054670150663,165,159.9,6.680914771296321,169.3,3.0
3.030190970670891,2812.0,210.92000000000002,-0.011629408563848425,4.887111086047687,4.312987254641128,162,160.8,4.908666955865843,169.5,3.0
3.0352461269197537,2816.0,210.74,-0.015166143480664484,4.549640623976512,3.972224716396724,160,161.8,4.88003468573266,169.9,3.0
3.040128516211862,2818.0,210.58,-0.01717862847724006,8.788300725794679,3.657956638395445,157,162.8,6.203340722140753,170.3,3.0
3.0444192300441384,2821.0,210.44,-0.016820640607364132,5.148856598731741,3.5952387047846743,154,163.9,8.904682340902017,171.2,3.0
3.046659004018214,2823.0,210.38000000000002,-0.015595652182354817,4.031593153336328,4.001371571373024,154,165.0,8.631910482583232,172.1,3.0
3.0482455336983585,2825.0,210.4,-0.013469023048200085,2.855753424259538,3.9794554775831963,153,166.5,8.750295314838436,172.7,3.0
3.0508162860559183,2828.0,210.45999999999998,-0.008505116595497166,3.0849028290715754,3.787484424236812,154,167.4,9.177020001915263,173.0,3.0
3.0529916150894123,2833.0,210.54000000000002,-0.003613897730168256,1.5662369041157964,3.9626458381694407,153,168.4,8.564410944939386,173.2,3.0
3.0548349719376477,2834.0,210.6,0.000775299569741849,6.636084653648302,3.300159982277202,153,169.0,8.622568867004919,173.3,3.0
3.0565485752378088,2838.0,210.61999999999998,0.005371068828338837,1.5422429701449811,3.0314405977756325,154,169.4,8.7463976985004,173.4,3.0
3.0591956850107445,2842.0,210.61999999999998,0.008042402081953882,2.3823987956422275,2.8252685137824227,150,169.5,8.57515164762937,173.3,3.0
3.0622461365545255,2844.0,210.6,0.006659524168671695,5.490812778806204,3.84246745812665,151,169.4,8.75839212220849,173.0,3.0
3.064478056131104,2850.0,210.57999999999998,0.0038111772398982504,1.339151745946996,4.062434178687215,150,169.3,7.580043963030157,172.9,3.0
3.065989020653176,2853.0,210.58,3.4545935071382536e-05,1.813157426486537,4.293947085294937,150,169.5,4.76209799843565,172.7,3.0
3.066415424466532,2854.0,210.6,-0.0031256027357835655,1.53505372808012,4.851544423656728,151,169.9,4.995461168247367,172.3,3.0
3.0700436655566516,2855.0,210.58,-0.0046380672433240415,13.06166792443104,5.293143795484278,151,170.3,5.185825318922578,172.1,3.0
3.074420899322114,2858.0,210.56,-0.004152729719997978,5.252680518554679,5.157008268500281,154,171.2,6.1243157778209385,172.0,3.0
3.0788255144321903,2862.0,210.54000000000002,-0.004123188505423489,3.9641535990686805,5.221928693885471,157,172.1,7.023667169379754,172.0,3.0
3.082343930249163,2863.0,210.51999999999998,-0.006308796367471278,12.666296941101756,5.770324768666985,157,172.7,7.026819489082094,172.1,3.0
3.084110602348142,2864.0,210.5,-0.009990198281298057,6.36001955632497,6.343411537231111,157,173.0,6.994232177934722,172.0,3.0
3.0848459942542656,2866.0,210.51999999999998,-0.014993281334551573,1.3237054310224299,6.811587683073844,157,173.2,8.677407001938313,171.8,3.0
3.0868261441352955,2867.0,210.48000000000002,-0.018910662709202698,7.128539571706859,6.799218440447016,157,173.3,8.62759118355196,171.8,3.0
3.0932121853756116,2870.0,210.34,-0.020258760661750447,7.663249488379144,6.9232082519795695,158,173.4,8.608767270316683,171.6,3.0
3.1001629305740277,2873.0,210.18,-0.01844871302434326,8.340894238099509,7.148116827456894,158,173.3,8.534009482062453,171.6,3.0
3.1076238599135175,2877.0,210.0,-0.015280236119395574,6.714836405540738,6.126578084346313,158,173.0,8.17790172108448,171.4,3.0
3.1150903032794077,2879.0,209.8,-0.01167558749742667,13.439598058602128,5.705303896055733,157,172.9,7.740716198790331,171.2,3.0
3.120581341913609,2882.0,209.7,-0.007584341607191193,6.589246361041606,7.445817782646661,169,172.7,6.8637305331014815,171.1,3.0
3.12228721835512,2883.0,209.75,-0.0016494380883228278,6.141155189438686,8.938575422285941,175,172.3,6.132472109454811,171.1,3.0
3.1244388822327793,2887.0,209.87000000000003,0.005716602860783396,1.9364974898935248,8.792236059107422,177,172.1,6.988958779221429,171.1,3.0
3.1271860385272054,2893.0,210.01,0.012229379038302346,1.6482937766556698,9.073395828456036,174,172.0,6.478142487245192,171.2,3.0
3.1318425468522997,2894.0,210.20999999999998,0.019146374246364013,16.76342997033859,9.500654499870532,173,172.0,5.644269302370955,171.3,3.0
3.1370078904656498,2895.0,210.41000000000003,0.025889376334732005,18.59523700806073,8.978216769133837,173,172.1,5.835625846706558,171.1,3.0
3.1417472259432606,2899.0,210.58,0.031439504445130426,4.26540192984989,9.42696311074519,170,172.0,6.026283349575844,170.8,3.0
3.1465296534111533,2901.0,210.7,0.034715461431518824,8.60836944220702,9.805903577214277,170,171.8,7.751067144763415,170.1,3.0
3.1513245820302256,2903.0,210.82,0.03598694995821952,8.630871514330337,10.27390454051882,170,171.8,8.227786244927666,169.7,3.0
3.154718315798228,2905.0,210.92000000000002,0.035761633728453604,6.10872078240456,11.91083984006096,171,171.6,7.836920198322062,169.3,3.0
3.159813851682351,2907.0,211.08,0.030802566102873956,9.171964591421677,11.39168252941258,172,171.6,7.299448515294769,168.7,3.0
3.16466946415665,2909.0,211.28000000000003,0.022785311283313747,8.740102453738148,10.151862218504592,173,171.4,7.174096184042111,168.0,3.0
3.169877110454553,2912.0,211.45999999999998,0.013054647388595814,6.249175557483563,10.091527654063938,173,171.2,6.429036569762355,167.2,4.0
3.1748054335134794,2913.0,211.6,0.004517138892801026,17.74196301213541,10.156763721729138,172,171.1,6.483675828479498,166.5,4.0
3.178594560801324,2914.0,211.58,-0.0034507366149816436,13.640858236240948,11.322190176537685,172,171.1,5.532128681284374,165.7,4.0
3.183820696456971,2916.0,211.42000000000002,-0.008943759557955285,9.407044180164808,11.361865445427108,171,171.1,4.977787005089572,165.0,4.0
3.189825060401419,2920.0,211.14000000000001,-0.014934001013694506,5.403927550002835,10.58988592285593,173,171.2,5.001941460576272,164.4,4.0
3.19663540144121,2922.0,210.85999999999999,-0.019772308405562215,12.258613871624455,9.817163390065987,181,171.3,3.2726738457158584,163.9,4.0
3.203614322028788,2923.0,210.61999999999998,-0.023516237432912417,25.12411411527984,9.549022376975744,184,171.1,2.924051127116294,163.5,4.0
3.2085845676331006,2925.0,210.48000000000002,-0.02553415883830095,8.946442087762438,7.8681948260890096,186,170.8,3.349650884231939,163.2,4.0
3.2116895009276805,2928.0,210.38000000000002,-0.023205056435553918,3.7259199534956844,6.670644876227966,189,170.1,3.342640430705797,163.1,4.0
3.2137394629703495,2931.0,210.36000000000004,-0.016916224540973683,2.4599544512027514,5.905516452699454,187,169.7,3.383121643090721,162.9,4.0
3.2149312249860857,2932.0,210.35999999999999,-0.008119049382077304,4.290343256650232,5.646397522226588,187,169.3,3.3880805692711333,162.8,4.0
3.2160663887988763,2935.0,210.38000000000002,0.0009559108895259218,1.3621965753483976,4.904129600807547,185,168.7,3.2890318483780603,162.5,4.0
3.2175364475419603,2939.0,210.42000000000002,0.008435919567844789,1.3230528687758263,2.8846212824515893,183,168.0,3.5525977994020224,162.4,4.0
3.2191581232022353,2944.0,210.48000000000002,0.014953511962119314,1.1676064753978526,3.1452987849872107,182,167.2,3.77767453951856,162.3,4.0
3.220730015252017,2947.0,210.54000000000002,0.020513275658852574,1.8862704597379745,3.2362546830106362,179,166.5,3.525676343192766,162.0,4.0
3.222402978821529,2949.0,210.6,0.022982140967455166,3.011334425121044,3.523025577669381,180,165.7,3.899792168464393,161.7,4.0
3.2241627789324068,2953.0,210.64000000000001,0.02480333210366594,1.5838200997899898,3.4225166872019104,177,165.0,4.041561515923208,161.2,4.0
3.226664960344462,2954.0,210.7,0.026727426654521415,9.007853083399741,3.6937184038089916,176,164.4,4.114324673691021,160.6,4.0
3.2293383643446965,2957.0,210.76,0.02933525613678344,3.2080848002813593,3.913674951943966,173,163.9,4.461955904940772,160.1,4.0
3.2315498216224245,2959.0,210.8,0.03079471030548651,3.98062309991061,4.885590831888999,174,163.5,4.752813747831061,159.8,4.0
3.2335092515405544,2962.0,210.84,0.03337080050500326,2.3513159017556218,5.036951938468115,173,163.2,4.970784076228503,159.7,4.0
3.235269128599583,2964.0,210.9,0.03400526467104682,3.16777870625198,5.463393757669923,173,163.1,5.044768716628001,159.7,4.0
3.237591031414318,2967.0,211.0,0.03476939973257034,2.786283377681747,5.581235498071705,174,162.9,4.965926441766735,159.8,4.0
3.240178746552396,2968.0,211.1,0.03164484560005466,9.315774497081609,4.83109790991215,173,162.8,4.996512093145635,160.3,4.0
3.2426936626719454,2971.0,211.21999999999997,0.027694577228340837,3.0178993434593213,4.653927884394504,170,162.5,5.205314964122664,161.0,4.0
3.2446230304416805,2972.0,211.3,0.02283030606195434,6.945723971047132,4.392764127483499,169,162.4,6.842328068088963,161.9,4.0
3.246119338142213,2974.0,211.35999999999999,0.017940542794879038,2.693353860958947,4.359745113600708,168,162.3,7.000715129463105,163.0,4.0
3.247594367685252,2976.0,211.36000000000004,0.011029450325646842,2.6550531774700783,4.27628708436532,168,162.0,6.712418489060264,164.3,4.0
3.2494195507403267,2979.0,211.34,0.0022442094946368745,2.1902196660896953,4.049655017575762,167,161.7,6.375756508141575,165.6,4.0
3.251533384115402,2982.0,211.28000000000003,-0.006751726645166026,2.536600050090371,3.251310441158921,165,161.2,6.869344687412983,167.0,4.0
3.254076804405085,2985.0,211.21999999999997,-0.015905531558383968,3.0521043476200145,3.1671843732533533,163,160.6,6.898013543743507,168.3,3.0
3.2562128286239407,2987.0,211.14000000000001,-0.020933765340131857,3.844843593939723,2.613141327512769,163,160.1,7.246467791879738,169.8,3.0
3.258458411881037,2992.0,211.06,-0.02280945372900901,1.6168199451093273,2.79874536946432,160,159.8,9.71669997748975,170.8,3.0
3.2604395844099088,2994.0,210.98000000000002,-0.01967526023264138,3.5661105519697,2.7912292619734727,155,159.7,9.72447018340678,170.8,3.0
3.262246730822609,2996.0,210.92,-0.015338017334765346,3.2528635428602026,2.791002731134737,153,159.7,9.92478293225537,170.5,3.0
3.2636216659617943,2998.0,210.9,-0.008712538473682576,2.4748832505338187,2.7043557119398853,150,159.8,8.52777864881617,169.7,3.0
3.265028322110947,2999.0,210.92000000000002,-0.0030017996431198507,5.063962136949806,3.294398940157275,149,160.3,8.099110843108212,169.1,3.0
3.2665608374235533,3001.0,210.97999999999996,0.0026423588914056464,2.7585275626915555,3.0729796436068226,148,161.0,8.336205514897626,168.4,3.0
3.268298978877266,3004.0,211.04000000000002,0.008433476829258225,2.085769744455547,2.9809317831641127,148,161.9,8.541606694971295,167.6,3.0
3.2710466533961173,3011.0,211.1,0.010986081273513828,1.4130897525521113,2.7358577108351874,138,163.0,7.866010311984577,166.6,4.0
3.273279362707117,3012.0,211.14000000000001,0.012291660820919119,8.03775351959852,2.4948202317132107,135,164.3,7.506124763486071,165.5,4.0
3.2753565094686072,3020.0,211.16,0.013316604397121734,0.9347160426706145,2.2732677358932296,132,165.6,7.779105165764774,164.7,4.0
3.276216147200222,3028.0,211.17999999999998,0.012275076508731286,0.3868369792266919,1.7926731899933244,132,167.0,5.138648809162028,164.5,4.0
3.276814679606426,3032.0,211.16,0.01285082168494619,0.5386791655835347,1.5543533503542144,129,168.3,5.626219524670206,164.9,4.0
3.2773858210263485,3037.0,211.14000000000001,0.016754524601896296,0.41122182234398585,1.3542565396295525,129,169.8,5.16691825554086,165.8,4.0
3.2775751885439437,3045.0,211.14000000000001,0.013090423765845367,0.08521538291781133,1.227072873896859,129,170.8,4.570200076308987,167.2,4.0
3.2778461663562424,3053.0,211.14000000000001,0.01785241789497695,0.12194001553450305,0.4250353197812443,126,170.8,5.224385132463702,168.3,3.0
3.2785702128788468,3060.0,211.16,0.019726117813005407,0.37236678305360865,0.37826925386137955,124,170.5,5.830237196456348,169.4,3.0
3.2789799847757903,3067.0,211.2,0.008879272674668546,0.2107398327137365,0.46479515097284585,123,169.7,5.88323732666534,170.6,3.0
3.2794098699626897,3073.0,211.2,0.0041652804474823805,0.25793111213971076,0.4548046474878825,120,169.1,6.152925146000525,171.8,3.0
3.2800119913863948,3077.0,211.24,0.0060377632632390805,0.541909281334511,0.439480760358839,121,168.4,6.265590272113469,173.0,3.0
3.2807474341617224,3082.0,211.26,0.009058507368408403,0.5295187982359727,0.4995670735121217,120,167.6,6.95861845423425,173.5,3.0
3.2817087573315815,3085.0,211.2,0.014588292402249159,1.153587803831164,0.749735428368001,123,166.6,7.279212899718983,173.3,3.0
3.2823169812649984,3090.0,211.16,0.015927808884339523,0.4379212320601498,0.745709013062541,125,165.5,6.554235816905663,173.0,3.0
3.2827881888199113,3096.0,211.16,0.01376955518787624,0.2827245329477147,0.9166684957029749,126,164.7,6.527871276279041,172.3,3.0
3.2836229116033366,3101.0,211.17999999999998,0.01904259822817243,0.6010004040662935,0.9233099141082522,129,164.5,6.768891742321105,171.6,3.0
3.2843071439542793,3102.0,211.21999999999997,0.009017160510541647,2.463236463392823,0.9866731898097779,128,164.9,6.35755884004555,171.0,3.0
3.284840436540972,3107.0,211.26,0.0028482420037256894,0.3839706624187736,1.1929843085875174,131,165.8,5.839399906081363,170.5,3.0
3.285341673698244,3108.0,211.3,0.009038876184389807,1.8044537661811302,1.1387766205308492,132,167.2,6.016436334826544,170.1,3.0
3.286030755182909,3116.0,211.34,0.009149181146007471,0.3100866680992182,1.2178368847455427,134,168.3,5.766131657480459,169.9,3.0
3.287245545630402,3120.0,211.32,0.012243809478086915,1.0933114027440605,1.2191669702743244,131,169.4,6.213937984066069,168.9,3.0
3.2886690809086945,3122.0,211.3,0.003392561020526523,2.5623635009259025,1.1607793591518663,130,170.6,4.843237357718038,166.4,4.0
3.289514764851821,3126.0,211.28000000000003,-0.0021372240133056665,0.7611155488139771,0.904164811782452,124,171.8,4.548711309419593,163.6,4.0
3.2899027338739404,3127.0,211.24,-0.010451471512058571,1.3966884796291201,0.8794989433318857,124,173.0,4.508505955269795,160.4,4.0
3.2904180580967672,3132.0,211.26000000000005,-0.015575729962528345,0.3710334404353058,0.7306583713437634,124,173.5,5.065209335292044,157.4,0.0
3.2906113033998903,3137.0,211.21999999999997,-0.027678703058048842,0.1391366182486051,0.8225573793116274,121,173.3,5.426309922307491,154.7,0.0
3.2907673297786624,3143.0,211.22000000000003,-0.026905158467831904,0.09361582726327042,0.7619269604680189,121,173.0,5.529773157500992,152.1,0.0
3.2912209857661816,3152.0,211.2,-0.0269613627406881,0.18146239500767292,0.6838299108450284,119,172.3,7.282227769894163,149.7,0.0
3.2918044853363058,3156.0,211.2,-0.02009676323083647,0.5251496131118136,0.7346394846367927,116,171.6,7.344450011808755,147.6,0.0
3.292891225149572,3159.0,211.14000000000001,-0.005180858437481723,1.3040877759195086,0.8234275795860123,115,171.0,7.569307114312633,145.7,0.0
3.293882075405199,3165.0,211.11999999999998,0.00016855610880888022,0.5945101533762321,0.9513004502090944,117,170.5,7.699884542203399,144.8,0.0
3.294795044796205,3167.0,211.08,0.015435596711959104,1.6433449038109162,1.171466925675602,120,170.1,8.054857255769786,145.9,0.0
3.2962568968682975,3172.0,211.14000000000001,0.02333056054882588,1.0525334919066156,1.4273086372943997,120,169.9,8.127618991878318,147.9,0.0
3.2986875968981346,3177.0,211.28000000000003,0.028752220396215656,1.7501040214826888,1.5718951180848948,120,168.9,8.216138503223316,150.4,0.0
3.301242136896139,3184.0,211.42000000000002,0.02660852676200478,1.3137634275451704,1.9380551900088165,120,166.4,8.8682658183701,152.8,0.0
3.304318885515425,3190.0,211.58,0.0299843324699166,1.846049171571575,2.3698471653344857,121,163.6,9.493834051508212,154.5,0.0
3.3066878826873554,3194.0,211.72000000000003,0.028019688456733794,2.1320974547374685,2.520544581197883,121,160.4,9.76074513242938,155.9,0.0
3.307411849232283,3196.0,211.76,0.026473649653052562,1.3031397808695087,2.6165089868984235,126,157.4,8.196711358839227,158.3,4.0
3.3083842211354457,3197.0,211.71999999999997,0.021020923163192793,3.500538851385774,2.6512791335143975,127,154.7,8.351523257687337,160.6,4.0
3.309846599001617,3198.0,211.66000000000003,0.007256764747924113,5.264560318215984,2.776557635877899,130,152.1,8.889080877676573,162.6,4.0
3.3116148988724974,3201.0,211.6,-0.001187278130445933,2.1219598450564487,2.763315336440832,120,149.7,8.571621871740975,164.3,4.0
3.3133404584289536,3203.0,211.54000000000002,-0.0125916286122475,3.1060072016212428,2.6173766935140867,119,147.6,8.947280017010717,165.5,4.0
3.3149162796092204,3206.0,211.51999999999998,-0.02048659244912284,1.8909854163201445,2.4203176839881135,123,145.7,10.614838814964957,166.4,4.0
3.316058135410053,3207.0,211.45999999999998,-0.02264345995243533,4.110680882996505,2.307200339136538,129,144.8,11.163404360386496,167.0,3.0
3.3169803524061905,3209.0,211.45999999999998,-0.014896022471355541,1.6599905930480416,1.9544835839956511,131,145.9,10.309709368833662,167.6,3.0
3.3177593487607386,3212.0,211.44,-0.011441898124043054,0.9347956254579206,1.415215877329551,128,147.9,9.001891054403025,168.4,3.0
3.3185642744523727,3216.0,211.44,-0.011121693383319487,0.7244331224706894,1.308187656738085,127,150.4,8.476007581777576,169.1,3.0
3.3191367675832746,3220.0,211.44,-0.014050457639014333,0.5152438178116717,1.3169692973106464,124,152.8,7.872487755580812,168.5,3.0
3.319687970113964,3223.0,211.48000000000002,-0.016147230011774375,0.6614430368272027,1.231682864590661,123,154.5,7.246526486763725,167.6,3.0
3.3200101600148875,3229.0,211.48000000000002,-0.011029923587638135,0.19331394055410597,1.0250411287914742,124,155.9,7.072964387775235,166.7,4.0
3.320635999753998,3231.0,211.45999999999998,-0.011029923587638135,1.126511530399205,0.9868928416894491,119,158.3,6.70215667895495,165.9,4.0
3.3214521801583676,3232.0,211.42,-0.0017722791389255157,2.9382494557303995,0.9560503653330693,116,160.6,6.599517138250519,165.4,4.0
3.3220543646275726,3235.0,211.4,0.0050081398981478955,0.7226213630461569,1.1260577099960172,115,162.6,5.882352554784832,165.1,4.0
3.322409486218851,3236.0,211.4,0.007943402745882398,1.2784377286021,1.1184191455087258,119,164.3,5.651936824139251,165.2,4.0
3.322707447880498,3237.0,211.4,0.0023396588990134883,1.0726619819289152,1.15622004167768,125,165.5,5.368580235964167,165.1,4.0
3.323169948267228,3240.0,211.44,-0.002289554765997876,0.5550004640759312,1.1790517241420473,127,166.4,5.807518996000764,165.1,4.0
3.3238541804356854,3241.0,211.48000000000002,-0.005252052167085232,2.4632358064465394,1.4487090795677695,127,167.0,5.944296703005914,165.2,4.0
3.3245046505359577,3247.0,211.5,-0.0019797544576237794,0.39028206016341854,1.3605867927905875,127,167.6,6.317669458861793,165.3,4.0
3.3250386169421535,3249.0,211.5,-0.0002334131850304913,0.9611395311523604,1.3884508002503875,127,168.4,6.50184463795149,165.4,4.0
3.325497256257957,3253.0,211.45999999999998,-0.0022898466880729796,0.412775384223002,1.3040256536655621,124,169.1,5.517671745196028,165.9,4.0
3.326535340160736,3254.0,211.4,-0.0002917180077704175,3.7371020500041374,1.2303531360990005,123,168.5,5.218949177630039,166.4,4.0
3.3282658799997358,3257.0,211.35999999999999,-0.003738172421909311,2.076647806799805,1.2375088409680899,128,167.6,4.475612889964805,166.6,4.0
3.329795932961718,3262.0,211.34,-0.008486675836200375,1.1016381326270532,1.0611032551838018,129,166.7,3.4739127025771275,166.6,4.0
3.3310502625784197,3270.0,211.32,-0.011421938683934879,0.5644483275157965,1.0922916557548834,127,165.9,3.330074577910002,166.2,4.0
3.332003044642938,3279.0,211.34,-0.008696611255232972,0.381112825807291,1.0758718953572426,128,165.4,3.4377366033202152,165.8,4.0
3.3328772762306316,3284.0,211.38000000000002,-0.0026100647360174727,0.6294467431394479,1.3662602774198436,125,165.1,3.483848154215984,165.4,4.0
3.3336848749465813,3289.0,211.4,0.003844604236110837,0.5814710754836881,1.0824274051797491,122,165.2,3.414105220743809,165.1,4.0
3.3342302263789994,3292.0,211.4,0.007965202628465772,0.6544217189014769,0.9044088337644312,119,165.1,3.5311448049762264,164.8,4.0
3.335047982303439,3296.0,211.42,0.009999646886479847,0.7359803319956149,0.9139839285107092,125,165.1,3.7356942595338944,164.7,4.0
3.3359047735148617,3297.0,211.43,0.00908254645327154,3.084448361121985,1.1417661054470905,128,165.2,4.800987049938914,164.3,4.0
3.336378268565704,3299.0,211.42999999999998,0.005596014471832465,0.8522910915161043,1.1817582408811744,132,165.3,5.568749214548325,163.9,4.0
3.3365077078409873,3301.0,211.43,0.0017526386683011496,0.23299069550929136,1.3779533464797484,135,165.4,5.864447101226555,163.8,4.0
3.3371345007203486,3303.0,211.43,-0.0002792769544811946,1.1282271828503245,1.5872996798289514,132,165.9,6.043426214297743,163.9,4.0
3.3379121129588403,3304.0,211.41,-0.0002792769544811946,2.7994040585706794,1.6772689583910292,130,166.4,6.12339552181711,164.3,4.0
3.338793099287281,3308.0,211.4,-0.0060885632159779065,0.7928876955967508,1.8444714382134244,125,166.6,6.287040850027193,165.2,4.0
3.339573151573099,3309.0,211.4,-0.010737970379912995,2.808188228945115,1.752872696202966,116,166.6,7.875343899061131,166.4,4.0
3.3404320743336653,3310.0,211.4,-0.01729042137296894,3.092121938038007,1.6861452346935917,108,166.2,7.832723587491259,167.7,3.0
3.3409562299924733,3311.0,211.4,-0.020867039727608543,1.8869603717094885,1.7037023732417378,105,165.8,8.36925993546309,168.9,3.0
3.3417665914279655,3312.0,211.38000000000002,-0.020867039727608543,2.917301167771112,1.6123641975530614,102,165.4,8.876710638575645,169.9,3.0
3.3425111106528447,3313.0,211.35999999999999,-0.014201361661130212,2.6802692095655134,1.379951618707474,101,165.1,8.270312442141684,170.8,3.0
3.3428432024311445,3318.0,211.32,-0.008822816783759535,0.23910608037576495,1.387122564716521,104,164.8,8.861795016451168,171.7,3.0
3.3431897864351785,3321.0,211.3,-0.0012685683868639789,0.4159008048409895,1.1477279816020274,106,164.7,8.807599336466192,172.6,3.0
3.3436196715946487,3328.0,211.3,-0.0050924628433686985,0.22108379629887553,0.9535639102182831,103,164.3,8.698657122024773,173.5,3.0
3.3441776312580442,3332.0,211.32,-0.008582197681802625,0.5021636970561684,0.8295098132785613,103,163.9,8.308173397063749,174.7,3.0
3.3448976851960284,3335.0,211.34,-0.00549823884900782,0.8640647255808015,0.6071937712529272,106,163.8,7.960799521270427,175.8,3.0
3.3451650258009047,3340.0,211.38000000000002,-0.005258532659733629,0.1924852355109828,0.6717966238243596,109,163.9,6.175724001182371,176.7,3.0
3.3455947710557252,3342.0,211.36000000000004,-0.003754843738938995,0.7735414586766634,0.6917978187350438,109,164.3,6.724969828866679,177.4,3.0
3.346373136617608,3350.0,211.34,0.001822047977716134,0.35026450284739236,0.732577446529831,107,165.2,6.272499613462388,178.1,2.0
3.34690779248918,3358.0,211.34,0.001822047977716134,0.24059514220734565,0.7296037814035929,108,166.4,7.802180344377061,178.8,2.0
3.3478061443740628,3359.0,211.32000000000002,-0.007845031133724364,3.2340667855783574,0.7615801588570137,111,167.7,10.00351414294482,179.4,2.0
3.348073472311099,3361.0,211.27999999999997,-0.01613853306603083,0.481190286664853,0.767143387853108,115,168.9,9.335251392231928,179.9,2.0
3.3489208808953563,3364.0,211.3,-0.02671217486666575,1.0168903011090642,0.8609575196331296,117,169.9,10.98555696953596,180.2,2.0
3.349299615778861,3370.0,211.3,-0.02704731615724886,0.2272409301027557,1.1086761295391132,117,170.8,11.446232325847976,180.3,2.0
3.35095185424921,3376.0,211.21999999999997,-0.02824347611564475,0.9913430822091472,1.3996718467788085,117,171.7,11.475948280406303,179.9,2.0
3.3528204194083977,3382.0,211.16,-0.02949471789887902,1.1211390955126028,1.4445798085911257,116,172.6,11.416635778053015,179.2,2.0
3.355163659177617,3388.0,211.11999999999998,-0.027818924685163067,1.4059438615315722,1.1688048938450746,114,173.5,11.376277848733489,178.4,2.0
3.3573886262509305,3390.0,211.06,-0.026698883944560235,4.004940731964425,1.320206431819717,117,174.7,10.544447282597885,177.5,3.0
3.3597624036559255,3392.0,210.99,-0.03312008281443361,4.272799328990632,1.6057859049423062,114,175.8,10.178840265994598,176.8,3.0
3.3605337497463994,3395.0,210.96999999999997,-0.03555499570511049,0.9256153085688559,1.6364812117211902,115,176.7,7.996669307397224,176.0,3.0
3.361053838414357,3400.0,210.95,-0.03505352758283441,0.37446384092955487,1.7415274488765289,112,177.4,5.508825620356889,175.2,3.0
3.362499893156841,3402.0,210.89000000000001,-0.03630320804555261,2.602898536471449,1.85840841819233,112,178.1,4.99840652997662,174.3,3.0
3.3638593298010706,3403.0,210.82999999999998,-0.035208440494287216,4.893971919226544,1.7913590416995835,115,178.8,3.209128721687658,173.4,3.0
3.3652837367281645,3411.0,210.8,-0.03317946201694556,0.6409831171923178,1.5611296547320486,113,179.4,2.529687096650353,172.6,3.0
3.3666187766478672,3413.0,210.73999999999995,-0.032926424469206475,2.403071855464922,1.5301606673292525,110,179.9,2.7341143608571,171.8,3.0
3.3680925639396007,3415.0,210.67999999999998,-0.03167518268597221,2.6528171251201504,1.5849285425032076,107,180.2,2.7603276650842488,171.0,3.0
3.3687354779955188,3419.0,210.66,-0.030398607779231403,0.5786226503261795,1.6471678630633697,106,180.3,2.861961876643392,170.0,3.0
3.3697093955543584,3422.0,210.64000000000001,-0.02878542638350725,1.168701070607434,1.4819407316615059,101,179.9,3.251774413704772,169.1,3.0
3.370724377400608,3423.0,210.6,-0.026276571989732968,3.6539346464995797,1.2831739766259702,97,179.2,3.132685035314318,168.1,3.0
3.371147506470132,3424.0,210.6,-0.025426633402587127,1.523264650285721,1.4482669266266481,97,178.4,3.752300250602791,167.1,4.0
3.3714454685456228,3425.0,210.6,-0.02129647138591311,1.0726634717666228,1.5030101736717552,97,177.5,3.755052224363633,166.1,4.0
3.371889312063106,3430.0,210.58,-0.014477900647873253,0.31956733258793346,1.8583236695338705,94,176.8,3.83229178983822,165.0,4.0
3.3728828552051935,3432.0,210.56,-0.007323991506019039,1.7883776557575373,2.3100012824153806,95,176.0,4.035427382330207,163.9,4.0
3.3740751298546914,3434.0,210.54000000000002,-0.0003314269335251939,2.146094369096514,2.859832698032142,98,175.2,4.670531656775873,162.4,4.0
3.3753162356006126,3436.0,210.51999999999998,0.008535003962128798,2.2339903426583927,2.8376307004093184,101,174.3,4.662847248886356,160.7,4.0
3.3767298582870526,3437.0,210.54000000000002,0.012522948122577107,5.089041671184786,3.0915855832216725,102,173.4,4.855576023636294,158.9,4.0
3.379195340002084,3439.0,210.64000000000001,0.014707791361395304,4.43786708705665,3.481933582572718,105,172.6,4.886384069750452,157.0,0.0
3.382327896659029,3441.0,210.74,0.01702333129733382,5.638601982500761,4.195345452365267,107,171.8,4.666977595840651,155.1,0.0
3.3856130306465437,3446.0,210.84,0.01893540241141314,2.365296471010651,4.255740762625248,110,171.0,4.576397209320481,153.2,0.0
3.388307083131123,3449.0,210.94,0.020520376714944184,3.2328629814951695,5.387196227835853,107,170.0,3.779331425701733,151.4,0.0
3.3905685480320744,3451.0,211.0,0.02186368155720705,4.070636821712435,6.414986034149334,108,169.1,4.27911314916588,149.8,0.0
3.3924548338759957,3452.0,211.0,0.016446589433301583,6.790629038115953,7.050992366221334,109,168.1,4.038301278092371,148.5,0.0
3.3954380235573667,3457.0,211.0,0.008354447375417708,2.147896570587142,7.510714654902186,111,167.1,4.387959654968956,147.3,0.0
3.399150706637279,3458.0,211.0,0.0012315102798932422,13.365659087684465,7.069966112142676,115,166.1,3.867854662735243,146.6,0.0
3.402778160069142,3459.0,211.0,-0.005647925162983726,13.058832354706226,7.069653360608683,118,165.0,3.8272705927962254,146.5,0.0
3.406326996315136,3460.0,210.88000000000002,-0.012065994327342419,12.775810485578452,6.9495886216472105,118,163.9,3.869620820596181,146.7,0.0
3.4091636167244146,3461.0,210.8,-0.01201687610292088,10.211833473402464,7.111620924639685,119,162.4,3.608994255695354,147.2,0.0
3.4116160498215464,3465.0,210.74,-0.011354167189694536,2.207189787418846,6.418492366781311,118,160.7,3.75656405182603,147.9,0.0
3.4141180168641925,3468.0,210.68,-0.011937281356465362,3.0023604511753605,6.470843595886992,117,158.9,3.686035349046519,148.7,0.0
3.4165320024016346,3471.0,210.61999999999998,-0.014532519525001092,2.896782644930485,6.305462150366482,117,157.0,3.4541679250390067,149.6,0.0
3.418512643940734,3472.0,210.68,-0.019068046189462385,7.130309540757963,5.444514148032848,117,155.1,2.8187926016537177,150.6,0.0
3.4189984585405315,3475.0,210.7,-0.02223017879233118,0.5829775197572784,4.638769286050604,117,153.2,3.736699152289874,151.7,0.0
3.419969254263219,3476.0,210.67999999999998,-0.02677913123137382,3.4948646016746,4.398956681432596,117,151.4,3.199939414349473,153.1,0.0
3.4238407945560003,3477.0,210.57999999999998,-0.03057912582765554,13.937545054012807,5.2495210619418105,117,149.8,3.111720091497988,154.5,0.0
3.4296362778063285,3481.0,210.4,-0.031051216689951495,5.215934925295289,5.56898115852163,120,148.5,3.0768176471902158,155.6,0.0
3.4365061588415813,3486.0,210.11999999999998,-0.029127462814029337,4.946314345381931,5.473248613011245,120,147.3,5.138347052698476,156.5,0.0
3.443462217478305,3489.0,209.84,-0.02798478624300736,8.347270364068622,5.063655363329077,118,146.6,5.771795346639943,157.4,0.0
3.45014815882502,3491.0,209.6,-0.024678325760798186,12.034694424087009,5.451827700803688,118,146.5,5.6885208736431645,158.2,4.0
3.4538046978863526,3493.0,209.48000000000002,-0.01932414453676523,6.581770310399083,5.681876765618847,117,146.7,7.435880085989458,158.9,4.0
3.454299945009122,3494.0,209.45999999999998,-0.011861994538773735,1.782889641969399,5.4323493457169025,117,147.2,8.610410319988253,159.5,4.0
3.456290184700932,3497.0,209.58,-0.0030387367445043286,2.3882876301719023,5.8102033567100175,120,147.9,8.701622524295683,160.8,4.0
3.4585996456180084,3499.0,209.7,0.006404656580864952,4.157029650737495,6.14893412841303,121,148.7,7.9158469193260546,162.2,4.0
3.4610939790410207,3501.0,209.82,0.01703152032995715,4.489800161421776,6.238987357817929,126,149.6,8.700327138187562,163.3,4.0
3.4633375172058423,3502.0,209.92,0.026475394354698485,8.076737393358485,6.064136690477283,137,150.6,9.143742310763916,164.3,4.0
3.465174585075994,3503.0,210.0,0.031745184151353516,6.613444332547089,6.194159646799527,141,151.7,10.101393785411174,164.5,4.0
3.466739184455951,3504.0,210.04000000000002,0.034633625636111436,5.63255776784522,6.242711669543678,144,153.1,8.311799626190409,164.3,4.0
3.4686138237248256,3505.0,210.1,0.03352634541726846,6.748701367948874,6.378560687394277,166,154.5,8.444202139454116,164.2,4.0
3.4706950689610876,3506.0,210.16,0.029557176021832943,7.492482850543623,6.468679744540208,169,155.6,8.58864395258021,164.2,4.0
3.472462584208528,3507.0,210.2,0.023710404475344057,6.363054890784487,6.286478694192735,169,156.5,7.478102869752251,164.4,4.0
3.4740073053133025,3510.0,210.24,0.016768295903620823,1.8536653257293578,5.540933139596541,165,157.4,7.524250576191901,164.6,4.0
3.4749523991514377,3511.0,210.28000000000003,0.010509112135711875,3.4023378172866754,5.724626722497484,163,158.2,9.232508913885862,163.9,4.0
3.4763330261794403,3512.0,210.28000000000003,0.007554667522944187,4.970257300809582,5.479330643824275,163,158.9,9.618891016545865,163.0,4.0
3.4781019594631832,3514.0,210.26000000000005,0.004339614981398267,3.1840799107376707,4.877084681718729,160,159.5,9.358490649666958,162.1,4.0
3.4801296324707596,3518.0,210.21999999999997,0.001782837886508078,1.824905706818738,4.489361087524725,160,160.8,9.007303037134442,161.1,4.0
3.4828007168954223,3519.0,210.18,0.001049530450873127,9.61590392878519,4.252634327230735,157,162.2,8.266497567865475,160.9,4.0
3.485485132315816,3521.0,210.16,0.0002626216033313651,4.831947756708129,4.376135249326701,157,163.3,7.938219020197773,161.2,4.0
3.4872062905224297,3524.0,210.16,-0.0011854753686852768,2.0653898479365487,4.899109497725493,157,164.3,7.4865148365398095,161.5,4.0
3.4899703497984946,3526.0,210.18,-0.002028207431455998,4.97530669691727,4.653717093650529,156,164.5,7.171556208947662,161.6,4.0
3.4927521915908777,3528.0,210.21999999999997,-0.003843477717929472,5.0073152262894745,5.168776315368081,158,164.3,6.871135002656229,161.7,4.0
3.495634863526099,3531.0,210.26000000000005,-0.00433825240334047,3.4592063222656066,5.215758004280395,155,164.2,6.018248325369692,162.0,4.0
3.4981602798521565,3532.0,210.28000000000003,-0.003510197978796435,9.091498773806528,5.010651364597591,154,164.2,4.554560041991475,162.5,4.0
3.5005264026533145,3535.0,210.26,-0.0010274861989756727,2.8393473613896947,5.354876441576042,154,164.4,4.41409964738197,162.9,4.0
3.5028157475020394,3536.0,210.18,0.0044905839300910955,8.24164145540894,5.9199196362927005,154,164.6,3.958888578623398,163.0,4.0
3.505205463205566,3540.0,210.1,0.00980759745605161,2.1507441331739168,5.971813439955254,157,163.9,4.28778861534196,163.1,4.0
3.5071535155959324,3541.0,210.06,0.015414037851109483,7.0129886053181885,6.226296292090704,157,163.0,4.492211553151759,163.0,4.0
3.509217467756197,3542.0,210.12000000000003,0.020261109564719774,7.4302277769518605,8.607698938457812,156,162.1,4.743312190972331,162.4,4.0
3.514878617750054,3545.0,210.33999999999997,0.023288729909878146,6.793379992628815,8.301011085917262,155,161.1,4.818108608455869,161.6,4.0
3.5210991005458445,3550.0,210.57999999999998,0.025077202350366024,4.478747612969029,8.192267743451994,154,160.9,6.320872134010015,160.8,4.0
3.527735629141968,3554.0,210.85999999999999,0.028480522552080938,5.972875736511246,7.762838161700527,157,161.2,6.17204642899044,159.8,4.0
3.5341466231763,3555.0,211.11999999999998,0.03047410702555972,23.07957852359484,8.3031722282603,158,161.5,6.107541130307187,158.6,4.0
3.538029291092351,3558.0,211.28000000000003,0.030358534491374232,4.65920149926114,8.120957777099553,159,161.6,5.8015566913259615,157.2,0.0
3.5395908986891365,3562.0,211.32,0.027459422918426096,1.405446837106854,7.528908508331545,160,161.7,5.459371520907719,155.9,0.0
3.541570233157021,3564.0,211.34,0.019993384819313807,3.5628020421916267,7.551913926176683,159,162.0,5.228995231095836,154.8,0.0
3.5455641386844783,3566.0,211.32,0.013314541950334043,7.189029949423185,7.294064340656265,160,162.5,4.705799425857467,154.2,0.0
3.5487240375636153,3568.0,211.27999999999997,0.002443785822887639,5.687817982446993,7.124635824194644,157,162.9,4.197813632753888,154.0,0.0
3.551512373358638,3572.0,211.23999999999995,-0.007565942903471465,2.5095022155202757,4.823117344127532,159,163.0,3.6648334415156074,154.5,0.0
3.553914781604549,3573.0,211.17999999999998,-0.016029490208117357,8.64866968527926,4.571820763720305,159,163.1,3.1206291163213558,155.2,0.0
3.5557980121958845,3575.0,211.16,-0.022138340864049776,3.389815064403838,5.618872614405466,163,163.0,1.4655958488113303,156.0,0.0
3.559507614370182,3577.0,211.0,-0.028806882120040768,6.677283913735192,7.764746292025516,165,162.4,1.411801124829292,156.9,0.0
3.5639718646779235,3580.0,210.83999999999997,-0.03172350768945016,5.357100369290057,7.336346260913683,167,161.6,2.536863292948079,157.7,4.0
3.568830618897845,3584.0,210.63000000000002,-0.03317365236656421,4.372878797929321,7.347903719378678,169,160.8,2.872266602659061,158.5,4.0
3.576963122898505,3586.0,210.39000000000001,-0.033504929034926884,14.638507201187778,7.703166108858225,170,159.8,3.0219487816443587,159.7,4.0
3.5854565168512282,3587.0,210.11000000000004,-0.03259000860599387,30.576218229804255,7.126469015113324,170,158.6,3.535317645370749,161.1,4.0
3.5904135294803785,3591.0,209.95,-0.03205485180376725,4.4613113662353365,7.20280555794208,171,157.2,3.884239346050133,162.5,4.0
3.5942311218720446,3593.0,209.83,-0.02760945426884674,6.87166630499904,7.403811987072599,172,155.9,4.761928365291863,164.0,4.0
3.5979959824755383,3595.0,209.76,-0.02495342703537725,6.776749086288546,7.354523647181597,168,154.8,5.733396749114379,165.3,4.0
3.5993974153174944,3597.0,209.71999999999997,-0.01936612179457776,2.522579115520486,7.661520017079847,169,154.2,6.891946635090068,166.6,4.0
3.6016037454758605,3599.0,209.71999999999997,-0.012323939097457416,3.9713942850591835,6.753136719380377,169,154.0,9.503289390387913,167.7,3.0
3.6038025155393854,3600.0,209.74,-0.004645875663867216,7.91557222869001,4.467032063956408,169,154.5,10.106130934659156,168.8,3.0
3.6058273154619296,3602.0,209.71999999999997,0.0001480051061666262,3.6446398605797365,4.895278326667461,168,155.2,9.616593444347997,170.1,3.0
3.607551005335185,3603.0,209.73999999999995,0.006011271926292312,6.205283543720512,5.329392355786221,168,156.0,10.72108933770262,171.5,3.0
3.609137130673743,3605.0,209.78000000000003,0.011316495225140187,2.855025609404456,6.673535273330236,169,156.9,11.376882295314475,172.4,3.0
3.6104686632203316,3607.0,209.82,0.017851648083250328,2.3967585838591887,7.844092895249216,172,157.7,11.36089985627855,172.8,3.0
3.6123561474048738,3608.0,209.85999999999999,0.02386968456486748,6.794943064352507,7.996470879972266,175,158.5,11.970648074896202,172.1,3.0
3.614793732908138,3609.0,209.96999999999997,0.029151442371082997,8.775307811751148,8.117459994329142,176,159.7,11.185588901189892,170.3,3.0
3.619283081151269,3610.0,210.10999999999999,0.033872540505388724,16.161653675272156,10.116688890225133,177,161.1,11.331796996831098,168.3,3.0
3.625680910612996,3612.0,210.33,0.03487006026199391,11.516093031108639,10.142882704633202,178,162.5,10.495421863787406,166.0,4.0
3.6323524397498006,3618.0,210.57,0.032990987843088834,4.002917482082572,10.126923601145368,175,164.0,8.438009750842912,164.0,4.0
3.6386771890141474,3621.0,210.81,0.030430045946754174,7.5896991172163055,10.021222671087651,172,165.3,8.265798762866101,162.3,4.0
3.6443650745976517,3622.0,210.95999999999998,0.026863872245421305,20.476388100615637,9.557835960369303,170,166.6,7.6821138903845405,160.9,4.0
3.6475356997975723,3624.0,211.04000000000002,0.02048999275587738,5.707125359856971,8.92783988972769,169,167.7,6.628918220395907,159.7,4.0
3.6490172478403786,3626.0,211.04000000000002,0.01337798829618628,2.6667864770517054,7.670290670195641,170,168.8,6.233327561496032,158.7,4.0
3.6499334593411104,3628.0,211.0,0.0031787319273699098,1.6491807013168835,6.654761075758879,171,170.1,5.946886698505239,157.9,4.0
3.6517300512603175,3630.0,210.92,-0.005832844595945613,3.2338654545727676,7.32665900753842,172,171.5,5.286717981046889,157.5,0.0
3.6553995950843254,3633.0,210.82,-0.0135041137656129,4.403452588809665,6.671444376632377,175,172.4,5.84378537793128,157.9,4.0
3.6595061489834273,3635.0,210.71999999999997,-0.01582810475613261,7.391797018383658,5.529483272958548,175,172.8,5.174870367058264,158.2,4.0
3.6641767143108073,3639.0,210.58,-0.015635634231736095,4.203508794641942,5.643077302807894,174,172.1,5.499134035094249,158.4,4.0
3.667667765471849,3640.0,210.48000000000002,-0.010930589408266874,12.567784179748747,5.831395556191098,173,170.3,5.185372876457014,158.4,4.0
3.6697357123030603,3643.0,210.42,-0.005488141999492381,2.4815361974539436,7.635733385948221,171,168.3,4.879856506921728,158.0,4.0
3.673107283484136,3644.0,210.48000000000002,0.0012721747481539356,12.13765625187326,8.15507656195603,170,166.0,4.519456875240087,157.4,0.0
3.6773410005970324,3646.0,210.56,0.004491902842428505,7.6206908032129945,7.810429364132784,170,164.0,4.042718170826161,156.6,0.0
3.682422513381193,3650.0,210.72000000000003,0.007280445877078723,4.573361505744573,7.3345563387864505,169,162.3,3.5407861726034677,155.7,0.0
3.687671685229302,3651.0,210.85999999999999,0.008025196994631171,18.897018653192593,7.254503926530228,169,160.9,3.490042037645348,154.7,0.0
3.692116716593866,3653.0,211.0,0.006379882190953928,8.001056456215276,6.569100890384933,172,159.7,3.4283266381467263,154.6,0.0
3.692391601106507,3655.0,211.0,0.0033183958764876004,0.49479212275362555,6.618960544903321,173,158.7,3.0083479606824097,155.0,0.0
3.693512201211013,3657.0,210.97999999999996,0.00040502812280257224,2.0170801881107256,5.632900219604759,175,157.9,3.197203514930839,155.8,0.0
3.695970522446109,3660.0,210.88000000000002,-0.001757601282914917,2.949985482115351,5.035895105701994,172,157.5,3.545747542878435,157.2,0.0
3.6988134046888597,3662.0,210.78000000000003,-0.003218888115773462,5.117188036951203,4.963933233089802,171,157.9,4.468381120055192,159.1,4.0
3.7013366786760473,3665.0,210.7,-0.006560374905430777,3.027928784625376,3.1262932932312917,170,158.2,4.658500371865815,161.3,4.0
3.7020650633371366,3666.0,210.68,-0.013176056889449696,2.622184779922014,2.6811975176868477,170,158.4,5.397884698336407,163.3,4.0
3.7026420839041547,3667.0,210.67999999999998,-0.015326304671216614,2.0772740412649693,3.0377912578424664,170,158.4,6.31095694795535,165.2,4.0
3.70397955780988,3668.0,210.74,-0.01944445822549986,4.814906060611576,2.9980454127973157,170,158.0,6.5490088951372325,166.9,4.0
3.704870859201318,3670.0,210.76,-0.020796489753380054,1.6043425045884587,2.981036413549668,170,157.4,6.625508432365718,168.6,3.0
3.7061249784430457,3671.0,210.71999999999997,-0.020468433677372583,4.514829270219627,2.8875737451037202,170,156.6,6.451814203369926,169.5,3.0
3.7087643060507736,3673.0,210.68,-0.019179647098450638,4.750789693910077,2.7585609595676077,170,155.7,6.311787229593748,170.0,3.0
3.7120092654721892,3679.0,210.58,-0.022397167567402034,1.9469756528493098,2.949074652901488,168,154.7,6.142927023014357,170.9,3.0
3.7148049301438264,3682.0,210.45999999999998,-0.025129347281008813,3.354797605964593,3.142360159015488,168,154.6,6.653897663881004,171.6,3.0
3.717675361976468,3684.0,210.35999999999999,-0.029932604850337448,5.166777298755325,2.948102598334542,167,155.0,7.015401393053745,172.1,3.0
3.719939185949462,3688.0,210.27999999999997,-0.03099449117673387,2.037441575694648,3.3595832748313006,164,155.8,7.907464199570521,172.6,3.0
3.7228602105551074,3690.0,210.16,-0.025902550240746565,5.2578442901616365,3.6123588594762523,163,157.2,9.108501721181936,174.1,3.0
3.7252646780231244,3692.0,210.08,-0.017225317639557237,4.32804144243034,3.802294844674909,162,159.1,9.127006732675246,175.9,3.0
3.727177114770919,3695.0,210.03000000000003,-0.006662497622382557,2.2949240973536416,4.237009901242784,163,161.3,9.361525591541415,178.0,2.0
3.728661976092393,3696.0,210.03000000000003,0.0030044417930649827,5.345500757304725,4.629966355827348,162,163.3,10.156998867157574,180.3,2.0
3.7319578220617307,3698.0,210.13000000000002,0.008949714434496794,5.932522744807766,4.994646259884626,163,165.2,10.15138153905681,182.7,2.0
3.73804495680794,3702.0,210.35,0.011190665075667586,5.478421271588218,5.124911009804173,164,166.9,10.158627160721805,184.7,2.0
3.744070832324992,3706.0,210.57,0.012525423511192369,5.423287965346817,5.144533417604483,163,168.6,10.106779278707794,185.8,2.0
3.749290312354048,3709.0,210.76,0.011637867350280742,6.263376034867482,5.201200100271634,164,169.5,9.212979238160091,186.0,2.0
3.7513310014048065,3710.0,210.84,0.008737471728712004,7.346480582729755,5.3739179073139365,164,170.0,8.031429997412905,184.8,2.0
3.7536454080545476,3713.0,210.78000000000003,0.0049935142406444975,2.777287979689614,6.79928839134615,163,170.9,6.800847533833624,183.1,2.0
3.761094443957129,3719.0,210.6,-0.0002031685550574744,4.469421541548981,6.8478248972986036,161,171.6,5.25438822537164,180.4,2.0
3.768817607217495,3725.0,210.42,-0.008343750472749718,4.633897956219347,6.485950969312979,161,172.1,4.5387735188881,177.2,3.0
3.776122528562701,3731.0,210.21999999999997,-0.01449590171249183,4.382952807123924,6.089388602575193,160,172.6,4.629726882104458,173.7,3.0
3.782154648506303,3732.0,210.06,-0.0176670446979963,21.715631796967724,6.579191421889971,161,174.1,3.788005488899118,170.0,3.0
3.786330422594386,3734.0,209.95999999999998,-0.017234515124977434,7.516393358549177,6.634407369238846,162,175.9,4.00462130696575,166.1,4.0
3.7877723419652525,3736.0,209.88000000000002,-0.012254361653999114,2.5954548675598104,7.052175813943021,161,178.0,3.9262312821435152,162.4,4.0
3.7889149353853413,3738.0,209.85999999999999,-0.003070647904328782,2.056668156159926,9.971356204177557,160,180.3,3.701895314844057,159.2,4.0
3.7920258403374474,3739.0,209.92,0.005978172636556138,11.199257827581558,10.12798984638799,159,182.7,3.36386550920811,156.3,0.0
3.7962664898630223,3741.0,210.02000000000004,0.014509949303002579,7.633169146034997,10.493807277041855,158,184.7,3.131661943597962,154.2,0.0
3.803224079264191,3745.0,210.2,0.022506315364012527,6.261830461051921,9.447727270750475,158,185.8,3.083099609171749,152.0,0.0
3.8113273413190933,3746.0,210.45999999999998,0.026715383179547875,29.171743397649095,9.185501585271002,158,186.0,3.857313927621166,149.4,0.0
3.8191800080114096,3752.0,210.7,0.030001702427752047,4.711600015389648,9.60840505226338,160,184.8,4.362747790937928,146.7,0.0
3.8245017415910842,3755.0,210.87999999999997,0.03169682028497895,6.386080295609841,9.933887766659696,160,183.1,4.108743237954114,144.2,0.0
3.828804846570293,3757.0,211.06,0.033624177492624495,7.745588962575726,9.317433633272309,162,180.4,4.467033054812708,142.3,0.0
3.830599132848887,3759.0,211.13999999999996,0.03593926243498846,3.2297153014695823,8.957391753009976,167,177.2,4.169452150234934,140.9,1.0
3.8319786888448464,3760.0,211.2,0.037936395218643254,4.96640158545397,9.204549514172587,168,173.7,3.996953934712152,139.3,1.0
3.8331205443884286,3761.0,211.24,0.03299717962809682,4.110679956896587,6.1239649084914785,169,170.0,3.8396318796625577,137.4,1.0
3.8343547927211272,3762.0,211.32,0.025836195771830876,4.443293997714392,6.480562264333281,170,166.1,3.5650022339719385,135.7,1.0
3.836596078088377,3764.0,211.42,0.01866611030325506,4.034313661049935,5.892003444136202,171,162.4,3.469677948827735,134.3,1.0
3.839093754333888,3765.0,211.54000000000002,0.01091155627111368,8.99163448383895,5.121938046358139,171,159.2,3.3373406081392694,132.9,1.0
3.8421683985912454,3769.0,211.56,0.0037014390780101742,2.767179831621637,5.552132818417086,172,156.3,2.156488724930146,131.6,1.0
3.8448315394719317,3770.0,211.51999999999998,-0.002273875501414995,9.587307170471425,5.811496468115791,173,154.2,1.5527574051503614,130.4,1.0
3.8473219111445935,3775.0,211.44,-0.008451533367276795,1.793067604316388,5.627058067663279,175,152.0,1.2393749129621443,129.7,1.0
3.849297919111546,3779.0,211.34,-0.016026332340687167,1.7784071702569955,5.672098330860707,172,149.4,0.6797233873741629,129.0,1.0
3.8520122429623838,3780.0,211.17999999999998,-0.02511002371567091,9.771565863016733,5.597367075584664,167,146.7,0.6572777256981082,128.1,1.0
3.855074721358323,3781.0,211.03999999999996,-0.033727655764000324,11.024922225380426,5.971332095175004,165,144.2,0.618085166491482,126.7,1.0
3.8589419557408116,3784.0,210.88000000000002,-0.03753708718104289,4.64068125898651,6.15110226854746,161,142.3,0.6089602312777785,125.7,1.0
3.862908718069182,3786.0,210.74,-0.03656326190121698,7.140172191066239,5.394157584515641,164,140.9,0.621599526471487,125.3,1.0
3.867209522170998,3789.0,210.6,-0.03428822974533039,5.16096492217937,5.358318597055617,164,139.3,0.5586767322872387,125.2,1.0
3.8716322767001774,3790.0,210.51999999999998,-0.0334055216986599,15.921916305046775,5.586499850243728,163,137.4,0.550692944093943,125.5,1.0
3.874950679081549,3792.0,210.44,-0.030998292594193455,5.973124286468962,5.294283456295988,162,135.7,0.5284587343321784,126.2,1.0
3.876249310382848,3794.0,210.42000000000002,-0.02566053788669061,2.3375363423382223,4.986940251087276,162,134.3,0.456291939823723,127.1,1.0
3.8770989893817647,3796.0,210.4,-0.018517970149533592,1.5294221980501688,5.323958716617751,167,132.9,0.4595199214660281,127.6,1.0
3.878262492668064,3797.0,210.34,-0.010728311373051077,4.188611830677645,5.244881774748026,170,131.6,0.4371142965195823,127.9,1.0
3.879834225123692,3798.0,210.28000000000003,-0.0012854515649334756,5.658236840261171,5.860106503656692,171,130.4,0.4408204602297963,128.0,1.0
3.881457373147508,3799.0,210.3,0.0055983726508127985,5.84333288573856,4.765150837064017,174,129.7,0.7874910999918846,129.2,1.0
3.88323821913263,3800.0,210.34,0.010596433562994518,6.411045546438325,4.615454517779275,175,129.0,0.8953091370027076,129.9,1.0
3.8858143999201884,3802.0,210.4,0.011354507473069764,4.6371254176053815,4.617046065461588,175,128.1,0.8583861485051738,130.1,1.0
3.8884919077501983,3803.0,210.5,0.007878322672379378,9.639028188035477,5.165789294549096,175,126.7,0.9158237285796388,129.8,1.0
3.8909529189074945,3807.0,210.6,0.0063380345729322895,2.2149100415664575,5.511729732348338,175,125.7,1.2672789016080792,129.3,1.0
3.8926350654649857,3809.0,210.66,0.00503640152559995,3.0278638034845113,5.562518853706516,174,125.3,1.4138594067514112,128.7,1.0
3.894247967799019,3812.0,210.66,-0.001266483759868444,1.9354828008402531,7.0494135711203185,174,125.2,1.5969936010823425,128.1,1.0
3.898190443353615,3814.0,210.5,-0.007698149139666778,7.096455998272655,7.002099863491294,172,125.5,2.432274711669595,127.3,1.0
3.902523564298522,3816.0,210.34,-0.012034426248515665,7.799617700832104,7.12476930562689,168,126.2,3.1926703790855595,126.5,1.0
3.908100955292019,3819.0,210.18,-0.016775683069096027,6.692869192196187,7.165992574977776,168,127.1,3.91155428797204,125.9,1.0
3.914592032794705,3820.0,209.98000000000002,-0.019879800289702168,23.367879009670283,7.504566893547256,167,127.6,3.843839837270612,125.1,1.0
3.920453089432692,3823.0,209.82,-0.019800218271730115,7.033267965584237,7.578099564659306,168,127.9,4.302349486242552,124.5,1.0
3.9242784763452723,3825.0,209.78000000000003,-0.01667350457395473,6.88569644264416,7.694516133109213,169,128.0,4.409586644103748,124.0,1.0
3.9273186992527567,3826.0,209.78000000000003,-0.008164378381725934,10.944802466943143,8.507797445564362,170,129.2,4.932489305428762,123.8,1.0
3.928919987357543,3827.0,209.82,-0.0011562226959937684,5.764637177230319,9.340387669073634,171,129.9,5.318590308252191,124.0,1.0
3.931006365782304,3829.0,209.9,0.004326938580716785,3.755481164569836,9.78865207426826,172,130.1,6.399488546090693,124.5,1.0
3.9341404523537378,3833.0,210.0,0.01141006611073852,2.820677914290247,8.577326866177225,164,129.8,6.564769671559875,125.0,1.0
3.937923154895332,3834.0,210.11999999999998,0.0172174304623849,13.617729149740466,8.940537755364184,147,129.3,7.149435444692313,125.4,1.0
3.9418274049042803,3835.0,210.2,0.019794104709751546,14.055300032213228,9.737296792677991,140,128.7,8.373555528163688,125.7,1.0
3.9444279549046715,3836.0,210.24,0.023023392258866127,9.36198000140787,9.588343484961374,136,128.1,8.024683128752347,125.7,1.0
3.946574494147385,3837.0,210.3,0.02552784922937571,7.727541273768759,10.104704399514432,137,127.3,8.737025657798796,126.1,1.0
3.9489582127457363,3838.0,210.35999999999999,0.027618907157438994,8.581386954065337,12.0415644796048,141,126.5,9.710821655231303,127.7,1.0
3.9523641218131074,3839.0,210.42000000000002,0.028202428117688576,12.261272642536504,12.662522988974748,143,125.9,9.954914356816802,130.2,1.0
3.956680906483989,3841.0,210.54000000000002,0.027065893921720062,7.77021240758717,11.746638147308195,146,125.1,9.632552096788578,133.0,1.0
3.9619704723895044,3843.0,210.66000000000003,0.024841354753933977,9.521218629927764,10.291243454417629,150,124.5,9.11380654258323,135.9,1.0
3.96764576937398,3844.0,210.8,0.024145796276115104,20.4310691441122,9.668091653811434,153,124.0,8.07299548299644,138.7,1.0
3.97226039902315,3846.0,210.92,0.020852574482187514,8.306333368505646,8.9535968488151,155,123.8,8.543968286720915,141.4,0.0
3.975083054153268,3848.0,211.02000000000004,0.01682215471661925,5.080779234212119,8.181220479549209,158,124.0,7.688657980893214,144.2,0.0
3.9758973182265236,3851.0,211.04000000000002,0.012726609334001954,0.9771168879068719,7.745771746512361,160,124.5,6.274053493376763,146.7,0.0
3.977037080802955,3852.0,211.06,0.007837102930934623,4.103145275153392,7.204055726609941,161,125.0,6.077517824428993,149.4,0.0
3.9789174619271788,3856.0,211.01999999999998,0.0016493166797895674,1.6923430118011142,6.884571121153861,161,125.4,5.602249193796818,152.0,0.0
3.981497211111506,3860.0,210.96000000000004,-0.005484871606485719,2.321774265894454,5.756528055081723,158,125.7,4.49271738933915,153.9,0.0
3.9844210032372427,3861.0,210.9,-0.011243301831316981,10.525651652651613,5.379014447252392,157,125.7,4.498686000242712,155.2,0.0
3.986677745081345,3863.0,210.86000000000004,-0.016383549833315598,4.062135319384307,5.006429472693076,170,126.1,5.623365685954623,156.2,0.0
3.9890374181988126,3864.0,210.79000000000002,-0.018507054202188136,8.49482322288347,5.403381415097764,173,127.7,6.909169821463573,156.8,0.0
3.992720591340328,3865.0,210.70999999999998,-0.01876918486790062,13.259423309455324,5.488751171823202,173,130.2,7.887229083101589,157.3,0.0
3.9960551335970225,3867.0,210.65,-0.015570216702578642,6.0021760620498465,5.8364206268988745,172,133.0,8.03595185895548,157.4,0.0
3.9991762632532186,3872.0,210.59,-0.011304581823664159,2.2472133524612694,6.015232599527327,170,135.9,7.938781404376383,157.5,0.0
4.002157654635592,3874.0,210.55,-0.00774629566260676,5.366504488272837,5.091554554051074,169,138.7,8.981415581100231,157.8,0.0
4.005197055938484,3876.0,210.56,-0.006086076808654008,5.470922345204903,4.842755024266166,167,141.4,9.35647834857306,158.3,4.0
4.008211539588684,3878.0,210.6,-0.0056094538226119355,5.42607057035991,4.185062140586221,167,144.2,9.203928369991836,158.3,4.0
4.0105246096202345,3880.0,210.64000000000001,-0.004716178690070867,4.1635260567914045,3.3396588000116396,166,146.7,9.279699331059437,157.9,0.0
4.011094545224482,3883.0,210.66,-0.0035367820857269147,0.6839227250970062,3.2952545170626073,164,149.4,9.975298813937158,157.3,0.0
4.011393131236628,3884.0,210.66,7.574206804155242e-05,1.07490964372441,3.4681641818892195,164,152.0,8.959470328649047,156.7,0.0
4.012277681525154,3887.0,210.61999999999998,0.005088986195248983,1.0614603462311245,3.631869626980149,164,153.9,7.980847713552225,156.2,0.0
4.014079026767142,3889.0,210.58,0.010568028551796376,3.24242143557856,3.6560595415963824,164,155.2,7.386104012597054,156.0,0.0
4.0153467475491915,3890.0,210.56,0.013686942197997976,4.563794815378589,3.857978998041581,164,156.2,6.517372237407362,156.4,0.0
4.01719332177506,3892.0,210.6,0.016891780671843062,3.3238336065634,4.133076384053524,165,156.8,6.222246339352405,157.2,0.0
4.020430888440187,3894.0,210.7,0.017924841995235218,5.827619997230525,5.279131761504121,166,157.3,5.16639886526498,158.3,4.0
4.025734769562947,3898.0,210.88000000000002,0.017452210700161386,4.773493010483153,6.079466986392051,168,157.4,4.77625184103646,159.0,4.0
4.03123182490685,3901.0,211.04000000000002,0.01653764241934482,6.596466412684086,6.367112397523435,166,157.5,4.926358013203672,159.7,4.0
4.036406008742157,3904.0,211.21999999999997,0.015867676263953898,6.209020602368079,6.477813306417263,166,157.8,4.896246345754859,160.1,4.0
4.03955513391692,3905.0,211.3,0.012480420827397034,11.336850629147206,6.430041627538701,165,158.3,3.9272520319286928,160.5,4.0
4.041986392608536,3906.0,211.28000000000003,0.006775722540870397,8.752531289818524,6.448176820554711,165,158.3,4.20447256414787,160.8,4.0
4.0453350919527145,3909.0,211.14000000000001,-0.0011975555389628322,4.018439213013422,7.614745852300007,165,157.9,4.428581211618175,161.0,4.0
4.0495286024246235,3912.0,211.01999999999998,-0.010612397970757114,5.032212566290438,7.413031853980544,169,157.3,4.5721151014006205,160.6,4.0
4.053998175666767,3915.0,210.82,-0.019336838521179355,5.363487890572253,7.74345581396408,169,156.7,5.594278261614484,159.9,4.0
4.059509605543061,3919.0,210.61999999999998,-0.027720939552504896,4.9602868886642355,8.076535081933383,167,156.2,6.56294500382143,159.2,4.0
4.0655403417896085,3920.0,210.4,-0.0309085183339327,21.710650487569904,7.324684935000127,166,156.0,6.605113298057072,158.2,4.0
4.071578244421254,3925.0,210.21999999999997,-0.028967857380164958,4.347289894784421,7.783280242792889,164,156.4,8.554084921602836,157.6,0.0
4.078223705472588,3927.0,210.01999999999998,-0.02370124188222823,11.961829892402413,7.708569847127599,162,157.2,8.68137965007799,157.1,0.0
4.08449233193564,3929.0,209.85999999999999,-0.02048981714140261,11.283527633493614,7.623252327100289,162,158.3,8.318623545465524,156.9,0.0
4.088886389156313,3932.0,209.81,-0.016875479540764366,5.272868664807605,7.310718040205595,162,159.0,8.318090418817087,156.5,0.0
4.092960654998789,3933.0,209.86999999999998,-0.013026070619519142,14.667357032913378,7.074999461619113,162,159.7,8.566028889338762,156.2,0.0
4.096823413235637,3937.0,209.95,-0.009130333490375673,3.4764824131636383,5.676921887561975,164,160.1,8.101619275348412,155.7,0.0
4.09791863279727,3938.0,209.96999999999997,-0.005599139676878551,3.9427904218762593,6.421706104360983,165,160.5,8.03067364970006,155.4,0.0
4.098728994264471,3940.0,209.95,0.0008020087548769747,1.4586506409620148,6.200168012530353,165,160.8,8.936308451951025,155.1,0.0
4.100380714409728,3944.0,209.94,0.0101009212355171,1.4865481307309991,8.201662192379047,166,161.0,8.322885465050863,154.4,0.0
4.102525100680111,3946.0,209.92,0.01615937528120712,3.8598952866893614,10.850663450490927,167,160.6,8.307212672137279,153.8,0.0
4.105258364061119,3947.0,209.92,0.018817770607974686,9.839748171627503,10.395662330492486,168,159.9,6.66646449163227,153.3,0.0
4.109390101693541,3949.0,210.02000000000004,0.020425012571421694,7.437127738359506,12.35139984407221,171,159.2,6.391056049812205,152.8,0.0
4.1167735280664965,3950.0,210.28000000000003,0.0232481913724321,26.58033494264034,12.94100712539517,174,158.2,7.108593672859283,152.2,0.0
4.124353029913854,3951.0,210.5,0.024403512900023815,27.2862066504852,12.993689438333117,175,157.6,7.714934009163391,151.7,0.0
4.131006971185341,3954.0,210.68,0.024713290764494966,7.984729525784466,12.926682135845827,174,157.1,7.405118978968922,151.2,0.0
4.136556842903731,3955.0,210.84,0.024578576372545048,19.979538186203957,12.832315485492739,174,156.9,7.72190430389419,151.0,0.0
4.141306589562062,3957.0,210.98000000000002,0.022937495950525712,8.54954398499639,11.888279092666615,174,156.5,7.263992183315582,151.2,0.0
4.143257489769335,3961.0,211.0,0.016636954028668226,1.7558101865452995,11.410095594873841,174,156.2,5.9011645205383285,151.8,0.0
4.144002009025333,3964.0,211.0,0.006164170012574454,0.8934231071981104,8.833290487911349,175,155.7,5.379184418370162,152.8,0.0
4.1449620968013035,3965.0,210.97999999999996,-0.0011349109702703405,3.4563159934941035,5.943908912762657,176,155.4,5.471915240074393,154.5,0.0
4.146229965559863,3968.0,210.94,-0.006404199164254121,1.5214425102714633,5.290273380879227,180,155.1,5.154267343357427,156.0,0.0
4.1483305531000445,3970.0,210.85999999999999,-0.009123225463289761,3.781057572326643,3.1935475620259295,182,154.4,4.985229947830796,157.5,0.0
4.1509742338537485,3972.0,210.77999999999997,-0.011577189273177222,4.758625356666596,2.3764116616744437,183,153.8,4.275038105056932,158.8,4.0
4.1529807086704835,3975.0,210.74,-0.011162504544737918,2.4077697800818494,2.5012651015640315,182,153.3,3.815009888124608,159.9,4.0
4.155381157522135,3978.0,210.71999999999997,-0.013896697649642121,2.880538621981787,2.5054423917544435,181,152.8,4.510830210327944,160.7,4.0
4.157699779859151,3982.0,210.74,-0.016839857996271686,2.086760103314331,2.5411833320279085,181,152.2,4.430740273198111,161.4,4.0
4.15916238630467,3985.0,210.76,-0.01982921986595666,1.755127734623342,2.8529264904978673,180,151.7,4.709546573914162,161.6,4.0
4.160217964868174,3986.0,210.78000000000003,-0.019755091382352197,3.8000828286127657,2.7143218625181946,179,151.2,5.06529913584608,161.7,4.0
4.161501916145363,3990.0,210.71999999999997,-0.020642791560058448,1.1555561494696014,3.23555272399568,178,151.0,5.659022666969639,161.1,4.0
4.163986726205966,3992.0,210.64000000000001,-0.020852044182662517,4.47265810908553,3.216021743658385,177,151.2,5.341036167265671,159.6,4.0
4.166997597250902,3994.0,210.54000000000002,-0.021390124187657403,5.419567880885267,3.269183349053356,176,151.8,5.930308169089929,157.9,4.0
4.169875557015816,3998.0,210.45999999999998,-0.024208229243801248,2.5901637884221045,3.4479924533069934,175,152.8,6.095001465723818,156.1,0.0
4.172918550768469,3999.0,210.34,-0.025171266353546044,10.954777509551327,4.05865664486648,175,154.5,6.201187933187021,154.5,0.0
4.174947958699878,4002.0,210.28000000000003,-0.023946962154198413,2.4352895176902654,4.0770010571910005,173,156.0,6.470311132914778,153.1,0.0
4.176977366631394,4004.0,210.24,-0.020049781249241675,3.6529342767276582,4.267000640748204,174,157.5,5.328485225788199,152.2,0.0
4.179265208869301,4006.0,210.2,-0.016407996324277856,4.118116028234198,4.332184517016637,173,158.8,4.820802716981763,151.5,0.0
4.1815169228912685,4007.0,210.2,-0.011777554032573554,8.106170479080012,4.1739612993952235,172,159.9,4.469734839322016,151.0,0.0
4.183585388863333,4009.0,210.24,-0.010454649877034993,3.7232387497175967,4.117495298037488,170,160.7,3.585627938187676,151.3,0.0
4.185298079917205,4011.0,210.26,-0.008630930000724757,3.0828438969689778,3.4419770540458856,169,161.4,3.3823614275070213,152.4,0.0
4.186626062853379,4012.0,210.26,-0.009467597858736167,4.780738570227109,3.959478858105052,169,161.6,3.095545518882473,153.7,0.0
4.187522035948319,4013.0,210.26,-0.009910495835946564,3.2255031417872515,3.76987451320617,168,161.7,2.4708305216278044,155.2,0.0
4.18845779146122,4015.0,210.21999999999997,-0.00914758002565881,1.6843599232204163,4.171441947504746,167,161.1,2.3114989849124763,156.8,0.0
4.1901156357242,4017.0,210.16,-0.008163899970538348,2.984119673363836,3.7073019886170315,165,159.6,3.073302015201105,158.5,4.0
4.192180387599848,4018.0,210.1,-0.0063044550964139355,7.433106752331742,3.711992291856292,164,157.9,3.131941593003444,160.3,4.0
4.193909298108171,4023.0,210.06,-0.003178320812035544,1.2448155659925677,3.7984438587264386,164,156.1,4.750645639192166,161.9,4.0
4.196024492496226,4024.0,210.04000000000002,0.0003127457813864351,7.614699797000043,3.593221450768277,163,154.5,5.043717152796849,163.3,4.0
4.198445426293512,4027.0,210.06,0.002492186005766797,2.9051205567428866,3.8284540500206092,162,153.1,5.108681012662799,164.4,4.0
4.201209924668785,4030.0,210.14000000000001,0.005912027796290394,3.3173980503274283,3.7843569973650815,159,152.2,5.111218184903943,164.4,4.0
4.204131879814592,4033.0,210.22000000000003,0.00844357506361002,3.5063461749685243,3.5809416412221666,158,151.5,4.9857983550019895,164.1,4.0
4.206547960838169,4037.0,210.28000000000003,0.011847920043943774,2.174472921218835,2.9856120900681287,154,151.0,6.8117678620146505,163.9,4.0
4.207853850033472,4038.0,210.32000000000002,0.016465526793559882,4.701201103094019,4.009233300033287,151,151.3,7.3485041599560335,163.6,4.0
4.208397779419819,4040.0,210.34,0.018227852699083603,0.9790728954252995,3.505591952892312,149,152.4,7.590361661034305,163.3,4.0
4.208767471327202,4042.0,210.32000000000002,0.017901244229681704,0.6654454332887113,3.4499264022174585,146,153.7,7.470305601492886,163.1,4.0
4.209367112170802,4044.0,210.32000000000002,0.01703027739220323,1.0793535184788516,3.4668049720151073,145,155.2,8.090192887364259,162.9,4.0
4.2122626346909,4045.0,210.38000000000002,0.01746585831522445,10.423881072354133,5.915010373077486,145,156.8,6.645267246976978,162.8,4.0
4.215383610270894,4050.0,210.4,0.018637476619917805,2.247102417596039,6.666988006464888,145,158.5,6.6445286780257415,162.8,4.0
4.2181932315601,4055.0,210.42,0.022799310748191533,2.0229273282280307,6.593070650174549,146,160.3,7.637116799621934,163.0,4.0
4.221491424457044,4059.0,210.53000000000003,0.027095330782637855,2.968373607249702,8.512403334487805,146,161.9,7.677437431782677,163.5,4.0
4.228191880076503,4060.0,210.70999999999998,0.02941333722601463,24.12164023005114,9.771663062727509,146,163.3,7.431432714206096,163.9,4.0
4.232919077776855,4062.0,210.89000000000001,0.028374207676138095,8.508955860633508,9.859771319969479,147,164.4,6.0763396619275225,164.5,4.0
4.2382919338506415,4067.0,211.13000000000002,0.02263556619352915,3.868456373126229,8.969007745319555,150,164.4,5.702845141832395,165.1,4.0
4.243417674133666,4068.0,211.33,0.017921497388250624,18.45266501888823,9.674158807395438,151,164.1,5.638355288923028,165.6,4.0
4.246865104070688,4069.0,211.38000000000002,0.013622290300458103,12.410747773276668,10.023881617135094,151,163.9,5.77281939176392,166.1,4.0
4.247971479382661,4071.0,211.34,0.007500475056721033,1.9914755615531485,10.769425354918141,152,163.6,4.71814352537041,166.2,4.0
4.250109916901542,4074.0,211.21999999999997,-0.0011711845895962815,2.56612502265785,8.494752960293065,153,163.3,4.869677157617868,165.9,4.0
4.252913223736601,4075.0,211.06,-0.008385637242792078,10.091904606211115,8.383170959082413,154,163.1,4.891153012688139,165.3,4.0
4.256500489877707,4077.0,210.9,-0.016503183669381975,6.457079053991569,8.392821188637555,156,162.9,4.114596883368069,164.5,4.0
4.259985181087075,4078.0,210.76,-0.022526098795809073,12.544888353722275,7.0554631678715065,157,162.8,4.695299129038743,163.5,4.0
4.265173263285278,4081.0,210.56,-0.023482534782398038,6.225698637843476,6.96787637674637,160,162.8,4.8736869519512265,162.4,4.0
4.273367414113004,4084.0,210.42,-0.02068000447683215,9.832980993270594,8.642488876083348,161,163.0,5.300897429689151,161.0,4.0
4.282222204953649,4090.0,210.32000000000002,-0.015582348670846163,5.31287450438717,9.037640651372312,161,163.5,5.416998211034675,159.7,4.0
4.290385820720991,4094.0,210.28000000000003,-0.01035699057271341,7.347254190608649,8.836488777359651,160,163.9,6.952332515196632,158.5,4.0
4.297537056741921,4096.0,210.3,-0.005704817495967554,12.872224837673151,8.553086970862253,160,164.5,6.358046034433161,157.2,0.0
4.302835406447057,4097.0,210.4,-0.0021114278003692396,19.074058938492765,7.981428558033771,160,165.1,6.651473475497637,156.2,0.0
4.306407598696645,4099.0,210.5,0.0018355288384959267,6.429946049257879,7.740998479838848,160,165.6,6.466014179137749,155.2,0.0
4.31056754366188,4101.0,210.56,0.003503698433078235,7.487900937422048,7.400537224664559,160,166.1,7.243711517505514,154.3,0.0
4.313839991360398,4105.0,210.6,0.005279970507014041,2.945202928666406,7.145558737923129,169,166.2,7.030632445300708,153.7,0.0
4.31669378783875,4107.0,210.61999999999998,0.0059737606696910585,5.136833661032591,6.873776003091237,171,165.9,7.174748275875021,153.6,0.0
4.319146215473055,4110.0,210.61999999999998,0.005624960985654404,2.9429131611664703,6.047688820486817,171,165.3,7.827080499615036,153.9,0.0
4.320622865238803,4111.0,210.6,0.001579037250902433,5.315939156690962,4.608180473708553,171,164.5,6.988863887277114,154.3,0.0
4.321824692032394,4113.0,210.6,-0.0012932679211859288,2.163288228465687,4.487237648002866,163,163.5,6.911725787099589,154.8,0.0
4.32303109262342,4114.0,210.6,-0.0034252704474102115,4.343042127694321,4.050748338197168,158,162.4,5.134548947650953,155.4,0.0
4.3242375809747555,4115.0,210.6,-0.003688119477530334,4.343358064807777,4.442490023015402,159,161.0,5.184496205035908,156.0,0.0
4.3254701298927305,4116.0,210.56,0.0007100447292600731,4.437176104710606,4.725610046589897,160,159.7,5.965112996579987,156.7,0.0
4.32686605825472,4117.0,210.54000000000002,0.006473648105916642,5.025342103162827,5.081358352680175,162,158.5,5.97484971548962,157.6,0.0
4.328497052837962,4119.0,210.51999999999998,0.013861161192241605,2.935790249836328,5.258239958663542,162,157.2,5.641410387352413,158.2,4.0
4.330228775975699,4120.0,210.54000000000002,0.02122207532243382,6.2342032958520255,7.069946442684534,162,156.2,6.13469079703219,158.8,4.0
4.334218255441883,4122.0,210.68,0.02505845624316904,7.181063039130579,7.000885302905003,162,155.2,5.501853328884622,159.0,4.0
4.3387631883913595,4125.0,210.84,0.025853061998311704,5.453919539372196,7.059526896691456,162,154.3,5.729241689227271,159.0,4.0
4.343816441167632,4128.0,211.01999999999998,0.030892443416799746,6.063903331526338,6.789587334241778,161,153.7,5.76825663651786,158.9,4.0
4.348591697690967,4129.0,211.21999999999997,0.03076197210669012,17.190923484007143,6.45518117043248,161,153.6,5.763493017969006,158.4,4.0
4.350970685255549,4132.0,211.32,0.028427052966397186,2.854785077498564,6.201465762456572,161,153.9,5.86198177430121,157.5,0.0
4.351997992221654,4133.0,211.34,0.03509508146180855,3.698305077975251,5.612239254024223,162,154.3,5.542533522258883,156.4,0.0
4.353145768650736,4136.0,211.4,0.032941571637260594,1.3773317148983495,5.010612917647579,161,154.8,4.7748547441665785,154.9,0.0
4.35403659665017,4138.0,211.38000000000002,0.02520261794947858,1.603490398980406,4.359693809669966,163,155.4,4.655730302272794,153.1,0.0
4.354563286109935,4141.0,211.34,0.018698703023651776,0.6320273517175035,3.7019041528573178,165,156.0,4.510343046605126,151.6,0.0
4.355398490479492,4144.0,211.4,0.011337788893459561,1.00224524346834,1.7347055270628633,167,156.7,4.060099915499769,150.7,0.0
4.355982158565074,4145.0,211.42,0.005677199385450485,2.1012051080947756,1.5958958085533907,166,157.6,3.9421727071615735,149.7,0.0
4.356154544158115,4150.0,211.4,-0.0012517579647565787,0.124117626989386,2.465685756786955,163,158.2,3.181960883733987,148.3,0.0
4.356327283069111,4151.0,211.4,-0.010319832723306308,0.6218600795838259,2.688618596687321,162,158.8,3.685219765161932,146.8,0.0
4.356683166851837,4153.0,211.4,-0.011100259412904526,0.6405908089068958,2.7612309580494765,160,159.0,4.377030750379324,145.6,0.0
4.35797029898388,4155.0,211.36000000000004,-0.009494950122866287,2.316837837678181,3.173237964151837,155,159.0,4.258712330631674,145.1,0.0
4.362122778639203,4156.0,211.2,-0.018697230470800838,14.948926759163117,3.435353496846672,154,158.9,4.433114734654691,145.3,0.0
4.367379850652545,4160.0,211.01999999999998,-0.021157968614482377,4.731364812008176,4.1799695247871975,153,158.4,4.055245309364859,146.1,0.0
4.371685839803703,4165.0,210.95999999999998,-0.018797011120836205,3.1003121888333776,5.067282354249917,153,157.5,4.135907394215824,147.4,0.0
4.376490603127855,4168.0,210.9,-0.021542567078450724,5.765715988981409,6.167941856743475,153,156.4,3.877127839513832,148.9,0.0
4.381481116739257,4172.0,210.82,-0.023568156358652288,4.491462250262173,8.698063172610414,153,154.9,3.789147221110125,149.7,0.0
4.384502809878288,4173.0,210.84,-0.02216342871269506,10.878095300512076,9.301848255975393,153,153.1,3.9215651249705865,150.6,0.0
4.387235810285293,4174.0,210.85999999999999,-0.016467396482657996,9.838801465214551,8.944461121293909,152,151.6,4.3731247740186046,151.7,0.0
4.394017676362704,4176.0,210.71999999999997,-0.009721123565485342,12.207358939340708,10.100084503380895,156,150.7,3.885970892289509,152.9,0.0
4.401449348129895,4177.0,210.61999999999998,-0.0060657133755726775,26.754018361885347,10.783267883943584,158,149.7,4.384079784420721,154.0,0.0
4.408403725863554,4180.0,210.6,-0.003539179313572336,8.345253280390628,10.857495456006674,160,148.3,5.247145373043637,154.7,0.0
4.4139890324502495,4182.0,210.58,-0.0022914427636091536,10.05355185605149,11.554653806694834,161,146.8,5.236041447716458,155.0,0.0
4.418371344601792,4183.0,210.6,-0.0026880051476749363,15.776323745554434,10.900421962431547,161,145.6,5.559948720154822,155.3,0.0
4.421054189536501,4184.0,210.67999999999998,-0.003073612330195663,9.658241764951926,11.155239617454646,162,145.1,5.480512041809668,155.5,0.0
4.4241685737579575,4186.0,210.71999999999997,-0.0003280563725811416,5.605891598622159,10.392300883227255,161,145.3,5.4471211367544194,155.1,0.0
4.427109947212524,4187.0,210.7,0.0016975329076204203,10.588944436438693,8.420661233732012,161,146.1,5.44135243634833,154.7,0.0
4.430473840060801,4191.0,210.7,0.003028636169049912,3.0275035634490024,8.25619153898044,165,147.4,5.288625243492303,154.4,0.0
4.433612974066808,4192.0,210.7,0.003938371699719624,11.300882421626584,7.671783659580316,166,148.9,4.758479468769469,154.6,0.0
4.436815980407561,4195.0,210.7,0.0035033151016684574,3.843607608903789,6.617887695812709,170,149.7,5.437795874485971,155.2,0.0
4.438532618527683,4196.0,210.7,-0.00025624854226670364,6.179897232440398,6.207301031495904,173,150.6,4.122262343587816,156.3,0.0
4.440372380583411,4197.0,210.71999999999997,-0.0022763170313395754,6.623143400622543,5.910162924038047,173,151.7,3.2219638644606734,158.2,4.0
4.441543687008754,4198.0,210.73000000000002,-0.004015680359118656,4.216703131235867,5.2225651020502255,174,152.9,3.0651611656510167,160.2,4.0
4.443000455632551,4199.0,210.72999999999996,-0.005811518874122254,5.2443670456681035,5.7419219201235405,172,154.0,2.8303218304071778,161.7,4.0
4.444584437625871,4200.0,210.69,-0.007058046452443674,5.702335175953169,5.023428147826587,173,154.7,3.462671710821455,162.8,4.0
4.446107483719602,4202.0,210.67,-0.005735100884892433,2.741482968714229,5.313635392743224,174,155.0,3.594719642923331,164.1,4.0
4.448322626642855,4204.0,210.63000000000002,-0.005735100884892433,3.987257261855201,4.995624583146202,175,155.3,4.054136005302932,165.3,4.0
4.450711009290714,4205.0,210.6,-0.006646723205005296,8.598177532292903,4.700348560920288,174,155.5,5.44324425259394,166.1,4.0
4.453273082797879,4207.0,210.57999999999998,-0.007118139370647673,4.611732312896435,4.355275792267355,170,155.1,5.945886448898972,166.3,4.0
4.455241483989341,4208.0,210.6,-0.006188329574210204,7.086244289263642,3.9049564370029515,163,154.7,5.4882259997103535,165.8,4.0
4.456086563335471,4209.0,210.6,-0.0021534427364806783,3.042285646068032,3.4404558670715986,155,154.4,5.89983466365088,164.9,4.0
4.4570776688091565,4210.0,210.6,0.0007557239782305962,3.567979705269696,3.424392049850924,153,154.6,6.324191915958345,163.1,4.0
4.457588257821173,4213.0,210.6,0.004512665437844287,0.6127068144194497,3.41961133016341,151,155.2,6.546876860261605,161.2,4.0
4.458118235600649,4217.0,210.60999999999999,0.007592462884129583,0.47698000152884956,3.09095607868665,152,156.3,6.640278735797122,159.6,4.0
4.458687414928754,4220.0,210.63000000000002,0.011730789483708603,0.6830151937262285,3.366952690652076,156,158.2,6.973512793467537,158.4,4.0
4.459307982045179,4221.0,210.65,0.012466611079115633,2.2340416191330443,3.8132216325964046,160,160.2,7.706135637558697,157.4,0.0
4.460244121841532,4222.0,210.67,0.014334646553822303,3.3701032668689757,4.791811543159912,163,161.7,7.398887393859996,156.6,0.0
4.4614658970519905,4223.0,210.68999999999997,0.016910693613888163,4.398390757649739,4.991765915137167,164,162.8,6.203452636071559,156.0,0.0
4.463271532567374,4224.0,210.73999999999995,0.016910693613888163,6.500287855380724,5.728425947113613,162,164.1,5.69589238204377,155.7,0.0
4.466208111614246,4225.0,210.78000000000003,0.012606284676199963,10.571684568739606,6.638389815886849,159,165.3,5.638724939238445,155.8,0.0
4.469616062008089,4226.0,210.82,0.007518437745700689,12.26862141783559,6.871761324170853,159,166.1,5.103492105817849,156.1,0.0
4.472654491021076,4228.0,210.88000000000002,0.002767535190339579,5.469172223375941,6.931971175917047,156,166.3,4.781735865218242,156.7,0.0
4.474878532709722,4229.0,210.88000000000002,-0.0001224396027716939,8.006550079125358,6.725555609984622,153,165.8,4.612375620306414,157.2,0.0
4.477547338959088,4230.0,210.8,-4.087991272457379e-05,9.607702497718286,6.536863301974643,152,164.9,4.726256590688862,157.8,4.0
4.480100284513709,4233.0,210.71999999999997,0.0007450181134572951,3.0635346655450544,6.333904281202143,152,163.1,5.09380722300513,158.4,4.0
4.482599482006557,4236.0,210.63999999999996,0.0026409720048784606,2.9990369914179063,6.881788244829468,154,161.2,4.628618359680419,159.0,4.0
4.483506793660396,4238.0,210.6,0.0050561591978476456,1.633160976911043,7.348764375987036,155,159.6,4.934634305141373,159.5,4.0
4.485172416449223,4240.0,210.64000000000001,0.005118734328336838,2.9981210198879684,8.400355827839775,155,158.4,5.472966199083578,160.0,4.0
4.489182154607212,4243.0,210.76,0.007231371721076249,4.811685789586803,9.865145198991277,152,157.4,5.468428465526203,160.8,4.0
4.493538096545381,4244.0,210.9,0.012716364881128478,15.681390977406078,10.004649037283404,158,156.6,5.785287596159164,162.2,4.0
4.497950223964704,4245.0,211.06,0.017457569182212827,15.883658709562999,10.309357258201391,163,156.0,5.8143481479176815,163.4,4.0
4.501947390711521,4246.0,211.16000000000003,0.020976469302398052,14.3898002885437,11.161008299260725,164,155.7,6.219127548664806,164.2,4.0
4.5075076477379765,4247.0,211.24,0.023043540852593636,20.016925295239524,11.15331029558579,167,155.8,6.164671718090326,165.1,4.0
4.512948065856116,4249.0,211.32000000000002,0.021678022231265845,9.792752612651388,11.14109412826651,171,156.1,5.942094864810995,166.0,4.0
4.517455335234621,4252.0,211.38000000000002,0.016289681286407603,5.408723254206733,11.031544086099597,174,156.7,4.515782779573347,166.9,4.0
4.520498049053393,4253.0,211.4,0.010273887639651792,10.95376974757949,9.97210987260905,174,157.2,3.972265663988929,167.9,3.0
4.521374153328895,4255.0,211.42,0.003589008706698537,1.5769876959033988,8.569445415103019,174,157.8,3.752900158128386,168.9,3.0
4.523080029571417,4257.0,211.42000000000002,-0.003043846712958976,3.0705772365379227,7.12938818238958,172,158.4,3.613942636807695,170.0,3.0
4.525465144554443,4259.0,211.38000000000002,-0.009107669818988362,4.293206969446716,5.227195041407022,169,159.0,4.678663104096669,170.2,3.0
4.527338308602201,4260.0,211.34,-0.015468973228741417,6.743390571929045,4.33529641080414,167,159.5,4.141571875510048,169.4,3.0
4.528468354797226,4261.0,211.3,-0.021587684538950682,4.068166302091142,4.275323963798407,168,160.0,4.062171202596597,168.9,3.0
4.529626119048754,4263.0,211.24,-0.024963529549971337,2.0839756527508677,3.3376900959090996,173,160.8,3.5344530168860984,168.8,3.0
4.530890655773926,4264.0,211.18,-0.0280960716140085,4.552332210619696,3.519657506668627,174,162.2,4.015068060548795,168.8,3.0
4.532355436633824,4266.0,211.11999999999998,-0.029201199953229052,2.6366055478159773,3.4467122032882416,176,163.4,5.5340941396253855,168.3,3.0
4.534110507991149,4267.0,211.06,-0.0245273064154955,6.3182568863703095,3.269234007347117,179,164.2,5.905604517660757,167.6,3.0
4.535519705666441,4269.0,211.01999999999998,-0.01768603534469204,2.536555815526101,3.041026382138777,189,165.1,6.002509013294394,166.8,4.0
4.536559468409933,4270.0,210.98000000000002,-0.010581499576912666,3.7431458765697125,2.9181185461196906,192,166.0,6.773217908975164,166.0,4.0
4.537194656462242,4271.0,210.95999999999998,-0.0010199108488280941,2.2866769883155778,2.9586856356794646,193,166.9,6.85858239674607,165.2,4.0
4.538902862542619,4274.0,211.01999999999998,0.010272963609796664,2.049847296452137,4.153185169323455,192,167.9,5.869637878515912,164.9,4.0
4.5417054396389265,4277.0,211.11999999999998,0.019993760322400085,3.3630925155695715,4.94659068515652,191,168.9,6.666158746929263,164.8,4.0
4.544615657382242,4283.0,211.21999999999997,0.030202610254407992,1.7461306459896597,4.934055434410213,188,170.0,7.144037249700231,164.3,4.0
4.547723564648748,4290.0,211.34,0.037326983672172645,1.5983523084887392,5.487090726955208,184,170.2,8.418517936374133,163.6,4.0
4.551138696702946,4291.0,211.5,0.044681356142479214,12.29447539511387,5.251427825636304,176,169.4,8.965496125926542,162.7,4.0
4.553275070086553,4292.0,211.61999999999998,0.05012497331978496,7.690944180983594,5.106133711294893,164,168.9,7.644613768836427,162.4,4.0
4.555374076395737,4294.0,211.74,0.04898745408064117,3.778211356532167,4.953472950232221,162,168.8,7.970358854684844,162.3,4.0
4.557073924724658,4295.0,211.82,0.044207255602220205,6.119453984112051,4.6506667556600085,162,168.8,7.8877362697723985,162.2,4.0
4.558352819442645,4301.0,211.9,0.047280959185095714,0.7673368307919759,4.5414988549768776,160,168.3,6.955937115287094,161.9,4.0
4.5591329511552665,4306.0,211.95999999999998,0.05122813424269969,0.5616948330877429,4.366431428588492,158,167.6,7.008226042028961,161.2,4.0
4.559794932746873,4311.0,211.97999999999996,0.05139275630082498,0.4766267459562017,2.8683184939130815,155,166.8,6.880103886199611,160.2,4.0
4.560137597223908,4313.0,211.98000000000002,0.05018708666246378,0.6167960586633717,2.0537180210431996,152,166.0,6.222150600551017,158.9,4.0
4.561018583662294,4317.0,212.03999999999996,0.04444328057590369,0.7928877945476251,1.585235099633905,151,165.2,7.046023587203888,157.6,0.0
4.561553264859858,4324.0,212.1,0.03578681158771846,0.2749789016040884,0.8703458677782796,152,164.9,6.241802372587073,156.3,0.0
4.5620932165965495,4328.0,212.13999999999996,0.025884499956189515,0.48595656302263446,0.8213270754885391,147,164.8,5.451944451195684,154.7,0.0
4.562552558536323,4329.0,212.16,0.01600266694225156,1.6536309831857485,0.7577886334380377,143,164.3,6.637824419700775,152.7,0.0
4.563089547231865,4332.0,212.16,0.01417693654108058,0.6443864346499946,0.7287070746388229,140,163.6,6.234011276707579,150.4,0.0
4.563380068747549,4334.0,212.14000000000001,0.014176936541074459,0.5229387282322392,0.7235014283294198,136,162.7,6.247421505540005,148.2,0.0
4.563681668866455,4336.0,212.11999999999998,0.0117983513451963,0.542880214031427,0.6340956679493207,133,162.4,6.269926525720855,146.1,0.0
4.563823143233973,4339.0,212.1,0.007621926345546939,0.16976924102148275,0.6253012315032886,133,162.3,5.8330700987886805,144.7,0.0
4.564358389614278,4344.0,212.1,0.005405443098974858,0.38537739381916614,0.6067323875440234,136,162.2,6.18951689597123,143.6,0.0
4.5647712723979454,4346.0,212.1,0.01551477767652507,0.7431890106004562,0.5633990179128784,138,161.9,6.029924011996059,142.9,0.0
4.564998577748924,4351.0,212.11999999999998,0.030234367863815614,0.16365985270514222,0.5853595719839643,135,161.2,5.475598938236529,142.3,0.0
4.565161195265317,4354.0,212.14000000000001,0.04471480465192559,0.19514101967113054,0.5684819727834702,133,160.2,5.280047103240898,141.6,0.0
4.565454100226877,4358.0,212.16,0.05994972259470055,0.2636144654049887,0.5858442768775627,130,158.9,5.036081919388176,141.2,1.0
4.566230736091962,4361.0,212.21999999999997,0.06029220790505089,0.9319630381011964,0.6125002473339699,129,157.6,3.9429678383863993,141.0,1.0
4.566794624634523,4364.0,212.28000000000003,0.04443261863575406,0.6766662510730453,0.7694311620462473,126,156.3,3.996019014982436,141.0,1.0
4.567126716277598,4368.0,212.32,0.04443261863575406,0.29888247876778146,0.7106404796944159,123,154.7,3.9446185380808862,140.8,1.0
4.567462510450589,4370.0,212.35999999999999,0.03199334736182738,0.604429511384745,0.7002755081243947,119,152.7,4.354496916918505,140.7,1.0
4.567997476684129,4375.0,212.34,0.019398432999481702,0.3851756881480974,0.6774261361388952,115,150.4,4.062778228633416,140.4,1.0
4.568434590054414,4376.0,212.28000000000003,0.029961800045134702,1.5736081330267424,0.6488696431021171,114,148.2,4.045173304955858,140.0,1.0
4.568706650161533,4381.0,212.28000000000003,0.03217938177682691,0.19588327712560477,0.5206213057353398,113,146.1,4.208638600817315,139.5,1.0
4.568916388025422,4389.0,212.26,0.009734017612264915,0.09438203874986985,0.43120582152077064,112,144.7,3.672042186046017,138.9,1.0
4.569006713960825,4397.0,212.24,0.006053118204310509,0.04064667093121106,0.40095921709954496,112,143.6,4.536532259863131,138.3,1.0
4.56923730034519,4404.0,212.28000000000003,0.0013175256976831918,0.11858728338768239,0.3281410572283233,110,142.9,4.968961419256527,137.7,1.0
4.56953210739857,4411.0,212.32000000000002,0.0018798712414285553,0.1516150560239675,0.30473261218976644,112,142.3,4.867277045254366,137.0,1.0
4.569635019959078,4420.0,212.3,0.00885978317483071,0.04116502420341508,0.1348313205246413,110,141.6,4.96490006016131,136.4,1.0
4.569882748651646,4428.0,212.32000000000002,0.0005457315750382622,0.11147791165577556,0.1403733885461266,109,141.2,5.386155346184191,136.0,1.0
4.569985661209971,4437.0,212.34,-0.003396475223510159,0.04116502333002362,0.16967128164483153,109,141.0,5.925338922846715,136.0,1.0
4.570408402906411,4444.0,212.32,-0.002848443451146379,0.21741001531207207,0.19317654175364324,108,141.0,6.273411802874705,136.9,1.0
4.571023327449379,4451.0,212.28000000000003,-0.018701638053677996,0.3162469078120278,0.1983542909501231,107,140.8,6.014752794645395,138.8,1.0
4.571791494614656,4458.0,212.24,-0.03200047049596498,0.3950573992851879,0.21631924901929672,105,140.7,5.80331457423687,141.1,1.0
4.572569895018091,4464.0,212.18,-0.020940189376975876,0.4670402420613572,0.2825260944724085,107,140.4,6.127616937595777,143.8,0.0
4.573318440286197,4472.0,212.13999999999996,-0.023988516917605535,0.33684537064775427,0.3014203879099371,106,140.0,5.131441235680003,146.6,0.0
4.573741968531528,4479.0,212.14000000000001,-0.029462709259404342,0.21781452617024138,0.32755097392597043,105,139.5,5.017595818724614,149.4,0.0
4.5743432394344845,4484.0,212.16,-0.032151750978365014,0.43291505012874354,0.335131975206936,102,138.9,5.7589883733100296,152.2,0.0
4.575097769379156,4487.0,212.18,-0.030674160935519418,0.9054359336060341,0.4473792748461312,103,138.3,6.3747729424400985,155.0,0.0
4.575845087212462,4494.0,212.2,-0.030212710076134852,0.3843348857003426,0.4374361523069009,101,137.7,7.355647726640271,157.8,0.0
4.576054825069406,4496.0,212.2,-0.027864381937738804,0.3775281424989596,0.42926568529191256,98,137.0,7.571520163231034,160.2,4.0
4.57648318059453,4500.0,212.16,-0.03567417057610657,0.3855199726121307,0.5261718871926633,101,136.4,7.828608098931854,161.6,4.0
4.577021215338053,4501.0,212.11999999999998,-0.04023972252321846,1.9369250766829378,0.6148854716446301,101,136.0,8.258629997574962,162.1,4.0
4.577613942238133,4508.0,212.08,-0.048225939566942,0.3048309771838328,0.6157022539250825,99,136.0,8.30731248858343,162.3,4.0
4.5782777697054335,4513.0,212.04000000000002,-0.05156044670865965,0.47795577645615445,0.6075170042473188,104,136.9,8.34957206446442,162.3,4.0
4.57877728703354,4514.0,211.98000000000002,-0.04476375563803743,1.798262381181349,0.6178899360580827,107,138.8,9.408097261823531,162.6,4.0
4.5791458496824005,4515.0,211.95999999999998,-0.027920090613552294,1.3268255358983252,0.6433745972147953,107,141.1,10.237618362717363,163.1,4.0
4.579437093219019,4518.0,211.94,-0.002873825451144646,0.3494922439421172,0.6664846292989511,101,143.8,9.382047484945776,163.9,4.0
4.579729998179933,4520.0,211.94,0.02222178019328257,0.5272289296462053,0.6190502311127917,98,146.6,8.978365281172076,164.7,4.0
4.5799777268518,4523.0,211.98000000000002,0.04174068259325157,0.2972744062395737,0.6195390856443561,99,149.4,8.05862732028089,165.8,4.0
4.580435456421708,4527.0,212.03999999999996,0.04057879982206406,0.41195661291733077,0.6056063552395569,102,152.2,7.086408304499855,167.0,4.0
4.5807440157177375,4530.0,212.1,0.046160736595707096,0.3702711552349538,0.4959918318307347,105,155.0,6.721907619285925,168.3,3.0
4.581304900099031,4533.0,212.16,0.042410376211293566,0.6730612575526014,0.4103387040696086,108,157.8,6.92855704617371,169.7,3.0
4.581523371477349,4538.0,212.2,0.03908030125056636,0.1572993923887359,0.3937302915255766,108,160.2,7.4306879034314495,170.8,3.0
4.581839939809906,4546.0,212.16,0.02623754716876307,0.1424557496503649,0.3853268321070864,108,161.6,6.993828698915064,171.8,3.0
4.582163538040976,4555.0,212.11999999999998,0.019818849602436923,0.1294392924280913,0.3749852061765516,108,162.1,6.911824982737175,171.7,3.0
4.582536921984046,4562.0,212.07999999999998,0.006641332194315755,0.1920260278646234,0.3550690312844092,106,162.3,6.733558172349673,171.0,3.0
4.582865771918341,4568.0,212.04000000000002,-0.014616081293862961,0.19730996057686662,0.32735037155063407,106,162.3,7.132911850448096,170.0,3.0
4.583812866185631,4573.0,211.97999999999996,-0.028776870628121388,0.6819078724488383,0.24565976259297467,106,162.6,6.9951405653651,168.9,3.0
4.584453687581243,4579.0,212.0,-0.030137000051605644,0.3844928373674017,0.27653418492006904,108,163.1,7.4033024533396015,167.5,3.0
4.585245511940019,4586.0,212.01999999999998,-0.016442493571798816,0.40722395594174565,0.30320515478805865,111,163.9,7.699793971779573,166.1,4.0
4.585729066513628,4593.0,212.0,-0.003296006841938263,0.24868520928481913,0.31992328397086284,111,164.7,7.367504995423204,164.5,4.0
4.585976795209526,4603.0,212.01999999999998,0.01944828636440155,0.08918233052323934,0.33619583456191215,109,165.8,6.442888639320726,162.8,4.0
4.586768619574083,4610.0,212.07999999999998,0.03235265367761121,0.4072239589146147,0.3584589516991059,108,167.0,6.100790903809372,161.4,4.0
4.587295257514712,4616.0,212.1,0.0451954077594145,0.31598276437751754,0.34523112070649276,107,168.3,5.916595497073054,159.9,4.0
4.587815325695569,4624.0,212.11999999999998,0.041382432733029016,0.23403068138580238,0.353489359367671,107,169.7,4.794484317996176,159.5,4.0
4.588198267618841,4629.0,212.17999999999998,0.03771628511666505,0.2757181847554896,0.32851687565164156,105,170.8,3.776783638295677,159.6,4.0
4.588687525972672,4635.0,212.2,0.04125498848315282,0.2935550122982133,0.3295039320134002,108,171.8,4.079353528119742,159.8,4.0
4.5889443980411535,4638.0,212.2,0.0377222594660331,0.308246482177606,0.33275975422171894,104,171.7,3.808114852063527,159.6,4.0
4.589204441834162,4641.0,212.2,0.027416087229956247,0.31205255161015294,0.30021154129720945,101,171.0,3.674332791801158,159.4,4.0
4.589403982701261,4649.0,212.2,0.023518615565916647,0.0897933901946686,0.2727124846195095,100,170.0,3.5550555272027315,158.8,4.0
4.589827110697065,4656.0,212.2,0.019308757733825982,0.2176086835566356,0.25300079449512985,98,168.9,4.051323361002789,158.0,4.0
4.590008977314021,4661.0,212.2,0.0048803768590022206,0.13094396420767276,0.23835207053257013,101,167.5,4.628084122023084,157.2,0.0
4.590223919878947,4665.0,212.2,0.0,0.19344830843396327,0.2771792589323625,103,166.1,4.812245779309764,156.1,0.0
4.590545596758312,4672.0,212.2,0.0,0.16543382367305803,0.27382620621929604,102,164.5,5.0869322831259565,155.4,0.0
4.590847196842962,4681.0,212.2,0.0,0.12064003385984168,0.26163560548325215,102,162.8,6.078029603121472,154.7,0.0
4.591211258191903,4687.0,212.2,0.0,0.21843680936453358,0.3752731249232714,105,161.4,7.026045877560518,154.2,0.0
4.591429729584444,4688.0,212.2,0.0,0.786497013148253,0.44742634323898567,104,159.9,6.851294875285933,154.0,0.0
4.591637764639064,4690.0,212.2,0.0,0.37446309831473423,0.4667810251011885,100,159.5,7.0098536916880505,154.4,0.0
4.5920014978820936,4695.0,212.2,0.0,0.26188793498186075,0.5173334118699987,99,159.6,6.74860513142045,154.9,0.0
4.592346975619326,4696.0,212.2,0.0,1.2437198540371246,0.5460273354554763,90,159.8,6.385620532679508,155.7,0.0
4.592617452873903,4697.0,212.2,0.0,0.9737181164795503,0.597876038179955,78,159.6,5.875764406527777,157.0,0.0
4.5928005446843025,4699.0,212.2,0.0,0.3295652587189591,0.6335591138154866,84,159.4,5.5432219451346105,158.3,4.0
4.592994703622114,4700.0,212.2,0.0,0.698972176122065,0.672197595840383,90,158.8,5.460840413347946,159.7,4.0
4.593135938320771,4701.0,212.2,-0.014646683292182003,0.5084449151614421,0.6623465414542158,95,158.0,5.307287563435885,160.6,4.0
4.593335479199647,4702.0,212.2,-0.014646683292182003,0.7183471639533615,0.647107536282879,100,157.2,4.833168589410985,161.3,4.0
4.593515082603474,4703.0,212.2,-0.014646683292182003,0.6465722537784344,0.5336777685253737,100,156.1,3.850519929867713,161.6,4.0
4.593881266240651,4704.0,212.2,-0.014646683292182003,1.3182610938380874,0.4903557281604705,100,155.4,3.4049672638278445,161.6,4.0
4.594163351609771,4707.0,212.16,-0.02533076984929305,0.3385024429429706,0.5017893564980389,96,154.7,3.1130076113401826,161.4,4.0
4.594387214374011,4713.0,212.16,-0.02533076984929305,0.13431765854435535,0.48133836027039373,98,154.2,2.9467162522598667,161.1,4.0
4.594581373319746,4718.0,212.16,-0.03023897343618783,0.13979444092843396,0.4784795859368735,101,154.0,3.4015211604651348,160.7,4.0
4.594949935956662,4720.0,212.16,-0.025403989157363766,0.6634127464495971,0.4708731698501228,102,154.4,3.5172745363001328,160.1,4.0
4.595531538398173,4724.0,212.11999999999998,-0.020531854274412113,0.5234421973604397,0.43370046262003614,105,154.9,3.5145240970217886,159.4,4.0
4.595968651725915,4727.0,212.11999999999998,-0.007462082115913657,0.524535993289969,0.3453639686053331,104,155.7,4.248893431338904,158.9,4.0
4.596373832437998,4731.0,212.1,0.01968412123503113,0.36466264087467926,0.5579690519017154,98,157.0,4.327204984359917,158.6,4.0
4.596881880917615,4735.0,212.11999999999998,0.027587457555824722,0.4572436316552418,0.6671068948515638,97,158.3,4.004101927524322,158.5,4.0
4.597258968408424,4743.0,212.14000000000001,0.0239775187001458,0.16968937086407124,0.6895765283136355,96,159.7,4.466703879419232,158.7,4.0
4.597682496458295,4749.0,212.2,0.017021051501763924,0.2541168299225109,0.7175932936101858,93,160.6,4.471478615201295,159.2,4.0
4.5982381622091895,4750.0,212.26000000000005,0.024122639216396957,2.000396703219419,0.8195686147768211,90,161.3,4.662028113394291,160.0,4.0
4.598523732477613,4751.0,212.3,0.020376458567763465,1.028052966323702,0.8021889378303104,90,161.6,4.316524503264217,160.8,4.0
4.598686349984087,4753.0,212.28000000000003,0.017273718819014815,0.29271151165327847,0.8007507329710715,93,161.6,4.39220836417312,161.4,4.0
4.599540681630906,4757.0,212.24,0.008402875274852855,0.7688984821369106,0.837779062581205,98,161.4,5.057850707178837,161.8,4.0
4.60033172270269,4759.0,212.22000000000003,0.0035307403918900587,1.4238739292119795,0.8244516307312599,99,161.1,5.05998005560753,162.0,4.0
4.60102980544333,4766.0,212.2,-0.014166992729155605,0.35901398090065084,0.801875921893848,99,160.7,4.3983674436065545,162.3,4.0
4.601914092481051,4772.0,212.16,-0.03195804652700186,0.5305722226326273,0.5719181259503812,102,160.1,4.376999576256606,162.6,4.0
4.602631925999309,4774.0,212.14000000000001,-0.03986138284779546,1.292100332864359,0.46430046086456117,103,159.4,4.451588916613547,162.7,4.0
4.602841663861899,4782.0,212.13999999999996,-0.036251443992116536,0.09438203816561903,0.5304876560691902,101,158.9,4.0367649441002005,162.7,4.0
4.603021267296091,4790.0,212.11999999999998,-0.02929497679373466,0.08082154538610663,0.452509085119474,99,158.6,4.097087605894627,162.7,4.0
4.603231331967615,4796.0,212.1,-0.025712477951256647,0.12603880291428798,0.3475885248106637,99,158.5,3.825757564742703,162.8,4.0
4.603479306665186,4802.0,212.1,-0.02196629730262315,0.14878481854208722,0.323253357463111,96,158.7,3.702935233685598,163.4,4.0
4.603788526726289,4803.0,212.1,-0.013955353966979719,1.1131922199701099,0.31033419095634196,97,159.2,3.6143067197516303,164.4,4.0
4.60386223925895,4809.0,212.1,-0.009919494701641827,0.04422751959669628,0.2243451944725734,93,160.0,3.5801539693102127,165.5,4.0
4.6041113452065145,4811.0,212.1,-0.009919494701630687,0.44839070561679817,0.22071396185010603,91,160.8,4.03109715430233,166.8,4.0
4.604245696430198,4817.0,212.1,-0.005291533739083478,0.08061073420965682,0.21578682732502913,94,161.4,4.4482224416148375,168.0,3.0
4.604557042655234,4821.0,212.1,0.0,0.28021160253255056,0.24026353746925988,95,161.8,7.255065076177442,169.2,3.0
4.604720278725235,4829.0,212.1,0.0,0.07345623150077174,0.2581895453366035,95,162.0,9.639387674375453,170.4,3.0
4.60481459497161,4839.0,212.1,0.0,0.033953848694858,0.25874849275698064,95,162.3,11.680097937008153,171.8,3.0
4.604841800983348,4846.0,212.1,0.004476200695324827,0.013991663179468719,0.3994889750146643,98,162.6,12.131832616349351,173.0,3.0
4.604932126918168,4847.0,212.1,0.008450426010424653,0.32517336535476815,0.6855082677019434,99,162.7,12.385223530684032,173.9,3.0
4.60522292814093,4851.0,212.1,0.019598058391942747,0.2617211004857021,0.7475037275642058,95,162.7,13.076293374748392,174.4,3.0
4.6054452307343405,4852.0,212.1,0.029831511560461387,0.8002893362786294,0.9447349145821011,90,162.7,12.610268868800578,174.8,3.0
4.60574476839334,4853.0,212.11999999999998,0.03981517663914595,1.0783355723972685,1.006181868906889,90,162.8,11.90932414653246,175.3,3.0
4.606392739138738,4854.0,212.14000000000001,0.04624143992132847,2.332694683434086,1.2962333451847101,90,163.4,12.05462521607116,175.9,3.0
4.607358544396573,4861.0,212.2,0.04624143992132847,0.4966998468861231,1.3731280879014274,94,164.4,12.69034373956158,176.5,3.0
4.608290027247855,4863.0,212.26,0.03985556754237854,1.6766691323069691,1.5783345907378485,94,165.5,10.021443197036486,177.1,3.0
4.609188353631008,4869.0,212.32000000000002,0.03257248594598582,0.5389958298919069,1.570354271544891,97,166.8,7.7703441242716,177.4,3.0
4.60984702227865,4870.0,212.35999999999999,0.028272357405269854,2.3712071315125005,1.4882551770238286,100,168.0,6.954794899447196,177.6,3.0
4.610224109795348,4872.0,212.35999999999999,0.018764820964193553,0.6787575300546358,1.37032592625382,100,169.2,6.339280816206063,177.4,3.0
4.610795250441769,4873.0,212.32,0.0202360540889682,2.05610632711778,1.0544883399162586,95,170.4,6.251466810152126,176.9,3.0
4.611232745129697,4880.0,212.28000000000003,-0.0004772075376920287,0.22499726807724021,0.9939271346708498,95,171.8,5.665004168700492,176.3,3.0
4.611669687816713,4888.0,212.26,-0.010710660706210674,0.19662420915710618,0.7767977378514171,95,173.0,6.060630849974426,175.7,3.0
4.612220578104427,4894.0,212.23999999999995,-0.025539803211740143,0.33053417262856777,0.7159734991345134,96,173.9,6.574189797186293,175.0,3.0
4.612656566166014,4904.0,212.26,-0.03685236196226846,0.15695570217113192,0.43428726041666127,98,174.4,6.467071139923495,174.0,3.0
4.612850725071822,4909.0,212.21999999999997,-0.05143428684407005,0.1397944121816402,0.4831510026908731,101,174.8,5.496826939281779,173.2,3.0
4.6129410510046265,4912.0,212.21999999999997,-0.0354620330069561,0.10839111936528942,0.2638904093589355,102,175.3,6.030529619341133,172.6,3.0
4.613163441164558,4920.0,212.2,-0.028178951410563386,0.10007557196928711,0.25536520928528755,103,175.9,7.42133420927137,172.1,3.0
4.613519807631963,4929.0,212.18,-0.023878822869847417,0.142546586961836,0.2516177953364919,100,176.5,7.398078588688017,171.5,3.0
4.614405747926508,4931.0,212.11999999999998,-0.027957925131743267,1.5946925301805697,0.2529722140726847,100,177.1,7.401410604528896,170.9,3.0
4.614984811208564,4939.0,212.16,-0.02866204829377799,0.26057847692512526,0.39357977375180625,100,177.4,7.381727200935008,170.6,3.0
4.615360305375708,4947.0,212.16,-0.02431821513871827,0.16897237521473438,0.39733457432868835,100,177.6,7.46006331421516,170.1,3.0
4.615762768173713,4955.0,212.16,-0.0290933582943126,0.18110825910256695,0.4093190162809857,100,177.4,7.344974583833756,169.3,3.0
4.616335261212892,4961.0,212.11999999999998,-0.02424788086746769,0.3434958235068921,0.4180558116854744,96,176.9,7.91926986202022,168.5,3.0
4.616829152055131,4962.0,212.14000000000001,-0.019361585399121896,1.7780070320615569,0.42973707963724106,96,176.3,10.093983654407731,167.9,3.0
4.617119019844422,4970.0,212.11999999999998,-0.00121269992229594,0.13044050518094058,0.4136251731840761,96,175.7,9.869572745768064,167.0,4.0
4.617463908797376,4976.0,212.1,-0.0036470977515419335,0.2069333717722808,0.444958231261446,96,175.0,9.796191509120892,166.0,4.0
4.617554009429932,4978.0,212.1,0.0037924115568855597,0.16218113860002326,0.49733299902025346,99,174.0,8.076501186755124,165.4,4.0
4.617738028624163,4981.0,212.1,0.007698077379302273,0.22082303307756856,0.5590644734242873,96,173.2,7.232732385954468,165.1,4.0
4.618235847695824,4983.0,212.11999999999998,0.028524997359343128,0.896074328990245,0.9143924031150593,94,172.6,7.344357681956319,165.4,4.0
4.619173167316077,4991.0,212.16,0.027739870298462827,0.4217938291138232,0.7948170857193079,96,172.1,7.435743032529724,165.7,4.0
4.620179917569383,4998.0,212.2,0.03296166638854524,0.5177572731289699,0.7861785781421237,97,171.5,8.341656886581628,166.2,4.0
4.621137350259724,5004.0,212.22000000000003,0.03773680954413957,0.5744596142045771,0.7854516984791271,100,170.9,8.031185138121659,166.9,4.0
4.62194227577534,5005.0,212.28000000000003,0.03773680954413957,2.8977318562180385,0.7759827645688204,100,170.6,7.839136123785653,167.6,3.0
4.622422006020607,5012.0,212.3,0.03773680954413957,0.24671841185195909,0.7634537497732722,100,170.1,5.525150123724404,168.3,3.0
4.6224957185407565,5020.0,212.3,0.03416984894911521,0.03317063406692966,0.660910070507659,98,169.3,5.896583540469747,169.1,3.0
4.622584674605154,5022.0,212.3,0.025213125201699965,0.16012091591476935,0.7049155572520839,95,168.5,5.949241071562635,169.8,3.0
4.6226750005381305,5027.0,212.3,0.013871941363530066,0.0650346717431999,0.7324829926650406,96,167.9,7.294572543238692,170.1,3.0
4.622793374274133,5031.0,212.3,0.0030787669599459484,0.10653636240205462,1.2027107042813323,99,167.0,7.081002112235583,170.2,3.0
4.622874992283772,5034.0,212.3,-0.016960776079468803,0.09794161156608801,0.9665931349983286,94,166.0,7.40047932739606,169.8,3.0
4.62321441620372,5035.0,212.28000000000003,-0.029787782728909744,1.2219261118137261,1.0726564230504376,93,165.4,7.49436921658462,168.7,3.0
4.6242800148984315,5038.0,212.22000000000003,-0.03798091866329829,1.2787184336531052,1.2329572527440504,97,165.1,6.521089019887151,167.4,4.0
4.626217530698244,5039.0,212.08,-0.04504053409964716,6.9750568793265195,1.4965950033605486,98,165.4,6.811933776656933,166.2,4.0
4.629308269418557,5044.0,211.88000000000002,-0.0501618782151913,2.2253318786251275,1.9955478092353238,98,165.7,6.745647993634724,165.1,4.0
4.633503933991842,5051.0,211.64000000000001,-0.053788286869798266,2.157770351975471,2.110082627580604,100,166.2,6.522675461380248,164.0,4.0
4.637873731120388,5057.0,211.4,-0.05665703983126967,2.621878277127331,2.7657850288726045,102,166.9,6.444261371761785,162.9,4.0
4.642911328045968,5061.0,211.18,-0.05732904787790386,4.533837233021621,2.821603000909774,105,167.6,5.904617492451483,161.8,4.0
4.646704621177641,5063.0,211.01999999999998,-0.05539527836518397,6.827927637011288,3.059621454752801,105,168.3,4.902048395844117,160.8,4.0
4.64984843609599,5069.0,210.91000000000003,-0.049731427212693066,1.886288951009391,2.6667891614877943,108,169.1,4.898690865410167,159.7,4.0
4.652167805429063,5070.0,210.83,-0.042118499292721254,8.349729599063142,2.5679767649756386,109,169.8,4.436837915672345,158.7,4.0
4.654377586773502,5074.0,210.76999999999998,-0.03324770086023976,1.988803209994829,2.456162649113664,113,170.1,4.017512522264688,158.4,4.0
4.655521813221337,5075.0,210.72999999999996,-0.026763836025927145,4.1192152122045895,2.3380885554269817,115,170.2,3.9239442008006735,158.5,4.0
4.656550571035608,5077.0,210.70999999999998,-0.023354637398844143,1.8517640656890564,2.3658858937568406,119,169.8,3.5127475716108947,158.7,4.0
4.657194950870201,5081.0,210.7,-0.021852524797610004,0.5799418511335663,2.3116044798445645,121,168.7,3.1396308316309622,158.9,4.0
4.657729247184655,5087.0,210.7,-0.021786334725468332,0.3205777886723575,2.274191166417773,119,167.4,2.874300526796584,159.3,4.0
4.658199915389455,5090.0,210.67999999999998,-0.024112354832494975,0.5648018457603763,1.7253532534573535,115,166.2,2.852734099948563,159.7,4.0
4.659255771785923,5091.0,210.63999999999996,-0.024961759049287713,3.801083027286738,1.7834901883164882,108,165.1,2.743477208352951,159.7,4.0
4.660786487432638,5092.0,210.6,-0.02461088764723013,5.510576328175526,1.5399079558983328,104,164.0,2.463536802350655,159.4,4.0
4.662283388708131,5097.0,210.56,-0.025092553665646965,1.07776891835455,1.4445574150388265,106,162.9,2.3624662177078437,159.0,4.0
4.663868699452908,5101.0,210.5,-0.026267917211431034,1.4267796702993252,1.4653190991829317,109,161.8,2.425064535100008,159.0,4.0
4.665335239581391,5103.0,210.45999999999998,-0.02831019979856996,2.639772231269442,1.732233110183822,110,160.8,3.528095108128634,159.2,4.0
4.6665738832096215,5107.0,210.44,-0.028851260013705204,1.1147792654074555,1.8091480362672399,109,159.7,4.064783784137855,159.3,4.0
4.667785836251344,5113.0,210.42,-0.027787562556606953,0.727171825033662,1.5307387675642103,111,158.7,4.252001963332647,159.3,4.0
4.66874502229947,5117.0,210.4,-0.02699528201996796,0.8632674433137241,1.1420040179767337,120,158.4,4.077281535938515,159.3,4.0
4.669755154421315,5118.0,210.38000000000002,-0.02640891169698506,3.636475638642366,1.2648680946866198,126,158.5,4.279048138506298,159.2,4.0
4.670568242067941,5120.0,210.36000000000004,-0.02121413862848701,1.4635577639273964,1.3627876045537914,129,158.7,3.814118359992336,159.0,4.0
4.670983752207524,5124.0,210.34,-0.017887986246562865,0.37395912562511785,1.2023979131495244,129,158.9,4.443518887826346,159.4,4.0
4.671393772014996,5126.0,210.32,-0.019396953500510062,0.7380356534497907,1.2086049859231403,121,159.3,4.812171125303791,160.1,4.0
4.672076352779767,5127.0,210.3,-0.019069219572256983,2.457290753173896,1.2966695074150174,109,159.7,4.709814253989757,160.8,4.0
4.672756279634896,5128.0,210.3,-0.01718372287941628,2.4477366784666548,1.3114188463357284,106,159.7,4.601693495174759,161.1,4.0
4.673067040862143,5130.0,210.3,-0.015141440292284319,0.5593702090434669,1.2850876647953409,101,159.4,3.800451177865753,161.3,4.0
4.673648643316174,5132.0,210.28000000000003,-0.012891108977066851,1.0468844172561176,1.4345560169168796,96,159.0,3.2541920925015653,161.4,4.0
4.674511128954563,5134.0,210.26999999999998,-0.007628299350957246,1.5524741491009348,1.869010587105955,94,159.0,3.2617212576683934,161.8,4.0
4.675467127709237,5138.0,210.27000000000004,-0.002803911470391742,0.8603988792062056,2.204408437016652,94,159.2,4.212137720819977,162.4,4.0
4.676209168821354,5139.0,210.26999999999998,0.00016993678909064703,2.671348003622074,2.1861244948476872,97,159.3,4.361532555568106,163.2,4.0
4.676966192944692,5140.0,210.27000000000004,0.00016993678909064703,2.7252868440163076,2.28922469903248,102,159.3,4.794993712137645,164.4,4.0
4.678242808597897,5141.0,210.3,0.002009606007271592,4.59581635153711,3.239962772448684,113,159.3,5.107041022986511,165.4,4.0
4.679273278806218,5142.0,210.33,0.009266030571276711,3.7096927499555363,4.014879134017342,123,159.2,4.749956104819413,166.5,4.0
4.680234067426684,5144.0,210.33,0.014001021639938573,1.7294195168383064,4.694537956094791,126,159.0,5.120300560973608,167.3,4.0
4.681769236860801,5146.0,210.33,0.01770425532183586,2.7633049814105113,4.918351801825861,128,159.4,5.492364395883954,168.1,3.0
4.684277425015509,5147.0,210.37000000000003,0.01905901519004073,9.029477356945574,5.26315960172815,129,160.1,5.4642026122633895,168.8,3.0
4.68866789121158,5149.0,210.45999999999998,0.017745116872587792,7.902839152927422,5.136859103016084,130,160.8,5.728198268574038,169.5,3.0
4.69298388062269,5151.0,210.54000000000002,0.011326958351468514,7.768780939998373,5.280306585968009,130,161.1,6.0312523157644105,169.7,3.0
4.6962720263244995,5155.0,210.64000000000001,0.005121896587216971,2.959331131628086,5.658402732572194,131,161.3,4.732041005393546,169.9,3.0
4.697952208061624,5156.0,210.68,0.002256687129682112,6.048654253646798,6.775961605843689,132,161.4,4.6980674618399405,169.9,3.0
4.6987557251195335,5158.0,210.64000000000001,0.0017192672266184502,1.4463307042370768,6.938540512053076,130,161.8,4.621693995592161,169.6,3.0
4.702070759712145,5160.0,210.52000000000004,0.002885622316139096,5.967062266699933,7.535095919118815,133,162.4,3.748578701715216,169.4,3.0
4.706276705700028,5162.0,210.38000000000002,0.004725925100503374,7.570702778189825,8.856585718952903,130,163.2,3.820137735908486,169.1,3.0
4.709759595115368,5163.0,210.28000000000003,0.008138437977132392,12.538401895223329,8.520549810117268,128,164.4,3.713843464786025,169.1,3.0
4.7122129930243135,5165.0,210.26,0.010515020303735419,4.416116236102327,9.331218643411518,125,165.4,4.070437237424185,169.2,3.0
4.716345252771055,5166.0,210.38000000000002,0.013152343965708732,14.876135088269951,10.459262818270359,124,166.5,4.222109434078787,169.1,3.0
4.7219408194342884,5167.0,210.62000000000003,0.01560419111754099,20.144039987641197,10.751197145829597,124,167.3,4.378167955114238,169.1,3.0
4.727885342970239,5172.0,210.88000000000002,0.017608715440179577,4.280056945884929,10.430840558020586,124,168.1,4.40127278825844,169.33333333333334,3.0
4.7334868743158465,5174.0,211.1,0.01933711573678302,10.082756422092588,9.885159142291268,123,168.8,5.670227090710135,169.375,3.0
4.737872044934727,5175.0,211.24,0.018139829371207655,15.786614227971892,8.765350911897645,124,169.5,5.719593610688023,169.42857142857142,3.0
4.738951838745864,5176.0,211.28000000000003,0.015703062681458022,3.887257720092047,9.101215612505367,124,169.7,5.892258484118585,169.5,3.0
4.740475971893874,5178.0,211.21999999999997,0.0071236159444179,2.7434396664176877,8.058646931104967,125,169.9,5.886524212266488,,-1.0
4.742462011257321,5181.0,211.13999999999996,-0.003969959806444176,2.3832472361363424,6.368960641362569,124,169.9,5.988384716598501,,-1.0
4.744829001589938,5185.0,211.01999999999998,-0.014107945247053352,2.130291299355427,6.082685187482905,123,169.6,5.940080091130355,,-1.0
4.747363958332534,5186.0,210.94,-0.020813969891290716,9.125844273347079,5.461483545198327,123,169.4,5.246222869693891,,-1.0
4.750876753904753,5188.0,210.8,-0.024197777693095703,6.323032029992954,4.185431472514108,126,169.1,4.982497748550802,,-1.0
4.754208973411684,5190.0,210.66,-0.022332087135650287,5.997995112476676,4.157638596830134,129,169.1,4.696259004980375,,-1.0
4.757423834878916,5195.0,210.56,-0.016116925866297066,2.314700256407236,5.353244453024185,129,169.2,4.3109318417674505,,-1.0
4.760384984943234,5197.0,210.54000000000002,-0.008714128267215385,5.330070115770837,6.752746639786257,127,169.1,3.060976622365271,,-1.0
4.762991260600676,5199.0,210.56,-0.0013202532432268987,4.691296183395216,7.824338279341643,127,169.1,2.9827690997285536,,-1.0
4.766280380458282,5202.0,210.66,0.0051143340305559795,3.946943829127657,8.10486234887255,124,169.33333333333334,2.570881851557742,,-1.0
4.770166557270375,5203.0,210.8,0.011128095665635806,13.990236523536792,8.07978639226429,129,169.375,2.556724016621016,,-1.0
4.7744002485457155,5204.0,210.95999999999998,0.012515544036949499,15.241288591225848,9.144046553256269,140,169.42857142857142,2.3577671584585187,,-1.0
4.777708827411198,5205.0,211.08,0.010714574952971897,11.910883915735596,9.503238623107915,148,169.5,2.2575064581369477,,-1.0
4.78065690297561,5206.0,211.22000000000003,0.005850286344807652,10.613072031885974,9.334641157126402,151,,,,
4.782143382832333,5207.0,211.24,-0.0014151739913015383,5.351327484201995,9.33319154038146,155,,,,
4.786705698632255,5208.0,211.06000000000003,-0.008839621054207237,16.424336879715153,9.887967291518226,157,,,,
4.793444951889072,5212.0,210.82,-0.01380232067641467,6.065327931135521,8.728896316243702,156,,,,
4.800842727530658,5219.0,210.58,-0.018203662447344133,3.804570329958613,7.592430066284672,155,,,,
4.808410791133535,5224.0,210.3,-0.020336042960401732,5.449005794071211,6.904996108533898,152,,,,
4.814467979276816,5226.0,210.11999999999998,-0.022338567965570676,10.902938657904864,6.006640420933012,151,,,,
4.816596841316069,5228.0,210.1,-0.019961885070697395,3.8319516706556858,5.739405634654379,155,,,,
4.818112136438363,5229.0,210.11999999999998,-0.012456642002618321,5.455062440257632,4.839542258615714,159,,,,
4.819768649467859,5230.0,210.16,-0.004727013861729812,5.963446906183883,4.522149863623602,161,,,,
4.821373444701183,5233.0,210.2,0.0029395541819738176,1.9257542799890626,4.785019539169888,161,,,,
4.82337350178756,5236.0,210.26,0.011344158324289122,2.4000685036524216,4.8743040056396945,161,,,,
4.825002907937238,5237.0,210.32,0.016478368895316824,5.865862138840901,4.031525375602708,162,,,,
4.826806122677946,5240.0,210.36000000000004,0.016352753807146618,2.1638576888503223,4.338191670015297,157,,,,
4.828279909358955,5241.0,210.4,0.014180342101195712,5.305632051630732,4.544514134231229,156,,,,
4.829709878558838,5242.0,210.44,0.009037671569257109,5.147889119583087,4.602887799311811,155,,,,
4.83038376495864,5244.0,210.45999999999998,0.001498252685027414,1.212995519643194,5.410899546953919,156,,,,
4.832218253012209,5245.0,210.44,-0.007765346236094162,6.604156992847455,6.139551279748541,155,,,,
4.836493891298298,5247.0,210.38000000000002,-0.017342286666290195,7.696148914960683,5.992604496818799,155,,,,
4.842659546134972,5250.0,210.21999999999997,-0.028701526671931692,7.398785804008336,7.576753195495543,155,,,,
4.8494080938472655,5252.0,209.95999999999998,-0.03484018767692916,12.147385882127704,7.569233179805977,155,,,,
4.856122947139333,5254.0,209.68,-0.036587607211501505,12.086735925721879,7.154317243818352,156,,,,
4.861362568040331,5257.0,209.42,-0.035401532875868905,6.287545081197312,7.14995052111521,160,,,,
4.867377449685972,5258.0,209.01999999999998,-0.030982752740926444,21.653573924307977,7.466752791111736,161,,,,
4.871032215983963,5260.0,208.84,-0.021825611203911254,6.578579336382274,7.118954501811063,164,,,,
4.873143782752655,5265.0,208.84,-0.012884011586109833,1.5203280734584323,7.2810001775915865,166,,,,
4.87515655650792,5271.0,208.92,-0.0025554996744061435,1.207664253158803,8.902595847363838,163,,,,
4.87767976253516,5272.0,209.08,0.008293048010091562,9.08354169806422,8.731142148899565,162,,,,
4.881918724722739,5277.0,209.42,0.018868338713753655,3.052052775057172,8.977768534690856,159,,,,
4.885635018915809,5279.0,209.66,0.03236606791944689,6.689329547524826,7.835321640321749,159,,,,
4.89152494500043,5280.0,209.88000000000002,0.04036191022688716,21.20373390463736,7.718542945250526,158,,,,
4.8981388406190085,5284.0,210.11999999999998,0.04333803959523483,5.952506056720243,8.544097151425659,158,,,,
4.906653864441316,5289.0,210.38000000000002,0.04183875868444907,6.130817152061459,9.199102159483227,156,,,,
4.915397351306746,5295.0,210.64000000000001,0.036202882987298984,5.246092119257903,8.88131493122731,154,,,,
4.9228338692032105,5302.0,210.85999999999999,0.026546204891584158,3.824494918181621,9.155410812559404,157,,,,
4.927664816038726,5304.0,211.01999999999998,0.018948366115794393,8.695704303929213,8.563187704425518,156,,,,
4.929684557043227,5305.0,211.04000000000002,0.011438673356020668,7.271067616199893,6.650444979226902,157,,,,
4.933009774485515,5307.0,210.95999999999998,0.007036702492029953,5.985391396119521,5.895948553419002,157,,,,
4.936465277832354,5309.0,210.88000000000002,0.0013759363650816332,6.219906024309857,5.76334602271702,157,,,,
4.939396122751435,5314.0,210.8,-0.005087016248911619,2.1102083417387445,5.251750600215118,155,,,,
4.941500416439453,5315.0,210.71999999999997,-0.01091944472925443,7.575457276864815,4.96611549656262,155,,,,
4.941907474792252,5317.0,210.71999999999997,-0.015606186180525936,0.7327050350385812,4.140287252785771,153,,,,
4.943868065172559,5318.0,210.7,-0.020109511454080596,7.0581253691037835,3.601147657016999,153,,,,
4.946167635341546,5322.0,210.66,-0.020605737304056126,2.0696131520882313,4.157648469297695,151,,,,
4.947353258098721,5324.0,210.61999999999998,-0.019993810770142218,2.134120962915309,4.018914483565414,150,,,,
4.9491241312944885,5328.0,210.58,-0.018936899202787714,1.5937858761905719,4.270155656104328,150,,,,
4.952091670679907,5332.0,210.48000000000002,-0.01641937333539436,2.670785446876654,4.641588057228689,152,,,,
4.955687113629394,5333.0,210.42000000000002,-0.015665878610184137,12.943594618152881,5.242149044722389,152,,,,
4.958697672881067,5335.0,210.38000000000002,-0.013177447513986007,5.419006653011538,5.017186032558524,151,,,,
4.962779565671816,5338.0,210.34,-0.0095865172616725,4.898271348899242,5.6765474686870085,150,,,,
4.9658720609207565,5339.0,210.32000000000002,-0.004687823160453472,11.132982896184,5.89927316397683,150,,,,
4.967724822128055,5340.0,210.34,-0.00048450881297185214,6.66994034627417,6.042170400748978,151,,,,
4.969879411223646,5342.0,210.38000000000002,0.006430050641759744,3.878260372064105,6.3613975478127855,155,,,,
4.9720911704376265,5343.0,210.42,0.008754069419506022,7.96233317033081,5.325560849546762,157,,,,
4.974191755953878,5345.0,210.48000000000002,0.008708422509621973,3.781053929254201,4.870872045673313,160,,,,
4.975667117371002,5347.0,210.51999999999998,0.006733970331451028,2.6556505508226054,4.5486797530646985,167,,,,
4.977156566661045,5348.0,210.56,0.004060979909756748,5.362017444154233,3.672851046235556,167,,,,
4.977580270979625,5349.0,210.56,0.00024950820977080284,1.5253355468870853,3.4178713791719146,167,,,,
4.978055523153163,5354.0,210.54000000000002,-0.0037635444092190885,0.34218156494717483,3.0928574391193058,164,,,,
4.978826407915553,5356.0,210.5,-0.006540966140132833,1.3875925723017657,2.3932554927538665,161,,,,
4.980099693407131,5358.0,210.46000000000004,-0.011292980044786844,2.291913884840596,2.1617674387723067,158,,,,
4.9813878254180946,5359.0,210.42000000000002,-0.015342192770392806,4.637275239467631,2.7788901131588575,158,,,,
4.982510160180115,5363.0,210.38000000000002,-0.024820293271395955,1.0101012858186285,2.7323423959329958,157,,,,
4.983463039734439,5365.0,210.35999999999999,-0.029423955372223275,1.7151831977841145,4.243137002496324,158,,,,
4.9858938603589955,5369.0,210.32,-0.02899522044076259,2.187738562100924,4.528217190413335,154,,,,
4.988747660596137,5370.0,210.28000000000003,-0.024946176667949713,10.27368085370889,4.600665195720463,152,,,,
4.993704671614618,5373.0,210.1,-0.019938629121372804,5.948413222177623,4.629661802971389,150,,,,
4.9986247760615,5374.0,209.95999999999998,-0.01153557113324546,17.712376008774307,4.570304324381,149,,,,
5.002261327951493,5378.0,209.92,-0.003537211472924709,3.272896700994006,6.517296078252279,148,,,,
5.00452491814145,5382.0,209.94,0.0003083158444922799,2.0372311709612596,7.136054962379108,147,,,,
5.007099679927285,5386.0,210.0,0.0036983211147435316,2.317285607252037,7.460355462124106,149,,,,
5.0117983979001295,5391.0,210.2,0.004692902654404676,3.3830769404481047,7.503196297431771,151,,,,
5.017151119110114,5392.0,210.4,0.009621868274024203,19.269796355945243,8.239083247013799,152,,,,
5.021085866986335,5394.0,210.5,0.011588954857528188,7.08254617719793,6.900660369179365,161,,,,
5.023644930082382,5396.0,210.56,0.009903435623162449,4.606313572883645,6.904897856492947,165,,,,
5.026165241265241,5397.0,210.54000000000002,0.006509755761756181,9.073120258294708,7.89947586118423,165,,,,
5.029539487398822,5398.0,210.48000000000002,0.0042233806910334905,12.147286080891343,7.939432654856171,165,,,,
5.033165175848713,5402.0,210.4,-0.00043364077784592835,3.263119604901494,7.685439684446804,165,,,,
5.036793521417025,5406.0,210.32,-0.001574764396000243,3.2655110114816495,6.272493300822097,165,,,,
5.040116608191171,5407.0,210.24,0.0003827874550104644,11.963112386923187,5.879928656140371,165,,,,
5.0416279925960925,5409.0,210.21999999999997,0.0029867665586541243,2.720491928859452,5.811160553859321,165,,,,
5.042140786909805,5411.0,210.24,0.0062707144060539744,0.9230297646822969,5.979275524669434,165,,,,
5.045317934594894,5413.0,210.35999999999999,0.009755156482666777,5.7188658331595175,4.911217240328788,163,,,,
5.049037491235167,5417.0,210.48000000000002,0.009880312945325353,3.347600976246644,5.099525280989686,161,,,,
5.052338670438326,5420.0,210.58,0.010166147187498701,3.961415043789976,5.134726499797726,162,,,,
5.055232493017966,5421.0,210.64000000000001,0.011413965139940082,10.417761286703637,4.340685111671437,163,,,,
5.056566265865429,5424.0,210.68,0.011365909112355481,1.6005274169562322,4.86336159336026,162,,,,
5.057893614734145,5425.0,210.61999999999998,0.009294786932185625,4.778455927376082,5.00330058942241,162,,,,
5.059827097824248,5427.0,210.56,0.00352614628364417,3.480269562184357,5.288762169351339,163,,,,
5.0621590706540935,5429.0,210.51999999999998,-0.004615617436777544,4.197551093722491,5.324335619586777,163,,,,
5.064527824650084,5430.0,210.5,-0.011488956959309207,8.527514385566187,6.722341142230379,164,,,,
5.066031662424422,5432.0,210.45999999999998,-0.016700398980686076,2.7069079938071336,6.041785655118697,165,,,,
5.06880693203846,5433.0,210.42,-0.018754485880603102,9.990970610538758,6.314277856336832,165,,,,
5.073816497360351,5437.0,210.32,-0.01594541585535273,4.508608789701885,6.097527993720565,166,,,,
5.0791817079396315,5438.0,210.24,-0.010281749437489184,19.314758085409547,6.893514668337167,166,,,,
5.084153815138597,5442.0,210.16,-0.005829629218962515,4.474896479068933,6.708389011795262,169,,,,
5.086673149487265,5444.0,210.15,-0.0017665645821929588,4.534801827600996,6.961436244986993,168,,,,
5.088297517800474,5446.0,210.16,0.0018993533133953057,2.9238629637771876,7.717761354016614,167,,,,
5.09142452972988,5447.0,210.26,0.004543101822050187,11.25724294586201,6.9966155345150725,168,,,,
5.094295030246095,5452.0,210.34,0.007832153223833602,2.066760371674443,7.028491996924875,164,,,,
5.097064105993681,5453.0,210.42000000000002,0.010364004553995802,9.968672691309301,5.381217108253256,161,,,,
5.099628058835683,5454.0,210.47000000000003,0.013598684632304497,9.230230231207294,5.5395949699549405,159,,,,
5.100968729241649,5457.0,210.5,0.015382000310460983,1.6088044871595342,6.472111083106903,157,,,,
5.102006848071629,5458.0,210.5,0.01796904923970866,3.7372277879266385,6.528854895620135,156,,,,
5.1032926728140655,5461.0,210.5,0.01965952198686082,1.5429896909231795,6.253914706786702,155,,,,
5.106056211176798,5463.0,210.51999999999998,0.021460531369032133,4.974369052918478,6.803960536737142,155,,,,
5.109484258327643,5464.0,210.56,0.02078294399202452,12.340969743041802,6.163664612141316,155,,,,
5.112841180719725,5468.0,210.64000000000001,0.020603604965654283,3.021230152873517,6.424352713956923,155,,,,
5.117242763866664,5470.0,210.78000000000003,0.019288456271660488,7.92284966448993,6.466818337087659,155,,,,
5.121131410793593,5472.0,210.92,0.017659744911169624,6.999564468472216,6.439088968113701,154,,,,
5.1241649924684545,5475.0,211.0,0.016748776091058647,3.6402980098336206,6.5197729194983625,151,,,,
5.1273605796447415,5476.0,211.06,0.016003519108114005,11.50411383463378,6.1031376603746015,150,,,,
5.130136904589277,5481.0,211.06,0.01452755262866855,1.998953960065434,5.1413501748175685,151,,,,
5.132186677701743,5483.0,211.01999999999998,0.010800475546300533,3.6895916024380977,4.943062661319514,155,,,,
5.133591053954101,5485.0,211.0,0.0035884134333645373,2.5278772542452237,4.632988523292501,158,,,,
5.134579879805487,5487.0,211.0,-0.006483282015060129,1.7798865324951993,4.068297071216986,159,,,,
5.135875485906075,5488.0,211.0,-0.013764245152947968,4.664181962118759,3.856533443706719,160,,,,
5.137400474017688,5491.0,210.98000000000002,-0.020510107826362468,1.8299857339356693,2.920719715621393,161,,,,
5.139197412103192,5492.0,210.92,-0.02367325119656401,6.468977107813253,3.3063767037397485,161,,,,
5.142665652599606,5497.0,210.78000000000003,-0.024493649370433974,2.497133157418643,3.822844361400972,161,,,,
5.146767362477026,5503.0,210.66,-0.02442372811185784,2.4610259264516743,3.672364346594641,160,,,,
5.15110291314409,5507.0,210.54000000000002,-0.025347114725139213,3.9019956003579117,3.8047010560848307,156,,,,
5.155009325796504,5509.0,210.45999999999998,-0.02636437862135017,7.031542774344886,3.4659985425760054,157,,,,
5.1579559095338965,5510.0,210.4,-0.02665429582049248,10.60770145461202,3.5573736067655495,157,,,,
5.159450012930306,5514.0,210.38000000000002,-0.025479851035822572,1.3446930567687194,3.3697273961546914,158,,,,
5.160428876978285,5515.0,210.36000000000004,-0.019476905569870348,3.5239105727253612,3.3326297803300213,158,,,,
5.161166783402636,5518.0,210.34,-0.013909917033151689,0.8854877092204521,3.5450835566304386,155,,,,
5.161899174119982,5519.0,210.32,-0.008447947202642485,2.636606582445313,4.147745692817024,152,,,,
5.162977280109091,5520.0,210.3,-0.002332848194338997,3.881181560793328,3.7932967444174124,150,,,,
5.164325052586909,5523.0,210.31000000000003,0.0047906531418754495,1.6173269733815827,4.662011591158868,146,,,,
5.1664279442341625,5525.0,210.33,0.011791927265595222,3.7852049650562867,5.7150243469228466,142,,,,
5.168766164259395,5526.0,210.35,0.016667659704493753,8.417592090838085,5.837536858150981,141,,,,
5.171166168656121,5530.0,210.43,0.0216662862001538,2.16000395705394,6.280557621645765,148,,,,
5.175496388204989,5531.0,210.57000000000002,0.025430246665597102,15.58879037592413,6.272948288977588,147,,,,
5.181038248728877,5533.0,210.76,0.028636230060649377,9.975348942997874,6.354279109135747,144,,,,
5.184830327972714,5537.0,210.88000000000002,0.02879318986579891,3.4128713194535725,6.3849123497735985,143,,,,
5.188267461667384,5540.0,211.0,0.03146454158116482,4.124560433604096,6.245248610198525,143,,,,
5.191849594609872,5547.0,211.07999999999998,0.03486515143617368,1.8422397989937789,5.696076507937788,147,,,,
5.193820301560006,5549.0,211.14000000000001,0.035548254333012175,3.547272510240843,6.44388992788698,152,,,,
5.194686768209628,5551.0,211.16,0.03219034040112578,1.5596399693206926,4.943304793555423,154,,,,
5.1965683790733745,5554.0,211.24,0.026030113838940848,2.2579330364960213,3.895391155883396,155,,,,
5.1991651576930495,5557.0,211.32,0.02316013831142346,3.116134343609732,3.68527153831849,156,,,,
5.20165214880811,5558.0,211.38000000000002,0.02107611168502922,8.95316801421896,3.3582750709142752,156,,,,
5.2030040682897445,5560.0,211.4,0.02105211461389051,2.4334550669425905,3.954532522223456,156,,,,
5.203274169443002,5561.0,211.4,0.021566495180143523,0.9723641517264366,3.962170982871517,155,,,,
5.203786626201713,5562.0,211.42,0.019327476290851412,1.844844331357007,4.344599258921191,155,,,,
5.204773385691249,5564.0,211.45999999999998,0.012291325047689112,1.776167081165712,5.5649374468752075,154,,,,
5.207041646414343,5565.0,211.51999999999998,0.004179177000996886,8.165738603136548,5.933261860157019,154,,,,
5.209745952987265,5567.0,211.57999999999998,-0.004439547483903426,4.867751831259603,5.29664070937544,155,,,,
5.213164732761219,5569.0,211.53999999999996,-0.010600028661831065,6.153803593116705,5.575193675873727,157,,,,
5.2176505704027205,5570.0,211.43999999999997,-0.014159439890316382,16.1490155094061,5.858917902141149,157,,,,
5.222174212795309,5572.0,211.32,-0.01761440543631529,8.142556306660046,5.954276678378153,152,,,,
5.22582134906392,5575.0,211.16,-0.022261674397593877,4.376563522332785,5.96669113667226,152,,,,
5.229459983345224,5577.0,211.0,-0.027400015611496676,6.549541706347847,6.1076984598092725,153,,,,
5.232357725942336,5579.0,210.88000000000002,-0.03320710968418531,5.215936674801086,6.697052938946141,157,,,,
5.234619778039219,5581.0,210.8,-0.03388191763756721,4.0716937743896136,6.376404323891619,161,,,,
5.23687826623632,5584.0,210.70999999999998,-0.032782697598307896,2.7101858365208837,5.248070987246377,165,,,,
5.240072177119609,5585.0,210.63000000000002,-0.030073279723891955,11.498079179840698,4.784868075361919,173,,,,
5.243459393861879,5586.0,210.52999999999997,-0.025849519538378368,12.193980272171197,4.771939228683157,175,,,,
5.246883084035356,5590.0,210.47000000000003,-0.02100551623042003,3.081321156129693,4.322468236979912,172,,,,
5.250378640644957,5593.0,210.41,-0.016735445201592127,4.194667931521725,4.124504662537052,168,,,,
5.253786367052048,5597.0,210.38000000000002,-0.012940936357668775,3.066953766382161,4.0636883772979555,165,,,,
5.255900194326648,5599.0,210.36000000000004,-0.009458297960007238,3.804889094279531,4.2748087166443325,164,,,,
5.256897872136766,5602.0,210.35999999999999,-0.005363110650613486,1.197213372141895,4.931604012513988,161,,,,
5.258008080063879,5604.0,210.38000000000002,0.00032459431693646865,1.998374268805019,4.690827691081631,159,,,,
5.259989822834939,5607.0,210.42,0.005582872006087302,2.378091325271335,5.097121283589731,156,,,,
5.26319731911856,5610.0,210.44,0.010927843070281645,3.848995540345354,5.759428969536392,156,,,,
5.267412203980506,5611.0,210.48000000000002,0.013639320879520777,15.17358550300338,5.801655757776098,155,,,,
5.271602254891019,5613.0,210.53999999999996,0.015222054879203839,7.5420916389240915,6.161159844061568,156,,,,
5.275014188563652,5615.0,210.61999999999998,0.015222054879205919,6.141480610739219,6.198009081011652,156,,,,
5.277674740472248,5616.0,210.7,0.013351668884726133,9.57798687094379,6.612165913156612,156,,,,
5.27935339404492,5618.0,210.74,0.006938101540784206,3.0215764308084054,6.553019579522703,155,,,,
5.2812904719339775,5619.0,210.76,0.0039726699673399484,6.973480400609149,6.313618210246277,156,,,,
5.282943604033674,5623.0,210.76,0.0024081548592214353,1.4878188897270634,4.786799815495124,155,,,,
5.284623095221528,5624.0,210.74,0.0029974732019974496,6.046168276276265,4.220178012920726,156,,,,
5.286151039404467,5627.0,210.66,0.004041172695539515,1.8335330195265331,4.0257507809087185,157,,,,
5.287503728577427,5630.0,210.61999999999998,0.01299098823177342,1.6232270075520483,3.9247750929151124,159,,,,
5.288262449119616,5633.0,210.61999999999998,0.020215964452415726,0.9104646506268972,5.153820730068729,161,,,,
5.28884770480936,5634.0,210.68,0.02358076657130979,2.1069204830799193,4.626883355653133,161,,,,
5.291040941227212,5636.0,210.76,0.02358076657130979,3.947825552133782,4.552563621834329,162,,,,
5.295590058814844,5638.0,210.97999999999996,0.02339858271039333,8.188411657736877,4.01953524191549,162,,,,
5.299386942454761,5639.0,211.16,0.023204270471397604,13.668781103698143,4.496611009263776,161,,,,
5.301612731503015,5644.0,211.26,0.019190263540823697,1.6025681147429496,5.882739180378978,161,,,,
5.302383633903673,5648.0,211.26,0.014027604604602168,0.6938121605925431,6.1625031200412845,160,,,,
5.303024455919649,5651.0,211.21999999999997,0.0074453781494476555,0.7689864191712894,6.157113135642738,164,,,,
5.3067131689508455,5653.0,211.06,0.0006473197929376884,6.639683456153493,6.685398535044425,171,,,,
5.311383582228156,5654.0,210.88000000000002,-0.013130244257788692,16.813487798317954,6.535882986583171,171,,,,
5.315238222587306,5657.0,210.74,-0.022497562787750745,4.6255684309806115,5.302032522408463,169,,,,
5.318655961964435,5661.0,210.64000000000001,-0.02735320964595986,3.0759654394162905,5.993428613154473,170,,,,
5.321893438216919,5662.0,210.56,-0.0280605616113589,11.654914508941486,6.427272903660516,171,,,,
5.324405120587876,5663.0,210.5,-0.027449740874024908,9.042056535445928,7.677800964875975,171,,,,
5.326504751655318,5665.0,210.48000000000002,-0.022994643791210467,3.779335921396558,8.237464664722154,171,,,,
5.329162467432784,5666.0,210.45999999999998,-0.016020900635777127,9.56777679887647,7.050461874301641,171,,,,
5.3322027992040635,5668.0,210.44,-0.008619280832393997,5.472597188302233,7.4858133282745225,171,,,,
5.335956630672372,5669.0,210.42000000000002,-0.002663951565880511,13.513793285910307,7.476721409358559,166,,,,
5.339320371047838,5670.0,210.4,0.002277163146736496,12.10946535167757,6.71842087733887,163,,,,
5.341322962285291,5672.0,210.42,0.006290890001619319,3.6046642274168073,6.903864969632923,166,,,,
5.343512689865698,5673.0,210.48000000000002,0.007601363844890531,7.883019289464782,6.8334070767542086,168,,,,
5.3460124005215786,5677.0,210.54000000000002,0.006978332813001853,2.249739590291833,6.239811398166525,170,,,,
5.34925812686059,5682.0,210.6,0.004560385761933565,2.3369229640884503,7.019925887682545,166,,,,
5.351915056250275,5683.0,210.66,0.0014799865515282861,9.564945802864596,6.179780184958176,164,,,,
5.353302897563109,5685.0,210.67999999999998,-0.003183368835600127,2.498114363103041,5.329895554562664,163,,,,
5.354963033086659,5687.0,210.64000000000001,-0.006722540760672314,2.988243942390545,6.397342310672719,163,,,,
5.358771735046335,5688.0,210.53999999999996,-0.011048888408653522,13.711327054830944,5.9278699370554655,163,,,,
5.36333138599612,5691.0,210.42,-0.01337441881775095,5.471581139742157,5.914723763183855,163,,,,
5.368010148371413,5695.0,210.26,-0.01417698079685531,4.210886137763671,5.924661143377947,162,,,,
5.372305555013765,5696.0,210.18,-0.01234813677626416,15.463463912467715,5.4925317668374785,161,,,,
5.375509628230042,5699.0,210.11999999999998,-0.011156397845862202,3.844887859532834,5.883356467149076,161,,,,
5.377496163128889,5702.0,210.11999999999998,-0.0076603349834930366,2.383841878616083,5.751848250688649,161,,,,
5.378919481554387,5704.0,210.16,-0.002058528587786981,2.5619731658969562,5.338175170097861,163,,,,
5.380362920869261,5705.0,210.26,0.0030249460824418187,5.196381533542859,5.235907571185942,163,,,,
5.382046971517852,5706.0,210.3,0.008419170373669233,6.062582334928525,5.052540141378494,162,,,,
5.383980742493739,5711.0,210.34,0.011231332237888442,1.3923151026388358,4.081467231167556,160,,,,
5.38624965258186,5712.0,210.38000000000002,0.01331871901870805,8.168076317235649,4.178610452680536,156,,,,
5.388203020798407,5714.0,210.4,0.01331871901870805,3.516062789785848,4.141758804170819,153,,,,
5.389187039853539,5716.0,210.4,0.010915121741791205,1.7712342992364412,4.545630936826293,149,,,,
5.390446018493108,5717.0,210.4,0.00600654857656138,4.532323102449959,4.235412677973065,148,,,,
5.391661407277968,5718.0,210.4,0.003315345197465936,4.375399625493203,4.179655728826178,148,,,,
5.3932196048693015,5721.0,210.4,0.0003583739006787202,1.8698371096005817,4.328294038191241,145,,,,
5.395069815134377,5722.0,210.38000000000002,-0.0028234754361388106,6.6607569542731415,3.731643052569652,143,,,,
5.397602253635146,5726.0,210.36000000000004,-0.0034326820860913604,2.2791946506919656,4.582656752501732,140,,,,
5.400872549800786,5728.0,210.34,-0.002169803922562734,5.886533098152954,5.0269949957881375,140,,,,
5.404235847646623,5732.0,210.32,-0.0009329914318005651,3.026968061253401,4.941428448751187,139,,,,
5.407349305612759,5736.0,210.3,0.0003240457670528215,2.802112169522668,5.105694094674513,142,,,,
5.410727351037192,5737.0,210.32000000000002,0.0036882129534428513,12.160963527956989,5.595823433441396,142,,,,
5.414113754311176,5739.0,210.35999999999999,0.00817081569082117,6.095525893170396,6.274975009169293,142,,,,
5.417043320446533,5742.0,210.4,0.013257766312392704,3.515479362428351,6.7024102062485795,142,,,,
5.420016448099068,5744.0,210.44,0.017801174589488118,5.351629774562636,6.4801511509962015,141,,,,
5.423395553637862,5746.0,210.54000000000002,0.02012156226278672,6.082389969829394,6.273373557151016,141,,,,
5.426743496060333,5747.0,210.64000000000001,0.019044090019899512,12.052592720898382,6.585245503692656,141,,,,
5.429943453533095,5749.0,210.76,0.015599237098820242,5.759923450971869,5.5445197452727175,140,,,,
5.432693406046312,5752.0,210.88000000000002,0.009962337354951025,3.299943015859864,5.3252250494402045,138,,,,
5.43396088640349,5757.0,210.94,0.0033967084814858356,0.912585857168147,5.876123052749658,138,,,,
5.435640090793243,5758.0,210.85999999999999,-0.003609635544293481,6.045135803111738,6.22705717896778,139,,,,
5.4393054349745755,5764.0,210.71999999999997,-0.012013619172663484,2.199206508799252,6.881617870953673,138,,,,
5.4461902568129315,5769.0,210.48000000000002,-0.0212959850320339,4.957071723616505,6.768395073894839,137,,,,
5.4552980942365,5772.0,210.18,-0.02765480066615133,10.929404908282498,6.881751272028207,136,,,,
5.464889323791386,5775.0,209.85999999999999,-0.03254183047377423,11.509475465863334,7.260524461778418,135,,,,
5.473717733686848,5777.0,209.57999999999998,-0.0324155462517937,15.891137811831124,7.313505414822151,135,,,,
5.481612909846184,5779.0,209.26,-0.027759567618546272,14.211317086805998,7.427529618155026,134,,,,
5.486241133628395,5781.0,209.13999999999996,-0.016247715415069374,8.33080280798006,8.703213566437741,134,,,,
5.488352289740143,5782.0,209.08,-0.006114601293677907,7.600162002290961,9.878489957522081,134,,,,
5.48951846537952,5785.0,209.16,0.006056519080854825,1.3994107672528195,9.254701559777338,138,,,,
5.491315057480054,5786.0,209.28000000000003,0.016503190409714968,6.467731561921643,9.221387617049954,148,,,,
5.494866295947385,5787.0,209.6,0.026802478973199668,12.78445848239035,8.723062314847922,157,,,,
5.498547485595317,5788.0,209.78000000000003,0.034564162793108505,13.252282732554841,8.105534805633557,160,,,,
5.502503645812928,5794.0,209.98000000000002,0.038753512806138424,2.373696130566625,7.942426604365456,163,,,,
5.506655119939666,5796.0,210.11999999999998,0.041449685017232014,7.472653428126315,8.34196514603326,163,,,,
5.510373874496843,5798.0,210.28000000000003,0.04145120329510743,6.693758202919278,8.934634815704145,163,,,,
5.512867833901841,5800.0,210.34,0.040157270661552856,4.489126928995653,8.481026924571495,162,,,,
5.515471053877308,5802.0,210.4,0.032917778127675344,4.685795955840756,8.345132939963502,162,,,,
5.518156236174855,5803.0,210.45,0.030022107718637746,9.66665627116881,8.037298573479019,162,,,,
5.519939769324808,5804.0,210.51,0.02636459377190502,6.420719339830211,8.428809271121285,162,,,,
5.521105957945229,5806.0,210.57,0.024747986726109138,2.0991395167577815,8.170034888633989,162,,,,
5.5244294083120655,5807.0,210.63000000000002,0.02106741260148732,11.964421320611464,8.52334320790533,162,,,,
5.53080141643911,5809.0,210.75,0.02120436334258272,11.469614628679839,8.733352029558807,162,,,,
5.537876119674166,5813.0,210.87999999999997,0.019747854494894364,6.367232911550837,8.283264451860372,163,,,,
5.544648275871162,5817.0,211.0,0.018197655846483505,6.09494057729636,7.191847586691976,166,,,,
5.5506345964726425,5819.0,211.06,0.018027096363438362,10.775377082664294,6.743034483054115,168,,,,
5.554775730980085,5821.0,211.14000000000001,0.016447864564211524,7.454042113395379,6.512695537519997,170,,,,
5.556290071193726,5825.0,211.16,0.011933288462066788,1.362906192277042,5.236249122837911,170,,,,
5.557107695907895,5832.0,211.16,0.0038552093275275325,0.42049271014404865,4.05505478551332,173,,,,
5.557940957570317,5833.0,211.2,-0.004051776287444697,2.999741984716667,4.137300689942359,174,,,,
5.558298159583365,5838.0,211.2,-0.014696576315292777,0.25718544939459737,3.717202069609203,175,,,,
5.5593305339303685,5843.0,211.14000000000001,-0.02017362637524171,0.7433095298426884,3.289715662030448,176,,,,
5.561484880316494,5849.0,211.04000000000002,-0.026916960568525855,1.2926078316748548,2.976470721143607,173,,,,
5.564094028041436,5850.0,210.94,-0.031766926184838916,9.392931809791484,3.348877850280418,173,,,,
5.56785242117114,5854.0,210.76,-0.03615727702836443,3.382553816734203,3.8497736086404126,165,,,,
5.570473964637818,5855.0,210.66,-0.039926981625310165,9.437556480040612,4.001956896680562,161,,,,
5.573952447675269,5857.0,210.54000000000002,-0.04099615975271009,6.261269467411111,4.285465964981857,160,,,,
5.577466661303201,5859.0,210.42,-0.035379992801027126,6.325584530277611,5.352713918403003,159,,,,
5.580904494814504,5861.0,210.28000000000003,-0.02360177094480831,6.188100320346998,6.428187728263197,159,,,,
5.583594138457606,5863.0,210.2,-0.011249079461093336,4.84135855758347,6.485303077134513,160,,,,
5.584428596926371,5864.0,210.16,0.002521065992591083,3.004050487556525,6.817027259382877,159,,,,
5.587388119906871,5865.0,210.26,0.01098651800222476,10.654282729797844,6.827013973819945,159,,,,
5.5933729924491296,5867.0,210.5,0.01685072712672068,10.77277057606533,6.631585899349773,159,,,,
5.599744177271668,5870.0,210.76000000000005,0.019136467504404776,7.645421787045614,6.244870086022909,158,,,,
5.605264335028063,5874.0,210.96000000000004,0.02117039611730602,4.968141980755384,5.993791132105652,161,,,,
5.609056041071043,5876.0,211.1,0.0224132860447124,6.825070877364616,5.930260743651369,162,,,,
5.6105179430043775,5878.0,211.14000000000001,0.019635114198718853,2.63142348000168,5.754374613545262,162,,,,
5.611540462395011,5881.0,211.08,0.012510616935589487,1.227023268760297,5.130169231764785,157,,,,
5.613130837787464,5883.0,211.01999999999998,0.003042138449892467,2.862675706415341,4.032896296441352,157,,,,
5.614246822020719,5884.0,211.0,-0.007303095993172555,4.017543239716821,3.4760152833362397,154,,,,
5.615878513118981,5888.0,210.94,-0.014798967987771616,1.468521988435915,3.0891309175027706,151,,,,
5.617521038949411,5889.0,210.88000000000002,-0.019366267934342502,5.913092989548837,2.8357597623069166,151,,,,
5.618835322255845,5894.0,210.84,-0.017587429408159747,0.9462839806326128,3.285083047948194,148,,,,
5.619721404235469,5895.0,210.8,-0.011787661398321912,3.189895126646937,3.4198772827419672,151,,,,
5.620859485044291,5897.0,210.78000000000003,-0.005042692845314563,2.048545455878763,3.456547819124623,154,,,,
5.622293417623892,5898.0,210.77999999999997,2.3728678168216666e-05,5.162157286561457,4.364488947307014,157,,,,
5.624287715557796,5899.0,210.84,0.009327647195120406,7.179472562054363,4.505249536390382,160,,,,
5.626274846413721,5902.0,210.92000000000002,0.01615735603386651,2.3845570271102714,4.326005520231651,161,,,,
5.628637489175081,5905.0,211.01999999999998,0.019821852213987683,2.8351713136319012,4.9304397212337845,162,,,,
5.6317933882258835,5906.0,211.11999999999998,0.023281344750152984,11.36123658288797,5.0480586952902105,162,,,,
5.635546117423627,5912.0,211.26,0.024571113862777376,2.251637518646054,5.349534735783277,164,,,,
5.638526186780508,5916.0,211.32,0.026221212572920587,2.6820624211928816,5.04953269130724,164,,,,
5.6416219109469425,5918.0,211.34,0.027677747044287666,5.572303499581719,5.22595320613585,162,,,,
5.644319946350666,5921.0,211.35999999999999,0.03081405448049106,3.237642484467557,6.012470483381351,160,,,,
5.646516635482782,5923.0,211.35999999999999,0.030809146636338963,3.954040437808725,6.032654894617589,161,,,,
5.648413436799738,5927.0,211.4,0.03155776197354671,1.7071211852607302,5.329145978433621,160,,,,
5.650617967680612,5928.0,211.5,0.029983227801899288,7.936311171143384,5.310342202122715,160,,,,
5.653129351140936,5929.0,211.64000000000001,0.029146841897561542,9.040980457167446,5.407542553226857,159,,,,
5.654716276028668,5931.0,211.71999999999997,0.026899811466200896,2.8564647979188194,4.886957036543544,159,,,,
5.656034362268357,5932.0,211.8,0.027423489746119124,4.745110462878219,4.886489177899393,158,,,,
5.657732661305979,5935.0,211.86000000000004,0.028407798994293944,2.0379588451465622,4.509749632615444,158,,,,
5.658684871257302,5936.0,211.88000000000002,0.028271072780439784,3.4279558247622988,4.3364106680892895,157,,,,
5.659871591069342,5939.0,211.85999999999999,0.020137978836715923,1.424063774448264,4.0215019941852175,157,,,,
5.660938499153345,5940.0,211.88000000000002,0.007654133841587069,3.840869102411818,3.702713906050775,157,,,,
5.661972449175253,5943.0,211.9,-0.0025595937039591147,1.2407400262894823,3.97169822948374,160,,,,
5.662105476362667,5944.0,211.94,-0.01360107437546762,0.4788978746896805,4.121998556534025,162,,,,
5.664063816927057,5945.0,211.82,-0.024642391422440492,7.050026031803706,6.316181998867874,165,,,,
5.668896846345254,5947.0,211.6,-0.030317330172176287,8.699452952753267,8.078421631983705,167,,,,
5.675035093551787,5950.0,211.34,-0.031972714591132205,7.365896647839991,9.691818651996858,167,,,,
5.68246539633179,5953.0,211.04000000000002,-0.03579350445544009,8.916363336003293,9.988616437832281,164,,,,
5.690828281107005,5954.0,210.68,-0.038162637710210945,30.10638519077261,10.17572288453309,162,,,,
5.698403609386656,5955.0,210.46000000000004,-0.04067254339651802,27.27118180674242,10.808360263245964,159,,,,
5.70446782227576,5956.0,210.3,-0.03760890442500657,21.83116640077527,10.418157844581465,160,,,,
5.7091112755512174,5958.0,210.18,-0.03144426990241002,8.358215895823792,9.849320529888683,160,,,,
5.712256816525914,5961.0,210.11999999999998,-0.024940767504738753,3.7746491696362985,10.138421140549593,161,,,,
5.714309482169063,5962.0,210.08,-0.016482027343004142,7.389596315333259,11.005199656939363,162,,,,
5.714973310216931,5963.0,210.06,-0.00687884532253575,2.3897809723255574,8.926097681927178,165,,,,
5.715912202289193,5965.0,210.08,-0.00014032061656849975,1.6900057300721167,7.252879623333132,168,,,,
5.718361898773423,5966.0,210.1,0.005415247563609567,8.818907343226986,6.9240700854626365,173,,,,
5.72260455115423,5967.0,210.16,0.0086890761876432,15.273548570907488,6.462803099046491,174,,,,
5.726401639782588,5971.0,210.22000000000003,0.009397670123850429,3.41737976552166,6.482720012000209,173,,,,
5.730368465681832,5974.0,210.28000000000003,0.009726995528581122,4.760191079093562,5.982164452921521,172,,,,
5.734167264057535,5975.0,210.34,0.010933499496655176,13.675674152531231,6.463994705286028,172,,,,
5.736003159943713,5978.0,210.35999999999999,0.012787591642279088,2.203075063412472,7.077540039343835,172,,,,
5.736807745807351,5979.0,210.34,0.016462499118531527,2.896509109096925,7.077336877114094,173,,,,
5.738078554058031,5982.0,210.32000000000002,0.018028464713430274,1.524969900816919,6.1776955349013365,176,,,,
5.739841345109438,5983.0,210.34,0.02042600433967809,6.346047785064894,6.83844975455973,177,,,,
5.743633342443989,5985.0,210.42,0.025488384769919485,6.82559520219079,8.49099629904332,177,,,,
5.747937631760988,5987.0,210.56000000000003,0.029685728293621916,7.74772077059899,8.540062822308695,178,,,,
5.75258022056473,5990.0,210.68,0.030595533899329376,5.571106564490338,8.537197842410967,178,,,,
5.757443779768128,5992.0,210.84,0.030138192853926493,8.754406566115204,8.47866542569064,178,,,,
5.762629401151015,5993.0,211.12000000000003,0.02778130115623882,18.66823697839593,8.523989430752982,178,,,,
5.766363600580653,5994.0,211.4,0.020373901159980393,13.44311794669769,8.28976627225286,178,,,,
5.767606042370554,5996.0,211.48000000000002,0.009257272743413243,2.2363952218212817,8.64270520159077,178,,,,
5.769855771598186,5999.0,211.42,5.884034030497268e-05,2.6996750731580272,10.318370237036682,176,,,,
5.774985396117338,6007.0,211.26,-0.005869968179793175,2.308331033618452,9.891056691161538,178,,,,
5.782200896785742,6012.0,210.92,-0.011550460779818457,5.1951604812508485,9.586223833259616,175,,,,
5.792674686772455,6015.0,210.51999999999998,-0.018699500475121096,12.56854798405544,7.554469064209019,172,,,,
5.8008677030764755,6016.0,210.3,-0.024343131476762408,29.494858694474107,6.548508044225542,172,,,,
5.8054885329071615,6021.0,210.2,-0.0242030680296418,3.3269974780936575,6.671676150716458,172,,,,
5.807716475740396,6022.0,210.16,-0.01896134263155801,8.020594199643492,6.818698981788513,171,,,,
5.808942587202678,6025.0,210.18,-0.011726896929747141,1.4713337547382324,7.8863287871103696,168,,,,
5.811723381613062,6027.0,210.21999999999997,-0.0017402328351981597,5.005429938691127,7.6669446643747845,170,,,,
5.814517255097928,6030.0,210.28000000000003,0.010432129094641116,3.3526481818398053,7.761815854782152,172,,,,
5.817528528913671,6033.0,210.4,0.018775780216411818,3.6135285788920655,5.908727623706468,171,,,,
5.820686159350932,6034.0,210.52000000000004,0.02330454432032037,11.367469574137504,6.433681022333357,172,,,,
5.823589552401836,6039.0,210.61999999999998,0.026040695497576028,2.090442996651144,6.655134661060541,169,,,,
5.826547346246474,6040.0,210.74,0.02698601472476464,10.6480578406954,8.134404537498373,169,,,,
5.830077901076397,6042.0,210.85999999999999,0.026019566324725046,6.3549986938616065,7.953646900151634,167,,,,
5.83398975199059,6044.0,210.94,0.023513600987788853,7.041331645547089,8.275822513004035,164,,,,
5.838738179496463,6046.0,211.0,0.018668308080605288,8.547169510572372,8.345362319772704,163,,,,
5.84288391518299,6047.0,211.04000000000002,0.014457961861772659,14.924648471498807,7.23396826707894,162,,,,
5.846072499214835,6051.0,211.04000000000002,0.011234412285441659,2.869725628660028,7.528165933314968,161,,,,
5.847891227085237,6052.0,211.02000000000004,0.008531379628248115,6.547420333444578,7.378562093915482,162,,,,
5.849155790271563,6053.0,211.0,0.008607411907086138,4.552427470777661,7.120216207260239,165,,,,
5.849609864606887,6054.0,211.0,0.00999664859971554,1.634667607162813,7.012113647214181,169,,,,
5.850998445319206,6055.0,211.0,0.012086850602759377,4.99889056434897,6.428736934119241,172,,,,
5.853772111988782,6056.0,211.01999999999998,0.01466584406772976,9.985200010473307,5.367182048082965,172,,,,
5.857209839798212,6059.0,211.1,0.017624169606884035,4.1252733713168475,5.363211935290802,172,,,,
5.860686056881192,6061.0,211.18,0.01835879484440817,6.257190749362447,4.878278682120921,171,,,,
5.864186868789491,6065.0,211.26,0.017975609787442982,3.150730717469362,4.425943005462168,170,,,,
5.86690851184806,6067.0,211.34,0.015484013990137314,4.8989575054251535,4.311687095080353,169,,,,
5.868484150917127,6069.0,211.4,0.011103358264896801,2.836150324320529,3.837942594939004,169,,,,
5.869019953927146,6070.0,211.4,0.005079734071221464,1.9288908360663557,3.30696789272964,169,,,,
5.869219494780869,6072.0,211.38000000000002,-0.005764785438630739,0.3591735367010913,2.9554754689220566,168,,,,
5.869801981774637,6075.0,211.34,-0.014316824131092101,0.6989843925226621,2.807129719536312,170,,,,
5.87128018889539,6081.0,211.28000000000003,-0.020875792116729176,0.8869242724511792,2.6342264188340514,168,,,,
5.873017420176132,6082.0,211.21999999999997,-0.02374731364516194,6.254032610673989,2.286424656218199,161,,,,
5.875061823402484,6087.0,211.13999999999996,-0.024698515136423634,1.4719703229730623,2.1622542022425453,159,,,,
5.876740025202729,6088.0,211.08,-0.019866564256367403,6.041526480882241,2.229121773849992,159,,,,
5.877883448425791,6090.0,211.03999999999996,-0.010975424572596999,2.0581618015132404,3.400827958810962,159,,,,
5.878466657716181,6091.0,211.06,-0.003686586020210203,2.099553445402191,3.9786172788356367,158,,,,
5.8794807935372315,6093.0,211.1,0.0016022552931001955,1.8254444778924122,4.20070635449707,158,,,,
5.881609855212221,6096.0,211.2,0.005925568438663856,2.554874009988005,4.128032382872881,158,,,,
5.884773599453051,6097.0,211.35999999999999,0.010608224639145753,11.389479266987351,4.374477613143382,158,,,,
5.88814352787117,6099.0,211.45999999999998,0.00997936654630929,6.065871152614874,3.9745250200526163,159,,,,
5.891209201276058,6103.0,211.48000000000002,0.00955386216715183,2.7591060643991017,4.594490899795424,158,,,,
5.893712994796465,6105.0,211.45999999999998,0.007285869100837628,4.506828336732667,4.917693723677554,158,,,,
5.895651681656826,6107.0,211.4,0.006507214763155902,3.489636348650898,4.8037856146172455,160,,,,
5.897585332623136,6112.0,211.28000000000003,0.0028072176168491805,1.3922286957426162,4.660966843772494,161,,,,
5.899905379034206,6113.0,211.21999999999997,-0.005969489535169679,8.35216707985334,3.7330296152101416,161,,,,
5.901512622317589,6114.0,211.2,-0.011713218257491293,5.786075820176638,3.1431539534964172,162,,,,
5.902626338657522,6119.0,211.21999999999997,-0.015348975106975776,0.8018757647520683,3.080620244937296,162,,,,
5.903854394009054,6122.0,211.24,-0.020777135588487643,1.473666421838033,3.8298411006987805,158,,,,
5.904792465146247,6123.0,211.21999999999997,-0.024110616904634556,3.3770560938972882,3.86766686440257,155,,,,
5.905127620867899,6125.0,211.2,-0.022671217434085213,0.6032802989729997,4.189450858105511,155,,,,
5.907489618964622,6128.0,211.14000000000001,-0.023510622265486097,2.8343977160673774,4.39731266533445,158,,,,
5.911381561455802,6129.0,211.0,-0.02451236857706902,14.01099296824851,4.061563592577918,160,,,,
5.915534548702579,6132.0,210.85999999999999,-0.025740838287279875,4.983584696132173,4.403854460573827,161,,,,
5.9187161266256005,6134.0,210.76,-0.02605048645875164,5.726840261438021,4.800012215064591,161,,,,
5.921902971122362,6135.0,210.66,-0.022248543514093812,11.472640188341996,4.850395952415866,161,,,,
5.923748993321117,6138.0,210.6,-0.018249537795947728,2.2152266385056496,5.151056412506108,161,,,,
5.926251949057947,6140.0,210.6,-0.010879056304519765,4.505320326294023,5.5642629604135525,160,,,,
5.929137673930692,6142.0,210.61999999999998,0.000355613399923016,5.194304770941493,4.450498508432824,162,,,,
5.930857361851632,6144.0,210.68,0.007646394470047632,3.0954382576916495,4.5483711692862485,162,,,,
5.932659160108343,6146.0,210.74,0.010193087323900427,3.243236862079475,4.609221101816671,162,,,,
5.934288309605002,6147.0,210.82,0.012893594159322275,5.86493818797111,3.865333928953438,161,,,,
5.9357034205279735,6152.0,210.9,0.012707764048533706,1.0188798645398658,3.9478395847288565,162,,,,
5.936993378655917,6153.0,210.92000000000002,0.010267862640179126,4.64384926059611,3.8348320258257074,162,,,,
5.938372019100072,6154.0,210.9,0.007222012414750864,4.963105598960236,4.0772726373179875,165,,,,
5.939133543336064,6155.0,210.88000000000002,-0.0007360773898496695,2.7414872495725318,4.120645719542037,167,,,,
5.9399476591639635,6156.0,210.83,-0.008540971152034593,2.930816980438351,4.168468858527186,169,,,,
5.940903875168149,6157.0,210.76999999999998,-0.01710296604936782,3.4423776150694225,4.066803810145055,172,,,,
5.94333727586185,6158.0,210.70999999999998,-0.025307382228731967,8.760242497323091,5.211609844973969,172,,,,
5.948461898333226,6162.0,210.57,-0.026672390477448314,4.612160224237663,5.1780455416003175,173,,,,
5.953799478413708,6166.0,210.43,-0.023139388495942603,4.803822072433995,5.2920689594347845,170,,,,
5.9588794671798855,6169.0,210.3,-0.020219104010908633,6.095986519413122,5.2841242546106155,169,,,,
5.962687362426846,6170.0,210.17999999999998,-0.01591766652930305,13.708422889056814,5.421675571116237,169,,,,
5.96411444977695,6171.0,210.17999999999998,-0.011410368625969117,5.137514460374998,5.44543269247592,169,,,,
5.967830979962098,6173.0,210.26,-0.008452310222751417,6.6897543332658564,4.890654701055984,167,,,,
5.972304554180518,6179.0,210.32,-0.0018094299767680885,2.684144531051556,4.747172964269119,169,,,,
5.9766928008735825,6183.0,210.38000000000002,0.005261025598010118,3.949422023758491,4.572497327577718,169,,,,
5.979980946829569,6187.0,210.44,0.011730378323316321,2.9593313603879494,4.285469898944691,169,,,,
5.980992985875657,6189.0,210.45999999999998,0.017663558048000162,1.8216702829584517,3.167863208609336,170,,,,
5.982090157549439,6191.0,210.5,0.01900943396066321,1.9749090128067772,3.200364198309335,170,,,,
5.984786594544897,6196.0,210.56,0.01876102463068103,1.9414346367297235,2.845996893672696,170,,,,
5.987901476332791,6201.0,210.61999999999998,0.01887588561427963,2.242714887283879,2.870965209340582,170,,,,
5.989916260824516,6207.0,210.67499999999995,0.01880631411731243,1.2088706950350192,2.693306919262494,168,,,,
5.991126105056185,6208.0,210.7,0.01849503897856559,4.355439234007828,2.602225505636311,169,,,,
