cumulated_distance,cumulated_duration_seconds,elevationM_ma_5,grade_ma_10,speed_km_h,speedeq_smooth,hr,hr_smooth,speed_smooth,hr_shifted,cluster
0.0009410443431719672,0.0,217.05,-0.04532861642458434,3.3685339983005154,5.901783805142309,115,122.8,9.150355941680042,131.0,3.0
0.001967373876380263,1.0,216.92,-0.028792312567055483,3.694786319549865,6.635896519270591,114,123.33333333333331,9.070500924008094,131.3,3.0
0.004040309194397497,2.0,216.71999999999997,-0.01033626561450838,7.46256714486204,7.262658499350828,114,123.85714285714286,8.961063691265338,131.6,3.0
0.0061841588658757204,3.0,216.6,0.0008092515142081522,7.717858817321605,7.767649766696611,114,124.25,8.818245621181575,131.9,3.0
0.008657139061249871,4.0,216.6,0.011075484010690887,8.902728703346945,8.25763073535141,113,124.55555555555556,8.731333582401346,132.2,3.0
0.011260820114854636,5.0,216.72000000000003,0.017652896353639966,9.373251792977154,8.626304755533022,113,124.9,8.658885979340333,132.5,3.0
0.014000477851541916,6.0,216.95999999999998,0.020722439966829976,9.86276785207421,9.505879322027122,113,125.6,8.549278670015035,132.9,3.0
0.016730631766641184,7.0,217.16,0.02610920931792829,9.828554094357363,10.25031224735248,113,126.3,8.380510959135204,133.3,3.0
0.01954475892938133,8.0,217.4,0.03455419866370452,10.130857785864528,10.502987354948377,114,126.9,8.239824317301379,133.8,3.0
0.022267909903039253,9.0,217.6,0.03715764293014769,9.803343505168518,10.618822274912285,114,127.3,8.136629557077425,134.3,3.0
0.024845422979830525,10.0,217.68,0.03397720919299377,9.279047076448574,10.530160938042558,114,127.4,8.079180415358149,134.8,3.0
0.02733911059961638,11.0,217.64000000000001,0.026983577512790614,8.977275431229085,10.294722411491708,113,127.5,8.042803959833284,135.3,3.0
0.029789905703041363,12.0,217.6,0.01533164122596987,8.822862372329933,9.940705260269528,114,127.5,8.069461871204691,135.8,3.0
0.032209015291546475,13.0,217.52000000000004,0.00422527944234691,8.708794518618399,9.548417148745617,115,127.5,8.219203966938277,136.3,3.0
0.03471964544045484,14.0,217.44,-0.009921035456158994,9.038268536070115,9.033664280736447,116,127.5,8.328398818835547,136.7,3.0
0.037236499205598524,15.0,217.4,-0.023984081619173207,9.060673554517255,8.550268879938201,117,127.5,8.472832138154725,137.1,3.0
0.0397294215470372,16.0,217.35999999999999,-0.03341216382655264,8.974520429179238,8.14058129293461,118,127.5,8.669681461983489,137.4,3.0
0.042252767506267615,17.0,217.28000000000003,-0.038227051477730825,9.0840454532295,7.801985597127631,118,127.5,8.846480564870506,137.7,3.0
0.04469856077265773,18.0,217.16,-0.04144647090504936,8.804855759004411,7.537260828636843,119,127.5,8.996958424948012,137.8,3.0
0.04719451649885807,19.0,217.0,-0.043107905565612406,8.985440614321245,7.380973505872552,120,127.5,9.179052825237877,138.0,3.0
0.04966032433851003,20.0,216.84,-0.04314264611763695,8.876908222747067,7.263977511758614,120,127.7,9.302607918895072,138.2,3.0
0.05215628063040724,21.0,216.68,-0.04642435326914789,8.98544265082995,7.217461729531038,120,127.9,9.460889546824912,138.3,3.0
0.054656349585808256,22.0,216.56,-0.04810131208876948,9.000248239443653,7.226482091388969,121,128.1,9.61367260463002,138.4,3.0
0.057294913251373675,23.0,216.44,-0.04737228467266742,9.49882919603552,7.266502735857027,121,128.4,9.70545602066886,138.4,3.0
0.05988266012219445,24.0,216.35999999999999,-0.042546504172416795,9.315888734954813,7.331955314651362,122,128.7,9.849661874564674,138.5,3.0
0.06241435857784512,25.0,216.24,-0.03616841875342074,9.114114440342403,7.356339715498564,124,129.0,9.989484176030889,138.6,3.0
0.06486510832718508,26.0,216.16,-0.02806227008340108,8.822699097623822,7.408448478116943,126,129.3,10.062437908511672,138.7,3.0
0.06727378217042072,27.0,216.1,-0.01993770587856936,8.67122583564835,7.4600930206427565,126,129.6,10.233633962971528,138.7,3.0
0.06958057114120095,28.0,216.1,-0.014272437603322427,8.304440294808805,7.492699814913896,127,129.9,10.376653859970268,138.8,3.0
0.07175238201081073,29.0,216.1,-0.01126688939490352,7.818519130595239,7.458864700525369,127,130.1,10.43348838976897,138.8,3.0
0.07398461458641059,30.0,216.13999999999996,-0.011620726330968608,8.03603727215952,7.41639007900651,127,130.2,10.566082938274723,138.7,3.0
0.07620874168413037,31.0,216.17999999999998,-0.011990291618588032,8.006857551791207,7.38623980735669,128,130.4,10.56934569959397,138.7,3.0
0.07840434589140556,32.0,216.2,-0.015617493430930019,7.904175146190672,7.3810568345995,128,130.6,10.446673650757948,138.7,3.0
0.08057411036008257,33.0,216.16,-0.0199211453266414,7.8111520872371925,7.3995882350064175,128,130.7,10.310756898952492,138.8,3.0
0.08277106100358717,34.0,216.07999999999998,-0.023243066682840284,7.909022316616575,7.5131157707203045,128,130.8,10.014410563320409,138.9,3.0
0.08501610734750463,35.0,215.95999999999998,-0.021615300714848476,8.082166838102879,7.8276579217909985,128,130.7,9.704803092279812,139.1,3.0
0.08730727614762437,36.0,215.8,-0.016960747161659656,8.248207680431054,8.198091469831944,127,130.6,9.52124353519651,139.4,3.0
0.08961490428106873,37.0,215.64000000000001,-0.007748996512830238,8.307461280399709,8.70938541707024,127,130.5,9.39694302747402,140.0,3.0
0.09199574300565842,38.0,215.56,0.005291401141368999,8.571019408522876,9.397528813477951,127,130.4,9.428903277891044,140.6,3.0
0.09458350414119483,39.0,215.6,0.02230237759527211,9.31594008793108,10.144780548726398,127,130.4,9.508331240406465,141.2,3.0
0.09711905574984267,40.0,215.76,0.03935218906511612,9.127985791132224,10.903595209549056,127,130.4,9.4721080307874,142.0,3.0
0.09974438651233794,41.0,216.04000000000002,0.05499408326046125,9.451190744982986,11.71487358885739,128,130.3,9.585017968589074,142.7,3.0
0.10248679439691524,42.0,216.4,0.06922007416933444,9.872668384478297,12.402677695723083,128,130.2,9.782910655200464,143.4,3.0
0.10514766748472285,43.0,216.8,0.08034282090919333,9.579143116107382,13.06890820641004,128,130.1,9.91223199027829,144.2,3.0
0.1077626121839983,44.0,217.16000000000003,0.08509580699651732,9.413800917391642,13.629650175631701,128,130.0,10.198726065774608,144.9,3.0
0.11051347630649871,45.0,217.44,0.08487516581451071,9.90311084100151,13.982133165336327,128,130.0,10.480714979000131,145.5,3.0
0.11314785370011066,46.0,217.64000000000001,0.08124846336870654,9.483758617003007,14.24899354131152,129,130.0,10.600105221713523,146.0,3.0
0.11589515302224902,47.0,217.76,0.07578762288590903,9.890277559698127,14.361853739750861,129,130.0,10.627235858135585,146.3,3.0
0.11870038912963067,48.0,217.8,0.06867030228943159,10.098849986573944,14.240985759597484,129,130.0,10.56386013810339,146.5,3.0
0.12154310419860831,49.0,217.84,0.06026189919888618,10.233774248319481,14.118828638749951,130,130.0,10.468930371023554,146.7,3.0
0.12447922762363342,50.0,217.92000000000002,0.05229481575310807,10.570044330090377,13.907051594374773,130,130.0,10.500750499561828,146.8,3.0
0.12749295366797928,51.0,218.08,0.04470210440661691,10.849413759645111,13.540873289933476,131,130.0,10.46208245976658,146.9,3.0
0.13043801080944764,52.0,218.28000000000003,0.037392208806452644,10.602205709286151,13.25588775775742,131,130.0,10.406798518444177,147.0,3.0
0.13357442849297707,53.0,218.48000000000002,0.03010005847383797,11.29110366070593,12.789216118164479,131,130.0,10.470002060286998,147.0,3.0
0.1365866506839157,54.0,218.64000000000001,0.02564417877043098,10.843999887379038,12.176839803242526,131,130.1,10.474562374704742,147.0,3.0
0.1394953885003014,55.0,218.71999999999997,0.019639814235976844,10.47145613898853,11.54260878486826,130,130.2,10.385943216304488,146.9,3.0
0.1424980840842071,56.0,218.72000000000003,0.01228269612758306,10.809704102060554,10.764970452930676,130,130.3,10.386770441913225,146.9,3.0
0.14525444663223228,57.0,218.64000000000001,0.0007041660709268503,9.922905172890577,9.988369252353303,131,130.4,10.338256542918163,146.9,3.0
0.14771892704840275,58.0,218.56,-0.01219110221683441,8.87212949821374,9.355864180470274,131,130.6,10.222126543955786,147.0,3.0
0.15018409558458745,59.0,218.44,-0.026514978222661023,8.87460673026491,8.788199323085864,131,130.8,10.204891931031906,147.3,3.0
0.15229703474396789,60.0,218.32000000000002,-0.03938846784755245,7.606580973769511,8.394187814170966,131,131.0,10.175409419015256,147.7,3.0
0.15445074003542322,61.0,218.16,-0.047992669257205404,7.753339049239176,8.109535804792078,130,131.3,10.090036173778156,148.3,3.0
0.15688590951832687,62.0,218.0,-0.05222849241015733,8.766610138453135,7.789987941623183,130,131.6,10.010289905682724,149.1,1.0
0.15967704801373828,63.0,217.8,-0.052008793827966984,10.048098583481035,7.7070223110903715,130,131.9,9.864967760217548,150.0,1.0
0.1627780486780575,64.0,217.6,-0.05034245593669652,11.163602391549267,7.796381180367176,130,132.2,9.663342332637518,151.0,1.0
0.16590741972365272,65.0,217.44,-0.04574521618822758,11.26573576414274,7.91254167492707,130,132.5,9.6125789005057,152.1,1.0
0.1688094952808388,66.0,217.32,-0.04116355926304869,10.447472005869903,8.23231970101476,130,132.9,9.552383765688043,153.1,1.0
0.17187949654497972,67.0,217.24,-0.035105713933130764,11.05200455090732,8.593380548827183,130,133.3,9.53089280659771,154.1,1.0
0.17489367886840407,68.0,217.2,-0.03039603276167697,10.851056364327654,8.843121650250131,130,133.8,9.58501280780126,155.0,1.0
0.1777180733353605,69.0,217.2,-0.02563710778581964,10.167820081043152,9.035218316578177,130,134.3,9.543645793000248,155.7,1.0
0.18062682937111957,70.0,217.2,-0.02104475665518952,10.471521728732704,9.162253555750205,130,134.8,9.367231166386912,156.3,1.0
0.18356383719931246,71.0,217.2,-0.01798447043820761,10.573228181494413,9.240464849173277,130,135.3,9.285088617769787,156.7,1.0
0.18633064624530887,72.0,217.16,-0.016498165496114364,9.960512565587047,9.403933505086494,130,135.8,9.229617511524747,156.9,1.0
0.18919714761967044,73.0,217.08,-0.015136750746660928,10.319404947701628,9.472809303721135,130,136.3,9.147484768000368,157.0,1.0
0.19212210461723359,74.0,217.0,-0.013778273665649501,10.529845191227347,9.501074198426041,130,136.7,9.112466765657846,157.0,1.0
0.1949877818653848,75.0,216.92000000000002,-0.013778273665649501,10.316438093344368,9.618042048521614,130,137.1,8.979501007009212,157.0,1.0
0.19797824666851052,76.0,216.84,-0.013778273665649501,10.765673291252638,9.658729182313158,130,137.4,8.759857655555892,157.0,1.0
0.20094083671099797,77.0,216.8,-0.015189361612227222,10.665324152954849,9.596743519430078,130,137.7,8.519540355196103,157.1,1.0
0.20380145253074897,78.0,216.8,-0.015233207529953292,10.298216951103619,9.60789653040042,130,137.8,8.304470519050486,157.3,1.0
0.20680141239171324,79.0,216.8,-0.013907559981624887,10.799855499471368,9.558835056461447,130,138.0,8.02796734000738,157.5,1.0
0.20972283596752161,80.0,216.8,-0.014017177839621342,10.51712487291016,9.419594805019601,131,138.2,7.881290155455869,157.7,1.0
0.2124136794668249,81.0,216.76,-0.01418588365233316,9.68703659749186,9.347384182536086,131,138.3,7.730914102592109,158.0,4.0
0.21518278636173446,82.0,216.72000000000003,-0.014416700713541081,9.968784821674427,9.232635040402204,131,138.4,7.5941945788641245,158.3,4.0
0.21791452690555418,83.0,216.68,-0.016026285568246586,9.834265957751004,9.052046258065193,131,138.4,7.496516781657443,158.5,4.0
0.2205169005726663,84.0,216.6,-0.020548716938221995,9.368545201603569,8.848191720496857,132,138.5,7.437797044947729,158.7,4.0
0.22333470389602894,85.0,216.51999999999998,-0.025081345819548507,10.144091964105556,8.548872571744893,132,138.6,7.376815667093076,158.9,4.0
0.22624327283244178,86.0,216.44,-0.03109072746097083,10.470848171086166,8.191511722102714,132,138.7,7.376069799714477,159.1,4.0
0.22896871497149285,87.0,216.35999999999999,-0.037223926211705796,9.811591700583842,7.939144531307383,133,138.7,7.353798784035341,159.1,4.0
0.23160781337986766,88.0,216.24,-0.04503239314807912,9.500754270149285,7.658858763066857,133,138.8,7.271133063764293,159.0,4.0
0.23420410061453978,89.0,216.11999999999998,-0.052910485033323996,9.346634044819616,7.40003570778688,133,138.8,7.240651222779412,158.9,4.0
0.2365654535581814,90.0,215.95999999999998,-0.05939461346893012,8.50087059710987,7.212391457625815,134,138.7,7.143183180010597,158.9,4.0
0.2391152875237852,91.0,215.76,-0.06592041120041829,9.179402276173679,6.958959768947143,134,138.7,7.034766574000801,158.7,4.0
0.24171718571086792,92.0,215.51999999999998,-0.07084133931307765,9.366833473497845,6.642127162086093,135,138.7,6.919266245843971,158.5,4.0
0.2443892291461034,93.0,215.27999999999997,-0.07586352799949161,9.619356366847665,6.437822211584122,135,138.8,6.799421739112165,158.5,4.0
0.24714193614989202,94.0,215.04000000000002,-0.07956040827030988,9.909745213639095,6.310086376365058,137,138.9,6.724352994511643,158.4,4.0
0.24984483109880742,95.0,214.8,-0.08178870751403863,9.730421816095433,6.2210870678624826,137,139.1,6.689915089807705,158.3,4.0
0.25226335940573874,96.0,214.6,-0.08098134325601371,8.706701904952777,6.213270013558832,137,139.4,6.650119050753967,158.3,4.0
0.2547606277986311,97.0,214.4,-0.07702451509960333,8.99016621441261,6.1858993384024785,138,140.0,6.680392218015889,158.4,4.0
0.2572456398007697,98.0,214.2,-0.0696279837145292,8.946043207698887,6.138795611087609,138,140.6,6.73861368166969,158.5,4.0
0.25961378052565187,99.0,214.04000000000002,-0.06125406717704568,8.52530660957582,6.141263772438223,138,141.2,6.740690273572294,158.5,4.0
0.2618778612405643,100.0,213.92,-0.053789084471442206,8.150690573684631,6.260038224484297,138,142.0,6.7812733328431305,158.5,4.0
0.26405834587658855,101.0,213.84,-0.04434386513615051,7.849744689687356,6.407091995171912,138,142.7,6.73159000167382,158.6,4.0
0.2660501236429676,102.0,213.8,-0.03450654462147451,7.170399958964637,6.743310095760914,138,143.4,6.609873863901036,158.6,4.0
0.26805461902164807,103.0,213.78000000000003,-0.020632096325747286,7.2161833632497725,7.17744686593205,138,144.2,6.495747903245406,158.5,4.0
0.2702099098139211,104.0,213.74,-0.0016753591791543552,7.759046852182927,7.678877728135395,138,144.9,6.375912621556898,158.6,4.0
0.2721447403766057,105.0,213.74,0.020750941820948776,6.965390025664382,8.22895249221586,139,145.5,6.27177893546978,158.7,4.0
0.27415583205978283,106.0,213.78000000000003,0.04179643215275327,7.239930059437676,8.818799502301344,139,146.0,6.219752416163479,158.9,4.0
0.27623538919472035,107.0,213.9,0.06129406181715384,7.486405685775001,9.36108096755738,139,146.3,6.122710256374186,159.2,4.0
0.27834062474205895,108.0,214.12000000000003,0.07521662174102332,7.578847970419053,9.90341880990359,139,146.5,5.933488800132129,159.5,4.0
0.28043743825247813,109.0,214.44,0.08433585251431161,7.548528637508987,10.337967803630999,138,146.7,5.844882789665687,159.9,4.0
0.28253840858764134,110.0,214.76000000000005,0.09039432885242517,7.563493206587495,10.606928580517994,139,146.8,5.712340111486673,160.3,4.0
0.2845495005074027,111.0,215.08,0.09251215600780874,7.239930911140841,10.79202168930368,139,146.9,5.641237837727009,160.8,4.0
0.2865392064199523,112.0,215.32,0.09057609887785667,7.162941285178643,10.781701840936432,139,147.0,5.60756783858215,161.4,4.0
0.28848183786619075,113.0,215.48000000000002,0.08471991350607079,6.993473206458406,10.687820200474725,138,147.0,5.6282129615247865,162.0,4.0
0.2904075016577109,114.0,215.56,0.07831323753726506,6.932389649472454,10.572810139493527,139,147.0,5.616100328356221,162.5,4.0
0.2922576604398819,115.0,215.6,0.07127011289558606,6.660571615815572,10.495149945477355,139,146.9,5.601902925372262,163.0,4.0
0.2939980075598123,116.0,215.6,0.06824826826444363,6.265249631749503,10.591283521061216,138,146.9,5.539670334347908,163.4,4.0
0.2957764074558337,117.0,215.6,0.07370089444444586,6.402239625677053,10.897060271161447,139,146.9,5.508843660547254,163.7,4.0
0.2975608087582923,118.0,215.68,0.0870873865154194,6.42384468885076,11.331353811556871,139,147.0,5.53915959147508,164.0,2.0
0.2993247208611231,119.0,215.84,0.10670866186376111,6.350083570190926,12.098147799074226,139,147.3,5.562731747965378,164.3,2.0
0.3012171669057293,120.0,216.08,0.13086763742543694,6.812805760582268,13.077918439976864,140,147.7,5.633085617589942,164.5,2.0
0.3031325979790908,121.0,216.48000000000002,0.15756866266216432,6.895551864101464,13.988226065686863,141,148.3,5.717833069381789,164.6,2.0
0.3050117593387134,122.0,216.95999999999998,0.1801536647704334,6.764980894641271,15.024610820813425,142,149.1,5.77997832374253,164.7,2.0
0.3070384829162349,123.0,217.48000000000002,0.20311365769773765,7.296204879077617,16.285543854462162,144,150.0,5.757984526194039,164.8,2.0
0.3091258729956823,124.0,218.0,0.21961975042205495,7.514604286010473,17.23629795717225,145,151.0,5.698418335231721,164.9,2.0
0.31098180008869386,125.0,218.51999999999998,0.23216459887843746,6.681337534841591,18.107052381761275,145,152.1,5.622245751385124,165.0,2.0
0.31283487792882103,126.0,218.92,0.24118509487715842,6.671080224457879,18.919688740498778,146,153.1,5.573843141772552,165.0,2.0
0.31447526857159436,127.0,219.32,0.24445923302334874,5.905406313983942,19.62772824132372,146,154.1,5.528278752696743,165.0,2.0
0.31592156949135075,128.0,219.68,0.24670673438530058,5.20668331112294,19.896979897815196,146,155.0,5.5470591865540895,165.1,2.0
0.3173684650368048,129.0,220.04000000000002,0.24697649785767414,5.208823963634615,19.9158454829869,147,155.7,5.584204992361014,165.2,2.0
0.3189280352989429,130.0,220.4,0.24690277180786727,5.614452943697182,20.008866171673958,147,156.3,5.664691532586656,165.3,2.0
0.32055420613317354,131.0,220.8,0.24366930521839128,5.8542150032302915,20.30845461555103,147,156.7,5.747539281822386,165.5,2.0
0.32228884938361196,132.0,221.24,0.24672487068918275,6.244715701578256,20.376499064010325,147,156.9,5.881181910899553,165.7,2.0
0.3240460114061633,133.0,221.67999999999998,0.2468998734457608,6.325783281184697,20.092579741940042,147,157.0,6.000756685295311,165.9,2.0
0.3256077863293827,134.0,222.11999999999998,0.24685849247493635,5.622389723589898,19.87147840306715,147,157.0,6.180124693179911,166.1,2.0
0.32721758561554304,135.0,222.51999999999998,0.24660322539927018,5.795277430177163,19.786230607380574,147,157.0,6.369407188914452,166.3,2.0
0.32870248934961743,136.0,222.92,0.2455584798367878,5.345653442667751,19.500097219828444,147,157.0,6.534299805112951,166.5,2.0
0.3301453736763917,137.0,223.28000000000003,0.24163079394638648,5.19438357638729,19.18085962208103,147,157.1,6.672737477419425,166.8,2.0
0.3314981468207457,138.0,223.6,0.23179563060570302,4.869983319674354,19.144760266010742,147,157.3,6.7562017742365,167.0,2.0
0.3330023899299293,139.0,223.92,0.22386417953816543,5.415275193060989,18.824305577037244,147,157.5,6.77109510396866,167.1,2.0
0.3345283139888214,140.0,224.24,0.21305615074036624,5.493326612011519,18.671625100072816,147,157.7,6.728156311323609,167.2,2.0
0.336115047592541,141.0,224.56,0.2074777655602466,5.712240973390711,18.11855617003412,146,158.0,6.747097370374993,167.2,2.0
0.3376768225345784,142.0,224.84,0.20458035097132976,5.622389791334699,17.77604433224419,147,158.3,6.741128771903222,167.2,2.0
0.33934835490768345,143.0,225.16,0.20705789631956167,6.0175165431781625,17.51432797318889,147,158.5,6.82059820660082,167.1,2.0
0.34099434075014684,144.0,225.44,0.2120973924071921,5.925549032868164,17.70391466547551,148,158.7,6.879347761899882,167.0,2.0
0.34266961824878023,145.0,225.76,0.21983824242195707,6.030998995080137,17.65066304548665,150,158.9,6.932856853726653,166.9,2.0
0.3443499493984784,146.0,226.12000000000003,0.22500056504482524,6.049192138913388,17.540460851686987,151,159.1,6.908867765375116,166.8,2.0
0.34602824331356336,147.0,226.51999999999998,0.22492093065145413,6.041858094305768,17.396180428265875,153,159.1,6.841127401316274,166.6,2.0
0.34755364216447493,148.0,226.92,0.22736315277268285,5.491435863281769,17.308849007112634,155,159.0,6.76540429631545,166.5,2.0
0.3489967913915794,149.0,227.35999999999999,0.22725902026156392,5.195337217576073,17.505545237011233,156,158.9,6.721601246941773,166.5,2.0
0.3503572538089095,150.0,227.76,0.22695892052379127,4.897664702388338,16.950048259772405,157,158.9,6.658264976098056,166.5,2.0
0.35173239690194413,151.0,228.08,0.22374980144961776,4.950515134924742,16.663009131716116,157,158.7,6.557608668029255,166.5,2.0
0.3531597201506133,152.0,228.4,0.21498694890476283,5.138363695208983,16.299701835510156,157,158.5,6.562146925298488,166.5,2.0
0.35470468477628553,153.0,228.71999999999997,0.19841763564747783,5.561872652420069,15.852141403153471,157,158.5,6.515506126465364,166.6,2.0
0.35640283849057486,154.0,229.0,0.1769901895343721,6.113353371441626,15.054442015008366,157,158.4,6.470587267875402,166.8,2.0
0.35818129878311633,155.0,229.28000000000003,0.15265357959917672,6.4024570531493845,14.234138470109064,157,158.3,6.459166315829006,166.9,2.0
0.3600852036556635,156.0,229.52000000000004,0.12882525328844036,6.854057541169807,13.53514865497757,157,158.3,6.549467203648254,167.0,2.0
0.36199363020751435,157.0,229.68,0.11244901214220229,6.870335586663067,12.851181931311956,157,158.4,6.67358923243458,167.2,2.0
0.3638902585836403,158.0,229.76,0.0985332903215332,6.827862154053437,12.165247412233917,157,158.5,6.805769489982237,167.3,2.0
0.36566555996184413,159.0,229.84,0.08702693454622898,6.391084961533659,11.528103588773032,157,158.5,6.948762282739797,167.4,2.0
0.36752426684552036,160.0,229.88000000000002,0.08056822636118924,6.691344781234333,11.317006439815813,157,158.5,7.1427141976722,167.5,2.0
0.36942519464892876,161.0,229.96000000000004,0.0785491071657535,6.843340092270155,11.193441763551863,157,158.6,7.292065475860473,167.6,2.0
0.37131055294259374,162.0,230.08,0.0813145803006308,6.787289857193976,11.177642127095844,157,158.6,7.316437733564824,167.7,2.0
0.3732400666580062,163.0,230.24,0.09096494489823453,6.946249375484806,11.451295696823019,158,158.5,7.3180197115254,167.8,2.0
0.37517006564123184,164.0,230.44,0.10740021205803015,6.94799633961238,11.795302634939233,159,158.6,7.330079348356778,167.9,2.0
0.3769898962941404,165.0,230.72000000000003,0.12413330452035061,6.551390350470986,12.38580458167954,159,158.7,7.285271174554106,168.1,2.0
0.37877452674267353,166.0,231.04000000000002,0.1411582125567597,6.424669614719291,12.983451566792919,159,158.9,7.204842344777413,168.3,2.0
0.3807355673474449,167.0,231.4,0.15404361183940848,7.059746177176913,13.580350943091464,160,159.2,7.1460756622606665,168.3,2.0
0.3826156162833715,168.0,231.8,0.1627619126244529,6.768176169335718,13.982674682660265,160,159.5,7.116442421432329,168.4,2.0
0.3846116660912908,169.0,232.2,0.16740044283070254,7.185779308509642,14.258055175177777,159,159.9,7.042366903832307,168.5,2.0
0.3866335661841311,170.0,232.56,0.16769175787121365,7.278840334224949,14.447254876590591,159,160.3,6.916945429739357,168.5,2.0
0.3886831303537249,171.0,232.87999999999997,0.16617366910574463,7.378431010537869,14.638336093803948,159,160.8,6.8331092109843725,168.6,2.0
0.3905018522908579,172.0,233.16,0.16500607967285574,6.547398973678603,15.078924944192446,159,161.4,6.759996922262732,168.7,2.0
0.3922431983283291,173.0,233.4,0.16637699619569826,6.268845734896396,15.08617977538287,158,162.0,6.677719983065846,168.9,2.0
0.3939628553532191,174.0,233.6,0.16971939117121887,6.190765289604128,15.34715584592615,158,162.5,6.590696568408421,169.0,2.0
0.39566101086897865,175.0,233.84,0.1767211014138901,6.11335985673422,15.518128417990585,158,163.0,6.529401541754273,169.1,2.0
0.3972697072318348,176.0,234.11999999999998,0.18507089242668961,5.791306906282119,15.738908803569837,159,163.4,6.466498430892917,169.1,2.0
0.3989511469808595,177.0,234.48000000000002,0.1948721686444031,6.053183096488909,16.081021084537884,158,163.7,6.341137794218917,169.2,2.0
0.4008438021869784,178.0,234.92,0.20392557371358952,6.813558742028047,16.663864376778783,158,164.0,6.172038509530016,169.1,2.0
0.4027102942203613,179.0,235.44,0.21247227959701961,6.719371320178407,17.272114560788896,159,164.3,6.075972116915306,169.0,2.0
0.4046074197060072,180.0,235.95999999999998,0.219213799008789,6.8296517483253245,17.808601545239405,158,164.5,5.99111644478256,168.9,2.0
0.40662525900880553,181.0,236.48000000000002,0.22169508903188664,7.264221490073914,18.23601727248996,158,164.6,5.88916801748974,168.7,2.0
0.4086948167454364,182.0,236.95999999999998,0.22183296940795222,7.450407851871071,18.300719938376584,159,164.7,5.867632160810674,168.4,2.0
0.410780946196203,183.0,237.4,0.2156045961327307,7.5100660227596645,18.44312321308114,159,164.8,5.922992381776724,167.9,2.0
0.4128677706031698,184.0,237.76,0.2054100133902348,7.51256786508068,18.15365131909259,159,164.9,5.938083360826759,167.3,2.0
0.41496312832103366,185.0,238.08,0.1914647850910971,7.543287784309835,17.694460639609762,158,165.0,5.9752462029671785,166.7,2.0
0.4171105800031465,186.0,238.4,0.17812309172026314,7.7308260556061414,17.15257943391592,159,165.0,6.029933060917697,166.3,2.0
0.41920688441380527,187.0,238.68,0.1614068775929513,7.546695878371649,16.42512278501308,159,165.0,6.13903604800837,165.9,2.0
0.4211672403357696,188.0,238.95999999999998,0.1476236124755522,7.057281319071564,15.613238511942814,158,165.1,6.262878974924684,165.7,2.0
0.4230381267523763,189.0,239.24,0.13433091674490363,6.735191099784154,14.90058225673802,158,165.2,6.398365999478484,165.5,2.0
0.4249687512292205,190.0,239.51999999999998,0.12513809238522827,6.9502481166391235,14.335188263214466,159,165.3,6.547385942892667,165.5,2.0
0.42686212338256696,191.0,239.71999999999997,0.12017825204170426,6.816139752047167,13.816029242143577,159,165.5,6.732911725970292,165.5,2.0
0.42870826770315146,192.0,239.92,0.1197564737829061,6.646119554104148,13.317799116671972,161,165.7,6.860176945276182,165.7,2.0
0.4306311563691493,193.0,240.08,0.12356360902976637,6.922399197592207,13.080937418412926,162,165.9,6.934985032524724,166.0,2.0
0.43263566621825966,194.0,240.24,0.12738791483114292,7.216235456797304,13.014199573702873,162,166.1,6.987835373630102,166.5,2.0
0.4345252586094568,195.0,240.44,0.13372024325419446,6.802532608309608,13.421837040605102,162,166.3,7.013112196142705,167.0,2.0
0.4363243173079781,196.0,240.71999999999997,0.14055378723147155,6.476611314676641,13.625506421232885,163,166.5,6.996225630105466,167.4,2.0
0.43818774333320637,197.0,241.04000000000002,0.15165987197435055,6.708333690821806,13.988748129325995,164,166.8,6.944758869257555,167.8,2.0
0.43994500956427723,198.0,241.35999999999999,0.16288268116340104,6.32615843185516,14.387592102756315,164,167.0,6.877948714385695,168.2,2.0
0.44158734892755924,199.0,241.72000000000003,0.17890480759431174,5.912421707815299,15.070878326791426,164,167.1,6.797799890667257,168.6,2.0
0.44327624169702173,200.0,242.08,0.19492550935012537,6.080013970064877,15.654383923457019,164,167.2,6.71665658735116,168.8,2.0
0.44499934988744,201.0,242.44,0.2084554214055047,6.203189485505663,16.396257332371754,164,167.2,6.616059574400221,169.0,2.0
0.4466707633445207,202.0,242.8,0.21741138412701555,6.017088445490616,17.07034071812884,165,167.2,6.565328940582157,169.1,2.0
0.4482454280197574,203.0,243.2,0.22386753864084877,5.668792830852193,17.61630442505419,165,167.1,6.534212950012561,169.1,2.0
0.44978021763362086,204.0,243.6,0.2275454180865646,5.5252426099082905,17.85038656340607,165,167.0,6.508048162079172,169.0,2.0
0.45140295893422155,205.0,244.0,0.22821825172094803,5.841868682162511,17.799367686494243,165,166.9,6.447754865062639,168.9,2.0
0.4529663074323741,206.0,244.4,0.2256144234625252,5.628054593349179,17.85800142906381,165,166.8,6.410344004872225,168.8,2.0
0.45454654338178896,207.0,244.8,0.2200385255269907,5.688849417893614,17.860887936412208,165,166.6,6.389893866641807,168.7,2.0
0.4562439877887513,208.0,245.16,0.21380195449896094,6.110799865064486,17.84918471940609,165,166.5,6.424493175100158,168.4,2.0
0.4580401055436057,209.0,245.51999999999998,0.206460265531704,6.466023917475804,17.53270073933439,165,166.5,6.435322222405577,168.1,2.0
0.45977091769931827,210.0,245.84,0.1987114196090872,6.230923760565234,17.273014291856704,165,166.5,6.469357595266764,167.8,2.0
0.46159725600679324,211.0,246.11999999999998,0.1930872400487757,6.5748179069098525,17.05712196453088,165,166.5,6.48243812831242,167.4,2.0
0.46342057740262543,212.0,246.4,0.19150495496435294,6.563957024995804,16.987810227497427,165,166.5,6.430916913610234,167.0,2.0
0.4652983059308918,213.0,246.72000000000003,0.19204508976275653,6.759822701758926,17.15092780743946,165,166.6,6.4070627685946775,166.7,2.0
0.4671771036750783,214.0,247.04000000000002,0.19730959841344564,6.763671879071429,17.68904089853951,166,166.8,6.389989045056481,166.4,2.0
0.4691761978216618,215.0,247.4,0.20522787790156669,7.196738927700509,18.19294077855278,166,166.9,6.418978343056949,166.1,2.0
0.471153490607076,216.0,247.84,0.21614484617204827,7.11825402749102,18.71497633206433,166,167.0,6.531107767579546,165.9,2.0
0.47324907595392873,217.0,248.32,0.23004747807218853,7.544107248669844,19.2443026688289,167,167.2,6.644915113158627,165.6,2.0
0.475300034858963,218.0,248.84,0.24252303044705115,7.3834520581233924,19.63281870831382,167,167.3,6.68369955097909,165.4,2.0
0.47730395285617444,219.0,249.4,0.2515313136353868,7.214104789961218,19.88168842337089,167,167.4,6.744727970508109,165.3,2.0
0.4791815715149575,220.0,249.95999999999998,0.2588654862452687,6.75942717161902,19.998764168208908,167,167.5,6.785005654729642,165.2,2.0
0.4810781232183008,221.0,250.51999999999998,0.26441926466496346,6.827586132035888,19.961528247028095,167,167.6,6.78894649071037,165.2,2.0
0.48285453748625173,222.0,251.04000000000002,0.2616651054513727,6.395091364623423,19.76470311131545,167,167.7,6.812980735479212,165.2,2.0
0.48458930278994056,223.0,251.51999999999998,0.2548922294763936,6.245155093279809,19.33143703114299,168,167.8,6.809400252720853,165.2,2.0
0.48628251677059414,224.0,251.95999999999998,0.24610589935199986,6.095570330352838,18.862110543593378,168,167.9,6.869781382822232,165.2,2.0
0.4880589752957375,225.0,252.4,0.23285172360430018,6.39525069051612,18.30494903743531,167,168.1,6.936532831629559,165.2,2.0
0.48981087001638474,226.0,252.76000000000005,0.21923061249884035,6.306820994330045,17.691751229340788,167,168.3,6.8688018442816645,165.1,2.0
0.49162701921615154,227.0,253.08,0.20523750973550436,6.538137119160458,16.911824278158903,167,168.3,6.719710421248266,165.1,2.0
0.4935370596939134,228.0,253.4,0.19294764536256268,6.876145719942741,16.219024248105203,167,168.4,6.517434272252999,165.1,2.0
0.4954545443839871,229.0,253.68,0.1801576984376368,6.902944884265268,15.608065081014482,166,168.5,6.245585752525884,165.0,2.0
0.49725948307628853,230.0,253.95999999999998,0.17170523724392955,6.497779292285135,15.16648597081269,166,168.5,6.090853536223271,165.0,2.0
0.49898855339903037,231.0,254.24,0.16319624118989237,6.224653161870556,14.729095155595369,166,168.6,6.117633277622469,165.0,2.0
0.5006610486108969,232.0,254.51999999999998,0.15905711143309817,6.020982762719285,14.425305818889672,166,168.7,6.143802906690714,165.1,2.0
0.5023390079750568,233.0,254.76,0.15689386079932305,6.04065371097562,14.157767637296885,166,168.9,6.191327762021587,165.3,2.0
0.5041283311458725,234.0,255.04000000000002,0.15435673529684274,6.4415634149363665,13.824547325849466,167,169.0,6.263981305548212,165.5,2.0
0.5059348703579754,235.0,255.32,0.15375131940857353,6.503541163570291,13.661326131636642,167,169.1,6.330090971824667,165.7,2.0
0.5077813077810148,236.0,255.6,0.15314283364607442,6.647174722941917,13.586255108915378,167,169.1,6.398750385676259,165.9,2.0
0.5096337917947973,237.0,255.88000000000002,0.1545592891684397,6.668942449617015,13.66653824415611,167,169.2,6.586895306897233,166.0,2.0
0.5114007177872754,238.0,256.15999999999997,0.1559567591541701,6.360933572920882,13.93084533721905,167,169.1,6.867358706415956,166.2,2.0
0.513251940963417,239.0,256.44,0.1617182950534442,6.664403434109702,14.18995047893226,167,169.0,7.148615140872513,166.4,2.0
0.51500945264589,240.0,256.71999999999997,0.16506652472119016,6.327042056903176,14.274192070749887,168,168.9,7.40331381753658,166.6,2.0
0.5168190487964109,241.0,257.04,0.16625167607923835,6.514546141875245,14.368749219927793,167,168.7,7.564285201027763,166.8,2.0
0.5188030146319513,242.0,257.36,0.16305382058158202,7.142277007945252,14.38673710190892,167,168.4,7.741450033420608,166.9,2.0
0.5207971055116086,243.0,257.71999999999997,0.15980617754763765,7.17872716676642,14.293177630103191,168,167.9,7.956642674247744,166.9,2.0
0.5226941632319255,244.0,258.08000000000004,0.1548545260979241,6.829407793141001,14.207904111298564,168,167.3,8.118358670901387,166.9,2.0
0.5246702258316089,245.0,258.4,0.14825683003682194,7.113825358860474,13.978965769169765,168,166.7,8.159891579378575,166.9,2.0
0.5266285457108193,246.0,258.64,0.1420131958332541,7.049951565157255,13.80685372845575,168,166.3,8.275141950011182,166.9,2.0
0.5284919764912149,247.0,258.88,0.13646133106554945,6.708350809424288,13.575668695243612,168,165.9,8.394897125405233,167.0,2.0
0.5303256642747175,248.0,259.08000000000004,0.13130371922719772,6.601276020609299,13.067125557207325,168,165.7,8.467554086506421,167.0,2.0
0.5321669416654192,249.0,259.23999999999995,0.12162927065809057,6.628598606526119,12.543232734017925,168,165.5,8.609610897183789,167.0,2.0
0.534092178709285,250.0,259.4,0.11198206055260747,6.9308533579169715,11.935552626857634,169,165.5,8.759884710499088,167.0,2.0
0.5360871955509374,251.0,259.6,0.10204177276928128,7.1820606299485155,11.20789559873793,169,165.5,8.880166956771163,167.0,2.0
0.5378830197549559,252.0,259.8,0.09406266820666265,6.4649671344663036,10.687278491349073,169,165.7,8.963176754563609,167.0,2.0
0.5394629677928537,253.0,259.96,0.08388172649372663,5.68781293643244,10.34240703955373,168,166.0,9.080155989527515,167.0,2.0
0.5407981473215172,254.0,260.12,0.07790042782135763,4.8066463031883275,10.020886227576046,169,166.5,9.210192586869372,167.0,2.0
0.5420190751441809,255.0,260.23999999999995,0.07151478880394972,4.395340161589319,9.779319815021786,169,167.0,9.385778335339138,167.0,2.0
0.5435475833114396,256.0,260.32,0.06687070724264489,5.5026294021311255,9.620331258420816,168,167.4,9.56160474352648,167.0,2.0
0.5454854022623885,257.0,260.36,0.06138569366602285,6.976148223416264,9.519201202407071,169,167.8,9.705376286278316,167.0,2.0
0.5473917834599695,258.0,260.43999999999994,0.0592900649040357,6.862972311291748,9.510347936921553,169,168.2,9.80866974501625,167.0,2.0
0.5493650743377014,259.0,260.47999999999996,0.05939307332218704,7.103847159834858,9.61517097008539,170,168.6,9.917148724546326,167.1,2.0
0.5514921267802523,260.0,260.56,0.0611784723927208,7.657388793183222,9.936876625956382,170,168.8,9.95963979548664,167.2,2.0
0.5536707815837837,261.0,260.67999999999995,0.06505982203463982,7.843157292713062,10.331315929095801,170,169.0,9.968348652979657,167.4,2.0
0.5556573263818343,262.0,260.88,0.07110465247392615,7.151561272982221,10.72537461240109,169,169.1,10.050955912284042,167.6,2.0
0.5577598992009015,263.0,261.08,0.07588872097053367,7.56926214864218,11.14269601617937,169,169.1,10.107347529885384,167.8,2.0
0.5598741437282281,264.0,261.32,0.08008859925480546,7.6112802983755605,11.583551877958396,168,169.0,10.134580816073612,168.0,2.0
0.5618763394243822,265.0,261.55999999999995,0.08647907907564932,7.207904506154901,12.06925094332332,168,168.9,10.236201652470951,168.3,2.0
0.5641123439157077,266.0,261.79999999999995,0.09078837275015231,8.049616168771786,12.429862278601062,167,168.8,10.36148086352041,168.6,2.0
0.5664973055985767,267.0,261.96,0.09310799150219,8.58586205832811,12.561947392894528,167,168.7,10.44892416057218,168.9,2.0
0.5688958113305823,268.0,262.15999999999997,0.0916019031787949,8.634620635220186,12.741618363133338,166,168.4,10.57377802324368,169.2,2.0
0.5714668595439452,269.0,262.36,0.0885698534687163,9.255773568106212,12.916205166420847,165,168.1,10.679219040248892,169.4,2.0
0.5740431230883117,270.0,262.56,0.08222887339502793,9.27454875971965,13.009226336300657,164,167.8,10.746647966810173,169.7,2.0
0.5763371470820575,271.0,262.75999999999993,0.07771352540747001,8.258486377484946,13.202627625616643,164,167.4,10.763901498952183,169.9,2.0
0.5786438317985321,272.0,262.96,0.07332492098462581,8.304064979308288,13.402801172515655,165,167.0,10.74913407478013,170.1,2.0
0.5810790578825829,273.0,263.12,0.07547142029731455,8.766813902582706,13.562985429136205,165,166.7,10.65788213335542,170.3,2.0
0.5833951273018572,274.0,263.23999999999995,0.07731282665109854,8.337849909387423,13.687482429463396,166,166.4,10.543238509274236,170.6,2.0
0.5857919252498929,275.0,263.4,0.08208961142259154,8.628472612928572,13.869552240251178,166,166.1,10.401424221656722,170.7,2.0
0.5884453570004275,276.0,263.55999999999995,0.08533127751928479,9.552354301924792,14.077826334451126,167,165.9,10.331468213605447,170.8,2.0
0.5911644360340522,277.0,263.8,0.08858477229928782,9.78868452104884,14.315628350153142,167,165.6,10.261708438465002,170.9,2.0
0.5937935245377035,278.0,264.08,0.09048633399318318,9.464718613144663,14.495634892609178,168,165.4,10.223832322344816,171.0,2.0
0.5966895150704106,279.0,264.44,0.08833368625710204,10.425565917745303,14.493900617789027,168,165.3,10.205052230125164,171.1,2.0
0.5996269913851712,280.0,264.75999999999993,0.08351396651008422,10.57491473313818,14.335727846732476,169,165.2,10.16834487062519,171.1,2.0
0.6024087535691108,281.0,265.08,0.07432105089007153,10.014343862182617,14.029143494755498,169,165.2,10.091747517134896,171.2,2.0
0.6052038449749947,282.0,265.36,0.062383599155455674,10.06232906118171,13.494315257160263,169,165.2,9.97815078141775,171.3,2.0
0.6080384364555783,283.0,265.48,0.044737551619367766,10.204529330101051,12.807130474307138,169,165.2,9.831270958595834,171.4,2.0
0.6106414321491246,284.0,265.48,0.027246574491711438,9.370784496766767,12.12791911274205,170,165.2,9.639844775699784,171.3,2.0
0.6133395605958549,285.0,265.4,0.007002489414206925,9.713262408229328,11.336450763307122,170,165.2,9.48116881842348,171.4,2.0
0.6161110230990016,286.0,265.24,-0.010189660437893166,9.977265011327956,10.536266636988,169,165.1,9.222177593702428,171.5,2.0
0.6188542934034402,287.0,265.0,-0.02719955531497925,9.875773095978998,9.903085683603368,169,165.1,8.957503781006972,171.5,2.0
0.6217128465162703,288.0,264.8,-0.04134026137571273,10.290791206188494,9.388489247031377,169,165.1,8.70643468469894,171.6,2.0
0.6247654804312033,289.0,264.6,-0.04834958794184401,10.98948209375871,8.989450559374735,168,165.0,8.448984908061934,171.6,2.0
0.6277786047631534,290.0,264.43999999999994,-0.05102887352890963,10.847247595020479,8.788219353299299,168,165.0,8.176396221018567,171.6,2.0
0.6308426470481967,291.0,264.28,-0.0508816866834527,11.030552226156022,8.715886256044094,168,165.0,7.932249074023173,171.5,2.0
0.6339857362625513,292.0,264.15999999999997,-0.04656398008959772,11.315121171676303,8.740891368554923,168,165.1,7.717051575712548,171.4,2.0
0.6370632257905009,293.0,264.08,-0.039507774981590485,11.078962300618743,8.845155245645579,168,165.3,7.541498013554971,171.3,2.0
0.6400130377692458,294.0,264.0,-0.03395276126030549,10.619323123481754,9.032372426053941,167,165.5,7.41495247420396,171.3,2.0
0.6430040579298796,295.0,263.92,-0.025658824599406094,10.767672578281465,9.227929542857835,167,165.7,7.288614202901913,171.2,2.0
0.6459628230068075,296.0,263.88,-0.017394439011508007,10.651554276940765,9.437806641577414,166,165.9,7.223267809789357,171.1,2.0
0.6487540197894184,297.0,263.84000000000003,-0.009178654618447763,10.048308417399122,9.663264704629082,165,166.0,7.209745953229704,171.0,2.0
0.6515715522795483,298.0,263.8,-0.0009103174723677568,10.143116964467934,10.00464819668122,165,166.2,7.247653288938096,170.9,2.0
0.6543707085794127,299.0,263.84,0.006046017703572173,10.076962679511603,10.361745324107481,165,166.4,7.262282123105955,170.9,2.0
0.6570653784000262,300.0,263.91999999999996,0.011611609644481307,9.700811354208664,10.783338251093975,165,166.6,7.286233895723981,170.8,2.0
0.6597354921083542,301.0,264.0,0.01870797699787789,9.61240934998088,11.263610515592585,165,166.8,7.378567353049112,170.7,2.0
0.6626842590781219,302.0,264.12,0.026048981198966516,10.615561091163535,11.721525466070869,166,166.9,7.449079467478337,170.6,2.0
0.6655679714529037,303.0,264.23999999999995,0.03502740741537115,10.38136454921429,12.090167105458624,165,166.9,7.403875509952679,170.5,2.0
0.6684125719979814,304.0,264.32,0.04578992741328563,10.240561962279903,12.383896588762498,165,166.9,7.3841912961636655,170.4,2.0
0.6713514252357828,305.0,264.44,0.055639787383921224,10.579871656084956,12.595151745558107,166,166.9,7.3667102222288605,170.3,2.0
0.6742082254252109,306.0,264.6,0.06274653450668491,10.284480681941023,12.710290960161089,165,166.9,7.233631925354745,170.1,2.0
0.6767866517814598,307.0,264.79999999999995,0.06844613671218312,9.282334882496185,12.849205227528142,165,167.0,7.027855307744605,170.0,2.0
0.6792886377834866,308.0,265.04,0.071242326067244,9.007149607296455,12.85234326828927,165,167.0,6.850381165623652,169.8,2.0
0.6816797945755123,309.0,265.32,0.07240772314013498,8.608164451292435,12.793448151655445,165,167.0,6.700055720902237,169.5,2.0
0.6838427249991924,310.0,265.56,0.07511940969539195,7.786549525248188,12.69502506534864,165,167.0,6.513828743994994,169.4,2.0
0.6860720721595307,311.0,265.76,0.07836300762208823,8.025649777217811,12.531640291860404,165,167.0,6.309905489482935,169.3,2.0
0.6883014190606288,312.0,265.92,0.08209791711206321,8.025648843953034,12.288159482861966,165,167.0,6.135240214253595,169.1,2.0
0.6904499264001454,313.0,266.03999999999996,0.08438233774541586,7.734626422259727,12.041662501507293,165,167.0,6.080939090517584,168.9,2.0
0.6925971127888119,314.0,266.15999999999997,0.0869749629444694,7.729870999199595,11.833450266566135,165,167.0,5.982105437022662,168.7,2.0
0.6948208277581771,315.0,266.32,0.08770560656936073,8.005373889714873,11.697637751281016,165,167.0,5.850797173042646,168.5,2.0
0.6969204371502625,316.0,266.52,0.08771616188246324,7.558593811507383,11.622860140315229,165,167.0,5.836402280071033,168.4,2.0
0.6988206769870798,317.0,266.71999999999997,0.08910866702399386,6.840863412542228,11.5345846847169,165,167.0,5.906152292573303,168.4,2.0
0.700724892160466,318.0,266.9599999999999,0.09194564682597874,6.855174624190207,11.514384364517813,166,167.0,5.844157597856331,168.4,2.0
0.7026284001687206,319.0,267.2,0.0962575161828801,6.852628829716661,11.55095079230627,167,167.1,5.767142889181524,168.5,2.0
0.7044398152053145,320.0,267.4,0.09839202233644398,6.52109413173809,11.619681977349249,167,167.2,5.715420723586529,168.5,2.0
0.7063182227231471,321.0,267.6,0.09853399188743217,6.762267064197322,11.625086573866735,167,167.4,5.669989254512082,168.4,2.0
0.7083660518655992,322.0,267.8,0.0966243304188691,7.372184912827484,11.625152929777347,167,167.6,5.61666601280916,168.4,2.0
0.71047699849245,323.0,268.0,0.09456486765951974,7.599407856663195,11.70595636007002,166,167.8,5.5708792384534895,168.4,2.0
0.7127294830358621,324.0,268.15999999999997,0.08857562612616751,8.108944356283516,11.710149110702442,167,168.0,5.537092173486284,168.4,2.0
0.7149938336556937,325.0,268.32,0.08478780443791065,8.151662231393463,11.510845590182365,167,168.3,5.557628007263935,168.4,2.0
0.7171599757494959,326.0,268.48,0.08115977283049516,7.798111537687649,11.341026387301028,167,168.6,5.480908067689599,168.4,2.0
0.7193166974122163,327.0,268.64,0.07769324149186456,7.764197985793546,11.176215307076006,167,168.9,5.331342772527767,168.2,2.0
0.7214167795701281,328.0,268.76,0.07223295608568973,7.56029576848245,10.840525451366572,167,169.2,5.17018891479188,168.1,2.0
0.7231947210297003,329.0,268.91999999999996,0.06932134254577599,6.400589254460082,10.530631821236332,167,169.4,5.022866922243347,167.9,2.0
0.7249514576946581,330.0,269.03999999999996,0.06863013257552851,6.324251993847938,10.192137372081522,167,169.7,4.906177049122986,167.7,2.0
0.7267813066737828,331.0,269.15999999999997,0.07032264433437582,6.587456324849286,9.923526880702726,167,169.9,4.787431100403135,167.5,2.0
0.7284594738804735,332.0,269.23999999999995,0.06974373407544629,6.041401944086318,9.77991908444043,167,170.1,4.709966410783978,167.2,2.0
0.7299988187917407,333.0,269.36,0.07176958808475592,5.541641680561797,9.660743810502684,167,170.3,4.648112909105493,166.9,2.0
0.731758319607039,334.0,269.47999999999996,0.0756665779160998,6.334202935073988,9.66899203942024,167,170.6,4.575278774825534,166.6,2.0
0.7336050995470887,335.0,269.64,0.07722316319175151,6.6484077841793185,9.904986680026372,167,170.7,4.480362810561337,166.4,2.0
0.7352539444828152,336.0,269.76,0.0807729417982263,5.935841768615215,10.101872505010622,167,170.8,4.428111990026066,166.2,2.0
0.7368442126607799,337.0,269.92,0.08680975236413085,5.7249654406729515,10.276607660387281,167,170.9,4.408236147502739,166.0,2.0
0.7384591134986103,338.0,270.08,0.0949858873800983,5.813643016189059,10.70407740043167,167,171.0,4.439848802228577,165.7,2.0
0.7400862185033602,339.0,270.24,0.10083794584680919,5.857578017099976,10.937499155109256,167,171.1,4.437514663880755,165.5,2.0
0.7415684172419432,340.0,270.4,0.10917944786266946,5.335915458898711,11.280747028401654,167,171.1,4.447208650670193,165.3,2.0
0.7430335210433457,341.0,270.6,0.11521644817990442,5.27437368504913,11.59568726279521,167,171.2,4.445951046042696,165.2,2.0
0.7446717024362264,342.0,270.8,0.12099812546847591,5.897453014370174,11.732175237534813,167,171.3,4.339738470577831,165.2,2.0
0.7464047973822221,343.0,270.99999999999994,0.12410848035151897,6.239141805584506,11.813383411991373,167,171.4,4.206263821352633,165.2,2.0
0.7479920907121955,344.0,271.23999999999995,0.12474859428687983,5.714255987904261,11.806480799376782,167,171.3,4.134851752846368,165.1,2.0
0.7496249409059265,345.0,271.48,0.12309907629061774,5.878260697431252,11.756123283906538,168,171.4,4.020421446390789,165.0,2.0
0.7511301131594446,346.0,271.68,0.11881347531583981,5.418620112665277,11.625441929678448,168,171.5,3.915374822279471,164.8,2.0
0.7525941828122025,347.0,271.88,0.11492962302716447,5.2706507499284685,11.527734160371143,169,171.5,3.893320623110937,164.7,2.0
0.7540609635341913,348.0,272.04,0.11113735169171153,5.280410599159854,11.173238499216149,169,171.6,3.926190489236043,164.6,2.0
0.75556088305462,349.0,272.15999999999997,0.10746254348650439,5.399710273543259,10.87394207498676,169,171.6,3.9884735961335247,164.4,2.0
0.7569492288349607,350.0,272.23999999999995,0.09819444566649212,4.998044809226649,10.343038793995996,169,171.6,4.078013471579186,164.1,2.0
0.7584713766190789,351.0,272.35999999999996,0.09197931854284445,5.479732022825648,9.881047495991123,170,171.5,4.227471125964766,163.7,2.0
0.7598964470686975,352.0,272.48,0.08841815114947024,5.130253618626814,9.568443075574148,170,171.4,4.322662603981423,163.3,4.0
0.7612140828614659,353.0,272.6,0.0851050602461054,4.743488853966183,9.312076236237049,170,171.3,4.43858863302127,162.9,4.0
0.7623537265866174,354.0,272.67999999999995,0.08760365387410748,4.10271741054539,9.203714097491602,170,171.3,4.513151815388673,162.6,4.0
0.763577349023269,355.0,272.8,0.09583369287239332,4.405040771945925,9.193000819171143,170,171.2,4.569914173206376,162.2,4.0
0.7647583827403417,356.0,272.91999999999996,0.10648006525952725,4.251721381461669,9.251223843683567,171,171.1,4.525007126677482,162.1,4.0
0.7658926025355445,357.0,273.03999999999996,0.11410469790655083,4.083191262729961,9.376524634048923,171,171.0,4.48332396778247,162.1,4.0
0.7671442035641468,358.0,273.2,0.12148940217136146,4.505763702968279,9.67018765205292,171,170.9,4.364218263431246,162.2,4.0
0.7684723078021353,359.0,273.4,0.12866028391084802,4.781175256758417,10.100485642491396,171,170.9,4.22638428697036,162.5,4.0
0.7696583365428095,360.0,273.6,0.139136452142957,4.26970346642706,10.648892842394469,172,170.8,4.071001867766605,162.9,4.0
0.7709168288706383,361.0,273.8,0.15038315209478673,4.530572380183667,11.144112556408208,171,170.7,3.904629995412703,163.4,2.0
0.7721967581521033,362.0,274.0,0.16183665411590825,4.607745413274109,11.64012483929441,171,170.6,3.85001213526517,164.0,2.0
0.7734591832711958,363.0,274.2,0.17368486215945117,4.544730428732922,12.076308766399814,171,170.5,3.756279984987992,164.7,2.0
0.7746866399261413,364.0,274.4,0.182743913898528,4.4188439578037615,12.206516785496298,171,170.4,3.6818070345754967,165.4,2.0
0.7759037786451601,365.0,274.64,0.1923013460885866,4.381699388467709,12.256023953234628,171,170.3,3.741385266478973,166.2,2.0
0.7771117401033146,366.0,274.88,0.19809064184206077,4.3486612493560415,12.406491270106697,171,170.1,3.929408824284362,166.8,2.0
0.7782424665523299,367.0,275.12,0.20352776580397053,4.070615216454995,12.35891835537003,172,170.0,4.024306009830672,167.4,2.0
0.7791990326490853,368.0,275.36,0.20852462138516709,3.4436379483196258,12.275960054644248,172,169.8,4.170641942725456,167.9,2.0
0.7801563739725593,369.0,275.64,0.2127678615590533,3.4464287645064346,12.378178469630912,172,169.5,4.3537926314911815,168.4,2.0
0.7811440358562717,370.0,275.88,0.2128334006408638,3.5555827813644028,12.584314834823768,171,169.4,4.43782660142818,169.0,2.0
0.7820846662217239,371.0,276.12,0.20851397891551232,3.3862693156278856,12.788872570596904,172,169.3,4.558713384802124,169.6,2.0
0.783072799325102,372.0,276.36,0.20676247840014655,3.5572791721609343,13.03126094188051,172,169.1,4.703466056221153,170.1,2.0
0.7842739627798374,373.0,276.6,0.20417845723745395,4.32418843704758,13.422300980370911,171,168.9,4.866865813164478,170.5,2.0
0.7855927246184637,374.0,276.8,0.20120549698159634,4.7475426190548236,13.636519728273608,172,168.7,5.025441930062414,170.9,2.0
0.7869828719677533,375.0,277.0,0.19458641722237746,5.0045304574425185,13.90485121274518,171,168.5,5.101862713867414,171.2,2.0
0.7884395553021457,376.0,277.24,0.19237771299584688,5.244060003812663,14.095035964513752,171,168.4,5.111576391405781,171.6,2.0
0.7899854419022321,377.0,277.48,0.19115829669525852,5.565191760310786,14.302696244211749,171,168.4,5.124200243806832,171.9,2.0
0.791206428771256,378.0,277.71999999999997,0.19119478730776795,4.395552728486205,14.214848621936534,171,168.4,5.120732978722364,172.2,2.0
0.792485786842063,379.0,277.96,0.19288461361040596,4.6056890549049045,14.20683354129019,171,168.5,5.046937700424994,172.4,2.0
0.7936805686767958,380.0,278.2,0.20240994866476858,4.301214605038425,13.987594656765094,171,168.5,5.030723817568704,172.6,2.0
0.7947788722584083,381.0,278.43999999999994,0.21302363639890826,3.953892893804919,13.764204422999814,171,168.4,4.875418196640817,172.9,2.0
0.7956422635658728,382.0,278.67999999999995,0.22125744795598004,3.108208706871999,13.525857715876816,171,168.4,4.721626651564714,173.2,2.0
0.7967276404681221,383.0,278.91999999999996,0.22929307738440868,3.9073568480974585,13.272901869227343,170,168.4,4.550179210229877,173.5,2.0
0.797715553127995,384.0,279.2,0.23585189861150657,3.556485575542574,13.347273310313025,171,168.4,4.402791830593349,173.8,0.0
0.7987228283204488,385.0,279.47999999999996,0.23805002317509363,3.626190692833659,13.28159907189124,171,168.4,4.266793312531475,174.1,0.0
0.7997478938237197,386.0,279.75999999999993,0.24242160442213895,3.690235811775117,13.194592831115727,170,168.4,4.210376940327784,174.3,0.0
0.8008316363339341,387.0,280.04,0.2418233651875367,3.901473036771773,13.486537365161414,170,168.2,4.133175926130456,174.5,0.0
0.8019009069247705,388.0,280.32,0.2400690778742894,3.849374127010877,14.133701379689143,170,168.1,3.9976394950026775,174.7,0.0
0.8029198979114741,389.0,280.56,0.24005300307213587,3.668367552133116,14.394507130622582,170,167.9,3.910016175316364,174.9,0.0
0.8039078104395057,390.0,280.84000000000003,0.23530227144434873,3.5564851009134784,14.765873547036321,170,167.7,3.8606526886390897,175.0,0.0
0.805171609109739,391.0,281.08,0.2291786923606305,4.549675212839671,15.23358988878095,170,167.5,3.860442186254038,175.1,0.0
0.8065572880777739,392.0,281.32,0.2218587691639093,4.988444284925897,15.31144260704178,169,167.2,3.766663821100152,175.2,0.0
0.8079062682732074,393.0,281.59999999999997,0.21749686479458222,4.856328703560558,15.481197341051844,169,166.9,3.730466094141496,175.3,0.0
0.8093006696355659,394.0,281.88,0.21156409495038958,5.019844904490414,15.703376868628826,169,166.6,3.674449958005053,175.4,0.0
0.8108166967412578,395.0,282.15999999999997,0.20976591706350883,5.457697580490914,15.96452272779251,168,166.4,3.5778402143581203,175.4,0.0
0.8120751899387981,396.0,282.43999999999994,0.20246956035710467,4.530575511145109,16.220116742864626,169,166.2,3.4442756520495665,175.4,0.0
0.8134947290694957,397.0,282.75999999999993,0.19974408539529637,5.110340870511194,16.214846586784887,169,166.0,3.413381387139458,175.4,0.0
0.8149660904142738,398.0,283.04,0.19458715158568798,5.2969008412011735,16.051411805595837,168,165.7,3.400407115094933,175.3,0.0
0.816438969614709,399.0,283.32,0.19019720631157866,5.3023651215663685,15.935617060702512,168,165.5,3.430843501820541,175.2,0.0
0.8178673713563459,400.0,283.56,0.18706498072845704,5.14224626989284,15.829870652111378,168,165.3,3.598536770464832,175.2,0.0
0.819343449981593,401.0,283.8,0.18850647310346974,5.313883050889665,15.537759177803489,168,165.2,3.887962803986311,175.1,0.0
0.8207561113872346,402.0,284.0,0.1913430997808952,5.085581060309579,15.506036991515018,168,165.2,4.324325191255745,174.9,0.0
0.8221401578393377,403.0,284.24,0.19238741032562223,4.982567227571066,15.084778195677865,169,165.2,4.850231328783371,174.6,0.0
0.8235249279097948,404.0,284.48,0.19660831570450008,4.985172253645729,14.76337813800728,169,165.1,5.426247232879538,174.3,0.0
0.8248359681313274,405.0,284.76,0.2013249788341278,4.719744797517222,14.431342217895928,169,165.0,5.8989493482803095,174.1,0.0
0.8260494227653781,406.0,285.04,0.2060651485653596,4.368436682582193,14.236816269094097,169,164.8,6.366360396017024,173.9,2.0
0.8270375573934982,407.0,285.32,0.21472580110645872,3.557284661232339,14.111115178588488,168,164.7,6.723574993951198,173.7,2.0
0.8280817200019538,408.0,285.6,0.22652332006568726,3.7589853904401305,14.251017991528352,168,164.6,7.109533866850237,173.6,2.0
0.8290783563097921,409.0,285.88,0.23118261919457309,3.5878907082180085,14.324948640630648,168,164.4,7.403126467845892,173.5,2.0
0.8300973486635498,410.0,286.12,0.23964492291276573,3.6683724735275662,14.177066716358166,168,164.1,7.623004240471447,173.3,2.0
0.8311956536275139,411.0,286.4,0.24451270151644205,3.9538978702709136,14.192436701712367,168,163.7,7.722642674829484,173.1,2.0
0.8324516028881452,412.0,286.68,0.24513186077846397,4.521417338272673,14.368931713034907,168,163.3,7.790873201346281,172.9,2.0
0.833621202078589,413.0,286.91999999999996,0.24968098339261702,4.210557085597781,14.674790025374236,167,162.9,7.771960059396653,172.8,2.0
0.8346294820625801,414.0,287.19999999999993,0.25500608433574584,3.6298079423679437,14.570915089482025,168,162.6,7.699654179982486,172.7,2.0
0.835697124173873,415.0,287.47999999999996,0.2601488930644337,3.843511600654092,14.7272755371178,167,162.2,7.6620546477823535,172.7,2.0
0.8367734580115979,416.0,287.71999999999997,0.272414435173821,3.8748018158094455,14.76200306585962,167,162.1,7.630325947028223,172.7,2.0
0.8377610079108706,417.0,288.0,0.28021223910023557,3.555179637381827,14.58783280300381,166,162.1,7.596390883048501,172.7,2.0
0.8385446750605654,418.0,288.28000000000003,0.2861156761127309,2.8212017389012707,14.274654073267726,165,162.2,7.504101106076466,172.7,2.0
0.8394407621268519,419.0,288.55999999999995,0.29706847251773205,3.2259134386314456,14.31479102510591,165,162.5,7.505875286427189,172.8,2.0
0.8403041541024528,420.0,288.88,0.2969473850131707,3.108211112163136,14.32823133427454,165,162.9,7.504248001768426,172.8,2.0
0.8411340986673977,421.0,289.2,0.29070914669002057,2.987800433801595,14.437938371760907,166,163.4,7.512637795960451,172.8,2.0
0.8420190352549497,422.0,289.52,0.2884255654115187,3.185771715187127,14.920085658027043,166,164.0,7.417116938187426,173.0,2.0
0.8431028170428655,423.0,289.88,0.27978104539700366,3.9016144364966934,15.22615126550625,165,164.7,7.253663474875024,173.2,2.0
0.8440750573822885,424.0,290.2,0.2686102064213411,3.5000652219226964,15.932989778568011,165,165.4,6.984034389047743,173.4,2.0
0.8452272450122635,425.0,290.48,0.2583548320373671,4.1478754679101755,16.647787835650124,165,166.2,6.7169362139648765,173.5,2.0
0.8467693934851114,426.0,290.79999999999995,0.244731028120274,5.551734502252349,17.460786556482585,165,166.8,6.367440078381827,173.6,2.0
0.8485609045886104,427.0,291.12,0.2306045210867534,6.4494399725966165,18.078374526772148,165,167.4,6.000261782995247,173.8,2.0
0.8505566894807204,428.0,291.43999999999994,0.2174816995136027,7.18482561159562,18.66475790809905,165,167.9,5.614755019928163,174.0,0.0
0.8529136269290281,429.0,291.8,0.2027945140496948,8.484974813907705,18.926097897476343,165,168.4,5.1357742321329605,174.1,0.0
0.8553770630826738,430.0,292.2,0.19648600161409022,8.868370153124797,19.423835846183085,164,169.0,4.537742121361492,174.3,0.0
0.8575200690792875,431.0,292.59999999999997,0.1979372612658388,7.714821587809311,19.667865062526417,165,169.6,3.942501795392365,174.5,0.0
0.8597033696883303,432.0,293.0,0.19914968550851828,7.859882192554276,19.645097496908605,164,170.1,3.409041469882831,174.6,0.0
0.8617794142482854,433.0,293.4,0.20405287299944952,7.473760415838423,19.82282247354201,164,170.5,3.031232220517316,174.6,0.0
0.8638237625679835,434.0,293.84,0.21049144495622354,7.359653950913083,19.99934624244256,164,170.9,2.8291540148964693,174.6,0.0
0.8657914852007244,435.0,294.32,0.21396362967645377,7.083801477866754,20.06379187492564,163,171.2,2.76793518063122,174.7,0.0
0.8679444052641988,436.0,294.79999999999995,0.21481759482739116,7.750512228507882,20.050528331833267,162,171.6,2.857756201142624,174.8,0.0
0.8700126897964702,437.0,295.32,0.21646982157690955,7.445824316176986,20.093611775261856,161,171.9,3.0575233554524006,174.8,0.0
0.8721980039289045,438.0,295.84000000000003,0.21676876264815886,7.867130876763594,20.148013735846312,161,172.2,3.259985157904316,174.7,0.0
0.8745024048717965,439.0,296.32,0.21728999754612333,8.295843394411431,20.150190028002676,161,172.4,3.473198733567112,174.6,0.0
0.876764991360403,440.0,296.76,0.21831452215369063,8.145311358983113,19.953586915826055,161,172.6,3.729611592159784,174.5,0.0
0.8788035542120163,441.0,297.2,0.21791798995751485,7.338826265807987,19.991294862113975,161,172.9,3.947683801033049,174.4,0.0
0.8808987195411866,442.0,297.6,0.21815572427624091,7.542595185012981,20.050091676678356,163,173.2,4.1562378845446695,174.4,0.0
0.8828805000345313,443.0,298.0,0.21730581558863377,7.134409776041201,20.151797702929066,164,173.5,4.238323749312682,174.4,0.0
0.8846684878626404,444.0,298.43999999999994,0.21764869151294075,6.43675618119274,20.01010827261222,165,173.8,4.222480346717136,174.4,0.0
0.8866411387741332,445.0,298.88,0.21889999983326583,7.101543281373983,19.744950292066967,166,174.1,4.145612077509891,174.2,0.0
0.8887895386024444,446.0,299.32,0.22343825335541712,7.734239381920247,19.65075328426463,166,174.3,3.9853333266099207,174.0,0.0
0.8908811281185824,447.0,299.76,0.22756953933847862,7.529722258097228,19.517510575637466,166,174.5,3.7847160514777274,173.8,0.0
0.8928011065349806,448.0,300.2,0.2337674831626697,6.911922299033347,19.128140035921746,167,174.7,3.637037225443299,173.7,0.0
0.8946514700797826,449.0,300.6,0.2438198062366515,6.661308761287417,18.654217413428896,168,174.9,3.528619042389683,173.6,0.0
0.8961650868855355,450.0,301.0,0.25203222821172966,5.449020500710288,18.019977212161592,168,175.0,3.424924788196529,173.5,0.0
0.8974617103619187,451.0,301.36,0.2586982468243625,4.66784451497933,17.100394713909587,169,175.1,3.427918120551581,173.4,0.0
0.8985860530922472,452.0,301.68,0.2665571106811144,4.047633829182488,15.743084381152183,169,175.2,3.4390424512315305,173.2,2.0
0.8995478938761847,453.0,302.0,0.27418953430664245,3.462626822175402,14.34467291690234,170,175.3,3.467194178006161,173.1,2.0
0.900265029584663,454.0,302.28,0.27954648487679956,2.581688550521892,13.079143279461277,170,175.4,3.531387165811201,173.1,2.0
0.9009071783078358,455.0,302.52,0.2838056971365267,2.311735403421962,12.356179947534283,171,175.4,3.561626076486712,173.1,2.0
0.9013943778284486,456.0,302.76,0.2846621741656471,1.7539182742055697,11.70043046322834,172,175.4,3.492314571087962,173.1,2.0
0.9018325219946725,457.0,303.0,0.28844965796174166,1.5773189984059506,11.537240501522913,172,175.4,3.367730281325368,173.1,2.0
0.9022706661735441,458.0,303.24,0.29008952588923154,1.577319043938012,11.89457125987901,172,175.3,3.2569091046668923,173.1,2.0
0.9030715595812198,459.0,303.48,0.2827557525192764,2.883216267632267,12.607125259294882,172,175.2,3.146878632201603,173.1,2.0
0.9040238480380258,460.0,303.71999999999997,0.2774400259884648,3.428238444501817,13.299024055044464,172,175.2,3.0359860871263487,173.0,2.0
0.9051504191970055,461.0,304.0,0.2727197533448804,4.05565617232684,14.018510163787719,172,175.1,2.9183689911418704,172.9,2.0
0.9065242647620878,462.0,304.28,0.2660528135823121,4.945844034296522,14.931700026908217,173,174.9,2.772123447044805,172.8,2.0
0.908041014307997,463.0,304.52,0.25915307526575654,5.460298365273177,15.674063498006495,173,174.6,2.669841682237306,172.7,2.0
0.9093205439121751,464.0,304.8,0.25421230559489233,4.606306575041047,16.388443177739084,173,174.3,2.534502560184394,172.6,2.0
0.9105549525677445,465.0,305.08,0.2525875783409707,4.4438711600499206,16.618347623627905,173,174.1,2.5020672294952035,172.5,2.0
0.9117544100288925,466.0,305.36,0.2537992563742829,4.318046860132288,16.494242527161653,174,173.9,2.5766257103701453,172.4,2.0
0.9127983103308754,467.0,305.64,0.24926251800832708,3.7580410871385985,16.183498709912218,175,173.7,2.663317047774966,172.3,2.0
0.9138157714083905,468.0,305.91999999999996,0.2516668782205682,3.662859879054223,15.61510807531711,175,173.6,2.770719228047586,172.2,2.0
0.9148446811070884,469.0,306.2,0.2591862300341784,3.7040749153123946,14.975903067454894,175,173.5,2.8564577707726677,172.0,2.0
0.9157529601122402,470.0,306.48,0.26424401212444076,3.2698044185463497,14.612007328300908,175,173.3,2.9301525958228325,171.9,2.0
0.9166660083011997,471.0,306.71999999999997,0.27368673818412853,3.2869734802543857,14.501115379055562,175,173.1,2.9346745365776976,171.8,2.0
0.9175946351137821,472.0,307.0,0.28243625510575254,3.34305652529682,14.452213809551347,175,172.9,3.0157965512171048,171.7,2.0
0.9185541144509908,473.0,307.28,0.2904661662877073,3.45412561395124,15.0393714128226,175,172.8,3.0495090595391754,171.6,2.0
0.9194234250939621,474.0,307.56,0.30228348526130316,3.1295183146967727,15.78301368994091,175,172.7,3.170333673547407,171.4,2.0
0.9203566721299382,475.0,307.88,0.3184088159992809,3.359689329513755,16.7320974790214,175,172.7,3.1601731888286464,171.3,2.0
0.9212680899961051,476.0,308.2,0.33048627924279694,3.281104318200749,17.911610700689202,175,172.7,3.159892267855649,171.2,2.0
0.9223203051101854,477.0,308.52,0.3563363720338662,3.78797441068912,19.028587757413703,176,172.7,3.2012282513293875,171.0,2.0
0.9233686671062559,478.0,308.88,0.3790792209368863,3.7741031858537233,19.583099261229524,176,172.7,3.1813533154825797,170.8,2.0
0.9244757760459944,479.0,309.28000000000003,0.3990162472960453,3.985592183058703,19.83380392379774,176,172.8,3.162335680407833,170.7,2.0
0.9255623689061602,480.0,309.64,0.41645692768745385,3.9117342965967343,20.103263244919518,176,172.8,3.288415323938997,170.7,2.0
0.9265594140692184,481.0,310.08,0.44256057493850676,3.5893625870095045,20.38963674189082,175,172.8,3.443469590123427,170.6,2.0
0.9272955089223599,482.0,310.52,0.46675471586478545,2.649941471309323,20.582827590040267,175,173.0,3.5823895870970177,170.5,2.0
0.9279089207880058,483.0,310.91999999999996,0.48620710854759563,2.2082827163252894,20.743096055915437,175,173.2,3.7255985043028312,170.4,2.0
0.9284703948291481,484.0,311.28,0.5049840956396399,2.0213065481120234,20.521903926002274,174,173.4,3.813838689828908,170.4,2.0
0.9290980016638316,485.0,311.72,0.5162932420733394,2.25938460486086,20.583622201972965,174,173.5,3.926336265235736,170.3,2.0
0.9297013846825672,486.0,312.12,0.5232757712078913,2.172178867448205,20.20034019518024,175,173.6,4.018410009475809,170.3,2.0
0.9304268856411351,487.0,312.48,0.5132698491172074,2.6118034508443397,20.26210780979496,175,173.8,4.110116604294611,170.4,2.0
0.9310690100147136,488.0,312.88,0.5053254753816673,2.311647744883069,20.7902979523117,174,174.0,4.248904724913678,170.5,2.0
0.931892002941098,489.0,313.28000000000003,0.5001444720716185,2.962774534983714,21.22462934494825,173,174.1,4.3382783061839065,170.6,2.0
0.9326026537955612,490.0,313.64,0.4963670284521367,2.5583430760676085,21.613898124353803,173,174.3,4.214977499340331,170.6,2.0
0.9335096008178161,491.0,313.96,0.4795363118526133,3.265009280117605,21.70760281203643,173,174.5,4.059923243095106,170.7,2.0
0.9344528025622768,492.0,314.32,0.4635994070609543,3.395526280058736,21.660826682335703,173,174.6,3.848897829974727,170.7,2.0
0.9353070236984916,493.0,314.68,0.45281264830248374,3.0751960903734985,21.07783322950592,173,174.6,3.5850767587872467,170.7,2.0
0.9361668371292801,494.0,315.04,0.43338254125626313,3.0953283508382254,20.972143362664166,173,174.6,3.368941944292962,170.7,2.0
0.9370326065826444,495.0,315.4,0.41530081363926596,3.1167700321116736,20.368443146785758,173,174.7,3.284780011956232,170.8,2.0
0.9378406974487417,496.0,315.76,0.4002105842309713,2.909127117949857,20.32333157746032,173,174.8,3.245893163606406,170.8,2.0
0.9385787593538508,497.0,316.12,0.3963096842376295,2.6570228583929905,19.460044277252333,173,174.8,3.1976678153430136,170.9,2.0
0.9394462226569834,498.0,316.43999999999994,0.3871119771066508,3.1228678912771417,18.69495267523723,172,174.7,3.2021372951768954,171.0,2.0
0.940362861439818,499.0,316.76,0.3764049805675587,3.29989961820442,18.230175239072356,172,174.6,3.214612937146172,171.2,2.0
0.9414091362220818,500.0,317.03999999999996,0.3655885659425188,3.7665892161499226,17.571278996737902,172,174.5,3.286632376298888,171.5,2.0
0.9422878596756734,501.0,317.36,0.35401112822389075,3.163404432930001,16.990759243255354,173,174.4,3.4349379975419403,171.9,2.0
0.9432302810840981,502.0,317.68,0.34333793761101616,3.3927170703287626,17.206761233761235,173,174.4,3.7393707165002494,172.4,2.0
0.9441993243966289,503.0,318.0,0.33166785658770964,3.4885559251108824,17.571910047861365,173,174.4,4.093808636669885,172.9,2.0
0.9450039296722873,504.0,318.32,0.3274624795877715,2.8965789923701397,17.8229234647924,173,174.4,4.408008154641708,173.4,2.0
0.9458168723615551,505.0,318.64,0.31950469400359094,2.926593681364211,18.09770220042784,174,174.2,4.576122333202381,173.9,0.0
0.9469751844596833,506.0,318.9599999999999,0.31832204321875207,4.169923553261502,18.14900784621831,173,174.0,4.638268841701072,174.4,0.0
0.9481439526597493,507.0,319.28000000000003,0.31176687507339995,4.207565520237287,18.45582990429032,173,173.8,4.5840497883397004,174.8,0.0
0.949397304843364,508.0,319.64,0.3074822988996553,4.512067861013048,18.733762254269827,174,173.7,4.486315218939717,175.3,0.0
0.9507117461739926,509.0,319.9599999999999,0.302402589888232,4.7319887902625535,19.075392121898545,174,173.6,4.420031083009474,175.7,0.0
0.9520031325827177,510.0,320.32,0.3039172605818054,4.648991071410698,19.690103753977294,174,173.5,4.410244306218152,176.0,0.0
0.9531943493013284,511.0,320.67999999999995,0.3091459078733741,4.288380186998279,20.149307342910568,174,173.4,4.313204446933753,176.3,0.0
0.9543925311104199,512.0,321.03999999999996,0.31313483278150467,4.3134545127294865,19.62090415816751,174,173.2,4.063813678525487,176.6,0.0
0.955616314964114,513.0,321.36,0.3144814897535828,4.405621873298905,19.01811562552464,175,173.1,3.7662920750302735,176.9,0.0
0.9568064427970476,514.0,321.71999999999997,0.317720929410046,4.284460198560809,18.220286873518994,175,173.1,3.45033392298433,177.1,0.0
0.9578676454342884,515.0,322.08,0.3257187837331557,3.8203294940664905,17.238300098525205,175,173.1,3.203837762255266,177.3,0.0
0.9586834552911844,516.0,322.4,0.3311927768448225,2.9369154848257555,16.51998921478895,175,173.1,3.0899276256153785,177.5,0.0
0.9594215172239025,517.0,322.67999999999995,0.3416350704601897,2.657022957785039,16.462454974846125,175,173.1,3.1329880113210224,177.7,0.0
0.960088687704405,518.0,323.0,0.3547014199034167,2.4018137298092572,16.624643568562924,175,173.1,3.2383200284515383,177.8,0.0
0.9606702927261794,519.0,323.32,0.3682486533043171,2.0937780783877478,16.719567278496932,174,173.1,3.4068206348412757,177.8,0.0
0.9613613046501983,520.0,323.64,0.3730858293533696,2.487642926467849,17.021651755174368,174,173.0,3.536863118345165,177.9,0.0
0.9623187382234292,521.0,324.0,0.37211104443672316,3.4467608636309865,17.244031089280185,175,172.9,3.715071367295764,177.9,0.0
0.9634089010093267,522.0,324.4,0.3705841484508933,3.9245860292312202,17.6791314379033,175,172.8,3.971748788168562,177.8,0.0
0.9644987255622892,523.0,324.8,0.3682180831150466,3.92336839066498,18.38995575402742,175,172.7,4.245865290031824,177.7,0.0
0.9657012686169836,524.0,325.2,0.3606685406360429,4.329154996899629,19.71637617602221,174,172.6,4.372079949112615,177.6,0.0
0.96679712581525,525.0,325.6,0.3529142286608893,3.945085913759256,21.15559539501519,174,172.5,4.4278363481920655,177.5,0.0
0.9678129896697925,526.0,326.0,0.3458261069382417,3.657109876352917,22.274137760157835,174,172.4,4.34722529048137,177.4,0.0
0.968963011661519,527.0,326.36,0.3348312719761973,4.1400791702155635,22.60739582017644,174,172.3,4.221154499136669,177.3,0.0
0.9704758285835724,528.0,326.71999999999997,0.32040355459721376,5.446140919392347,22.434153592169768,175,172.2,4.006538331136248,177.2,0.0
0.9720419833835957,529.0,327.08,0.3085286662055594,5.638157280084102,21.800652804263315,174,172.0,3.861195657014623,177.2,0.0
0.9736057717464252,530.0,327.43999999999994,0.2983672692976671,5.629638106186083,21.005614825543,174,171.9,3.743475739288252,177.1,0.0
0.9750301891489912,531.0,327.8,0.2937793132648161,5.127902649237715,20.473164692392626,173,171.8,3.611718597377996,177.0,0.0
0.9762929811251629,532.0,328.15999999999997,0.29449956985169956,4.546051114218118,20.296353942255674,173,171.7,3.3542803560866274,177.0,0.0
0.9772321971965661,533.0,328.52,0.30213552554393364,3.381177857051271,19.754736590516345,173,171.6,3.084893855662968,177.0,0.0
0.9781632553362605,534.0,328.84,0.3068161895604417,3.351809302899807,18.58833409734772,173,171.4,2.960003901787065,177.0,0.0
0.9790749899347208,535.0,329.15999999999997,0.31531425516091094,3.2822445544568146,17.30554172687844,173,171.3,2.8637082746661577,177.0,0.0
0.9800636682981763,536.0,329.48,0.32200040642701044,3.559242108439695,16.014961756110484,173,171.2,2.806961419731376,177.0,0.0
0.9809441351252239,537.0,329.79999999999995,0.3222670495007561,3.1696805773715746,15.061744025515925,173,171.0,2.852688611296625,177.1,0.0
0.9817641999128099,538.0,330.08000000000004,0.32545215739755495,2.9522332353096945,14.702677634786394,173,170.8,2.9373080110533207,177.2,0.0
0.9825039058142355,539.0,330.4,0.3302898204694193,2.6629412451319765,14.959728695080495,173,170.7,2.980996653855197,177.3,0.0
0.983190032643604,540.0,330.71999999999997,0.33094691970182327,2.4700565857266366,15.446456489804353,174,170.7,3.0417588479534574,177.4,0.0
0.9839297384885893,541.0,331.0,0.32749208565675597,2.6629410419470685,16.140198420628224,173,170.6,3.1766109827538136,177.5,0.0
0.9848761134185391,542.0,331.32,0.3237466547498709,3.40694974781925,16.599262257734885,173,170.5,3.3354292542502826,177.6,0.0
0.9859349416724579,543.0,331.67999999999995,0.31380699957524383,3.8117817141077075,17.286296400448784,173,170.4,3.5500421298265,177.7,0.0
0.9871585887486259,544.0,332.0,0.30768453808007207,4.40512947420496,18.33228898423566,173,170.4,3.815304082232781,177.7,0.0
0.9885383805870577,545.0,332.32,0.30161702918693184,4.967250618354191,19.485692000322363,173,170.3,4.149209474284377,177.8,0.0
0.9898882880713573,546.0,332.67999999999995,0.2983901541102749,4.8596669434785955,20.02135153425133,172,170.3,4.534797407091999,177.9,0.0
0.9912637778121567,547.0,333.0,0.29863776818991916,4.951763066877553,20.30553593628728,172,170.4,4.892615045553439,178.1,0.0
0.9927968354355005,548.0,333.32,0.30068676550985396,5.519007444037684,20.03648956566176,172,170.5,5.276260322189731,178.3,0.0
0.9942979760643239,549.0,333.67999999999995,0.30567205257767993,5.404106263764591,19.722984936381962,172,170.6,5.601573662819587,178.5,0.0
0.9953346991689168,550.0,334.03999999999996,0.3153043967074637,3.7322031765345423,19.10269837367779,173,170.6,5.917942928960737,178.7,0.0
0.9962292839002339,551.0,334.36,0.33018328802947755,3.220505032741581,19.21483444915163,172,170.7,6.193047940457364,178.9,0.0
0.9969517392254318,552.0,334.71999999999997,0.3540540891693742,2.6008391707123013,19.682178644229666,172,170.7,6.544563495883675,179.1,0.0
0.9976603708367264,553.0,335.12,0.38334976416034616,2.551073800660688,20.232592512607038,172,170.7,6.899665302027159,179.3,0.0
0.9982878618906711,554.0,335.48,0.4081511280765978,2.258967794200751,20.08838729968366,172,170.7,7.210472492570408,179.7,0.0
0.999263924078765,555.0,335.84,0.43297519227154746,3.513823877137939,19.812449467105754,171,170.8,7.528220582114363,180.0,0.0
1.0002868317916025,556.0,336.28,0.45455499513498776,3.682467766214886,20.065101035697293,171,170.8,7.795340750802912,180.3,0.0
1.00129632947154,557.0,336.71999999999997,0.473025669037232,3.634191647774996,20.272075915136387,171,170.9,7.944519479044648,180.4,0.0
1.0021142808690744,558.0,337.12,0.485746467685839,2.944625031124002,20.410268967749992,171,171.0,8.080283348601668,180.5,0.0
1.0028671256633876,559.0,337.56,0.49120758162114536,2.71024125952799,20.988909994605766,171,171.2,8.114731934690365,180.6,0.0
1.0035569322294364,560.0,338.0,0.49142595045192417,2.483303637775513,21.540487031782515,171,171.5,8.047537716530169,180.7,0.0
1.0041840291076398,561.0,338.4,0.48592138952674063,2.257548761532509,21.449589497524812,171,171.9,7.913533900295347,180.8,0.0
1.004748854280241,562.0,338.8,0.466376405477147,2.033370621364482,21.045496937078163,171,172.4,7.695918287704302,181.0,0.0
1.0055845058681057,563.0,339.2,0.4388278336873599,3.008345716313188,20.687018430896593,170,172.9,7.398467637359104,181.1,0.0
1.0064470508102634,564.0,339.56,0.4129303684001896,3.1051617917677063,20.389052256044245,170,173.4,7.179983252498511,181.1,0.0
1.0075444703394736,565.0,339.91999999999996,0.380949493842058,3.9507103051566963,20.24880633461502,170,173.9,6.84101767024311,181.1,0.0
1.0087361619248063,566.0,340.28000000000003,0.34885621101891434,4.29008970719749,20.321093245137792,171,174.4,6.417397573549303,181.1,0.0
1.010120248868078,567.0,340.6,0.3236865747584608,4.982712995778558,20.7252460595466,170,174.8,6.025661918382286,181.1,0.0
1.0113793621308804,568.0,340.92,0.3006783231657937,4.53280774608869,21.444559989845548,170,175.3,5.571222598709257,181.1,0.0
1.0127283538017944,569.0,341.24,0.28092406005874204,4.856370015290165,21.337215808369773,170,175.7,5.109632033670627,181.1,0.0
1.0141549991245273,570.0,341.56,0.26847208590764404,5.135923161838327,21.407508643460933,171,176.0,4.72106139581286,181.0,0.0
1.0157096109806518,571.0,341.91999999999996,0.25909722775954214,5.59660268204847,21.23648426799638,170,176.3,4.404284865251379,180.9,0.0
1.0173455137443854,572.0,342.32000000000005,0.24909391122777916,5.889249949440687,21.14984805139788,171,176.6,4.189599597997813,180.7,0.0
1.0191751032168652,573.0,342.76,0.24619602027680196,6.586522100927614,20.9450091138177,171,176.9,3.976094445369951,180.6,0.0
1.0211033294830125,574.0,343.24,0.24295954727382663,6.94161455813061,21.144865525820176,171,177.1,3.731465676217044,180.5,0.0
1.023104397180639,575.0,343.76,0.24116470020789776,7.203843711455255,21.372740914224664,171,177.3,3.544758391240795,180.3,0.0
1.0251748922830304,576.0,344.24,0.23893432717328073,7.453782368608999,21.47998381376133,171,177.5,3.464330053879744,180.1,0.0
1.0273231598137929,577.0,344.76,0.23531802492062442,7.733763110744813,21.564510542440747,171,177.7,3.39161943722481,179.9,0.0
1.0295587051750017,578.0,345.24,0.22887891744732722,8.04796330035181,21.541822204674045,170,177.8,3.424683715470839,179.7,0.0
1.0318940907518697,579.0,345.71999999999997,0.22149852522082628,8.407388076725004,21.672691043270955,170,177.8,3.5456115421233627,179.5,0.0
1.0341840893816672,580.0,346.15999999999997,0.21567726994672665,8.243995067270815,21.79717215511063,171,177.9,3.736795680809676,179.4,0.0
1.0366213348198583,581.0,346.6,0.2099553579554596,8.77408357748802,21.679108018718804,171,177.9,3.920066827634349,179.3,0.0
1.038999238052171,582.0,347.0,0.20805154835875958,8.560451636326167,21.32866241635636,171,177.8,3.94915919054617,179.2,0.0
1.041243212880878,583.0,347.4,0.20633956415786675,8.078309383344989,20.85791489190964,172,177.7,3.995279448345316,179.1,0.0
1.043548561006906,584.0,347.84000000000003,0.2088553794403217,8.299253253700817,20.67854570383544,172,177.6,4.02730239662877,179.0,0.0
1.0456453192214454,585.0,348.28,0.21100232540361183,7.548329572342217,20.33827803740397,173,177.5,4.08470088378166,179.0,0.0
1.0475291637178363,586.0,348.71999999999997,0.21466145091301972,6.781840187007021,19.87267372391919,174,177.4,4.201743336020543,179.0,0.0
1.0493051984257242,587.0,349.15999999999997,0.2205052592513189,6.393724948396612,19.58885726758556,175,177.3,4.489606741425072,179.0,0.0
1.0509362559741802,588.0,349.6,0.22701287978320664,5.871807174441362,19.011483462784565,175,177.2,4.7622992021864,179.0,0.0
1.0524453897445338,589.0,350.0,0.23170300833479301,5.432881573273017,18.561079452625968,175,177.2,5.029371655238824,179.0,0.0
1.054128487305274,590.0,350.36,0.23518024762140236,6.059151218664878,17.919696717808897,176,177.1,5.217769162709711,179.0,0.0
1.0556241616816446,591.0,350.71999999999997,0.2427435635854251,5.384427754934015,17.167794928686444,176,177.0,5.427699600758208,179.0,0.0
1.0568253424231413,592.0,351.03999999999996,0.24769574471347672,4.3242506693881015,16.61819038552779,176,177.0,5.708908061427716,179.0,0.0
1.057981162654162,593.0,351.32,0.25703998379508114,4.160952831674825,16.326822110748147,176,177.0,6.015837912659833,179.0,0.0
1.0590241793366537,594.0,351.6,0.26561026371674346,3.7548600569705197,15.95984496817717,177,177.0,6.372294301593231,179.0,0.0
1.059838741537197,595.0,351.91999999999996,0.2756785491853052,2.9324239219559196,15.56773909716743,177,177.0,6.705969078400666,179.0,0.0
1.0606432231506497,596.0,352.2,0.2860542935645727,2.896133808429354,15.564201038616488,177,177.0,6.975621174840176,179.1,0.0
1.0615393230514225,597.0,352.52,0.29724265949210305,3.2259596427817927,15.239574348579747,178,177.1,7.1368364624563485,179.1,0.0
1.0625740326352853,598.0,352.84,0.3036699190093053,3.7249545019057058,15.270267326401102,178,177.2,7.177515584584377,179.1,0.0
1.0634900965372283,599.0,353.15999999999997,0.3138437769005742,3.2978300469943895,15.249301958277513,178,177.3,7.136708892404641,179.1,0.0
1.0644936697392104,600.0,353.47999999999996,0.31895496484213426,3.6128635271358127,15.612473661601967,178,177.4,7.124894273230808,179.1,0.0
1.0654707127684249,601.0,353.84,0.31881583813801745,3.5173549051715316,16.260952651413454,178,177.5,6.984720787302871,179.1,0.0
1.0664484814616964,602.0,354.15999999999997,0.31683148519430226,3.5199672957775885,17.139832886711222,178,177.6,6.845211274244572,179.2,0.0
1.0674023277575646,603.0,354.52,0.31253559583534973,3.433846665125488,17.882633667025452,178,177.7,6.764053074941295,179.2,0.0
1.0685371896574065,604.0,354.84,0.30669960429809806,4.085502839430808,17.904724382873987,178,177.7,6.597182119219856,179.2,0.0
1.0696876624875402,605.0,355.15999999999997,0.3016002001887784,4.141702188481158,17.929716899340956,177,177.8,6.392416981439064,179.2,0.0
1.0710232111528992,606.0,355.43999999999994,0.29517580316811787,4.807975195292481,17.845872902275335,178,177.9,6.0572675962797895,179.2,0.0
1.0724283975726294,607.0,355.76,0.28725538287305086,5.058671111028524,17.859742180383797,178,178.1,5.472643695761839,179.3,0.0
1.0735439192756917,608.0,356.08,0.2840248321361589,4.015878131023917,18.127571212461184,177,178.3,4.923848672400039,179.4,0.0
1.0745880950048545,609.0,356.44,0.27749474785644307,3.7590326249858426,18.530525497257187,177,178.5,4.387491287578223,179.6,0.0
1.0756806208409575,610.0,356.8,0.2760700930804487,3.933093009970365,18.79014032590652,177,178.7,3.8961751249752345,179.8,0.0
1.0768171041122632,611.0,357.2,0.2735665615996167,4.091339776700429,18.994347596692272,177,178.9,3.5097173787493268,180.0,0.0
1.0781199907284205,612.0,357.6,0.27339500959115814,4.690391818166412,18.844846187038307,177,179.1,3.189278079217,180.1,0.0
1.0798734575948568,613.0,358.0,0.26881295725212756,6.31248071917078,18.704141458895517,177,179.3,2.830250105756876,180.2,0.0
1.081765798552369,614.0,358.43999999999994,0.2641034212877097,6.8124274470440955,18.873685833374054,177,179.7,2.50203583540405,180.3,0.0
1.0836581393076483,615.0,358.88,0.255413757552564,6.812426719005386,19.13424245305571,177,180.0,2.275225178074182,180.4,0.0
1.0855170143826487,616.0,359.32,0.24625639886030667,6.691950270001365,19.461565318738725,177,180.3,2.2070397466832143,180.5,0.0
1.087505340908069,617.0,359.76,0.23578422256912682,7.157975491513486,19.698822907264557,177,180.4,2.309435652082675,180.6,0.0
1.089401997224102,618.0,360.2,0.22637596489409878,6.827962737718993,19.674501524718,177,180.5,2.4704211692105598,180.7,0.0
1.091298755873354,619.0,360.6,0.21840017437244366,6.828331137307028,19.740506696109104,177,180.6,2.708527045577407,180.7,0.0
1.093381438345383,620.0,360.96,0.21169066696981015,7.497656899304335,19.55249128377657,177,180.7,2.810021436197448,180.6,0.0
1.0954447959967093,621.0,361.32,0.20877808236929246,7.428087544774787,19.291241761453342,177,180.8,2.8209968690276943,180.6,0.0
1.0974967162140874,622.0,361.68,0.20793072461381695,7.386912782561513,19.303855328404627,177,181.0,2.7426996276521307,180.6,0.0
1.0996980033239019,623.0,362.04,0.2113420062720949,7.924633595332501,19.697464537353554,178,181.1,2.635241478603273,180.7,0.0
1.101703341842881,624.0,362.43999999999994,0.2195393750635381,7.21921866832438,20.33648575707449,178,181.1,2.616050898054538,180.7,0.0
1.1034823306754389,625.0,362.88,0.23356887041233057,6.404359797208027,20.89390574077853,178,181.1,2.549799173316073,180.8,0.0
1.1053083873638452,626.0,363.32,0.25353152336123413,6.573804078263031,22.1618070781193,178,181.1,2.512583108027008,180.8,0.0
1.1069073430950214,627.0,363.8,0.28132070155788236,5.756240632234111,23.52216143476763,178,181.1,2.431587622703952,180.8,0.0
1.1084164729858925,628.0,364.32,0.31117807955771165,5.432867607136005,24.343753802721977,178,181.1,2.366906570354837,180.9,0.0
1.1100877921926353,629.0,364.84,0.34185802703911866,6.016749144274258,23.853018107395304,178,181.1,2.2742109512948345,181.0,0.0
1.1117069442321048,630.0,365.35999999999996,0.3704878351676149,5.828947342089946,23.353721421860985,177,181.0,2.3054362293562667,181.2,0.0
1.11320150983404,631.0,365.91999999999996,0.40303670841414874,5.380436166966867,22.413473630240166,178,180.9,2.3208718519779827,181.3,0.0
1.1143224595370869,632.0,366.43999999999994,0.436579589716254,4.035418930968767,21.81171703448658,178,180.7,2.313457320685504,181.3,0.0
1.114899791367685,633.0,366.91999999999996,0.4728379997562099,2.078394590153001,20.957076656383485,180,180.6,2.4124452373680128,181.3,0.0
1.1153806992662145,634.0,367.36,0.5071787423427745,1.7312684347063816,20.292469865117415,180,180.5,2.4376326564621182,181.4,0.0
1.1156698064742672,635.0,367.8,0.5353251354431187,1.0407859489898592,19.92565851794245,180,180.3,2.4740479255871115,181.4,0.0
1.116131096044332,636.0,368.2,0.5555957513159896,1.6606424522331475,18.816725025922796,180,180.1,2.5064677919512217,181.4,0.0
1.1166565580359917,637.0,368.6,0.5681289130762069,1.891663169975034,18.123579891533574,180,179.9,2.5909316046382878,181.3,0.0
1.1172755787614952,638.0,368.99999999999994,0.5764514682206221,2.2284746118127354,18.186096704348024,180,179.7,2.526473929465922,181.2,0.0
1.1179495980419598,639.0,369.4,0.5833670982962758,2.426469409673026,19.188523474241926,180,179.5,2.536550041006474,181.1,0.0
1.1186570437748937,640.0,369.8,0.5914540026269701,2.546804638561681,20.526111889678234,181,179.4,2.5417787548237185,181.0,0.0
1.1195215797731348,641.0,370.23999999999995,0.5955955608314805,3.1123295936681874,22.504474089941276,181,179.3,2.6250536063787933,180.8,0.0
1.1204531255000956,642.0,370.68,0.5930872288970136,3.35356461705909,23.347765608005542,181,179.2,2.803401348224983,180.8,0.0
1.1213148904012478,643.0,371.12,0.5806243224109353,3.1023536441476076,23.43895773553385,181,179.1,2.861945547013609,180.7,0.0
1.1222429802917993,644.0,371.56,0.566958939282107,3.3411236059852243,22.788405531254643,181,179.0,2.9832892313561192,180.6,0.0
1.1231934927119822,645.0,372.0,0.5579045548708015,3.421844712658335,21.895562635344945,181,179.0,3.103600284519447,180.6,0.0
1.1239367111448804,646.0,372.4,0.5543699119102834,2.6755863584335557,21.736112899210646,181,179.0,3.236614374493585,180.6,0.0
1.1244926604499574,647.0,372.76,0.5528747389191547,2.0014174982774966,21.185643881289923,181,179.0,3.3228573572692377,180.7,0.0
1.1248941888383066,648.0,373.12,0.5589661262324231,1.4455021980571046,20.8764248988194,182,179.0,3.6109277512211015,180.7,0.0
1.1252697132603022,649.0,373.47999999999996,0.5648614114706063,1.3518879191844468,20.20345366014146,181,179.0,3.7667424488906898,180.7,0.0
1.1259238518250452,650.0,373.84,0.5631281471040969,2.3548988330743317,19.666034966435753,181,179.0,3.857111745645927,180.7,0.0
1.1266043552545684,651.0,374.2,0.556741230309973,2.449812346283538,18.89585024157096,181,179.0,3.839341360077416,180.8,0.0
1.127432523022393,652.0,374.6,0.5548627670153029,2.981403964168438,19.155293270663883,181,179.0,3.794220755163873,180.8,0.0
1.1280693004643143,653.0,375.0,0.5622394426272402,2.2923987909170496,19.283544000122067,181,179.0,3.692343072309061,181.0,0.0
1.1288177207650072,654.0,375.36,0.5681104258471221,2.6943130824940758,19.22193851324568,181,179.0,3.508096941026222,181.2,0.0
1.129510745354468,655.0,375.71999999999997,0.575948225566427,2.494888522058311,20.044404365981478,181,179.0,3.298797198757891,181.3,0.0
1.1303407006708701,656.0,376.08,0.5838892879876509,2.987839139047877,20.253680334379624,180,179.1,3.064146302479257,181.3,0.0
1.130939526705452,657.0,376.47999999999996,0.5893495135198364,2.155773724494657,20.556245701721913,180,179.1,2.968529834237056,181.3,0.0
1.1313204591735444,658.0,376.88,0.583541688745747,1.3713568851323128,20.825614266374714,180,179.1,2.893047594561502,181.3,0.0
1.1319709500307693,659.0,377.32,0.576352062491899,2.3417670860095385,21.52740297003837,180,179.1,2.86367610383049,181.3,0.0
1.1326950536485514,660.0,377.76,0.5716981837191633,2.606773024015384,20.991840261449976,180,179.1,2.859721685165404,181.3,0.0
1.1334767106034218,661.0,378.2,0.5682921797339334,2.813965037533474,21.075560153212535,179,179.1,2.9109418490661945,181.3,0.0
1.1343949335555912,662.0,378.59999999999997,0.5633947124179284,3.3056026278095376,20.95734217544855,179,179.2,2.896321978244143,181.3,0.0
1.135266332699421,663.0,379.0,0.5469484591150143,3.1370369177877055,21.287287064617818,179,179.2,2.9600024958945017,181.3,0.0
1.1358357039024127,664.0,379.4,0.5295389340775609,2.0497363307704215,22.25542316622589,179,179.2,3.0304020238965768,181.3,0.0
1.136556717690597,665.0,379.8,0.5074052002358475,2.595649637463828,22.164112943219088,179,179.2,3.0710323648738487,181.3,0.0
1.1374011972120472,666.0,380.2,0.4806001780214492,3.0401262772203257,22.34913670038629,179,179.2,3.1756201115923384,181.4,0.0
1.1382313422787265,667.0,380.55999999999995,0.452559541947105,2.9885222400454086,22.42886135632646,179,179.3,3.1509357175143946,181.5,0.0
1.139107685140836,668.0,380.91999999999996,0.4332399371290112,3.154834303594208,22.446633269775326,179,179.4,3.0668896167786275,181.6,0.0
1.1399207987724738,669.0,381.28000000000003,0.4158903476468162,2.9272090738957957,22.27005933167259,179,179.6,2.990120496648214,181.7,0.0
1.1409819681800961,670.0,381.64,0.4062718768451126,3.8202098674404867,23.713860622396318,179,179.8,2.9258970644326454,181.8,0.0
1.1420978225048646,671.0,382.0,0.39885604305751476,4.017075569166748,24.32756031126133,179,180.0,2.855824013003348,181.9,0.0
1.1433855290402954,672.0,382.4,0.3957398591884238,4.635743527550921,24.798267337357974,179,180.1,2.936543484190297,182.0,0.0
1.1444964920251688,673.0,382.8,0.4019994061866353,3.9994667455442383,24.876947991542064,179,180.2,3.0466362537670792,182.0,0.0
1.1458660587669158,674.0,383.24,0.41835173870241193,4.930440270289058,25.015762863923122,179,180.3,3.1060043368309938,182.0,0.0
1.147019891159738,675.0,383.67999999999995,0.4327089083745568,4.153796614159711,24.74702600119499,179,180.4,3.21604530122125,182.0,0.0
1.1481153965055082,676.0,384.12,0.4565472562190497,3.9438192447726967,24.03936153801234,179,180.5,3.208258041297055,182.0,0.0
1.1488961793900527,677.0,384.56,0.482482888545928,2.810818384360297,23.220252111470966,179,180.6,3.248854059873768,181.9,0.0
1.1496471872385134,678.0,385.04,0.505574714676737,2.703628254458777,22.35800538363962,179,180.7,3.221919136485566,181.8,0.0
1.1501773073066657,679.0,385.47999999999996,0.5224836591811067,1.9084322453476716,22.456697374372187,179,180.7,3.239350967586539,181.7,0.0
1.1507266819051691,680.0,385.9599999999999,0.5354260086366531,1.977748554612101,22.779237910491737,179,180.6,3.194360416438538,181.6,0.0
1.15126114805697,681.0,386.43999999999994,0.541175027331881,1.9240781464834384,23.216123217277623,179,180.6,3.2036870158452397,181.4,0.0
1.1518970465471825,682.0,386.91999999999996,0.5435407889008137,2.2892345647645786,23.625077863205547,180,180.6,3.1251494020310027,181.2,0.0
1.152742408231383,683.0,387.36,0.5424130568234021,3.0433020631222334,24.174290285116513,179,180.7,3.0593178490861765,181.0,0.0
1.1539023020851424,684.0,387.8,0.5313643569903104,4.175617873533513,23.96381890593357,179,180.7,3.0574993748899977,180.8,0.0
1.1549745470037118,685.0,388.2,0.5237053204722133,3.860081706849592,24.411584625908883,179,180.8,3.087928575257516,180.7,0.0
1.1560590678531901,686.0,388.6,0.5109290276287952,3.9042750581218364,24.9053733115162,179,180.8,3.03202335472454,180.6,0.0
1.1569821289707924,687.0,389.0,0.4987456022153863,3.323020023368204,25.15507672978841,179,180.8,2.936021842709923,180.6,0.0
1.1576925260669697,688.0,389.4,0.48753581695978127,2.557429546238256,25.887977054552458,180,180.9,2.842309167457572,180.6,0.0
1.1583995364619284,689.0,389.8,0.48858604199124933,2.545237421851262,25.553089491927317,179,181.0,2.686650246349426,180.6,0.0
1.159144465304882,690.0,390.2,0.48783695849594083,2.6817438346328575,24.65701191183385,179,181.2,2.688217794784224,180.7,0.0
1.159791793514953,691.0,390.6,0.48645359292716617,2.330381556256154,23.790327394209964,179,181.3,2.6793494767790915,180.9,0.0
1.1607182135238279,692.0,391.0,0.485296960752331,3.335112031949476,22.99706308806696,180,181.3,2.735533788551428,181.0,0.0
1.1614950074467008,693.0,391.43999999999994,0.4831826798463264,2.7964581223427927,22.1943982480888,180,181.3,2.6574424409498936,181.1,0.0
1.1624214399095274,694.0,391.88,0.47823295878379407,3.335156866175846,22.658857198553545,180,181.4,2.6486879629102957,181.1,0.0
1.163280437272179,695.0,392.28000000000003,0.4724232371290421,3.0923905055454597,23.282604460891996,181,181.4,2.528053945198101,181.1,0.0
1.1641865596988363,696.0,392.67999999999995,0.4701639880591779,3.2620407359661456,23.50768791151528,181,181.4,2.4952384141140227,181.1,0.0
1.1649149734513573,697.0,393.08000000000004,0.46645874300698803,2.622289509075228,24.16970011495958,181,181.3,2.406187060396729,181.0,0.0
1.1658495913008318,698.0,393.43999999999994,0.46683045899151293,3.3646242581077535,23.960657145677697,181,181.2,2.330470889835836,180.9,0.0
1.1668624149446147,699.0,393.8,0.46080788843338266,3.6461651176190815,24.16656765142378,180,181.1,2.303177922817197,180.8,0.0
1.1677722551294125,700.0,394.2,0.457552496581207,3.275424665272001,23.94487277313974,180,181.0,2.15484487739611,180.6,0.0
1.1687252526850123,701.0,394.59999999999997,0.4620635026316827,3.430791200158717,24.18804188498929,180,180.8,1.924675361512843,180.3,0.0
1.1696300414163199,702.0,395.03999999999996,0.46750872961455664,3.2572394327075216,24.046948001538233,181,180.8,1.7278990312222096,180.1,0.0
1.1705196020574615,703.0,395.48,0.4693664438958588,3.2024183081099205,24.356883561585878,181,180.7,1.6645500919537266,179.9,0.0
1.1713712152886542,704.0,395.91999999999996,0.4764637285749104,3.0658076322938346,23.999551646056876,181,180.6,1.578258992610145,179.8,0.0
1.1722786344043639,705.0,396.36,0.48561869669946345,3.2667088165551865,23.8248995484613,181,180.6,1.4748219777951066,179.5,0.0
1.1730597830778322,706.0,396.8,0.49665417265594936,2.812135224486136,24.16912480319774,180,180.6,1.3340569715388713,179.2,0.0
1.1738141040509273,707.0,397.2,0.5111590000933837,2.7155555031422454,24.762128008507293,181,180.7,1.3619949694112667,179.0,0.0
1.1745305618620288,708.0,397.6,0.5258521147369953,2.5792481199653836,24.57805919657385,181,180.7,1.3911686761643485,178.8,0.0
1.1753605200809651,709.0,398.0,0.5409023491804013,2.987849588170822,24.041589400555612,181,180.7,1.4145856017535012,178.5,0.0
1.1762653089485513,710.0,398.43999999999994,0.5533854309975338,3.2572399233102116,23.458613084240124,180,180.7,1.4668917555150427,178.2,0.0
1.1773028320607273,711.0,398.88,0.5612153657197705,3.735083203833897,22.295778729033792,181,180.8,1.6979824218087327,177.9,0.0
1.1780523285127766,712.0,399.36,0.5637748632075829,2.698187227377762,22.33572960241342,181,180.8,1.856250185505224,177.6,0.0
1.1786752182872111,713.0,399.84,0.5684063890823946,2.2424031879637507,22.262044965188274,181,181.0,2.0064674861386758,177.3,0.0
1.1792665185315918,714.0,400.32,0.5728522758754776,2.1286808797703225,22.728866365626676,182,181.2,2.0852096566481206,176.9,0.0
1.1797415517553345,715.0,400.76,0.5776674683232691,1.7101196054737324,22.080024881242423,182,181.3,2.318874696444097,176.6,0.0
1.1805270547300106,716.0,401.15999999999997,0.5775492119143335,2.8278107088341105,22.007286111830915,182,181.3,2.6504083735438955,176.2,0.0
1.1812567414864248,717.0,401.52000000000004,0.5811133434281843,2.6268723230909212,21.004968217164723,182,181.3,2.957705382845931,175.8,0.0
1.1821292668302272,718.0,401.88,0.5836589934917613,3.141091237688748,20.732312173269886,181,181.3,3.2749201567239723,175.3,0.0
1.1827423046391594,719.0,402.23999999999995,0.5939835392699397,2.2069361121554767,19.992406738071328,181,181.3,3.566285854989201,174.9,0.0
1.183622775512191,720.0,402.6,0.6224869038169816,3.1696951429142333,19.363300005923502,181,181.3,3.8223052246688254,174.5,0.0
1.1843252041307222,721.0,403.0,0.658041570013302,2.5287430267119557,19.136529566207386,181,181.3,3.9895963971895,174.2,0.0
1.1849835463297602,722.0,403.4,0.7040387857664342,2.3700319165369756,17.904067375064926,181,181.3,4.186254846631366,173.9,0.0
1.1853590712327577,723.0,403.8,0.7601768501998218,1.3518896507908207,15.991646409969832,180,181.3,4.328635227760261,173.6,0.0
1.1857400487811358,724.0,404.24,0.826973484349541,1.371519174161386,14.356681075667533,181,181.3,4.483895676705311,173.3,2.0
1.1861392682076046,725.0,404.68,0.878839598012496,1.4371899352873416,13.830330576520527,181,181.3,4.551945905694195,173.0,2.0
1.186512734945,726.0,405.12,0.9267386130233939,1.3444802546232406,13.113359404849541,181,181.4,4.573670749003536,172.8,2.0
1.1866030619350718,727.0,405.56,0.9660129014933926,0.3251771642582482,12.253927108005092,180,181.5,4.567377686767706,172.6,2.0
1.1869289863614003,728.0,405.99999999999994,1.007170173281189,1.1733279347824173,11.084345862273597,181,181.6,4.556759751381171,172.5,2.0
1.1873660548945866,729.0,406.4,1.025639545765414,1.5734467194706472,11.316475702095861,180,181.7,4.676356859138099,172.3,2.0
1.1880068282694416,730.0,406.8,1.0193008474157392,2.306784149478417,11.558872738080527,180,181.8,4.909243593792203,172.1,2.0
1.1884219318468199,731.0,407.2,0.9959079193706275,1.4943728785615726,11.753438118569402,181,181.9,5.212303960537114,171.9,2.0
1.1886892601395906,732.0,407.64,0.9646019677602684,0.9623818539746216,12.18803687363561,181,182.0,5.532515000943249,171.7,2.0
1.1891423905922336,733.0,408.08000000000004,0.9192982608302696,1.6312696295147755,14.108111447203305,181,182.0,5.96469635139306,171.6,2.0
1.1896044062149258,734.0,408.52,0.8548939520410344,1.6632562416922005,15.42311872881653,181,182.0,6.354499953364106,171.5,2.0
1.1900686726569198,735.0,408.91999999999996,0.7978530800399388,1.6713591911788714,16.67123672545472,181,182.0,6.804618737741309,171.5,2.0
1.190587434265875,736.0,409.32,0.7427105777534911,1.8675417922386564,17.005417487836347,181,182.0,7.273954724991884,171.5,2.0
1.1913196797734293,737.0,409.71999999999997,0.6812921239880693,2.636083827195147,18.066816835212766,181,181.9,7.667186114654063,171.5,2.0
1.1920852368766925,738.0,410.12,0.6034475765641629,2.75600557174733,19.443712545280622,181,181.8,8.101098823128883,171.5,2.0
1.192939575689416,739.0,410.52,0.5318167177001216,3.075619725805161,20.145522682019667,182,181.7,8.46108625265549,171.5,2.0
1.1937990773156864,740.0,410.96000000000004,0.46024270810840945,3.094205854572872,20.645845058397907,182,181.6,8.629018952154826,171.6,2.0
1.1948632504480534,741.0,411.36,0.39845483804845633,3.831023276521338,20.88196006416975,182,181.4,8.77644189178999,171.8,2.0
1.196051505621657,742.0,411.67999999999995,0.34224300631309024,4.277718624972602,20.75056443521931,181,181.2,8.883575791839514,171.9,2.0
1.1973582388779167,743.0,411.91999999999996,0.29279784890065746,4.704239722535139,19.824272181066597,181,181.0,8.845902972784526,171.9,2.0
1.1987014066502701,744.0,412.08000000000004,0.25735733342151457,4.835403980472608,18.863673294592722,181,180.8,8.874848251340076,172.0,2.0
1.1999750222541121,745.0,412.2,0.23074049918764206,4.585016173831155,17.546703076913214,181,180.7,8.906216671641095,172.0,2.0
1.201204948778844,746.0,412.35999999999996,0.20449388969383758,4.427735489034907,16.60030359640179,181,180.6,8.93803547563309,171.9,2.0
1.2024018919878445,747.0,412.52,0.18259166778076005,4.308995552401882,15.602170189844083,181,180.6,9.110657857749494,171.8,2.0
1.2037137225617796,748.0,412.75999999999993,0.17298548210207673,4.722590066165987,14.74255489598966,181,180.6,9.262500764282592,171.7,2.0
1.2049635624331947,749.0,413.03999999999996,0.16790531913806167,4.499423537094118,14.045386476297377,182,180.6,9.37578217740927,171.7,2.0
1.2062543430843122,750.0,413.32,0.17236556591060898,4.646810344023382,13.496403797890613,182,180.7,9.587907533768078,171.6,2.0
1.2075075446305372,751.0,413.55999999999995,0.17928495027515148,4.51152556641017,13.398838738087841,182,180.9,9.793947679056211,171.5,2.0
1.2087561465911112,752.0,413.84,0.1823017524273644,4.494967058066009,13.335276947631803,182,181.0,9.93310999283619,171.4,2.0
1.2100453991189382,753.0,414.08000000000004,0.18234508153721168,4.641309100176849,13.4743119510406,182,181.1,10.196005553896226,171.3,2.0
1.211359072626329,754.0,414.36,0.17335267640819305,4.729224626607256,13.560891113564736,182,181.1,10.469141976432455,171.3,2.0
1.2129649024183846,755.0,414.64,0.15879565436293197,5.780987251400427,13.829356334734223,182,181.1,10.693975703690668,171.3,2.0
1.214841736539378,756.0,414.91999999999996,0.14378481902789314,6.756602835575955,13.908161771321673,182,181.1,10.8424398920462,171.4,2.0
1.2168805141004477,757.0,415.16,0.13211653455281588,7.33959921985099,13.99274639296146,182,181.0,10.960858337904778,171.5,2.0
1.219081819786622,758.0,415.35999999999996,0.11659020269633576,7.924700470227337,14.019527969646413,182,180.9,10.988160743334303,171.6,2.0
1.2215321634092866,759.0,415.52,0.10657706384706,8.821237041592223,13.88538064090643,182,180.8,10.95741398178562,171.7,2.0
1.223905731843657,760.0,415.68,0.09484137742499478,8.54484636373385,13.837012083998278,182,180.6,10.907803813167192,171.9,2.0
1.2264092633464854,761.0,415.84,0.08445343114852374,9.012713410182197,13.64153571826768,182,180.3,10.862694283075784,171.9,2.0
1.2289615763827553,762.0,415.96000000000004,0.07345834548397,9.188326930571757,13.495517682505294,182,180.1,10.81618191340031,172.0,2.0
1.2313431383263105,763.0,416.12,0.0688453282191778,8.573622996798656,13.382033092216682,181,179.9,10.675467234762335,172.1,2.0
1.2338621249127981,764.0,416.28000000000003,0.06700246023283103,9.068351711355437,13.317808021721012,181,179.8,10.525803568232382,172.1,2.0
1.2364679197868722,765.0,416.43999999999994,0.06739275792858038,9.380861546666493,13.120655199729935,181,179.5,10.40913536072902,172.2,2.0
1.238811233628697,766.0,416.56000000000006,0.0696105458128661,8.435929830569316,13.160228586256853,181,179.2,10.311435646517472,172.2,2.0
1.24125951935542,767.0,416.75999999999993,0.07355401227718522,8.813828616202624,13.316501005658697,180,179.0,10.190791827200538,172.2,2.0
1.2437584192083984,768.0,416.96000000000004,0.07906089223323366,8.996039470722586,13.613448096489446,180,178.8,10.167142322461242,172.2,2.0
1.2461041161114657,769.0,417.15999999999997,0.0857305301663794,8.444508851042334,14.208472998315719,180,178.5,10.178447731129047,172.3,2.0
1.2485580880973794,770.0,417.4,0.09374362484646284,8.834299149289356,14.827785091385147,180,178.2,10.159142946784089,172.2,2.0
1.251148754101044,771.0,417.68,0.09994299591832581,9.326397613192391,15.419974167299955,181,177.9,10.085833675638348,172.2,2.0
1.2537894527039584,772.0,417.96000000000004,0.10883001592419654,9.506514970491697,16.17321705515605,181,177.6,10.093861043346188,172.3,2.0
1.2566505212645036,773.0,418.32,0.11421130040859699,10.299846817962711,16.927671660602616,181,177.3,10.091871108458296,172.3,2.0
1.259591293702472,774.0,418.71999999999997,0.11810886812438695,10.58678077668641,17.551236761669948,181,176.9,10.030978404461456,172.3,2.0
1.2625117591685646,775.0,419.08000000000004,0.12202992747952428,10.513675677933282,18.335322636805284,181,176.6,9.966853187134776,172.3,2.0
1.2654443101113861,776.0,419.48,0.12580700699234643,10.557183394157372,19.07587620591454,182,176.2,9.993791487903213,172.3,2.0
1.2684649295750205,777.0,419.88,0.12819769092460157,10.874230069083993,19.664673833977453,182,175.8,9.910407703080535,172.3,2.0
1.2713503914107211,778.0,420.23999999999995,0.13088600567842262,10.38766260852237,20.002290159639468,181,175.3,9.816146974517832,172.3,2.0
1.2744263537611775,779.0,420.6,0.12958408533671403,11.073464461642681,20.176643801057565,181,174.9,9.784156140418602,172.1,2.0
1.277639038031914,780.0,421.0,0.12706916208802638,11.565663374651653,20.094009235056944,180,174.5,9.80541057493676,171.0,2.0
1.2808542421668514,781.0,421.4,0.1238005116792659,11.574734885774516,19.801628751668314,181,174.2,9.821349461375108,169.8,2.0
1.2839073412929756,782.0,421.8,0.11825420223876901,10.991156854047004,19.35951324221766,181,173.9,9.880518502311997,168.4,2.0
1.2870973499809057,783.0,422.16,0.11032227779887702,11.484031276548496,18.794728038217,180,173.6,9.976115106917092,167.1,2.0
1.2901139624339562,784.0,422.52,0.10255877196681666,10.859804830981679,18.138051642847742,180,173.3,10.054324368740488,165.7,2.0
1.29294902022908,785.0,422.8,0.09214792078763398,10.206208062446446,17.244048946271967,180,173.0,10.129094585530511,164.2,4.0
1.2957437651479615,786.0,423.03999999999996,0.08045923400042229,10.061081707973079,16.246184351590912,180,172.8,10.135812895359102,162.8,4.0
1.2986390803613421,787.0,423.2,0.0673174470569554,10.423134768169916,15.231703754472184,179,172.6,10.202389027724056,161.4,4.0
1.3013953411701664,788.0,423.32,0.05411588948711858,9.922538911767623,14.253115111214786,179,172.5,10.254362962046192,159.9,4.0
1.304080429413295,789.0,423.35999999999996,0.04075740261689513,9.666317675262965,13.2075746205338,179,172.3,10.30435321709012,158.5,4.0
1.306877381277004,790.0,423.4,0.02734874592865445,10.069026709352105,12.287109361138201,179,172.1,10.287766807506284,158.1,4.0
1.3097685070577654,791.0,423.4,0.01362586327170465,10.408052810740882,11.45258153596821,178,171.9,10.332585771540383,157.8,4.0
1.3125502180888575,792.0,423.4,-0.00032474770219246966,10.014159711931537,10.626098535261004,178,171.7,10.343976442631533,157.7,1.0
1.3154051050564628,793.0,423.35999999999996,-0.014527082615970407,10.277593083379163,9.777075106209049,178,171.6,10.37757178627218,157.6,1.0
1.318356024440793,794.0,423.32,-0.030243762575057075,10.623309783588713,9.06662467972,178,171.5,10.463119057234342,157.7,1.0
1.3212224861488833,795.0,423.2,-0.04764000005446165,10.319262149124498,8.431656766980256,177,171.5,10.53721712982878,157.7,1.0
1.3239636066668063,796.0,423.03999999999996,-0.06519300493472882,9.868033864523463,7.810506512958121,177,171.5,10.652378826660614,157.7,1.0
1.3266552850158932,797.0,422.8,-0.08138244403675261,9.690042056712523,7.255516531633487,176,171.5,10.722003447555789,157.7,1.0
1.3294338440683504,798.0,422.48,-0.09606821358199376,10.002812588846036,6.854286814754923,176,171.5,10.76163218016154,157.9,4.0
1.3321134047145682,799.0,422.03999999999996,-0.10490382384028799,9.646418326384042,6.464136971401105,176,171.5,10.750607794931016,158.0,4.0
1.3347412101782858,800.0,421.6,-0.10930686772170776,9.460099669383716,6.151114349547997,175,171.6,10.802280604079428,158.1,4.0
1.337454210355362,801.0,421.16,-0.10791309005749958,9.766800637474088,5.986484392647789,175,171.8,10.772405324425169,158.2,4.0
1.3403107499996998,802.0,420.76000000000005,-0.10646753718566034,10.283542719615895,5.952375870569479,174,171.9,10.761084947401798,158.3,4.0
1.3429340153427978,803.0,420.4799999999999,-0.10206374500418618,9.4437552351524,5.998271545769619,174,171.9,10.729867901769156,158.4,4.0
1.3456230993700093,804.0,420.32,-0.09621940833155598,9.680702497961688,6.14636823595945,173,172.0,10.689342852225106,158.4,4.0
1.348400697650046,805.0,420.23999999999995,-0.08729338180738784,9.999353808132188,6.345667406834242,173,172.0,10.702218491699456,158.6,4.0
1.351200858263853,806.0,420.12,-0.07958238596619326,10.080578209705047,6.524843661905277,173,171.9,10.72198158470477,158.8,4.0
1.3539368112974908,807.0,420.0,-0.07038028498070273,9.84943092109599,6.677307806922515,173,171.8,10.77745826493125,159.0,4.0
1.356879728796995,808.0,419.84,-0.06269311885904058,10.594502998214907,6.762263278438455,173,171.7,10.875003139828026,159.2,4.0
1.3598248355671159,809.0,419.64,-0.06079165872335492,10.602384372434999,6.845098013811471,173,171.7,10.996272791292853,159.6,4.0
1.362669888980343,810.0,419.4,-0.06470680692448112,10.24219228761768,6.886222495305989,172,171.6,11.049436283340611,160.0,4.0
1.365590584204058,811.0,419.2,-0.07153316650557835,10.514502805374347,6.8947731484618116,172,171.5,11.1525527175375,160.5,4.0
1.3684657858201419,812.0,419.0,-0.0782466090624286,10.350725817901772,6.8398609466140625,172,171.4,11.18189044175184,160.9,4.0
1.3712739848642534,813.0,418.76000000000005,-0.0862809297007578,10.109516558801932,6.798141569330274,172,171.3,11.16510923397708,161.5,4.0
1.3741074409312488,814.0,418.48,-0.09276440629600735,10.200441841183055,6.714679595309808,172,171.3,11.123029668429432,162.2,4.0
1.377023901030852,815.0,418.2,-0.09510846377656211,10.499256358571458,6.656139990149159,171,171.3,10.980592805104012,163.0,4.0
1.3797779882847039,816.0,417.88,-0.09471130384971109,9.914714113866687,6.6638125455924975,171,171.4,10.794969986435524,163.8,4.0
1.3826384384406587,817.0,417.52,-0.09308180234100091,10.297620561437013,6.693875740466524,171,171.5,10.700447693149137,164.7,4.0
1.3856129966931938,818.0,417.16,-0.08874930259085338,10.708409709126364,6.77537621493956,171,171.6,10.5835517537383,165.5,4.0
1.3886514238623164,819.0,416.87999999999994,-0.08306090494987887,10.938337808841506,6.8474987064085,172,171.7,10.479357719423344,166.2,2.0
1.3917341085837718,820.0,416.64,-0.07866872331310826,11.097664997239285,6.919223563836037,171,171.9,10.457067910418813,166.9,2.0
1.3948606317869159,821.0,416.4799999999999,-0.07700775766719703,11.255483531318712,6.961204944732264,172,171.9,10.366184309006448,167.6,2.0
1.3980557270053104,822.0,416.4,-0.07677474550565444,11.502342786220137,7.036508456660371,172,172.0,10.20936526846585,168.3,2.0
1.401057327774131,823.0,416.32,-0.07793063714992014,10.805762767753679,7.047792301715143,172,172.1,10.071600541670126,168.9,2.0
1.40400086365392,824.0,416.15999999999997,-0.07785165848446843,10.596729167240555,7.046925088597277,172,172.1,9.933385962597226,169.4,2.0
1.4068867004612162,825.0,415.91999999999996,-0.0791394070678473,10.389012506266216,7.003454997882818,171,172.2,9.905203670495457,169.7,2.0
1.4097843232960359,826.0,415.6,-0.08037984797533593,10.431442205350818,6.9391996600327674,172,172.2,9.93741593548679,170.1,2.0
1.412561786564062,827.0,415.2,-0.0828792191359848,9.998867764894399,6.911176140145955,173,172.2,9.941350896645286,170.5,2.0
1.4155048993248656,828.0,414.84,-0.08672928498955003,10.595205938892676,6.905580272560288,172,172.2,9.945111988883111,170.9,2.0
1.418456612478342,829.0,414.52,-0.09051170843264303,10.626167352515072,6.958379609100442,172,172.3,9.89332107638493,171.3,2.0
1.4214267276177306,830.0,414.23999999999995,-0.09031027451812731,10.6924145017988,7.065973930345434,172,172.2,9.715694048206782,171.7,2.0
1.4245890164860813,831.0,414.0,-0.08741691374348934,11.384239926062191,7.215992530445509,172,172.2,9.581844409521496,172.1,2.0
1.4278390091850461,832.0,413.8,-0.08181826991151783,11.699973716273298,7.337251916641435,171,172.3,9.496150251145458,172.5,2.0
1.4309947118433846,833.0,413.6,-0.07360873415057308,11.36052957001847,7.509478198516533,171,172.3,9.387917517667656,172.8,2.0
1.434209205708998,834.0,413.43999999999994,-0.06685723469232438,11.57217791620832,7.655171560740463,171,172.3,9.25681918819772,173.1,2.0
1.437431902659252,835.0,413.2799999999999,-0.061551210362996475,11.601709020914466,7.793650871404422,171,172.3,9.018920437859496,173.5,2.0
1.440477201860871,836.0,413.12,-0.0577246548857143,10.963077125828422,7.922907744582574,171,172.3,8.686959687857613,173.7,2.0
1.4435410996683329,837.0,412.9599999999999,-0.055363967184807975,11.030032106863267,7.990901609394721,172,172.3,8.324432844342558,173.8,2.0
1.4465657061075097,838.0,412.8,-0.05297897480709224,10.888583181036099,8.032009004352968,171,172.3,7.957644559057856,174.0,2.0
1.4494708047949452,839.0,412.64,-0.049301318063652,10.458355274767463,8.135931100699812,171,172.1,7.677014405044534,174.1,2.0
1.4523240322522568,840.0,412.48,-0.04697107116784059,10.27161884632232,8.223186337523366,172,171.0,7.543630792870426,174.3,2.0
1.4550906631669256,841.0,412.32,-0.043241905509444546,9.959871292807994,8.326560960277254,172,169.8,7.393452555369508,174.4,0.0
1.4578250369251446,842.0,412.2,-0.03806346027312062,9.843745529588407,8.504663522542687,172,168.4,7.243592814934358,174.5,0.0
1.4607181776576876,843.0,412.12,-0.032817841842278185,10.415306637154604,8.631869280961563,172,167.1,7.115558485099131,174.6,0.0
1.4636079605804933,844.0,412.03999999999996,-0.027482023394209715,10.403218522099948,8.697242814968803,172,165.7,6.983045825170092,174.7,0.0
1.46654122965765,845.0,412.0,-0.022099071049431946,10.559768677764904,8.762771550665052,172,164.2,6.836109197908511,174.7,0.0
1.4695246127231454,846.0,412.0,-0.016656663685605033,10.74017903578309,8.82058069411091,173,162.8,6.771318896656906,174.8,0.0
1.4723360560822398,847.0,412.0,-0.012615671027774385,10.121196092739646,8.962235212080778,172,161.4,6.708858009915825,174.8,0.0
1.4749250540754704,848.0,412.0,-0.009966631945890207,9.320392775630136,9.137919059988892,172,159.9,6.659554555197346,174.7,0.0
1.477447472966251,849.0,412.0,-0.008691209812089764,9.08070800681021,9.270482073555698,172,158.5,6.584431124508008,174.7,0.0
1.4799167710372492,850.0,412.0,-0.007386674460320815,8.889473055593324,9.377142201367665,172,158.1,6.480994428903918,174.6,0.0
1.4826051178071908,851.0,411.96000000000004,-0.00749079814558772,9.678048371790297,9.41408309689405,173,157.8,6.407979049032432,174.5,0.0
1.4854289700792747,852.0,411.91999999999996,-0.00749079814558772,10.16586817950174,9.310461508346977,172,157.7,6.373979953844781,174.4,0.0
1.4883330412594802,853.0,411.88,-0.00749079814558772,10.45465624873956,9.249670137840601,172,157.6,6.407815170760554,174.2,0.0
1.4912332716607242,854.0,411.84000000000003,-0.00749079814558772,10.440829444478217,9.243609181221114,172,157.7,6.518879186119824,174.0,2.0
1.4940226770920528,855.0,411.8,-0.00576095056686968,10.041859552783087,9.230479065237006,173,157.7,6.620273488872374,173.7,2.0
1.4965126517459422,856.0,411.8,-0.003951369868317814,8.9639087540016,9.20007116554373,172,157.7,6.643737175363233,173.4,2.0
1.498952290553133,857.0,411.8,0.0012556159183990136,8.782699705886776,9.079252946555735,172,157.7,6.650541015456527,173.1,2.0
1.5013032492175413,858.0,411.8,0.006555544223779498,8.46345119186977,8.869800279672138,173,157.9,6.64373242818733,172.8,2.0
1.503525021626439,859.0,411.84,0.011953724857631859,7.998380672032193,8.639315570353647,172,158.0,6.575113710029056,172.5,2.0
1.505630157671132,860.0,411.88,0.015458092592744846,7.578489760893954,8.421178519230253,172,158.1,6.423370002714671,172.2,2.0
1.507657674579023,861.0,411.96000000000004,0.01901571343109928,7.299060868408049,8.306767682192662,173,158.2,6.281719947116353,171.9,2.0
1.5095594136566572,862.0,412.03999999999996,0.021077850836539572,6.846260679482921,8.367878711737061,172,158.3,6.213932974839088,171.5,2.0
1.5114564658270986,863.0,412.12,0.023184312214364337,6.829387813589022,8.402522910973703,172,158.4,6.212226586958332,171.3,2.0
1.5133378398803294,864.0,412.15999999999997,0.02743754565965868,6.772946591631197,8.437976493277741,172,158.4,6.329102264944391,171.1,2.0
1.5153477171060654,865.0,412.2,0.032146946003041785,7.235558012649856,8.498008494122056,171,158.6,6.524823905602483,171.0,2.0
1.5174671817261378,866.0,412.23999999999995,0.03898659244461981,7.6300726322605374,8.5644918226475,161,158.8,6.744515792097784,170.9,2.0
1.5194896587624926,867.0,412.2799999999999,0.043983042415500405,7.280917330877582,8.755071441533648,160,159.0,7.003869281883482,170.9,2.0
1.5214243403701366,868.0,412.35999999999996,0.05127465842525095,6.964853787518271,8.951619722226994,159,159.2,7.248106723052753,170.9,2.0
1.5232904618628256,869.0,412.48,0.058615311769847446,6.718037373679911,9.182942290967244,159,159.6,7.432927268804946,170.9,2.0
1.5250275071854933,870.0,412.64,0.0679232730878465,6.2533631616035725,9.457190071265611,158,160.0,7.744520226169169,170.9,2.0
1.5266468667954356,871.0,412.8,0.07713581790547541,5.829694595792249,9.724254720217825,158,160.5,8.022485080266275,170.9,2.0
1.5283686328140376,872.0,413.0,0.08611852393773838,6.1983576669668725,9.96483583591816,158,160.9,8.169897625633377,170.9,2.0
1.5300921825213092,873.0,413.2,0.09488774618854565,6.204778946178206,10.262883936312438,158,161.5,8.259456882533208,170.8,2.0
1.5318366025336554,874.0,413.4,0.1036392415155419,6.27991204444641,10.630170926421167,157,162.2,8.213432473207268,170.7,2.0
1.5336378035630323,875.0,413.6,0.11019141786993517,6.484323705756463,11.134963131646765,157,163.0,8.154356578523181,170.5,2.0
1.5354699440286488,876.0,413.8,0.11671438513852439,6.595705676219643,11.7985628840985,157,163.8,8.163508635651564,170.3,2.0
1.5372896005653607,877.0,414.0,0.12548708633149502,6.550763532162735,12.300248399973878,157,164.7,8.16130374732551,170.1,2.0
1.5391298402419278,878.0,414.23999999999995,0.13455400496388337,6.624862835641744,12.800887333901224,158,165.5,8.152631290371296,169.9,2.0
1.5410899484482716,879.0,414.48,0.14394930541180467,7.056389542837649,13.273769355554501,158,166.2,8.270032018582462,169.6,2.0
1.543135504924715,880.0,414.75999999999993,0.15582710953078655,7.364003315196267,13.713092191884257,159,166.9,8.283691090438882,169.3,2.0
1.5450365153756367,881.0,415.0799999999999,0.16545291552628785,6.84363762331775,14.382011525811157,158,167.6,8.312780972501644,169.0,2.0
1.5468234583011577,882.0,415.43999999999994,0.17488490980975585,6.432994531875474,14.817673640268683,158,168.3,8.441014537342335,168.8,2.0
1.5485659075642442,883.0,415.8,0.18387183119162007,6.272817347111132,15.257881978028905,158,168.9,8.488537564815397,168.5,2.0
1.550291414834176,884.0,416.2,0.19008271462856036,6.2118261717544465,15.899847746830915,159,169.4,8.571487592490424,168.2,2.0
1.5519020083131132,885.0,416.56000000000006,0.19559534786428048,5.79813652417372,16.27854467974495,158,169.7,8.64042122313543,168.0,2.0
1.5533126384806342,886.0,416.91999999999996,0.2022771363027212,5.07826860307579,16.886646773806323,158,170.1,8.644399858865205,167.7,2.0
1.554738822640684,887.0,417.28000000000003,0.2060671079463407,5.134262976179557,17.587863514986445,158,170.5,8.601392764502771,167.3,2.0
1.5563907651720366,888.0,417.64,0.2063439545183085,5.946993112869104,18.27374363751718,159,170.9,8.604638251141086,166.9,2.0
1.558346133412045,889.0,418.0,0.205457167679519,7.039325664030081,19.001249301349993,159,171.3,8.58766331580009,166.6,2.0
1.5607163445495609,890.0,418.43999999999994,0.20343425431004108,8.532760095056855,19.65709812603755,159,171.7,8.677826034177649,166.3,2.0
1.5631610262245328,891.0,418.87999999999994,0.20000672957793278,8.800854029898668,19.75915308771244,160,172.1,8.782922404902635,166.0,2.0
1.5655582243903186,892.0,419.32,0.19881537335511562,8.629913396828487,20.159068680668465,160,172.5,8.90291290963322,165.6,2.0
1.5680211000139208,893.0,419.76000000000005,0.19837796743600694,8.866352244968112,20.419581140547766,160,172.8,9.12753454132634,165.3,2.0
1.570425044620434,894.0,420.23999999999995,0.1985657768521612,8.654200583447162,20.275660964656815,161,173.1,9.272696489085387,165.0,4.0
1.5725490285042383,895.0,420.64,0.19770595909112382,7.646341981695636,20.362470731079664,162,173.5,9.403727371765696,164.7,4.0
1.5748251946644378,896.0,421.08000000000004,0.1952812861634593,8.19419817671803,20.087156270203646,162,173.7,9.613775820024436,164.5,4.0
1.577023503419202,897.0,421.52,0.19138297130112364,7.9139115171506225,19.81287456684464,163,173.8,9.8120136859759,164.4,4.0
1.5790849252432408,898.0,421.96000000000004,0.18831335488843093,7.421118566540119,19.70457447627206,163,174.0,9.979801677238308,164.2,4.0
1.5812890691968597,899.0,422.36,0.18589157222882877,7.934918233028379,19.574233890699496,165,174.1,10.185122607587797,164.0,4.0
1.5835314347529146,900.0,422.8,0.18180031711794561,8.072516001797466,19.434723403253575,166,174.3,10.251125080490322,163.7,4.0
1.5858120167204306,901.0,423.2,0.18302621485660187,8.210095083057801,19.63087187333617,168,174.4,10.343984065407046,163.4,4.0
1.5882346372671285,902.0,423.6,0.18222060610971214,8.721433968112315,19.572965178187914,168,174.5,10.430500780557107,163.1,4.0
1.5906913882009361,903.0,424.0,0.18279443201231,8.84430336170756,19.577721861077755,169,174.6,10.42224066738345,162.8,4.0
1.593071242649243,904.0,424.4,0.18338083071236386,8.567476013905033,19.820314579305307,169,174.7,10.421045511992038,162.4,4.0
1.5955213396669672,905.0,424.84,0.18582636069163522,8.820349263807293,19.88212181618309,169,174.7,10.447711562138956,162.0,4.0
1.5978354476934344,906.0,425.2799999999999,0.18313221101910504,8.33078889528225,20.04763337165916,169,174.8,10.349562145596758,161.6,4.0
1.6001145616761505,907.0,425.76000000000005,0.1824881847530523,8.204810337778223,20.161083752325897,170,174.8,10.286403265813608,161.2,4.0
1.6025321878469692,908.0,426.23999999999995,0.18003924576720937,8.703454214947028,20.11822668371689,170,174.7,10.218591194491683,160.9,4.0
1.6048683402102355,909.0,426.71999999999997,0.17911197699408093,8.410148507759011,19.928191592231542,171,174.7,10.14116443382385,160.7,4.0
1.6073411225098322,910.0,427.12,0.1782268977614234,8.90201627854772,19.780186661341023,171,174.6,10.202526515728117,160.6,4.0
1.6098131867846954,911.0,427.52,0.17692052348417958,8.899431389507875,19.491508692143054,171,174.5,10.208318738668286,160.6,4.0
1.6122468590973094,912.0,427.87999999999994,0.17552306038415014,8.761220325410049,19.386390125452728,172,174.4,10.18433554942317,160.7,4.0
1.6145841458801102,913.0,428.28000000000003,0.1708371122486439,8.414232418083227,19.235237009897194,173,174.2,10.2039991157532,160.8,4.0
1.6169730155690791,914.0,428.68,0.16283009682282082,8.59993088028817,19.024327769427146,173,174.0,10.195728284255956,161.0,4.0
1.619375959988634,915.0,429.12,0.1530134477000292,8.650599910397352,18.911706012017074,173,173.7,10.207640887470609,161.2,4.0
1.6219405200105945,916.0,429.55999999999995,0.14349285967890413,9.232416079057824,18.523433493856352,173,173.4,10.312553854628389,161.5,4.0
1.6245115683564357,917.0,429.96000000000004,0.1323799270962185,9.255774045028092,17.993185587141888,174,173.1,10.34773075971823,161.8,4.0
1.6272625014848394,918.0,430.28000000000003,0.12165948262488543,9.903359262252883,17.46227925821325,174,172.8,10.433889248285244,162.1,4.0
1.630222602825031,919.0,430.56000000000006,0.10804825568304052,10.656364824690224,16.868071415350258,174,172.5,10.51797559969314,162.3,4.0
1.6330986127572917,920.0,430.76000000000005,0.09325434070445435,10.353635756138177,16.19162806463456,174,172.2,10.456204162256634,162.4,4.0
1.635934651706267,921.0,430.91999999999996,0.07590025682968857,10.209740216310982,15.543301157676888,175,171.9,10.448644468194011,162.5,4.0
1.6389517919307106,922.0,431.03999999999996,0.057436028052388025,10.86170480799742,14.711724642706079,174,171.5,10.458399977900187,162.6,4.0
1.6418397394522655,923.0,431.12,0.04074465893207317,10.396611077597862,13.951177762888364,174,171.3,10.363557612113436,162.6,4.0
1.6446946868947412,924.0,431.15999999999997,0.027370490823323424,10.277810792912277,13.178397556121393,175,171.1,10.320556785110838,162.7,4.0
1.6476679672319334,925.0,431.15999999999997,0.014297557758796365,10.703809213892233,12.348304425315856,174,171.0,10.296090159018112,162.8,4.0
1.650415867456401,926.0,431.12,0.005673789321276016,9.892440808083078,11.66527317190317,175,170.9,10.18412589970703,162.8,4.0
1.6532448574270107,927.0,431.08000000000004,-0.0014014734337621578,10.184363894195316,11.155561352367457,175,170.9,10.16868653586686,162.8,4.0
1.6562361147641644,928.0,431.03999999999996,-0.007027060117704755,10.768526413753523,10.646527519329036,175,170.9,10.1958806452142,162.8,4.0
1.6591732713455405,929.0,430.9599999999999,-0.00981128714453568,10.573763692953632,10.325344607089802,175,170.9,10.171168175469168,162.8,4.0
1.6620459614017138,930.0,430.91999999999996,-0.009777917518114704,10.341684202224043,10.102894062439791,175,170.9,10.286143155422955,162.9,4.0
1.6649560727122084,931.0,430.88,-0.008366706106134492,10.476400717780164,9.978055051405416,175,170.9,10.419378314817015,162.9,4.0
1.6677005756684793,932.0,430.84,-0.005572530785741472,9.88021064257545,10.073825659935139,175,170.9,10.462833628623924,163.0,4.0
1.6704130818573033,933.0,430.84,-0.001372822653431255,9.765022279766358,10.183556699485408,174,170.8,10.589783005602577,163.1,4.0
1.6730796624349957,934.0,430.88,0.0014148968999193226,9.599690079693032,10.333250060456914,174,170.7,10.73931065649623,163.1,4.0
1.6758378684369997,935.0,430.91999999999996,0.006997928273938701,9.929541607213897,10.571032151572995,174,170.5,10.776843023296232,163.1,4.0
1.678756218888979,936.0,430.9599999999999,0.011167360799678682,10.506061627125758,10.788751324252221,174,170.3,10.892977945736195,163.1,4.0
1.681601298367756,937.0,431.03999999999996,0.01669457033293231,10.242286123597,11.043364618758849,174,170.1,11.051508753497275,163.1,4.0
1.6845259357347844,938.0,431.0799999999999,0.022237503845125756,10.528694521302365,11.389417480398187,174,169.9,11.071567830018328,163.1,4.0
1.6875177133337438,939.0,431.15999999999997,0.026372011448624343,10.770399356253938,11.627652896701324,173,169.6,11.168018663450823,163.1,4.0
1.6903674288579804,940.0,431.23999999999995,0.029088726286693522,10.258975887251603,11.927561413081625,173,169.3,11.236159384367337,163.1,4.0
1.69331063073296,941.0,431.35999999999996,0.03184596760271353,10.595526749926682,12.220694061429692,172,169.0,11.19839792205372,163.2,4.0
1.6963465585980024,942.0,431.48,0.033224158526878725,10.929340314153228,12.348023624110205,172,168.8,11.202456752721211,163.1,4.0
1.699156778412076,943.0,431.6,0.03319992095954766,10.116791330664803,12.534738670636571,171,168.5,11.216541409524632,163.1,4.0
1.702062688124677,944.0,431.71999999999997,0.03604546032885942,10.461274965363186,12.744710074784177,171,168.2,11.122143190624916,163.1,4.0
1.705054467325036,945.0,431.84,0.03892668979418742,10.770405121292827,12.822310404338854,171,168.0,11.094881858157937,163.1,4.0
1.707801230450803,946.0,431.91999999999996,0.04322812892586682,9.888347252760703,12.95186461465712,171,167.7,11.01984453544441,163.1,4.0
1.710625310779406,947.0,432.0,0.047615474164660006,10.166689182970792,13.093977822928206,171,167.3,10.853474607556512,163.1,4.0
1.7135770467845073,948.0,432.12,0.05188360552519348,10.626249618364115,13.113364606745767,170,166.9,10.803320548243514,163.1,4.0
1.7163053733673923,949.0,432.28000000000003,0.056041339300161544,9.821975698386408,13.240683827661394,171,166.6,10.70063333173312,163.0,4.0
1.719035642149955,950.0,432.48,0.05741588912545986,9.828967617225642,13.390513614697815,171,166.3,10.566710092451755,162.9,4.0
1.721910881174677,951.0,432.71999999999997,0.05732684009979867,10.35086048899942,13.434173358626785,171,166.0,10.536846650731716,162.7,4.0
1.7246357972083,952.0,432.9599999999999,0.057218029353318545,9.809697721042408,13.612438483758604,171,165.6,10.493829642461437,162.6,4.0
1.7274031299005952,953.0,433.2,0.0557570494126137,9.962397692263101,13.780322715810996,171,165.3,10.40750402392631,162.5,4.0
1.7303845788058276,954.0,433.35999999999996,0.052837106251614155,10.733216058836604,13.807092568043213,171,165.0,10.450261984853285,162.4,4.0
1.733307712256895,955.0,433.48,0.04977863689357194,10.523280423842495,13.930702219064361,171,164.7,10.4441906283134,162.2,4.0
1.7363738503269779,956.0,433.56000000000006,0.047919476654743096,11.038097052298594,14.110514249625504,171,164.5,10.465909388409605,162.1,4.0
1.7395680283205643,957.0,433.6,0.04716125392049095,11.499040776911365,14.176396986270191,171,164.4,10.553606647454586,162.0,4.0
1.7426404735306846,958.0,433.64000000000004,0.047732641009306645,11.060802756433183,14.378008172434935,170,164.2,10.55895868399356,162.1,4.0
1.7457214372718437,959.0,433.71999999999997,0.049727585423115415,11.091469468172951,14.690365494663634,170,164.0,10.5643781440362,162.4,4.0
1.7488670606402221,960.0,433.88,0.05450584320812772,11.324244126162181,14.862945176629802,170,163.7,10.611610150045356,162.7,4.0
1.7518465562393886,961.0,434.12,0.05941316690416618,10.726184156999432,15.187205555642754,169,163.4,10.60619346180266,163.0,4.0
1.7548940692797892,962.0,434.4,0.06320500300498987,10.97104694544207,15.482138848651786,169,163.1,10.63292682797523,163.3,4.0
1.7581017653269764,963.0,434.71999999999997,0.06835828338783909,11.547705769873886,15.617291140408293,169,162.8,10.73887079257472,163.5,4.0
1.7611389338892116,964.0,435.03999999999996,0.07226326482832097,10.933806824047121,15.763604230577931,169,162.4,10.778121808607754,163.7,4.0
1.7643299863220359,965.0,435.32,0.07496434203082787,11.48778875816745,15.851511867994603,168,162.0,10.905129763530354,164.1,4.0
1.7675854041724424,966.0,435.52,0.07376059736924083,11.719504261463703,15.695086831816813,168,161.6,10.998508299680406,164.4,4.0
1.7706746892151577,967.0,435.71999999999997,0.07140707957241563,11.121426153775207,15.540373335792243,168,161.2,11.00476609248929,164.7,4.0
1.7737584089549099,968.0,435.88,0.06652435398658652,11.101391063108112,15.252436301096528,168,160.9,11.009372069095106,164.8,4.0
1.7768784967427451,969.0,436.03999999999996,0.05897043374848093,11.232316036207155,14.770702229864915,167,160.7,10.97925459190443,164.9,4.0
1.779761902836402,970.0,436.15999999999997,0.0500592101390132,10.380261937165027,14.3864936847439,167,160.6,10.862528508344129,165.0,4.0
1.782665672512049,971.0,436.32,0.04245609978915013,10.453570832329627,13.88667024230256,167,160.6,10.80186889971999,165.1,4.0
1.785504748544912,972.0,436.43999999999994,0.03598252731611399,10.220673718306813,13.354146855022123,166,160.7,10.671606754120914,165.2,4.0
1.7882503059035217,973.0,436.52,0.030871805481002535,9.884006490994908,12.978682967379907,165,160.8,10.457844735732188,165.5,4.0
1.791148157634332,974.0,436.56000000000006,0.02702076721435396,10.432266230917133,12.635479614130086,165,161.0,10.284873189894824,165.9,2.0
1.794053967799072,975.0,436.6,0.024442635890725664,10.460916593063496,12.31449320593516,165,161.2,10.019766726559729,166.3,2.0
1.7969373766514747,976.0,436.6,0.02453517787847146,10.380271868650091,12.249683520166474,165,161.5,9.748845873276077,166.7,2.0
1.799943707689412,977.0,436.64,0.02460460387286758,10.822791736574803,12.194945283683222,165,161.8,9.556890470526463,167.1,2.0
1.8029079357395246,978.0,436.68,0.025944309571375945,10.671220980405298,12.243399751431244,164,162.1,9.356415376962252,167.5,2.0
1.80578823014254,979.0,436.76000000000005,0.02864183313183529,10.369059850855898,12.430880731756146,164,162.3,9.220183613330956,167.8,2.0
1.8087904083498831,980.0,436.88,0.03268673315547448,10.80784154643478,12.579078859165616,164,162.4,9.14678009018905,168.2,2.0
1.8116773131462527,981.0,437.03999999999996,0.03532588543107483,10.392857266930772,12.761471494957817,164,162.5,8.993273368240889,168.6,2.0
1.8145767190682718,982.0,437.2,0.03933400491303135,10.437861319268842,13.004825215351962,164,162.6,8.963504770753454,169.0,2.0
1.8175658799242287,983.0,437.36,0.04323716589370284,10.760979081444738,13.17536810570883,164,162.6,9.013371662454952,169.3,2.0
1.8204785984232028,984.0,437.52,0.048407612456513434,10.485786596306893,13.337780277665166,163,162.7,9.029420759098112,169.5,2.0
1.8233994626436167,985.0,437.64,0.050912783354592726,10.515111193489888,13.530397185139194,163,162.8,9.134387215606807,169.6,2.0
1.8264140715127117,986.0,437.75999999999993,0.05205337684109217,10.852591928741635,13.56941033829039,162,162.8,9.300413308662083,169.8,2.0
1.8294053561944195,987.0,437.91999999999996,0.050535785234591804,10.76862485414786,13.656833130753142,162,162.8,9.396099742526308,170.0,2.0
1.8324438435950114,988.0,438.12,0.045107768262087136,10.938554642130978,13.651428120198537,161,162.8,9.54253758427793,170.2,2.0
1.8356184267885811,989.0,438.28000000000003,0.03834387650256656,11.428499496850808,13.492887450947174,161,162.8,9.6228811250595,170.4,2.0
1.8387296355960159,990.0,438.43999999999994,0.031577366449752856,11.200351706765117,13.270383255433014,160,162.9,9.652163940647942,170.5,2.0
1.8419693402671706,991.0,438.56000000000006,0.026177640366008052,11.662936816156769,12.979575533357636,160,162.9,9.74384413027077,170.7,2.0
1.8451281310118288,992.0,438.55999999999995,0.02216952088405153,11.371646680769365,12.56849255368827,160,163.0,9.754196569435589,170.9,2.0
1.8481346746255882,993.0,438.52,0.018324762199900247,10.823557009533584,12.224668621912045,160,163.1,9.67830929341228,171.1,2.0
1.851060187504023,994.0,438.48,0.01325551783464276,10.53184636236505,11.859851726760207,160,163.1,9.661948050466538,171.3,2.0
1.8538973920655737,995.0,438.43999999999994,0.011034954529916461,10.213936421583135,11.47878790687011,161,163.1,9.648560097572592,171.5,2.0
1.8565877618136677,996.0,438.43999999999994,0.008881150415796357,9.68533109313861,11.218475856744131,161,163.1,9.577280938740186,171.6,2.0
1.8594105475825307,997.0,438.48,0.008070039115088691,10.162028767906484,10.923978133450053,162,163.1,9.591965846090163,171.6,2.0
1.8620871956897918,998.0,438.52,0.011218688116819909,9.635933186140223,10.666795376380072,162,163.1,9.60214855420216,171.7,2.0
1.8646679954989482,999.0,438.6,0.017355380981992994,9.290879312963547,10.534011388883172,162,163.1,9.648951700538456,171.8,2.0
1.867298727790168,1000.0,438.68,0.021917784955689436,9.470636248391472,10.42814102364051,162,163.1,9.716391078607083,171.9,2.0
1.869802025618725,1001.0,438.76000000000005,0.028087620741927298,9.011872182805824,10.408702957755105,162,163.2,9.718058818454844,172.0,2.0
1.8722082584375954,1002.0,438.84000000000003,0.03127719411195496,8.662438147932843,10.460409117668483,163,163.1,9.697184364928164,172.1,2.0
1.8746815925992726,1003.0,438.96000000000004,0.032992955765763096,8.904002982037445,10.419341443514433,163,163.1,9.76277112813755,172.2,2.0
1.8770502302178067,1004.0,439.03999999999996,0.034612494415318176,8.527095426722935,10.490635484252238,163,163.1,9.721254317182074,172.4,2.0
1.879509013213715,1005.0,439.15999999999997,0.034664063480916545,8.851618785270176,10.598673021858806,163,163.1,9.637124939584066,172.6,2.0
1.881995484286415,1006.0,439.23999999999995,0.03309499414388181,8.951295861719565,10.633074343852387,162,163.1,9.621926141349412,172.9,2.0
1.8843918624943108,1007.0,439.32,0.03146784542258918,8.62696154842486,10.723666634297103,163,163.1,9.590937879403532,173.2,2.0
1.8869858200529956,1008.0,439.4,0.029811089854140927,9.338247211265868,10.875352118442333,163,163.1,9.55508001637297,173.5,2.0
1.8897051390057675,1009.0,439.48,0.026485355786673825,9.789548229978534,10.9532428359047,162,163.0,9.551201920942006,173.8,2.0
1.8923804521209961,1010.0,439.52,0.02474861452964966,9.631127214823083,11.091161607864755,163,162.9,9.557605559377828,174.1,2.0
1.8951753234398552,1011.0,439.56000000000006,0.02293146185429804,10.06153674789276,11.168074079373614,163,162.7,9.643936913444724,174.4,2.0
1.8980427398505457,1012.0,439.6,0.024213036515116523,10.322699078485627,11.210385285620386,163,162.6,9.73343051331412,174.7,2.0
1.9007818696618457,1013.0,439.64,0.02702991834200754,9.860867320679665,11.35398283452555,163,162.5,9.750829267315462,175.0,0.0
1.9035572790630233,1014.0,439.68,0.028443956591208082,9.991473844239163,11.419371984856348,163,162.4,9.839643165568855,175.2,0.0
1.9062392385611027,1015.0,439.76000000000005,0.03138388058097501,9.655054193085881,11.40977196487636,163,162.2,9.89232904653342,175.4,0.0
1.9088070507882149,1016.0,439.88,0.03437384110313123,9.244124017603978,11.482701280846126,163,162.1,9.837785706840323,175.5,0.0
1.9114580961895073,1017.0,440.03999999999996,0.03735457808002539,9.543763444653134,11.57430080841468,163,162.0,9.769215931660009,175.7,0.0
1.9140808105236502,1018.0,440.16,0.038826748131529525,9.44177160291403,11.570807557247836,164,162.1,9.638432528044568,175.9,0.0
1.9165893314874685,1019.0,440.32,0.040312446793314576,9.030675469745463,11.623494185120467,163,162.4,9.409469592796736,176.1,0.0
1.9192191967056256,1020.0,440.43999999999994,0.040321126262598574,9.46751478536568,11.64384345411344,163,162.7,9.220296127440594,176.4,0.0
1.921976879266446,1021.0,440.56000000000006,0.040295382003718634,9.927657218953282,11.65242701438217,163,163.0,8.968160463516789,176.6,0.0
1.9246462980137131,1022.0,440.64,0.03730552430127541,9.60990749016158,11.63379405633157,163,163.3,8.736756307010515,176.8,0.0
1.9274262192343186,1023.0,440.71999999999997,0.03282994318828923,10.00771639417944,11.48053747972417,163,163.5,8.561181949659968,177.0,0.0
1.9302299139358072,1024.0,440.76000000000005,0.029815850213003776,10.093300925359133,11.265366966859919,163,163.7,8.350184301735673,177.1,0.0
1.9330418821737096,1025.0,440.84,0.023810824660971893,10.123085656448838,11.099426386474667,163,164.1,8.145647549703261,177.3,0.0
1.935797026006568,1026.0,440.87999999999994,0.01780477982668527,9.918517798290265,10.795739031688758,163,164.4,8.02031634758772,177.5,0.0
1.9384527040185489,1027.0,440.91999999999996,0.010312282214119572,9.560440843130738,10.410905907890967,164,164.7,7.851925978795833,177.7,0.0
1.941017433759562,1028.0,440.96000000000004,0.004334911701645027,9.233027067647223,10.104232197542123,163,164.8,7.720273653498721,177.8,0.0
1.9437081401767395,1029.0,440.96000000000004,-0.0031081415157071662,9.686543101839323,9.78494627517146,163,164.9,7.6613697578661375,177.9,0.0
1.9462226809200203,1030.0,440.91999999999996,-0.007551983209515584,9.05234667581092,9.47744796679822,163,165.0,7.569838503710194,178.0,0.0
1.9487466707652905,1031.0,440.84,-0.013455560243457653,9.08636344297319,9.242195826217255,163,165.1,7.498123528602576,178.0,0.0
1.9513738706285724,1032.0,440.76000000000005,-0.016400318276703338,9.457919507815054,9.07124906949979,163,165.2,7.442913172347323,178.1,0.0
1.9540677133437725,1033.0,440.64,-0.019350213225123196,9.697833774720655,9.054070324902497,163,165.5,7.339697107874123,178.2,0.0
1.9567718028701762,1034.0,440.55999999999995,-0.019383051052350365,9.734722295053501,9.115461501823384,163,165.9,7.231069994579864,178.3,0.0
1.9595729986207704,1035.0,440.4799999999999,-0.017909033065572174,10.084304702139194,9.184614473706262,162,166.3,7.151419204838068,178.3,0.0
1.9623459303381727,1036.0,440.43999999999994,-0.014907962459542637,9.982554182648478,9.399796400618113,162,166.7,7.067909170038652,178.3,0.0
1.9652414176670059,1037.0,440.4,-0.008831888768423621,10.423754383799704,9.678597798729442,162,167.1,6.969679345192406,178.3,0.0
1.9680547407409896,1038.0,440.43999999999994,-0.0011332658460060658,10.127963066341167,9.930878910738521,162,167.5,6.9133962841472565,178.3,0.0
1.9707937770303932,1039.0,440.4799999999999,0.006557593472641732,9.860530641852748,10.291757918365546,162,167.8,6.903239093156773,178.3,0.0
1.9735550230466001,1040.0,440.52,0.016109303867949783,9.940485658344853,10.68839807937309,162,168.2,6.884313858988028,178.2,0.0
1.9762253625612165,1041.0,440.6,0.029154963259029408,9.613222252618844,11.069780357519276,161,168.6,6.883957632583515,178.2,0.0
1.9787010531475733,1042.0,440.71999999999997,0.042690020806393184,8.9124861108841,11.638871423836108,162,169.0,6.957723910475751,178.1,0.0
1.9812044242650504,1043.0,440.8,0.060056031475159775,9.012136022917472,12.238824392113276,162,169.3,7.041290977926043,178.0,0.0
1.983545226559189,1044.0,440.96000000000004,0.08013757226810977,8.426888258899115,12.915804363142621,164,169.5,7.202020154366321,178.0,0.0
1.985710414156317,1045.0,441.2,0.10067089368654936,7.794675349660869,13.753802901971662,165,169.6,7.394012310859902,178.0,0.0
1.987957864025508,1046.0,441.48,0.12342471996573061,8.090819529087078,14.55588312197147,165,169.8,7.502043422991379,178.0,0.0
1.9901529745101085,1047.0,441.84,0.14479824655666887,7.902397744561646,15.293935603704721,165,170.0,7.644118502219632,178.1,0.0
1.9923235082604636,1048.0,442.32,0.161038079847403,7.813921501278425,16.07350878517091,165,170.2,7.702997786486817,178.2,0.0
1.9945748380016712,1049.0,442.8,0.17703152390047447,8.104787068347273,16.642563264072347,164,170.4,7.633099872168333,178.4,0.0
1.9967499794403107,1050.0,443.32,0.18978595125648273,7.830509179101917,17.07208873031446,164,170.5,7.55547631380054,178.5,0.0
1.9988521613103927,1051.0,443.84,0.19538935738387186,7.567854732294714,17.438881348289783,165,170.7,7.516627546216602,178.6,0.0
2.0009797096686506,1052.0,444.2799999999999,0.19725761324545366,7.659174089728703,17.531109638643496,165,170.9,7.377749774964023,178.7,0.0
2.003015329761706,1053.0,444.68,0.19544238030869907,7.328232334998591,17.44774457488992,165,171.1,7.28346840721434,178.9,0.0
2.0049904311522413,1054.0,445.0799999999999,0.18815873887200357,7.1103650059279975,17.238906883450404,165,171.3,7.21721311392997,179.1,0.0
2.0069919968170566,1055.0,445.4,0.17854795255349581,7.205636393335026,16.75184912741644,166,171.5,7.103696597266537,179.3,0.0
2.008985193202481,1056.0,445.68,0.16679758281321694,7.175506987527656,16.125037438598355,166,171.6,7.025906006129324,179.5,0.0
2.0109810954228937,1057.0,445.96000000000004,0.15487917360268727,7.185247993485457,15.498247817611361,166,171.6,6.98457522674192,179.7,0.0
2.0129982670725397,1058.0,446.23999999999995,0.14650429475204332,7.2618179387259,14.834956894798975,166,171.7,7.042326676979018,179.9,0.0
2.014962885523544,1059.0,446.48,0.1356667696349097,7.072626423615277,14.167214266305825,167,171.8,7.117320192560484,180.0,0.0
2.0168362849808106,1060.0,446.71999999999997,0.12666771815454056,6.744238046159323,13.63186209150978,168,171.9,7.198038602146194,180.2,0.0
2.018717214657165,1061.0,446.9599999999999,0.12119764519659013,6.771346834876757,13.239340992317556,169,172.0,7.233065502954149,180.3,0.0
2.0206127906965357,1062.0,447.2,0.1192544335129575,6.824073741734543,12.910158208846465,169,172.1,7.213373642994528,180.5,0.0
2.022375550165018,1063.0,447.35999999999996,0.11684445982116838,6.345934086536132,12.680920449146845,169,172.2,7.157408444410315,180.6,0.0
2.024194309719317,1064.0,447.55999999999995,0.11601915562816927,6.5475343954764975,12.637962391584765,169,172.4,7.045224865505117,180.7,0.0
2.026167660964714,1065.0,447.76000000000005,0.11680921130095734,7.104064483430184,12.712613990655303,169,172.6,6.906493391291884,180.7,0.0
2.0281082872552254,1066.0,448.0,0.11739755038314259,6.98625464584021,12.99073676570147,170,172.9,6.861790540274685,180.8,0.0
2.0301031999578476,1067.0,448.23999999999995,0.1162008101036189,7.181685729440336,13.367550798027708,170,173.2,6.879782797160864,180.8,0.0
2.032325277934972,1068.0,448.52,0.1169918561615086,7.999480717648245,13.611999769014286,170,173.5,6.903425403467828,180.8,0.0
2.0345220271288937,1069.0,448.8,0.12203484565988784,7.908297098118205,13.945050120414248,170,173.8,6.98157403284377,180.8,0.0
2.0368418965207167,1070.0,449.08000000000004,0.12339752177930027,8.351529810562088,14.132446178746566,170,174.1,7.128420492256599,180.8,0.0
2.039256137742887,1071.0,449.32,0.12503460439221412,8.691268399812573,14.094763280529765,170,174.4,7.209062734613075,181.0,0.0
2.041451800204845,1072.0,449.6,0.127004580254087,7.904384863049322,14.054065684313048,171,174.7,7.35809780754593,181.1,0.0
2.0436092126711833,1073.0,449.88,0.12950924480502615,7.766684878818658,14.126357650341964,171,175.0,7.472604847936945,181.2,0.0
2.0455915257928914,1074.0,450.12,0.1304198097663695,7.136327238148346,14.004070360431294,171,175.2,7.514516587047436,181.2,0.0
2.0473707161651817,1075.0,450.36,0.13372668790625078,6.405085340245353,13.939672601317701,171,175.4,7.593979859047653,181.4,0.0
2.049095721460227,1076.0,450.64,0.13699910349141278,6.2100190621622735,13.930378504028536,171,175.5,7.648076592890158,181.5,0.0
2.050982720919561,1077.0,450.91999999999996,0.14186584728621784,6.793198053600953,13.834685739602174,172,175.7,7.557237497939741,181.7,0.0
2.0528190273098725,1078.0,451.2,0.14052780078070304,6.610703005122459,13.788167864987475,172,175.9,7.469831587762824,181.8,0.0
2.0547538838156005,1079.0,451.52,0.1410535313130912,6.965483420621378,13.825459727246507,172,176.1,7.469560313603421,181.9,0.0
2.056889710726078,1080.0,451.84,0.14132039540990743,7.688976877718385,14.08007939612115,172,176.4,7.387145036953818,182.0,0.0
2.05898862829085,1081.0,452.16,0.1435412249098941,7.556103233178234,14.353899395524746,172,176.6,7.3940238297681615,182.0,0.0
2.060968205777427,1082.0,452.4,0.14388217822450555,7.126478951677205,14.621500788292257,172,176.8,7.50224318613909,182.0,0.0
2.0630108105232448,1083.0,452.68,0.1484573325493938,7.3533770849446105,14.763842845874683,171,177.0,7.594649148592144,182.0,0.0
2.0651535443400557,1084.0,452.91999999999996,0.15299762690469715,7.713841740519328,14.797772357555383,172,177.1,7.721036211451485,182.1,0.0
2.0671410500334058,1085.0,453.2,0.15534194402051263,7.155020496060006,14.735238983675917,172,177.3,7.832449960770566,182.1,0.0
2.0690902731328555,1086.0,453.4799999999999,0.1556710819275798,7.017203158019384,14.548457775703634,172,177.5,7.861128382122837,182.1,0.0
2.0710745695388777,1087.0,453.84,0.15392321953750088,7.143467061680508,14.269700955468256,173,177.7,7.896351033539132,181.9,0.0
2.0728561763181905,1088.0,454.2,0.15404044676377754,6.413784405526261,14.161853754054565,173,177.8,7.949718674298509,181.8,0.0
2.0746355739389624,1089.0,454.56000000000006,0.1500918755734425,6.405831434779217,14.103466352584473,173,177.9,7.897745917334326,181.7,0.0
2.076459779796925,1090.0,454.88,0.14789926131881465,6.5671410886664034,13.984755766661246,174,178.0,7.93665695289624,181.6,0.0
2.078173332155549,1091.0,455.16,0.14345114593553926,6.168788491045917,13.942711722440498,174,178.0,7.993302975639176,181.5,0.0
2.080028735055967,1092.0,455.4,0.14064132833527535,6.679450441505203,14.020436916279602,175,178.1,7.973223892731215,181.4,0.0
2.0821213182931357,1093.0,455.6,0.13325381218174284,7.53329965380642,13.977861083941914,174,178.2,7.908220178489593,181.2,0.0
2.084329726016355,1094.0,455.8,0.12754639800728879,7.9502678035889724,14.101096240203194,175,178.3,7.906054776328952,181.0,0.0
2.086534311235749,1095.0,456.0,0.12395225942294011,7.936506789819419,14.204192793802065,175,178.3,7.895480623804973,180.8,0.0
2.088891441166901,1096.0,456.23999999999995,0.12268692588630632,8.48566775214767,14.189600239197395,175,178.3,7.905908739224145,180.7,0.0
2.0910997438016916,1097.0,456.4799999999999,0.12174369120980115,7.949889485245268,14.295772911983136,176,178.3,7.990733938605333,180.7,0.0
2.0932953368947067,1098.0,456.75999999999993,0.1252178520357285,7.904135134854804,14.385109223350941,176,178.3,8.08324632373363,180.7,0.0
2.095392809627676,1099.0,457.08000000000004,0.12886305454951236,7.550901838689375,14.242786146870381,176,178.3,8.127653620710374,180.6,0.0
2.0973334369831678,1100.0,457.4,0.13059447238074276,6.986258479771315,14.154865465150241,176,178.2,8.169846101928844,180.5,0.0
2.0992677206529033,1101.0,457.68,0.13423178055701138,6.963421211048072,14.270195419640576,176,178.2,8.176703124611178,180.5,0.0
2.1012733922584395,1102.0,458.0,0.13765431208959245,7.220417779930266,14.232646578351122,176,178.1,8.09032840877262,180.4,0.0
2.1031136446763012,1103.0,458.2799999999999,0.1391464151175133,6.624908704302237,14.377562793544522,176,178.0,8.085879252574651,180.4,0.0
2.1050792582045847,1104.0,458.52,0.14062101555707324,7.076208701819819,14.693541512673969,177,178.0,8.105679266588245,180.4,0.0
2.1072830898846475,1105.0,458.8,0.14178999432727127,7.933794048225391,14.956855621182275,177,178.0,8.075650145521895,180.3,0.0
2.109411288491773,1106.0,459.12,0.14085903872008612,7.661514985651637,15.27976481188262,178,178.0,8.067245159998574,180.1,0.0
2.1116386988843807,1107.0,459.4,0.1419507088954444,8.0186774133887,15.560528474752925,178,178.1,8.106694848013266,179.9,0.0
2.1141349013006487,1108.0,459.71999999999997,0.1408709784228281,8.986328698564092,15.643101019008025,178,178.2,8.066139945105135,179.7,0.0
2.1164890572626542,1109.0,460.08000000000004,0.14165041196036318,8.474961463219918,15.73845424629613,178,178.4,8.057153182468275,179.6,0.0
2.1187807597927555,1110.0,460.4,0.14277617045850446,8.250129108364707,15.851147844351042,177,178.5,7.97965418263176,179.4,0.0
2.1210245260994887,1111.0,460.71999999999997,0.1440707889039774,8.077558704238896,15.72383380677716,178,178.6,7.92476355158139,179.1,0.0
2.1231098599865588,1112.0,461.03999999999996,0.14190023370957144,7.507201993452969,15.76796995077955,178,178.7,7.879611653218303,178.9,0.0
2.1250479531027993,1113.0,461.35999999999996,0.14362132267605737,6.977135218465202,15.822396304547237,178,178.9,7.784520325496382,178.7,0.0
2.127161810077636,1114.0,461.64,0.14171689535726334,7.609885109413578,15.714996615460915,178,179.1,7.606488505048768,178.4,0.0
2.129221272988354,1115.0,461.9599999999999,0.13791886212618515,7.414066478583561,15.507083826719684,178,179.3,7.471360913692058,178.3,0.0
2.1314575578053736,1116.0,462.23999999999995,0.1358980206177165,8.050625341270774,15.423138483619862,179,179.5,7.279630800806895,178.2,0.0
2.1338423182611566,1117.0,462.55999999999995,0.1337136835583563,8.585137640818058,15.302494949159712,178,179.7,7.03069731527868,178.1,0.0
2.1362827454471245,1118.0,462.84,0.1315368098005953,8.785537869484486,15.251223821748088,179,179.9,6.827319681149087,178.0,0.0
2.1384563355362367,1119.0,463.12,0.12945245201466848,7.824924320803697,15.322716397677022,179,180.0,6.628193834228298,178.0,0.0
2.1407420230603362,1120.0,463.4,0.13104936221228844,8.22847508675831,15.411009137077631,178,180.2,6.4743242143777495,178.0,0.0
2.1429564167211694,1121.0,463.68,0.12894841799916898,7.97181717899909,15.422066732102556,178,180.3,6.275473635876766,178.0,0.0
2.145070717595515,1122.0,463.96000000000004,0.1304109534472045,7.611483147644697,15.424262284518758,178,180.5,6.128399882983164,178.0,0.0
2.147244436265592,1123.0,464.23999999999995,0.1283022952351792,7.8253872122770805,15.359855360708107,178,180.6,6.0732065068926575,178.0,0.0
2.1496152720880075,1124.0,464.56000000000006,0.12804730949238516,8.53500896069654,15.128647400746505,178,180.7,6.067825201543117,178.2,0.0
2.1517980886014385,1125.0,464.84,0.12609055620916776,7.858139448351009,15.059283680258787,178,180.7,6.12181714563428,178.3,0.0
2.154151574755176,1126.0,465.15999999999997,0.1243317621025299,8.472550153455478,14.998087566219748,178,180.8,6.283134610541579,178.4,0.0
2.1565553824961876,1127.0,465.43999999999994,0.12265304928993637,8.653707867641403,14.856280105030558,178,180.8,6.419029839210128,178.5,0.0
2.158755879915937,1128.0,465.71999999999997,0.12114253246692501,7.921790711098908,14.719770739235077,178,180.8,6.489601227820259,178.6,0.0
2.1609171112378327,1129.0,465.96000000000004,0.11971735899655889,7.780432758823987,14.658205454754178,178,180.8,6.622936804294008,178.6,0.0
2.163257798800859,1130.0,466.2,0.11644314219348681,8.426475226894269,14.445506606956476,178,180.8,6.627226085483675,178.7,0.0
2.1653887782365078,1131.0,466.43999999999994,0.11507591519649256,7.671525968335593,14.320436414572143,178,181.0,6.5094474546472085,178.8,0.0
2.1674797319288444,1132.0,466.68,0.11032926075931689,7.527433292411485,14.092399341388177,178,181.1,6.360161151966126,179.0,0.0
2.169763033065629,1133.0,466.91999999999996,0.10748409213580463,8.219884092423984,13.941837116038869,179,181.2,6.205341928691848,179.2,0.0
2.1720212163799664,1134.0,467.16,0.10685785421339647,8.129459931615237,13.850688852193082,179,181.2,5.979932966840093,179.3,0.0
2.1741790696638503,1135.0,467.4,0.108488962489137,7.768271821982415,13.70633351114146,180,181.4,5.792742024407498,179.5,0.0
2.176317280818042,1136.0,467.6,0.11043255873668145,7.697560155090325,13.46239065457442,179,181.5,5.645111942641249,179.7,0.0
2.178568614583914,1137.0,467.8,0.11491693108034282,8.104801557137696,13.340533585060523,179,181.7,5.472223559722073,179.9,0.0
2.180643690063766,1138.0,468.03999999999996,0.11965858669417417,7.470271727468041,13.42409783126551,179,181.8,5.305991983674132,180.1,0.0
2.182540778808656,1139.0,468.28000000000003,0.12481858582971432,6.829519481604782,13.498327402422737,180,181.9,5.102484665516707,180.4,0.0
2.184386933537106,1140.0,468.52,0.13030159128658889,6.646157022418112,13.420771113161141,180,182.0,4.924410753670627,180.7,0.0
2.1861425585523193,1141.0,468.8,0.1381712044871973,6.320250054768503,13.679116965383793,180,182.0,4.891904094327777,181.0,0.0
2.1877009285977524,1142.0,469.08000000000004,0.14531781376774613,5.6101321635598564,13.74956266894041,180,182.0,5.011037870917434,181.2,0.0
2.189292747830292,1143.0,469.36,0.15449895722345447,5.730549237141817,13.73466983891177,181,182.0,5.062881336079874,181.4,0.0
2.1909859932720472,1144.0,469.64,0.16096502082298983,6.095683590319315,14.15606444958602,181,182.1,5.070715156947015,181.7,0.0
2.1925907192033733,1145.0,469.96000000000004,0.16886602176302742,5.777013352774536,14.382569918493246,181,182.1,5.02028821491052,181.9,0.0
2.194301514746869,1146.0,470.23999999999995,0.17618139272160166,6.158863956584841,14.698204725659616,181,182.1,4.799477971363549,182.1,0.0
2.1960004857946824,1147.0,470.56000000000006,0.18054198810668834,6.1162957721278595,15.096371828495938,180,181.9,4.5147292412591975,182.3,0.0
2.1976670230720523,1148.0,470.88,0.18452848879255607,5.999534198532019,15.462490023772801,181,181.8,4.249008488760036,182.4,0.0
2.199410796883358,1149.0,471.23999999999995,0.1861633107920057,6.277585720699714,15.726225182493925,181,181.7,3.998665378522525,182.4,0.0
2.2012420035413918,1150.0,471.6,0.1878280465459647,6.5923439689227035,16.15105509302235,181,181.6,3.772800536362431,182.4,0.0
2.2031476061790807,1151.0,471.9599999999999,0.18742413341811204,6.860169495680145,16.411459447951934,180,181.5,3.5794871529717383,182.4,0.0
2.205154080293701,1152.0,472.32,0.19248440493349223,7.223306812632831,16.66479680679928,181,181.4,3.353853982191912,182.5,0.0
2.2071233862725417,1153.0,472.64,0.19603928731201078,7.089501523827315,16.955090988763363,181,181.2,3.1618046502187047,182.6,0.0
2.2090126633493252,1154.0,472.96000000000004,0.20576416378887394,6.801397476420621,16.783173271230257,181,181.0,3.129304207288447,182.6,0.0
2.2109877658819674,1155.0,473.2799999999999,0.21188891126678921,7.110369117512033,17.00911802016841,181,180.8,3.1747561354522604,182.6,0.0
2.2127104760954346,1156.0,473.64,0.21905762967097214,6.2017567684814985,17.052310101237406,181,180.7,3.324410214356417,182.6,0.0
2.2140822842798134,1157.0,474.0,0.2248886618232898,4.938509463763199,17.32280478678384,182,180.7,3.5562578549293318,182.6,0.0
2.2153341373830693,1158.0,474.43999999999994,0.23165083822297577,4.506671171721194,17.793352799521557,182,180.7,3.850865878254116,182.7,0.0
2.216647857796391,1159.0,474.84,0.23750259613001262,4.729393487956941,18.127776274953867,182,180.6,4.120583298766035,182.8,0.0
2.217852928449281,1160.0,475.23999999999995,0.24525275324720885,4.338254350405147,18.358670203863092,181,180.5,4.372705409718571,182.8,0.0
2.2192385562468795,1161.0,475.6,0.2522861752229684,4.988260071354203,18.41890563031814,182,180.5,4.5876139424293045,182.8,0.0
2.220834946801038,1162.0,475.96000000000004,0.25617221646026667,5.747005994970332,18.407588749975087,182,180.4,4.702519117463646,182.7,0.0
2.2223240072717703,1163.0,476.2799999999999,0.25674628179265746,5.360617694635559,18.41604018357849,183,180.4,4.856536657004279,182.6,0.0
2.223751529970643,1164.0,476.64,0.25268921836217006,5.139081715941214,18.971103262003048,182,180.4,4.92504342369934,182.5,0.0
2.2251613343972925,1165.0,477.0,0.24870142429376357,5.075295935937784,19.300516957811617,182,180.3,4.970837261352043,182.5,0.0
2.2263893948556315,1166.0,477.35999999999996,0.2452854770670437,4.4210176500207,19.4538159834701,182,180.1,4.93405046677133,182.5,0.0
2.227670906764058,1167.0,477.68,0.2450944975944645,4.613442870334703,19.410896893173813,182,179.9,4.973253451995568,182.6,0.0
2.2292536870245074,1168.0,478.0,0.24931097481317593,5.698008937617759,18.709469899937478,182,179.7,4.846343496325145,182.8,0.0
2.2307114170632802,1169.0,478.28000000000003,0.25794524361109,5.247828139581341,17.757881343454876,182,179.6,4.750789394506945,182.9,0.0
2.2319382483296906,1170.0,478.56000000000006,0.2664308815729636,4.416592559076562,16.928048626337837,182,179.4,4.671082138591073,183.1,0.0
2.2331838012882987,1171.0,478.84,0.2772676982991904,4.483990650989249,16.21272721958588,182,179.1,4.625944551802274,183.2,0.0
2.2341668300548267,1172.0,479.15999999999997,0.2885224686629101,3.538903559500624,15.58066002815645,182,178.9,4.606040330952146,183.3,0.0
2.2348649218308245,1173.0,479.48,0.301861830580519,2.513130393592038,15.118975419489042,181,178.7,4.598652911898029,183.4,0.0
2.2355543313283106,1174.0,479.8,0.3081803879698244,2.4818741909496,14.542043101634755,181,178.4,4.607978708506287,183.5,0.0
2.2362687382265225,1175.0,480.12,0.3141978690234805,2.5718648335626746,13.975248506478618,181,178.3,4.590591381935451,183.6,0.0
2.236869396345528,1176.0,480.43999999999994,0.31665061854799165,2.1623692284197618,13.96670424317501,181,178.2,4.6830391071691135,183.7,0.0
2.2376139266334247,1177.0,480.75999999999993,0.3159047636994483,2.680309036427775,14.144919848656276,181,178.1,4.706207541736538,183.7,0.0
2.2385699480861523,1178.0,481.03999999999996,0.3084225072044698,3.4416772298194953,14.630708426650461,181,178.0,4.889259218719294,183.6,0.0
2.239494207758333,1179.0,481.32,0.2982113321842471,3.3273348198492685,15.365179976509916,180,178.0,5.056846602309071,183.6,0.0
2.2406307600166033,1180.0,481.6,0.28836029656908796,4.091588129773988,16.29269363758692,180,178.0,5.277764225239913,183.6,0.0
2.242002568331222,1181.0,481.87999999999994,0.2756460155650014,4.938509932627377,17.0804658117963,180,178.0,5.405003891290491,183.7,0.0
2.2434013028724835,1182.0,482.16,0.2651472090197938,5.035444348542197,17.834415410442197,181,178.0,5.605360856315262,183.8,0.0
2.244743415872295,1183.0,482.43999999999994,0.2549330239608898,4.8316067993211735,18.401115024422477,181,178.0,5.808981150174709,183.8,0.0
2.2462511809901278,1184.0,482.75999999999993,0.2508783081949644,5.427954424197454,18.566333160672297,181,178.2,5.997548529232086,183.9,0.0
2.247714802945317,1185.0,483.08000000000004,0.24859330662679988,5.26903903868186,18.976083077051495,180,178.3,6.168931419249351,183.9,0.0
2.249015800261413,1186.0,483.43999999999994,0.24915918612650306,4.683590337945122,19.069755317067425,180,178.4,6.341179786242143,183.9,0.0
2.2503572986957283,1187.0,483.8,0.24894523179802386,4.82939436353511,19.13464774462399,181,178.5,6.452480149034183,183.8,0.0
2.251632501190218,1188.0,484.16,0.25055552090805977,4.590728980162902,18.957115535290495,180,178.6,6.516736497002097,183.7,0.0
2.2529845873611225,1189.0,484.52,0.2565992146077834,4.867510215255603,19.138583048072128,180,178.6,6.634217402191128,183.6,0.0
2.254311436193546,1190.0,484.88,0.2571123429524668,4.776655796724606,18.692504918615732,180,178.7,6.701952233210103,183.4,0.0
2.255810449612756,1191.0,485.2,0.2584425496941817,5.396448309154402,18.391523721274595,179,178.8,6.831335138360551,183.2,0.0
2.2571069986135157,1192.0,485.52,0.2602531908502829,4.667576402735067,18.139758908545264,179,179.0,6.90704546942496,183.0,0.0
2.2585580087945054,1193.0,485.87999999999994,0.25927593024383083,5.2236366515635515,18.03452526749778,179,179.2,6.8987744955949335,182.9,0.0
2.259713246257698,1194.0,486.2,0.25760888839766233,4.158854867493222,18.046561735156754,179,179.3,6.834934009812673,182.7,0.0
2.260911440152281,1195.0,486.52,0.2590875856455034,4.313498020499862,18.0835954383277,179,179.5,6.826872705452568,182.4,0.0
2.261991028424166,1196.0,486.88,0.25885285803754915,3.8865177787863967,18.22144683395745,178,179.7,6.767366606407911,182.1,0.0
2.263207144672957,1197.0,487.2,0.2602328762990829,4.378018495647122,18.3217139991204,178,179.9,6.810552800785949,181.9,0.0
2.2644270576650856,1198.0,487.52,0.2655832055269779,4.391686771661629,18.89387162097521,178,180.1,6.905903966071162,181.7,0.0
2.2657586232275064,1199.0,487.87999999999994,0.2668734823863189,4.793636024714426,19.252635747556262,178,180.4,6.989342909445279,181.5,0.0
2.2671113770505085,1200.0,488.23999999999995,0.2726904776735989,4.869913762807187,20.33357594540352,177,180.7,7.085887010359312,181.3,0.0
2.2685620923403547,1201.0,488.6,0.2823445444788205,5.222575043446046,21.358219518627585,178,181.0,7.224672445785826,181.1,0.0
2.2701154405778747,1202.0,489.03999999999996,0.2878331483729058,5.592053655071695,21.979908865848945,178,181.2,7.317786756034417,180.9,0.0
2.271630807521552,1203.0,489.4799999999999,0.2954182323744663,5.455320997237801,22.804857991965584,178,181.4,7.383850361050475,180.7,0.0
2.2732945218652523,1204.0,489.96000000000004,0.3026110133389831,5.989371637320783,23.26858654222528,178,181.7,7.522840422442703,180.4,0.0
2.274958236269807,1205.0,490.52,0.3040850163971718,5.98937185639763,23.684924435696296,179,181.9,7.548658090116187,180.2,0.0
2.276651484605389,1206.0,491.0799999999999,0.30188457828990956,6.095694008094819,23.965528104182795,178,182.1,7.524367128520081,180.0,0.0
2.2782210443709867,1207.0,491.64,0.30230273811085145,5.6504151561528895,24.024157943525914,178,182.3,7.511575691795397,179.8,0.0
2.279997504488184,1208.0,492.2,0.2980735614835755,6.395256421909347,23.91396677674341,178,182.4,7.423266575816347,179.6,0.0
2.281894681977992,1209.0,492.71999999999997,0.2940625862874747,6.829838963308897,23.466914521540037,178,182.4,7.270759589974915,179.4,0.0
2.2837712340761533,1210.0,493.15999999999997,0.28825288747854205,6.755587553380946,22.647059317387022,179,182.4,7.107639622329169,179.2,0.0
2.2856980129493807,1211.0,493.64,0.27859593340724464,6.936403943618694,21.8680828879947,179,182.4,6.921489899927687,179.0,0.0
2.2877298288729917,1212.0,494.12,0.26605043515532784,7.314537324999628,21.492855893428516,179,182.5,6.712077618786532,178.8,0.0
2.2895543634910913,1213.0,494.6,0.2502450358907066,6.568324625158194,20.683825110521493,179,182.6,6.582932461445642,178.7,0.0
2.291396567690258,1214.0,495.08000000000004,0.2354757144288399,6.631935116999928,20.175996010733545,179,182.6,6.460907969071483,178.7,0.0
2.29338661794256,1215.0,495.55999999999995,0.22126417500640097,7.164180908287934,19.36893023394848,179,182.6,6.418721436261782,178.7,0.0
2.295268018586528,1216.0,495.96000000000004,0.21155373654528725,6.773042318284569,18.41476513243268,179,182.6,6.3958474761762485,178.7,0.0
2.2971969753108774,1217.0,496.28000000000003,0.19992891330350954,6.944244207657367,17.551074859758398,179,182.6,6.34321465427797,178.7,0.0
2.2991837419032533,1218.0,496.6,0.18837084096896684,7.152359732553435,16.586782514524437,180,182.7,6.284716163185684,178.7,0.0
2.3010579444657555,1219.0,496.88,0.1750346589844354,6.747129225008641,16.00723672491883,180,182.8,6.222815634544184,178.7,0.0
2.302757161881188,1220.0,497.16,0.16182357465452823,6.117182695558338,15.60927622374038,180,182.8,6.208330516686533,178.8,0.0
2.3046615482423043,1221.0,497.43999999999994,0.1484768598578178,6.855790900017648,15.255040099807767,181,182.8,6.153870898783144,179.0,0.0
2.306528069446347,1222.0,497.71999999999997,0.14080781849452978,6.719476334553058,15.022954375791937,181,182.7,6.17301634218739,179.3,0.0
2.3084725657154967,1223.0,497.96000000000004,0.13919431837069324,7.000186568938575,14.948682999786161,181,182.6,6.19939515156195,179.5,0.0
2.310579634262678,1224.0,498.2,0.1374817063947093,7.5854467698520605,14.847767542923993,181,182.5,6.210013110496659,179.7,0.0
2.312801459357686,1225.0,498.43999999999994,0.13993451642002813,7.998570342029095,14.818553009486171,182,182.5,6.123781409421976,179.9,0.0
2.3149510380597484,1226.0,498.71999999999997,0.14085708446600037,7.738483327424903,15.057566248937153,182,182.5,6.119905489042044,180.0,0.0
2.3172655098825046,1227.0,499.03999999999996,0.1422794146535233,8.332098561922507,15.16852821712558,182,182.6,6.031254446827187,180.2,0.0
2.3195109273366823,1228.0,499.35999999999996,0.14223587827280224,8.083502835039342,15.23957234970673,182,182.8,5.928568806713181,180.5,0.0
2.321568639913118,1229.0,499.71999999999997,0.1469206739602874,7.407765275169211,15.379510778498652,182,182.9,5.776770371631946,180.8,0.0
2.3236539408324184,1230.0,500.03999999999996,0.15227691655683157,7.507083309480633,15.406438718732867,183,183.1,5.62943388851438,181.1,0.0
2.325630042937072,1231.0,500.35999999999996,0.15807550412088003,7.113967576752492,15.28993119941155,183,183.2,5.430340982881677,181.3,0.0
2.327429089247792,1232.0,500.64,0.1625066211312869,6.476566718591978,15.163635472873029,183,183.3,5.168168042371812,181.4,0.0
2.3293380537482617,1233.0,500.9599999999999,0.16743656753011232,6.872272201691748,15.008897933961507,183,183.4,4.846499654678612,181.4,0.0
2.331199819195501,1234.0,501.28000000000003,0.1723894571744979,6.702355610061571,15.174243351194459,182,183.5,4.477360275806335,181.5,0.0
2.332998013774283,1235.0,501.6,0.17329722498831057,6.473500483614773,15.115102913138477,182,183.6,4.147963450863484,181.6,0.0
2.334694481455107,1236.0,501.91999999999996,0.17839990683918977,6.107283650967448,15.050611643931646,182,183.7,3.8638392990128554,181.8,0.0
2.336491870715637,1237.0,502.28000000000003,0.18106814024458673,6.4706013379076825,15.13565887672263,182,183.7,3.660541376961647,181.9,0.0
2.338155587388867,1238.0,502.64,0.1854419300565661,5.98938002362779,15.242655580002443,183,183.6,3.562851965718013,181.9,0.0
2.3398545634171337,1239.0,502.96000000000004,0.18517804881906272,6.116313701760313,15.277352130041535,183,183.6,3.614861538328068,181.9,0.0
2.3416009074131723,1240.0,503.32,0.18667682305108907,6.286838385739046,15.28281710739268,183,183.6,3.651615437634394,181.8,0.0
2.3434598247044653,1241.0,503.64,0.18775948127252048,6.692102248655479,15.686525983327215,183,183.7,3.694870545146087,181.7,0.0
2.34519533223717,1242.0,503.96000000000004,0.19079869118750872,6.247827117736642,16.207602098222964,183,183.8,3.832004089320022,181.6,0.0
2.3469580944545894,1243.0,504.23999999999995,0.19412263666063634,6.345943982708957,16.647236307822006,183,183.8,4.015236457019329,181.6,0.0
2.348657364093239,1244.0,504.56000000000006,0.19738926441953364,6.117370699138713,16.48781685596749,183,183.9,4.253983104218506,181.5,0.0
2.3502836127591276,1245.0,504.88,0.20310375596423463,5.854495197199766,16.7398307979737,183,183.9,4.541802689016847,181.4,0.0
2.3519398440014583,1246.0,505.23999999999995,0.20677146698738363,5.962432472390945,16.968401102354214,182,183.9,4.714711164480153,181.3,0.0
2.35358595654559,1247.0,505.64000000000004,0.21069362772296435,5.926005158873795,17.37850792150077,182,183.8,4.83305407100809,181.2,0.0
2.355302855006054,1248.0,506.03999999999996,0.21260178402592134,6.180834457670241,17.585377370702084,182,183.7,4.870091487192228,181.1,0.0
2.357075105504806,1249.0,506.44000000000005,0.21743598733843084,6.380101795505908,17.953705825436636,182,183.6,4.767803658395041,181.0,0.0
2.358850943831219,1250.0,506.84,0.2210644188348887,6.393017975086141,18.271354041040297,182,183.4,4.734760908083986,181.0,0.0
2.360470328619527,1251.0,507.2,0.22328047671337187,5.829785237908653,18.00855818689055,183,183.2,4.773715778778962,180.9,0.0
2.3621950697067318,1252.0,507.52,0.2281404016808571,6.209067913937312,17.787568108888337,183,183.0,4.730748156228886,180.9,0.0
2.3637115790291094,1253.0,507.84,0.22892660124101347,5.459433560560404,17.34558451588824,184,182.9,4.668838974322634,180.9,0.0
2.3651256107785534,1254.0,508.16,0.23521173068353018,5.09051429799864,17.103685578092453,185,182.7,4.665261483297028,180.8,0.0
2.366330197124772,1255.0,508.43999999999994,0.24280685538863428,4.336510846387417,16.62029442244469,184,182.4,4.575763491543443,180.7,0.0
2.3675771603584432,1256.0,508.76000000000005,0.250851335645591,4.489067641215288,15.908071159909543,184,182.1,4.574421603570629,180.5,0.0
2.3686702370535953,1257.0,509.03999999999996,0.25231798513789316,3.935076102546763,14.839592710961787,183,181.9,4.671854291976984,180.3,0.0
2.369658877345976,1258.0,509.35999999999996,0.25551487668181216,3.5591050525715926,14.348374391235529,183,181.7,4.7912841262100585,180.1,0.0
2.37053760454558,1259.0,509.67999999999995,0.2537872135555791,3.163417918573912,13.65063397529887,183,181.5,4.974039405837388,179.9,0.0
2.3712880557084586,1260.0,510.0,0.2465282158731034,2.701624186363374,13.225758933283966,183,181.3,5.132067482520715,179.7,0.0
2.3719924493163695,1261.0,510.23999999999995,0.24366139612004306,2.5358169884801396,13.199601756481874,184,181.1,5.291377527286269,179.5,0.0
2.3729279566484336,1262.0,510.48,0.23824232685407506,3.3678263954310155,12.9801507432037,184,180.9,5.46989861931229,179.3,0.0
2.373879749520669,1263.0,510.68,0.23296452830865405,3.4264543400483234,12.782469577428419,184,180.7,5.672475959219555,179.0,0.0
2.3750224217944367,1264.0,510.84,0.22147524262684443,4.113620185562304,12.848940324850508,184,180.4,5.819862710989497,178.8,0.0
2.3763714791756834,1265.0,511.03999999999996,0.20788138282435678,4.856606572487969,13.10492226090776,184,180.2,5.98672214990405,178.6,0.0
2.377720536574094,1266.0,511.28000000000003,0.19328867502083766,4.856606634278548,13.631624343292604,184,180.0,6.069935877206794,178.5,0.0
2.3789337663456673,1267.0,511.52,0.18750889621171654,4.367627177663688,14.332225661352476,184,179.8,6.148454551730199,178.4,0.0
2.3803033331496426,1268.0,511.76000000000005,0.18209615276755867,4.930440494310945,14.659929331420788,184,179.6,6.229764253288572,178.2,0.0
2.381691039148411,1269.0,512.0,0.1837253050711564,4.995741595566982,14.858676580029675,183,179.4,6.335084967333868,178.0,0.0
2.383104675442399,1270.0,512.24,0.19000141786475194,5.089090658355143,14.85499357557195,184,179.2,6.500260303549811,177.8,0.0
2.384608567896972,1271.0,512.48,0.1905753931701208,5.41401283646355,14.495332835876354,184,179.0,6.630071441606242,177.7,0.0
2.3860243765497677,1272.0,512.72,0.19187152226136778,5.096911150064078,14.464105493886104,184,178.8,6.771379169742602,177.5,0.0
2.3873048997179143,1273.0,513.0,0.19487734938776313,4.609883405327687,14.70171465621282,183,178.7,6.955892548418461,177.4,0.0
2.388550453703304,1274.0,513.28,0.19858730323523693,4.483994347403692,14.728619221739418,183,178.7,7.122679602497078,177.3,0.0
2.389615378226781,1275.0,513.52,0.20228642363550703,3.8337282845161016,14.674295091344982,183,178.7,7.28858067127212,177.2,0.0
2.390872650207661,1276.0,513.8,0.2055836851279428,4.52617913116799,14.753508284001786,182,178.7,7.521639593836514,177.1,0.0
2.3921940879533867,1277.0,514.08,0.2077273529583767,4.757175884613461,14.569680720965673,182,178.7,7.738203251254736,177.0,0.0
2.3934443002502785,1278.0,514.36,0.20912054248550566,4.500764268810171,14.64422124051033,182,178.7,7.894730686740573,176.9,0.0
2.3946600362993076,1279.0,514.64,0.207054775651952,4.3766497765044745,15.007609044336814,182,178.7,8.085211975569688,176.8,0.0
2.396063735118224,1280.0,514.92,0.20417549313909084,5.053315748099074,15.414129372986945,182,178.8,8.175819217402053,176.7,0.0
2.3973190220401484,1281.0,515.2,0.20597841373319342,4.5190329189276985,16.01429062950928,181,179.0,8.270091314553728,176.7,0.0
2.398731103226353,1282.0,515.48,0.20416618914638113,5.083492270335946,16.136687042713113,181,179.3,8.344698957570525,176.6,0.0
2.4002822727511837,1283.0,515.76,0.20378498482968496,5.584210289391228,16.263002226558772,181,179.5,8.352520426933166,176.5,0.0
2.40185957627611,1284.0,516.0400000000001,0.20310054373375394,5.67829268973444,16.475732217910423,181,179.7,8.32718869347592,176.5,0.0
2.403432154354107,1285.0,516.36,0.20494504791086018,5.661281080789397,16.801077866202586,181,179.9,8.271858559439488,176.5,0.0
2.4051283932146625,1286.0,516.68,0.20933316989892253,6.1064598980012645,16.990560109542155,180,180.0,8.14489389861306,176.5,0.0
2.406892358862515,1287.0,517.04,0.21407156144383518,6.350276332268991,17.249154193447342,180,180.2,7.928647939597852,176.4,0.0
2.4086384630817013,1288.0,517.4,0.21879860929853384,6.285975189070387,17.706846974165064,180,180.5,7.720451282352322,176.4,0.0
2.410416913963806,1289.0,517.8,0.2236398947825339,6.402423175577119,17.678723504955524,180,180.8,7.437221295955082,176.4,0.0
2.4122300204265277,1290.0,518.24,0.22860434102871668,6.527183265798497,17.64539128960862,179,181.1,7.1619137305342,176.4,0.0
2.4139488057898815,1291.0,518.6800000000001,0.22899762141351587,6.187627308073233,17.634643348041127,179,181.3,6.874482728030587,176.3,0.0
2.4155920362185936,1292.0,519.1200000000001,0.229420450468322,5.915629543363387,18.09112869784323,179,181.4,6.593372756986993,176.3,0.0
2.4173613131726563,1293.0,519.5600000000001,0.22752947719431518,6.369397034625276,18.37618150259688,179,181.4,6.296363554133161,176.4,0.0
2.419164476979689,1294.0,520.0,0.22532310756460383,6.491389705318166,18.602668862502366,179,181.5,5.934175872858456,176.5,0.0
2.421029612596701,1295.0,520.4,0.22051155903326677,6.7144882212423616,18.842886429498797,179,181.6,5.583904789967024,176.6,0.0
2.4231846718356342,1296.0,520.8,0.21332524995252516,7.758213260160687,18.935014679660362,178,181.8,5.272347411589404,176.8,0.0
2.425309223978088,1297.0,521.2,0.20613193269109775,7.648387712833308,18.978184704426955,178,181.9,5.046573603651028,177.1,0.0
2.4274478496643197,1298.0,521.6,0.19761530030687496,7.699052470433986,18.67076605062619,178,181.9,4.894535396199753,177.4,0.0
2.429738837709413,1299.0,522.0,0.18939508236079322,8.247556962335707,18.698341743179334,179,181.9,4.77041037626561,177.6,0.0
2.4320152415445753,1300.0,522.4,0.1798076781074645,8.195053806584673,18.547739320922457,179,181.8,4.624712523167157,177.9,0.0
2.434194863210082,1301.0,522.8,0.1711740192294073,7.846637995823649,18.438062324607532,179,181.7,4.495066327875799,178.2,0.0
2.436485479534806,1302.0,523.16,0.16133255936711272,8.246218769007315,18.084959759614172,179,181.6,4.373186227573759,178.6,0.0
2.438856322203919,1303.0,523.5200000000001,0.15376152138228874,8.535033608807503,17.781419752287565,179,181.6,4.266680888347364,178.9,0.0
2.441094284442857,1304.0,523.8399999999999,0.14522463235630528,8.056664060176544,17.498892614286788,179,181.5,4.327870847152877,179.1,0.0
2.4434885347510606,1305.0,524.1200000000001,0.13932905217149463,8.61930110953351,17.140840862645625,179,181.4,4.465110109620915,179.3,0.0
2.445895280772862,1306.0,524.3599999999999,0.1360104454931404,8.66428567848433,16.82951000839987,179,181.3,4.591948909716635,179.4,0.0
2.448281699851848,1307.0,524.64,0.1336898078534507,8.591108684350058,16.567269398785957,180,181.2,4.63813051080521,179.5,0.0
2.4506275689909045,1308.0,524.88,0.1339232715767688,8.445128900601974,16.26020172722292,181,181.1,4.651232742707851,179.6,0.0
2.452940283339783,1309.0,525.1600000000001,0.13710467177882316,8.325771655962114,15.836780352094888,181,181.0,4.714932600672749,179.8,0.0
2.4551463212486753,1310.0,525.4799999999999,0.14295560117810274,7.9417364720121935,15.811823447106457,181,181.0,4.8560652910136985,180.0,0.0
2.457172248097414,1311.0,525.8,0.14918366279630627,7.29333665545934,15.65610922743005,181,180.9,5.028240909878042,180.2,0.0
2.459110184808732,1312.0,526.1200000000001,0.15579436420523102,6.976572160743017,15.546896302151989,180,180.9,5.267008659063019,180.3,0.0
2.460880344258358,1313.0,526.48,0.1590815123811889,6.37257401865543,15.434687183358296,181,180.9,5.5353378620604206,180.4,0.0
2.462539982449392,1314.0,526.8399999999999,0.1621297956295939,5.9746974877212455,15.344448439108845,182,180.8,5.629400937350282,180.4,0.0
2.464147482795381,1315.0,527.1600000000001,0.16083008951517913,5.7870012455611155,15.181899161142411,182,180.7,5.669734613727867,180.5,0.0
2.465789485579902,1316.0,527.4399999999999,0.16061896480226515,5.911210024275519,14.77332400575601,182,180.5,5.672013444167247,180.6,0.0
2.4673774852074892,1317.0,527.68,0.16324095808301595,5.716798659313921,14.305151579633563,182,180.3,5.716335328451561,180.7,0.0
2.468942493315869,1318.0,527.88,0.16583811415895633,5.634029190166036,13.895964360884893,182,180.1,5.742577580069647,180.7,0.0
2.470430182101264,1319.0,528.04,0.16620686006594693,5.355679627423799,13.68561876037324,181,179.9,5.737540808002703,180.8,0.0
2.4716301431177268,1320.0,528.24,0.16630752131260435,4.319859659265143,13.358313043821727,182,179.7,5.621433876958039,180.8,0.0
2.4726830947362113,1321.0,528.48,0.1648861899198185,3.7906258265450092,13.157234416947873,182,179.5,5.451321212405365,180.8,0.0
2.4737555942853686,1322.0,528.72,0.16786346511708633,3.8609983769668235,12.918951766711022,182,179.3,5.21279354496483,180.7,0.0
2.4748986042684997,1323.0,528.9599999999999,0.17174044866014437,4.114835939271678,12.70527556603472,182,179.0,4.966915641712519,180.6,0.0
2.476135914105502,1324.0,529.2,0.17689983277184243,4.454315413208489,12.489673354533531,182,178.8,4.828471101273225,180.6,0.0
2.477398622729452,1325.0,529.4,0.18411434314568537,4.545751046219679,12.299416670268517,182,178.6,4.761776256174032,180.4,0.0
2.4786359092553663,1326.0,529.64,0.18797978094266382,4.454231493290999,12.561265035866588,181,178.5,4.754320199484823,180.2,0.0
2.4798637805626997,1327.0,529.88,0.18819288982532795,4.4203367064003425,13.033864410449478,181,178.4,4.74457726858585,180.0,0.0
2.4810902328369067,1328.0,530.1200000000001,0.18730283003197995,4.415228187145624,13.434316009435452,181,178.2,4.752045408193768,179.9,0.0
2.4822820734577844,1329.0,530.3599999999999,0.18526470417843469,4.290626235159845,13.564602649123993,181,178.0,4.779548234893053,179.7,0.0
2.48365200658204,1330.0,530.6,0.18191194015265894,4.931759247320279,13.553909369195509,181,177.8,4.833827712710969,179.6,0.0
2.485086178374047,1331.0,530.84,0.18064579972057243,5.163018451225389,13.618998712368287,181,177.7,4.899070633563067,179.4,0.0
2.4865110079234705,1332.0,531.08,0.17603016446015282,5.12938637792402,13.849906821072688,181,177.5,4.982608365062397,179.3,0.0
2.4877823001318475,1333.0,531.32,0.1719189462199236,4.5766519501574345,13.816746310390531,181,177.4,5.050341500806328,179.2,0.0
2.4890560050574684,1334.0,531.5600000000001,0.1683360919073286,4.585337732234901,13.900424854657519,181,177.3,5.134539594782192,179.1,0.0
2.4904956577313206,1335.0,531.8,0.16482247548455334,5.182749625868657,14.059711363980307,181,177.2,5.182501129878761,179.1,0.0
2.4921249795081817,1336.0,532.04,0.16129226339355215,5.865558396700492,14.102068649439516,181,177.1,5.259547906518216,179.1,0.0
2.4938311164234714,1337.0,532.28,0.15551643551240554,6.142092895043772,14.019397114135817,180,177.0,5.394339694999407,179.1,0.0
2.4957208124454144,1338.0,532.5200000000001,0.15053237304870662,6.802905678995401,13.885870443246521,181,176.9,5.524464222714492,179.2,0.0
2.497658011963507,1339.0,532.76,0.14919879420068383,6.973918265133854,13.91654433621117,181,176.8,5.651196855559816,179.2,0.0
2.4992892314080124,1340.0,533.0,0.14936940226728315,5.872390000218904,13.937103525953697,180,176.7,5.837147081835708,179.1,0.0
2.5008354411899574,1341.0,533.2,0.1511557000988374,5.566355215001234,13.909829858539442,180,176.7,6.101038070808062,179.1,0.0
2.5022666008239347,1342.0,533.4,0.1537015711168915,5.152174682317819,13.625244934326522,179,176.6,6.337651282559953,179.1,0.0
2.503661009377546,1343.0,533.64,0.15660725227208805,5.019870793000579,13.571878722079436,179,176.5,6.675051121598213,179.1,0.0
2.5050076094465505,1344.0,533.88,0.15954751133944192,4.847760248415757,13.445334517694977,179,176.5,6.935159482973715,179.1,0.0
2.5064332710868835,1345.0,534.12,0.1626431956982896,5.13238190519922,13.329536335621492,179,176.5,7.204283910595666,179.1,0.0
2.507740073610843,1346.0,534.36,0.1657793316075712,4.704489086253852,13.157327850304009,179,176.5,7.38046528686125,179.0,0.0
2.50897367534682,1347.0,534.6,0.1713074235486092,4.440966249517035,13.186533931714214,178,176.4,7.552045457939156,178.9,0.0
2.5102007945147617,1348.0,534.8399999999999,0.1793523429421292,4.417629004590047,13.369274939258194,179,176.4,7.706104442331203,178.7,0.0
2.5114549998571536,1349.0,535.08,0.1811389722263544,4.51513923261074,13.530386092184665,178,176.4,7.88029255102756,178.7,0.0
2.512701651133772,1350.0,535.3199999999999,0.18190468135320662,4.487944595825959,13.725381342984742,178,176.4,8.054585887402569,178.6,0.0
2.514062597457108,1351.0,535.56,0.18446862653203236,4.899406764009319,13.992731317035439,178,176.3,8.228429276883888,178.6,0.0
2.5154730458225036,1352.0,535.8399999999999,0.18620651406181865,5.077614115425719,14.325946377392222,178,176.3,8.426989922542123,178.6,0.0
2.516840390679173,1353.0,536.08,0.18751209252936812,4.922441484010848,14.68469851642487,178,176.4,8.534393970389635,178.6,0.0
2.5182077355804218,1354.0,536.3199999999999,0.18850429275398128,4.922441644494946,15.065282736032103,177,176.5,8.720821104080684,178.6,0.0
2.5197097939615865,1355.0,536.6,0.19164974822602127,5.407410172192065,15.427730962354445,177,176.6,8.833023335648424,178.5,0.0
2.5211673728128177,1356.0,536.88,0.1943208046681764,5.247283864433009,15.890175191075855,177,176.8,8.975993058561308,178.5,0.0
2.522582204884495,1357.0,537.1600000000001,0.19917697746706958,5.093395458038014,16.258971168605576,177,177.1,9.046805597572378,178.5,0.0
2.5240413733066016,1358.0,537.4399999999999,0.20052656511694456,5.253006319583354,16.746642217504984,177,177.4,9.119941439616522,178.4,0.0
2.5254837262482823,1359.0,537.76,0.20649310789745368,5.19247059005004,16.98025869603743,177,177.6,9.058726498267742,178.2,0.0
2.526964261119278,1360.0,538.08,0.2141462788311735,5.329925535584611,17.208718793261465,177,177.9,8.903309054338148,178.0,0.0
2.5284584339289933,1361.0,538.4399999999999,0.2179173878378617,5.379022114975012,17.36725530978098,177,178.2,8.583669657222185,177.6,0.0
2.5300829011183876,1362.0,538.8,0.22112577543940426,5.848081881820258,17.646737812177236,177,178.6,8.231967452665588,177.1,0.0
2.5318246676097274,1363.0,539.2,0.2236626253777299,6.270359368822757,18.062221458339646,177,178.9,7.98506862818071,176.4,0.0
2.5335534695324067,1364.0,539.6400000000001,0.2259595415630109,6.223686921645799,18.333196751688043,176,179.1,7.812107356779099,175.7,0.0
2.5354075630048083,1365.0,540.08,0.221764736718719,6.674736500645303,18.734964651345322,176,179.3,7.69355413887241,175.1,0.0
2.5373816702623615,1366.0,540.5200000000001,0.21772987173907477,7.106786127191925,18.80526730017463,176,179.4,7.668367995442905,174.5,0.0
2.5395295328589618,1367.0,540.9599999999999,0.2112427665795799,7.7323053477615655,18.79267547296363,177,179.5,7.662125331812048,173.9,2.0
2.5416459602026014,1368.0,541.4,0.20334255075073684,7.619138437102261,18.430865978295344,176,179.6,7.574773825211269,173.4,2.0
2.5440255349193883,1369.0,541.76,0.19199022157591175,8.566468980432635,18.38119790857324,176,179.8,7.455052902596416,172.9,2.0
2.5462285930164272,1370.0,542.12,0.1806670970219324,7.931009149339627,18.23854872203561,177,180.0,7.386224225774141,172.5,2.0
2.548470333680648,1371.0,542.4799999999999,0.1704352639321949,8.070266391194533,18.110383254646347,177,180.2,7.343935989311315,172.5,2.0
2.5505841935818916,1372.0,542.8,0.1608048911797917,7.609895644476103,17.959640160683712,177,180.3,7.293801903083695,172.7,2.0
2.5528025716595586,1373.0,543.08,0.15185994025279664,7.9861610796018025,17.782459536568847,176,180.4,7.113640394648978,173.1,2.0
2.5549593152055494,1374.0,543.4,0.1448363925768229,7.764276765566271,17.71873972426541,176,180.4,6.7112932942611945,173.5,2.0
2.557297264535441,1375.0,543.72,0.14200097742281026,8.416617587608883,17.520423751984872,176,180.5,6.278669124136129,173.9,2.0
2.5597555199495914,1376.0,544.04,0.13939375907845042,8.849719490942002,17.59008484831247,176,180.6,5.785958984542179,174.4,0.0
2.5623862808503066,1377.0,544.36,0.13566468847631594,9.470739242574771,17.57583361473321,176,180.7,5.320488912973783,174.9,0.0
2.565054265542997,1378.0,544.72,0.13591866283520856,9.604744893684602,17.709991118450013,176,180.7,4.90297620684414,175.5,0.0
2.567732184837138,1379.0,545.08,0.13708928455803232,9.640509458907767,17.75700559983284,177,180.8,4.674683588028016,176.1,0.0
2.5704530960833187,1380.0,545.4399999999999,0.13741314731765222,9.79528048625012,17.848035115276925,178,180.8,4.358657043379663,176.7,0.0
2.5730065096130055,1381.0,545.76,0.13653838595524076,9.192288706871922,17.673063060005788,178,180.8,4.023046848335692,176.9,0.0
2.5755175076334513,1382.0,546.1200000000001,0.13807496178269732,9.039592873604942,17.304947089542736,179,180.7,3.717388636757853,177.1,0.0
2.5779325872083714,1383.0,546.4399999999999,0.13813487165028132,8.69428646971251,16.615859780935033,179,180.6,3.453331771622812,177.2,0.0
2.5802924858711513,1384.0,546.76,0.1368412668786932,8.495635186007709,15.813233206453361,179,180.6,3.3131561079003866,177.3,0.0
2.5824603936972963,1385.0,547.04,0.13379201305931823,7.8044681741210775,15.130942954110726,178,180.4,3.265732847735187,177.4,0.0
2.58448693398942,1386.0,547.36,0.12908662979868907,7.295545051646064,14.504167266014742,179,180.2,3.295838491030028,177.3,0.0
2.5862298076759243,1387.0,547.64,0.12216433795768797,6.274345271415144,13.953673906995174,179,180.0,3.2895652323836218,177.2,0.0
2.587920841800402,1388.0,547.92,0.11150710284104512,6.087722848118627,13.502968253982027,180,179.9,3.328585896967317,177.0,0.0
2.589912931026529,1389.0,548.1600000000001,0.10200787229951555,7.171521214058983,13.085925888637604,180,179.7,3.299758684437434,176.7,0.0
2.592153394296594,1390.0,548.3599999999999,0.09196220589343347,8.065667772234004,12.576076399329736,180,179.6,3.3706465898826297,176.4,0.0
2.5943774933320958,1391.0,548.4800000000001,0.08541148501752166,8.006756527805038,12.091716542426173,180,179.4,3.531644692397515,176.2,0.0
2.596818529843015,1392.0,548.5600000000001,0.07924769236184247,8.787731439309896,11.773034225047631,180,179.3,3.6779267173775887,175.9,0.0
2.5992162686856273,1393.0,548.64,0.07761321372176734,8.631859833403931,11.82455810844132,180,179.2,3.788186958756595,175.7,0.0
2.601333524274516,1394.0,548.72,0.0794010064290274,7.62212011999993,12.029735102785265,180,179.1,3.9395330700543143,175.5,0.0
2.6031688739822862,1395.0,548.84,0.08436387086482107,6.607258947972531,12.15984044368089,180,179.1,4.05897792113142,175.3,0.0
2.6050042235054596,1396.0,549.0,0.09248058624209024,6.607258283423319,11.966560305395447,181,179.1,3.975618603540746,175.2,0.0
2.606629629868456,1397.0,549.2,0.10824881549517715,5.851462906786889,11.82833032695898,181,179.1,3.879843067931989,175.1,0.0
2.608181402642301,1398.0,549.44,0.12747605436872284,5.586381985842427,11.747338340098992,181,179.2,3.882953470676122,174.9,0.0
2.6096730432338875,1399.0,549.6800000000001,0.14503071153378472,5.3699061297118105,11.813363702116902,181,179.2,3.85784136202643,174.8,0.0
2.610795875669542,1400.0,549.92,0.16432427545552317,4.042196768356179,11.889876537937798,180,179.1,3.8103336742150113,174.7,0.0
2.6118182408991406,1401.0,550.2,0.18744063783577913,3.680514826554376,12.463134702713884,181,179.1,3.852437444936695,174.6,0.0
2.6128906381334103,1402.0,550.4799999999999,0.2049359429843182,3.860630043370402,12.711542831288178,181,179.1,3.8747827907807526,174.5,0.0
2.6139954045549993,1403.0,550.72,0.21992508716387396,3.977159117719968,12.486503046213134,181,179.1,3.833674482070332,174.3,0.0
2.6149529026268614,1404.0,550.96,0.2312072621901257,3.446993058703502,12.229682864981982,180,179.1,3.6839302540756416,174.1,0.0
2.6161541061712534,1405.0,551.24,0.24123302210744058,4.3243327598112975,12.03213741855801,181,179.1,3.531342152667807,173.9,0.0
2.6171116041815146,1406.0,551.4799999999999,0.249568041144467,3.446992836939785,12.061832166290918,181,179.0,3.4514480483128684,173.7,0.0
2.617804760002722,1407.0,551.72,0.25855277277408845,2.4953609563471786,12.331106803428858,181,178.9,3.5038985852201185,173.5,0.0
2.618507482188851,1408.0,551.96,0.2653316248011661,2.529799870064027,12.888294889799425,180,178.7,3.4929142446458363,173.4,0.0
2.619265631488396,1409.0,552.2,0.2764747277687747,2.729337478361398,13.23566336464973,180,178.7,3.54824897169334,173.3,2.0
2.619999087080377,1410.0,552.44,0.28455460021480583,2.640440131131932,13.694499011430096,180,178.6,3.55401629960452,173.2,2.0
2.620889721031739,1411.0,552.72,0.2857757237290276,3.2062822249023766,13.912862649778528,179,178.6,3.5220874659074908,173.0,2.0
2.6220457450529384,1412.0,553.0,0.28893991426856414,4.161686476318816,14.49181922547245,179,178.6,3.4698248794578768,172.8,2.0
2.623133085756065,1413.0,553.32,0.2908649008354566,3.914426531255908,15.374837439677261,179,178.6,3.524748722587778,172.7,2.0
2.6241989745628818,1414.0,553.64,0.29362664666505267,3.8371997045404527,16.193671679090432,179,178.6,3.7038323383249945,172.6,2.0
2.625320102516913,1415.0,553.96,0.3007651905370688,4.03606063451247,16.80331235789846,179,178.5,3.918215598913513,172.4,2.0
2.626474511375633,1416.0,554.2800000000001,0.30447635997041567,4.15587189139174,17.55779595214251,180,178.5,4.18764031435277,172.3,2.0
2.6276148841482705,1417.0,554.6,0.3037899305729384,4.105341981496028,18.198662358440124,179,178.5,4.429046867422287,172.1,2.0
2.6287239452926774,1418.0,554.92,0.3078974583995091,3.9926201198647635,17.950606558178027,179,178.4,4.719030343039566,171.9,2.0
2.629788373040497,1419.0,555.28,0.3051812416215637,3.8319398921514645,17.661468472752205,179,178.2,5.024484592068749,171.7,2.0
2.630942234497194,1420.0,555.6000000000001,0.3035899460163125,4.153901244109133,17.875223783487254,179,178.0,5.401836395935776,171.5,2.0
2.632164659701548,1421.0,555.92,0.3069853072167221,4.400730735673415,17.940848908341117,179,177.6,5.791699265076784,171.3,2.0
2.6330891300627735,1422.0,556.28,0.3129230821807777,3.32809330041209,17.897670763863143,179,177.1,6.298856717229896,171.1,2.0
2.6339104276114313,1423.0,556.6,0.3212414802993665,2.9566711751683408,18.32230334798888,179,176.4,6.749247296224158,170.9,2.0
2.6349849564258707,1424.0,556.9200000000001,0.3298143146457108,3.8683037319817797,18.582550454151864,180,175.7,7.13805634055103,170.7,2.0
2.636036328522542,1425.0,557.28,0.33339827362154806,3.7849395480155406,18.551186475710505,179,175.1,7.52181882727988,170.6,2.0
2.6370587715817857,1426.0,557.64,0.3367111913834554,3.680795013277557,18.014372622750066,179,174.5,7.855044927459152,170.4,2.0
2.6383160992730947,1427.0,558.0,0.3393166507575242,4.526379688712866,17.468055725304204,179,173.9,8.119725510003803,170.4,2.0
2.639487230822624,1428.0,558.36,0.3336661599911638,4.2160735783053385,17.207029101548116,179,173.4,8.330517365586257,170.1,2.0
2.640437468824026,1429.0,558.72,0.33647088980082834,3.420856805047255,17.54946770535513,179,172.9,8.417729238853541,169.8,2.0
2.641175374091849,1430.0,559.04,0.33994071381192936,2.65645896416223,17.491387591767133,179,172.5,8.49418525663349,169.5,2.0
2.6419739434589586,1431.0,559.36,0.3429036051796428,2.874849721595073,17.62761247537228,179,172.5,8.524919998004581,169.3,2.0
2.642676485752532,1432.0,559.64,0.34271457077956546,2.529152256862704,17.410036570123662,178,172.7,8.430055455584423,169.0,2.0
2.643643479237043,1433.0,559.96,0.3390909245143112,3.481176544240846,16.80233871766187,178,173.1,8.384015778979402,168.7,2.0
2.6446874959943316,1434.0,560.28,0.32905099351146966,3.7584603262389527,16.057025141636963,178,173.5,8.391669104457668,168.3,2.0
2.6458925756661347,1435.0,560.64,0.31157120477248496,4.338286818490578,15.62561941150185,179,173.9,8.30739864061983,167.8,2.0
2.646931039080687,1436.0,561.0,0.2907960462188124,3.7384682923893573,15.54468245206876,178,174.4,8.312547915140609,167.3,2.0
2.6480996755672823,1437.0,561.36,0.2640612590692759,4.207091351742575,15.305484809124726,179,174.9,8.356096719575168,166.6,2.0
2.649125633265563,1438.0,561.68,0.23836474070537936,3.6934477138092,15.106198553178142,179,175.5,8.382652151789118,166.2,2.0
2.6502284374978813,1439.0,561.92,0.20565686473264683,3.9700952363462623,14.392248547438587,179,176.1,8.498265909683942,165.7,2.0
2.651463797253863,1440.0,562.0799999999999,0.17474247109659338,4.447295121534398,13.457221771623882,179,176.7,8.633337112556081,165.2,2.0
2.6528578756781633,1441.0,562.1600000000001,0.14224103512759967,5.018682327480255,12.36181082819327,178,176.9,8.688475309669974,164.6,4.0
2.6543088199590676,1442.0,562.2,0.1112849621842188,5.22339941125527,11.610987087212372,178,177.1,8.868715985708512,164.0,4.0
2.6559463872021056,1443.0,562.2,0.08203754239243871,5.895242074936015,10.858650474211721,178,177.2,9.054822939216429,163.4,4.0
2.6577959136138865,1444.0,562.24,0.05819444993488745,6.658295082411746,10.506112837600375,177,177.3,9.20496974422934,162.7,4.0
2.6598494773107704,1445.0,562.3199999999999,0.040460325759368504,7.392829308782413,10.20399149990871,177,177.4,9.41868360067806,161.9,4.0
2.6619361401805093,1446.0,562.4,0.028254428400614096,7.511986331059631,9.92704651195341,176,177.3,9.61776352844231,161.1,4.0
2.664187729081385,1447.0,562.4800000000001,0.02423317232292318,8.105720043152655,9.770470531841548,175,177.2,9.698478414667202,160.3,4.0
2.666622457480091,1448.0,562.5600000000001,0.0232626895751899,8.765022235340318,9.739268088554695,174,177.0,9.65421241324334,159.4,4.0
2.66897634665406,1449.0,562.6,0.026641020399023434,8.474001026288876,9.80104575140369,172,176.7,9.411870220463014,158.6,4.0
2.671291731533172,1450.0,562.6,0.031187586507137884,8.33538556480312,10.0787795945086,172,176.4,9.027328728292224,157.8,4.0
2.6737518168650523,1451.0,562.6400000000001,0.03550821410134849,8.856307194768757,10.324302981473942,172,176.2,8.599397093099663,157.1,1.0
2.67612838920201,1452.0,562.6800000000001,0.040053440246433696,8.55566041304801,10.674148248795575,172,175.9,7.989574893823364,156.4,1.0
2.6785011802854495,1453.0,562.76,0.04835834132859741,8.542047900382512,11.046353826494428,172,175.7,7.287015235248342,155.6,1.0
2.680936239629404,1454.0,562.92,0.056818153702580074,8.766213638236286,11.304796339665753,172,175.5,6.601802206832578,154.8,1.0
2.683232058529808,1455.0,563.12,0.06538445059471876,8.264948041455245,11.65015938571901,172,175.3,5.9137296113797095,154.2,1.0
2.685531099226713,1456.0,563.3199999999999,0.07569145110428456,8.27654650885911,12.07267766794513,172,175.2,5.158422852587924,153.5,1.0
2.687868062409175,1457.0,563.6,0.08414755599490913,8.41306745686356,12.358845146327635,175,175.1,4.510363230199641,152.9,1.0
2.690039278190047,1458.0,563.88,0.09245999625673507,7.816376811138751,12.772880463024245,176,174.9,3.996962883944145,152.4,1.0
2.6922652793734465,1459.0,564.12,0.09902587277891124,8.013604260238669,13.185473935311848,176,174.8,3.6242010207968094,151.8,1.0
2.6946019234899983,1460.0,564.36,0.10193528675881272,8.41191881958578,13.50711396514591,176,174.7,3.3730211511346817,151.2,1.0
2.6968279242001065,1461.0,564.6,0.10447970562631514,8.013602556390381,13.891665153832468,176,174.6,3.286534740131483,150.5,1.0
2.6992188000774,1462.0,564.8399999999999,0.10685037403729836,8.607153158255796,14.2168405570808,177,174.5,3.373208404062589,149.8,1.0
2.7017125600620466,1463.0,565.08,0.10388986823026107,8.977535944728103,14.336701157213053,177,174.3,3.57922156914057,149.3,1.0
2.7042213844954843,1464.0,565.3199999999999,0.10074699978913229,9.031767960375777,14.577888583942402,178,174.1,3.77916691399595,149.0,1.0
2.7068383527233744,1465.0,565.6,0.09783108888173928,9.421085620403506,14.77617026170391,178,173.9,3.929428433188021,148.7,3.0
2.709512591206036,1466.0,565.8799999999999,0.09349039587965849,9.627258537580483,14.916947241576457,178,173.7,4.049988448771967,148.6,3.0
2.712002716047148,1467.0,566.1200000000001,0.08944354725606365,8.96444942800249,15.180974398519638,177,173.5,4.130752418361984,148.5,3.0
2.7146746003725712,1468.0,566.3599999999999,0.08581645469933061,9.618783571524142,15.469591468609384,178,173.4,4.204731285468621,148.4,3.0
2.717417565315715,1469.0,566.5600000000001,0.08424492734710683,9.874673795317829,15.695489681737007,177,173.3,4.302570935831837,148.4,3.0
2.7201712838906356,1470.0,566.72,0.08711925906870101,9.91338686971491,15.852249147884034,177,173.2,4.440964460091402,148.4,3.0
2.7229909342019902,1471.0,566.8799999999999,0.09179601193847461,10.150741120877559,15.782707187547278,177,173.0,4.536032864504271,148.6,3.0
2.7259348098786287,1472.0,567.04,0.10047640876532467,10.597952435898303,15.928305919398614,176,172.8,4.557120959306317,148.9,3.0
2.728652777880567,1473.0,567.24,0.11565326798169182,9.784684806977014,16.037091637941348,176,172.7,4.494748117451621,149.1,1.0
2.7310386411989382,1474.0,567.52,0.13458539961568283,8.589107946137156,15.795712457833037,176,172.6,4.456296377795788,149.3,1.0
2.732982436669105,1475.0,567.8399999999999,0.15589538238334494,6.997663692600253,15.370550392789664,175,172.4,4.474127496331937,149.5,1.0
2.7345885043401807,1476.0,568.2,0.18235369420885647,5.781843615872598,15.070680422608817,175,172.3,4.594270268898791,149.7,1.0
2.7358899301946464,1477.0,568.6,0.20802007912395606,4.685133076076858,14.820539491951049,175,172.1,4.767226496142809,149.9,1.0
2.7368678639665247,1478.0,569.0,0.2315236425849556,3.5205615787611535,14.36463554689116,175,171.9,4.985795073246175,150.1,1.0
2.7376592743025157,1479.0,569.36,0.2538215649034393,2.84907720956761,14.0456023206231,175,171.7,5.158566462276173,150.3,1.0
2.7385096233540596,1480.0,569.72,0.2710876535418792,3.061256585557273,13.84211503260454,175,171.5,5.143783998606536,150.5,1.0
2.739417960900268,1481.0,570.04,0.27941803874584736,3.270015166348883,13.708360936975556,175,171.3,4.976941849109121,150.6,1.0
2.740263762246929,1482.0,570.3199999999999,0.28645958069558325,3.0448848479804322,13.319938509869583,175,171.1,4.715871951048543,150.8,1.0
2.7411815646311215,1483.0,570.6,0.2877620508318645,3.304088583094189,13.245349754494589,175,170.9,4.377003841998521,151.0,1.0
2.742141315876561,1484.0,570.88,0.28117993592744156,3.4551044835822093,13.579947319766504,174,170.7,3.9608154280531296,151.2,1.0
2.7430496617268743,1485.0,571.1200000000001,0.27336239445742677,3.270045061126891,14.16472791825809,174,170.6,3.489739411013577,151.4,1.0
2.743958007537777,1486.0,571.4,0.26491076962905175,3.270044919251316,14.558207725175558,174,170.4,2.950193015099523,151.5,1.0
2.7450191933616783,1487.0,571.6800000000001,0.24985863413682333,3.8202689660448708,14.687258007326676,174,170.4,2.377353714025648,151.7,1.0
2.746237887311143,1488.0,571.92,0.23618714008839214,4.38729821807222,14.661279869324028,174,170.1,1.7401863659418535,151.9,1.0
2.7476015564390175,1489.0,572.1600000000001,0.22138943864583113,4.909208860347416,14.427743507183589,173,169.8,1.2180802400773647,152.1,1.0
2.7490073092262706,1490.0,572.4399999999999,0.20730635800007163,5.060710034111076,14.155156460941887,173,169.5,0.8918648597814929,152.3,1.0
2.7503330398813453,1491.0,572.64,0.19918572614079505,4.772630358269592,13.980110754861371,173,169.3,0.7292870658793688,152.6,1.0
2.751513730160184,1492.0,572.8399999999999,0.18867009562676557,4.25048500381989,13.883642172116996,173,169.0,0.7264411064228407,152.8,1.0
2.752655876904349,1493.0,573.04,0.1791100329142527,4.111728278994363,13.674308439981118,173,168.7,0.8751828004454343,153.0,1.0
2.7538211250028626,1494.0,573.24,0.17344833321201317,4.194893154648576,13.302296870799003,173,168.3,1.0586281975873988,153.2,1.0
2.7550012476597403,1495.0,573.4399999999999,0.1676351682569867,4.248441564759055,12.790854366918198,173,167.8,1.2180628382821863,153.4,1.0
2.75629401992692,1496.0,573.64,0.15521499514870996,4.653980161846965,12.492105723724041,173,167.3,1.37774037959656,153.6,1.0
2.7576192846519683,1497.0,573.84,0.15522965350119813,4.770953010173555,12.51864192877,172,166.6,1.498311450562508,153.7,1.0
2.7588965566425494,1498.0,574.0400000000001,0.1586134273047471,4.598179166092686,13.033645617230809,172,166.2,1.5856681368176435,153.8,1.0
2.760086967876383,1499.0,574.24,0.16588727065923295,4.285480441800454,13.894045947818203,172,165.7,1.5793604561506105,153.9,1.0
2.761385910275703,1500.0,574.4,0.1775694839127961,4.67619263755274,14.543505230144788,172,165.2,1.5163062891260055,154.0,1.0
2.7627611718156007,1501.0,574.64,0.19445000591476883,4.950941543631091,15.58224186886342,171,164.6,1.508466800747207,154.0,1.0
2.7642755920182362,1502.0,574.92,0.2110136263564893,5.451912729488429,16.017224705434735,172,164.0,1.5298894300041428,154.0,1.0
2.7658981727269683,1503.0,575.24,0.22793216411230732,5.8412905514345335,15.842236651405472,171,163.4,1.5832018384204376,154.0,1.0
2.76767055576188,1504.0,575.6,0.23910617077890187,6.3805789256822445,15.181946347570706,171,162.7,1.6431561083545254,154.0,1.0
2.769330598943841,1505.0,576.0,0.24217451456758837,5.976155455059037,14.206897043046848,171,161.9,1.7619315220860206,153.9,1.0
2.7705823088119383,1506.0,576.36,0.23885453715989366,4.506155525150594,13.031627788468063,171,161.1,1.8978414355068405,153.8,1.0
2.771444123121716,1507.0,576.6800000000001,0.22210569799462682,3.102531515199396,11.579270502732525,170,160.3,2.1536077661499897,153.7,1.0
2.771996200951018,1508.0,576.9,0.170536594895582,1.9874801854869082,9.800247369190881,170,159.4,2.5438854149275096,153.6,1.0
2.772245311881935,1509.0,577.02,0.11812919076731195,0.8967993513002306,7.775369331825807,170,158.6,3.020727892515479,153.4,1.0
2.772388175353629,1510.0,577.0600000000001,0.20814314997379285,0.5143084980988307,5.944189778603548,170,157.8,3.5541256093197022,153.2,1.0
2.7724548924017496,1511.0,577.0600000000001,0.1915318996068583,0.2401813732355624,3.825160267100872,170,157.1,4.039339093888858,153.0,1.0
2.772470572615735,1512.0,576.98,0.15881136456700476,0.05644877034789058,2.290373068820598,170,156.4,4.443825204778594,152.9,1.0
2.772501933043706,1513.0,576.92,0.11406405903873178,0.11289754069578116,1.337417905755442,171,155.6,4.752036084655002,152.7,1.0
2.7725291441251745,1524.0,577.1600000000001,0.0664488149500593,0.008905444844309593,0.9625711010761083,168,154.8,5.063638540054575,152.5,1.0
2.7727388925130674,1525.0,577.2,0.019615250783051968,0.7550941964141442,1.081964378676266,168,154.2,5.347203449790492,152.4,1.0
2.7730844485470096,1526.0,577.2,-0.015861629329539335,1.2440017221918755,1.0797130292939028,168,153.5,5.656039771429282,152.3,1.0
2.7734946578737256,1527.0,577.1600000000001,-0.034096858588202876,1.4767535761781552,1.1707652284812886,168,152.9,5.898735051919983,152.2,1.0
2.7740388302600927,1528.0,577.08,-0.011620985810392604,1.9590205909216263,1.3628484674118755,167,152.4,6.121468052660897,152.2,1.0
2.7747011125632945,1529.0,576.96,0.0367319073372042,2.384216291526166,1.5839051706121887,167,151.8,6.3649514839452745,152.2,1.0
2.7753535465826054,1530.0,576.8399999999999,-0.04311393438585913,2.3487624695184763,1.805616947410644,166,151.2,6.583351724291989,152.3,1.0
2.775863137632656,1531.0,576.76,-0.0139244401126845,1.8345277801834399,1.946017411653615,165,150.5,6.823170785817512,152.4,1.0
2.776322366572515,1532.0,576.72,0.029893672867485177,1.6532241834916266,2.0831339943193004,165,149.8,7.044726019362706,152.4,1.0
2.776688646642058,1533.0,576.8,0.0906670106115441,1.3186082503552594,2.6052314155495155,164,149.3,7.313603425276957,152.5,1.0
2.7769337778385568,1534.0,576.96,0.14937439106637432,0.8824723073956664,3.4796243818664196,164,149.0,7.566200364037425,152.7,1.0
2.7771260048912634,1535.0,577.1600000000001,0.21146876186468586,0.6920173897438097,4.514325233374627,163,148.7,7.851074483282458,152.9,1.0
2.7772964104612483,1536.0,577.3599999999999,0.26701595959233804,0.6134600519458286,5.519356821291576,163,148.6,8.116675997064796,153.1,1.0
2.7776848434313566,1537.0,577.6,0.304319440626577,1.3983586923901707,6.305258011374996,162,148.5,8.418756483279173,153.3,1.0
2.778288523121215,1538.0,577.8,0.3259710910219328,2.1732468834909855,6.791102920042659,161,148.4,8.608423923841245,153.4,1.0
2.7790988954477953,1539.0,578.0,0.3104437974047413,2.9173403756891143,7.099249394377476,161,148.4,8.72944916398733,153.6,1.0
2.779917869105812,1540.0,578.2,0.2630726632421339,2.9483051688593522,7.267493669757508,159,148.4,8.852105273590642,153.7,1.0
2.7807573918606727,1541.0,578.36,0.19941352203697282,3.0222819174983924,7.302797305155219,157,148.6,8.916459782924397,153.9,1.0
2.7815941483378115,1542.0,578.48,0.13000116512038504,3.012323317699824,7.278660095078186,157,148.9,9.03191216125427,154.1,1.0
2.782670890436919,1543.0,578.52,0.04864811446113031,3.876271556786753,6.957916760759862,156,149.1,9.159037562555458,154.3,1.0
2.784000126213355,1544.0,578.4,-0.02493303677135294,4.785248795170868,6.248774336899226,155,149.3,9.256450178041808,154.4,1.0
2.785516915703806,1545.0,578.16,-0.0901009260954452,5.460442165623498,5.348683429245709,155,149.5,9.342196570642113,154.5,1.0
2.787168981598247,1546.0,577.8,-0.1513373642050015,5.947437219988059,4.584262241326258,155,149.7,9.479611132007808,154.6,1.0
2.7889052298032695,1547.0,577.3199999999999,-0.20207907028867805,6.250493538081733,4.158859022919826,155,149.9,9.571884076561007,154.7,1.0
2.790632482023377,1548.0,576.76,-0.24485665791271843,6.2181079923883535,3.882242254419276,154,150.1,9.635393593318629,154.8,1.0
2.7922989956829474,1549.0,576.24,-0.27585752225445226,5.99944917445319,3.734817401794487,153,150.3,9.7105855267782,155.0,1.0
2.793983531717074,1550.0,575.6800000000001,-0.2947533204565361,6.0643297228550725,3.763683651787803,151,150.5,9.751677401642471,155.3,1.0
2.7956107347767563,1551.0,575.12,-0.30216777798986094,5.857931014857574,3.9435675148947267,151,150.6,9.746123760635044,155.5,1.0
2.797305369925114,1552.0,574.5600000000001,-0.2994119458963719,6.100686534087724,4.151432999014718,150,150.8,9.72521531557089,155.7,1.0
2.79905626558114,1553.0,574.04,-0.2854374268154965,6.303224361693765,4.276498830716782,150,151.0,9.736840922438708,155.8,1.0
2.801004204137412,1554.0,573.48,-0.26753536579940995,7.012578802580004,4.351424827056229,150,151.2,9.723852647168076,155.9,1.0
2.8031973364925418,1555.0,572.96,-0.2494834792980626,7.895276478467271,4.333686292711866,149,151.4,9.730286742712774,156.0,1.0
2.8054560697212794,1556.0,572.48,-0.22993244337645793,8.131439623455213,4.359829519984122,149,151.5,9.714587599871642,156.2,1.0
2.807858481986095,1557.0,572.08,-0.20980610940853045,8.64868415333695,4.287962294081067,148,151.7,9.65506456735442,156.3,1.0
2.8102011654104952,1558.0,571.6800000000001,-0.19219726350962713,8.43366032784029,4.349235346525864,147,151.9,9.66480603906151,156.4,1.0
2.8126145607531607,1559.0,571.3599999999999,-0.1760662739875638,8.688223233595705,4.480719989283885,148,152.1,9.747782331736872,156.5,1.0
2.8150007549505105,1560.0,571.04,-0.15860954872416846,8.590299110459759,4.610029266495294,148,152.3,9.845562630759655,156.5,1.0
2.817419275008096,1561.0,570.76,-0.1408744990429462,8.706672207307902,4.761112434285606,148,152.6,9.978772939572144,156.5,1.0
2.8198516921391823,1562.0,570.4399999999999,-0.12425877504386348,8.756701671911106,4.968767942541872,149,152.8,10.115156632922032,156.4,1.0
2.822441700256915,1563.0,570.16,-0.10900012328862285,9.324029223837536,5.177334821241958,149,153.0,10.143078809878704,156.5,1.0
2.8249164928147485,1564.0,569.88,-0.09277792023514116,8.90925320820072,5.4403758581702935,149,153.2,10.145574247037487,156.6,1.0
2.8274458063925065,1565.0,569.6800000000001,-0.08059859514199175,9.105528879928116,5.721863348728185,149,153.4,10.075006378407124,156.7,1.0
2.830045251036809,1566.0,569.5199999999999,-0.07169982475350486,9.358000719488324,5.9763314194805055,149,153.6,9.917281883488071,156.6,1.0
2.8326264258275518,1567.0,569.4399999999999,-0.06756729334840891,9.292229246674506,6.206253662376782,150,153.7,9.78930346304598,156.7,1.0
2.8352898103028683,1568.0,569.4,-0.06341345415776341,9.588184111139032,6.447563443197863,150,153.8,9.667930724428556,156.8,1.0
2.838056331760259,1569.0,569.36,-0.06245109232749898,9.959477246607591,6.6216178887067345,150,153.9,9.446895380533666,156.8,1.0
2.840713116556182,1570.0,569.24,-0.061655474002143176,9.564425265323257,6.715273540352955,150,154.0,9.176959589547188,156.7,1.0
2.8433698210376575,1571.0,569.0400000000001,-0.06266790062358404,9.564136133310951,6.766175400097509,150,154.0,8.88274679337039,156.7,1.0
2.8461839452836486,1572.0,568.8,-0.06384968532910165,10.130847285568054,6.75855686784359,151,154.0,8.527255279882493,156.8,1.0
2.8490302671362513,1573.0,568.52,-0.06816647494304064,10.246758669369557,6.703689881252826,151,154.0,8.176975105375872,156.8,1.0
2.8516814750184114,1574.0,568.24,-0.07405895967176247,9.544348375776895,6.6232846878843485,151,154.0,7.880586138161398,156.7,1.0
2.854419655078001,1575.0,568.0,-0.08001177980757648,9.857448214523815,6.562804000602034,151,153.9,7.638298881616746,156.7,1.0
2.8571332438191486,1576.0,567.8,-0.08297801938447812,9.768919468131056,6.491634390283904,151,153.8,7.423298779888498,156.8,1.0
2.8596989918293154,1577.0,567.6,-0.08442698495437757,9.23669283660023,6.4377756655432705,151,153.7,7.185349843515015,156.8,1.0
2.8623042972905646,1578.0,567.4,-0.08434249770951438,9.37909966049751,6.375852341103507,152,153.6,6.927492163470904,156.8,1.0
2.8651031121003663,1579.0,567.2,-0.08265830354027785,10.075733315285751,6.310019146233338,152,153.4,6.702605110063653,156.9,1.0
2.867723818353871,1580.0,567.0,-0.0808351318410478,9.434542512616922,6.326112943205039,152,153.2,6.5550755757844446,157.1,1.0
2.8703983953229706,1581.0,566.76,-0.08047974094944862,9.628477088757952,6.434096528222272,152,153.0,6.512448607541212,157.2,1.0
2.8731689108388476,1582.0,566.5200000000001,-0.07875262077043142,9.973855857156732,6.58470935104788,152,152.9,6.572158884077998,157.3,1.0
2.875849890934458,1583.0,566.28,-0.0756408828619782,9.651528344197308,6.7909457101008615,153,152.7,6.736859559027478,157.4,1.0
2.878528158460249,1584.0,566.04,-0.07113336999936029,9.641763092847828,7.018673436759184,153,152.5,6.966232461561172,157.6,1.0
2.881496828221715,1585.0,565.8,-0.0651471371662587,10.687211141277427,7.175936676337782,153,152.4,7.220924497892476,157.7,1.0
2.8844820289045927,1586.0,565.6400000000001,-0.05918688779732759,10.746722458358917,7.293148320080563,153,152.3,7.551255321840584,157.8,4.0
2.8874178055503497,1587.0,565.5199999999999,-0.051847643599597024,10.5687959247251,7.341250734496005,154,152.2,7.945110741905853,157.9,4.0
2.8904019546042377,1588.0,565.4399999999999,-0.04777955812503763,10.742936593996372,7.280887127169436,154,152.2,8.358827542543127,158.0,4.0
2.8932783310166967,1589.0,565.4,-0.04560565961491799,10.354955084852483,7.178494189565126,154,152.2,8.699374302218434,158.0,4.0
2.895905969040087,1590.0,565.36,-0.04719623912821866,9.45949688420477,7.006397008079006,154,152.3,8.925215348931712,158.0,4.0
2.8983845241518797,1591.0,565.3199999999999,-0.05100541234450764,8.922798402454301,6.694148026557274,154,152.4,8.921482561479985,158.0,4.0
2.9007169160707593,1592.0,565.2,-0.06360081246686174,8.396610907966227,6.311323280729896,154,152.4,8.839523465008972,158.0,4.0
2.9030424005540305,1593.0,565.0400000000001,-0.08193581222676855,8.371744139776364,5.9073696666695925,154,152.5,8.731659653008498,158.0,4.0
2.905383521583662,1594.0,564.8,-0.10812936665136304,8.428035706673594,5.492780480857523,154,152.7,8.665924220964822,158.0,4.0
2.907738204278753,1595.0,564.5200000000001,-0.14072769567926519,8.476857702328543,5.138814890547801,154,152.9,8.665926169413112,158.2,4.0
2.9099735833200016,1596.0,564.12,-0.17873304718492214,8.04736454849413,4.898658126812359,154,153.1,8.660864613786664,158.4,4.0
2.9120921021986006,1597.0,563.6400000000001,-0.22017710444084973,7.626667962957131,4.76973678292981,154,153.3,8.664026734778304,158.5,4.0
2.914088774826133,1598.0,563.04,-0.2572083121957343,7.188021459117386,4.739108046696758,154,153.4,8.653058685346794,158.6,4.0
2.9159921507538513,1599.0,562.36,-0.2927356793572587,6.852153339786275,4.997163615306642,154,153.6,8.733603803449016,158.6,4.0
2.9177964860905345,1600.0,561.6,-0.3242336185247068,6.495607212060023,5.304470663808918,154,153.7,8.88426234509401,158.6,4.0
2.919602021045259,1601.0,560.8,-0.3503812219280487,6.499925837007776,5.458382370253234,153,153.9,9.235678842906513,158.5,4.0
2.921337190459338,1602.0,560.04,-0.36931653009513815,6.246609890683753,5.670008048473607,153,154.1,9.56211577281434,158.4,4.0
2.923001705674905,1603.0,559.28,-0.3825893725400386,5.992254776041527,5.908764739661416,153,154.3,9.859481683474616,158.2,4.0
2.9246265553710806,1604.0,558.52,-0.3878172152126134,5.849458906232504,6.137561579277568,153,154.4,10.058193180537115,158.0,4.0
2.926356551806707,1605.0,557.8,-0.3845592947385842,6.227987168256028,6.331560528298108,152,154.5,10.120447019754817,157.6,1.0
2.928182126586069,1606.0,557.08,-0.3760736164284767,6.572069205702045,6.4545308784483595,152,154.6,10.143631245157357,157.2,1.0
2.930182237219548,1607.0,556.36,-0.36124520370522195,7.200398280524801,6.484057173426249,152,154.7,10.174723967893282,156.8,1.0
2.932344771726349,1608.0,555.64,-0.3453210576748345,7.785124224485262,6.477037100447772,153,154.8,10.259785493423678,156.3,1.0
2.934705649528927,1609.0,554.96,-0.32590635090011816,8.49916008928106,6.217360509210138,152,155.0,10.3028177520163,155.9,1.0
2.937147131817093,1610.0,554.24,-0.30545380704225544,8.789336237396968,5.941988843028633,152,155.3,10.421732278004558,155.4,1.0
2.9396601446505155,1611.0,553.5600000000001,-0.283470616858346,9.046846200320813,5.834214916309112,152,155.5,10.459190019418523,155.0,1.0
2.9423128996866725,1612.0,552.92,-0.2612176835104785,9.549918130164832,5.663979526886495,152,155.7,10.535566178223792,154.5,1.0
2.945071457735754,1613.0,552.3599999999999,-0.24027712677859925,9.93080897669422,5.385695722790511,152,155.8,10.589522135177328,154.1,1.0
2.9478455207670335,1614.0,551.8399999999999,-0.22257822369189748,9.986626912605237,5.086989677161588,153,155.9,10.624157322741976,153.7,1.0
2.9505214804239803,1615.0,551.4399999999999,-0.20838726914690717,9.633454765009112,4.806209053679981,152,156.0,10.699175051772828,153.4,1.0
2.9529743914442124,1616.0,551.0799999999999,-0.19568380129658003,8.830479672834807,4.595184549030799,153,156.2,10.752324885918716,153.1,1.0
2.9549641332236587,1617.0,550.72,-0.18732949323992387,7.163070406007541,4.467373962515308,153,156.3,10.67045014777265,153.0,1.0
2.956899003573596,1618.0,550.3199999999999,-0.18096511358115255,6.965533259775127,4.38100172060983,153,156.4,10.540711244341084,153.0,1.0
2.958960259676173,1619.0,549.92,-0.17395967967686385,7.420521969276324,4.334897557402409,153,156.5,10.44557723929229,153.0,1.0
2.961219143541995,1620.0,549.48,-0.16934743896326893,8.131981916960216,4.306616544973072,154,156.5,10.268633915241384,153.0,1.0
2.9637321617877737,1621.0,549.0,-0.16892148208787003,9.04686568480369,4.338122067815653,154,156.5,10.194701292935566,153.1,1.0
2.9663708569471905,1622.0,548.5200000000001,-0.16828304142287664,9.49930257390037,4.412086502041456,154,156.4,10.157754639657876,153.3,1.0
2.9691381986656933,1623.0,548.12,-0.16897940003059872,9.962430186610625,4.587879397948716,154,156.5,10.109468221731964,153.4,1.0
2.971881794892996,1624.0,547.6800000000001,-0.1693882040847486,9.876946418290125,4.752189157140643,154,156.6,10.104095323651451,153.7,1.0
2.9747814909891157,1625.0,547.24,-0.16975101846861154,10.438905946031335,4.899800088126244,154,156.7,10.094781261302352,154.0,1.0
2.9776528979583614,1626.0,546.8399999999999,-0.16969134822512094,10.337065089284746,4.996840173596889,154,156.6,10.053382168698034,154.3,1.0
2.980618796676176,1627.0,546.3999999999999,-0.16947316394118878,10.677235384132551,5.025621545513411,155,156.7,10.119877857253396,154.6,1.0
2.983460436275857,1628.0,545.92,-0.16798550529765335,10.229902558853402,5.034668156771419,155,156.8,10.202547363807048,154.9,1.0
2.986347708796935,1629.0,545.4399999999999,-0.17304549291838503,10.394181075879104,5.048365984572969,155,156.8,10.194695352468091,155.2,1.0
2.9891585690434863,1630.0,544.9200000000001,-0.17561530567927722,10.119096887585222,5.08936984663721,155,156.7,10.254357993315011,155.7,1.0
2.9918445146204253,1631.0,544.36,-0.17858723867410103,9.669404076980705,5.110173929613392,155,156.7,10.28291802899391,156.0,1.0
2.9945476104059603,1632.0,543.8399999999999,-0.1832461746460571,9.731144827925752,5.168458071177198,155,156.8,10.25236578251764,156.3,1.0
2.99740132079873,1633.0,543.24,-0.18778316446692522,10.273357413969885,5.185407008556827,155,156.8,10.231555995185293,156.7,1.0
3.000381199041395,1634.0,542.6800000000001,-0.18949727834431054,10.727561673594082,5.2206730797924745,155,156.7,10.29044356383539,157.0,1.0
3.0034004291891607,1635.0,542.1200000000001,-0.19140731515316994,10.86922853195753,5.2465345468947255,156,156.7,10.33109126546475,157.1,1.0
3.006602154286152,1636.0,541.5600000000001,-0.19092103202959831,11.526210349167354,5.264861035790443,157,156.8,10.39622167651655,157.2,1.0
3.009672102285672,1637.0,540.9599999999999,-0.18789645615504838,11.0518127982722,5.306219112680788,157,156.8,10.462573850650395,157.2,1.0
3.012725897882035,1638.0,540.4,-0.18535960692551773,10.993664146906099,5.341608823845567,157,156.8,10.52098812349172,157.3,1.0
3.015763048061317,1639.0,539.8399999999999,-0.17742039838763063,10.93374064541445,5.31758560382591,156,156.9,10.538262367231724,157.3,1.0
3.018670117162215,1640.0,539.3199999999999,-0.17104393932798706,10.465448763231716,5.27749432437488,156,157.1,10.509289027786522,157.2,1.0
3.021564445319795,1641.0,538.8399999999999,-0.16482591847550118,10.419581367289208,5.267933266008658,156,157.2,10.460216103469255,157.2,1.0
3.024415179533513,1642.0,538.4,-0.15725161347189182,10.262643169384635,5.232906296690693,157,157.3,10.37228233380773,157.2,1.0
3.027041460098099,1643.0,538.0400000000001,-0.1470484986158473,9.454610032509223,5.266326901004545,156,157.4,10.354356003776235,157.1,1.0
3.0296609524978986,1644.0,537.6800000000001,-0.1397578954337095,9.430172639278423,5.333486324382934,156,157.6,10.323254571502613,157.0,1.0
3.032415921520529,1645.0,537.3199999999999,-0.1308251914393797,9.917888481469593,5.400625607226706,157,157.7,10.276990514000552,157.0,1.0
3.0351261373840455,1646.0,537.0,-0.1215339523631426,9.756777108658302,5.494488875599706,157,157.8,10.303583776246892,157.0,1.0
3.0379907169882716,1647.0,536.72,-0.11487856080466444,10.312486575214022,5.590535828270686,157,157.9,10.313359882660976,156.9,1.0
3.0409418829921964,1648.0,536.4,-0.10928291209094618,10.624197614129182,5.6650879693452465,156,158.0,10.205839631204764,156.8,1.0
3.043844904232795,1649.0,536.12,-0.10637309077761008,10.450876466155345,5.784892023751059,157,158.0,10.170749045001656,156.8,1.0
3.0467370486168024,1650.0,535.88,-0.10344624265218612,10.411719782426607,5.910701808608541,157,158.0,10.134441963662535,156.8,1.0
3.0496055043789685,1651.0,535.6,-0.10047845120192045,10.326440743798198,5.970589026142465,157,158.0,10.02729988819245,156.7,1.0
3.05234124111323,1652.0,535.3199999999999,-0.0988726297063839,9.848652243341451,6.0443472719344085,156,158.0,10.01396529015677,156.7,1.0
3.055152231923803,1653.0,535.04,-0.10003807871976175,10.11956691806283,6.08575613568195,157,158.0,9.974251795752618,156.8,1.0
3.058001361841807,1654.0,534.76,-0.0982750786315256,10.256867704814953,6.077551145479419,157,158.0,9.846316221664328,156.7,1.0
3.060734519721829,1655.0,534.4799999999999,-0.0993251590725837,9.839368368080041,6.064986218234386,157,158.2,9.771226716260838,156.7,1.0
3.0636104651432534,1656.0,534.2,-0.10317492037368663,10.353403517127498,6.088266357218112,156,158.4,9.648337350504317,156.7,1.0
3.0665543781799207,1657.0,533.88,-0.10421901876991002,10.598086932002998,6.0937724025451505,157,158.5,9.45775881895051,156.8,1.0
3.0694206768325225,1658.0,533.6,-0.10535078290060666,10.318675149366477,6.110332556606844,157,158.6,9.409265444612595,156.8,1.0
3.0722658931083093,1659.0,533.2800000000001,-0.1065612747543985,10.242778592831858,6.13339170178901,157,158.6,9.403583311026711,156.8,1.0
3.0753216140719,1660.0,532.9200000000001,-0.10783592143139667,11.000595468927592,6.143248090620661,156,158.6,9.32414706871791,156.8,1.0
3.07830298011637,1661.0,532.6,-0.1077190807311567,10.732917760091807,6.135796779931809,157,158.5,9.24311331848232,157.0,1.0
3.0812196346591088,1662.0,532.28,-0.10768794712924637,10.499956353859437,6.116324699445851,157,158.4,9.006972352266306,157.2,1.0
3.084214937064498,1663.0,531.96,-0.10634545946535312,10.783088659401285,6.090172706150193,157,158.2,8.560226253197687,157.4,1.0
3.087226328851506,1664.0,531.64,-0.10783020513078734,10.841010433228194,6.052922453811766,157,158.0,8.062164558265398,157.7,1.0
3.090007470741917,1665.0,531.36,-0.10659326065848282,10.01211080548011,6.078434091648259,158,157.6,7.591515002453342,157.8,4.0
3.092802934664882,1666.0,531.08,-0.10415172445602949,10.063670122675454,6.131917987252734,158,157.2,7.132666739131087,158.0,4.0
3.0956105340228905,1667.0,530.8,-0.1031309054658639,10.10735768883035,6.210680776113401,158,156.8,6.760461420807718,158.1,4.0
3.09823257220421,1668.0,530.48,-0.099273660298047,9.439337452751223,6.391733266221541,158,156.3,6.401251550214361,158.2,4.0
3.101027993118798,1669.0,530.2,-0.09256874206542035,10.063515292516916,6.630716681044774,158,155.9,6.057627901766837,158.3,4.0
3.1039973212149623,1670.0,529.92,-0.08290021012605978,10.689581146191358,6.863923162327863,158,155.4,5.841165042364489,158.5,4.0
3.106850175988593,1671.0,529.64,-0.07172145956121885,10.270277185071185,7.209871003346601,158,155.0,5.732782777231321,158.5,4.0
3.1098407007042383,1672.0,529.44,-0.05756966939760746,10.765888976322858,7.626744995495474,158,154.5,5.752502310363857,158.4,4.0
3.112863158960778,1673.0,529.3199999999999,-0.04186649190989102,10.880849723542124,8.036993779094523,158,154.1,5.947208938450184,158.4,4.0
3.1155758833826295,1674.0,529.28,-0.02322349041667527,9.765807918666077,8.547315507640693,158,153.7,6.215648732146747,158.3,4.0
3.1182595514224762,1675.0,529.3199999999999,-0.0073595221485578625,9.661204943449018,9.060183370216912,158,153.4,6.483288406317861,158.3,4.0
3.120954162341722,1676.0,529.44,0.007108395437969384,9.700599309284268,9.464031236102011,158,153.1,6.775139917205212,158.2,4.0
3.1234641448234246,1677.0,529.6,0.020081832200591752,9.035936934129479,9.842780101417052,158,153.0,7.084731707087175,158.1,4.0
3.1260491424546455,1678.0,529.8,0.027186318097115154,9.30599147239442,10.080001275870544,158,153.0,7.43849459433986,158.0,4.0
3.128734248107,1679.0,529.96,0.02993664001881924,9.666380348475405,10.130026641994768,158,153.0,7.807834266441461,157.9,4.0
3.1313481996084747,1680.0,530.08,0.02817710896106414,9.410225405308434,10.1601177280615,158,153.0,8.074233775096403,157.7,1.0
3.1339924724226513,1681.0,530.1600000000001,0.023368994592822417,9.519382131036307,10.103096864859314,160,153.1,8.302963863732499,157.6,1.0
3.1366416377889728,1682.0,530.1600000000001,0.013623204476535622,9.536995318757615,9.845390995267342,160,153.3,8.505355558680082,157.4,1.0
3.1391347112356405,1683.0,530.1200000000001,0.003934636700664073,8.975064408004082,9.46231971995083,159,153.4,8.663580290969339,157.1,1.0
3.141712731839887,1684.0,530.04,-0.007565549433803306,9.280874175286954,8.849937157240118,159,153.7,8.91886143110034,156.9,1.0
3.1443806161753285,1685.0,529.96,-0.017915851454234733,9.604383607590158,7.940265037638071,158,154.0,9.202425593466987,156.7,1.0
3.146854570865939,1686.0,529.8399999999999,-0.03150531098808819,8.906236886196254,7.012950791505422,158,154.3,9.381579050011757,156.5,1.0
3.149139459596987,1687.0,529.76,-0.05120815019818812,8.225599431773588,6.125138784089445,157,154.6,9.51022462730993,156.4,1.0
3.15106851009983,1688.0,529.68,-0.0758607664067077,6.944581810234263,5.332526086756555,157,154.9,9.582783763355987,156.4,1.0
3.1525126543658826,1689.0,529.6,-0.10695714826393203,5.198919357789228,4.727600271816025,156,155.2,9.521419231555551,156.4,1.0
3.153743101159212,1690.0,529.4399999999999,-0.14381176055599562,4.429608455985536,4.265665720874862,156,155.7,9.48530186346027,156.5,1.0
3.155080014096133,1691.0,529.1600000000001,-0.18160952923806947,4.812886572915742,3.8297896949933588,156,156.0,9.487523484162034,156.7,1.0
3.156454600953226,1692.0,528.76,-0.21331889854082747,4.948512685535063,3.6099698385174137,156,156.3,9.486795491806276,157.0,1.0
3.1579137707378844,1693.0,528.24,-0.24506271070690802,5.253011224770391,3.59623510940419,155,156.7,9.513807499438668,157.3,1.0
3.159493986146038,1694.0,527.6,-0.2771570453384471,5.688775469353396,3.772353636697725,154,157.0,9.537557028199249,157.6,1.0
3.161207360346903,1695.0,526.9200000000001,-0.3074501596891332,6.1681471231149105,4.1970479438056545,154,157.1,9.539304700075386,157.9,4.0
3.163080029316951,1696.0,526.28,-0.3332976796876273,6.741608292172771,4.662165523111974,153,157.2,9.599597117924352,158.2,4.0
3.165063856200407,1697.0,525.64,-0.35354353161676505,7.141776780441914,5.108182486671749,153,157.2,9.71899351812872,158.6,4.0
3.1670476831841734,1698.0,524.96,-0.3663433856268701,7.141777141559621,5.5103394969697375,152,157.3,9.82592081136499,158.9,4.0
3.16903267919491,1699.0,524.28,-0.37010981652251695,7.1459856386525,5.828004895896797,152,157.3,9.9117373724176,159.2,4.0
3.171008792081841,1700.0,523.56,-0.3639186996440528,7.114006392951155,6.032237627948283,152,157.2,10.01288298401737,159.4,4.0
3.1730891485581263,1701.0,522.76,-0.3526748807440858,7.489283314626896,6.209663163825249,153,157.2,10.083279923330014,159.5,4.0
3.1752744340565733,1702.0,521.92,-0.33982548689081926,7.867027794408564,6.209897814193534,153,157.2,10.131481497026424,159.7,4.0
3.177593581035348,1703.0,521.0799999999999,-0.3230656235038035,8.348929123590032,6.0893412093163395,154,157.1,10.22699967250424,159.8,4.0
3.180156471130315,1704.0,520.28,-0.30074783397411686,9.226404341880231,5.904366130890953,154,157.0,10.30299421093588,160.0,4.0
3.182895788864796,1705.0,519.5600000000001,-0.27679377410801165,9.861543844130932,5.6923110097139045,154,157.0,10.299433599428038,160.2,4.0
3.1855084564699965,1706.0,518.96,-0.2509641829769423,9.405603378722189,5.572837675705115,153,157.0,10.333395026637662,160.4,4.0
3.188127644710775,1707.0,518.4799999999999,-0.22164005201829298,9.429077666802884,5.525231279995555,154,156.9,10.35087754378848,160.5,4.0
3.1906736708471737,1708.0,518.1200000000001,-0.19177827327542796,9.165694091035425,5.4802808594816215,154,156.8,10.310449169119837,160.6,4.0
3.1930981800031586,1709.0,517.8399999999999,-0.16142867510469677,8.728232961545098,5.471374781767858,153,156.8,10.365460290274047,160.7,4.0
3.195783407168231,1710.0,517.6,-0.13363925393100454,9.666817794261151,5.489602425636205,155,156.8,10.454292541978194,160.8,4.0
3.1986514418733125,1711.0,517.4,-0.11128885504746766,10.324924938293353,5.4826449063473675,156,156.7,10.484265724008896,161.0,4.0
3.2013343758621615,1712.0,517.2,-0.09461962008823364,9.65856235985626,5.540896581502503,156,156.7,10.559900546430944,161.0,4.0
3.204010871666765,1713.0,517.04,-0.08338968205828502,9.635384896571766,5.659677650540996,157,156.8,10.625746038042902,161.1,4.0
3.206775314917415,1714.0,516.88,-0.08007581712984693,9.951995702340811,5.786910921443552,157,156.7,10.555491534225826,161.2,4.0
3.2093441756191172,1715.0,516.68,-0.07984814270476895,9.247898526126598,5.915229987011864,157,156.7,10.505419551407256,161.2,4.0
3.2118565172018307,1716.0,516.4799999999999,-0.08109055402337836,9.04442969776936,6.018394842026858,158,156.7,10.438416357808258,161.2,4.0
3.2144818766112255,1717.0,516.28,-0.08369841711567175,9.451293873820505,6.073079909206659,157,156.8,10.281475068759647,161.2,4.0
3.217025880546636,1718.0,516.0,-0.08617475630040092,9.158414167477845,6.123014565988314,157,156.8,10.137983587964865,161.2,4.0
3.219525423057155,1719.0,515.72,-0.0886722655112617,8.998353037869027,6.180406068001422,157,156.8,10.0481740741798,161.2,4.0
3.2222766211354514,1720.0,515.4399999999999,-0.09112854264381785,9.90431308186693,6.230554493589067,158,156.8,9.902366612140858,161.1,4.0
3.2251495104846333,1721.0,515.16,-0.0906007826536123,10.34240165705475,6.278310444104791,157,157.0,9.807609161171817,160.8,4.0
3.2279999234119514,1722.0,514.88,-0.09003993946723632,10.261486538345943,6.3499777159949655,157,157.2,9.74740723277568,160.6,4.0
3.231008075883789,1723.0,514.64,-0.0894828952403475,10.829348898615425,6.424480471869224,157,157.4,9.669985174222216,160.4,4.0
3.234069539393429,1724.0,514.4,-0.08595015490566711,11.021268634703503,6.500350784549532,158,157.7,9.677338453095066,160.1,4.0
3.236876779431388,1725.0,514.2,-0.08253464256563045,10.106064136652726,6.620171281862194,157,157.8,9.74402792451601,159.9,4.0
3.2396700810463233,1726.0,514.0,-0.07925926894931831,10.055885813767025,6.750428902156521,157,158.0,9.841497417008195,159.7,4.0
3.242490987509364,1727.0,513.8,-0.07464642472553001,10.155263266946973,6.832898339966283,157,158.1,10.02737897538707,159.5,4.0
3.2451688847050426,1728.0,513.6,-0.07146651719756372,9.640429904441945,6.94016504980179,157,158.2,10.225744572579616,159.3,4.0
3.247933755480778,1729.0,513.4,-0.06976531049292833,9.95353479264719,7.050254449534201,156,158.3,10.332869147749832,159.0,4.0
3.2508960494991626,1730.0,513.2,-0.06669203308566136,10.664258466183313,7.120454280214778,157,158.5,10.43205442725377,158.8,4.0
3.2537590482608225,1731.0,513.04,-0.06507264096941776,10.306795541976335,7.246784412343329,157,158.5,10.579517425272892,158.7,4.0
3.2567037984859453,1732.0,512.8399999999999,-0.06490547519775777,10.60110081044218,7.392607347577308,157,158.4,10.679634028965332,158.6,4.0
3.259760513505424,1733.0,512.64,-0.0620269627464183,11.004174070123643,7.479935746845532,156,158.4,10.831719880309077,158.5,4.0
3.2627096759743175,1734.0,512.48,-0.05919782122224674,10.61698488801704,7.585725724266259,157,158.3,10.985750719252485,158.4,4.0
3.2656697246821493,1735.0,512.3199999999999,-0.057844198224355305,10.656175348194814,7.67820634222947,157,158.3,11.127587872731594,158.3,4.0
3.2687097825518183,1736.0,512.1200000000001,-0.056542594503507196,10.944208330808495,7.655283728301749,157,158.2,11.205618438082052,158.1,4.0
3.2716139478538335,1737.0,512.0,-0.056718062511778564,10.454995087253996,7.627285912563638,156,158.1,11.21747287482429,157.9,4.0
3.2745019417784618,1738.0,511.88,-0.057101928509442276,10.396778128662431,7.579202500184192,157,158.0,11.28855797404064,157.7,1.0
3.277449716697564,1739.0,511.71999999999997,-0.05757573349316072,10.611989708766767,7.445141105749021,157,157.9,11.44000046023472,157.5,1.0
3.280216859316456,1740.0,511.56000000000006,-0.05950771632714247,9.961713428012565,7.299988989476594,156,157.7,11.661295295752929,157.3,1.0
3.282940769236953,1741.0,511.4,-0.06302178422999488,9.806075713790644,7.185339008371365,157,157.6,11.825219367947613,157.0,1.0
3.2856993994798565,1742.0,511.2,-0.06512876486460775,9.931068874452174,7.030337284903366,157,157.4,12.026196185085237,156.7,1.0
3.2883201664742003,1743.0,511.0,-0.06840574301978228,9.434761179637546,6.914072920816818,157,157.1,12.204223519797685,156.4,1.0
3.290870741496442,1744.0,510.8,-0.07158314406125564,9.1820700800692,6.824628930667259,157,156.9,12.40772757944615,156.2,1.0
3.293581319332649,1745.0,510.56000000000006,-0.07172510786122108,9.758080210344179,6.726089951084586,157,156.7,12.682863720422002,155.9,1.0
3.296216356474432,1746.0,510.32,-0.0702681359033098,9.486133710419079,6.693704452239146,157,156.5,13.004339772492065,155.7,1.0
3.2988573066348663,1747.0,510.12,-0.07011019509522376,9.50742057756357,6.72390296285116,158,156.4,13.36887880308591,155.5,1.0
3.301578072980617,1748.0,509.91999999999996,-0.06974101044679856,9.794758844701075,6.802542228781886,159,156.4,13.67357865681176,155.3,1.0
3.304310786625959,1749.0,509.76000000000005,-0.06920537516220977,9.837769123232128,6.969603890823834,159,156.4,13.878261308972458,155.1,1.0
3.307098355019498,1750.0,509.64,-0.06990896036828784,10.035246216741065,7.169772500979536,159,156.5,13.965555069740542,154.9,1.0
3.3100075134717204,1751.0,509.48,-0.06762124045060222,10.472970428000082,7.3087761874385135,158,156.7,14.027776398586644,154.7,1.0
3.3130368923048796,1752.0,509.28000000000003,-0.06262553248569222,10.905763799374043,7.421662807254881,159,157.0,14.063338688902324,154.5,1.0
3.316173996961387,1753.0,509.08000000000004,-0.05911863408873479,11.293576763426273,7.540884922629547,158,157.3,14.010478027709974,154.4,1.0
3.3192755875313855,1754.0,508.84,-0.055657883141372835,11.165726051994671,7.596333836594984,158,157.6,13.96466033936847,154.1,1.0
3.322283733631954,1755.0,508.64,-0.055048456753077527,10.829325962046333,7.639507697488081,158,157.9,13.801678607742286,153.9,1.0
3.325194285439026,1756.0,508.52,-0.058477593174943644,10.477986505458448,7.642263510177069,159,158.2,13.596391055253596,153.7,1.0
3.3282448550384025,1757.0,508.4,-0.06549056129694293,10.98205055775482,7.582175389443426,158,158.6,13.3764486577968,153.4,1.0
3.331243723061076,1758.0,508.28000000000003,-0.0734070077570768,10.795924881625462,7.427340492775427,158,158.9,13.154240234261708,153.1,1.0
3.3343988974045953,1759.0,508.12,-0.08608518665003069,11.35862763666958,7.19360395313812,159,159.2,12.90534077601878,152.9,1.0
3.337614329239644,1760.0,507.88,-0.09954797136294043,11.57555460617511,6.966391005197766,158,159.4,12.711635835526767,152.8,1.0
3.3409174797848635,1761.0,507.48,-0.11531929598553292,11.891341962791204,6.778724447479807,158,159.5,12.452079473005783,152.7,1.0
3.344163610188441,1762.0,507.0,-0.13111656944523595,11.686069452878625,6.645928256276187,158,159.7,12.099640411861474,152.6,1.0
3.347333643835899,1763.0,506.36,-0.14540057069592532,11.412121130848647,6.501998990368792,157,159.8,11.704754458854756,152.5,1.0
3.350632693014832,1764.0,505.64,-0.15594055626151904,11.876577044158186,6.412297815348772,157,160.0,11.234385520146148,152.4,1.0
3.3540615126881614,1765.0,504.88,-0.16373125154631793,12.343750823987135,6.354176726495998,157,160.2,10.84995154929903,152.3,1.0
3.357586772371673,1766.0,504.2,-0.1676618689192907,12.690934860640528,6.3661330348429574,157,160.4,10.598846926508545,152.2,1.0
3.3610926866160344,1767.0,503.55999999999995,-0.16648799031149053,12.621291279701643,6.483167461469044,157,160.5,10.433941449452808,152.3,1.0
3.3646498235752014,1768.0,503.03999999999996,-0.16301193086925375,12.805693053001713,6.686847194045358,156,160.6,10.318333992981303,152.3,1.0
3.368299518292922,1769.0,502.56000000000006,-0.15482003085191473,13.138900983794041,6.9632533145744535,156,160.7,10.337563014511476,152.3,1.0
3.3720802391825497,1770.0,502.12,-0.14248253166289343,13.610595202659777,7.23664239147773,156,160.8,10.41034211301822,152.3,1.0
3.376147656786036,1771.0,501.68,-0.12931428291770333,14.64270337254972,7.469142275430036,156,161.0,10.55758275476926,152.3,1.0
3.380286776223141,1772.0,501.23999999999995,-0.11886521222660977,14.900829973579242,7.640035071644169,156,161.0,10.801394928414684,152.3,1.0
3.3844694182889152,1773.0,500.8,-0.11008913013223443,15.057511436787104,7.795626170870986,156,161.1,11.13917184666341,152.2,1.0
3.38861485595042,1774.0,500.43999999999994,-0.10522587685540392,14.923575581416703,7.931281187596812,157,161.2,11.459309152480367,152.2,1.0
3.3926122385464184,1775.0,500.08000000000004,-0.1030655243424368,14.3905773455941,8.006006591138654,157,161.2,11.687812919215537,152.3,1.0
3.39637998089873,1776.0,499.71999999999997,-0.10242817976006997,13.563872468321396,8.05624735493387,158,161.2,11.79768002615852,152.3,1.0
3.400058732167664,1777.0,499.35999999999996,-0.10217281734945582,13.243504568162658,8.002348306160675,159,161.2,11.793371576943697,152.2,1.0
3.4037146532665967,1778.0,499.0,-0.1032916499107072,13.161315956158505,7.879077356661386,159,161.2,11.797032330030776,152.2,1.0
3.4072175128143387,1779.0,498.6,-0.10472053448055552,12.610294371870516,7.70283988261226,159,161.2,11.756630351876598,152.2,1.0
3.4108709623474622,1780.0,498.2,-0.10978650024199639,13.152418319244747,7.491954884676048,159,161.1,11.722973492456322,152.1,1.0
3.4144856529186534,1781.0,497.8,-0.11529951205523195,13.012886056287906,7.253070978524836,159,160.8,11.751943183700796,152.1,1.0
3.4180545291544013,1782.0,497.35999999999996,-0.12268207026495248,12.847954448692336,7.040242376690571,159,160.6,11.777177407169605,152.2,1.0
3.4216262201161287,1783.0,496.91999999999996,-0.13054544138683494,12.858087462219126,6.793434550440028,160,160.4,11.765045130183172,152.2,1.0
3.4251544121567026,1784.0,496.43999999999994,-0.1400344372239622,12.701491346065778,6.507492834846921,160,160.1,11.836311385826107,152.2,1.0
3.428460407368693,1785.0,495.96000000000004,-0.1472106943503206,11.901582763164816,6.22111656773807,160,159.9,11.866470004908248,152.2,1.0
3.43169008044186,1786.0,495.43999999999994,-0.1530105434723522,11.626823063401302,5.936435493660879,160,159.7,11.898429067620103,152.4,1.0
3.4346478418149022,1787.0,494.91999999999996,-0.15578215448680735,10.64794094295281,5.769837755221255,160,159.5,12.010626970114298,152.6,1.0
3.4373247655217676,1788.0,494.35999999999996,-0.15162056948967068,9.636925344715397,5.809460884653008,161,159.3,12.071040721510531,152.8,1.0
3.4397307196444906,1789.0,493.84,-0.1388998026215033,8.661434841803313,6.072443773976573,160,159.0,12.12734073653837,153.0,1.0
3.4420775887923125,1790.0,493.36,-0.11795258075949613,8.448728932158692,6.555632144169986,161,158.8,12.200073006450804,153.3,1.0
3.444624407222262,1791.0,492.96000000000004,-0.09284746730939604,9.168546347816726,7.301310549975248,161,158.7,12.19234993981924,153.5,1.0
3.447495770616925,1792.0,492.71999999999997,-0.06110489658744948,10.33690822078748,8.22400559103497,161,158.6,12.157657806475722,153.7,1.0
3.450609390809053,1793.0,492.71999999999997,-0.030298784998603372,11.209032691661777,9.230958637808738,161,158.5,12.222495323835536,154.0,1.0
3.453816451026095,1794.0,492.91999999999996,-0.0015132162980431422,11.54541678135072,10.277401563578064,161,158.4,12.193707329229609,154.3,1.0
3.45717586018678,1795.0,493.24000000000007,0.0213123294627231,12.093872978466537,11.281010060233523,161,158.3,12.208965812533776,154.6,1.0
3.4606076974224655,1796.0,493.71999999999997,0.03805921903981427,12.354614048468765,12.094301719816809,161,158.1,12.266862187420434,154.8,1.0
3.4639744605781497,1797.0,494.16,0.045864797340357935,12.12034736046319,12.6692257198964,162,157.9,12.24639771155108,155.0,1.0
3.467328640322919,1798.0,494.48,0.045565735344239,12.07504708116964,12.933314420371119,161,157.7,12.202522520346704,155.2,1.0
3.4706728636629998,1799.0,494.64,0.03576310115861826,12.039204024290587,12.873534508300551,161,157.5,12.17797329907029,155.4,1.0
3.4739090031047577,1800.0,494.64000000000004,0.01809296091832463,11.650101990328265,12.588850105980274,162,157.3,12.062951165825352,155.5,1.0
3.4770905542200823,1801.0,494.43999999999994,-0.0008166739481467996,11.453584015168396,12.074264059252885,161,157.0,11.984753554495692,155.6,1.0
3.4802671040229205,1802.0,494.16,-0.02319568841312909,11.435579290217323,11.41631601993485,161,156.7,11.988660398740796,155.6,1.0
3.483368756300563,1803.0,493.84,-0.041602279763064354,11.165948199513528,10.776891904223167,161,156.4,11.883884426549354,155.6,1.0
3.48658598527618,1804.0,493.48,-0.054997642829486396,11.58202431222153,10.169464522403803,161,156.2,11.868433579615084,155.6,1.0
3.4898331667197704,1805.0,493.2,-0.06108068055389774,11.689853196924773,9.641643078316473,161,155.9,11.916661714991704,155.5,1.0
3.4931715126792886,1806.0,492.9599999999999,-0.06346655602764159,12.018045454266003,9.353667686406105,160,155.7,11.875285628870014,155.2,1.0
3.4966187471995407,1807.0,492.8,-0.05852975188909169,12.410044272907921,9.186540961540201,159,155.5,11.874443782078163,154.8,1.0
3.500043022009501,1808.0,492.68,-0.05229189244050714,12.327389315857696,9.165435344389902,159,155.3,11.954933836892147,154.4,1.0
3.503353544580175,1809.0,492.64000000000004,-0.04603246364295466,11.917881254426302,9.300432865553663,159,155.1,11.952224571516354,154.0,1.0
3.506787645843163,1810.0,492.56000000000006,-0.03976588377958327,12.362764546757598,9.44501196745441,159,154.9,12.00052141443202,153.6,1.0
3.5100529709003823,1811.0,492.52,-0.03473259731790176,11.755170205989803,9.58897417725819,159,154.7,12.086663965133775,153.2,1.0
3.51331829587742,1812.0,492.43999999999994,-0.03215677387415948,11.755169917335891,9.73398631489195,159,154.5,12.059687701634232,152.8,1.0
3.516731608995324,1813.0,492.32,-0.03320006624497669,12.287927224455474,9.766019477531316,159,154.4,12.094593308887418,152.4,1.0
3.5201166539470417,1814.0,492.16,-0.035438806509958024,12.186161826183854,9.730236477281768,159,154.1,12.135985460278588,152.0,1.0
3.5235202243212647,1815.0,492.03999999999996,-0.04011914817380878,12.252853347203164,9.726593184678407,158,153.9,12.095844264958098,151.5,1.0
3.5270606043638733,1816.0,491.88,-0.04481377592027862,12.745368153390332,9.613340714307935,158,153.7,12.126024476949851,151.2,1.0
3.53048638592126,1817.0,491.68,-0.05072115288250496,12.332813606592275,9.504800525822166,158,153.4,12.122601886090823,151.0,1.0
3.5338142936941552,1818.0,491.48,-0.05432919994532359,11.98046798242253,9.412939356017128,158,153.1,12.091885998294869,150.9,1.0
3.5373049204797176,1819.0,491.28000000000003,-0.05679362747791793,12.566256428024419,9.274406746801192,158,152.9,12.088456087625946,150.8,1.0
3.5406590550910226,1820.0,491.03999999999996,-0.05806154797541056,12.074884600698331,9.147686264036999,158,152.8,12.082303030591614,150.7,1.0
3.543966764824087,1821.0,490.8,-0.059373981545587054,11.907755039031484,9.076639713040809,158,152.7,12.026273282870784,150.7,1.0
3.547392913064699,1822.0,490.6,-0.059503443550634416,12.334133666202488,8.976533424904309,157,152.6,12.076781394730052,150.6,1.0
3.5507493804162995,1823.0,490.4,-0.05723131448336166,12.083282465761915,8.952116073547346,157,152.5,12.03338392994396,150.5,1.0
3.554012549836894,1824.0,490.2,-0.05378704764515324,11.747409914140098,9.014652835954319,157,152.4,11.957671568470762,150.4,1.0
3.5573479279297935,1825.0,490.0400000000001,-0.05033314449913967,12.007361134439021,9.005956874068202,156,152.3,11.90421104700388,150.4,1.0
3.5605688020467214,1826.0,489.88,-0.04686621209323781,11.595146820940949,9.071428585852203,156,152.2,11.795937196200171,150.5,1.0
3.5637773680170812,1827.0,489.76000000000005,-0.04338582541197154,11.550837493295683,9.186571334622132,155,152.3,11.678227126857015,150.6,1.0
3.5671161281351016,1828.0,489.68,-0.0422169281811356,12.01953642487358,9.234757343124304,155,152.3,11.528304755839534,150.6,1.0
3.5703157105534653,1829.0,489.6,-0.042166273977486506,11.518496706109998,9.297129583624889,155,152.3,11.384173304733393,150.5,1.0
3.5736269261455087,1830.0,489.48,-0.04213090267107551,11.920376131355603,9.400001436348369,156,152.3,11.244540365750732,150.5,1.0
3.577068602921286,1831.0,489.36,-0.043237075881400334,12.390036392797704,9.416517499974661,155,152.3,11.110640343552252,150.5,1.0
3.5803798175893373,1832.0,489.2,-0.043130081236837536,11.920372804985567,9.455799678594486,155,152.3,10.97705438308973,150.5,1.0
3.583733946477627,1833.0,489.0,-0.04426687097715039,12.07486399784344,9.501756426898261,155,152.2,10.9391603507958,150.6,1.0
3.587220699383816,1834.0,488.8,-0.04540425173719746,12.552310462279955,9.459480534691394,155,152.2,10.891501083189087,150.7,1.0
3.590548551739561,1835.0,488.6,-0.04654246639038087,11.980268480681055,9.465802913507552,154,152.3,10.883310747290489,150.9,1.0
3.5939035837534767,1836.0,488.43999999999994,-0.04650153924853788,12.078115250097634,9.47630420518047,154,152.3,10.925766159935696,151.0,1.0
3.597351434586897,1837.0,488.28000000000003,-0.04765202580204709,12.412263000313214,9.428258240749434,153,152.2,11.032001253612666,151.2,1.0
3.600615260639641,1838.0,488.15999999999997,-0.04642771164074899,11.749773789878146,9.428527521254,153,152.2,11.222697932499113,151.5,1.0
3.6039118030781525,1839.0,488.03999999999996,-0.046457624981357956,11.867552778641864,9.396116614033629,154,152.2,11.450230845511856,151.9,1.0
3.6073379968685044,1840.0,487.91999999999996,-0.046449174506145594,12.334297645267315,9.335272983934702,153,152.1,11.6952653153792,152.3,1.0
3.610668170323947,1841.0,487.76000000000005,-0.046479455590754906,11.988624439592787,9.295883163219505,153,152.1,11.94035512193038,152.7,1.0
3.6140632189141977,1842.0,487.64,-0.04775447941425476,12.222174924903122,9.247276200381485,153,152.2,12.09537896261231,153.2,1.0
3.6174078406056567,1843.0,487.43999999999994,-0.05025044918199741,12.040638089253168,9.170890584636533,152,152.2,12.233663116396716,153.5,1.0
3.6208092716013014,1844.0,487.23999999999995,-0.052791660082790216,12.245151584320347,9.168443486725733,152,152.2,12.319465436319218,153.9,1.0
3.6241275964274102,1845.0,487.0400000000001,-0.05416032417050755,11.945969373991879,9.105378656592128,152,152.2,12.362584323449802,154.2,1.0
3.627465536616231,1846.0,486.84,-0.055584078599920206,12.016584679754295,9.020073495573087,153,152.4,12.430918190988493,154.6,1.0
3.6307577492615377,1847.0,486.6,-0.054613944077000556,11.851965523104905,8.955782786195428,152,152.6,12.465597729291853,155.0,1.0
3.634161875625002,1848.0,486.4,-0.05488033125498985,12.254854908470836,8.853326502110662,152,152.8,12.382469328452206,155.4,1.0
3.637337869550219,1849.0,486.23999999999995,-0.05278160393532969,11.433578130780946,8.7590901388363,153,153.0,12.362659575801974,155.8,1.0
3.640553751225368,1850.0,486.08000000000004,-0.05206705989438789,11.577174030535337,8.650728034833516,152,153.3,12.237906671585488,156.1,1.0
3.6437354232322914,1851.0,485.96000000000004,-0.05134919194626088,11.454019224923972,8.5518602750556,152,153.5,12.113486004369353,156.4,1.0
3.646829711125865,1852.0,485.84000000000003,-0.05193861184352379,11.139436416866044,8.467999951065554,152,153.7,12.050212675623383,156.7,1.0
3.6498473604024824,1853.0,485.7200000000001,-0.051296309947678476,10.863537395821604,8.389137888520468,153,154.0,11.964874058759335,157.1,1.0
3.6528323403675227,1854.0,485.56000000000006,-0.05178244033295919,10.74592787414553,8.324258937654054,152,154.3,11.900466887911898,157.4,1.0
3.65575030005167,1855.0,485.4,-0.05207135900198112,10.504654862930467,8.339498190799649,152,154.6,11.946932079632267,157.8,4.0
3.658700370965539,1856.0,485.2,-0.05092430267690366,10.620255289927696,8.369441440498992,153,154.8,11.942811722423196,158.1,4.0
3.661620639104739,1857.0,485.0,-0.04964479386011826,10.512965301120065,8.454233017791957,152,155.0,11.936354871207588,158.3,4.0
3.6646536933558074,1858.0,484.8,-0.04703419689272238,10.91899530384564,8.616951019462332,152,155.2,12.013922675108812,158.4,4.0
3.6677244260802078,1859.0,484.64,-0.04314603215476008,11.054637807841658,8.867101479933185,152,155.4,11.99890686121322,158.5,4.0
3.6708079209008933,1860.0,484.52,-0.037898722813855076,11.100581354468188,9.23529982711603,152,155.5,11.99969554521787,158.6,4.0
3.673966841974765,1861.0,484.43999999999994,-0.032633236418837634,11.372115865937989,9.669159679522128,153,155.6,12.02208466346086,158.7,4.0
3.6771790615701314,1862.0,484.4,-0.0260225773875378,11.563990543318122,10.135759774837942,152,155.6,11.978985690934696,158.8,4.0
3.6804918083291844,1863.0,484.4,-0.01940694344380234,11.925888332591315,10.595952654408975,152,155.6,11.961324121308364,159.0,4.0
3.684006501291132,1864.0,484.4,-0.012817016573134287,12.652894663009976,10.95014599812608,152,155.6,11.949422422648318,159.2,4.0
3.687556496844759,1865.0,484.4,-0.007595842402115531,12.779983993057902,11.234657904587692,152,155.5,11.837411912098586,159.3,4.0
3.691187219063815,1866.0,484.4,-0.00490943506254372,13.070599988601137,11.403046039486325,152,155.2,11.697580651650146,159.5,4.0
3.6947882922212125,1867.0,484.4,-0.004723797744000098,12.963863366631871,11.461246972410086,152,154.8,11.55593150975061,159.8,4.0
3.698251968251953,1868.0,484.4,-0.00702254573194838,12.469233710664932,11.452411083550412,153,154.4,11.314705809750311,160.1,4.0
3.7017068236257544,1869.0,484.4,-0.012966334330375367,12.43747934568574,11.326002094405247,152,154.0,11.097231608150194,160.4,4.0
3.7050286582240024,1870.0,484.35999999999996,-0.020136332265333314,11.9586045536932,11.023521287580905,152,153.6,10.909451191303608,160.7,4.0
3.708307353984348,1871.0,484.28000000000003,-0.028560992609017937,11.803304737243819,10.696743239318646,153,153.2,10.721444271896043,161.1,4.0
3.711709389878433,1872.0,484.15999999999997,-0.03824128507863469,12.247329218705033,10.253787722372179,154,152.8,10.627450324990033,161.5,4.0
3.715118468688329,1873.0,483.96000000000004,-0.047883927995839876,12.27268371562491,9.812398215695259,154,152.4,10.591670735307952,161.9,4.0
3.7184022494257216,1874.0,483.71999999999997,-0.05511840527038007,11.821610654613515,9.452459022409094,154,152.0,10.55613291833727,162.3,4.0
3.7218972178886536,1875.0,483.43999999999994,-0.06235679596270394,12.581886466555575,9.136187710655907,154,151.5,10.648955196681356,162.8,4.0
3.725181404262664,1876.0,483.12,-0.06598829890930377,11.82307094643627,8.919188305141304,155,151.2,10.784778706214356,163.2,4.0
3.7284368644555723,1877.0,482.8,-0.06605892174279746,11.719656694470538,8.86568120437504,154,151.0,10.898094200632316,163.5,4.0
3.731724781239796,1878.0,482.56000000000006,-0.06372893670851344,11.836500423205251,8.854403399355228,155,150.9,11.06484491982565,163.8,4.0
3.7349425849000863,1879.0,482.32,-0.05898294370070921,11.584093177045245,8.910549638163952,155,150.8,11.24321454377037,164.2,4.0
3.738085510690425,1880.0,482.16,-0.05181294576575126,11.314532845218828,9.05318716145712,155,150.7,11.379349125176272,164.6,4.0
3.7414932764277715,1881.0,482.0799999999999,-0.04579604560880962,12.267956654447525,9.126111446470723,156,150.7,11.563277608105995,164.9,4.0
3.7448838668851643,1882.0,482.03999999999996,-0.03973099063536691,12.206125646614304,9.183697759181733,156,150.6,11.700371244777967,165.2,4.0
3.748275009997239,1883.0,482.0,-0.036170758344289164,12.20811520346884,9.20368960201168,156,150.5,11.785996412756884,165.4,4.0
3.7517742568565797,1884.0,482.0,-0.03878447134349986,12.597288693625746,9.115878753862168,156,150.4,11.91957740565982,165.7,4.0
3.7552275147253575,1885.0,481.91999999999996,-0.04525332700049588,12.43172832759965,8.987969161089392,156,150.4,11.932743008820058,165.9,4.0
3.7585138918882692,1886.0,481.8,-0.05318568980230369,11.83095778648277,8.802033608942933,156,150.5,11.863633152800658,166.1,4.0
3.7618315440762973,1887.0,481.6,-0.06505930138483243,11.943547876900455,8.488409140004025,155,150.6,11.854254077789914,166.3,2.0
3.764999741492393,1888.0,481.28000000000003,-0.07837879141879237,11.405510697943608,8.11147614969526,155,150.6,11.8316518308469,166.5,2.0
3.7681684852370543,1889.0,480.84,-0.0892689194990265,11.407477480781905,7.704329160693634,155,150.5,11.839091682531272,166.6,2.0
3.771278350753337,1890.0,480.44000000000005,-0.10010877256605137,11.195515858618375,7.239666952587017,155,150.5,12.00773811626823,166.7,2.0
3.774374976183601,1891.0,480.0,-0.10857748341762637,11.147851548950223,6.827628348313709,155,150.5,12.187921043308997,166.8,2.0
3.7773771464730816,1892.0,479.56000000000006,-0.11587533321309888,10.80781304212988,6.481358895147165,153,150.5,12.416075062548009,166.9,2.0
3.7803748197465463,1893.0,479.2,-0.12061088527648474,10.791623784473492,6.188850448992197,152,150.6,12.680093404618784,167.0,2.0
3.783203995216997,1894.0,478.88,-0.12411484657882663,10.185031693622753,6.014003124015446,152,150.7,12.972428894373968,167.0,2.0
3.78605315808133,1895.0,478.56000000000006,-0.12362091967315925,10.256986311598476,5.919032774150494,152,150.9,13.237515665921292,166.9,2.0
3.7888179229752237,1896.0,478.23999999999995,-0.1252097290733548,9.9531536180169,5.872072505693027,152,151.0,13.575851646542835,166.8,2.0
3.791613333720453,1897.0,477.91999999999996,-0.12374362384380452,10.063478682824837,5.94191064369762,151,151.2,13.82412845428612,166.7,4.0
3.794520436839587,1898.0,477.52,-0.12061315545913989,10.465571228883462,6.076428498682093,151,151.5,14.09327511494529,166.6,4.0
3.7975897928351317,1899.0,477.12000000000006,-0.11599716171405206,11.049681583961119,6.235335967756405,151,151.9,14.249531985216452,166.6,4.0
3.800600942193163,1900.0,476.68,-0.11008022936424092,10.840137688911563,6.465207272135302,151,152.3,14.30350708221132,166.5,4.0
3.8039554072854935,1901.0,476.28000000000003,-0.10286912512963611,12.07607433239107,6.741604740402448,150,152.7,14.29709389301298,166.4,4.0
3.8073348651014545,1902.0,475.91999999999996,-0.0955803274021069,12.166048137459887,7.036617442980772,150,153.2,14.202735625222315,166.3,4.0
3.8106473036371913,1903.0,475.68,-0.08717589192747509,11.924778728653088,7.416151719868848,150,153.5,14.076831332204636,166.3,4.0
3.813939675549846,1904.0,475.52,-0.07746512064724748,11.852538885556104,7.795792331370237,151,153.9,13.862828628394896,166.2,4.0
3.8172843095918028,1905.0,475.4,-0.06789606255622967,12.040682551045679,8.140764345673608,151,154.2,13.694279751849871,166.2,4.0
3.820427226100713,1906.0,475.2799999999999,-0.05601460167691288,11.314499432075918,8.470952098126835,151,154.6,13.50190106180008,166.3,4.0
3.8237335492985247,1907.0,475.2,-0.04563949572949758,11.902763512122089,8.652580156529385,151,155.0,13.367139509106496,166.4,4.0
3.827021468075081,1908.0,475.08000000000004,-0.03904735038210805,11.836507595603178,8.68949084627875,150,155.4,13.164406352942851,166.5,4.0
3.8303286717594562,1909.0,474.96000000000004,-0.038664406321359444,11.905933263750262,8.673939548931859,150,155.8,12.974182845301453,166.4,4.0
3.8337108794311066,1910.0,474.88,-0.04533935363205056,12.175947617940935,8.567817230849414,150,156.1,12.8067079531369,166.5,2.0
3.837101915643327,1911.0,474.8,-0.05757292333984505,12.207730363993438,8.402256794164572,150,156.4,12.574884842537154,166.6,2.0
3.840289401637012,1912.0,474.64,-0.07281942520524395,11.4749495772659,8.257642010627428,151,156.7,12.424845481736114,166.6,2.0
3.843575787186608,1913.0,474.4,-0.08998661136147604,11.83098797854565,8.035818209181077,151,157.1,12.226381266923712,166.6,2.0
3.846805375079976,1914.0,474.0,-0.10543795590884202,11.626516416125956,7.795229997504623,151,157.4,12.084687780003293,166.7,2.0
3.8501706753766123,1915.0,473.43999999999994,-0.11950186334308835,12.115081067889397,7.562834199301413,150,157.8,11.903040094872557,166.8,2.0
3.8537820542014583,1916.0,472.76000000000005,-0.13239417340774448,13.000963769445496,7.372839802028443,151,158.1,11.728140509956535,166.8,2.0
3.857588885529939,1917.0,472.03999999999996,-0.1441093874348554,13.704592782529732,7.235349063795451,151,158.3,11.541023384933808,166.8,2.0
3.861510565471048,1918.0,471.32000000000005,-0.15240018001274902,14.118047787993298,7.2322058489594685,150,158.4,11.436437826638834,166.7,2.0
3.865551153438953,1919.0,470.64,-0.15739756647577585,14.546116684458037,7.265686379080914,151,158.5,11.391820495318049,166.7,2.0
3.869745404137701,1920.0,470.03999999999996,-0.15593859026419876,15.099302515492784,7.390027886131071,151,158.6,11.318121544457629,166.6,2.0
3.8738727924931085,1921.0,469.48,-0.15026922861948316,14.858598079466702,7.517135699454796,152,158.7,11.365437789594424,166.5,2.0
3.8780001006551865,1922.0,468.96000000000004,-0.13970842955069013,14.858309383481302,7.645740888264784,152,158.8,11.37466627097671,166.5,2.0
3.8819761440040694,1923.0,468.48,-0.12748845378875048,14.313756055978489,7.788238554568354,153,159.0,11.50402870120442,166.4,2.0
3.88595336151038,1924.0,468.0799999999999,-0.11586134430876598,14.317983022717682,7.907955591766961,154,159.2,11.657363856679922,166.2,2.0
3.8897527086688806,1925.0,467.67999999999995,-0.10569405589732654,13.677649770601008,8.026082761808604,154,159.3,11.906071776489174,166.0,4.0
3.8935140183187125,1926.0,467.36,-0.09693074913495398,13.540714739394172,8.088068548585907,155,159.5,12.184516644006242,165.8,4.0
3.897303035232753,1927.0,467.08000000000004,-0.09055219148426913,13.640460890546345,8.153500550397933,155,159.8,12.529004621638489,165.6,4.0
3.900962608874444,1928.0,466.8,-0.08645977809911495,13.174465110086652,8.16094578504197,155,160.1,12.853154101477434,165.4,4.0
3.9046534626950775,1929.0,466.52,-0.08467966317404646,13.287073754281238,8.13834976647453,154,160.4,13.192895378648776,165.1,4.0
3.9082532614387984,1930.0,466.28000000000003,-0.08613045271123616,12.959275477395378,8.016966773809639,155,160.7,13.51410179959374,164.6,4.0
3.9119124584704696,1931.0,466.0,-0.09003425028126529,13.17310931401644,7.844419758152261,155,161.1,13.798503908640823,164.0,4.0
3.9155053813824097,1932.0,465.68,-0.09721493533049183,12.934522482983413,7.63244753451441,156,161.5,14.001862034268369,163.4,4.0
3.9191070870849214,1933.0,465.32,-0.1080008223044808,12.966140529042624,7.350745818678123,157,161.9,14.131453160332873,162.7,4.0
3.922521156935222,1934.0,464.91999999999996,-0.11895244877225045,12.290651461081259,7.094206830444421,158,162.3,14.173832854772735,162.1,4.0
3.925792105461385,1935.0,464.43999999999994,-0.13262285892409229,11.77541469418698,6.803240857724978,158,162.8,14.148862606156928,161.5,4.0
3.929088207077426,1936.0,463.91999999999996,-0.14746497345989457,11.865965817748673,6.550587061250333,158,163.2,14.06677094081778,160.8,4.0
3.9322332709064676,1937.0,463.32,-0.15992073581893795,11.322229784548878,6.290642127877851,158,163.5,14.01139699570488,160.1,4.0
3.9354760685459333,1938.0,462.71999999999997,-0.17000988885950657,11.674071502076245,6.063903300845345,158,163.8,13.925971042626662,159.5,4.0
3.938615632880977,1939.0,462.03999999999996,-0.17617462038503023,11.302431606157224,5.869619281945295,158,164.2,13.838084083961016,159.0,4.0
3.9418218386054744,1940.0,461.36,-0.17724465111180818,11.542340608191193,5.755704776527663,158,164.6,13.716369953653096,158.7,4.0
3.9449764587340046,1941.0,460.71999999999997,-0.17437689730008793,11.356632462709054,5.710364317007112,159,164.9,13.567173594564732,158.5,4.0
3.9480835494656223,1942.0,460.12,-0.17000365618134056,11.185526633823255,5.679779592451938,159,165.2,13.378020215405243,158.2,4.0
3.9511654853764044,1943.0,459.6,-0.16153276698451075,11.094969278815315,5.727827835288967,159,165.4,13.2271219630166,158.0,4.0
3.9542890397869965,1944.0,459.2,-0.15493380274358892,11.244795878131521,5.762479914090897,159,165.7,13.06921431095552,157.8,4.0
3.957436051281713,1945.0,458.84000000000003,-0.14751450968285357,11.329241380979116,5.855365377736502,159,165.9,12.9515420677693,157.6,1.0
3.960527433589809,1946.0,458.48,-0.14179410915700083,11.128976309144475,5.950210463746625,159,166.1,12.830491500231972,157.6,1.0
3.963803931433119,1947.0,458.16,-0.13903301642259963,11.79539223591683,6.082551947415583,159,166.3,12.727346420249557,157.5,1.0
3.967072363743091,1948.0,457.76000000000005,-0.1391285424764597,11.766356315899131,6.2221073921498595,159,166.5,12.67075834125095,157.4,1.0
3.9705712681621006,1949.0,457.28000000000003,-0.14248579013153817,12.596055908434291,6.386238077531197,160,166.6,12.611665770233746,157.4,1.0
3.97420340487403,1950.0,456.71999999999997,-0.15039477093617115,13.075692162946233,6.534726004502285,160,166.7,12.660276157024098,157.3,1.0
3.978048880335364,1951.0,456.08000000000004,-0.159509221984897,13.843711660801565,6.683740146127809,160,166.8,12.743640960646816,157.2,1.0
3.9819294290323066,1952.0,455.36,-0.1676949623857979,13.96997530899396,6.8169211008831185,161,166.9,12.915998486343028,157.2,1.0
3.985968275992067,1953.0,454.6,-0.1773564703960442,14.539849055137758,6.925924714179024,162,167.0,13.002345158243092,157.2,1.0
3.989992245624434,1954.0,453.8,-0.18396459649806257,14.486290676520985,6.99434419755413,162,167.0,13.180214224267218,157.2,1.0
3.9940829828890707,1955.0,453.0,-0.18764409028074566,14.726654152692491,7.029148265613041,162,166.9,13.248633453965745,157.2,1.0
3.998066605255347,1956.0,452.23999999999995,-0.1885038515123894,14.341040518594156,7.031450761781143,162,166.8,13.383525048418358,157.1,1.0
4.002133108957121,1957.0,451.4799999999999,-0.18768961017443617,14.639413326387688,7.010833174584844,163,166.7,13.45721553721649,157.1,1.0
4.005966424949392,1958.0,450.75999999999993,-0.18425725188418163,13.799937572174564,6.9687283310219685,163,166.6,13.570888249089506,157.1,1.0
4.00982530471858,1959.0,450.08000000000004,-0.18034979633096365,13.891967169079303,6.944418766080479,164,166.6,13.664794870227473,157.0,1.0
4.013575162803954,1960.0,449.43999999999994,-0.1759269902455841,13.499489107344907,6.9056095144386775,164,166.5,13.699932955014273,157.0,1.0
4.017351276463577,1961.0,448.8,-0.17187700360901587,13.594009174643473,6.864564906869044,165,166.4,13.69418320487244,157.0,1.0
4.0210037927568,1962.0,448.2,-0.17020304276096201,13.149058655602458,6.8061343515220525,165,166.3,13.664248809996318,157.0,1.0
4.024888823202358,1963.0,447.6,-0.1686551868206748,13.986109604008766,6.734660852276525,165,166.3,13.638104970713764,157.0,1.0
4.028675498520618,1964.0,447.0,-0.16818600635698394,13.632031145738829,6.644285412676453,165,166.2,13.53008763009694,157.0,1.0
4.032522105344517,1965.0,446.4,-0.16881726743273093,13.84778456603602,6.573795380057764,166,166.2,13.432807112287083,157.0,1.0
4.036167632904383,1966.0,445.76000000000005,-0.16931976508067545,13.123899215514923,6.5007441398500845,166,166.3,13.262108850816285,157.1,1.0
4.039819702275357,1967.0,445.12,-0.16865526139046025,13.147449735504066,6.4479557189974965,166,166.4,13.008242326839005,157.1,1.0
4.0431275922144065,1968.0,444.4799999999999,-0.1676940619621174,11.90840378057968,6.395263108635397,166,166.5,12.530858157003284,157.2,1.0
4.046567310171405,1969.0,443.84,-0.1664629603238606,12.382984645192872,6.353803436968358,166,166.4,11.99618048127481,157.3,1.0
4.049878535889942,1970.0,443.24000000000007,-0.16369583012471706,11.920412586734107,6.339742056604618,167,166.5,11.434822923523932,157.4,1.0
4.053327782207381,1971.0,442.68,-0.16176314984224646,12.417286742781265,6.328967596231259,167,166.6,10.85582125237202,157.4,1.0
4.056644046924111,1972.0,442.16,-0.15833704153611125,11.938552980229186,6.378821827317389,167,166.6,10.379398468520616,157.5,1.0
4.0602425632586066,1973.0,441.64,-0.1557643177984183,12.954658804184588,6.455705475097891,167,166.6,9.962198356587924,157.6,1.0
4.063872049468538,1974.0,441.16,-0.15179444090235572,13.066150355752796,6.590028206993971,167,166.7,9.615498353612358,157.6,1.0
4.067554510261833,1975.0,440.64000000000004,-0.14867249938793844,13.256858855863975,6.703354195026056,167,166.8,9.321067358840692,157.6,1.0
4.071335066673893,1976.0,440.12,-0.14435851301585684,13.610003083418444,6.9013733204475525,167,166.8,9.057849475350537,157.5,1.0
4.075218704943818,1977.0,439.56000000000006,-0.13891134165150984,13.981097771731237,7.090045122098741,167,166.8,8.839771333228283,157.5,1.0
4.07900536578758,1978.0,439.03999999999996,-0.1314826345754348,13.6319790375418,7.377298504947565,167,166.7,8.750684333843804,157.4,1.0
4.082684935610967,1979.0,438.48,-0.12099912061417475,13.246451364193515,7.711049047363948,167,166.7,8.659865378736928,157.4,1.0
4.08649024206846,1980.0,438.0,-0.107620364013768,13.699103246975369,8.124746265213204,167,166.6,8.614071165505903,157.3,1.0
4.090129541801728,1981.0,437.6,-0.09216709609069533,13.10147903976651,8.559943165516778,166,166.5,8.600081847422256,157.4,1.0
4.093820505391938,1982.0,437.32,-0.07583539923485602,13.287468924755341,8.952904054575935,166,166.5,8.464110485690854,157.4,1.0
4.097623717528651,1983.0,437.15999999999997,-0.06061873551625681,13.691563692165904,9.27853331836614,166,166.4,8.283678496053376,157.4,1.0
4.101568961271563,1984.0,437.16,-0.05097458985039351,14.20287747448296,9.510090237822695,166,166.2,8.058990548729726,157.6,1.0
4.105512273790242,1985.0,437.2,-0.04484970262316823,14.195925067243635,9.659519479409473,167,166.0,7.767612157838094,157.8,4.0
4.109390435993377,1986.0,437.28000000000003,-0.044757358367772546,13.961383931286454,9.660494172713609,166,165.8,7.455058783610293,158.0,4.0
4.113258102735131,1987.0,437.28000000000003,-0.051024678734751874,13.923600270312928,9.567961289021323,166,165.6,7.139838070253212,158.2,4.0
4.116961612482014,1988.0,437.12,-0.061297334586916816,13.332635088780554,9.328989765881913,166,165.4,6.863272515513532,158.4,4.0
4.120568560529617,1989.0,436.8,-0.07300889624302025,12.985012971367986,8.943594165391406,167,165.1,6.6776580747626015,158.4,4.0
4.12407381881873,1990.0,436.35999999999996,-0.08826989624031703,12.618929840807139,8.365003791050734,166,164.6,6.526501918631358,158.5,4.0
4.1274428948914155,1991.0,435.8,-0.10233493823494758,12.128673861667913,7.719355973100828,166,164.0,6.331208024620904,158.5,4.0
4.130659696644207,1992.0,435.23999999999995,-0.11644418583635514,11.580486310047384,7.068514453104839,167,163.4,6.282023525677513,158.5,4.0
4.133757723992094,1993.0,434.76000000000005,-0.12725839799891236,11.152898452393078,6.459027601629162,167,162.7,6.242227123857092,158.5,4.0
4.136376900596574,1994.0,434.32,-0.13404366665334072,9.429035776125758,5.990163361651385,167,162.1,6.145180477170922,158.5,4.0
4.13883499734934,1995.0,433.96000000000004,-0.13496175155314655,8.8491483099589,5.636804750952548,166,161.5,6.130165357861686,158.5,4.0
4.141153833003167,1996.0,433.64,-0.13219447079320554,8.347808353777674,5.4138498670151325,167,160.8,6.249541682344603,158.5,4.0
4.143413161769499,1997.0,433.36,-0.12204049536909109,8.133583558793807,5.2957826231592735,167,160.1,6.354797323390686,158.5,4.0
4.145793274894573,1998.0,433.08000000000004,-0.1110968729813113,8.568407250266523,5.256013248133754,166,159.5,6.58772528619344,158.5,4.0
4.148241333742362,1999.0,432.84000000000003,-0.1002023539017332,8.813011852041075,5.292546882715727,167,159.0,6.865112203866391,158.6,4.0
4.150783536467654,2000.0,432.6,-0.0900452570343692,9.151929811051465,5.431191613844741,167,158.7,7.118439783281758,158.6,4.0
4.153334748665974,2001.0,432.43999999999994,-0.08051279650184077,9.184363913951263,5.595513100385508,167,158.5,7.462342732376561,158.6,4.0
4.155820389631292,2002.0,432.28000000000003,-0.07210578678214204,8.94830747514583,5.820754949061223,167,158.2,7.704850482099326,158.6,4.0
4.158312644362173,2003.0,432.15999999999997,-0.06314542619036345,8.97211703117054,6.085555294074093,167,158.0,7.842393079207127,158.5,4.0
4.160684357079473,2004.0,432.03999999999996,-0.05394853117595483,8.538165782280952,6.277645599997632,166,157.8,8.054052212383121,158.3,4.0
4.162890178956943,2005.0,431.96000000000004,-0.042157670229452715,7.940958758890152,6.449538715952983,166,157.6,8.239326914982762,158.0,4.0
4.165081808462905,2006.0,431.88,-0.030186032249854184,7.8898662214674165,6.6028052209985955,166,157.6,8.284812638711752,157.6,1.0
4.167302278012338,2007.0,431.84,-0.02137821399966763,7.993690377957337,6.690391532130446,166,157.5,8.429401430113007,157.2,1.0
4.16930469291038,2008.0,431.8,-0.010278702920308112,7.208693632952502,6.798958253951275,166,157.4,8.566910001385136,156.8,1.0
4.171251551786954,2009.0,431.84,-0.0007065999961976433,7.008691955666299,6.911646252285244,166,157.4,8.65259720293298,156.4,1.0
4.173169621325235,2010.0,431.88,0.008981813185673971,6.905050337814965,7.066795695596599,165,157.3,8.791451735053508,156.1,1.0
4.174911449104412,2011.0,431.91999999999996,0.017072267401635154,6.2705800050349465,7.209480104152874,165,157.2,8.864041729452888,155.8,1.0
4.176528886252431,2012.0,432.0,0.027675815276026326,5.822773732867813,7.370294393929872,165,157.2,8.923998110054452,155.6,1.0
4.178145527890653,2013.0,432.08000000000004,0.034227745661765306,5.819909897599729,7.461686045109692,165,157.2,9.070970611312063,155.6,1.0
4.179749002955898,2014.0,432.16,0.04307182686812081,5.77251023488416,7.680294570113352,164,157.2,9.137365087150869,155.8,1.0
4.1814392291646145,2015.0,432.23999999999995,0.045586983615182416,6.084814351380853,7.865142963806403,163,157.2,9.201685255677944,156.2,1.0
4.183210980459102,2016.0,432.36,0.05004650964394662,6.3783046601549795,8.01976675273794,161,157.1,9.31802315916725,156.8,1.0
4.184888966969617,2017.0,432.43999999999994,0.0541827516606487,6.040751437852784,8.135133240654454,160,157.1,9.36219793037518,157.5,1.0
4.186754758259483,2018.0,432.56000000000006,0.055838719870359085,6.7168486435186,8.31367286409959,160,157.1,9.289981626236948,158.2,4.0
4.188591071575445,2019.0,432.64,0.05514920277006128,6.61072793746209,8.42654963512295,159,157.0,9.260615381271569,159.0,4.0
4.190239567095154,2020.0,432.76000000000005,0.05430259782957057,5.934583870953266,8.62584697770677,159,157.0,9.15552399793768,159.8,4.0
4.191939686209582,2021.0,432.88,0.051525034128044024,6.120428811942584,8.930258225581841,159,157.0,9.144242238899515,160.7,4.0
4.193888724258942,2022.0,433.0,0.04628305468935484,7.016536977696984,9.176593300502791,158,157.0,9.20351076662886,161.5,4.0
4.195797742677848,2023.0,433.08000000000004,0.043332691452209735,6.872466308060559,9.501323547431896,158,157.0,9.276246250316088,162.3,4.0
4.19804823986199,2024.0,433.16,0.03815830472816033,8.101789862911692,9.672731935558971,158,157.0,9.455855003401844,162.9,4.0
4.200508985286465,2025.0,433.2,0.037042908220166634,8.858683528110381,9.73092783919628,158,157.0,9.626623758990563,163.4,4.0
4.202984424301551,2026.0,433.23999999999995,0.03552791604328725,8.911580454308636,9.805887041078627,158,157.1,9.758602979544808,163.7,4.0
4.205617696781774,2027.0,433.28000000000003,0.03256370975805365,9.479780928800807,9.954943365357915,158,157.1,9.865322593266036,164.0,4.0
4.208157120709759,2028.0,433.32,0.02977087364471196,9.141926140746257,9.957158939559534,157,157.2,9.960902457739984,164.4,4.0
4.210375496795464,2029.0,433.4,0.030785119093881076,7.9861539085401025,10.099985004090186,157,157.3,9.958035524578062,164.7,4.0
4.212611934351774,2030.0,433.52,0.031888093537449355,8.051175202713212,10.2541604200245,157,157.4,9.953105721100082,165.1,4.0
4.214826705417868,2031.0,433.6,0.03322688275063486,7.973175837938988,10.330019171226647,157,157.4,9.747008274185422,165.4,4.0
4.216902092699809,2032.0,433.68,0.03459085620084225,7.471394214986899,10.4357651044383,158,157.5,9.525932601648094,165.7,2.0
4.219212746650385,2033.0,433.8,0.03597300207772114,8.318354222073102,10.440304691978078,157,157.6,9.314369160052705,165.8,2.0
4.221845212088061,2034.0,433.91999999999996,0.03578027406870614,9.47687557563296,10.412903447074475,157,157.6,8.988556753652441,165.9,2.0
4.224543977516836,2035.0,434.0,0.032363661366277496,9.715555543588833,10.442580185094636,158,157.6,8.7146345117316,166.0,2.0
4.22740512356559,2036.0,434.08000000000004,0.025770946158699688,10.30012577551393,10.338006115763545,157,157.5,8.480104343439248,166.2,2.0
4.230240034919144,2037.0,434.15999999999997,0.01933252126783902,10.205680872794606,10.198203241765935,157,157.5,8.22691732812061,166.3,2.0
4.2329460043488005,2038.0,434.2,0.012910969886700064,9.741489946761886,10.093205561321899,157,157.4,7.996742530768937,166.4,2.0
4.235572637382444,2039.0,434.2,0.004887823757675312,9.455878921116211,9.870641996925588,157,157.4,7.8142945803789345,166.4,2.0
4.237993504038306,2040.0,434.16,-0.004646916770116248,8.715119961101255,9.495653423616988,157,157.3,7.667504119658266,166.3,2.0
4.240386942239197,2041.0,434.08000000000004,-0.010926584329149926,8.61637752320975,9.171328311519115,157,157.4,7.7273527816829315,166.2,2.0
4.242785490364164,2042.0,434.0,-0.015601343642220466,8.634773249879958,8.810877536042005,157,157.4,7.725761211554756,166.2,2.0
4.24521885201254,2043.0,433.91999999999996,-0.020227056639524114,8.760101934152434,8.590849698875925,157,157.4,7.7482146457986385,166.3,2.0
4.247650716605388,2044.0,433.8,-0.023248069858838438,8.754712534250626,8.496701636627227,157,157.6,7.865885854386602,166.4,2.0
4.25026790913148,2045.0,433.71999999999997,-0.023248069858838438,9.421893093935047,8.486002606303892,157,157.8,7.859471555809496,166.5,2.0
4.2528371346709735,2046.0,433.68,-0.021698012971823923,9.249211942175025,8.661346080909583,157,158.0,7.791802253974839,166.6,2.0
4.255640707804977,2047.0,433.64,-0.01858806845795947,10.092863282412967,8.882002613098518,157,158.2,7.794206888732984,166.7,2.0
4.258511312033881,2048.0,433.6,-0.01544242654751261,10.334175224055329,9.110207020372238,157,158.4,7.740285164773065,166.7,2.0
4.261339988077767,2049.0,433.6,-0.0108155272835727,10.183233757988484,9.360289599648347,157,158.4,7.668248611325603,166.7,2.0
4.264259767936644,2050.0,433.6,-0.004610003295516386,10.511207491958828,9.63842103855444,157,158.5,7.655048505706276,166.7,2.0
4.267127563791949,2051.0,433.6,4.069924920887986e-05,10.324065079096965,9.842617304617395,157,158.5,7.566615941149924,166.7,2.0
4.2698927208629,2052.0,433.6,0.004767639129799209,9.954565455422365,10.063311419382039,158,158.5,7.562891908755257,166.7,2.0
4.272622525882723,2053.0,433.64000000000004,0.009568276428050432,9.827298071364726,10.088254244396865,157,158.5,7.575525391763554,166.7,2.0
4.27531989009911,2054.0,433.68,0.014440082106814694,9.710511178990096,10.114265928720096,158,158.5,7.542121305691287,166.7,2.0
4.277929118921975,2055.0,433.7200000000001,0.017940785815307402,9.393223762315838,10.14447763294459,158,158.5,7.5951208342050816,166.7,2.0
4.280484650562918,2056.0,433.8,0.02334298550271789,9.199913907395226,10.03743296993746,158,158.5,7.737243276921937,166.7,2.0
4.282715730788825,2057.0,433.88,0.028871315610527415,8.031888813266375,9.984881037931167,157,158.5,7.766895897107031,166.7,2.0
4.284972235927348,2058.0,433.9599999999999,0.03450548278224412,8.12341849868204,9.958162529662848,158,158.5,7.82757840160595,166.7,2.0
4.28721323574458,2059.0,434.03999999999996,0.03861863669921681,8.067599342034567,9.896650435501307,158,158.6,7.900708858844331,166.9,2.0
4.289227981141234,2060.0,434.16,0.04456254970068464,7.253083427956199,9.855508372026016,157,158.6,7.835882915205737,167.0,2.0
4.2913348818800925,2061.0,434.28000000000003,0.04859202924286843,7.584842659888556,9.871432569821655,157,158.6,7.700275455694689,167.1,2.0
4.293448566261342,2062.0,434.4,0.05088002589680083,7.609263772498867,9.922702517171055,157,158.6,7.639020017136156,167.1,2.0
4.295475074016392,2063.0,434.52,0.05490397714223806,7.295427918178337,10.229863722415406,157,158.5,7.513477451252245,167.1,2.0
4.29753306379569,2064.0,434.68,0.058900177245820994,7.408763205473371,10.444264605847833,157,158.3,7.405716311695324,167.1,2.0
4.299635492756361,2065.0,434.8,0.06278957760080567,7.568744258415794,10.69486304573312,158,158.0,7.35339182562079,167.1,2.0
4.3017832731175245,2066.0,434.9200000000001,0.06668936078189422,7.732009300188541,11.050939110176493,157,157.6,7.263183351376712,167.1,2.0
4.304180599626834,2067.0,435.08000000000004,0.07055039761423003,8.630375433513038,11.229146977671228,158,157.2,7.199847327021817,167.0,2.0
4.306432683737223,2068.0,435.23999999999995,0.07432178808807563,8.107502797400294,11.322801210302877,158,156.8,7.119682612629229,166.9,2.0
4.3087360542051325,2069.0,435.4,0.07824674006279149,8.292133684473388,11.510313066908958,158,156.4,7.10380566747908,166.7,2.0
4.311077664070087,2070.0,435.6,0.08031133184278608,8.42979551383584,11.601135914192746,159,156.1,7.159666286746348,166.5,2.0
4.313166747312898,2071.0,435.8,0.08424014517135935,7.520699674117486,11.656295520494663,159,155.8,7.277455348933907,166.2,2.0
4.315092461411274,2072.0,436.0,0.08829446046297947,6.93257075415229,11.788657359696066,159,155.6,7.334845697917044,165.9,2.0
4.317125648707318,2073.0,436.2,0.09044549364221677,7.319474265759795,11.792535706796706,159,155.6,7.465797690375615,165.6,2.0
4.319033855920061,2074.0,436.4,0.09235874884423709,6.869545965874175,11.901073191571232,159,155.8,7.55647646397086,165.2,2.0
4.320936183343378,2075.0,436.6,0.09423875744273243,6.84837872394121,12.014201843327239,158,156.2,7.568157102752229,164.8,2.0
4.323047296744488,2076.0,436.8,0.09413502163174538,7.600008243995243,12.041674824825552,158,156.8,7.575730793330973,164.4,4.0
4.325198977241141,2077.0,437.0,0.09385876103260851,7.746049787949524,12.1782796908894,158,157.5,7.545426730718374,164.1,4.0
4.3274407168171,2078.0,437.2,0.09364170208963377,8.070262473453614,12.43463777700757,158,158.2,7.534657284117666,163.7,4.0
4.329779180293365,2079.0,437.4,0.09347653465489011,8.418468514556373,12.501589952947857,158,159.0,7.40597449269176,163.4,4.0
4.332028001030341,2080.0,437.6,0.09338165961015804,8.095754653113168,12.610998620088855,159,159.8,7.268347570999874,163.2,4.0
4.33426430518569,2081.0,437.8,0.09346014812688094,8.050694959255422,12.735013711545925,159,160.7,7.178582506911082,163.1,4.0
4.336584803847169,2082.0,438.0,0.09363598185419734,8.353795181320853,12.64122019017241,159,161.5,7.054538033726092,162.9,4.0
4.338700359532616,2083.0,438.2,0.09394761157577843,7.616000467610736,12.438889867116362,159,162.3,6.91120532310372,162.7,4.0
4.340777129257856,2084.0,438.4,0.09455498037810903,7.476371010863357,12.36529154503646,159,162.9,6.907251457316628,162.6,4.0
4.342882596840169,2085.0,438.6,0.0952850797664352,7.5796832963250225,12.191210624364013,159,163.4,6.88617604177084,162.5,4.0
4.344813638175616,2086.0,438.8,0.0961996430569996,6.951748807609294,12.047827234118003,158,163.7,6.872913744781791,162.4,4.0
4.346588631284738,2087.0,439.0,0.0972219491090425,6.38997519283904,11.984614730572485,158,164.0,7.012139856815149,162.1,4.0
4.348660216864701,2088.0,439.2,0.09808978503384938,7.457708087868295,11.847353818336241,158,164.4,7.1364482980662505,161.8,4.0
4.350649950991289,2089.0,439.4,0.09863303826409581,7.1630428557172605,11.739644492024869,157,164.7,7.275026111631523,161.3,4.0
4.352599435229496,2090.0,439.6,0.09902390292906055,7.018143257543959,11.590139668126833,157,165.1,7.436896347643983,160.9,4.0
4.354690393590193,2091.0,439.8,0.09715630673525645,7.527450098510081,11.525151802344684,156,165.4,7.504711561463024,160.5,4.0
4.356760313156548,2092.0,440.0,0.09505668750433896,7.451710438880078,11.56817616027535,155,165.7,7.5284275014183155,160.2,4.0
4.35869993544101,2093.0,440.2,0.09287612326797799,6.982640224061777,11.704471316995129,155,165.8,7.568035010544817,159.9,4.0
4.360554025404048,2094.0,440.4,0.09056634141335573,6.67472386693749,11.732655137944647,155,165.9,7.508830247446852,159.6,4.0
4.3626153903609435,2095.0,440.56000000000006,0.08819989244308413,7.42091384482352,11.863490961430676,155,166.0,7.534387208174232,159.3,4.0
4.364701600083244,2096.0,440.71999999999997,0.08764292482082953,7.510355000281976,11.921803411190956,155,166.2,7.629444694324287,159.0,4.0
4.366803785031776,2097.0,440.88,0.08722939306226675,7.567865814714637,11.867088559134565,155,166.3,7.653826363374852,158.9,4.0
4.369034788247803,2098.0,441.03999999999996,0.08707902389630265,8.031611577699666,11.822534637121393,156,166.4,7.702368693887531,159.0,4.0
4.3713882779089985,2099.0,441.2,0.08520932402275708,8.472562780302955,11.727891879376717,157,166.4,7.826612115211978,159.2,4.0
4.373589647629414,2100.0,441.4,0.08355812364826976,7.9249309934964245,11.680596690044595,159,166.3,7.927072090244461,159.3,4.0
4.3757130522089485,2101.0,441.6,0.08417723156705785,7.644256486323773,11.463820103385785,160,166.2,8.141809781505714,159.4,4.0
4.37780400980469,2102.0,441.8,0.08489369350298497,7.527447344667511,11.229435562085287,161,166.2,8.41048397646229,159.5,4.0
4.37965945413745,2103.0,441.96000000000004,0.08355629606179776,6.679599597935782,11.052276412013189,162,166.3,8.65228095681313,159.5,4.0
4.381483628971042,2104.0,442.12,0.08433379417589276,6.5670294009304255,10.811214999345074,162,166.4,8.91696489279165,159.4,4.0
4.383187541729532,2105.0,442.2799999999999,0.08491435670490578,6.134085930564459,10.548200757627791,163,166.5,9.134936673312271,159.2,4.0
4.384891454447133,2106.0,442.43999999999994,0.0834297558061419,6.134085783363117,10.502553705384098,163,166.6,9.201104826589807,158.9,4.0
4.386744291995418,2107.0,442.56000000000006,0.07964599818827765,6.670215173826701,10.42558036563007,164,166.7,9.286967771274153,158.5,4.0
4.388630727230376,2108.0,442.71999999999997,0.07748519916556422,6.791166845849772,10.353387680672721,164,166.7,9.346020861770146,158.0,4.0
4.3905860704731765,2109.0,442.88,0.07713650934142555,7.039235674079228,10.526501079757296,165,166.7,9.31797242386899,157.5,1.0
4.392776457233072,2110.0,443.03999999999996,0.07662255245656138,7.8853923356254985,10.66965068253981,165,166.7,9.353933379793592,156.9,1.0
4.394841318991646,2111.0,443.16,0.07589921937283346,7.433502330865897,10.830276556623119,165,166.7,9.306774125402368,156.3,1.0
4.396895436873528,2112.0,443.32,0.07523112556535613,7.394824374777024,11.02861877950581,164,166.7,9.189316126264693,155.7,1.0
4.399137620406381,2113.0,443.4799999999999,0.0766026355509287,8.071860718269372,11.111062503536912,165,166.7,9.050082013539493,155.2,1.0
4.40130709646567,2114.0,443.64,0.07577160811822935,7.8101138134414265,11.136089316262659,166,166.7,8.900951645211567,154.8,1.0
4.403395947595175,2115.0,443.8,0.075082930108878,7.519864066217188,11.182789465835793,166,166.7,8.690843715431878,154.4,1.0
4.405549499857256,2116.0,443.96000000000004,0.07448990729329637,7.752788143487718,11.072501040916354,167,166.7,8.590819806748886,154.1,1.0
4.4075907129994825,2117.0,444.12,0.07591129042723958,7.34836731201712,11.076515492300528,167,166.7,8.498031154833203,153.9,1.0
4.409543025845427,2118.0,444.28000000000003,0.0754323629408408,7.028326245402684,11.176928577863366,167,166.7,8.434220920507489,153.7,1.0
4.411608389946912,2119.0,444.43999999999994,0.07483177871915511,7.435310765344239,11.148409206504784,166,166.9,8.435355913458894,153.4,1.0
4.413634319031536,2120.0,444.6,0.07231722494450529,7.2933447046458575,11.144197381422938,166,167.0,8.41234517606421,153.2,1.0
4.4157701723476865,2121.0,444.76000000000005,0.06969916954873358,7.68907193813969,11.243395451903107,166,167.1,8.38275328176714,153.0,1.0
4.4180883388022085,2122.0,444.91999999999996,0.06848779812563074,8.345399236277572,11.302984322921684,166,167.1,8.441393679957745,152.8,1.0
4.420398249193535,2123.0,445.08000000000004,0.06557194673870187,8.31567740877503,11.508025284160741,166,167.1,8.580059543565572,152.6,1.0
4.4227025650598035,2124.0,445.2,0.06271733751924116,8.295537118568225,11.795537915447273,167,167.1,8.735927227944263,152.4,1.0
4.425136536804098,2125.0,445.32,0.06139392959762813,8.762298279461634,12.039067188746053,166,167.1,8.9840699444209,152.3,1.0
4.42756914455238,2126.0,445.48,0.06007876124181657,8.757387893812554,12.335986016945743,166,167.1,9.265395203321962,152.2,1.0
4.430206851281444,2127.0,445.6,0.058900857416284924,9.495744224629654,12.589052624190291,166,167.0,9.507709498184832,152.1,1.0
4.4329054813356015,2128.0,445.71999999999997,0.05933191510663166,9.715068194968435,12.626600632917938,167,166.9,9.732251610833574,152.0,1.0
4.4356425037158385,2129.0,445.88,0.05844636122484044,9.85328056885263,12.709621030569817,167,166.7,9.963987214600936,152.0,1.0
4.438403665955958,2130.0,446.03999999999996,0.05957806354940252,9.940184064431078,12.774498996843818,167,166.5,10.172141002479409,152.0,1.0
4.4411449964402205,2131.0,446.2,0.06094974370335419,9.868789743345907,12.711074861041773,167,166.2,10.39790203895719,152.0,1.0
4.443646963320513,2132.0,446.4,0.05934356029249628,9.007080769052944,12.714608593432748,167,165.9,10.625652982492555,151.9,1.0
4.446195381891519,2133.0,446.55999999999995,0.05958521215795285,9.174306855618456,12.585699603685216,167,165.6,10.81113796213277,151.8,1.0
4.448663734120276,2134.0,446.71999999999997,0.059918747506858536,8.886068023528152,12.3190999225294,167,165.2,10.964371567080518,151.7,1.0
4.451019793537068,2135.0,446.88,0.05710552811775094,8.481813900450112,11.987531540966845,166,164.8,11.08500397767896,151.6,1.0
4.453552292829584,2136.0,447.0,0.05264980765129129,9.11699745305855,11.585172514734106,166,164.4,11.188104422399368,151.5,1.0
4.456059001629783,2137.0,447.12,0.04817530579098044,9.02415168071739,11.054524866333548,166,164.1,11.27401868567567,151.4,1.0
4.4584313594641145,2138.0,447.23999999999995,0.0404780091483156,8.540488203591703,10.633881079138813,167,163.7,11.370226174549844,151.3,1.0
4.460781620420114,2139.0,447.32,0.03257115616753367,8.46093944160065,10.163225452691115,167,163.4,11.522118158485878,151.2,1.0
4.463128531637101,2140.0,447.36,0.022891248561886346,8.448880381151806,9.683556053964274,167,163.2,11.65021337171697,151.1,1.0
4.465286228983087,2141.0,447.4,0.01149173526197136,7.767710445549024,9.259303828016757,167,163.1,11.720525373752054,151.0,1.0
4.467510351672593,2142.0,447.4,0.0016932254975116023,8.00684168222302,8.78535024458407,167,162.9,11.773319846595106,150.9,1.0
4.469801023988277,2143.0,447.36,-0.009688871316712127,8.246420336461629,8.309094836046343,167,162.7,11.782613884381734,150.7,1.0
4.47209212556613,2144.0,447.2799999999999,-0.020934175325200276,8.247965680271012,7.947840404852583,167,162.6,11.70357086539961,150.6,1.0
4.47445133774112,2145.0,447.16,-0.03038143708767648,8.49316382996415,7.678649704215284,168,162.5,11.672924532822478,150.5,1.0
4.476919918318651,2146.0,447.03999999999996,-0.0365276167566827,8.886890079111712,7.4648991127237965,167,162.4,11.606366422299423,150.4,1.0
4.479344427412469,2147.0,446.88,-0.04401553555842887,8.72823273774671,7.391408380697659,167,162.1,11.521660821644044,150.3,1.0
4.481879675241774,2148.0,446.71999999999997,-0.049678060290039294,9.126892185497738,7.366181726240406,167,161.8,11.459418903000593,150.2,1.0
4.48461511915224,2149.0,446.56000000000006,-0.05349982661706389,9.847598077678901,7.345131305654592,167,161.3,11.312056124691477,150.0,1.0
4.487394996159168,2150.0,446.43999999999994,-0.055508911039819545,10.007557224938743,7.347229330990315,167,160.9,11.094869389799587,149.8,1.0
4.4902419788287,2151.0,446.2799999999999,-0.0571337794108413,10.249137610315403,7.371871345050326,167,160.5,10.941675251520886,149.6,1.0
4.493247560570709,2152.0,446.12,-0.06006875186293835,10.820094271233614,7.377586777549725,167,160.2,10.790067288428284,149.5,1.0
4.496211328149901,2153.0,445.9599999999999,-0.06275076989228345,10.669563285090321,7.415150673327294,166,159.9,10.604546467383424,149.6,1.0
4.499126157818445,2154.0,445.8,-0.06554365868386053,10.49338680675845,7.463965223340783,166,159.6,10.583861209578432,149.5,1.0
4.5021290800038996,2155.0,445.6,-0.06970360144543522,10.81051986763776,7.4811496830947135,166,159.3,10.554542536991685,149.4,1.0
4.50517586554776,2156.0,445.36,-0.07539647654450407,10.968427957896418,7.477045710341014,165,159.0,10.497136300681955,149.3,1.0
4.508227488631794,2157.0,445.08000000000004,-0.0783640496589083,10.985843102524543,7.453774969213191,164,158.9,10.519562420812504,149.1,1.0
4.51139537797092,2158.0,444.8,-0.08011769811170968,11.404401620851417,7.431964172057995,164,159.0,10.574251120671702,148.9,1.0
4.514646057935942,2159.0,444.48,-0.08317841615783514,11.702447874081038,7.421335702488247,164,159.2,10.59402319658545,148.7,3.0
4.517851583845502,2160.0,444.16,-0.0850961995901537,11.539893274416213,7.448534697853189,163,159.3,10.731359079502145,148.5,3.0
4.521033656544474,2161.0,443.88,-0.08576923922486505,11.455461716299821,7.554618454410084,163,159.4,10.917412443141624,148.2,3.0
4.524325628410707,2162.0,443.64,-0.08404113919408021,11.851098718437695,7.693227320531972,163,159.5,11.046629326559993,147.9,3.0
4.527528046721222,2163.0,443.36,-0.08111589310155032,11.528705917853362,7.817219264348459,163,159.5,11.217925589531196,147.5,3.0
4.530710119414416,2164.0,443.12,-0.0758284191272549,11.455461695500185,7.947724053869078,162,159.4,11.366261139160084,147.1,3.0
4.534134963777471,2165.0,442.88,-0.06935969433805778,12.329439706998093,8.068999498233477,163,159.2,11.43799978080172,146.7,3.0
4.537537569358085,2166.0,442.68,-0.06299779442182138,12.249380090207342,8.132592520200209,163,158.9,11.542986182489168,146.3,3.0
4.540784503558883,2167.0,442.48,-0.05934131547198464,11.688963122875368,8.2360318623704,163,158.5,11.67822665327485,145.9,3.0
4.544099044211461,2168.0,442.35999999999996,-0.057116731118079064,11.932346349281943,8.307990263645701,162,158.0,11.735651761491786,145.6,3.0
4.547375540948114,2169.0,442.23999999999995,-0.0550967792304765,11.795388251947305,8.355735694840648,162,157.5,11.80450773316733,145.3,3.0
4.550361502916057,2170.0,442.12,-0.054430956091524166,10.749463084594996,8.39270713003518,162,156.9,11.846005173538073,145.0,3.0
4.553458446913426,2171.0,441.96000000000004,-0.053887658706870144,11.148998390528488,8.338806354141541,162,156.3,11.744598898064249,144.8,3.0
4.556565535139317,2172.0,441.8,-0.05453850044243208,11.185517613207155,8.19904872837183,162,155.7,11.56776437885613,144.6,3.0
4.5595326601146775,2173.0,441.6,-0.053827746229488035,10.681649911299573,8.087793644573827,160,155.2,11.42479006561617,144.4,3.0
4.562541838589418,2174.0,441.4,-0.05559286192475301,10.833042509065656,7.96165923485138,159,154.8,11.215273311695254,144.3,3.0
4.565557341901615,2175.0,441.2,-0.05731891540382059,10.855811923906943,7.802013036926884,158,154.4,11.018950193870715,144.1,3.0
4.568356650996417,2176.0,441.0,-0.05899628500039896,10.077512741288436,7.761245347979385,159,154.1,10.875166286545245,143.9,3.0
4.57117804592422,2177.0,440.84,-0.059341400427782034,10.157021740088366,7.71242048155853,159,153.9,10.73023902072132,143.8,3.0
4.574071453345986,2178.0,440.68,-0.06085912021947282,10.416266718355912,7.653008878829738,159,153.7,10.606688130186113,143.6,3.0
4.576832614468624,2179.0,440.52,-0.060873744349045446,9.940180041498731,7.651353432602734,159,153.4,10.553897732735695,143.4,3.0
4.5797611173871084,2180.0,440.36,-0.06071876602536584,10.542610506545056,7.682645416405149,159,153.2,10.533258932776146,143.2,3.0
4.582776620627292,2181.0,440.2,-0.06034752425788934,10.85581166466101,7.703125851470435,159,153.0,10.53041029000911,143.0,3.0
4.585724247085656,2182.0,440.0,-0.05861234344033831,10.611455250109879,7.824426255255327,159,152.8,10.634315624632716,142.8,3.0
4.588753666839157,2183.0,439.8,-0.05819082311471947,10.905911112605045,7.986188415182269,159,152.6,10.717137890042247,142.6,3.0
4.591914758369062,2184.0,439.6,-0.05769365550939398,11.37992950765765,8.126210725493578,160,152.4,10.82668045572553,142.4,3.0
4.594985184114352,2185.0,439.4,-0.05591733436094813,11.053532683044416,8.316132712315996,160,152.3,10.988993832843343,142.3,3.0
4.598165981772811,2186.0,439.23999999999995,-0.054151230924638215,11.450871570455355,8.505055317102656,160,152.2,11.124709354519316,142.2,3.0
4.601504191599612,2187.0,439.08000000000004,-0.05359369490689373,12.017555376483182,8.647178897042554,160,152.1,11.227511280500371,142.1,3.0
4.604756534808651,2188.0,438.91999999999996,-0.0505311852998198,11.708435552539607,8.813198515359039,160,152.0,11.311795461319402,142.0,3.0
4.607993518883987,2189.0,438.8,-0.04638840701461648,11.653142671210757,9.00308892700282,159,152.0,11.373209770115473,142.0,3.0
4.611334064995885,2190.0,438.68,-0.04360509762404033,12.025966002833927,9.123306830778503,158,152.0,11.403668130084714,142.0,3.0
4.614548842240629,2191.0,438.52,-0.040968049776679255,11.573198081077384,9.227949185283217,157,152.0,11.463780638713638,142.0,3.0
4.61778809759257,2192.0,438.4,-0.039752310377751295,11.661319266984343,9.289717846659665,156,151.9,11.54674927460113,142.0,3.0
4.621193185320475,2193.0,438.32,-0.039943823085368986,12.258315820461872,9.23124503494533,155,151.8,11.647795688930875,141.9,3.0
4.624513791039871,2194.0,438.2,-0.04157436828166652,11.95418058982702,9.087634266276009,155,151.7,11.679744122269426,141.9,3.0
4.627775483373149,2195.0,438.08000000000004,-0.04458518546777203,11.742092399799846,8.926953418941906,155,151.6,11.715012420328376,141.9,3.0
4.631071551699305,2196.0,437.96000000000004,-0.047692264440782756,11.86584597416278,8.68565882897538,154,151.5,11.758537807345585,141.9,3.0
4.634128077427568,2197.0,437.8,-0.049634896622786896,11.003492621744924,8.424844587290327,154,151.4,11.73900694741082,141.8,3.0
4.636889213638806,2198.0,437.6,-0.05282358892706496,9.940090360458457,8.169768917067332,154,151.3,11.779118043785804,141.8,3.0
4.639729046844032,2199.0,437.4,-0.05857620641659924,10.223399538811153,7.884141824928392,154,151.2,11.85611333095042,141.8,3.0
4.6424876019728165,2200.0,437.2,-0.06296633182404346,9.930798463624763,7.613375581242664,154,151.1,11.840724512914608,141.8,3.0
4.645157037223603,2201.0,437.0,-0.06859057695232171,9.609966902831985,7.3903605790587505,153,151.0,11.896396111869324,141.8,3.0
4.647996892832972,2202.0,436.8,-0.0753790674104213,10.22348019372965,7.185678549200803,153,150.9,11.93862893025009,141.9,3.0
4.650999404822478,2203.0,436.56000000000006,-0.08194532759110722,10.809043162222634,7.0014075773761295,153,150.7,11.882445272171594,142.1,3.0
4.653976813623721,2204.0,436.32,-0.08568006588668312,10.718671684474929,6.899050643951975,153,150.6,11.896574666962971,142.2,3.0
4.657091865964081,2205.0,436.03999999999996,-0.09051313149884908,11.214188425295697,6.7912223754969006,152,150.5,11.9382961993478,142.3,3.0
4.66033060429035,2206.0,435.71999999999997,-0.09518202883636982,11.659457974567259,6.708976783326581,152,150.4,11.855733367384111,142.5,3.0
4.663379217122038,2207.0,435.35999999999996,-0.09975510474556212,10.97500619407457,6.67376281139303,152,150.3,11.826151525267242,142.9,3.0
4.666428979262786,2208.0,435.03999999999996,-0.10428437768636416,10.97914370669451,6.638057767217058,152,150.2,11.800214688304523,143.2,3.0
4.669498874316371,2209.0,434.68,-0.10864087024239832,11.051622192906496,6.604960283892329,152,150.0,11.65722201017021,143.5,3.0
4.672561714349832,2210.0,434.32,-0.11298727135353608,11.026224120457568,6.578697890219755,152,149.8,11.573811152496662,143.8,3.0
4.675682020092612,2211.0,433.96000000000004,-0.11594462933807803,11.233100674010116,6.559429337778281,152,149.6,11.470506196597691,144.1,3.0
4.678898863262193,2212.0,433.6,-0.1164003822989339,11.58063541048939,6.546583723239112,152,149.5,11.3477821306798,144.3,3.0
4.682186936157202,2213.0,433.2,-0.11444030019597524,11.837062422033176,6.577543940385503,152,149.6,11.254946084673367,144.6,3.0
4.685398467682942,2214.0,432.8,-0.11265746792081195,11.561513492665238,6.642937604521717,152,149.5,11.184259657061464,144.9,3.0
4.688684115325514,2215.0,432.4,-0.10970115033932415,11.828331513256398,6.739674359261166,152,149.4,11.05180345966547,145.2,3.0
4.692007460207253,2216.0,432.0400000000001,-0.10557909756595171,11.964041574259694,6.8135061297158845,152,149.3,10.968006225997554,145.4,3.0
4.695223052229577,2217.0,431.71999999999997,-0.10147127729651657,11.576131280363796,6.905986715760015,152,149.1,10.84122982298934,145.5,3.0
4.698503282803346,2218.0,431.43999999999994,-0.09861950562304815,11.808830065569435,7.011731202113855,151,148.9,10.71223858275273,145.6,3.0
4.7018538623411805,2219.0,431.16,-0.09574180948012945,12.06208633620395,7.079543397047528,151,148.7,10.579769013663595,145.7,3.0
4.705005448022804,2220.0,430.91999999999996,-0.09292011630201204,11.345708453843072,7.187686722123587,151,148.5,10.51900766872482,145.8,3.0
4.708223721260192,2221.0,430.68,-0.09025223626027842,11.585783654599611,7.32798466172922,151,148.2,10.49036068597906,145.9,3.0
4.711561468282598,2222.0,430.4,-0.08883956234860524,12.015889280661467,7.4116136984528636,151,147.9,10.49134217146019,146.0,3.0
4.7147952887889,2223.0,430.08000000000004,-0.08744944194354982,11.64175382268554,7.541984879432289,151,147.5,10.521699391179045,146.0,3.0
4.718118240026793,2224.0,429.76000000000005,-0.08494995857293361,11.962624456415057,7.676545200323117,151,147.1,10.582744034845089,146.0,3.0
4.7216177634670435,2225.0,429.43999999999994,-0.08123376322236854,12.598284384902586,7.7553259785697675,151,146.7,10.600631430811609,146.0,3.0
4.724898361632016,2226.0,429.12,-0.07755969920440567,11.810153393901544,7.887461668331563,151,146.3,10.624564541562192,145.9,3.0
4.728268596984769,2227.0,428.84,-0.07397817666126158,12.132847269910965,8.048552497987336,151,145.9,10.709978930040762,145.9,3.0
4.731666140942929,2228.0,428.64,-0.06919774886505065,12.231158249377101,8.132259190930974,150,145.6,10.763384057530322,145.9,3.0
4.734860654763879,2229.0,428.4799999999999,-0.0645357183145546,11.500249755419004,8.255117386974124,149,145.3,10.823792765858656,145.8,3.0
4.738051488764367,2230.0,428.35999999999996,-0.0599622508047206,11.487002401756836,8.36747477988674,150,145.0,10.876663540753292,145.8,3.0
4.741385655147269,2231.0,428.23999999999995,-0.05666446409781023,12.00299897844791,8.37125134823177,150,144.8,10.88277841448098,145.8,3.0
4.744494060969776,2232.0,428.12,-0.05341862329098299,11.190260961024583,8.380023471482232,150,144.6,10.7936935344198,145.8,3.0
4.74764570969242,2233.0,427.96000000000004,-0.05148998122088909,11.345935401516845,8.343934766830507,150,144.4,10.699565463163353,145.8,3.0
4.750896614160972,2234.0,427.8,-0.05329442738459763,11.703256086787858,8.251937523125003,150,144.3,10.602180983563024,145.8,3.0
4.753998935717516,2235.0,427.6,-0.05639344127995412,11.168357603559453,8.150362975197094,149,144.1,10.512360772891704,145.9,3.0
4.757047837055618,2236.0,427.4,-0.06079803198537244,10.976044817166057,8.033205444093335,149,143.9,10.42297086423758,146.1,3.0
4.760131114197541,2237.0,427.2,-0.06525870469693132,11.099797710921283,7.846085052445053,149,143.8,10.358339684289094,146.2,3.0
4.763187757972596,2238.0,426.96000000000004,-0.07110879286897438,11.003917590198167,7.6735067727670625,149,143.6,10.322231237447426,146.4,3.0
4.7661243938879725,2239.0,426.71999999999997,-0.07432335093715131,10.571889295354698,7.457973502897888,150,143.4,10.299469130966736,146.7,3.0
4.76911887670065,2240.0,426.48,-0.07748283114479415,10.780138125637787,7.244392467751169,149,143.2,10.270950190782887,146.9,3.0
4.772085109201896,2241.0,426.23999999999995,-0.08066584515331796,10.678437004487964,7.051797517707347,149,143.0,10.268128145852998,147.1,3.0
4.774960744930881,2242.0,425.96000000000004,-0.08375316618820201,10.352288624345437,6.933988463427994,149,142.8,10.285339048379631,147.3,3.0
4.7777602369785015,2243.0,425.71999999999997,-0.08538885023603135,10.078171371434703,6.863970149868604,148,142.6,10.34345912094402,147.6,3.0
4.780652832446396,2244.0,425.48,-0.08564349099531704,10.413343684421765,6.851862311708707,148,142.4,10.371036555006295,147.9,3.0
4.783387182977693,2245.0,425.2,-0.08439661775854751,9.843661912668122,6.8871717676564135,147,142.3,10.337218694509072,148.1,3.0
4.7862673028020755,2246.0,424.91999999999996,-0.08168255350421197,10.368431367778275,6.966532879115879,147,142.2,10.127617592013484,148.3,3.0
4.789271004991926,2247.0,424.68,-0.07883763324981859,10.813327883463664,7.042678310685107,146,142.1,9.615876398221529,148.5,3.0
4.79233037511554,2248.0,424.43999999999994,-0.07455072192568238,11.013732445009488,7.147178988581425,146,142.0,8.897888289260717,148.7,3.0
4.795351336641247,2249.0,424.23999999999995,-0.0702841640103122,10.875461492543238,7.316011880762178,146,142.0,8.41371283357268,149.0,1.0
4.798515387908552,2250.0,424.08000000000004,-0.06738525152899254,11.390584562298235,7.476599897398974,145,142.0,8.178650906531095,149.4,1.0
4.801531307620817,2251.0,423.91999999999996,-0.06318844625130907,10.857310964153147,7.642889675014655,145,142.0,8.015558776241289,149.9,1.0
4.804473424212998,2252.0,423.76000000000005,-0.05909635087640534,10.591619731851287,7.812623293088793,145,142.0,7.988803987028146,150.4,1.0
4.807510178450837,2253.0,423.64000000000004,-0.05505534099878504,10.932315256220399,7.953456176856783,144,141.9,7.987424581631305,150.9,1.0
4.810551121495092,2254.0,423.48,-0.052449498498143766,10.947394959317366,8.01746721988271,145,141.9,7.947691314094968,151.4,1.0
4.813453273993967,2255.0,423.32,-0.049897348748366335,10.44774899595145,8.065035075663623,144,141.9,8.01914388246196,152.0,1.0
4.816480257081946,2256.0,423.16,-0.047335966396737136,10.89713911672465,8.115745846116928,144,141.9,8.335163883647981,152.6,1.0
4.819500945032152,2257.0,423.03999999999996,-0.04481061737576312,10.87447662074055,8.155404439730969,144,141.8,8.829279402139964,153.3,1.0
4.8223128571555955,2258.0,422.88,-0.04231890062938767,10.12288364439768,8.181965418730512,144,141.8,9.52134886368171,153.9,1.0
4.825072351816701,2259.0,422.76000000000005,-0.041154121637594035,9.934180779978753,8.208470486196562,144,141.8,10.077540286238415,154.4,1.0
4.827965890640671,2260.0,422.68,-0.03861777433233056,10.416739766294972,8.246352871890114,144,141.8,10.293125739227792,154.9,1.0
4.830732309767738,2261.0,422.6,-0.037410930632714015,9.959108857439936,8.273209141345639,143,141.8,10.390475319127267,155.3,1.0
4.8334261210581015,2262.0,422.52,-0.036143532894122025,9.697720645310051,8.276507004191838,143,141.9,10.485273291813822,155.8,1.0
4.836283344240528,2263.0,422.43999999999994,-0.037606183314055505,10.286003456735529,8.285915690592283,143,142.1,10.5127668116043,156.2,1.0
4.839223986043557,2264.0,422.36,-0.03776734635446706,10.58631049090069,8.304370195430995,143,142.2,10.54123385018361,156.7,1.0
4.842062910468875,2265.0,422.23999999999995,-0.03958688743710553,10.22012793114454,8.363273257084431,142,142.3,10.605076151731833,157.1,1.0
4.845010674278566,2266.0,422.12,-0.04165187754995997,10.611949714886194,8.399729550362816,142,142.5,10.642502067099542,157.5,1.0
4.848023523215077,2267.0,421.96000000000004,-0.04227860039979171,10.84625617144164,8.397867693805107,142,142.9,10.729313128821186,157.7,1.0
4.8508832434010944,2268.0,421.8,-0.04123525708768846,10.294992669664012,8.249974918654779,142,143.2,10.804175353873948,158.0,4.0
4.8538041827082115,2269.0,421.64000000000004,-0.03843046155037856,10.515381505622619,7.832930638070913,142,143.5,10.830116625788902,158.3,4.0
4.856774325515689,2270.0,421.52,-0.03563035939871336,10.69251410691773,7.253653147094492,142,143.8,10.885563676381562,158.5,4.0
4.859446806141374,2271.0,421.43999999999994,-0.031453806903567104,9.620930252467735,6.886192971406359,142,144.1,10.979103549101987,158.8,4.0
4.861558392147028,2272.0,421.4,-0.02910020711936039,7.601709620354143,6.78063113651469,142,144.3,10.959519332016024,159.0,4.0
4.862994112013366,2273.0,421.4,-0.02532381160431741,5.16859151881596,6.747382791701957,142,144.6,10.958767824861807,159.2,4.0
4.863940342402614,2274.0,421.4,-0.023091634071028735,3.4064294012925815,6.814501760176756,142,144.9,10.958145154316224,159.4,4.0
4.865434335006577,2275.0,421.4,-0.020363414785628434,5.378373374264184,6.8793295957808525,142,145.2,10.91722224637074,159.6,4.0
4.867729149018929,2276.0,421.36,-0.0200455024973056,8.26133044447035,6.87856268453037,142,145.4,10.878049657217476,159.9,4.0
4.870288964260191,2277.0,421.32,-0.019480359246527634,9.215334868543563,6.938331614376926,142,145.5,10.887446203024206,160.3,4.0
4.873074365587284,2278.0,421.23999999999995,-0.021916653502145597,10.0274447775326,7.1847744774179905,142,145.6,10.870563707107603,160.7,4.0
4.875991473212744,2279.0,421.15999999999997,-0.024688422753833,10.501587451654203,7.594130372176527,141,145.7,10.836392908297263,161.1,4.0
4.87885124583262,2280.0,421.03999999999996,-0.028808487038065787,10.295181431554369,8.15708815984178,142,145.8,10.829566745184016,161.5,4.0
4.881722205814881,2281.0,420.96000000000004,-0.03154801322713559,10.335455936137638,8.592705261539402,142,145.9,10.754616938570544,161.9,4.0
4.884711625157163,2282.0,420.84,-0.03383435828844516,10.76190963221436,8.697980362639132,142,146.0,10.714442728435646,162.2,4.0
4.887519888130423,2283.0,420.76000000000005,-0.036112176340396804,10.109746703735771,8.69158516254041,141,146.0,10.729535820880155,162.6,4.0
4.89038853369062,2284.0,420.64,-0.036716131168411326,10.327124016710062,8.6886277626594,142,146.0,10.796130388468097,162.9,4.0
4.893427502468351,2285.0,420.56000000000006,-0.0374806096235221,10.940287599831244,8.636037937339315,142,146.0,10.879911740360756,163.2,4.0
4.89632116496123,2286.0,420.43999999999994,-0.0382747095844649,10.417184974364101,8.612507027780179,142,145.9,10.994377437633712,163.4,4.0
4.899151395702213,2287.0,420.32,-0.03940574607166403,10.188830667538337,8.631019328154425,142,145.9,11.06480183142846,163.6,4.0
4.902200124731213,2288.0,420.2,-0.03917732908010992,10.975424504398154,8.645113096530205,143,145.9,11.131550221593011,163.7,4.0
4.905193603244979,2289.0,420.08000000000004,-0.040340307306372544,10.776522649558968,8.724290282119867,143,145.8,11.237567127187797,163.8,4.0
4.90813245097202,2290.0,419.91999999999996,-0.03884809549700892,10.57985181734747,8.81019676747669,143,145.8,11.332883595499524,163.9,4.0
4.911180750680804,2291.0,419.8,-0.03873660199010591,10.973878951619872,8.86709248826484,143,145.8,11.493464458835438,164.0,4.0
4.9142741308991065,2292.0,419.68,-0.03726659202626468,11.136168785891446,8.964613870123534,144,145.8,11.667051655069866,164.1,4.0
4.917323535710482,2293.0,419.56000000000006,-0.034512087906002645,10.977857320952207,9.098846067479084,145,145.8,11.789328920577116,164.1,4.0
4.920400131895826,2294.0,419.48,-0.031776658786538216,11.075746267237669,9.138746529786838,145,145.8,11.941176118314944,164.2,4.0
4.923511159762209,2295.0,419.4,-0.030395554414925856,11.19970031898079,9.192125593197115,145,145.9,12.100842985194058,164.2,4.0
4.926558841840068,2296.0,419.32,-0.027713638815205277,10.971655480290698,9.230914784168831,145,146.1,12.269733910254928,164.2,4.0
4.92964890556083,2297.0,419.2799999999999,-0.027711328515336243,11.12422939474261,9.236233934739342,145,146.2,12.468599708480308,164.3,4.0
4.932643233986813,2298.0,419.23999999999995,-0.027731848922273213,10.77958233353851,9.242857924477793,145,146.4,12.757064826303017,164.3,4.0
4.935634624980707,2299.0,419.15999999999997,-0.029152940739111167,10.769007578016804,9.270082643356773,146,146.7,12.978731590728046,164.3,4.0
4.938571743067343,2300.0,419.08000000000004,-0.030557029177541238,10.573625111891646,9.255054663756543,146,146.9,13.243948918196477,164.3,4.0
4.941506368031834,2301.0,418.96000000000004,-0.030613175986529007,10.564649872165017,9.212188127127275,146,147.1,13.507052571777942,164.1,4.0
4.944490935502489,2302.0,418.84,-0.02931880520704037,10.744442894358794,9.16017201428482,146,147.3,13.804542240440082,163.9,4.0
4.947566441829994,2303.0,418.68,-0.030646868662935763,11.071822779019515,9.029322087895817,146,147.6,14.126339641714788,163.7,4.0
4.950596142193347,2304.0,418.56000000000006,-0.03194262271883749,10.906921308071652,8.90705401122778,146,147.9,14.364599214524612,163.3,4.0
4.953612251174146,2305.0,418.48,-0.03320164665023826,10.857992330877385,8.814124309314334,146,148.1,14.581863902530438,163.0,4.0
4.9566409716878015,2306.0,418.43999999999994,-0.037020391820683216,10.903393849158224,8.737905833259934,146,148.3,14.715440782937549,162.6,4.0
4.959522841501304,2307.0,418.35999999999996,-0.04200373845608832,10.37473132860789,8.639818865381582,146,148.5,14.827959167963671,162.1,4.0
4.962405574899134,2308.0,418.2799999999999,-0.04690912980924901,10.377840232189552,8.515549396861513,146,148.7,14.869753005827102,161.7,4.0
4.965438891149818,2309.0,418.16,-0.05157637801889218,10.919938502461884,8.324478197725641,146,149.0,14.965824157149124,161.3,4.0
4.96856099414642,2310.0,417.9599999999999,-0.05865264197444756,11.23957078777103,8.104353830883861,146,149.4,15.07023485861532,160.9,4.0
4.9717283450883905,2311.0,417.68,-0.06696145460974058,11.40246339109165,7.88324774154263,146,149.9,15.18016678145002,160.6,4.0
4.975030872829248,2312.0,417.4,-0.07648084566597455,11.889099867088342,7.650218844748435,145,150.4,15.250141115858591,160.4,4.0
4.978302002472851,2313.0,417.08000000000004,-0.08692376250346476,11.77606671696701,7.472958082929685,146,150.9,15.291048487568204,160.1,4.0
4.981517115031106,2314.0,416.71999999999997,-0.09838767673873364,11.574405209717147,7.311733978340465,146,151.4,15.323599974089618,159.9,4.0
4.984827715416335,2315.0,416.35999999999996,-0.10949711917678587,11.91816138682522,7.123996988023421,145,152.0,15.344205820207062,159.7,4.0
4.9881212038975224,2316.0,416.0,-0.11883202557449057,11.856558532275525,6.971195711192493,146,152.6,15.38754398563152,159.7,4.0
4.991449131664735,2317.0,415.56000000000006,-0.12650472497997492,11.980539961967025,6.8518065269907655,146,153.3,15.457035798773848,159.6,4.0
4.994814051718772,2318.0,415.08000000000004,-0.13283230040195362,12.113712194533832,6.765101858395099,146,153.9,15.507074247673035,159.5,4.0
4.998187027040309,2319.0,414.56000000000006,-0.13666863922352454,12.14271115753438,6.735909759063576,146,154.4,15.535135547382486,159.5,4.0
5.001730927808406,2320.0,414.0,-0.13912118825287564,12.758042765149304,6.794911090414772,146,154.9,15.548239667000058,159.4,4.0
5.00534179782504,2321.0,413.4,-0.14036066429459612,12.999132059882783,6.854780734071357,147,155.3,15.518369405064131,159.3,4.0
5.009113467024401,2322.0,412.84,-0.14153703536132195,13.57800911769705,6.967981551380889,147,155.8,15.484597127092396,159.2,4.0
5.012937001663073,2323.0,412.32,-0.14029737513550355,13.76472469922082,7.108534274241488,147,156.2,15.43675135549304,159.2,4.0
5.01695340621528,2324.0,411.8,-0.13893527160984803,14.45905638794423,7.2872816145645745,148,156.7,15.472399407799193,159.3,4.0
5.020879747612801,2325.0,411.32,-0.13557521716978285,14.134829031075508,7.490282455467527,148,157.1,15.502674112649236,159.3,4.0
5.024909950892512,2326.0,410.84000000000003,-0.13236152366749115,14.508731806959807,7.654056227840447,148,157.5,15.540066666126185,159.3,4.0
5.028968722141896,2327.0,410.35999999999996,-0.12726521819905057,14.611576497781721,7.803849687460103,148,157.7,15.602499836861838,159.4,4.0
5.033160002386662,2328.0,409.84,-0.12446500910889673,15.088608881155215,7.903711278936283,148,158.0,15.70173927449976,159.5,4.0
5.037426859378407,2329.0,409.35999999999996,-0.12293746310378477,15.360685170281455,7.985001874649302,149,158.3,15.76322236350138,159.5,4.0
5.0416325922931975,2330.0,408.84000000000003,-0.12259625900963675,15.140638493247538,8.021620228709022,149,158.5,15.717847941006074,159.6,4.0
5.04584697533207,2331.0,408.36,-0.12448970249334912,15.171778939941047,8.073018603839548,149,158.8,15.65374784195986,159.6,4.0
5.04998969142145,2332.0,407.84,-0.1274957604752163,14.913777921768139,8.119019521131957,149,159.0,15.49892164931498,159.7,4.0
5.05412577712964,2333.0,407.32,-0.12972239845415862,14.889908549482058,8.150892220028515,149,159.2,15.34939770687422,159.8,4.0
5.058258275675912,2334.0,406.76,-0.13197421670439402,14.87699476657852,8.147104561519091,150,159.4,15.146965097836576,159.8,4.0
5.06245148138266,2335.0,406.15999999999997,-0.13522638971204648,15.095540544295766,8.118654979721386,151,159.6,15.03245096581736,160.0,4.0
5.066771714388667,2336.0,405.52000000000004,-0.13656620159363955,15.552838821621725,8.08439735268496,152,159.9,15.010386068497926,160.1,4.0
5.071135852090369,2337.0,404.92,-0.1389238608368881,15.710895726128758,8.05091376499074,153,160.3,14.955046878115212,160.3,4.0
5.075521505486269,2338.0,404.28000000000003,-0.14224657153096545,15.788352225240914,8.044794591586996,153,160.7,14.93553924340065,160.6,4.0
5.0799019940660965,2339.0,403.64,-0.14476161191327808,15.769758887377575,8.069864715550807,154,161.1,14.926276611598478,160.9,4.0
5.08419814777678,2340.0,403.04,-0.14549140791571133,15.466153358461687,8.1155219978379,154,161.5,15.01133062539182,161.2,4.0
5.08846976927709,2341.0,402.43999999999994,-0.14442523891028242,15.377837401115473,8.190360644689637,155,161.9,15.123487663871208,161.6,4.0
5.092732869159316,2342.0,401.76,-0.14055788182806112,15.347159576012741,8.301757833755792,155,162.2,15.316717227691791,161.8,4.0
5.09706198768179,2343.0,401.12,-0.13484075499373754,15.584826680905334,8.43930279075138,156,162.6,15.494322660608123,162.1,4.0
5.101333481919448,2344.0,400.52,-0.12450079002551837,15.377379255570418,8.647007260576206,156,162.9,15.722731031646436,162.4,4.0
5.105604635680945,2345.0,399.96,-0.11328667276594948,15.376153541390241,8.913073415715148,156,163.2,15.818370118009776,162.6,4.0
5.109961269019222,2346.0,399.47999999999996,-0.10210883375525011,15.683880017797437,9.30596789426595,157,163.4,15.784677097839694,162.8,4.0
5.1142424337711025,2347.0,399.12,-0.0909454239313887,15.412193106769491,9.775903482036203,157,163.6,15.69278850304715,162.9,4.0
5.118534275283748,2348.0,398.92,-0.07703318821252583,15.450629445523568,10.34349800985666,158,163.7,15.496839579632525,162.9,4.0
5.122781858942466,2349.0,398.76,-0.06494599000109617,15.291301171384019,11.017979291509315,158,163.8,15.26280928683244,162.9,4.0
5.127177035020667,2350.0,398.64,-0.052854837987156414,15.822633881523206,11.755810176516357,159,163.9,14.982886356896303,163.0,4.0
5.131532752923338,2351.0,398.52,-0.03979509534070622,15.680584449615909,12.48797424546064,159,164.0,14.710935295855396,163.2,4.0
5.135899721009666,2352.0,398.44,-0.025774764601047793,15.721085110782196,13.141591536574643,159,164.1,14.390489763985954,163.5,4.0
5.140402265006406,2353.0,398.32,-0.014541133683150877,16.20915838826189,13.781680528970423,158,164.1,14.012285470601586,163.8,4.0
5.1449494243486145,2354.0,398.24,-0.007029941671533349,16.36977363194965,14.330170018739645,159,164.2,13.455525601042975,164.1,4.0
5.14939136446845,2355.0,398.23999999999995,0.0005133170291113348,15.990984431406446,14.917907190281406,159,164.2,12.859354972012492,164.4,4.0
5.15362195774424,2356.0,398.36,0.007121177768151937,15.230135792844331,15.504114737883949,159,164.2,12.201027998013874,164.6,4.0
5.157725066665436,2357.0,398.48,0.01468544217900115,14.771192116307404,16.191663454238473,160,164.3,11.506807734337428,164.8,4.0
5.161586835420734,2358.0,398.6,0.02323268180145799,13.902367519074735,16.904393249515373,160,164.3,10.797934831582928,165.0,4.0
5.165419074794895,2359.0,398.76,0.0355140175084167,13.796061746976426,17.457456514620677,160,164.3,10.021596921441269,165.2,4.0
5.1692519380702135,2360.0,398.92,0.047713852897224594,13.798307791146797,17.893115340470867,161,164.3,9.200610525952664,165.3,2.0
5.17328956116172,2361.0,399.12,0.05607820691506839,14.535443129423744,18.101462501740514,161,164.1,8.340489379969368,165.3,2.0
5.177595237866606,2362.0,399.4,0.0559737646931187,15.500436137587814,18.185255950143688,162,163.9,7.510669798116204,165.3,2.0
5.18194406189006,2363.0,399.8,0.05127931384650084,15.655766484434782,18.072583212175097,162,163.7,6.742276081814923,165.2,2.0
5.186437033358061,2364.0,400.24,0.04110308951172322,16.174697284804008,17.81766040137896,163,163.3,6.107109759300539,165.2,2.0
5.190853243945112,2365.0,400.6,0.024404881717830274,15.89835811338473,17.28007541896168,163,163.0,5.604063327596444,165.3,2.0
5.195320098370328,2366.0,400.71999999999997,0.006609982673880993,16.080675930777787,16.518835273720416,163,162.6,5.268006863866674,165.6,2.0
5.199734754620634,2367.0,400.64,-0.01236577270097351,15.89276250110125,15.42812287666637,164,162.1,5.090988321445374,165.9,2.0
5.204133272164323,2368.0,400.32,-0.03349714827517995,15.834663157280595,14.121318165371445,163,161.7,5.038624024552222,166.3,2.0
5.20845885996325,2369.0,399.76,-0.059659443749974936,15.57211607613972,12.799743175764467,164,161.3,5.256445194205718,166.7,2.0
5.212926190935898,2370.0,399.15999999999997,-0.08801298099753123,16.082391501529905,11.511207735038615,164,160.9,5.57868919294827,167.1,2.0
5.217229478156192,2371.0,398.56,-0.11898606652206893,15.491833993057163,10.43260288784456,164,160.6,5.983587298998588,167.6,2.0
5.221441563138383,2372.0,397.96000000000004,-0.15062887310213074,15.163505935886992,9.542802420631139,164,160.4,6.471255986058384,168.0,2.0
5.2255351410651905,2373.0,397.28000000000003,-0.18240242512115606,14.736880536509359,8.881049435412278,164,160.1,6.99800573955927,168.4,2.0
5.229483809968151,2374.0,396.56,-0.2116912890699779,14.215208050657731,8.397543364260503,164,159.9,7.509679139625172,168.8,2.0
5.233249936408535,2375.0,395.68,-0.23763904976739333,13.558055185383918,8.07417385755599,164,159.7,8.037760757803516,169.1,2.0
5.236939227139485,2376.0,394.6,-0.26104119745089593,13.281446631416404,7.788339548462309,164,159.7,8.49533652267402,169.3,2.0
5.240598463775788,2377.0,393.4,-0.2785008784811522,13.173251890692171,7.5846421352388065,165,159.6,8.901218359390317,169.5,2.0
5.2441068548420615,2378.0,392.15999999999997,-0.29225647412219435,12.630207838586172,7.390114429127969,164,159.5,9.315764006003972,169.6,2.0
5.247381875159366,2379.0,390.92,-0.2997870353970671,11.790073142296052,7.163393518838319,164,159.5,9.671787983012184,169.7,2.0
5.250302650938795,2380.0,389.8,-0.30286513627839745,10.514792805943792,6.869037910324353,165,159.4,10.010197217673545,169.8,2.0
5.252949908634004,2381.0,388.91999999999996,-0.30161417746635416,9.530127702752328,6.476352415304246,164,159.3,10.38022046315965,169.8,2.0
5.25533330757731,2382.0,388.2,-0.2962980603029321,8.58023619590081,5.946525877850016,164,159.2,10.711104904927808,170.0,2.0
5.257498495882794,2383.0,387.64,-0.28582991729719065,7.794677899744899,5.312308872410414,165,159.2,11.030427279081913,170.2,2.0
5.259478073389214,2384.0,387.2,-0.26837720769272005,7.126479023112714,4.641305204346349,164,159.3,11.35244350432178,170.3,2.0
5.261087705634761,2385.0,386.8,-0.24372541883131432,5.79467608396735,3.9892995253181533,164,159.3,11.59596285697928,170.4,2.0
5.262496478600464,2386.0,386.4,-0.21781663768521214,5.071582676530344,3.4198248385515306,164,159.3,11.86425055675521,170.4,2.0
5.263766489831258,2387.0,386.04,-0.19168389725973428,4.57204043085922,2.94346636564334,163,159.4,12.102331097716757,170.5,2.0
5.264969826503495,2388.0,385.76,-0.16867435681052503,4.332012020054524,2.5947502449185063,162,159.5,12.25976139836421,170.5,2.0
5.266110419831073,2389.0,385.56,-0.15172286254036993,4.1061359792832475,2.4778361078081232,162,159.5,12.324457218595708,170.5,2.0
5.267266844714629,2390.0,385.4,-0.13730854072885618,4.163129580799958,2.5096550012884045,161,159.6,12.411561407287694,170.4,2.0
5.26851675121066,2391.0,385.32,-0.12212395531180172,4.499663385711371,2.7569907633662227,161,159.6,12.47576582474331,170.3,2.0
5.269966659976938,2392.0,385.23999999999995,-0.10429745615770036,5.219671558603108,3.149237360853623,160,159.7,12.576080473792905,170.1,2.0
5.271640130109031,2393.0,385.12,-0.08475446665014874,6.024492475531893,3.6218994503737347,160,159.8,12.767307477959722,169.9,2.0
5.273474251235192,2394.0,385.0,-0.06731514285108674,6.602836054181198,4.151658231248324,160,159.8,12.987324164416716,169.7,2.0
5.275688942285331,2395.0,384.88,-0.05640801794505233,7.972887780502316,4.686099299822624,160,160.0,13.307747507821947,169.5,2.0
5.277992837469763,2396.0,384.76000000000005,-0.0480678594141075,8.294022663955857,5.180902488378116,160,160.1,13.570890657489446,169.4,2.0
5.280387565661808,2397.0,384.68,-0.04854433697662147,8.621021491362399,5.657431818320248,160,160.3,13.894633411627892,169.2,2.0
5.282945537575879,2398.0,384.64,-0.05201303250081507,9.20869889065249,6.0527411554897945,160,160.6,14.27422794371542,169.1,2.0
5.285549324663182,2399.0,384.56,-0.05727856719167843,9.373633514292102,6.271332408672199,159,160.9,14.747836597439523,169.1,2.0
5.288127064546921,2400.0,384.48,-0.06539128278192075,9.279863581458994,6.419672766194372,159,161.2,15.184522256019084,169.1,2.0
5.290843864426781,2401.0,384.32,-0.07488385310627074,9.780479567494819,6.457626345086379,159,161.6,15.60896284939322,169.1,2.0
5.293564816984366,2402.0,384.08000000000004,-0.08562111913085854,9.795429207308125,6.428486037619092,160,161.8,15.957296829977144,169.2,2.0
5.296365736662892,2403.0,383.71999999999997,-0.09942339260775124,10.083310842694866,6.396142857198919,159,162.1,16.20662964726734,169.2,2.0
5.299351373474091,2404.0,383.28000000000003,-0.11350683845769534,10.74829252031776,6.334126994774108,159,162.4,16.43967843235376,169.2,2.0
5.30255502001592,2405.0,382.8,-0.12573942073468156,11.533127550584425,6.277937752235968,160,162.6,16.654557316276325,169.3,2.0
5.305798940852189,2406.0,382.28000000000003,-0.139091926302548,11.678115010569474,6.252166780633514,159,162.8,16.939791018423087,169.4,2.0
5.309221511392807,2407.0,381.71999999999997,-0.1483257706635422,12.321253946223466,6.210750056101288,159,162.9,17.24434757502358,169.5,2.0
5.312698606756233,2408.0,381.2,-0.154777283586977,12.517543308334055,6.216626687864122,159,162.9,17.59063394864391,169.5,2.0
5.316189400438409,2409.0,380.68,-0.15845132827197217,12.566857255833154,6.248030003827376,159,162.9,17.83325096836467,169.5,2.0
5.319661629836703,2410.0,380.12,-0.1596933697330639,12.500025833857665,6.27749404516809,160,163.0,18.058942499239414,169.5,2.0
5.3230548723628335,2411.0,379.6,-0.15756218081745155,12.215673094069794,6.2993440256461986,159,163.2,18.28073847241256,169.5,2.0
5.326521068530908,2412.0,379.08000000000004,-0.15548639342078066,12.478306205067444,6.38104397083342,160,163.5,18.37775471127273,169.4,2.0
5.329983323045439,2413.0,378.52,-0.15000387325682335,12.464116252310308,6.50110095061283,160,163.8,18.310517655200236,169.4,2.0
5.333406266247326,2414.0,377.96000000000004,-0.14271413729246712,12.322595526792323,6.691967588689346,160,164.1,18.14360514000141,169.4,2.0
5.336789623400909,2415.0,377.48,-0.13242789963734874,12.180085752899396,6.98998627458757,160,164.4,17.753418375539635,169.2,2.0
5.340275500316879,2416.0,376.96,-0.12102791583643235,12.54915689748932,7.352032828820039,160,164.6,17.15530048957364,168.8,2.0
5.34387641646154,2417.0,376.52,-0.10779143473682126,12.963298120779644,7.808903755035115,159,164.8,16.489930702326618,168.1,2.0
5.347632163627882,2418.0,376.2,-0.09555372548554089,13.520689798829972,8.264700535573438,160,165.0,15.70831183021643,167.3,4.0
5.351654143432743,2419.0,376.0,-0.08400713125280619,14.479127297501353,8.782138495698085,160,165.2,15.010684471529334,166.3,4.0
5.355737530293418,2420.0,375.8,-0.07429355885033578,14.700192698427614,9.327602448374698,160,165.3,14.326903470938827,165.4,4.0
5.360020837662341,2421.0,375.72,-0.06786719233232881,15.419906528122086,9.891160672692909,161,165.3,13.69044067472506,164.5,4.0
5.364217987023936,2422.0,375.6,-0.061336503580657786,15.109737701742437,10.366857111513333,161,165.3,13.1474487342734,163.6,4.0
5.368579526966629,2423.0,375.4,-0.05721531662645465,15.70154379369478,10.728552020766111,162,165.2,12.837694104407811,162.7,4.0
5.373056899424315,2424.0,375.12,-0.057227254303668026,16.11854084766757,10.932528004719337,163,165.2,12.544781837645685,161.9,4.0
5.377755836171576,2425.0,374.8,-0.062066072395951764,16.916172290140466,10.976190060459402,163,165.3,12.532045675613793,161.2,4.0
5.382454728805822,2426.0,374.44,-0.0693012785829493,16.916013483284914,10.927936729263672,163,165.6,12.660864613812103,160.8,4.0
5.387234646598745,2427.0,374.08,-0.08269057671987191,17.207704054521002,10.797994182992817,163,165.9,12.871749176607883,160.7,4.0
5.391957988155597,2428.0,373.68,-0.09738812990985705,17.004029604669206,10.651794402452552,162,166.3,13.087527160548888,160.8,4.0
5.396672559119598,2429.0,373.2,-0.11010511117434711,16.972455470403307,10.460710991677386,163,166.7,13.324364273591415,161.1,4.0
5.401403303716624,2430.0,372.6,-0.12024292783802346,17.03068054929182,10.264098453287614,163,167.1,13.504447370664604,161.3,4.0
5.40628349687422,2431.0,371.84,-0.12964982402433567,17.568695367347733,10.015290915582424,163,167.6,13.57717101592107,161.5,4.0
5.411272962075111,2432.0,370.96000000000004,-0.13843348753026324,17.962074723210087,9.797208574580882,163,168.0,13.641945863081304,161.8,4.0
5.416480492452806,2433.0,370.08,-0.1468740616462871,18.74710935969967,9.646326606233432,163,168.4,13.66983595777126,162.1,4.0
5.421919771503881,2434.0,369.24,-0.15683996225989089,19.5814045838709,9.509458974091324,163,168.8,13.73716475987948,162.3,4.0
5.427292644417033,2435.0,368.4,-0.16777753194628225,19.342342487348045,9.349957037993367,163,169.1,13.729874015832072,162.5,4.0
5.432618457970375,2436.0,367.56,-0.17658264911191826,19.172928792032405,9.19183600056157,164,169.3,13.76262716951044,162.6,4.0
5.438014475688779,2437.0,366.76000000000005,-0.18234548915014295,19.4256637862524,8.976189362843542,165,169.5,13.670580476055289,162.8,4.0
5.4430073067980205,2438.0,365.88,-0.18892538282733912,17.974191993270903,8.713609630824582,165,169.6,13.494778182537193,162.9,4.0
5.44753510816182,2439.0,364.92,-0.1989432163611149,16.30008490967837,8.485847477429429,166,169.7,13.203356451122882,162.9,4.0
5.451802206883293,2440.0,364.0,-0.21315608717621887,15.361555397303594,8.255994994453093,166,169.8,12.885518888199403,162.9,4.0
5.455598547917385,2441.0,363.12,-0.23141358866462283,13.666827722729995,8.11655614908461,166,169.8,12.59862555779873,162.9,4.0
5.458926574546149,2442.0,362.15999999999997,-0.25147896371489264,11.980895863550124,8.002905543092968,165,170.0,12.390452091202024,162.8,4.0
5.462285855514824,2443.0,361.12,-0.27087741664967396,12.093411487229453,7.9365883256301455,165,170.2,12.14928871553566,162.7,4.0
5.46555397103226,2444.0,360.0,-0.2853943502305295,11.765215862769011,7.902752349947673,165,170.3,11.97733138059259,162.6,4.0
5.468988990171281,2445.0,358.76000000000005,-0.2935230615460688,12.366068900477089,7.967742230950871,165,170.4,11.79361928777458,162.4,4.0
5.472415412056317,2446.0,357.48,-0.29774522029016814,12.33511878612734,7.980234973423822,165,170.4,11.61864709445872,162.2,4.0
5.476043477563016,2447.0,356.23999999999995,-0.30041624694112784,13.061035824114708,8.080973781399894,165,170.5,11.470715217997222,161.9,4.0
5.479527997726558,2448.0,355.08000000000004,-0.29975273629732113,12.544272588754305,8.1733858236891,165,170.5,11.45235054423804,161.7,4.0
5.483195369562954,2449.0,354.03999999999996,-0.293617264310214,13.202538611022526,8.225480459904713,165,170.5,11.459834807054722,161.5,4.0
5.486648823098976,2450.0,353.12,-0.2840610752465194,12.432432729682283,8.213989818473815,166,170.4,11.492534778999218,161.3,4.0
5.490409785905202,2451.0,352.23999999999995,-0.27246358891461553,13.539466102411087,8.165485220739788,167,170.3,11.548592106509265,161.1,4.0
5.49409564291785,2452.0,351.36,-0.2587927117705562,13.269085245533267,8.060509626063572,168,170.1,11.609114468817037,160.9,4.0
5.498040714338735,2453.0,350.56000000000006,-0.24519699626280372,14.202257115187216,7.8693111270798894,168,169.9,11.634692159187942,160.7,4.0
5.501908213144896,2454.0,349.76000000000005,-0.23418601589095117,13.922995702179055,7.6790894396372575,169,169.7,11.60921431834964,160.5,4.0
5.50600111315348,2455.0,348.88,-0.22721955452490222,14.734440030902377,7.479658056391861,169,169.5,11.59466485313314,160.4,4.0
5.5099277658637185,2456.0,348.0,-0.22005336682999369,14.135949756859208,7.343436126731975,169,169.4,11.45868281651718,160.3,4.0
5.51375784149613,2457.0,347.15999999999997,-0.21372748150728316,13.788272276679368,7.193356130424384,170,169.2,11.34368700237543,160.2,4.0
5.517422291790673,2458.0,346.32,-0.2081490802466595,13.19202106035667,7.108130959597467,169,169.1,11.16215980791799,160.0,4.0
5.521167136112318,2459.0,345.48,-0.2063676940091347,13.481439557922071,6.992847039796824,169,169.1,10.964809516853864,159.8,4.0
5.524807614098641,2460.0,344.8,-0.20501348456685203,13.105720750764483,6.864607775708782,170,169.1,10.80720650539106,159.7,4.0
5.528548324838068,2461.0,344.16,-0.20435820792897114,13.46655866193701,6.693092613998074,170,169.1,10.63668902776244,159.6,4.0
5.532325162833156,2462.0,343.52,-0.20534210368405711,13.596616782316937,6.529409244804304,170,169.2,10.429526662316878,159.6,4.0
5.5360145489944435,2463.0,342.84000000000003,-0.20773712277712467,13.281790180635724,6.403060475546492,170,169.2,10.278754165426538,159.5,4.0
5.539393708096387,2464.0,342.15999999999997,-0.21055231347974543,12.164972766998073,6.337601057059109,170,169.2,10.144208801468684,159.5,4.0
5.542677103295487,2465.0,341.4,-0.21353923335815667,11.820222716759279,6.267332648469209,170,169.3,9.962873864312485,159.5,4.0
5.545720873886494,2466.0,340.6,-0.2205465592331985,10.957574127624401,6.23987695113278,170,169.4,9.875606757468285,159.6,4.0
5.548754023601125,2467.0,339.8,-0.2294842658613872,10.919338972672671,6.200319539363815,170,169.5,9.758732306848756,159.7,4.0
5.5518402142662335,2468.0,339.0,-0.23791646172299047,11.110286394389584,6.145853683632692,171,169.5,9.71120213177788,160.0,4.0
5.554915160322139,2469.0,338.2,-0.24342387552072955,11.069805801258445,6.081264942939201,171,169.5,9.722488369099118,160.3,4.0
5.558077979044731,2470.0,337.4,-0.245994011545434,11.386147401333767,6.062929151307651,171,169.5,9.776967366774072,160.7,4.0
5.5613083784152195,2471.0,336.56,-0.24203934142043354,11.629437733756925,6.048455728547958,171,169.5,9.784819493202246,161.1,4.0
5.564599182539986,2472.0,335.72,-0.23163825257867737,11.846894849158348,6.045961121836294,170,169.4,9.774219913277456,161.4,4.0
5.567877646822214,2473.0,334.91999999999996,-0.21715387222610896,11.802471416020735,6.0631866588398955,171,169.4,9.730518121946378,161.7,4.0
5.571205792941493,2474.0,334.2,-0.19990626617228985,11.981326029406238,6.100526322660753,170,169.4,9.700426744709771,161.9,4.0
5.5745099777595275,2475.0,333.6,-0.18114599449781427,11.895065344926104,6.140573985271801,170,169.2,9.666449908317787,162.0,4.0
5.577644581605935,2476.0,333.15999999999997,-0.16244868313516728,11.284573847069378,6.169217708565322,169,168.8,9.619779848550346,162.0,4.0
5.580833446119206,2477.0,332.84,-0.14262732974793596,11.47991224777309,6.2225284203763405,169,168.1,9.55668699942694,162.0,4.0
5.584087754457391,2478.0,332.6,-0.12430926207996536,11.71551001746731,6.2106592636830324,169,167.3,9.42178893641666,161.9,4.0
5.587233749653215,2479.0,332.4,-0.11020159520332325,11.325582704967525,6.213835568784691,169,166.3,9.226976781112782,161.9,4.0
5.590325796595701,2480.0,332.2,-0.10168126532786297,11.131368992950737,6.184523640498403,169,165.4,9.058308905791582,161.8,4.0
5.593515780785032,2481.0,332.0,-0.09852652648270425,11.483943081591946,6.1441916190140144,169,164.5,8.979794515972651,161.7,4.0
5.596428857030309,2482.0,331.76,-0.10333607110438589,10.487074482998743,6.109096687603916,169,163.6,9.003541954326606,161.6,4.0
5.599387888495477,2483.0,331.44,-0.11074486000335279,10.652513274603244,6.041183664281425,169,162.7,9.08236679492378,161.6,4.0
5.602211792407931,2484.0,331.04,-0.11632797063470049,10.166054084831812,5.914046286454733,169,161.9,9.22268886249723,161.6,4.0
5.60496778197301,2485.0,330.6,-0.12031003842618382,9.921562434284887,5.774329439344401,170,161.2,9.346404370377332,161.7,4.0
5.6076645996764665,2486.0,330.08000000000004,-0.1242394392819681,9.708543732441289,5.611444218069762,169,160.8,9.456656660963995,161.7,4.0
5.610379804529657,2487.0,329.6,-0.12804069392333545,9.774737471486912,5.404424214898908,169,160.7,9.548697238617365,161.6,4.0
5.613058661852716,2488.0,329.24,-0.1333016726372158,9.643886363011694,5.263223412877471,170,160.8,9.683317388142385,161.5,4.0
5.615785844557179,2489.0,328.96000000000004,-0.14160291111700996,9.817857736064102,5.123096351027046,169,161.1,9.789886448470265,161.3,4.0
5.61850415437756,2490.0,328.68,-0.15136817026906477,9.785915353372213,5.0397493712619585,169,161.3,9.840875365750652,161.1,4.0
5.621190430408124,2491.0,328.4,-0.16259558392297307,9.670593710029939,5.017314759902154,170,161.5,9.802852666550836,161.0,4.0
5.623861098023278,2492.0,328.04,-0.17234664980796857,9.614403414556744,5.065944670180388,170,161.8,9.669819114480802,160.9,4.0
5.626495478236725,2493.0,327.52000000000004,-0.18479602830134695,9.48376876840798,5.1502089542125,170,162.1,9.451111382142924,160.8,4.0
5.629187353885093,2494.0,326.88,-0.2031080148327738,9.690752334123042,5.294067787100198,169,162.3,9.12797423863536,160.7,4.0
5.631974694109397,2495.0,326.15999999999997,-0.22592836758887244,10.034424807497254,5.479347725505816,170,162.5,8.81667349842972,160.6,4.0
5.63482284236195,2496.0,325.4,-0.25070116208153487,10.25333370919085,5.714489782074692,169,162.6,8.558396453406804,160.6,4.0
5.637559858677441,2497.0,324.6,-0.2762281932096038,9.853258735768641,5.962257919201475,169,162.8,8.34781738505465,160.7,4.0
5.640209272722931,2498.0,323.76,-0.301125365866124,9.537890563763792,6.19754669453032,169,162.9,8.209737363045113,160.8,4.0
5.642815061562585,2499.0,322.88,-0.31887649336244517,9.380839822753337,6.394064075616233,169,162.9,8.140010580896332,160.9,4.0
5.645449784223976,2500.0,321.96,-0.328891061624197,9.485001581006147,6.501234638434181,169,162.9,8.044289705137569,161.0,4.0
5.648041680153451,2501.0,321.04,-0.33237752644874885,9.330825346110098,6.515344029859335,168,162.9,7.728749302608925,161.0,4.0
5.650582708713696,2502.0,320.08000000000004,-0.330715816976088,9.147702816882322,6.469999084371759,166,162.8,7.268315880130922,161.0,4.0
5.653041831012911,2503.0,319.15999999999997,-0.32249183764458417,8.852840277173925,6.387770753031726,163,162.7,6.90542577902867,161.0,4.0
5.655358989819583,2504.0,318.32,-0.3093294495609006,8.341771704020244,6.266497427142396,161,162.6,6.700199098538927,161.0,4.0
5.657605185168044,2505.0,317.56,-0.2942765958231671,8.08630325445846,6.102840761336293,160,162.4,6.618511784500022,161.0,4.0
5.659984811544705,2506.0,316.88,-0.27696915996741545,8.566654955978855,5.9239238219053405,160,162.2,6.489726135393748,161.1,4.0
5.6625037323329215,2507.0,316.32,-0.2601961870496129,9.068114837579335,5.723986772379466,160,161.9,6.270716890426387,161.1,4.0
5.665219111484951,2508.0,315.84000000000003,-0.24106606825769164,9.77536494730334,5.5264464990325886,160,161.7,5.874614896036861,161.2,4.0
5.668043858215152,2509.0,315.36,-0.2247487065886709,10.16908822872507,5.35708753861051,160,161.5,5.294929428701293,161.3,4.0
5.6710683643975806,2510.0,314.88,-0.21201029812325442,10.888222256740649,5.270016388187829,161,161.3,4.729528522445818,161.4,4.0
5.674003914515612,2511.0,314.36,-0.20474044676463662,10.56798042491111,5.230690136448926,161,161.1,4.560570337593246,161.4,4.0
5.676851199438597,2512.0,313.84,-0.20343829941543654,10.250225722748976,5.224086358733509,162,160.9,4.706825990682992,161.5,4.0
5.679565990009071,2513.0,313.28,-0.21126735022890392,9.773246053707599,5.231137472586981,162,160.7,4.922456821105728,161.6,4.0
5.682257093675536,2514.0,312.72,-0.22496311299816735,9.687973199270457,5.258817036351931,162,160.5,5.1069029577020615,161.8,4.0
5.684799314191574,2515.0,312.12,-0.24136643946474967,9.151993857737255,5.301858063710247,163,160.4,5.216648437887601,162.0,4.0
5.68732057644957,2516.0,311.48,-0.25860160937180804,9.076544128782738,5.349069328304401,162,160.3,5.419767517384851,162.1,4.0
5.689733878628898,2517.0,310.76,-0.2748606243694882,8.687887845581155,5.454294817052573,162,160.2,5.678028506602156,162.3,4.0
5.692079720136288,2518.0,310.0,-0.29342980970505883,8.445029426603007,5.644951948962576,163,160.0,6.006149813070882,162.5,4.0
5.694296945387773,2519.0,309.2,-0.31199100858089485,7.982010905346299,5.883123852116623,163,159.8,6.556798341817256,162.7,4.0
5.696423848393791,2520.0,308.4,-0.33274787148231977,7.6568508216649995,6.198940901534364,163,159.7,7.207064575251755,163.0,4.0
5.698494674233473,2521.0,307.6,-0.3536850680789426,7.454973022854722,6.5524129282794705,163,159.6,7.81839472372082,163.4,4.0
5.700624522920283,2522.0,306.76,-0.3735769673679364,7.667455272519814,6.8672247398388135,163,159.6,8.372460042841094,163.7,4.0
5.702754371634224,2523.0,305.92,-0.38551672266319936,7.667455370186063,7.1361149962984,164,159.5,8.832217696565678,164.0,4.0
5.705061919683995,2524.0,305.08,-0.3957070610446584,8.30717297917509,7.13116891424624,163,159.5,9.14884832467026,164.2,4.0
5.707410454694065,2525.0,304.24,-0.40254201189846317,8.45472603624943,7.167404043616893,163,159.5,9.31814770382696,164.4,4.0
5.709665825630508,2526.0,303.4,-0.411583759060915,8.119335371195108,7.314051173623431,162,159.6,9.295833302585669,164.6,4.0
5.711202626691701,2527.0,302.64,-0.4251554634646547,5.532483820294717,7.437083908523272,162,159.7,9.230793680828633,164.8,4.0
5.712269486469985,2528.0,301.88,-0.4454128982520193,3.8406952018229634,7.461327097822308,162,160.0,9.238954204050172,164.9,4.0
5.713478683662853,2529.0,301.16,-0.46312125384777775,4.353109894323789,7.3833005169878465,162,160.3,9.173026485690306,164.9,4.0
5.715035512556399,2530.0,300.43999999999994,-0.47658497491227847,5.604584016767565,7.057175537153453,162,160.7,9.076198403640026,164.8,4.0
5.716879429190418,2531.0,299.71999999999997,-0.4854499558280504,6.638099882465675,6.505122737183579,161,161.1,8.94348564631649,164.7,4.0
5.718651539963045,2532.0,298.96,-0.4882520874551045,6.379598781457086,5.944317253631334,161,161.4,8.745034400487025,164.6,4.0
5.720173029663187,2533.0,298.24,-0.4938401707050165,5.4773629205124434,5.5763369717956905,161,161.7,8.553833942827321,164.5,4.0
5.7213802943952095,2534.0,297.52000000000004,-0.49950615642159313,4.3461530352798325,5.632204385073928,161,161.9,8.45116674765037,164.5,4.0
5.722118591996013,2535.0,296.79999999999995,-0.5088930001949393,2.6578713628937454,5.7670526003940195,161,162.0,8.550247828681961,164.4,4.0
5.722803404859524,2536.0,296.12,-0.5127218109468746,2.46532630864037,5.865694021366545,160,162.0,8.809634722438842,164.3,4.0
5.7238708776294605,2537.0,295.43999999999994,-0.5120855812016422,3.8429019717689985,5.965353004503213,160,162.0,9.15134399686656,164.2,4.0
5.725344003110772,2538.0,294.71999999999997,-0.49819313300729606,5.30325173272042,6.141993493657601,160,161.9,9.492720918350198,164.1,4.0
5.727152174832591,2539.0,293.91999999999996,-0.4818779631188505,6.509418198551142,6.31762227701539,160,161.9,9.872111302697622,164.1,4.0
5.729221354105572,2540.0,293.12,-0.462927422337091,7.449045382730902,6.56439856583543,160,161.8,10.177750040849316,164.1,4.0
5.731370119295661,2541.0,292.23999999999995,-0.4445090763102004,7.735554684321069,6.994030699655619,160,161.7,10.40925306901407,164.0,4.0
5.733706449733559,2542.0,291.35999999999996,-0.42805332952942593,8.410789576429591,7.444513327182728,160,161.6,10.653913344586485,163.9,4.0
5.735945331070416,2543.0,290.48,-0.4104887066955641,8.059972812685494,7.725221750199038,160,161.6,10.85495272032008,163.8,4.0
5.738064043875962,2544.0,289.64,-0.39054723751345255,7.627366099967098,7.811371169927822,159,161.6,10.987915500657628,163.7,4.0
5.740331920723284,2545.0,288.8,-0.3663453366781007,8.164356650357472,7.716278634708964,159,161.7,11.044610409693323,163.7,4.0
5.742823028679669,2546.0,288.0,-0.34177375428197027,8.967988642985363,7.4510806332824115,159,161.7,11.116378160575549,163.7,4.0
5.745588640750908,2547.0,287.24,-0.31229532966018086,9.95620345645964,7.085763796749637,159,161.6,11.11484069777842,163.7,4.0
5.748600836563109,2548.0,286.52,-0.28579070053584804,10.843904923923171,6.599814037775763,160,161.5,11.084999680713338,163.6,4.0
5.751686112878608,2549.0,285.84,-0.2613719785804773,11.106994735796968,6.143694864767506,159,161.3,11.040355276825002,163.6,4.0
5.7546348216741015,2550.0,285.24,-0.24172004949674936,10.615351663776753,5.790081184973099,160,161.1,10.973516553744306,163.6,4.0
5.757253862917404,2551.0,284.76,-0.2259997750351487,9.42854847588803,5.435073793950626,160,161.0,10.873400857942425,163.6,4.0
5.759528208907408,2552.0,284.32000000000005,-0.21667119065892732,8.187645564016703,5.104865854434043,161,160.9,10.80032445874148,163.6,4.0
5.761586424628273,2553.0,283.91999999999996,-0.21088739587669791,7.409576595115117,4.819468655306208,161,160.8,10.675337202340904,163.6,4.0
5.76372780555388,2554.0,283.52000000000004,-0.2075225456795827,7.7089713321825055,4.56378232154026,162,160.7,10.567303049110198,163.6,4.0
5.765812549850202,2555.0,283.08000000000004,-0.20303216700117782,7.505079466758805,4.373001997528871,162,160.6,10.462676903512014,163.5,4.0
5.768034690912003,2556.0,282.56000000000006,-0.20089022260270864,7.999707822482573,4.270206435272194,163,160.6,10.300893501152736,163.4,4.0
5.770431656435121,2557.0,282.0,-0.20101489223349053,8.629075883224258,4.294176173110038,163,160.7,10.145514839669149,163.2,4.0
5.772892598786684,2558.0,281.4,-0.20054086365192517,8.859392465628545,4.40781094091844,163,160.8,9.972039186995758,163.1,4.0
5.775446762719795,2559.0,280.84000000000003,-0.19965698899938028,9.194990159199934,4.567411209253637,162,160.9,9.74614180551924,162.9,4.0
5.77811028486202,2560.0,280.28000000000003,-0.19805827772784157,9.588679712007227,4.730345038115694,162,161.0,9.509575166903344,162.7,4.0
5.78100455133041,2561.0,279.76,-0.19413268299327519,10.419359286203944,4.91577884933319,161,161.0,9.210746320903883,162.6,4.0
5.783999416469739,2562.0,279.28,-0.18639773245260494,10.781514501585512,5.065563533779679,161,161.0,8.819504582345001,162.5,4.0
5.787006824619571,2563.0,278.84,-0.17846510866320958,10.826669339392296,5.176920223458922,161,161.0,8.479054412099384,162.4,4.0
5.79009647477152,2564.0,278.4,-0.17078651568805753,11.122740547018896,5.293532781595119,161,161.0,8.190177284006941,162.2,4.0
5.793235081246585,2565.0,277.96000000000004,-0.1681904415160266,11.298983310233046,5.388600709620215,162,161.0,7.960198910697263,162.0,4.0
5.7963062188032515,2566.0,277.52,-0.1677379614228715,11.056095203999485,5.452490226100293,162,161.1,7.837169114814503,161.9,4.0
5.799346248293493,2567.0,277.04,-0.1709486518553552,10.944106164871817,5.4835193832304645,162,161.1,7.828359214947161,161.8,4.0
5.8024868025216465,2568.0,276.52000000000004,-0.17627869414299183,11.30599522135267,5.529963645507372,162,161.2,7.868773530981125,161.7,4.0
5.805599409165128,2569.0,275.91999999999996,-0.18489945203474073,11.205383916535904,5.54560100624453,162,161.3,8.007556562281374,161.6,4.0
5.8086322723638455,2570.0,275.28000000000003,-0.1926976614897555,10.918307515382699,5.549962090719444,162,161.4,8.230569958916737,161.5,4.0
5.811684024690668,2571.0,274.6,-0.1996877006032542,10.98630837656093,5.548138964555132,162,161.4,8.554673844380188,161.5,4.0
5.814878244693559,2572.0,273.92,-0.20707496679821008,11.499192010407716,5.5352159216855075,161,161.5,8.927258875217486,161.4,4.0
5.817881382113399,2573.0,273.2,-0.21345045968980725,10.811294711421024,5.506142179478745,160,161.6,9.312627202694838,161.3,4.0
5.820888140551278,2574.0,272.52000000000004,-0.2175794972076103,10.824330376368088,5.491918498892361,160,161.8,9.621126311162502,161.2,4.0
5.82390273479332,2575.0,271.88,-0.21943621635635663,10.85253927134969,5.447246083420279,160,162.0,9.804080963888122,161.2,4.0
5.826788209230318,2576.0,271.24,-0.22031193607329258,10.387707973192521,5.40746013737975,160,162.1,9.8617607479843,160.9,4.0
5.829550139565555,2577.0,270.6,-0.22030135275536183,9.942949206852989,5.36344288937554,161,162.3,9.842767238880034,160.2,4.0
5.832487703795928,2578.0,270.0,-0.2191927834670707,10.575231229343238,5.2818274857002105,161,162.5,9.769217401517045,159.5,4.0
5.835253123616075,2579.0,269.4,-0.21567888135278707,9.955511352530138,5.195011185018414,161,162.7,9.619108826925515,158.7,4.0
5.837985891944707,2580.0,268.8,-0.21423857766673393,9.83796598307565,5.093195792485676,161,163.0,9.468338723426156,157.9,4.0
5.8407470160893125,2581.0,268.2,-0.21133744964167495,9.940046920579082,4.961611813207547,161,163.4,9.365067421132895,157.0,1.0
5.843491837752317,2582.0,267.64,-0.2071163833346171,9.881357986814928,4.824615297906631,161,163.7,9.244569877899844,156.2,1.0
5.846063367779146,2583.0,267.12,-0.20318525051334135,9.257508096585157,4.657811568074475,161,164.0,9.157051332705894,155.4,1.0
5.848588249404044,2584.0,266.6,-0.2005901772020382,9.089573849634185,4.446309531389888,161,164.2,9.20017726807841,154.6,1.0
5.850975350919763,2585.0,266.16,-0.19769464036719417,8.593565456584518,4.267114607595143,161,164.4,9.327320861553176,153.7,1.0
5.85320369580505,2586.0,265.76000000000005,-0.1979942959379034,8.022041587033552,4.117117913274895,161,164.6,9.523514547057871,153.0,1.0
5.8551355460125105,2587.0,265.36,-0.1992095976786555,6.954660746858382,4.002796303671506,161,164.8,9.808889728812556,152.8,1.0
5.856986327635775,2588.0,264.96,-0.20250396343024382,6.66281384375441,3.9510084330612414,161,164.9,10.152253732289036,152.5,1.0
5.858806052538574,2589.0,264.56,-0.20742923284163667,6.551009650073985,3.9642833091737844,161,164.9,10.486874129828852,152.3,1.0
5.860736384400282,2590.0,264.08000000000004,-0.21039910769480402,6.949194702151212,4.0085948964705285,161,164.8,10.769655166111995,152.1,1.0
5.862858679730139,2591.0,263.56000000000006,-0.21491209334731987,7.640263187482313,4.109527760244445,161,164.7,10.976303860089562,151.9,1.0
5.865261751960135,2592.0,263.0,-0.2197806502867264,8.651060027987324,4.255607670110298,162,164.6,11.14965320742946,151.7,1.0
5.867808810042889,2593.0,262.4,-0.22372229187506648,9.169409097911746,4.454634784956624,161,164.5,11.231698940005716,151.5,1.0
5.870445953656771,2594.0,261.8,-0.22725109284287698,9.493717009973805,4.681944945780724,162,164.5,11.205258971930794,151.3,1.0
5.873218563592767,2595.0,261.2,-0.23080148167402123,9.981395769587001,4.920220460888163,162,164.4,11.158982384665872,151.2,1.0
5.8760663901353745,2596.0,260.6,-0.2324255456434261,10.252175553387195,5.125947791876282,162,164.3,11.044548169964845,151.0,1.0
5.878898528913567,2597.0,260.0,-0.23449697074137443,10.195699601492885,5.274071199869421,161,164.2,10.820850675869554,150.9,1.0
5.881784268955824,2598.0,259.4,-0.2373783662641634,10.388664152127397,5.363104469058871,162,164.1,10.592622848107608,150.9,1.0
5.884674461434948,2599.0,258.8,-0.24134396340492295,10.4046929248475,5.414866568879303,162,164.1,10.432209840916832,150.9,1.0
5.887461735264623,2600.0,258.16,-0.24674415878899064,10.034185786827871,5.436881883998677,163,164.1,10.310667132631512,150.9,1.0
5.890092237963161,2601.0,257.48,-0.25342845850117,9.469809714738489,5.414851436249373,163,164.0,10.299553709962703,151.0,1.0
5.892655531815647,2602.0,256.76,-0.2591512347585259,9.227857868949107,5.3901011611483565,163,163.9,10.34772417600472,151.1,1.0
5.8951498301508884,2603.0,256.0,-0.263365071548724,8.979474006869081,5.385855211128757,163,163.8,10.37213219943464,151.2,1.0
5.897582668660984,2604.0,255.24,-0.2656550384341146,8.758218636343925,5.358591135588531,164,163.7,10.376654424795026,151.3,1.0
5.899938310334226,2605.0,254.48000000000002,-0.26719888733087227,8.4803100236717,5.33037976208394,164,163.7,10.333500130070394,151.4,1.0
5.90236733103378,2606.0,253.76,-0.2663090713414981,8.744474518393622,5.351103582104567,165,163.7,10.3015920253422,151.7,1.0
5.90491260508338,2607.0,253.08,-0.2642031953127094,9.162986578560295,5.389764976168543,165,163.7,10.326173411557612,151.9,1.0
5.9074636297277685,2608.0,252.44,-0.25955828163053357,9.183688719796839,5.441331722794052,165,163.6,10.324732319548712,152.2,1.0
5.910110715136909,2609.0,251.8,-0.25264591868757524,9.529507472908007,5.523049911436646,165,163.6,10.3306348430545,152.6,1.0
5.913017783231507,2610.0,251.16,-0.2450060062436426,10.465445140553037,5.6275174564436865,165,163.6,10.351293344514032,153.0,1.0
5.916001462578587,2611.0,250.47999999999996,-0.23564076282679927,10.741245649486148,5.724211469854519,165,163.6,10.289400098483783,153.3,1.0
5.919109738890808,2612.0,249.8,-0.22674405554351856,11.189794723996087,5.794346291930785,165,163.6,10.212220528200216,153.6,1.0
5.922396746064257,2613.0,249.11999999999998,-0.21985518067624357,11.833225824415907,5.826457408998911,165,163.6,10.207143048908645,153.9,1.0
5.925783373472898,2614.0,248.44,-0.21652340244803145,12.191858671108724,5.851736496423379,165,163.6,10.217832771122248,154.3,1.0
5.9290685162504175,2615.0,247.8,-0.21432673167681884,11.826513999069858,5.841350101990296,164,163.5,10.289639374607226,154.6,1.0
5.932283039828536,2616.0,247.2,-0.214742686926586,11.572284881225045,5.7854819662406864,164,163.4,10.359707578872246,154.9,1.0
5.935402338028074,2617.0,246.6,-0.2148650055956698,11.229473518335984,5.7339100888742545,164,163.2,10.448432261623296,155.2,1.0
5.938434888637295,2618.0,245.95999999999998,-0.21587687441227638,10.917182193195806,5.659265911227688,164,163.1,10.552692111689009,155.4,1.0
5.9413098788591485,2619.0,245.32,-0.21594418614830121,10.34996479867058,5.535474768464772,164,162.9,10.594927739264769,155.4,1.0
5.944143502597983,2620.0,244.64000000000001,-0.2162541118204317,10.2010454598038,5.409072050093374,165,162.7,10.624201838078989,155.4,1.0
5.946998635869327,2621.0,243.95999999999998,-0.21517743935843262,10.278479776836937,5.315120606475763,164,162.6,10.671221309051058,155.4,1.0
5.949789039362934,2622.0,243.28000000000003,-0.2139412731592299,10.045452576985793,5.236837560006565,164,162.5,10.673124723400354,155.4,1.0
5.95245466460834,2623.0,242.64000000000001,-0.21130698015369376,9.596250883463012,5.212637571775712,164,162.4,10.696463429713,155.5,1.0
5.955207325828754,2624.0,242.0,-0.20582227320626312,9.90958039348926,5.218480229759334,164,162.2,10.76568852755192,155.4,1.0
5.958046876919632,2625.0,241.44,-0.19847519343327003,10.22238392716211,5.216884365062841,164,162.0,10.78243129720754,155.4,1.0
5.960923781863625,2626.0,240.92,-0.18931186275261774,10.356857798371827,5.2106638212140695,164,161.9,10.86211663178992,155.3,1.0
5.964012209444638,2627.0,240.44,-0.18117911349286678,11.118339291647912,5.185945134106232,163,161.8,10.902257585229126,155.1,1.0
5.967178566903976,2628.0,240.0,-0.1727391474972197,11.398886853615968,5.175122156408598,163,161.7,10.904312740682885,154.9,1.0
5.970121357190912,2629.0,239.6,-0.16436423118640225,10.594045032969776,5.202280011527334,163,161.6,10.953020297401729,154.8,1.0
5.972967542666859,2630.0,239.2,-0.15619921875616485,10.24626771340767,5.226535093871526,164,161.5,10.969067438992417,154.7,1.0
5.975702802897301,2631.0,238.76,-0.1508702882742433,9.846936829590625,5.266868008937811,164,161.5,10.882521015521036,154.6,1.0
5.978404572766663,2632.0,238.32,-0.1441041980447165,9.726371529703835,5.332029182643218,164,161.4,10.8045359911102,154.5,1.0
5.981138479640445,2633.0,237.92000000000002,-0.13857761496940815,9.842064745617137,5.377545522144008,164,161.3,10.682494932666987,154.2,1.0
5.983887137827501,2634.0,237.51999999999998,-0.1343213558264003,9.89516947340028,5.442705172768449,163,161.2,10.422665469646962,154.1,1.0
5.9867430848170065,2635.0,237.11999999999998,-0.13002358976554426,10.281409162219974,5.57099809531733,164,161.2,10.21233309310083,154.0,1.0
5.989677374487275,2636.0,236.8,-0.12289940045115341,10.563442812967144,5.734892889645808,164,160.9,9.951271345505344,153.9,1.0
5.992593876384872,2637.0,236.48000000000002,-0.11300292780159298,10.499406831345427,5.968817119142727,163,160.2,9.665250088417547,153.9,1.0
5.9955458461489775,2638.0,236.16,-0.10176667998998006,10.627091150780268,6.219897146573463,163,159.5,9.397653254028429,153.9,1.0
5.99847453232677,2639.0,235.88000000000002,-0.09047054259182372,10.54327024005407,6.515453845634639,163,158.7,9.169727186855008,153.8,1.0
6.001350411475532,2640.0,235.68,-0.07906815581185445,10.353164935543706,6.850092471058945,164,157.9,8.990848386781133,153.8,1.0
6.004285134493433,2641.0,235.51999999999998,-0.06765286711189422,10.565002864440412,7.171408886985949,163,157.0,8.966487906678584,153.8,1.0
6.007181538263531,2642.0,235.4,-0.06039120908696061,10.427053572354044,7.490950635314431,163,156.2,8.947196494954312,153.8,1.0
6.0101619025894,2643.0,235.32,-0.05186649312844244,10.729311573127625,7.81019728806268,162,155.4,8.978451430993479,153.8,1.0
6.013200171471082,2644.0,235.24,-0.04472361353996805,10.93776797405739,8.068267511195366,162,154.6,9.15605721085144,153.8,1.0
6.016173439648298,2645.0,235.16,-0.03771788789935546,10.703765437977609,8.31078987563065,162,153.7,9.274406459857037,153.8,1.0
6.019189046259718,2646.0,235.03999999999996,-0.03485671962914074,10.856183801109342,8.552247699989081,162,153.0,9.320393568530903,153.7,1.0
6.022236157798903,2647.0,234.95999999999998,-0.0333642734751019,10.969601541066103,8.71973849912769,162,152.8,9.397149452532016,153.7,1.0
6.0251934148250905,2648.0,234.84,-0.03323643322704436,10.646125294273244,8.924233190178935,162,152.5,9.41867255343264,153.7,1.0
6.028186930742641,2649.0,234.76,-0.0331840312418336,10.776657303180516,9.070106469626282,162,152.3,9.40374453675783,153.8,1.0
6.031255101829845,2650.0,234.64000000000001,-0.033151212087390816,11.045415913932896,9.158993290170603,162,152.1,9.385922712725714,153.7,1.0
6.034236332541233,2651.0,234.51999999999998,-0.0318067330860253,10.73243056099663,9.244536324994666,161,151.9,9.385195356229788,153.7,1.0
6.037354084462949,2652.0,234.4,-0.02917558898623341,11.223906918177837,9.277942141501393,162,151.7,9.434877752733478,153.7,1.0
6.040445951437261,2653.0,234.32,-0.027914637064946977,11.130721107519689,9.206673110331732,161,151.5,9.448769786302703,153.8,1.0
6.043489929084092,2654.0,234.24,-0.026831614233148664,10.958319528594975,9.130971754204902,161,151.3,9.435466311066085,153.9,1.0
6.046598496029972,2655.0,234.2,-0.028659580039241028,11.190841005166057,9.002685190006472,161,151.2,9.48704799068248,154.0,1.0
6.049658678034699,2656.0,234.16,-0.030827034554222865,11.016655217016186,8.74857855775701,161,151.0,9.605764308321133,154.2,1.0
6.052465382842018,2657.0,234.11999999999998,-0.033164456081126906,10.104137306352348,8.515913446160116,162,150.9,9.67141586022623,154.4,1.0
6.055206014800397,2658.0,234.04000000000002,-0.03563262295767773,9.866275050164864,8.220842212879749,161,150.9,9.80136570430902,154.6,1.0
6.0578605277778275,2659.0,233.92,-0.0394100972338692,9.556246718748396,7.889956591439606,161,150.9,9.87874347219184,154.8,1.0
6.060206950356642,2660.0,233.76,-0.04318232085713525,8.447121283732626,7.568566959224748,161,150.9,9.909671488941571,155.1,1.0
6.062603924466513,2661.0,233.6,-0.04664584130647983,8.629106795535309,7.294736833644632,161,151.0,9.829947916627129,155.4,1.0
6.064996504867131,2662.0,233.44,-0.04840969567240312,8.613289442223007,7.088697610114579,159,151.1,9.760000741188664,155.7,1.0
6.067293868349531,2663.0,233.28000000000003,-0.05165761592889608,8.270508536641723,7.033833694516358,154,151.2,9.717957771547006,156.0,1.0
6.069594521456393,2664.0,233.11999999999998,-0.05185351162619861,8.282351184703757,7.008836362993651,154,151.3,9.659708242947293,156.1,1.0
6.072069960437902,2665.0,233.0,-0.048916270706561384,8.911580333431857,7.0491377707956016,153,151.4,9.590471182304691,156.2,1.0
6.074633256886868,2666.0,232.92,-0.04431595882304932,9.227867216277442,7.216399553166184,153,151.7,9.498517362958518,156.2,1.0
6.0773722936939025,2667.0,232.8,-0.041097029489237144,9.860532505326852,7.323354478466989,153,151.9,9.402803382113555,156.1,1.0
6.080059338397492,2668.0,232.72000000000003,-0.03775894006188851,9.673360932922156,7.34538120420112,153,152.2,9.305087797862983,156.0,1.0
6.0828006706416975,2669.0,232.68,-0.03593801439500177,9.86879607914006,7.370628238949628,153,152.6,9.17604736508522,155.9,1.0
6.085640442609006,2670.0,232.64000000000001,-0.037131503081598516,10.223179082312248,7.329562656916094,153,153.0,9.004324278291092,155.7,1.0
6.088366164632782,2671.0,232.56,-0.04298803837738878,9.812599285591263,7.226919206380806,152,153.3,8.905409778448076,155.4,1.0
6.090886487001938,2672.0,232.48000000000002,-0.0520518331480619,9.073160528961669,7.084914556368004,152,153.6,8.76780689210466,155.2,1.0
6.09339706127323,2673.0,232.35999999999999,-0.06105458301099085,9.03806737665287,6.927554724842109,152,153.9,8.698016192860532,154.9,1.0
6.095757500771483,2674.0,232.16,-0.06995738367972554,8.497582193709984,6.7964302092697295,151,154.3,8.749201980626053,154.7,1.0
6.098191473040006,2675.0,231.87999999999997,-0.0773585461144535,8.762300166683763,6.64073247704911,151,154.6,8.815396038766767,154.5,1.0
6.100705264422216,2676.0,231.56,-0.08317558331436706,9.049648975956284,6.4869174742238,151,154.9,8.944742990078478,154.4,1.0
6.103442280794541,2677.0,231.2,-0.08448599932533296,9.853258940367565,6.451944553890428,151,155.2,9.16821655326194,154.3,1.0
6.106267332155085,2678.0,230.87999999999997,-0.08287070018427659,10.170184897959075,6.559485654307297,151,155.4,9.3331150304654,154.2,1.0
6.109047253381427,2679.0,230.64000000000001,-0.07973261708073384,10.00771641483231,6.720981296973723,151,155.4,9.562809153256122,154.0,1.0
6.111850071250856,2680.0,230.44,-0.0735767673558287,10.090144329946078,7.019713798578425,151,155.4,9.860310536760426,153.8,1.0
6.1147190757180105,2681.0,230.32,-0.061426919092612074,10.328416081755213,7.348842928152185,151,155.4,10.080632817126284,153.6,1.0
6.117569165636163,2682.0,230.27999999999997,-0.04772693734768275,10.260323705348197,7.694934418662109,150,155.4,10.321792813500169,153.3,1.0
6.120262105329414,2683.0,230.23999999999995,-0.032564717106323374,9.694582895703817,7.976808499467699,151,155.5,10.457768607847218,153.1,1.0
6.122983516616785,2684.0,230.2,-0.019055892092443516,9.797080634537894,8.27444206008955,151,155.4,10.44858363980116,152.9,1.0
6.125632427129427,2685.0,230.23999999999995,-0.008590891906827894,9.536077845511961,8.583737605714608,151,155.4,10.467713735086416,152.6,1.0
6.128232129669276,2686.0,230.28000000000003,-0.0012449768402823754,9.358929143453604,8.858525988382832,151,155.3,10.405107630356635,152.4,1.0
6.13074769167406,2687.0,230.32,0.0015587458058449219,9.056023217223132,9.069491565139764,152,155.1,10.30870915641706,152.2,1.0
6.133378445325053,2688.0,230.35999999999999,0.0014126400668562418,9.470713143574422,9.19371195236535,152,154.9,10.30384329140287,152.1,1.0
6.136041580524613,2689.0,230.4,0.001260556532011605,9.58728671841575,9.239416174710115,152,154.8,10.267915296450091,152.1,1.0
6.138682594147932,2690.0,230.4,0.0010935943177331948,9.507649043948916,9.230086916087263,152,154.7,10.24124291769896,152.2,1.0
6.141359273446635,2691.0,230.35999999999999,-0.002043748415613702,9.636045475329244,9.151150645072532,152,154.6,10.32275243715494,152.2,1.0
6.143953936088826,2692.0,230.32,-0.003534476669289635,9.340785511886422,9.017970768354216,153,154.5,10.33230853992875,152.2,1.0
6.1463810036130635,2693.0,230.27999999999997,-0.0034024612897276285,8.737443087254215,8.987445124233027,153,154.2,10.374351184456984,152.2,1.0
6.148830982721961,2694.0,230.23999999999995,-0.0016987190574374636,8.819924792032161,8.961734065130404,154,154.1,10.488854023183276,152.2,1.0
6.1511214475879985,2695.0,230.2,0.0014817533653840955,8.245673517734325,9.056245048329275,155,154.0,10.47664668552238,152.4,1.0
6.153244141553419,2696.0,230.2,0.007653326287391305,7.641698275512337,9.331115167568191,155,153.9,10.510271889644724,152.5,1.0
6.1554849410586385,2697.0,230.24,0.016751797782182866,8.066878218792969,9.681913915011268,155,153.9,10.581576295955404,152.6,1.0
6.157733464469788,2698.0,230.32,0.02565303065450042,8.094684280140271,10.140666369484714,155,153.9,10.592269441556724,152.5,1.0
6.160202736615893,2699.0,230.44,0.03298395230505428,8.889379725974468,10.709777163653943,155,153.8,10.653022470560796,152.4,1.0
6.162985932983005,2700.0,230.6,0.038811643671921706,10.01950692160411,11.213381338977523,156,153.8,10.72462715576864,152.4,1.0
6.1658464846654315,2701.0,230.8,0.04459809394028402,10.297986056736393,11.785392783545028,155,153.8,10.676292032673803,152.5,1.0
6.168800444394599,2702.0,231.0,0.04873262561359448,10.634255025003545,12.39791898279915,156,153.8,10.67725328475118,152.6,1.0
6.171848271816568,2703.0,231.16,0.049850436996332306,10.972178719088816,12.855402016342584,156,153.8,10.650515968422194,152.7,1.0
6.174756302251031,2704.0,231.28000000000003,0.052166411522462444,10.468909564066776,13.27648359320661,156,153.8,10.595132910203976,152.9,1.0
6.177684806347043,2705.0,231.4,0.054438866556762125,10.542614745641542,13.504559783022788,155,153.8,10.61994583030464,152.9,1.0
6.180633893044419,2706.0,231.51999999999998,0.053857440764426265,10.616712110555376,13.485349724836968,155,153.7,10.638082806259634,153.0,1.0
6.183486698883989,2707.0,231.6,0.050535552935110264,10.270101022451513,13.416917648009564,155,153.7,10.651186084931345,153.1,1.0
6.186405111173956,2708.0,231.76,0.04745178966723524,10.506284243879126,13.178586027070077,155,153.7,10.724981657810671,153.3,1.0
6.1892520938599125,2709.0,231.95999999999998,0.04313283945460478,10.249137669444977,12.847709078255349,156,153.8,10.702692104121082,153.4,1.0
6.192009776426897,2710.0,232.12000000000003,0.03755383342208227,9.927657241143526,12.545844541219473,155,153.7,10.673699349400437,153.5,1.0
6.1949234672628934,2711.0,232.24,0.030646855851871286,10.48928700958897,12.12538219098845,155,153.7,10.795412506522634,153.6,1.0
6.1977035211455895,2712.0,232.36000000000004,0.023766552339584107,10.008193977705728,11.664051928355137,155,153.7,11.206575195094969,153.6,1.0
6.200483575028837,2713.0,232.4,0.016891778421801118,10.00819397969305,11.286952903230896,154,153.8,11.75246133457312,153.6,1.0
6.203378089171594,2714.0,232.35999999999999,0.005875682595696772,10.420250913924884,10.81165684691506,154,153.9,12.470095992792396,153.5,1.0
6.206206793281626,2715.0,232.27999999999997,-0.006552126423268736,10.183334796113781,10.372145848549332,154,154.0,13.433923633522705,153.5,1.0
6.209081790038027,2716.0,232.2,-0.016220719653499485,10.349988323044059,10.021836272908043,154,154.2,14.452390805285912,153.4,1.0
6.212161011209419,2717.0,232.08,-0.02583491639385943,11.085196217011314,9.576411767389455,154,154.4,15.344146119762366,153.3,1.0
6.215105968229313,2718.0,231.92,-0.03542397047154065,10.601845271617222,9.21116232231693,154,154.6,16.20179229840142,153.2,1.0
6.218069736038959,2719.0,231.76,-0.042214078807488134,10.669564114727308,8.909334899548112,153,154.8,17.849964222548067,153.3,1.0
6.22114548204685,2720.0,231.64000000000001,-0.04621503804211061,11.072685628406438,8.613758276791499,154,155.1,19.62877756438457,153.2,1.0
6.224025263611567,2721.0,231.48000000000002,-0.0501991966838092,10.367213632980022,8.430761494051234,154,155.4,19.29644752353536,153.2,1.0
6.226898720839047,2722.0,231.32,-0.05424899792638055,10.344446018929167,8.297768766090929,154,155.7,20.45981092888532,153.3,1.0
6.229876842517603,2723.0,231.16,-0.05554929760661461,10.721238042799845,8.115188411745141,154,156.0,21.640533942920857,153.4,1.0
6.232801059842586,2724.0,231.0,-0.055483454075210256,10.527182369938089,8.021929387893184,154,156.1,22.78402799389665,153.4,1.0
6.235798522366518,2725.0,230.8,-0.05544787911191336,10.790865086154506,7.944920716676438,153,156.2,24.14793195364557,153.5,1.0
6.238872421026274,2726.0,230.6,-0.056740071566996675,11.066035175122472,7.874853356676954,154,156.2,25.97058277165421,153.6,1.0
6.241817377966847,2727.0,230.44,-0.056714978857163326,10.601844986062957,7.907692166538661,154,156.1,27.381688714996397,153.6,1.0
6.2447650051314,2728.0,230.28000000000003,-0.05674060482548897,10.611457792391,7.982264852393248,154,156.0,28.68489490440269,153.7,1.0
6.247654502617911,2729.0,230.11999999999998,-0.0553471730675264,10.402190951437445,8.091569827472583,153,155.9,29.314388119382187,153.7,1.0
6.250576406797418,2730.0,229.95999999999998,-0.052522447074989195,10.518855046224257,8.28257260386204,154,155.7,29.256530700538065,153.8,1.0
6.253525113140192,2731.0,229.8,-0.04698748646286554,10.615342833986663,8.43065597791306,154,155.4,30.437075640897707,153.8,1.0
6.256448950856436,2732.0,229.64000000000001,-0.04019191338131748,10.525815778479108,8.62093975582879,153,155.2,29.221944055442076,153.8,1.0
6.259463470531302,2733.0,229.51999999999998,-0.03369624370792308,10.852270829516915,8.990340051632687,154,154.9,27.776662988230605,153.9,1.0
6.262592675558728,2734.0,229.44,-0.027285359308541913,11.26513809873139,9.700089378054681,154,154.7,26.187409540162253,154.1,1.0
6.265528222655744,2735.0,229.4,-0.02000057358587282,10.567969549258624,10.589829925014701,154,154.5,24.074160546424384,154.2,1.0
6.268521585885721,2736.0,229.4,-0.012852353916389636,10.77610762791601,11.702164659924838,153,154.4,21.4976022213652,154.3,1.0
6.271804634929412,2737.0,229.44,-0.005050357487032522,11.81897655728492,13.115834987263849,154,154.3,19.30938693775867,154.6,1.0
6.275894380673332,2738.0,229.47999999999996,0.0023193772240362124,14.723084678114338,14.616147546230303,154,154.2,17.33501273956194,154.9,1.0
6.280300228547282,2739.0,229.56,0.008556886734852854,15.86105234621898,15.86845672253225,154,154.0,15.255062239789243,155.2,1.0
6.2852155623329535,2740.0,229.64000000000001,0.013599925256110604,17.695201628417003,17.051421039106177,155,153.8,13.681145581872723,155.5,1.0
6.290841567677756,2741.0,229.76,0.018446357827224067,20.253619241289755,19.0161050771411,155,153.6,13.188655554837943,155.8,1.0
6.29659448087112,2742.0,229.88000000000002,0.023286278519020938,20.7104874961112,21.057653802205476,155,153.3,13.319149008402537,156.0,1.0
6.3020860986417535,2743.0,230.04000000000002,0.016092187067987804,19.769823974281447,20.800356373341295,156,153.1,13.453559525006114,156.2,1.0
6.307597654165399,2744.0,230.24,0.015261362053887501,19.841599885121898,22.01601675032448,156,152.9,13.812493307892826,156.4,1.0
6.315111456607267,2745.0,230.56,0.013724584293280015,27.049688790725106,23.11747305883457,156,152.6,14.440893109502582,156.6,1.0
6.376604278089617,2750.0,233.32,0.011947003179439536,28.5642410462811,24.035624042314346,156,152.4,15.042399932825711,156.8,1.0
6.40020337850293,2760.0,232.6,0.009165924064695677,8.495676148792779,24.97044891695284,157,152.2,15.966551340148888,156.9,1.0
6.407524689261711,2761.0,232.61999999999998,0.004908926832518189,26.356718731613903,26.124892203442233,157,152.1,16.945387298846164,156.9,1.0
6.41521032328576,2762.0,232.66,-0.0002850691413144677,27.66828248657439,27.07790495735287,157,152.1,17.843097211825604,156.9,1.0
6.423302029435253,2763.0,232.66,-0.005838058624393816,29.13014213817497,27.883016035872622,156,152.2,18.666072653435457,156.9,1.0
6.432716656890469,2764.0,232.61999999999998,-0.012234033835955165,33.89265883877894,27.89431878517842,156,152.2,18.979654678656228,156.9,1.0
6.460958960522455,2766.0,232.28000000000003,-0.019550592147430913,38.93699567619758,27.214690051196037,155,152.2,19.137753182217917,157.1,1.0
6.470370317024595,2767.0,232.0,-0.015821020681687885,33.880883407703216,27.956676305354524,155,152.2,19.160985918087142,157.2,1.0
6.4795018897410355,2768.0,231.71999999999997,-0.019335781334748527,32.87366177918487,26.338426676820905,155,152.2,19.140344479500055,157.3,1.0
6.488764284446735,2769.0,231.47999999999996,-0.02415044853411391,33.3446209405201,24.54123077539103,155,152.4,18.960012458760445,157.4,1.0
6.496538080796135,2770.0,231.27999999999997,-0.030795958504643006,27.98566685783988,22.648246077263018,154,152.5,18.781625030291803,157.5,1.0
6.502177282338465,2771.0,231.11999999999998,-0.03987454181883231,20.30112555238918,20.342256790599542,154,152.6,18.35247305403744,157.6,1.0
6.506123227582092,2772.0,230.92,-0.04916881506030689,14.205402877057544,17.709217144358938,155,152.5,17.90280650130739,157.7,1.0
6.509794191974998,2773.0,230.68,-0.05822095080659325,13.215471814459782,15.373756302474595,154,152.4,17.370391410228148,157.8,4.0
6.51347130521319,2774.0,230.35999999999999,-0.06595258153754482,13.237607657491395,13.25136817030813,154,152.4,16.898406482478755,157.8,4.0
6.5170157965746895,2775.0,229.95999999999998,-0.07281090198189459,12.7601689014003,11.1268999162248,154,152.5,16.842937964283287,157.8,4.0
6.520674522248469,2776.0,229.51999999999998,-0.07867453989626207,13.17141242560574,9.552454395707208,154,152.6,16.936242482401404,157.7,1.0
6.524007502962813,2777.0,229.08,-0.08326211080218578,11.9987305716379,8.959473789045196,154,152.7,17.12162014505413,157.6,1.0
6.527654702906484,2778.0,228.68,-0.08565666439211869,13.129919797217575,8.994394959820418,154,152.9,17.104748403226104,157.5,1.0
6.531139457335038,2779.0,228.32,-0.08569158386325526,12.545115942793137,9.175176463701437,153,152.9,16.883726054547147,157.4,1.0
6.534541262968003,2780.0,228.0,-0.08244522901288924,12.246500278674697,9.690848781745876,152,153.0,16.37540366976609,157.2,1.0
6.538812436657459,2781.0,227.71999999999997,-0.07300573950202957,15.37622528204138,10.606301964032808,152,153.1,15.824151564343303,157.1,1.0
6.543120863716543,2782.0,227.48000000000002,-0.059884855447842375,15.510337412703446,11.685954365393476,152,153.3,15.055037869379577,157.0,1.0
6.547165190655569,2783.0,227.28000000000003,-0.04408099761826136,14.55957698049558,13.25353471785645,152,153.4,14.49385186605495,156.9,1.0
6.551839342179558,2784.0,227.11999999999998,-0.02800242010453095,16.82694548635849,15.138901012494552,152,153.5,13.947467867187296,156.9,1.0
6.55712938854553,2785.0,227.11999999999998,-0.01235706504493891,19.04416691749789,17.064717927873154,151,153.6,13.160873047255487,156.9,1.0
6.562458966506318,2786.0,227.2,0.002754248499358544,19.186480658837006,19.020107666518136,152,153.6,12.401590980834085,156.9,1.0
6.568359034463226,2787.0,227.4,0.018088851085816406,21.24024464486968,20.52519753320608,152,153.6,11.780177570935331,157.0,1.0
6.574725223181057,2788.0,227.67999999999998,0.03226639042357261,22.91827938419034,21.745183236441598,153,153.5,11.199738441107758,157.1,1.0
6.580703616256775,2789.0,228.0,0.04462217154751136,21.52221507258753,22.571865577727312,153,153.5,10.807373949664676,157.2,1.0
6.586391464783101,2790.0,228.35999999999999,0.05606475829329616,20.4762546947732,23.24832959762138,153,153.4,10.677329223107618,157.4,1.0
6.591533699653725,2791.0,228.8,0.061038739475385614,18.512045534249122,23.5460747536879,152,153.3,10.645945655643697,157.5,1.0
6.596281289222703,2792.0,229.24,0.06034798459005525,17.091322448320284,23.5791489612176,152,153.2,10.720082272320056,157.6,1.0
6.600390151539144,2793.0,229.64000000000001,0.05484453330445983,14.79190433918792,23.05826985442006,152,153.3,10.852887928388672,157.8,4.0
6.605006965733724,2794.0,230.04000000000002,0.04617646681704362,16.62053110048763,22.208773712690224,152,153.2,11.000224287365494,158.0,4.0
6.609796089819863,2795.0,230.28000000000003,0.03511799867049205,17.240846710101742,21.046113277145217,153,153.2,11.172974395644657,158.2,4.0
6.614630147146016,2796.0,230.32000000000002,0.02413760321734421,17.402606374150594,19.738047909513558,153,153.3,11.282053358733236,158.4,4.0
6.619338126279995,2797.0,230.24,0.013224501417977607,16.948724882325976,18.771032152886924,153,153.4,11.375246276430245,158.5,4.0
6.624455241240242,2798.0,230.08,0.003031991128465495,18.42161385688989,17.997251611969126,152,153.4,11.376916653229143,158.6,4.0
6.628954703507407,2799.0,229.84,-0.006634365642279236,16.198064161795134,17.487379261744255,152,153.5,11.323119508103256,158.7,4.0
6.633331482789985,2800.0,229.64000000000001,-0.01659077817501517,15.756405417279247,16.857766589385257,153,153.6,11.247622838093529,158.8,4.0
6.6383196384434005,2801.0,229.52000000000004,-0.023551808780968637,17.957360352294454,16.208403710779287,153,153.6,11.182503584247618,159.0,4.0
6.643326407229373,2802.0,229.44,-0.025436405605818856,18.024367629501455,15.46022640369004,153,153.7,11.077175090829092,159.1,4.0
6.647950207497627,2803.0,229.36000000000004,-0.02372649014682488,16.64568096571516,14.833977046481067,153,153.7,10.924020076061796,159.2,4.0
6.6525201557426845,2804.0,229.28000000000003,-0.018003216949427588,16.451813682207398,14.133699479417661,154,153.8,10.805982384637977,159.3,4.0
6.6566953288602715,2805.0,229.2,-0.009289788208820806,15.030623223312169,13.78169314306906,153,153.8,10.689084288843356,159.4,4.0
6.660117379562033,2806.0,229.16,6.254648331083454e-05,12.319382526339993,13.582103635929979,154,153.8,10.623042510736962,159.5,4.0
6.663294102847615,2807.0,229.16,0.007950917753987308,11.436203828098158,13.273670156268125,154,153.9,10.583005386371012,159.6,4.0
6.666274790877408,2808.0,229.24,0.016452912363391043,10.730476907252585,13.04316672999683,154,154.1,10.614314538189372,159.7,4.0
6.669215403135338,2809.0,229.35999999999999,0.02503605319028108,10.586204128548903,12.901618870825578,153,154.2,10.66901461205033,159.7,4.0
6.672074449087727,2810.0,229.51999999999998,0.03500867373496539,10.29256542860269,12.699395311371692,154,154.3,10.742369235033568,159.8,4.0
6.67487761913022,2811.0,229.67999999999998,0.0436299020497447,10.091412152976357,12.529878666001764,154,154.6,10.770121264705503,159.8,4.0
6.6777752710650224,2812.0,229.88000000000002,0.047280475953663983,10.431546965287415,12.449313542551849,153,154.9,10.824799716484009,159.8,4.0
6.680672922972446,2813.0,230.08,0.04470282751555148,10.431546866727658,12.324529787809805,153,155.2,10.8592174751535,159.8,4.0
6.6836305403013165,2814.0,230.32000000000002,0.03599872782353164,10.647422383931648,12.164368418104226,153,155.5,10.913770424726588,159.8,4.0
6.686715812053784,2815.0,230.51999999999998,0.02347020389729542,11.10697830888134,11.925570052307663,153,155.8,10.993024005397134,159.7,4.0
6.689776627403997,2816.0,230.6,0.008201460281711998,11.01893526076942,11.573190980671471,153,156.0,11.064680022465575,159.7,4.0
6.692866174113291,2817.0,230.51999999999998,-0.007302108860080847,11.12236815345894,11.145674983876518,153,156.2,11.140314520065925,159.7,4.0
6.696052797189407,2818.0,230.32,-0.023007261876683296,11.471843074016194,10.623932818632182,153,156.4,11.214537727017651,159.6,4.0
6.699362314047527,2819.0,230.04000000000002,-0.03749675558577008,11.914260689235078,10.142449729594684,154,156.6,11.281773166385207,159.6,4.0
6.7026306276637415,2820.0,229.71999999999997,-0.05205624734354506,11.76592901837089,9.698208295721157,153,156.8,11.39941179576794,159.5,4.0
6.705913659118122,2821.0,229.4,-0.06264501435304753,11.818913235767955,9.350402024678605,154,156.9,11.551039739174373,159.5,4.0
6.709114308172614,2822.0,229.11999999999998,-0.06393054761200631,11.522336596173242,9.169522825493079,154,156.9,11.648487442955226,159.5,4.0
6.712270829295863,2823.0,228.88000000000002,-0.05596422429365937,11.363476043697736,9.178308292002182,154,156.9,11.745171816476187,159.5,4.0
6.715233086560286,2824.0,228.68,-0.04280468801004953,10.664126151920641,9.324036267716648,153,156.9,11.761330032760254,159.4,4.0
6.718168921798514,2825.0,228.56,-0.0271399809798405,10.56900685762248,9.58858877573837,154,156.9,11.686254610673933,159.4,4.0
6.721020024176479,2826.0,228.6,-0.010230922132291594,10.26396856067213,10.040792059930329,154,157.1,11.569804849746266,159.3,4.0
6.723928684069534,2827.0,228.76,0.005341764262437021,10.47117561499984,10.600659810049905,153,157.2,11.477172342875573,159.2,4.0
6.726822727997265,2828.0,228.95999999999998,0.019665603590859053,10.418558139830928,11.205431406491375,154,157.3,11.354152299302,159.3,4.0
6.729706814258811,2829.0,229.16,0.032740088461111136,10.382710541562107,11.73399336403769,154,157.4,11.218377113808897,159.3,4.0
6.732647245398848,2830.0,229.35999999999999,0.044561055198549596,10.585552104132706,12.185044047634438,154,157.5,11.062518908354248,159.4,4.0
6.735605559920465,2831.0,229.51999999999998,0.05249383052066551,10.649932277821774,12.514047277719351,154,157.6,10.90296025513903,159.3,4.0
6.738622759591329,2832.0,229.68,0.051161235344453805,10.86191881510927,12.686974481146036,154,157.7,10.754178050764873,159.3,4.0
6.741668066480228,2833.0,229.83999999999997,0.04184279555341941,10.963104800038248,12.658100526062896,155,157.8,10.682562219010764,159.2,4.0
6.744717293610813,2834.0,230.0,0.031160760931860227,10.977217670104242,12.497452639663901,155,157.8,10.611058128168334,159.3,4.0
6.747805073498655,2835.0,230.11999999999998,0.020479592578027832,11.116007596232048,12.15873775674861,155,157.8,10.611005478865811,159.4,4.0
6.750859938718239,2836.0,230.11999999999998,0.0072760622098447195,10.997514790504525,11.660277199815173,155,157.7,10.597872693137152,159.5,4.0
6.753845687582606,2837.0,230.0,-0.004504724909318399,10.748695911719201,11.05180202439536,156,157.6,10.579705458991912,159.6,4.0
6.756891616098611,2838.0,229.88000000000002,-0.017446008998709555,10.965342657615965,10.387199526618168,157,157.5,10.586249260293464,159.6,4.0
6.759871307245349,2839.0,229.76,-0.032767266382511165,10.726888128257016,9.755591127643173,157,157.4,10.59539203159054,159.7,4.0
6.762963274356422,2840.0,229.56,-0.051686713038623024,11.13108159986359,9.168525687601278,157,157.2,10.610005903515606,159.7,4.0
6.766141737713236,2841.0,229.35999999999999,-0.06792525728503454,11.442468084527224,8.62274993577545,157,157.1,10.637157840675222,159.9,4.0
6.769357981875956,2842.0,229.11999999999998,-0.0801687705270651,11.578478985793707,8.182311830079943,156,157.0,10.62734128740315,160.1,4.0
6.772613384591523,2843.0,228.8,-0.08856117424918847,11.71944977604172,7.831463058228512,157,156.9,10.55491722683145,160.3,4.0
6.775868787296973,2844.0,228.35999999999999,-0.0971030498183214,11.719449739621535,7.513163154076116,157,156.9,10.513922754852212,160.4,4.0
6.77914333229417,2845.0,227.95999999999998,-0.1032625574000778,11.788361989907585,7.292800768475156,157,156.9,10.471813781752536,160.6,4.0
6.782524971484262,2846.0,227.56,-0.10825664588318981,12.173901084331861,7.1357405063464485,157,156.9,10.497809061541384,160.7,4.0
6.785931909080313,2847.0,227.16,-0.11214353536927948,12.264975345783517,7.0300123775702925,157,157.0,10.58224605111901,160.8,4.0
6.789248525662376,2848.0,226.76,-0.11237435307294956,11.939819695424495,6.995354010578566,157,157.1,10.713491985655615,160.9,4.0
6.792496784513339,2849.0,226.44,-0.10768419379195011,11.69373186346665,7.06808045395705,157,157.2,10.894313995745588,161.0,4.0
6.795633635558534,2850.0,226.08,-0.09676389068880584,11.292663762704244,7.212022371493073,157,157.4,11.039803407893832,161.2,4.0
6.798603556076219,2851.0,225.76,-0.08315554243325682,10.691713863664,7.412848703685907,157,157.5,11.157205310808346,161.3,4.0
6.801496328680807,2852.0,225.51999999999998,-0.06819787951339618,10.413981376517052,7.672468572117628,158,157.6,11.324054650271444,161.4,4.0
6.804494418877289,2853.0,225.35999999999999,-0.053161547735673206,10.793124707334783,7.9829696566507025,158,157.8,11.475948407904813,161.5,4.0
6.807408099239479,2854.0,225.28000000000003,-0.037997830310830635,10.489249303885808,8.31978949934629,158,158.0,11.604392923306085,161.6,4.0
6.81030549094364,2855.0,225.32,-0.027960514798050375,10.430610134976543,8.716575700560302,158,158.2,11.738259797241252,161.6,4.0
6.813254190674136,2856.0,225.4,-0.01790644357082463,10.615319029785391,9.051699606714145,158,158.4,11.820871676892832,161.7,4.0
6.816217909789033,2857.0,225.48000000000002,-0.01035574133529003,10.669388813631333,9.34790700145531,158,158.5,11.796150071025703,161.8,4.0
6.8191212424700565,2858.0,225.56,-0.005260004040937549,10.451997651682925,9.525061775362783,158,158.6,11.73834430101348,161.9,4.0
6.822170568455036,2859.0,225.56,-0.004038270350022911,10.977573545925544,9.59041755617595,158,158.7,11.610167240386572,162.0,4.0
6.825108797025669,2860.0,225.51999999999998,-0.00678022355679084,10.577622854279966,9.557765075057457,157,158.8,11.501501232713007,162.1,4.0
6.828078571295291,2861.0,225.44,-0.014949679917188092,10.691187370638774,9.450913540689758,157,159.0,11.411082280695064,162.1,4.0
6.830934863939522,2862.0,225.35999999999999,-0.02451189208118753,10.282653519230445,9.272491477878123,157,159.1,11.281793485140955,162.1,4.0
6.833882489596712,2863.0,225.24,-0.03547677490079346,10.611452365882386,9.045685935088123,157,159.2,11.19375433358281,162.2,4.0
6.83681434718474,2864.0,225.08,-0.046424590178689176,10.554687316901338,8.760272096544663,157,159.3,11.146299331684322,162.2,4.0
6.839737135475836,2865.0,224.87999999999997,-0.05322843878060128,10.522037847947278,8.410287123385372,157,159.4,11.076349519263326,162.2,4.0
6.842726429295013,2866.0,224.68,-0.05858868150121108,10.761457749036078,8.119374715257372,156,159.5,11.047550485421368,162.3,4.0
6.8457655704575755,2867.0,224.43999999999997,-0.0624794709044542,10.94090818522748,7.8962899525810855,157,159.6,11.03395803477611,162.3,4.0
6.848641634935065,2868.0,224.2,-0.06498253627005704,10.3538321189622,7.818906694860663,157,159.7,11.002588785520528,162.3,4.0
6.851489782974012,2869.0,224.0,-0.06479323840918254,10.253332940208548,7.896965554416134,157,159.7,10.994800659227662,162.3,4.0
6.854314138011369,2870.0,223.8,-0.06191651492176875,10.167678134487597,8.136575249445121,157,159.8,10.970785361320122,162.1,4.0
6.857166942911269,2871.0,223.6,-0.05509504977403953,10.270097639642021,8.52933497449432,157,159.8,10.922521726110707,162.0,4.0
6.860095444666024,2872.0,223.44,-0.045765168532649204,10.542606317118931,9.000056249569106,157,159.8,10.954426704637353,161.9,4.0
6.863277617516485,2873.0,223.32,-0.03383417590885396,11.455822261658636,9.542943209779464,158,159.8,10.962299411618398,161.7,4.0
6.866574047144892,2874.0,223.24,-0.020731150039426903,11.867146662267404,10.19120477635673,158,159.8,10.961602691264954,161.7,4.0
6.86999911879735,2875.0,223.23999999999995,-0.007823615102016577,12.33025794884699,10.863305900435025,158,159.7,10.944687983195454,161.6,4.0
6.873392549872494,2876.0,223.32,0.005030626852933418,12.216351870518492,11.51094760213862,158,159.7,10.919550822691455,161.4,4.0
6.876757807432042,2877.0,223.43999999999997,0.016600747856809886,12.114927214372635,12.134143811835752,158,159.7,10.886294768432748,161.3,4.0
6.880097342296929,2878.0,223.6,0.025574263489605398,12.022325513593191,12.633239178154733,158,159.6,10.854291958270029,161.2,4.0
6.883367417440413,2879.0,223.8,0.03197006311031906,11.772270516542227,12.932021280135718,159,159.6,10.799546618406795,161.1,4.0
6.886548562798329,2880.0,224.0,0.03451332176540723,11.452123288500312,13.06654597127679,159,159.5,10.760614205240277,161.1,4.0
6.889773220125828,2881.0,224.16000000000003,0.03322689010263836,11.608766378993703,12.984688517568468,159,159.5,10.71313734415324,161.1,4.0
6.892931199324059,2882.0,224.28000000000003,0.028161254141097797,11.368725113634726,12.770952005495179,159,159.5,10.609298964512544,161.1,4.0
6.896044701047112,2883.0,224.35999999999999,0.02058077924155818,11.208606202987385,12.438735546298222,159,159.5,10.522278321531582,161.1,4.0
6.899180559092152,2884.0,224.35999999999999,0.01049421667861925,11.289088962145156,11.970986418982667,159,159.4,10.444238914762582,161.0,4.0
6.90224958335398,2885.0,224.32,-0.0008297178958562072,11.048487342577896,11.474063768229025,159,159.4,10.388559990168805,161.0,4.0
6.905341164407808,2886.0,224.24,-0.012198593566160978,11.129691793782847,10.991249625787969,159,159.3,10.390206086261838,160.9,4.0
6.908455258211751,2887.0,224.11999999999998,-0.022398602276197284,11.210737694193185,10.486980890810191,160,159.2,10.395531969443446,160.8,4.0
6.911435657533432,2888.0,223.95999999999998,-0.03009236454866653,10.729437558052108,10.066916439640666,159,159.3,10.432617025520642,160.7,4.0
6.914461179478144,2889.0,223.8,-0.0352529805551442,10.891879000960783,9.722166557154335,160,159.3,10.531202235853216,160.6,4.0
6.917510505386343,2890.0,223.64000000000001,-0.0378820546980934,10.977573269515428,9.432718487512835,160,159.4,10.603745400786696,160.5,4.0
6.920540857679338,2891.0,223.47999999999996,-0.039222809077101614,10.909268254783738,9.250351160870508,160,159.3,10.667366007054644,160.4,4.0
6.9236188395613425,2892.0,223.35999999999999,-0.03795266838374963,11.08073477521516,9.125734937685626,160,159.3,10.739893061517645,160.3,4.0
6.926694584477047,2893.0,223.27999999999997,-0.03668387995948806,11.072681696534787,9.042761336557314,160,159.2,10.794896502577725,160.2,4.0
6.929743305718599,2894.0,223.2,-0.03542626118720675,10.975396469589343,9.074936598803268,160,159.3,10.824682486635016,160.1,4.0
6.932790696296279,2895.0,223.11999999999998,-0.03285154116628923,10.970606079649244,9.118790437675576,159,159.4,10.871168341289335,160.0,4.0
6.935815568189254,2896.0,223.07999999999998,-0.03159640203340114,10.889538814707445,9.174901100974601,160,159.5,10.859529679705052,160.0,4.0
6.938795596339837,2897.0,223.0,-0.030357730094674972,10.728101342099064,9.236409133697418,160,159.6,10.845534155257436,160.0,4.0
6.94186462060187,2898.0,222.88000000000002,-0.02909642639068561,11.04848734331851,9.299792857306244,159,159.6,10.815959926740792,160.0,4.0
6.944912011177085,2899.0,222.8,-0.027803816718734366,10.97060607077126,9.378288808794316,160,159.7,10.763896302819498,160.0,4.0
6.9479594017509685,2900.0,222.68,-0.026532042435857373,10.970606065981,9.502746471327454,160,159.7,10.682117620608746,160.0,4.0
6.950942768743771,2901.0,222.56,-0.023904856394078508,10.740121174088735,9.646099324789898,159,159.9,10.658027663428776,160.0,4.0
6.953950925179931,2902.0,222.48000000000002,-0.021212429345287456,10.829363170175197,9.870658029346053,160,160.1,10.658027656634284,160.0,4.0
6.956934292167138,2903.0,222.44,-0.015808735538839307,10.740121153947669,10.150398410316575,160,160.3,10.650159031113857,160.0,4.0
6.959894116713794,2904.0,222.4,-0.006308846701818659,10.655368367962142,10.444470379153527,159,160.4,10.658888168073092,160.0,4.0
6.962789436902966,2905.0,222.4,0.0032627339983691745,10.423152681016965,10.81165471026746,159,160.6,10.636384351707523,160.0,4.0
6.965706163203811,2906.0,222.44,0.015524445191262634,10.500214683042215,11.23884482063874,159,160.7,10.598438985002453,160.0,4.0
6.968554311184708,2907.0,222.51999999999998,0.02772880462993943,10.253332731228713,11.718132008706828,160,160.8,10.576877736958856,160.0,4.0
6.971334895503295,2908.0,222.68,0.03991130686762359,10.010103546911555,12.287722248200721,159,160.9,10.515256801786157,160.0,4.0
6.974140562070229,2909.0,222.88000000000002,0.04935491990782395,10.100399640961621,12.808484146450292,160,161.0,10.444236016911248,160.0,4.0
6.976971176514199,2910.0,223.11999999999998,0.05741619713411229,10.190211998291023,13.255967342691713,159,161.2,10.420310605647952,160.0,4.0
6.979799879827574,2911.0,223.35999999999999,0.06408601559719929,10.183331928150956,13.641188499110356,159,161.3,10.37982976931065,160.0,4.0
6.982812608752881,2912.0,223.64000000000001,0.06669814424451394,10.845824131105532,13.8164541187361,159,161.4,10.35780742057402,159.9,4.0
6.985810769860038,2913.0,223.88000000000002,0.06392586396435489,10.793379985763735,13.807715408920766,159,161.5,10.347952162817666,159.8,4.0
6.988873608451353,2914.0,224.08,0.05573013326036291,11.026218928734114,13.644641348689067,160,161.6,10.320981248638514,159.7,4.0
6.992042776447004,2915.0,224.28000000000003,0.04482087447584531,11.409004784342686,13.32459243982159,159,161.6,10.340074552484127,159.6,4.0
6.995161011539331,2916.0,224.4,0.029882326331629794,11.225646332377028,12.867382389309455,160,161.7,10.286351397215284,159.5,4.0
6.998185883426528,2917.0,224.4,0.014989107168302662,10.889538793908173,12.332307785998612,159,161.8,10.218020783606486,159.4,4.0
7.0011679317852895,2918.0,224.32,9.084281110614822e-05,10.735374091541564,11.666368454034131,159,161.9,10.164523380636204,159.3,4.0
7.004126385688501,2919.0,224.2,-0.013413003202485594,10.650434051562415,11.016186451663572,159,162.0,10.10716830430735,159.2,4.0
7.007039738977074,2920.0,224.0,-0.024170263351573955,10.488071838863947,10.413766113370713,160,162.1,10.094083797437552,159.1,4.0
7.009997569664489,2921.0,223.8,-0.03354426678653287,10.648190474694161,9.881322865039015,160,162.1,10.102385247132217,159.0,4.0
7.012977968974284,2922.0,223.64000000000001,-0.03888613115433224,10.729437515262711,9.483646623912174,160,162.1,10.094023577527915,159.0,4.0
7.015937253624641,2923.0,223.48000000000002,-0.04023997467143635,10.653424741287573,9.293234117093911,160,162.2,10.13984378972797,159.0,4.0
7.018917941581188,2924.0,223.35999999999999,-0.03758792611597932,10.730476643567656,9.262587781176936,160,162.2,10.163747791563534,158.9,4.0
7.021942488399279,2925.0,223.28000000000003,-0.032243259431981315,10.888368545129742,9.338492990020395,160,162.2,10.158680034815829,158.9,4.0
7.024833560485465,2926.0,223.23999999999995,-0.022847552559546184,10.407859510269525,9.500834063528853,160,162.3,10.2347252113496,158.9,4.0
7.02779151582494,2927.0,223.2,-0.01340102307199514,10.648639222108482,9.671491448751615,161,162.3,10.283097714120736,158.9,4.0
7.030773564164828,2928.0,223.2,-0.005245000642354988,10.735374023596625,9.8296156594327,161,162.3,10.362039606872049,158.9,4.0
7.033710160774927,2929.0,223.23999999999995,0.0015466823866637698,10.571747796358125,9.97780937814785,161,162.3,10.423890986716014,158.9,4.0
7.036647761666165,2930.0,223.32,0.004209709547348654,10.575363208456316,10.047046670824482,161,162.1,10.448036940726505,158.9,4.0
7.039543081752565,2931.0,223.4,0.002739155467445821,10.423152311038484,10.061933276700561,162,162.0,10.467929889661626,159.0,4.0
7.042418077265957,2932.0,223.48000000000002,-0.0014907240556548047,10.349983848212007,10.056744201294027,161,161.9,10.440712204938482,159.0,4.0
7.045317469560638,2933.0,223.51999999999998,-0.007100079849594189,10.437812260851596,10.009546770800634,161,161.7,10.38778998634227,159.1,4.0
7.048126988252816,2934.0,223.48000000000002,-0.012699732999262248,10.114267291840662,9.988519387942581,161,161.7,10.403511044299297,159.2,4.0
7.050954255112922,2935.0,223.35999999999999,-0.01687974313819759,10.178160696380651,10.031052321269867,161,161.6,10.392902839642826,159.2,4.0
7.053778867723376,2936.0,223.2,-0.019618620613365167,10.168605397636563,10.161806160723636,162,161.4,10.393085847047397,159.3,4.0
7.056624376295247,2937.0,223.0,-0.01525246547396602,10.24383085873547,10.49719791815863,162,161.3,10.437811682722952,159.3,4.0
7.0595452514442,2938.0,222.83999999999997,-0.005177094740828958,10.515150536230323,10.862225343197816,162,161.2,10.474026095120871,159.3,4.0
7.06245447233831,2939.0,222.76,0.010540470622481299,10.473195218794578,11.308976142530586,162,161.1,10.54018813245218,159.3,4.0
7.065317154023495,2940.0,222.76,0.030476353621323744,10.305654066664802,11.799503943978484,162,161.1,10.596573696086695,159.3,4.0
7.068265511065021,2941.0,222.96000000000004,0.051692775324565864,10.614085349494616,12.270925351708978,162,161.1,10.659634380035426,159.2,4.0
7.070991275591555,2942.0,223.32000000000002,0.06719124149855753,9.812752295523573,12.751835922312962,162,161.1,10.765146609032076,159.2,4.0
7.073700860626212,2943.0,223.8,0.07698945479776592,9.75450612476361,13.136942017489082,162,161.1,10.835652377481257,159.1,4.0
7.07636177542125,2944.0,224.32000000000002,0.0783681836814766,9.579293262137854,13.325605386100023,162,161.0,10.92201761760776,159.2,4.0
7.079029722624887,2945.0,224.8,0.07278459602826816,9.60460993309213,13.350338717288789,162,161.0,11.032657391543577,159.2,4.0
7.081817989382926,2946.0,225.08,0.06305678144501173,10.037760328938559,13.111586495873468,163,160.9,11.14542316828765,159.1,4.0
7.084686557537282,2947.0,225.16,0.0476444729365307,10.326845355682105,12.60083529076624,162,160.8,11.262194723406898,159.2,4.0
7.087584205826222,2948.0,225.04000000000002,0.027914022350917556,10.431533840187322,12.040265681917145,162,160.7,11.37131400578701,159.2,4.0
7.090620705087554,2949.0,224.8,0.006682260538740265,10.93139734079512,11.381894484242551,163,160.6,11.443432503736332,159.2,4.0
7.093549786777838,2950.0,224.51999999999998,-0.014621799350436494,10.544694085020456,10.774655505182036,162,160.5,11.48825361116604,159.3,4.0
7.096484066717287,2951.0,224.28000000000003,-0.03304972489080904,10.56340778201754,10.24106257959966,162,160.4,11.477673147752338,159.3,4.0
7.099421067845304,2952.0,224.08,-0.04435147445268466,10.573204060861311,9.785591738364756,163,160.3,11.48566167492116,159.3,4.0
7.102265020943213,2953.0,223.95999999999998,-0.04718648844084956,10.238231152474972,9.501983732276093,162,160.2,11.459971007098869,159.3,4.0
7.105145218773672,2954.0,223.88000000000002,-0.04158002765456331,10.368712189650969,9.384079096907097,162,160.1,11.382499001131348,159.2,4.0
7.107984975365764,2955.0,223.84,-0.030418691201601854,10.223123731531768,9.445214556024146,162,160.0,11.287372141832384,159.2,4.0
7.110840314218276,2956.0,223.8,-0.01656638813534119,10.27921986904348,9.771569845299677,161,160.0,11.145762801712785,159.2,4.0
7.113764140564118,2957.0,223.8,-0.001446738987473903,10.525774845033322,10.222373872382436,161,160.0,11.002027156760226,159.1,4.0
7.116586184173273,2958.0,223.84,0.013598086632228067,10.159356992955887,10.795322677767029,161,160.0,10.858856055919286,159.0,4.0
7.119475677271837,2959.0,223.92,0.02583032075807516,10.402175154832987,11.47810163192958,161,160.0,10.7338727866639,158.9,4.0
7.122448428567557,2960.0,224.04000000000002,0.03661465418378014,10.701904664590714,12.18964421749028,162,160.0,10.63694910037791,158.8,4.0
7.125353241271849,2961.0,224.24,0.04597457479785491,10.457325735452851,12.941859535446179,161,160.0,10.576932580276104,158.8,4.0
7.128290750753767,2962.0,224.48000000000002,0.05395091149095661,10.575034134907007,13.682086158786799,161,160.0,10.477353381611437,158.8,4.0
7.131258942284109,2963.0,224.72000000000003,0.06178220697433019,10.685489509230539,14.444858258753186,161,160.0,10.408351560836705,158.8,4.0
7.134239735704562,2964.0,224.95999999999998,0.06944074159226003,10.730856313630188,15.248420947083137,161,160.0,10.354544142594609,158.8,4.0
7.137263275733686,2965.0,225.2,0.07691045466059322,10.88474410484484,16.0252437972864,161,160.0,10.3577552281286,158.9,4.0
7.1402752411518495,2966.0,225.4,0.08544941034303363,10.843075505388642,16.86540958021298,161,160.0,10.341363992841798,159.0,4.0
7.143374236064217,2967.0,225.64000000000001,0.09497714075241191,11.156381684520602,17.726919282899456,161,160.0,10.364803682776198,159.1,4.0
7.1464893691983615,2968.0,225.92,0.10437192094152221,11.214479282922408,18.577810623658564,161,160.0,10.423767813715129,159.2,4.0
7.149574711653729,2969.0,226.23999999999995,0.11508572269148258,11.107232839324778,19.397001560869587,161,160.0,10.439536868047984,159.4,4.0
7.152787366394245,2970.0,226.64000000000001,0.12461214098340027,11.565557065855726,20.134290893989462,161,160.0,10.50288119002324,159.5,4.0
7.155999511803914,2971.0,227.16,0.13046048775566338,11.563723474811015,20.7524911162522,161,160.0,10.56116594801857,159.7,4.0
7.159250259554566,2972.0,227.71999999999997,0.13398909951923169,11.702691902347759,21.266900812754475,160,159.9,10.582779152544884,159.9,4.0
7.162542816515795,2973.0,228.32,0.13508813775156975,11.853205060423027,21.580292520404658,160,159.8,10.63360869385193,160.0,4.0
7.16582671905397,2974.0,228.88000000000002,0.13379589136834047,11.822049137431298,21.776842212086688,160,159.7,10.637019838929376,160.1,4.0
7.1690505882440645,2975.0,229.32,0.13403777689865243,11.605929084338065,21.678264737880333,160,159.6,10.59211277530945,160.2,4.0
7.172187056738422,2976.0,229.64000000000001,0.13596150464010892,11.29128657968571,21.223049437722292,160,159.5,10.594743190009266,160.3,4.0
7.17525666147464,2977.0,229.92,0.1330182514267649,11.050577050383607,20.487198574520917,160,159.4,10.51688908197455,160.3,4.0
7.178393984962032,2978.0,230.16,0.12494629377084217,11.29436455461062,19.47468774109256,160,159.3,10.415291280917227,160.4,4.0
7.1814079644512265,2979.0,230.48000000000002,0.10885005499964681,10.850326161101862,18.278576365358553,160,159.2,10.38486429861633,160.4,4.0
7.184405419175166,2980.0,230.92,0.08717455712274298,10.79083700618051,16.96958289216,160,159.1,10.308844167215463,160.4,4.0
7.187353323309005,2981.0,231.32,0.06090099318196095,10.612454881821389,15.570817453668365,160,159.0,10.279329091105676,160.3,4.0
7.190210711781547,2982.0,231.6,0.035482561383121676,10.286598501151744,14.09621015703729,160,159.0,10.3002502686918,160.3,4.0
7.193104003062352,2983.0,231.68,0.009869076135627111,10.415848610897465,12.615208131851972,160,159.0,10.33326375578006,160.3,4.0
7.195990208098191,2984.0,231.56,-0.013199877008815215,10.390338129021874,11.101858217528733,160,158.9,10.42548081717267,160.3,4.0
7.198866901540353,2985.0,231.2,-0.03895316381687596,10.356096391784229,9.780236406212554,160,158.9,10.476326932526629,160.3,4.0
7.201734137572805,2986.0,230.76,-0.06735491818315739,10.322049716825799,8.651214933844866,160,158.9,10.536019391557604,160.3,4.0
7.204637029753184,2987.0,230.28000000000003,-0.0945641083501142,10.450411849365553,7.798257157815479,160,158.9,10.636536007103194,160.4,4.0
7.207497744355396,2988.0,229.84,-0.11500892865926567,10.298572567963939,7.18040665432346,160,158.9,10.684121028104428,160.5,4.0
7.210320052120217,2989.0,229.4,-0.12591275021637877,10.160307953354527,6.8071692253651195,160,158.9,10.748400225326884,160.6,4.0
7.213168041793484,2990.0,229.0,-0.12587167506174263,10.25276282375957,6.654609719550939,160,158.9,10.811729019198008,160.6,4.0
7.216124865609362,2991.0,228.6,-0.1120659387117201,10.644565737161304,6.650282578312575,160,159.0,10.84265531872531,160.6,4.0
7.218936722872773,2992.0,228.27999999999997,-0.09270701937051049,10.12268614828372,6.82581092091728,160,159.0,10.912427856373265,160.5,4.0
7.221895124403396,2993.0,228.04000000000002,-0.0719453614145237,10.650245510241467,7.107722266625066,160,159.1,10.921672235718924,160.5,4.0
7.224945118691844,2994.0,227.92000000000002,-0.05526906841472305,10.979979438411192,7.411619716234443,160,159.2,10.925598608630292,160.5,4.0
7.227865615062709,2995.0,227.95999999999998,-0.04272503163375018,10.513786935112778,7.7699143482837085,160,159.2,11.00766420696913,160.3,4.0
7.230908807545092,2996.0,228.08,-0.037205944486949784,10.955492936578349,8.117119779694999,160,159.3,11.042850012316055,160.1,4.0
7.233973601831013,2997.0,228.2,-0.03311866313988596,11.033259429318841,8.441300229752787,160,159.3,11.0612167651261,159.9,4.0
7.236894353112465,2998.0,228.24,-0.031928256100762796,10.514704613227103,8.785847814601665,159,159.3,11.133181841246516,159.8,4.0
7.239857854047583,2999.0,228.16,-0.029350819731181792,10.668603366424978,9.06886428064738,159,159.3,11.173672447955129,159.6,4.0
7.2427153191238425,3000.0,227.92,-0.023870691930685133,10.286874274534043,9.365645576813904,159,159.3,11.225475565353916,159.5,4.0
7.245547401096332,3001.0,227.64000000000001,-0.01686354221522505,10.19549510096204,9.781068829607424,159,159.2,11.248415555570896,159.4,4.0
7.2483665650672435,3002.0,227.35999999999999,-0.008493748783117098,10.148990295281882,10.270301552039214,159,159.2,11.26102584435629,159.3,4.0
7.251108705186659,3003.0,227.2,0.003922075402341632,9.871704429894288,10.939659232072033,159,159.1,11.297896928552348,159.2,4.0
7.253876483361058,3004.0,227.24,0.020330531849105177,9.964001427837966,11.720607836474596,159,159.2,11.249640068898264,159.2,4.0
7.256712460336642,3005.0,227.48000000000002,0.037961050589640534,10.209517112103805,12.510273916499292,159,159.2,11.170711239108382,159.2,4.0
7.259544485787356,3006.0,227.84,0.05838669677369446,10.195291622569716,13.210478967079998,159,159.1,11.090965591245988,159.2,4.0
7.262527293750751,3007.0,228.32000000000002,0.07613153632971,10.738108668220951,13.591394136947045,159,159.2,10.969194019664954,159.3,4.0
7.265506159414387,3008.0,228.84,0.08590954813830617,10.723916389088327,13.693298707412769,159,159.2,10.83837240270923,159.2,4.0
7.2685613644803055,3009.0,229.28000000000003,0.08487258687372284,10.998738237307581,13.538943558550375,159,159.2,10.695710383220352,159.2,4.0
7.271674988060433,3010.0,229.64000000000001,0.0689590027090519,11.209044888460145,13.080547331963885,158,159.3,10.55962694438378,159.2,4.0
7.27464830924224,3011.0,229.88000000000002,0.03818350606331855,10.703956254501607,12.416122279798797,159,159.3,10.449932726066807,159.2,4.0
7.277633285599348,3012.0,229.88000000000002,-0.0006076869984648847,10.745914885591663,11.575626427450874,159,159.3,10.331633026666164,159.2,4.0
7.2806546385397235,3013.0,229.68,-0.04457378585198138,10.87687058535018,10.531611298960886,159,159.3,10.262473137235515,159.2,4.0
7.283554597328015,3014.0,229.24,-0.08972564192660783,10.439851637850309,9.436299944649459,159,159.2,10.259009522050246,159.1,4.0
7.2865691276292175,3015.0,228.56000000000003,-0.12805093497795966,10.852309084328342,8.292324381470902,159,159.2,10.287821009450838,159.1,4.0
7.28957706639624,3016.0,227.76000000000005,-0.15958254745134115,10.828579561280979,7.248561000288312,159,159.2,10.373582526433726,159.1,4.0
7.29264578074721,3017.0,226.92,-0.18437462113024558,11.047371663493976,6.5076870753409635,160,159.1,10.516299193151015,159.0,4.0
7.295818459015424,3018.0,226.08,-0.19720258544780653,11.421641765567871,5.993125743377146,159,159.0,10.68304392838265,159.0,4.0
7.298899342912858,3019.0,225.35999999999999,-0.20080358803974802,11.091182030764154,5.718217028499891,160,158.9,10.859519856525836,159.0,4.0
7.302023873084406,3020.0,224.76,-0.1952392552839987,11.24830861757383,5.694380063775236,159,158.8,11.014937108819003,159.1,4.0
7.305225154261597,3021.0,224.24,-0.18047254624400771,11.524612237889993,5.796608586969383,159,158.8,11.168258946282227,159.2,4.0
7.308307868966892,3022.0,223.83999999999997,-0.16051263928508228,11.097772939060915,5.996478614743166,160,158.8,11.287480441854337,159.3,4.0
7.311380240665073,3023.0,223.51999999999998,-0.13819721236695728,11.06053811345063,6.242135494471585,159,158.8,11.360481020527924,159.5,4.0
7.314480102442588,3024.0,223.24,-0.1147080394741099,11.159502399054439,6.521619651166238,159,158.8,11.429528846884915,159.7,4.0
7.317607106651314,3025.0,223.0,-0.09521311489159312,11.257215151414481,6.823962600742506,159,158.9,11.448223303918123,159.9,4.0
7.320758942966667,3026.0,222.8,-0.07979749160515012,11.34661073526887,7.084118899909718,159,159.0,11.466722853119778,160.2,4.0
7.323891379512685,3027.0,222.64000000000001,-0.06573649174636202,11.276771565663767,7.3404196437643545,159,159.1,11.425560428295451,160.5,4.0
7.327099086360858,3028.0,222.51999999999998,-0.05699958104532752,11.547744653421825,7.5743751171178575,159,159.2,11.373114635085823,160.8,4.0
7.330282389936614,3029.0,222.4,-0.05364813515447085,11.459892872724724,7.748873223796295,159,159.4,11.313444006973697,161.2,4.0
7.3332728732757895,3030.0,222.28000000000003,-0.05027201893838914,10.765740021032993,7.878502913152159,160,159.5,11.232031298200356,161.5,4.0
7.336254907703565,3031.0,222.2,-0.048237260125025806,10.735323939991178,7.9535609649110155,159,159.7,11.109706348760602,161.8,4.0
7.339116106720353,3032.0,222.08,-0.0488552767410556,10.300316460436964,7.995025974719276,159,159.9,10.97404148057148,162.1,4.0
7.341850224053031,3033.0,221.88000000000002,-0.04929778865617187,9.842822397640298,8.00872843072872,160,160.0,10.82042381389147,162.3,4.0
7.344586692450114,3034.0,221.71999999999997,-0.04817900945276415,9.851286229497205,7.992943452973577,159,160.1,10.660048745425502,162.5,4.0
7.347317413271371,3035.0,221.56,-0.04697931333196712,9.830594956525712,8.021484232289689,159,160.2,10.494141957728065,162.7,4.0
7.3500912400344,3036.0,221.35999999999999,-0.04434140544686706,9.985776346903132,8.092793677781724,160,160.3,10.347847279976062,162.9,4.0
7.352918970418426,3037.0,221.2,-0.04297476265164418,10.17982938249405,8.184509728413081,159,160.3,10.267980347815095,163.1,4.0
7.355798066990486,3038.0,221.11999999999998,-0.040191024715428604,10.364747659415396,8.333549981121047,159,160.4,10.160106691853835,163.3,4.0
7.358789259762269,3039.0,221.03999999999996,-0.035879764976460296,10.768293978418235,8.52536066670853,159,160.4,10.08826371356768,163.3,4.0
7.361770121948153,3040.0,221.0,-0.03413190322344283,10.731103869180275,8.714731508757142,159,160.4,10.033936619881276,163.4,4.0
7.364832188285375,3041.0,220.95999999999998,-0.03358942889878979,11.023438813997101,8.888965196687222,159,160.3,9.991751414422236,163.5,4.0
7.367931613738226,3042.0,220.92,-0.03161078532929642,11.157931630265844,9.011100343177022,159,160.3,10.007318815391743,163.5,4.0
7.3710621662562295,3043.0,220.84,-0.03230111758812302,11.269989064813213,9.101296070337748,159,160.3,10.01392939831027,163.6,4.0
7.3742618144734,3044.0,220.71999999999997,-0.035803873667170326,11.518733581813539,9.134833344791257,158,160.3,10.04137216807596,163.7,4.0
7.377482746206166,3045.0,220.56,-0.039366927924966905,11.595354237957574,9.105236240431257,158,160.3,10.10189229528712,163.7,4.0
7.380688287558898,3046.0,220.4,-0.04434971711804562,11.539948869834793,9.064105440939098,159,160.3,10.09018578772545,163.7,4.0
7.383941911935877,3047.0,220.2,-0.049387801451749855,11.713047757126315,8.99093502103016,159,160.4,10.084089162110573,163.6,4.0
7.387152179328971,3048.0,220.0,-0.05320867660983415,11.556962615136465,8.923410185725835,159,160.5,10.069981215073735,163.5,4.0
7.390346151485958,3049.0,219.8,-0.05451843145658042,11.498299765154096,8.834953549810734,159,160.6,10.051184681320423,163.6,4.0
7.3935188131895,3050.0,219.6,-0.05462774478497314,11.421582132750212,8.777617855221274,159,160.6,10.06357152414022,163.6,4.0
7.396632808574036,3051.0,219.4,-0.052219170207666074,11.210383384329193,8.77045152248094,160,160.6,10.060313731985044,163.6,4.0
7.399783621663558,3052.0,219.24,-0.048530430494412906,11.342927122282369,8.808318470288437,160,160.5,10.0282516244443,163.6,4.0
7.402799834112606,3053.0,219.11999999999998,-0.043613439125334455,10.858364816569956,8.876279890425362,160,160.5,10.039564380938884,163.5,4.0
7.405853799570861,3054.0,219.0,-0.03872599391364788,10.994275649717256,8.981399810249972,159,160.5,9.998162094089098,163.4,4.0
7.408908979558871,3055.0,218.92,-0.031021915707465132,10.998647956836304,9.102047744938323,160,160.3,9.958937345446325,163.4,4.0
7.411888374498344,3056.0,218.88000000000002,-0.023273888132762686,10.725821782101393,9.235519807700777,160,160.1,9.97504672782014,163.3,4.0
7.414802207349101,3057.0,218.84,-0.015482377095152952,10.489798262728776,9.361234576768542,161,159.9,9.967864178968046,163.2,4.0
7.4176356278861135,3058.0,218.8,-0.008919056601714385,10.200313933245246,9.496925721395266,161,159.8,10.014904953212234,163.1,4.0
7.420402884302323,3059.0,218.84,-0.0035893762082225404,9.962123098353972,9.665694394760392,160,159.6,10.011062278238985,162.9,4.0
7.423130059704571,3060.0,218.88000000000002,0.0003471862766626305,9.817831448090558,9.785742199364858,160,159.5,10.003767441558114,162.6,4.0
7.425783202901058,3061.0,218.92,0.0030088195449483428,9.551315507354804,9.89274874063344,161,159.4,10.022214019715276,162.3,4.0
7.428527641885714,3062.0,218.96000000000004,0.003642624168540577,9.879980344762362,9.96611769927313,161,159.3,10.011308639291132,162.1,4.0
7.431322001745426,3063.0,219.0,0.00358934279621989,10.05969549496029,10.00486076028767,160,159.2,9.983095927629943,161.9,4.0
7.434076318159343,3064.0,219.0,0.0035538072630081434,9.915539090104659,10.064761901360933,160,159.2,10.013359785960787,161.8,4.0
7.436931934318781,3065.0,219.0,0.001437393241243392,10.280218173974767,10.086752393622923,160,159.2,10.02234657833895,161.6,4.0
7.439760420664681,3066.0,218.98000000000002,2.008528998408178e-05,10.182550845237328,10.112418054718919,160,159.2,10.021985818690304,161.4,4.0
7.442557072389164,3067.0,218.94,-0.0006909824667512439,10.067946208138366,10.157331968428894,160,159.3,10.04397113648511,161.3,4.0
7.445433735706647,3068.0,218.9,-0.0006952085936133454,10.35598794294033,10.129830334200292,161,159.2,10.04707627892206,161.2,4.0
7.448219354853186,3069.0,218.88000000000002,-0.0007050304784174738,10.028228927539226,10.115742745869701,160,159.2,10.044428777438618,161.2,4.0
7.451022760171449,3070.0,218.88000000000002,1.2941135143073288e-05,10.092259145747462,10.109314265287377,160,159.2,10.055694736135989,161.2,4.0
7.453844014832412,3071.0,218.9,1.2941135143073288e-05,10.156516779466426,10.12242871302469,161,159.2,10.0964912257415,161.2,4.0
7.456555935740508,3072.0,218.94,0.0007299746121895729,9.762915269145633,10.183819642204266,161,159.2,10.156592804032211,161.3,4.0
7.459333360529067,3073.0,218.98000000000002,0.002155450115103563,9.998729238811539,10.244424780970965,161,159.2,10.268571129174362,161.4,4.0
7.462048488201216,3074.0,219.0,0.005026181696906122,9.774459619736295,10.292948090140701,161,159.1,10.401994067003177,161.3,4.0
7.464851891766894,3075.0,219.0,0.007184820241014918,10.09225283644163,10.394039200940277,161,159.1,10.546257929701834,161.3,4.0
7.467714786009514,3076.0,219.0,0.008622677122060843,10.306419273435298,10.454931423817834,160,159.1,10.738859241998355,161.3,4.0
7.470502388311344,3077.0,219.0,0.01078316123644378,10.035368286586595,10.543998610140275,160,159.0,10.888005386572384,161.3,4.0
7.4732899902189915,3078.0,219.03999999999996,0.013670630786442822,10.0353668675329,10.703898921256444,160,159.0,11.031110680760008,161.3,4.0
7.476107033689126,3079.0,219.07999999999998,0.015112880436899687,10.141356492485055,10.84134935201833,160,159.0,11.20316021393915,161.3,4.0
7.478795432655029,3080.0,219.11999999999998,0.018710029009569883,9.678236277249608,11.022795702404954,160,159.1,11.302250279544932,161.4,4.0
7.481507729680873,3081.0,219.2,0.02303734393403619,9.764269293038689,11.128511123729451,159,159.2,11.379698667786386,161.5,4.0
7.48426439887334,3082.0,219.32,0.025913501449157487,9.924009092883797,11.22424460206628,159,159.3,11.472941316481958,161.5,4.0
7.487021872137309,3083.0,219.4,0.02735029071676367,9.926903750290583,11.325621046212945,159,159.5,11.470555221729304,161.5,4.0
7.489867668626803,3084.0,219.51999999999998,0.027343529444210663,10.244867362178205,11.359787386734094,160,159.7,11.461741166615502,161.6,4.0
7.4926603980953335,3085.0,219.64000000000001,0.025898886966999646,10.053826086709105,11.366436412964365,159,159.9,11.462478902766932,161.8,4.0
7.495503028902729,3086.0,219.72000000000003,0.025894282865193304,10.233470906626607,11.407876984546126,159,160.2,11.38387754289908,161.9,4.0
7.49834187169944,3087.0,219.76,0.0244510958355652,10.21983406815819,11.391749044040802,159,160.5,11.347950783859964,162.0,4.0
7.5010991808836875,3088.0,219.8,0.021564747135396183,9.926313063291476,11.35514237861476,159,160.8,11.278322716139382,162.1,4.0
7.503837855710319,3089.0,219.8,0.021543606701239514,9.859229375873165,11.359058217042294,159,161.2,11.172935550614593,162.2,4.0
7.506610320949363,3090.0,219.84,0.02006408311277338,9.98087486055806,11.365324853605102,160,161.5,11.127305800573362,162.2,4.0
7.509347581287369,3091.0,219.88000000000002,0.018541442727511452,9.854137216820305,11.414672442456935,159,161.8,11.04977652763116,162.2,4.0
7.512103248369702,3092.0,219.92,0.01981833507203475,9.92040149639735,11.514982042364457,159,162.1,10.991553007844708,162.2,4.0
7.51492179196088,3093.0,220.0,0.02384319868490553,10.14675692823864,11.685784740523749,160,162.3,11.001413071573726,162.3,4.0
7.517776213846032,3094.0,220.07999999999998,0.027770055898718542,10.275918786547699,11.919649300741202,159,162.5,10.953291235952197,162.3,4.0
7.520561589143775,3095.0,220.16,0.034382837344326574,10.02735107187469,12.234939434727568,159,162.7,10.930403048672504,162.2,4.0
7.523435514280886,3096.0,220.27999999999997,0.03947657917910851,10.346130493600313,12.595814072300623,159,162.9,10.918398158637109,162.2,4.0
7.526387680659835,3097.0,220.44,0.04318435505793873,10.627798964213312,12.984461300810437,159,163.1,10.890479594905248,162.2,4.0
7.5293119386726675,3098.0,220.6,0.046848660930571794,10.527328846198566,13.437058319708353,159,163.3,10.938229779385642,162.2,4.0
7.532361664402472,3099.0,220.8,0.049057830273572724,10.979012627294676,13.799723562416323,159,163.3,11.015519028261895,162.1,4.0
7.5355047489132625,3100.0,221.0,0.04998761509006938,11.315104238846217,14.110395397362401,159,163.4,11.086557024152064,162.1,4.0
7.5386427422032085,3101.0,221.16,0.05094910523643796,11.296775843806884,14.38303140518372,159,163.5,11.21929030294589,162.1,4.0
7.541933412930809,3102.0,221.32,0.05182146985463817,11.846414619362559,14.494361238683217,159,163.5,11.294460590179494,162.1,4.0
7.545166251368025,3103.0,221.48000000000002,0.05012863525216592,11.638218373978912,14.507717364534827,159,163.6,11.32576187046542,162.0,4.0
7.548418187959254,3104.0,221.6,0.04729483074410141,11.706971728423957,14.461706884112152,159,163.7,11.410996464140984,162.0,4.0
7.551681478626939,3105.0,221.71999999999997,0.04321995244493248,11.74784640366609,14.2348812142268,159,163.7,11.45711019455072,162.0,4.0
7.554830653946289,3106.0,221.88000000000002,0.037969743427708126,11.33703114965814,13.937743825619625,160,163.7,11.519047414649036,161.9,4.0
7.557997954737019,3107.0,222.0,0.03153950829424087,11.402282846627855,13.595747187118217,160,163.6,11.571677701166347,161.8,4.0
7.561181220107339,3108.0,222.08,0.02385495044240031,11.459755333154282,13.097741491648687,160,163.5,11.60833637646008,161.7,4.0
7.564224317796163,3109.0,222.16,0.016186917438465186,10.955151679768127,12.624077903607512,161,163.6,11.660698836454578,161.6,4.0
7.567342918820526,3110.0,222.2,0.008491245193676198,11.226963687708224,12.10317996072789,161,163.6,11.671860113181737,161.6,4.0
7.57048296137756,3111.0,222.16,0.0007983122176156057,11.304153205321176,11.553392424939519,161,163.6,11.64122178132232,161.5,4.0
7.573555294994416,3112.0,222.08,-0.008171122287579071,11.060401020684013,11.089693274140211,162,163.6,11.614775189657063,161.4,4.0
7.576688336878746,3113.0,222.0,-0.01457479308399135,11.278950783587762,10.635948464152229,162,163.5,11.62433748104064,161.3,4.0
7.579746862170751,3114.0,221.88000000000002,-0.021061311125598014,11.010691051218148,10.250189715878616,162,163.4,11.626707748793178,161.2,4.0
7.582717410711978,3115.0,221.76,-0.02624372590708739,10.69397474841819,9.986523526028346,163,163.4,11.613177454188817,161.1,4.0
7.585739836725657,3116.0,221.64000000000001,-0.03015347868238185,10.880733649245828,9.717256201334427,163,163.3,11.61570897071939,161.2,4.0
7.588691778424881,3117.0,221.56,-0.0314791432193321,10.626990117205853,9.51639921152735,163,163.2,11.648956045692492,161.2,4.0
7.591713311795795,3118.0,221.44,-0.03148865628164974,10.877520135289766,9.38222085570503,163,163.1,11.653480615471882,161.2,4.0
7.594783798550533,3119.0,221.35999999999999,-0.0314492760194357,11.053752317058288,9.263422160418544,163,162.9,11.668710891067924,161.2,4.0
7.597768727809281,3120.0,221.28000000000003,-0.031343869047245954,10.745745331492945,9.246809591085784,163,162.6,11.720438397649522,161.1,4.0
7.6008451920683155,3121.0,221.2,-0.031231413691647537,11.075271332524235,9.277514903695463,163,162.3,11.781520476132595,161.2,4.0
7.603884178768407,3122.0,221.11999999999998,-0.031073215536713224,10.940352120330079,9.310112548159347,164,162.1,11.899778679053693,161.2,4.0
7.606939669086815,3123.0,221.04000000000002,-0.03220894733375971,10.999765146269157,9.394874227141784,164,161.9,11.970414409183524,161.3,4.0
7.610130833780154,3124.0,220.92,-0.03200263309737905,11.488192896022088,9.419962176747287,164,161.8,12.027143981614609,161.4,4.0
7.613316074679371,3125.0,220.8,-0.03309137441973247,11.466867237180715,9.403096973698965,163,161.6,12.081910353002694,161.5,4.0
7.616535828459412,3126.0,220.68,-0.0354203585607027,11.591113608147523,9.430815294513135,164,161.4,12.090604605858418,161.6,4.0
7.619856473710841,3127.0,220.56,-0.036510617552311865,11.95432290514411,9.431926805244979,164,161.3,12.039796716170478,161.8,4.0
7.623086813435181,3128.0,220.44,-0.0388478229420812,11.629223007625805,9.445874968922507,163,161.2,11.94333912662463,162.0,4.0
7.626244248190714,3129.0,220.32,-0.03999176634159291,11.366765119917552,9.46431883386685,164,161.2,11.826947477151773,162.2,4.0
7.629465940209672,3130.0,220.16,-0.039886282927480574,11.598091268248579,9.46770816609902,164,161.2,11.767387302599351,162.4,4.0
7.6326704981642886,3131.0,220.04000000000002,-0.038549530545781356,11.536408636621607,9.489780477062597,163,161.2,11.694872622162272,162.5,4.0
7.6358815326979865,3132.0,219.87999999999997,-0.03847929187485254,11.559724321313231,9.496601106103045,164,161.3,11.627236993820585,162.6,4.0
7.6390832182567205,3133.0,219.76,-0.03718864899778722,11.526068011442268,9.481186277961047,163,161.4,11.583643299542953,162.7,4.0
7.642376212603653,3134.0,219.64000000000001,-0.037157440329242036,11.854779648959413,9.487317604268537,163,161.3,11.510953673468803,162.8,4.0
7.645706904780633,3135.0,219.56000000000003,-0.03713267419508344,11.990491837125692,9.535081731717618,164,161.3,11.42317375797276,162.9,4.0
7.648957662107138,3136.0,219.44,-0.0358777698451399,11.7027263754191,9.590469243925721,164,161.3,11.347661231054207,162.9,4.0
7.65219320088118,3137.0,219.35999999999999,-0.034641156579812024,11.647939586549967,9.632068589250332,164,161.3,11.302877807319195,162.8,4.0
7.655350077850895,3138.0,219.24,-0.03339207947906353,11.364757090973242,9.694345377039811,163,161.3,11.32452933578706,162.8,4.0
7.658534074526938,3139.0,219.11999999999998,-0.032125635002012085,11.462388033753314,9.783626239865843,163,161.3,11.313155764600072,162.8,4.0
7.661762350622986,3140.0,219.0,-0.02961634109744287,11.621793945773952,9.86383529013015,163,161.4,11.242391686873365,162.8,4.0
7.664929324425924,3141.0,218.92,-0.028341746415588925,11.401105690577978,9.968972718917216,163,161.5,11.162978896641206,162.7,4.0
7.668147390949985,3142.0,218.8,-0.027020746669994093,11.585039486618976,10.105754075239956,163,161.5,11.037707176047013,162.8,4.0
7.671441429494755,3143.0,218.71999999999997,-0.025732669728135805,11.858538761173298,10.25164175579022,162,161.5,10.957746089983594,162.8,4.0
7.674746992091076,3144.0,218.68,-0.0232045757213779,11.900025346753278,10.45609880541016,162,161.6,10.888710512060111,162.7,4.0
7.678119990589155,3145.0,218.64000000000001,-0.02069212238104593,12.142794593086137,10.610953744356653,162,161.8,10.903891552018472,162.6,4.0
7.681514435433943,3146.0,218.56,-0.019396461347619326,12.220001441235077,10.725730193786852,161,161.9,10.958422948743928,162.5,4.0
7.684919646648216,3147.0,218.51999999999998,-0.01814588084812271,12.258760371380717,10.823236042834672,161,162.0,11.001979775357972,162.5,4.0
7.688405018626044,3148.0,218.48000000000002,-0.015683732984194194,12.547339120184196,10.872309947002638,161,162.1,11.025465969980068,162.3,4.0
7.691785225663558,3149.0,218.44,-0.015701844444164607,12.1687453350516,10.854308121483028,161,162.2,11.074517777799402,162.1,4.0
7.695171083905248,3150.0,218.36000000000004,-0.018207151981211082,12.18908967008482,10.780911324011981,162,162.2,11.064401089781391,161.9,4.0
7.698490186517598,3151.0,218.32,-0.01949045051350446,11.948769404458858,10.681644198876429,161,162.2,11.078125571384366,161.8,4.0
7.701732403744036,3152.0,218.28000000000003,-0.019597831778953096,11.671982015176196,10.639506198876067,161,162.2,11.065416466373687,161.6,4.0
7.704885309261896,3153.0,218.2,-0.02092715803117525,11.350459864293903,10.585062797128932,161,162.3,11.022358691574237,161.3,4.0
7.707922934109478,3154.0,218.07999999999998,-0.021005134546903483,10.935449451294803,10.527285166466353,161,162.3,11.009169072378263,161.1,4.0
7.710972622470132,3155.0,218.0,-0.01980910106399036,10.978878098357553,10.506255215452942,162,162.2,10.95585756244542,160.9,4.0
7.714201622385607,3156.0,217.92,-0.017397715127892992,11.624399695710864,10.495135786006331,161,162.2,10.87041575507236,160.7,4.0
7.717405403931998,3157.0,217.84,-0.01618015666423729,11.533613567009924,10.49039485554206,161,162.2,10.7853792371464,160.5,4.0
7.720702899164434,3158.0,217.8,-0.014956435575631154,11.870982836767292,10.510706540477395,162,162.2,10.70808022073872,160.4,4.0
7.723962012606733,3159.0,217.8,-0.012493817902871084,11.732808392275308,10.580599062414354,162,162.1,10.653747623367558,160.3,4.0
7.727145955220439,3160.0,217.8,-0.00877840382616819,11.46219340934335,10.720346487503495,161,162.1,10.662404566853224,160.2,4.0
7.730221224734189,3161.0,217.8,-0.0062921394225387535,11.07097024949841,10.821133716837135,161,162.1,10.697932989504013,160.1,4.0
7.733253684941409,3162.0,217.8,-0.00379017470119819,10.916856745990675,10.855317417535401,161,162.1,10.766975987316782,160.0,4.0
7.7362821920600044,3163.0,217.8,-0.001268983952445601,10.902625626943774,10.873046703018707,161,162.0,10.791426653883176,160.0,4.0
7.7393799600422195,3164.0,217.8,0.0,11.151964735973452,10.840484122358404,161,162.0,10.775919570214311,160.1,4.0
7.742398055149577,3165.0,217.8,0.0,10.865142386487678,10.837541939515635,162,162.0,10.726621186999925,160.2,4.0
7.745430488182478,3166.0,217.8,0.0,10.91675891844378,10.82186346950905,162,161.9,10.670448529287922,160.3,4.0
7.748413678644892,3167.0,217.8,0.0,10.739485664688347,10.8742100386608,162,161.8,10.633433302093325,160.4,4.0
7.751363196875676,3168.0,217.8,0.0,10.618265630825366,10.950951457888214,162,161.7,10.592490872313087,160.5,4.0
7.754400196190021,3169.0,217.8,0.0,10.933197531641117,11.001979775357972,162,161.6,10.56987081162239,160.7,4.0
7.757392373309496,3170.0,217.8,0.0,10.771837630108514,11.025465969980065,162,161.6,10.526242402812468,160.9,4.0
7.760509812378685,3171.0,217.8,0.0,11.222780649082013,11.074517777799404,163,161.5,10.44262290240915,161.1,4.0
7.76369374868792,3172.0,217.8,0.0,11.462170713245234,11.064401089781395,162,161.4,10.407313092242523,161.3,4.0
7.766843246991554,3173.0,217.8,0.0,11.338193893084222,11.078125571384366,162,161.3,10.387837821373168,161.5,4.0
7.770006254403275,3174.0,217.8,0.0,11.386826682194386,11.065416466373687,162,161.2,10.413998581968992,161.6,4.0
7.773160604532353,3175.0,217.8,0.0,11.355660464681046,11.018536016553314,163,161.1,10.513600173884312,161.8,4.0
7.7761649356540925,3176.0,217.8,0.0,10.815592038263693,10.993814981055241,162,161.2,10.603634248470389,161.9,4.0
7.779186249676514,3177.0,217.8,0.0,10.876730480718074,10.925098085243508,162,161.2,10.729085149056502,162.0,4.0
7.782100464837825,3178.0,217.8,0.0,10.491174580718571,10.824368940585762,162,161.2,10.84655069113261,162.2,4.0
7.7850178592221715,3179.0,217.8,-0.0006730272106824094,10.502619783646612,10.724217913453115,163,161.2,10.936364475700938,162.2,4.0
7.787973398510546,3180.0,217.8,-0.002010450087539402,10.639941438148803,10.635458846593334,162,161.1,11.051985318016932,162.2,4.0
7.790942750052144,3181.0,217.8,-0.002677646393544281,10.689665549753547,10.577333071694433,162,161.2,11.144035557802544,162.2,4.0
7.793889348007565,3182.0,217.8,-0.00267764639354618,10.60775263951466,10.586173450972808,162,161.2,11.177949777804512,162.2,4.0
7.796802633761406,3183.0,217.78000000000003,-0.0026776463935442724,10.487828713824612,10.630207483733477,162,161.3,11.234775548033156,162.2,4.0
7.799750921683105,3184.0,217.74,-0.002002885629717793,10.613836518117575,10.716085035948854,162,161.4,11.19339092083841,162.1,4.0
7.8027543479305965,3185.0,217.72000000000003,-0.0006486663864210349,10.812334490969432,10.7726978483906,162,161.5,11.111995364477233,161.9,4.0
7.805782726117575,3186.0,217.71999999999997,3.1060420690311435e-05,10.902161473120351,10.81227292869194,162,161.6,11.051230924102857,161.8,4.0
7.808902730202916,3187.0,217.72000000000003,0.0013934233347349394,11.232014707225956,10.832530641723041,162,161.8,10.947884440148767,161.6,4.0
7.812008731469262,3188.0,217.74,0.0027614328721326234,11.181604558846276,10.852882287910276,162,162.0,10.875765196693434,161.2,4.0
7.814994044371848,3189.0,217.78000000000003,0.00481342398245609,10.747126449310551,10.90057014962788,162,162.2,10.797673038299164,160.9,4.0
7.817906508427809,3190.0,217.8,0.0075344892915495745,10.48487060146016,10.94527293057347,162,162.4,10.71567784123019,160.6,4.0
7.8207389200160335,3191.0,217.84,0.009587922102939541,10.196681717609653,11.003332860222471,162,162.5,10.700450292275328,160.3,4.0
7.823529482811143,3192.0,217.88000000000002,0.010970676276246188,10.046026062394661,11.039435462690438,161,162.6,10.653843115091012,160.1,4.0
7.8263399484894425,3193.0,217.92,0.012340330796277901,10.11767644187861,11.010736714918496,161,162.7,10.64434688217619,159.9,4.0
7.8291745074395305,3194.0,217.95999999999998,0.013023594994701923,10.204412220315206,11.008284665908231,161,162.8,10.713650394991165,159.8,4.0
7.832115100185104,3195.0,218.0,0.013011521871037154,10.586133884062468,10.985566884184403,161,162.9,10.741341479237594,159.7,4.0
7.835022288347609,3196.0,218.04000000000002,0.013659406063039985,10.465877385021132,10.970425530637069,162,162.9,10.777807982832346,159.6,4.0
7.83791001604294,3197.0,218.07999999999998,0.01098033502062309,10.395819703192787,10.994453777231252,161,162.8,10.804949573978522,159.6,4.0
7.840917934503268,3198.0,218.11999999999998,0.008309392156257218,10.828506457180017,10.986843842252789,161,162.8,10.795658677940972,159.7,4.0
7.843849149431217,3199.0,218.16,0.004346086179582913,10.552373740616979,10.98144349673661,161,162.8,10.827847056157433,159.9,4.0
7.846834282266611,3200.0,218.2,0.0003859426382430833,10.74647820741841,10.947934399648739,161,162.8,10.817971628291437,160.0,4.0
7.84994336494349,3201.0,218.16,-0.003563762970450078,11.192697636762853,10.8679661521761,161,162.7,10.813410460242029,160.1,4.0
7.852984022390228,3202.0,218.11999999999998,-0.00623299057274937,10.946366808255432,10.794335457782319,162,162.8,10.892119983059972,160.2,4.0
7.856142962792378,3203.0,218.04000000000002,-0.010194438830571232,11.372185447739726,10.716404280028161,161,162.8,10.893236893839932,160.3,4.0
7.859303814914899,3204.0,217.95999999999998,-0.012855486062370119,11.379067641076292,10.602680720572575,161,162.7,10.912140559343984,160.4,4.0
7.862493890395384,3205.0,217.88000000000002,-0.015512954797865528,11.48427172974576,10.551266606987364,161,162.6,10.976926322016352,160.5,4.0
7.865722247564323,3206.0,217.84,-0.01816461056436538,11.622085808181073,10.436783465625512,161,162.5,11.000764356935123,160.7,4.0
7.86886567037017,3207.0,217.76000000000005,-0.018181523110459806,11.316322101048875,10.312040685106975,162,162.5,11.048733324584155,160.9,4.0
7.871967794997169,3208.0,217.71999999999997,-0.016878589783491615,11.16764865719974,10.222859084332041,161,162.3,11.077826723257528,161.1,4.0
7.875056859286865,3209.0,217.68,-0.014294247706458346,11.120631442903393,10.122576284749751,162,162.1,11.060007253345765,161.1,4.0
7.877927034824496,3210.0,217.64000000000001,-0.013069371531609928,10.332631935470966,10.067069933227241,162,161.9,11.09211760949619,161.3,4.0
7.880810018733705,3211.0,217.6,-0.011858733199358363,10.378742073151065,10.028696751249642,162,161.8,11.088142379614466,161.5,4.0
7.883681886068291,3212.0,217.6,-0.011916339469540788,10.338722404511671,10.009794084766764,163,161.6,11.06138640131844,161.5,4.0
7.886553752903902,3213.0,217.6,-0.010665160405240189,10.338720608198841,10.061106308747025,163,161.3,11.07536266116712,161.6,4.0
7.889514273794603,3214.0,217.56,-0.010698216865516499,10.657875206522961,10.07408694340626,163,161.1,11.084583036492994,161.7,4.0
7.892487426612882,3215.0,217.51999999999998,-0.009382894249653079,10.703350145803048,10.108214338778136,163,160.9,11.09819323735567,161.8,4.0
7.895488019345518,3216.0,217.48000000000002,-0.008058849482267408,10.80213383749135,10.209019352851211,163,160.7,11.125213389637668,161.8,4.0
7.898589143404268,3217.0,217.44,-0.006725228807800713,11.164046611500234,10.263625115139135,163,160.5,11.138496276351486,161.7,4.0
7.901561803650201,3218.0,217.4,-0.006725228807800713,10.70157688535659,10.327028285267081,162,160.4,11.180496423730457,161.7,4.0
7.9046244895151325,3219.0,217.4,-0.006725228807800713,11.025669113755184,10.367694981382913,163,160.3,11.172353418777655,161.8,4.0
7.907687174810583,3220.0,217.4,-0.00669566055511036,11.02566706362069,10.367062861116896,163,160.2,11.13809792822573,161.8,4.0
7.910647078398254,3221.0,217.4,-0.006664750911844641,10.65565291561537,10.383886663178728,163,160.1,11.088186856603045,161.8,4.0
7.91362024157616,3222.0,217.4,-0.006640302308115464,10.703387440459192,10.339598736142486,163,160.0,11.036409212540487,161.8,4.0
7.91656750172051,3223.0,217.4,-0.007923372913650813,10.61013651966061,10.269613952679506,162,160.0,11.021267663221,161.8,4.0
7.919502214566662,3224.0,217.35999999999999,-0.009205294085064644,10.564966246147456,10.263119176684725,163,160.1,10.98381189057604,161.8,4.0
7.9225647795466525,3225.0,217.32,-0.011811927728391217,11.025233927967635,10.171212926446426,163,160.2,10.97935991640867,161.8,4.0
7.925537940535217,3226.0,217.27999999999997,-0.014411715639816986,10.703379558831386,10.094895249127905,163,160.3,10.993458560478953,161.8,4.0
7.928626394682719,3227.0,217.2,-0.01831768052848584,11.118434931006165,10.054999791656618,162,160.4,10.970594928726532,161.9,4.0
7.931817692492034,3228.0,217.11999999999998,-0.02091411891959596,11.48867211353603,9.978857394932044,163,160.5,10.96447004500742,162.0,4.0
7.93488348088691,3229.0,217.03999999999996,-0.023511488164506926,11.03683822155479,9.93879187595261,163,160.7,10.962986892164851,162.1,4.0
7.937998676364316,3230.0,216.95999999999998,-0.023491257445578523,11.214703718661223,9.896409935782254,162,160.9,10.959418226452067,162.2,4.0
7.941138540403855,3231.0,216.84,-0.024769702633645196,11.303510542339033,9.831148725690092,162,161.1,10.969271516327751,162.3,4.0
7.944177920345423,3232.0,216.76,-0.024749173178069583,10.94176778964693,9.840086071493458,162,161.3,10.902868867307772,162.5,4.0
7.947258427622131,3233.0,216.67999999999998,-0.023422996393629082,11.089826196150904,9.858801251969115,162,161.5,10.779058732897106,162.5,4.0
7.950273955464598,3234.0,216.64000000000001,-0.022099353687679943,10.855900232881154,9.87919575775324,161,161.6,10.655508478451136,162.6,4.0
7.953287021917056,3235.0,216.56,-0.02078553369197026,10.847039228850015,9.957000274056359,161,161.8,10.464943432117114,162.7,4.0
7.956349378339372,3236.0,216.51999999999998,-0.018185745780544493,11.024483120335658,10.031258013322597,161,161.9,10.363213569219754,162.7,4.0
7.959426790181646,3237.0,216.48000000000002,-0.014279780891875638,11.078682632188919,10.124646677588675,161,162.0,10.344157265547242,162.8,4.0
7.962543765829028,3238.0,216.44,-0.0129762023851732,11.221112330575759,10.227956955945913,161,162.2,10.354915493234582,162.7,4.0
7.965648377167929,3239.0,216.4,-0.011677512553427236,11.17660082004162,10.31602342557878,160,162.2,10.4296202956515,162.6,4.0
7.968789184799018,3240.0,216.4,-0.01168045879728419,11.306907471919951,10.422726819259296,160,162.2,10.521143711350735,162.5,4.0
7.971966854952064,3241.0,216.4,-0.010386657246933783,11.43961255096578,10.478457307508162,160,162.2,10.611038447550932,162.4,4.0
7.975081290872193,3242.0,216.35999999999999,-0.010398575874293456,11.211969312466927,10.496327862790762,160,162.2,10.778095485882016,162.3,4.0
7.97819869505644,3243.0,216.32,-0.00975684331335563,11.222655063289087,10.477956693281783,160,162.2,10.917763402946305,162.2,4.0
7.981330889974959,3244.0,216.27999999999997,-0.009772355975742726,11.275901706670863,10.461644191971374,160,162.1,11.037135966779678,162.1,4.0
7.984321336969216,3245.0,216.24,-0.009135842195798525,10.765609179321995,10.488195588143922,160,161.9,11.163738323428356,162.0,4.0
7.987288539251109,3246.0,216.2,-0.009135842195798525,10.681928214816386,10.504915929552931,160,161.8,11.175550261126428,162.0,4.0
7.990227309227765,3247.0,216.17999999999998,-0.009135842195798525,10.579571915962084,10.555205090431746,160,161.6,11.108785277688726,161.9,4.0
7.9932004580860845,3248.0,216.14000000000001,-0.00718601313189227,10.703335889950171,10.630931747258876,160,161.2,11.037948666396948,161.9,4.0
7.996263009565764,3249.0,216.11999999999998,-0.004574575621841549,11.025185326846762,10.678199758646128,160,160.9,10.97185732638378,162.0,4.0
7.99929977338395,3250.0,216.11999999999998,-0.0026094267669983275,10.93234974547036,10.75947702310331,161,160.6,10.94153928652312,162.1,4.0
8.002465076942087,3251.0,216.11999999999998,-0.0013028620014912662,11.395092809292057,10.85026326371732,161,160.3,10.919138740320756,162.2,4.0
8.005618675762411,3252.0,216.14000000000001,8.158265740583134e-06,11.352955753169775,10.946469842511046,161,160.1,10.903276738907833,162.3,4.0
8.008672569858458,3253.0,216.18,0.0020399569264449094,10.994018745764869,11.064064744603384,161,159.9,10.93749872019018,162.5,4.0
8.011787751211092,3254.0,216.2,0.004739357155549608,11.214652869479751,11.08803235151019,161,159.8,11.011483006324488,162.6,4.0
8.014774078336341,3255.0,216.2,0.006787747227414017,10.750777650896298,11.032196990620742,162,159.7,11.098977813270157,162.7,4.0
8.017731367657921,3256.0,216.2,0.00817839112107065,10.646241557688542,10.960991964983458,162,159.6,11.205967172758829,162.7,4.0
8.020697507884233,3257.0,216.23999999999995,0.00955907417489297,10.678104814718939,10.814641552470379,162,159.6,11.302187912935612,162.7,4.0
8.023486204939719,3258.0,216.28000000000003,0.008902104995394398,10.039309399750369,10.7522872680286,162,159.7,11.361855075301923,162.6,4.0
8.02620483937937,3259.0,216.32,0.007589346898508679,9.787083982740093,10.761713929811153,162,159.9,11.385400347195738,162.4,4.0
8.028898408046317,3260.0,216.35999999999999,0.006928970250158571,9.696847201010666,10.7935410810237,162,160.0,11.329498484061848,162.2,4.0
8.031534364253526,3261.0,216.4,0.006928970250158571,9.48944234595183,10.895270625027882,163,160.1,11.269421752311846,162.1,4.0
8.034405380121358,3262.0,216.4,0.006928970250158571,10.335657124196171,11.040381507246945,162,160.2,11.200134781626078,162.0,4.0
8.037406340040535,3263.0,216.4,0.006842838022393138,10.803455709039763,11.219818884783605,162,160.3,11.106867495242454,161.88888888888889,4.0
8.040551405358967,3264.0,216.4,0.008030361963912143,11.322235146353162,11.560334636154476,163,160.4,11.016535082242935,161.75,4.0
8.043745245824262,3265.0,216.4,0.01052708578574866,11.497825675065462,11.956264582911635,162,160.5,10.904770213362369,161.57142857142858,4.0
8.046956766856118,3266.0,216.4,0.015659393046882863,11.561475714680913,12.433265943003429,162,160.7,10.806893412904396,161.5,4.0
8.050172614682985,3267.0,216.44,0.022153402256168915,11.577052176720882,13.031847582086687,162,160.9,10.7732192060725,,-1.0
8.05342535906717,3268.0,216.51999999999998,0.03268208537682373,11.709879783061226,13.638121277081442,162,161.1,10.735450745198763,,-1.0
8.05653195994311,3269.0,216.64000000000001,0.044551153357563364,11.183763153382968,14.276022581861705,162,161.1,10.722090957297844,,-1.0
8.05955711906515,3270.0,216.84,0.05907889614471616,10.890572839344411,15.076278596744771,161,161.3,10.751650662090046,,-1.0
8.062544748485273,3271.0,217.08,0.07487775513621617,10.7554659124386,16.007571196077745,161,161.5,10.786970540679736,,-1.0
8.065448575291155,3272.0,217.4,0.09318591579761129,10.453776501176879,17.075581804377617,161,161.5,10.814647604473343,,-1.0
8.068264076923006,3273.0,217.76,0.11005986014795195,10.13580587466275,18.175562070975516,160,161.6,10.88440931377452,,-1.0
8.071212373876739,3274.0,218.2,0.12675825048605488,10.61386903343537,19.23643146226106,159,161.7,10.969845840601756,,-1.0
8.074222627286442,3275.0,218.67999999999998,0.14070669076450118,10.83691227493378,20.228828334907128,159,161.8,11.06638364173618,,-1.0
8.077349931540907,3276.0,219.24,0.15065992230693062,11.258295316074323,21.095379284124455,159,161.8,11.16114886817337,,-1.0
8.080503555628322,3277.0,219.8,0.15669778429484632,11.353046714697262,21.74705432325895,159,161.7,11.219278016304289,,-1.0
8.08371223889747,3278.0,220.4,0.15760826595119676,11.551259768931965,22.13684149773919,160,161.7,11.224436123758336,,-1.0
8.086913900832526,3279.0,220.95999999999998,0.15340596223742217,11.525982966206469,22.22505208278389,160,161.8,11.18799135990442,,-1.0
8.090144571860495,3280.0,221.48000000000002,0.14530671351786867,11.630415700687486,21.95813245422825,160,161.8,11.137061268704604,,-1.0
8.093375242411021,3281.0,221.92,0.1333973400197822,11.630413981895284,21.36395792680795,160,161.8,11.081518144123178,,-1.0
8.09657626188215,3282.0,222.28000000000003,0.1177034314607941,11.523670096063588,20.411319432152613,160,161.8,11.054666669456925,,-1.0
8.099659043347826,3283.0,222.51999999999998,0.10086011962248795,11.098013276430605,19.273999630290323,160,161.8,11.025003698635354,,-1.0
8.102773082419242,3284.0,222.71999999999997,0.0829171578089952,11.21054065709847,18.006179156641178,160,161.8,10.96741415630016,,-1.0
8.105848739361985,3285.0,222.84,0.06507990350452068,11.072364993871936,16.685812903430268,161,161.8,10.932587895637791,,-1.0
8.108820760663301,3286.0,222.92,0.04726237051453814,10.699276684735404,15.376482109010151,160,161.8,10.898468297246662,,-1.0
8.1118075049403,3287.0,222.95999999999998,0.03066377301740808,10.75227939719725,14.132662516295465,160,161.9,10.876738356154911,,-1.0
8.114823724401987,3288.0,223.0,0.016545949780864815,10.858390062074285,13.058280784679496,161,162.0,10.870476771473776,,-1.0
8.117766310541533,3289.0,223.0,0.004874353959286183,10.593310102370237,12.240585796758605,161,162.1,10.917045130005482,,-1.0
8.120746058200059,3290.0,222.95999999999998,-0.0055487224174151336,10.727091570692274,11.597856550926302,161,162.2,10.976967292532356,,-1.0
8.123666270781472,3291.0,222.88000000000002,-0.01076120115601872,10.51276529308963,11.18908024473276,161,162.3,10.986061259144645,,-1.0
8.126595410251328,3292.0,222.8,-0.010750074523073824,10.544902091483896,11.040794405314521,162,162.5,10.96912080001542,,-1.0
8.12958465225358,3293.0,222.68,-0.008166883240867197,10.761271208111612,11.090268702888745,162,162.5,10.94057750935528,,-1.0
8.13259377893368,3294.0,222.56,-0.0017582275074323694,10.8328560483611,11.30549375109931,162,162.6,10.899764492442891,,-1.0
8.135632325354475,3295.0,222.51999999999998,0.008509812898786726,10.938767114862758,11.727535087113402,161,162.7,10.841262009700596,,-1.0
8.13868645694688,3296.0,222.6,0.02011448499496217,10.994873732657418,12.307899998800249,162,162.7,10.7720185282063,,-1.0
8.14177131199774,3297.0,222.71999999999997,0.031810188398767085,11.105478183094148,12.954565873104718,162,162.8,10.701218127219132,,-1.0
8.144864412192188,3298.0,222.95999999999998,0.0435397084427017,11.135160700010355,13.579149732435756,161,162.7,10.65651111841514,,-1.0
8.148000780857572,3299.0,223.28000000000003,0.05534130564587614,11.290927195382016,14.106993826029631,162,162.6,10.55572433179024,,-1.0
8.151217852201729,3300.0,223.6,0.06454635713711483,11.581456838964616,14.442848095635346,162,162.5,10.492011608780642,,-1.0
8.15440622534185,3301.0,223.88000000000002,0.06848159440391635,11.4781433044339,14.560745720165926,162,162.4,10.512524238921246,,-1.0
8.15759860155181,3302.0,224.16,0.06585621566856444,11.492554355855775,14.49790372949801,162,162.3,10.532552481065723,,-1.0
8.160749313409982,3303.0,224.4,0.06063533839976014,11.342562689420776,14.288326400231025,161,162.2,10.580439067716998,,-1.0
8.163772768166343,3304.0,224.56,0.048930340062262434,10.884437122901602,13.979110136904609,162,162.1,10.670467708301604,,-1.0
8.166710079131988,3305.0,224.64000000000001,0.03336659444424936,10.574319476323597,13.560020737856055,162,162.0,10.747036455418383,,-1.0
8.169622738248838,3306.0,224.64000000000001,0.019129205917896613,10.485572820659245,13.046334333807323,162,162.0,10.782505357705572,,-1.0
8.172553306842527,3307.0,224.6,0.008800507519674275,10.550046937279898,12.568809866891339,162,161.9,10.833385306220446,,-1.0
8.175571819607345,3308.0,224.48000000000002,0.0010614836784577112,10.866645953347819,12.16301896665249,161,161.9,10.880260323283164,,-1.0
8.178625791131559,3309.0,224.32,-0.0014922746136628647,10.994297487166309,11.851008250680385,162,162.0,10.894165722938247,,-1.0
8.181682891524785,3310.0,224.2,0.0011739130097196265,11.005561415612675,11.679150769603314,162,162.1,10.841970186441518,,-1.0
8.184774525051955,3311.0,224.16,0.007775076590567554,11.129880697810224,11.686301021829264,162,162.2,10.678499184723307,,-1.0
8.187872124599718,3312.0,224.2,0.015701853362662655,11.151358371944472,11.781155598982041,162,162.3,10.489404765298946,,-1.0
8.190962475510412,3313.0,224.35999999999999,0.021003792276503792,11.125263278503287,11.838171426487524,162,162.5,10.345702148857788,,-1.0
8.193968536975992,3314.0,224.6,0.024967652043009263,10.821821276090253,11.856384652248861,163,162.6,10.230862874605512,,-1.0
8.197035204493115,3315.0,224.87999999999997,0.026226433655411285,11.040003061640638,11.807695915455296,163,162.7,10.175763514945489,,-1.0
8.200114314061429,3316.0,225.11999999999998,0.02344406769602811,11.084794445927988,11.673301251054783,163,162.7,10.213892399360567,,-1.0
8.203070143673484,3317.0,225.24,0.01657797365341715,10.640986603402801,11.43351754357152,163,162.7,10.186227921898874,,-1.0
8.206041599607389,3318.0,225.24,0.007031299424954703,10.697241362055538,11.121002556956931,163,162.6,10.052495560773584,,-1.0
8.209016284213101,3319.0,225.11999999999998,-0.005060681438098307,10.708864580564914,10.793101668029092,162,162.4,9.888088896525236,,-1.0
8.211960015114904,3320.0,224.92,-0.015671718162614128,10.597431246488794,10.524506763255623,163,162.2,9.604359955322304,,-1.0
8.214889141745568,3321.0,224.67999999999998,-0.02488512576507352,10.54485587038725,10.260989403484015,163,162.1,9.032770532135045,,-1.0
8.217794398289179,3322.0,224.44,-0.027413826129028984,10.458923557001535,10.146969119199555,162,162.0,8.415266696221842,,-1.0
8.220688081419354,3323.0,224.24,-0.023359176467956686,10.417259268631607,10.266588956458294,163,161.88888888888889,8.266884742172484,,-1.0
8.223569956749367,3324.0,224.16,-0.012675203107566823,10.374751188050329,10.547618194825226,162,161.75,8.00657972121753,,-1.0
8.226356660970309,3325.0,224.16,0.0006662912377887256,10.032135195391648,11.03652184527152,162,161.57142857142858,7.61329828925506,,-1.0
8.229258790752484,3326.0,224.32,0.01668720813325882,10.447667215832002,11.735238037643237,162,161.5,7.016364433460201,,-1.0
8.232271599892709,3327.0,224.56,0.03148138252490417,10.846112904808832,12.538086707483268,162,,,,
8.23529868983257,3328.0,224.87999999999997,0.04635707844457757,10.897523783500324,13.287014130767744,162,,,,
8.238406392734536,3329.0,225.16,0.059948572482821726,11.187730447077648,13.995521186193717,161,,,,
8.241600203193517,3330.0,225.43999999999997,0.07229264925835184,11.49771765233486,14.527106775218533,162,,,,
8.244742020788394,3331.0,225.63999999999996,0.08203582555993509,11.310543341555078,14.787863747613347,162,,,,
8.247745802060582,3332.0,225.84,0.08226777280727522,10.81361257987341,14.729736612730202,162,,,,
8.250780818381076,3333.0,226.04000000000002,0.07705860166054669,10.926058753780332,14.344897267726386,162,,,,
8.253792902091819,3334.0,226.32000000000002,0.062145094806862325,10.8435013586775,13.733297337256369,162,,,,
8.256618232422914,3335.0,226.6,0.04153113643642544,10.171189191942512,12.956654256480462,163,,,,
8.25937537460371,3336.0,226.76,0.016509370954922116,9.925711850864696,11.994038527373146,163,,,,
8.261934097628052,3337.0,226.83999999999997,-0.004662647023536267,9.21140288762672,10.929272508408552,163,,,,
8.264435925291734,3338.0,226.71999999999997,-0.0262966971202789,9.006579589256715,9.907089619799457,163,,,,
8.26714445425914,3339.0,226.4,-0.047386975024792624,9.750704282666058,8.854223733635937,163,,,,
8.270019266734089,3340.0,225.95999999999998,-0.07068607759579006,10.349324909812118,7.856834878476373,163,,,,
8.273008030552132,3341.0,225.56,-0.09436437015856046,10.759549744954825,7.037204570870685,163,,,,
8.276117725392139,3342.0,225.16,-0.11618108082804113,11.194901424024204,6.327441288583563,162,,,,
8.279075895941906,3343.0,224.8,-0.12846847163165181,10.649413979163397,5.563925002376967,162,,,,
8.281716500871747,3344.0,224.48000000000002,-0.13450066280827994,9.506177747424607,4.8933651236516935,161,,,,
8.284085146024374,3345.0,224.16,-0.13687919464867404,8.527122549459035,4.5991320782453,161,,,,
8.286054152257384,3346.0,223.8,-0.1342924923943133,7.088422438835353,4.2874241804154,161,,,,
8.287025126883982,3347.0,223.60000000000002,-0.1326728829221475,3.4955086557541364,3.9584569177098916,162,,,,
8.287811666114573,3348.0,223.4,-0.1297963789719194,2.8315412301246816,3.5720445602305566,162,,,,
