timestamp,hr,paceKmh,elevationM,cadence,lat,lon
2024-07-23T09:29:52+00:00,65,0.0,74.9,0,47.915808,-3.45182
2024-07-23T09:29:53+00:00,66,0.0,74.9,0,47.915808,-3.45182
2024-07-23T09:29:54+00:00,67,0.0,74.9,0,47.915808,-3.45182
2024-07-23T09:29:55+00:00,68,0.0,74.9,0,47.915808,-3.45182
2024-07-23T09:29:56+00:00,70,0.0,74.9,0,47.915808,-3.45182
2024-07-23T09:29:57+00:00,71,2.088,74.9,77,47.915808,-3.45182
2024-07-23T09:29:58+00:00,72,2.088,74.9,79,47.915808,-3.45182
2024-07-23T09:29:59+00:00,73,2.088,74.9,79,47.915785,-3.451834
2024-07-23T09:30:00+00:00,74,3.9456,74.9,79,47.915787,-3.451792
2024-07-23T09:30:01+00:00,76,6.9696,74.8,79,47.915764,-3.451755
2024-07-23T09:30:02+00:00,78,7.2576,74.8,79,47.915738,-3.451739
2024-07-23T09:30:03+00:00,79,10.0584,74.8,81,47.915706,-3.451709
2024-07-23T09:30:04+00:00,80,11.7576,74.8,81,47.915685,-3.451695
2024-07-23T09:30:05+00:00,80,12.4992,74.9,81,47.91566,-3.451665
2024-07-23T09:30:06+00:00,82,12.348,74.9,81,47.915629,-3.451634
2024-07-23T09:30:07+00:00,83,12.5136,75.0,81,47.915605,-3.451608
2024-07-23T09:30:08+00:00,84,12.0384,75.0,82,47.915579,-3.451584
2024-07-23T09:30:09+00:00,87,13.0104,75.1,81,47.915548,-3.45157
2024-07-23T09:30:10+00:00,89,12.852,75.2,81,47.915518,-3.451565
2024-07-23T09:30:11+00:00,91,11.9304,75.2,81,47.915492,-3.451564
2024-07-23T09:30:12+00:00,93,11.692800000000002,75.3,81,47.915463,-3.451566
2024-07-23T09:30:13+00:00,95,11.9448,75.3,83,47.915432,-3.45157
2024-07-23T09:30:14+00:00,96,11.361600000000001,75.4,83,47.915406,-3.451576
2024-07-23T09:30:15+00:00,97,11.0952,75.5,82,47.915378,-3.451578
2024-07-23T09:30:16+00:00,99,11.484,75.5,82,47.91535,-3.451574
2024-07-23T09:30:17+00:00,100,11.3112,75.6,82,47.915322,-3.451568
2024-07-23T09:30:18+00:00,102,10.944,75.6,82,47.915302,-3.451541
2024-07-23T09:30:19+00:00,103,11.1312,75.7,82,47.915279,-3.451512
2024-07-23T09:30:20+00:00,105,10.9872,75.7,82,47.915264,-3.451481
2024-07-23T09:30:21+00:00,106,11.2896,75.8,82,47.915247,-3.451442
2024-07-23T09:30:22+00:00,107,11.5992,75.9,82,47.915237,-3.451398
2024-07-23T09:30:23+00:00,107,11.548800000000002,75.9,81,47.915229,-3.45136
2024-07-23T09:30:24+00:00,108,11.678400000000002,76.0,81,47.915224,-3.451316
2024-07-23T09:30:25+00:00,109,12.621599999999999,76.0,80,47.915216,-3.451262
2024-07-23T09:30:26+00:00,109,12.276000000000002,76.1,80,47.915208,-3.451222
2024-07-23T09:30:27+00:00,110,12.3408,76.1,80,47.915202,-3.451176
2024-07-23T09:30:28+00:00,111,13.0968,76.2,80,47.915194,-3.451123
2024-07-23T09:30:29+00:00,112,12.9456,76.2,80,47.915188,-3.451083
2024-07-23T09:30:30+00:00,112,12.204,76.3,80,47.915186,-3.451042
2024-07-23T09:30:31+00:00,113,12.427200000000001,76.3,79,47.915177,-3.450996
2024-07-23T09:30:32+00:00,114,12.2256,76.3,79,47.91517,-3.450953
2024-07-23T09:30:33+00:00,114,11.5128,76.3,79,47.915167,-3.450914
2024-07-23T09:30:34+00:00,115,11.7576,76.3,79,47.915158,-3.450868
2024-07-23T09:30:35+00:00,116,11.8944,76.3,79,47.915149,-3.450826
2024-07-23T09:30:36+00:00,116,11.772,76.3,80,47.915138,-3.450782
2024-07-23T09:30:37+00:00,117,11.7288,76.4,80,47.915121,-3.450745
2024-07-23T09:30:38+00:00,117,11.7144,76.4,80,47.915103,-3.450718
2024-07-23T09:30:39+00:00,118,10.216800000000001,76.4,80,47.915095,-3.450712
2024-07-23T09:30:40+00:00,118,8.8488,76.4,80,47.915082,-3.4507
2024-07-23T09:30:41+00:00,118,7.7472,76.4,80,47.915068,-3.450684
2024-07-23T09:30:42+00:00,118,7.6536,76.4,80,47.915044,-3.450668
2024-07-23T09:30:43+00:00,119,7.596,76.3,80,47.915016,-3.450656
2024-07-23T09:30:44+00:00,119,8.856,76.3,80,47.914988,-3.450651
2024-07-23T09:30:45+00:00,119,10.0656,76.3,80,47.914958,-3.45066
2024-07-23T09:30:46+00:00,119,11.678400000000002,76.3,80,47.914924,-3.450669
2024-07-23T09:30:47+00:00,119,12.0528,76.2,80,47.914894,-3.450679
2024-07-23T09:30:48+00:00,119,14.8464,76.1,80,47.914865,-3.450692
2024-07-23T09:30:49+00:00,120,12.5856,76.0,80,47.914801,-3.450729
2024-07-23T09:30:50+00:00,120,13.2048,75.8,80,47.91477,-3.450743
2024-07-23T09:30:51+00:00,120,12.9384,75.7,80,47.914738,-3.450758
2024-07-23T09:30:52+00:00,121,13.0608,75.5,79,47.914703,-3.450769
2024-07-23T09:30:53+00:00,121,10.864799999999999,75.3,79,47.914669,-3.450784
2024-07-23T09:30:54+00:00,121,13.716000000000001,75.1,79,47.914637,-3.450797
2024-07-23T09:30:55+00:00,121,13.788,74.9,79,47.914609,-3.450807
2024-07-23T09:30:56+00:00,122,13.5432,74.6,79,47.914575,-3.45082
2024-07-23T09:30:57+00:00,122,13.5216,74.3,80,47.914542,-3.450834
2024-07-23T09:30:58+00:00,122,13.4496,74.0,81,47.914509,-3.450841
2024-07-23T09:30:59+00:00,122,13.4136,73.7,82,47.914468,-3.450831
2024-07-23T09:31:00+00:00,122,13.5504,73.4,82,47.914432,-3.450832
2024-07-23T09:31:01+00:00,123,13.9392,73.0,82,47.914395,-3.450829
2024-07-23T09:31:02+00:00,123,14.184,72.7,82,47.914355,-3.450825
2024-07-23T09:31:03+00:00,123,14.436,72.4,81,47.914315,-3.450815
2024-07-23T09:31:04+00:00,123,15.2064,72.1,81,47.91428,-3.450804
2024-07-23T09:31:05+00:00,123,15.112800000000002,71.9,81,47.914244,-3.450792
2024-07-23T09:31:06+00:00,123,15.328800000000001,71.6,81,47.914212,-3.450781
2024-07-23T09:31:07+00:00,124,15.120000000000001,71.4,82,47.914174,-3.450767
2024-07-23T09:31:08+00:00,124,15.3144,71.2,82,47.914133,-3.450761
2024-07-23T09:31:09+00:00,124,14.882400000000002,71.0,82,47.9141,-3.450752
2024-07-23T09:31:10+00:00,124,14.6952,70.8,82,47.914064,-3.450743
2024-07-23T09:31:11+00:00,124,14.5224,70.6,82,47.914031,-3.450733
2024-07-23T09:31:12+00:00,124,14.529599999999999,70.5,81,47.913996,-3.45072
2024-07-23T09:31:13+00:00,124,14.1912,70.3,82,47.913958,-3.450712
2024-07-23T09:31:14+00:00,125,14.4,70.1,82,47.913923,-3.450703
2024-07-23T09:31:15+00:00,125,14.5152,70.0,82,47.913889,-3.450694
2024-07-23T09:31:16+00:00,125,14.4,69.9,82,47.913856,-3.45069
2024-07-23T09:31:17+00:00,125,14.3496,69.8,82,47.913823,-3.450679
2024-07-23T09:31:18+00:00,125,14.119200000000001,69.7,82,47.913787,-3.450673
2024-07-23T09:31:19+00:00,126,13.5936,69.6,82,47.913754,-3.450667
2024-07-23T09:31:20+00:00,126,13.3848,69.5,82,47.913722,-3.450656
2024-07-23T09:31:21+00:00,126,13.377600000000001,69.5,81,47.91369,-3.450651
2024-07-23T09:31:22+00:00,126,13.3632,69.4,81,47.913658,-3.450641
2024-07-23T09:31:23+00:00,126,13.4712,69.4,81,47.913625,-3.450633
2024-07-23T09:32:05+00:00,109,0.30600000000000005,69.3,0,47.913596,-3.450613
2024-07-23T09:32:06+00:00,109,0.07200000000000001,69.3,0,47.913588,-3.450597
2024-07-23T09:32:07+00:00,108,0.2952,69.3,0,47.913565,-3.450584
2024-07-23T09:32:08+00:00,108,0.5112,69.3,0,47.913536,-3.450577
2024-07-23T09:32:09+00:00,108,0.7776,69.3,0,47.913505,-3.450567
2024-07-23T09:32:10+00:00,107,0.7776,69.2,79,47.913469,-3.450566
2024-07-23T09:32:11+00:00,108,11.772,69.2,81,47.913438,-3.450567
2024-07-23T09:32:12+00:00,110,12.4704,69.2,81,47.913405,-3.450562
2024-07-23T09:32:13+00:00,111,13.14,69.1,82,47.913369,-3.450563
2024-07-23T09:32:14+00:00,112,13.147200000000002,69.1,82,47.913337,-3.450565
2024-07-23T09:32:15+00:00,112,13.464,69.0,81,47.9133,-3.450565
2024-07-23T09:32:16+00:00,113,13.6368,69.0,81,47.913262,-3.450567
2024-07-23T09:32:17+00:00,113,14.0904,68.9,81,47.913225,-3.450565
2024-07-23T09:32:18+00:00,113,14.493599999999999,68.8,81,47.913186,-3.450563
2024-07-23T09:32:19+00:00,113,14.889600000000002,68.7,82,47.913152,-3.450562
2024-07-23T09:32:20+00:00,114,14.493599999999999,68.6,82,47.913118,-3.450557
2024-07-23T09:32:21+00:00,114,14.5728,68.5,82,47.913082,-3.450558
2024-07-23T09:32:22+00:00,114,14.565600000000002,68.5,83,47.913045,-3.450559
2024-07-23T09:32:23+00:00,115,14.4864,68.4,83,47.913006,-3.450558
2024-07-23T09:32:24+00:00,115,14.529599999999999,68.4,83,47.912969,-3.450556
2024-07-23T09:32:25+00:00,115,15.0408,68.4,83,47.912934,-3.45055
2024-07-23T09:32:26+00:00,116,14.911200000000001,68.4,82,47.9129,-3.450549
2024-07-23T09:32:27+00:00,116,14.472,68.4,82,47.912868,-3.450555
2024-07-23T09:32:28+00:00,116,14.0832,68.4,82,47.912834,-3.450556
2024-07-23T09:32:29+00:00,117,14.1768,68.5,81,47.912797,-3.450556
2024-07-23T09:32:30+00:00,117,13.6872,68.5,82,47.912766,-3.450554
2024-07-23T09:32:31+00:00,118,13.6872,68.6,83,47.912731,-3.450558
2024-07-23T09:32:32+00:00,118,13.9032,68.6,83,47.912696,-3.450562
2024-07-23T09:32:33+00:00,118,13.8816,68.7,83,47.912664,-3.450562
2024-07-23T09:32:34+00:00,119,13.6368,68.7,83,47.912628,-3.450565
2024-07-23T09:32:35+00:00,119,13.5144,68.8,83,47.912598,-3.450568
2024-07-23T09:32:36+00:00,119,13.2192,68.8,82,47.912567,-3.450569
2024-07-23T09:32:37+00:00,120,13.14,68.9,82,47.912531,-3.450576
2024-07-23T09:32:38+00:00,120,13.2048,68.9,82,47.912499,-3.450578
2024-07-23T09:32:39+00:00,120,13.104000000000001,68.9,82,47.912464,-3.450581
2024-07-23T09:32:40+00:00,120,13.1976,68.9,82,47.912432,-3.450585
2024-07-23T09:32:41+00:00,121,13.3704,68.9,82,47.912401,-3.450583
2024-07-23T09:32:42+00:00,121,13.5792,68.9,82,47.912361,-3.450588
2024-07-23T09:32:43+00:00,121,13.8384,68.9,82,47.912324,-3.450591
2024-07-23T09:32:44+00:00,122,13.8672,68.9,81,47.912289,-3.45059
2024-07-23T09:32:45+00:00,122,13.6944,68.8,81,47.912258,-3.450593
2024-07-23T09:32:46+00:00,122,13.766399999999999,68.8,81,47.912226,-3.450594
2024-07-23T09:32:47+00:00,123,13.3848,68.7,81,47.912192,-3.450595
2024-07-23T09:32:48+00:00,123,13.5144,68.7,81,47.912155,-3.450599
2024-07-23T09:32:49+00:00,123,13.5288,68.6,81,47.912122,-3.450601
2024-07-23T09:32:50+00:00,123,13.7592,68.6,82,47.912088,-3.450603
2024-07-23T09:32:51+00:00,123,13.8312,68.5,82,47.912055,-3.450606
2024-07-23T09:32:52+00:00,123,13.845600000000001,68.5,82,47.912021,-3.450606
2024-07-23T09:32:53+00:00,123,13.6368,68.4,82,47.911984,-3.450608
2024-07-23T09:32:54+00:00,123,13.824,68.4,80,47.911949,-3.450611
2024-07-23T09:32:55+00:00,124,13.9104,68.3,81,47.911915,-3.450612
2024-07-23T09:32:56+00:00,124,14.018400000000002,68.3,81,47.911878,-3.450614
2024-07-23T09:32:57+00:00,124,14.1912,68.3,81,47.911844,-3.450613
2024-07-23T09:32:58+00:00,124,14.1984,68.2,81,47.911809,-3.450613
2024-07-23T09:32:59+00:00,124,14.1984,68.2,81,47.911772,-3.450617
2024-07-23T09:33:00+00:00,124,14.306400000000002,68.2,81,47.911736,-3.450616
2024-07-23T09:33:01+00:00,124,14.4,68.1,81,47.911699,-3.45062
2024-07-23T09:33:02+00:00,124,14.421600000000002,68.1,81,47.911663,-3.450627
2024-07-23T09:33:03+00:00,124,14.4864,68.0,81,47.911627,-3.45063
2024-07-23T09:33:04+00:00,124,14.313600000000001,68.0,81,47.911593,-3.450633
2024-07-23T09:33:05+00:00,125,14.148000000000001,67.9,82,47.911559,-3.45063
2024-07-23T09:33:06+00:00,125,13.8384,67.9,82,47.911525,-3.450628
2024-07-23T09:33:07+00:00,125,13.644,67.9,82,47.911493,-3.450632
2024-07-23T09:33:08+00:00,125,13.1256,67.9,82,47.911461,-3.450637
2024-07-23T09:33:09+00:00,125,12.895199999999999,67.8,82,47.911429,-3.450642
2024-07-23T09:33:10+00:00,125,12.744,67.8,81,47.911397,-3.450645
2024-07-23T09:33:11+00:00,125,12.8088,67.8,82,47.911364,-3.450647
2024-07-23T09:33:12+00:00,125,13.1832,67.8,82,47.911328,-3.450646
2024-07-23T09:33:13+00:00,126,13.406400000000001,67.8,82,47.911295,-3.45065
2024-07-23T09:33:14+00:00,126,13.730400000000001,67.8,83,47.911259,-3.450651
2024-07-23T09:33:15+00:00,126,14.0544,67.9,83,47.911224,-3.450649
2024-07-23T09:33:16+00:00,126,14.112,67.9,83,47.911191,-3.45065
2024-07-23T09:33:17+00:00,126,13.8888,67.9,81,47.911155,-3.450652
2024-07-23T09:33:18+00:00,126,14.0472,67.9,81,47.91112,-3.450653
2024-07-23T09:33:19+00:00,126,13.9032,67.9,82,47.911089,-3.450653
2024-07-23T09:33:20+00:00,126,13.442400000000001,68.0,83,47.911057,-3.450656
2024-07-23T09:33:21+00:00,126,13.2552,68.0,83,47.911024,-3.450657
2024-07-23T09:33:22+00:00,126,13.622399999999999,68.1,83,47.910986,-3.450653
2024-07-23T09:33:23+00:00,126,13.377600000000001,68.1,83,47.910954,-3.450656
2024-07-23T09:33:24+00:00,127,13.118400000000001,68.1,83,47.910926,-3.450659
2024-07-23T09:33:25+00:00,127,13.442400000000001,68.2,83,47.910893,-3.45066
2024-07-23T09:33:26+00:00,127,13.1832,68.2,83,47.910866,-3.450664
2024-07-23T09:33:27+00:00,127,12.2976,68.3,83,47.910835,-3.450669
2024-07-23T09:33:28+00:00,127,12.232800000000001,68.3,83,47.910804,-3.450672
2024-07-23T09:33:29+00:00,127,12.1968,68.4,84,47.910773,-3.450673
2024-07-23T09:33:30+00:00,127,12.096,68.5,83,47.91074,-3.450674
2024-07-23T09:33:31+00:00,127,12.1248,68.5,83,47.910711,-3.450674
2024-07-23T09:33:32+00:00,127,12.715200000000001,68.6,83,47.910675,-3.450675
2024-07-23T09:33:33+00:00,127,12.744,68.6,83,47.910644,-3.450675
2024-07-23T09:33:34+00:00,127,12.8232,68.7,83,47.910613,-3.450674
2024-07-23T09:33:35+00:00,128,13.0968,68.8,83,47.910578,-3.450676
2024-07-23T09:33:36+00:00,128,12.8664,68.8,83,47.910553,-3.450674
2024-07-23T09:33:37+00:00,128,12.5136,68.9,82,47.910521,-3.450676
2024-07-23T09:33:38+00:00,128,12.715200000000001,68.9,82,47.910489,-3.450677
2024-07-23T09:33:39+00:00,128,12.1392,68.9,82,47.910464,-3.450676
2024-07-23T09:33:40+00:00,128,11.721599999999999,69.0,81,47.910433,-3.450674
2024-07-23T09:33:41+00:00,128,11.9952,69.0,81,47.910403,-3.450675
2024-07-23T09:33:42+00:00,128,11.7144,69.0,82,47.910374,-3.450672
2024-07-23T09:33:43+00:00,129,11.6712,69.1,82,47.910341,-3.450671
2024-07-23T09:33:44+00:00,129,12.1104,69.1,82,47.910312,-3.450667
2024-07-23T09:33:45+00:00,129,12.103200000000001,69.1,82,47.910281,-3.450661
2024-07-23T09:33:46+00:00,129,12.232800000000001,69.1,82,47.91025,-3.450659
2024-07-23T09:33:47+00:00,129,12.1824,69.1,82,47.910222,-3.450656
2024-07-23T09:33:48+00:00,130,12.024,69.1,82,47.910192,-3.450646
2024-07-23T09:33:49+00:00,130,12.261600000000001,69.1,82,47.91016,-3.450642
2024-07-23T09:33:50+00:00,130,12.103200000000001,69.1,81,47.910132,-3.45063
2024-07-23T09:33:51+00:00,130,12.0816,69.1,81,47.9101,-3.450619
2024-07-23T09:33:52+00:00,130,12.607199999999999,69.1,82,47.910067,-3.450611
2024-07-23T09:33:53+00:00,130,12.830400000000001,69.1,82,47.910036,-3.450601
2024-07-23T09:33:54+00:00,130,12.7584,69.0,82,47.910004,-3.450594
2024-07-23T09:33:55+00:00,131,12.859200000000001,69.0,81,47.909975,-3.450588
2024-07-23T09:33:56+00:00,131,12.8736,69.0,81,47.909945,-3.450576
2024-07-23T09:33:57+00:00,131,12.348,69.0,81,47.909916,-3.450566
2024-07-23T09:33:58+00:00,131,11.7936,69.0,81,47.909889,-3.45056
2024-07-23T09:33:59+00:00,131,11.9376,69.0,81,47.909857,-3.450548
2024-07-23T09:34:00+00:00,131,12.0816,69.0,81,47.909826,-3.450539
2024-07-23T09:34:01+00:00,131,11.750399999999999,69.0,81,47.9098,-3.45053
2024-07-23T09:34:02+00:00,131,11.844000000000001,69.0,81,47.90977,-3.450522
2024-07-23T09:34:03+00:00,131,11.879999999999999,68.9,81,47.90974,-3.450517
2024-07-23T09:34:04+00:00,131,11.9088,68.9,81,47.90971,-3.450505
2024-07-23T09:34:05+00:00,131,12.0672,68.9,82,47.909678,-3.450494
2024-07-23T09:34:06+00:00,132,12.348,68.9,82,47.909648,-3.450487
2024-07-23T09:34:07+00:00,132,12.276000000000002,68.9,81,47.909623,-3.450466
2024-07-23T09:34:08+00:00,132,12.420000000000002,68.8,81,47.909594,-3.450452
2024-07-23T09:34:09+00:00,132,12.0816,68.8,81,47.909566,-3.45044
2024-07-23T09:34:10+00:00,133,11.6712,68.8,81,47.909539,-3.450428
2024-07-23T09:34:11+00:00,133,11.721599999999999,68.7,81,47.909508,-3.450419
2024-07-23T09:34:12+00:00,133,11.7288,68.7,81,47.909481,-3.450407
2024-07-23T09:34:13+00:00,133,11.7792,68.7,81,47.909451,-3.450393
2024-07-23T09:34:14+00:00,133,11.952,68.6,81,47.909421,-3.450382
2024-07-23T09:34:15+00:00,132,12.0528,68.6,82,47.909392,-3.450366
2024-07-23T09:34:16+00:00,132,12.117600000000001,68.6,82,47.90936,-3.450352
2024-07-23T09:34:17+00:00,132,12.362400000000001,68.6,82,47.909332,-3.450342
2024-07-23T09:34:18+00:00,132,12.1968,68.6,82,47.909305,-3.450331
2024-07-23T09:34:19+00:00,132,12.024,68.5,82,47.909275,-3.450324
2024-07-23T09:34:20+00:00,132,12.2256,68.5,82,47.909243,-3.450308
2024-07-23T09:34:21+00:00,132,12.362400000000001,68.5,83,47.909209,-3.450297
2024-07-23T09:34:22+00:00,132,12.7224,68.4,83,47.909177,-3.450275
2024-07-23T09:34:23+00:00,132,13.1616,68.4,83,47.909145,-3.450261
2024-07-23T09:34:24+00:00,132,13.428,68.3,82,47.909113,-3.450247
2024-07-23T09:34:25+00:00,132,13.4136,68.3,82,47.909083,-3.450233
2024-07-23T09:34:26+00:00,132,13.284,68.2,82,47.909052,-3.450216
2024-07-23T09:34:27+00:00,132,13.176,68.2,82,47.909022,-3.450193
2024-07-23T09:34:28+00:00,134,13.248000000000001,68.1,82,47.908993,-3.450171
2024-07-23T09:34:29+00:00,135,13.212,68.0,82,47.908961,-3.450152
2024-07-23T09:34:30+00:00,137,13.284,68.0,81,47.908929,-3.450135
2024-07-23T09:34:31+00:00,138,13.2408,67.9,81,47.9089,-3.450117
2024-07-23T09:34:32+00:00,139,13.0104,67.9,81,47.908872,-3.450101
2024-07-23T09:34:33+00:00,140,12.6792,67.8,80,47.908844,-3.450091
2024-07-23T09:34:34+00:00,140,12.7944,67.7,80,47.908813,-3.450072
2024-07-23T09:34:35+00:00,140,12.700800000000001,67.7,82,47.908782,-3.45006
2024-07-23T09:34:36+00:00,140,12.7872,67.6,82,47.908752,-3.450045
2024-07-23T09:34:37+00:00,140,13.1688,67.5,83,47.908718,-3.450033
2024-07-23T09:34:38+00:00,140,13.3488,67.4,83,47.908688,-3.450022
2024-07-23T09:34:39+00:00,140,13.248000000000001,67.4,83,47.908658,-3.450001
2024-07-23T09:34:40+00:00,140,13.5144,67.3,83,47.908624,-3.449983
2024-07-23T09:34:41+00:00,140,13.406400000000001,67.2,83,47.908597,-3.449964
2024-07-23T09:34:42+00:00,140,13.248000000000001,67.1,83,47.908564,-3.449946
2024-07-23T09:34:43+00:00,140,13.248000000000001,67.0,83,47.908533,-3.44993
2024-07-23T09:34:44+00:00,141,15.9192,66.9,83,47.908504,-3.449904
2024-07-23T09:34:45+00:00,141,13.0968,66.6,83,47.908445,-3.449861
2024-07-23T09:34:46+00:00,141,13.3272,66.5,83,47.908418,-3.449839
2024-07-23T09:34:47+00:00,141,13.0608,66.5,83,47.908386,-3.449816
2024-07-23T09:34:48+00:00,141,13.276800000000001,66.4,83,47.908357,-3.44979
2024-07-23T09:34:49+00:00,141,10.7208,66.5,83,47.908323,-3.449769
2024-07-23T09:34:50+00:00,141,13.622399999999999,66.5,83,47.908292,-3.44975
2024-07-23T09:34:51+00:00,141,13.7088,66.5,83,47.908265,-3.449726
2024-07-23T09:34:52+00:00,141,13.7232,66.5,83,47.908235,-3.449698
2024-07-23T09:34:53+00:00,141,13.6584,66.5,83,47.908205,-3.449675
2024-07-23T09:34:54+00:00,141,13.6512,66.5,83,47.908178,-3.449651
2024-07-23T09:34:55+00:00,141,13.464,66.5,82,47.90815,-3.449631
2024-07-23T09:34:56+00:00,141,13.0176,66.4,81,47.908125,-3.449608
2024-07-23T09:34:57+00:00,141,12.8088,66.3,81,47.908097,-3.449587
2024-07-23T09:34:58+00:00,141,12.4992,66.3,81,47.908069,-3.44957
2024-07-23T09:34:59+00:00,141,12.24,66.1,81,47.908041,-3.449549
2024-07-23T09:35:00+00:00,141,12.1392,66.0,81,47.908013,-3.449526
2024-07-23T09:35:01+00:00,141,12.2256,65.8,81,47.907986,-3.449503
2024-07-23T09:35:02+00:00,141,12.4632,65.6,81,47.907959,-3.449475
2024-07-23T09:35:03+00:00,141,12.6504,65.4,81,47.907926,-3.449444
2024-07-23T09:35:04+00:00,141,15.840000000000002,65.1,81,47.907896,-3.449421
2024-07-23T09:35:05+00:00,141,14.7636,64.6,81,47.907848,-3.449373
2024-07-23T09:35:06+00:00,141,13.845600000000001,64.4,81,47.907831,-3.449358
2024-07-23T09:35:07+00:00,141,14.529599999999999,64.1,81,47.9078,-3.449332
2024-07-23T09:35:08+00:00,141,14.832,63.7,81,47.907772,-3.449299
2024-07-23T09:35:09+00:00,141,12.117600000000001,63.4,81,47.907742,-3.449268
2024-07-23T09:35:10+00:00,141,13.5252,63.1,81,47.907716,-3.449242
2024-07-23T09:35:11+00:00,142,14.6088,62.7,80,47.90769,-3.449209
2024-07-23T09:35:12+00:00,142,14.104800000000001,62.3,80,47.907661,-3.449175
2024-07-23T09:35:13+00:00,142,14.2272,62.0,80,47.907637,-3.449148
2024-07-23T09:35:14+00:00,142,13.8096,61.6,79,47.90761,-3.449114
2024-07-23T09:35:15+00:00,142,13.5576,61.2,79,47.907579,-3.449078
2024-07-23T09:35:16+00:00,142,13.845600000000001,60.8,79,47.907554,-3.449041
2024-07-23T09:35:17+00:00,142,14.2992,60.4,79,47.907529,-3.449008
2024-07-23T09:35:18+00:00,142,13.9392,60.0,79,47.907503,-3.448976
2024-07-23T09:35:19+00:00,142,14.0544,59.5,78,47.907473,-3.448942
2024-07-23T09:35:20+00:00,142,14.328,59.1,78,47.907448,-3.448906
2024-07-23T09:35:21+00:00,142,14.256,58.7,78,47.907421,-3.448873
2024-07-23T09:35:22+00:00,142,14.0544,58.3,77,47.907394,-3.448839
2024-07-23T09:35:23+00:00,142,14.018400000000002,57.8,78,47.907369,-3.448804
2024-07-23T09:35:24+00:00,142,14.0544,57.3,78,47.907341,-3.448765
2024-07-23T09:35:25+00:00,142,14.436,56.8,78,47.90731,-3.448729
2024-07-23T09:35:26+00:00,142,14.536800000000001,56.4,79,47.907284,-3.448695
2024-07-23T09:35:27+00:00,142,14.680800000000001,55.9,79,47.907259,-3.448658
2024-07-23T09:35:28+00:00,142,15.112800000000002,55.4,79,47.907231,-3.448624
2024-07-23T09:35:29+00:00,142,15.1272,55.0,79,47.907207,-3.448597
2024-07-23T09:35:30+00:00,142,14.0616,54.5,78,47.907182,-3.448558
2024-07-23T09:35:31+00:00,142,14.1912,54.0,78,47.907155,-3.448524
2024-07-23T09:35:32+00:00,142,13.8528,53.6,78,47.907129,-3.448493
2024-07-23T09:35:33+00:00,142,13.6152,53.1,78,47.907106,-3.448462
2024-07-23T09:35:34+00:00,142,13.3848,52.7,78,47.90708,-3.448427
2024-07-23T09:35:35+00:00,142,13.8888,52.3,78,47.907055,-3.448398
2024-07-23T09:35:36+00:00,142,13.212,51.8,79,47.90703,-3.448366
2024-07-23T09:35:37+00:00,142,13.284,51.4,79,47.907006,-3.448334
2024-07-23T09:35:38+00:00,142,13.1904,51.0,78,47.906982,-3.448305
2024-07-23T09:35:39+00:00,142,13.147200000000002,50.6,78,47.906961,-3.448267
2024-07-23T09:35:40+00:00,142,13.003200000000001,50.2,78,47.906938,-3.448232
2024-07-23T09:35:41+00:00,142,13.3128,49.8,78,47.906915,-3.448198
2024-07-23T09:35:42+00:00,142,12.830400000000001,49.4,78,47.90689,-3.44816
2024-07-23T09:35:43+00:00,142,13.024799999999999,48.9,78,47.906862,-3.448119
2024-07-23T09:35:44+00:00,142,13.8024,48.5,78,47.906835,-3.448084
2024-07-23T09:35:45+00:00,142,13.9968,48.1,79,47.90681,-3.44805
2024-07-23T09:35:46+00:00,142,13.968,47.7,79,47.906785,-3.448014
2024-07-23T09:35:47+00:00,142,14.644799999999998,47.3,79,47.90676,-3.447981
2024-07-23T09:35:48+00:00,142,14.544,47.0,79,47.906735,-3.447949
2024-07-23T09:35:49+00:00,142,13.8888,46.7,79,47.906711,-3.447914
2024-07-23T09:35:50+00:00,143,13.68,46.4,78,47.906687,-3.447884
2024-07-23T09:35:51+00:00,143,13.5,46.1,78,47.906665,-3.447852
2024-07-23T09:35:52+00:00,143,12.996,45.9,78,47.906644,-3.447821
2024-07-23T09:35:53+00:00,143,12.7944,45.6,78,47.906619,-3.44779
2024-07-23T09:35:54+00:00,144,12.7656,45.4,78,47.906596,-3.447762
2024-07-23T09:35:55+00:00,144,12.4416,45.2,79,47.906572,-3.447731
2024-07-23T09:35:56+00:00,144,12.456,45.0,80,47.906549,-3.447702
2024-07-23T09:35:57+00:00,144,12.3696,44.9,80,47.906525,-3.447675
2024-07-23T09:35:58+00:00,145,12.168,44.7,79,47.906502,-3.447641
2024-07-23T09:35:59+00:00,146,12.132000000000001,44.6,79,47.906478,-3.447609
2024-07-23T09:36:00+00:00,148,12.621599999999999,44.5,79,47.906453,-3.447582
2024-07-23T09:36:01+00:00,151,12.6576,44.4,79,47.906431,-3.447556
2024-07-23T09:36:02+00:00,152,12.4704,44.3,79,47.906408,-3.447528
2024-07-23T09:36:03+00:00,153,12.3984,44.2,79,47.906383,-3.447502
2024-07-23T09:36:04+00:00,153,12.312,44.2,79,47.90636,-3.447477
2024-07-23T09:36:05+00:00,153,11.8368,44.1,78,47.906335,-3.447451
2024-07-23T09:36:06+00:00,153,11.628,44.1,78,47.90631,-3.447429
2024-07-23T09:36:07+00:00,153,11.7936,44.1,80,47.906283,-3.447403
2024-07-23T09:36:08+00:00,152,11.9952,44.1,80,47.906255,-3.447378
2024-07-23T09:36:09+00:00,152,12.1896,44.1,80,47.906229,-3.447356
2024-07-23T09:36:10+00:00,151,12.420000000000002,44.1,80,47.906202,-3.447331
2024-07-23T09:36:11+00:00,151,12.520800000000001,44.1,81,47.906173,-3.447305
2024-07-23T09:36:12+00:00,151,12.880799999999999,44.2,81,47.906147,-3.447283
2024-07-23T09:36:13+00:00,151,12.78,44.3,81,47.90612,-3.44726
2024-07-23T09:36:14+00:00,151,12.6864,44.3,81,47.906092,-3.44724
2024-07-23T09:36:15+00:00,151,12.621599999999999,44.4,81,47.906066,-3.44722
2024-07-23T09:36:16+00:00,151,12.708,44.5,81,47.90604,-3.4472
2024-07-23T09:36:17+00:00,152,12.3696,44.5,81,47.906014,-3.447182
2024-07-23T09:36:18+00:00,152,12.1608,44.6,81,47.90599,-3.447164
2024-07-23T09:36:19+00:00,152,11.9808,44.6,81,47.905968,-3.447147
2024-07-23T09:36:20+00:00,152,11.534400000000002,44.6,81,47.905948,-3.447133
2024-07-23T09:36:21+00:00,152,10.7208,44.7,80,47.905926,-3.447117
2024-07-23T09:36:22+00:00,151,10.2384,44.7,81,47.905903,-3.447101
2024-07-23T09:36:23+00:00,151,9.7992,44.8,81,47.905882,-3.447089
2024-07-23T09:36:24+00:00,151,9.1368,44.8,82,47.905856,-3.447072
2024-07-23T09:36:25+00:00,151,9.1512,44.9,82,47.905831,-3.447056
2024-07-23T09:36:26+00:00,151,9.5544,44.9,81,47.905811,-3.447043
2024-07-23T09:36:27+00:00,151,9.3672,45.0,81,47.905784,-3.447019
2024-07-23T09:36:28+00:00,151,9.7056,45.1,81,47.905758,-3.447
2024-07-23T09:36:29+00:00,151,10.620000000000001,45.1,81,47.905734,-3.446984
2024-07-23T09:36:30+00:00,151,10.864799999999999,45.2,81,47.905709,-3.446968
2024-07-23T09:36:31+00:00,151,10.7208,45.3,81,47.90568,-3.446951
2024-07-23T09:36:32+00:00,151,11.534400000000002,45.4,81,47.905653,-3.446934
2024-07-23T09:36:33+00:00,151,11.9448,45.5,81,47.905627,-3.446917
2024-07-23T09:36:34+00:00,151,11.7144,45.6,81,47.905604,-3.446898
2024-07-23T09:36:35+00:00,151,11.8368,45.7,81,47.905584,-3.446879
2024-07-23T09:36:36+00:00,151,11.772,45.8,81,47.90556,-3.446864
2024-07-23T09:36:37+00:00,151,11.1096,45.8,81,47.905539,-3.446853
2024-07-23T09:36:38+00:00,151,10.3968,45.9,82,47.905513,-3.446841
2024-07-23T09:36:39+00:00,151,10.0944,46.0,83,47.905491,-3.446828
2024-07-23T09:36:40+00:00,151,9.54,46.1,83,47.905473,-3.446815
2024-07-23T09:36:41+00:00,151,9.1872,46.2,83,47.905448,-3.446796
2024-07-23T09:36:42+00:00,151,9.3528,46.3,82,47.905425,-3.446775
2024-07-23T09:36:43+00:00,151,9.6912,46.4,82,47.905401,-3.446755
2024-07-23T09:36:44+00:00,151,9.8712,46.5,82,47.905375,-3.446736
2024-07-23T09:36:45+00:00,151,10.3536,46.6,82,47.90535,-3.446721
2024-07-23T09:36:46+00:00,151,10.98,46.8,82,47.905323,-3.446703
2024-07-23T09:36:47+00:00,151,11.2896,46.9,82,47.905302,-3.446688
2024-07-23T09:36:48+00:00,151,11.102400000000001,47.0,83,47.905278,-3.446665
2024-07-23T09:36:49+00:00,152,11.0664,47.1,83,47.905254,-3.446646
2024-07-23T09:36:50+00:00,152,10.8936,47.2,83,47.905231,-3.446628
2024-07-23T09:36:51+00:00,152,10.872,47.3,83,47.905208,-3.446607
2024-07-23T09:36:52+00:00,152,10.548,47.4,83,47.905188,-3.446585
2024-07-23T09:36:53+00:00,152,10.7208,47.5,83,47.905166,-3.446564
2024-07-23T09:36:54+00:00,152,10.6056,47.6,82,47.90514,-3.446542
2024-07-23T09:36:55+00:00,152,10.5912,47.7,82,47.905117,-3.446523
2024-07-23T09:36:56+00:00,153,10.692,47.8,82,47.905092,-3.4465
2024-07-23T09:36:57+00:00,153,10.9008,47.9,83,47.905066,-3.44648
2024-07-23T09:36:58+00:00,153,11.0232,48.0,83,47.905043,-3.446459
2024-07-23T09:36:59+00:00,153,11.260800000000001,48.1,83,47.905017,-3.446437
2024-07-23T09:37:00+00:00,154,11.390400000000001,48.2,82,47.904996,-3.446418
2024-07-23T09:37:01+00:00,154,11.16,48.4,82,47.904973,-3.446393
2024-07-23T09:37:02+00:00,154,11.2104,48.5,82,47.904951,-3.446364
2024-07-23T09:37:03+00:00,154,11.1888,48.6,82,47.904932,-3.446339
2024-07-23T09:37:04+00:00,154,10.9512,48.7,82,47.904909,-3.44631
2024-07-23T09:37:05+00:00,154,11.0952,48.8,83,47.904887,-3.446284
2024-07-23T09:37:06+00:00,155,11.260800000000001,48.9,83,47.904868,-3.446259
2024-07-23T09:37:07+00:00,155,11.2032,49.1,83,47.904846,-3.446227
2024-07-23T09:37:08+00:00,155,11.3472,49.3,82,47.904825,-3.446197
2024-07-23T09:37:09+00:00,155,11.556000000000001,49.4,82,47.904807,-3.446171
2024-07-23T09:37:10+00:00,155,11.2968,49.5,82,47.90479,-3.44614
2024-07-23T09:37:11+00:00,155,11.1672,49.7,82,47.904773,-3.446111
2024-07-23T09:37:12+00:00,155,11.1096,49.9,82,47.904755,-3.446077
2024-07-23T09:37:13+00:00,155,10.9368,50.0,82,47.904737,-3.446049
2024-07-23T09:37:14+00:00,155,10.8432,50.2,82,47.904721,-3.44602
2024-07-23T09:37:15+00:00,156,10.7136,50.4,82,47.904702,-3.445992
2024-07-23T09:37:16+00:00,156,10.663200000000002,50.6,83,47.904686,-3.445965
2024-07-23T09:37:17+00:00,156,10.4256,50.8,83,47.904668,-3.445933
2024-07-23T09:37:18+00:00,156,10.4544,50.9,83,47.904651,-3.445904
2024-07-23T09:37:19+00:00,156,10.3536,51.1,83,47.904633,-3.44588
2024-07-23T09:37:20+00:00,157,10.2528,51.3,83,47.904614,-3.445853
2024-07-23T09:37:21+00:00,157,10.3824,51.5,83,47.904598,-3.445831
2024-07-23T09:37:22+00:00,157,10.2384,51.7,83,47.904584,-3.445809
2024-07-23T09:37:23+00:00,158,9.6696,51.9,82,47.904567,-3.445782
2024-07-23T09:37:24+00:00,158,9.4248,52.1,82,47.90455,-3.445759
2024-07-23T09:37:25+00:00,158,9.3096,52.3,82,47.904534,-3.445732
2024-07-23T09:37:26+00:00,159,9.1728,52.5,81,47.904517,-3.445706
2024-07-23T09:37:27+00:00,159,9.251999999999999,52.7,81,47.904501,-3.445683
2024-07-23T09:37:28+00:00,159,9.4032,52.9,81,47.904485,-3.445657
2024-07-23T09:37:29+00:00,159,9.4608,53.1,81,47.904471,-3.445633
2024-07-23T09:37:30+00:00,158,9.3816,53.3,81,47.90446,-3.445608
2024-07-23T09:37:31+00:00,158,9.036,53.5,81,47.904444,-3.445576
2024-07-23T09:37:32+00:00,158,9.1512,53.7,81,47.904429,-3.44556
2024-07-23T09:37:33+00:00,158,8.9496,53.9,81,47.904413,-3.445539
2024-07-23T09:37:34+00:00,158,8.632800000000001,54.1,82,47.904398,-3.445516
2024-07-23T09:37:35+00:00,158,8.5536,54.3,82,47.90439,-3.445494
2024-07-23T09:37:36+00:00,158,8.3376,54.5,82,47.904374,-3.445471
2024-07-23T09:37:37+00:00,159,8.064000000000002,54.7,82,47.904359,-3.445448
2024-07-23T09:37:38+00:00,159,8.1936,54.9,82,47.904346,-3.445428
2024-07-23T09:37:39+00:00,159,8.1792,55.1,80,47.904332,-3.445403
2024-07-23T09:37:40+00:00,159,8.28,55.3,80,47.90432,-3.445381
2024-07-23T09:37:41+00:00,159,8.2584,55.5,81,47.904307,-3.445358
2024-07-23T09:37:42+00:00,159,8.1504,55.8,81,47.904292,-3.445332
2024-07-23T09:37:43+00:00,160,8.316,56.0,81,47.90428,-3.445307
2024-07-23T09:37:44+00:00,160,8.46,56.2,81,47.904268,-3.445284
2024-07-23T09:37:45+00:00,160,8.2656,56.4,82,47.904253,-3.445261
2024-07-23T09:37:46+00:00,160,8.344800000000001,56.7,81,47.904237,-3.445241
2024-07-23T09:37:47+00:00,160,8.424,56.9,81,47.904221,-3.445218
2024-07-23T09:37:48+00:00,160,8.1936,57.1,81,47.904204,-3.445196
2024-07-23T09:37:49+00:00,160,8.172,57.3,81,47.904191,-3.445176
2024-07-23T09:37:50+00:00,160,8.1936,57.6,80,47.904175,-3.445153
2024-07-23T09:37:51+00:00,160,8.359200000000001,57.8,80,47.904161,-3.445134
2024-07-23T09:37:52+00:00,160,8.2656,58.0,80,47.904147,-3.44511
2024-07-23T09:37:53+00:00,160,8.3736,58.3,80,47.904131,-3.445086
2024-07-23T09:37:54+00:00,160,8.496,58.4,81,47.904119,-3.445068
2024-07-23T09:37:55+00:00,160,8.2944,58.6,82,47.904105,-3.445047
2024-07-23T09:37:56+00:00,160,8.1288,58.9,83,47.904086,-3.445024
2024-07-23T09:37:57+00:00,160,8.388,59.1,83,47.904071,-3.445004
2024-07-23T09:37:58+00:00,160,8.2944,59.3,83,47.904058,-3.444976
2024-07-23T09:37:59+00:00,160,8.2944,59.6,83,47.904044,-3.444953
2024-07-23T09:38:00+00:00,160,8.5896,59.8,82,47.904028,-3.444932
2024-07-23T09:38:01+00:00,160,8.82,60.0,82,47.904012,-3.444913
2024-07-23T09:38:02+00:00,160,8.5608,60.2,82,47.903994,-3.444894
2024-07-23T09:38:03+00:00,160,8.5392,60.4,82,47.903978,-3.444874
2024-07-23T09:38:04+00:00,160,8.3376,60.7,82,47.903957,-3.444848
2024-07-23T09:38:05+00:00,160,8.9784,60.9,81,47.903941,-3.444827
2024-07-23T09:38:06+00:00,160,8.9496,61.1,81,47.903924,-3.444804
2024-07-23T09:38:07+00:00,160,9.1584,61.4,81,47.903908,-3.444781
2024-07-23T09:38:08+00:00,160,9.2232,61.6,80,47.903893,-3.44476
2024-07-23T09:38:09+00:00,161,9.2376,61.8,80,47.903876,-3.444738
2024-07-23T09:38:10+00:00,161,8.5752,62.0,80,47.903863,-3.44472
2024-07-23T09:38:11+00:00,161,8.5464,62.1,80,47.903849,-3.444702
2024-07-23T09:38:12+00:00,161,8.2872,62.3,80,47.903833,-3.444681
2024-07-23T09:38:13+00:00,161,8.1648,62.6,80,47.903816,-3.444661
2024-07-23T09:38:14+00:00,161,8.251199999999999,62.8,80,47.9038,-3.444639
2024-07-23T09:38:15+00:00,161,8.330400000000001,63.0,82,47.903783,-3.444619
2024-07-23T09:38:16+00:00,160,8.424,63.2,82,47.903767,-3.444601
2024-07-23T09:38:17+00:00,160,8.4312,63.4,82,47.903748,-3.44458
2024-07-23T09:38:18+00:00,160,8.4816,63.6,82,47.90373,-3.444558
2024-07-23T09:38:19+00:00,160,8.5752,63.8,82,47.90371,-3.444537
2024-07-23T09:38:20+00:00,161,8.748000000000001,64.1,81,47.903691,-3.444513
2024-07-23T09:38:21+00:00,161,9.0432,64.3,81,47.90367,-3.444489
2024-07-23T09:38:22+00:00,161,9.5904,64.5,81,47.903653,-3.44447
2024-07-23T09:38:23+00:00,161,9.7416,64.7,81,47.903635,-3.444449
2024-07-23T09:38:24+00:00,161,9.878400000000001,64.9,81,47.903616,-3.444429
2024-07-23T09:38:25+00:00,162,9.6696,65.1,81,47.903599,-3.444411
2024-07-23T09:38:26+00:00,162,9.432,65.3,81,47.90358,-3.444391
2024-07-23T09:38:27+00:00,162,9.0432,65.5,81,47.903562,-3.444375
2024-07-23T09:38:28+00:00,162,8.8632,65.8,82,47.903541,-3.444354
2024-07-23T09:38:29+00:00,162,8.9856,66.0,82,47.903523,-3.444335
2024-07-23T09:38:30+00:00,162,9.0792,66.2,82,47.903502,-3.444315
2024-07-23T09:38:31+00:00,162,9.288,66.4,83,47.903482,-3.444299
2024-07-23T09:38:32+00:00,162,9.4392,66.6,84,47.903467,-3.444287
2024-07-23T09:38:33+00:00,163,9.230400000000001,66.8,85,47.903448,-3.444274
2024-07-23T09:38:34+00:00,163,8.7984,67.0,85,47.90343,-3.444261
2024-07-23T09:38:35+00:00,164,8.5104,67.2,85,47.903411,-3.444244
2024-07-23T09:38:36+00:00,164,8.244,67.4,85,47.903392,-3.444226
2024-07-23T09:38:37+00:00,165,8.2296,67.6,85,47.903377,-3.444213
2024-07-23T09:38:38+00:00,166,8.3376,67.7,84,47.903361,-3.444198
2024-07-23T09:38:39+00:00,166,8.1576,67.9,84,47.903343,-3.444181
2024-07-23T09:38:40+00:00,166,8.2656,68.1,84,47.903329,-3.444164
2024-07-23T09:38:41+00:00,166,7.956,68.3,83,47.903312,-3.444147
2024-07-23T09:38:42+00:00,166,7.6968,68.5,82,47.903296,-3.44413
2024-07-23T09:38:43+00:00,166,7.7616000000000005,68.7,82,47.90328,-3.444109
2024-07-23T09:38:44+00:00,166,7.8984,68.9,82,47.903262,-3.444088
2024-07-23T09:38:45+00:00,166,8.0856,69.1,82,47.903246,-3.444067
2024-07-23T09:38:46+00:00,166,8.3736,69.2,82,47.903229,-3.444047
2024-07-23T09:38:47+00:00,166,8.5608,69.4,81,47.903211,-3.444028
2024-07-23T09:38:48+00:00,166,8.856,69.6,81,47.903194,-3.444014
2024-07-23T09:38:49+00:00,166,8.8416,69.8,80,47.903177,-3.443997
2024-07-23T09:38:50+00:00,166,8.5464,70.0,80,47.903158,-3.443981
2024-07-23T09:38:51+00:00,166,8.488800000000001,70.2,81,47.903142,-3.443967
2024-07-23T09:38:52+00:00,166,8.200800000000001,70.4,82,47.903125,-3.443951
2024-07-23T09:38:53+00:00,166,7.8912,70.6,81,47.903107,-3.443934
2024-07-23T09:38:54+00:00,166,8.049600000000002,70.8,81,47.903092,-3.44392
2024-07-23T09:38:55+00:00,166,7.920000000000001,70.9,81,47.903078,-3.443904
2024-07-23T09:38:56+00:00,166,7.6968,71.1,81,47.903061,-3.443887
2024-07-23T09:38:57+00:00,166,7.7832,71.3,80,47.903046,-3.443873
2024-07-23T09:38:58+00:00,166,7.6752,71.5,79,47.903031,-3.44386
2024-07-23T09:38:59+00:00,166,7.466399999999999,71.7,79,47.903015,-3.443846
2024-07-23T09:39:00+00:00,166,7.502400000000001,71.8,79,47.903002,-3.443834
2024-07-23T09:39:01+00:00,165,7.164,72.0,80,47.902986,-3.443821
2024-07-23T09:39:02+00:00,165,7.1496,72.2,81,47.902971,-3.443809
2024-07-23T09:39:03+00:00,165,7.0416,72.4,80,47.902956,-3.443794
2024-07-23T09:39:04+00:00,164,6.8904,72.5,80,47.902942,-3.443779
2024-07-23T09:39:05+00:00,164,6.8904,72.8,80,47.902924,-3.443763
2024-07-23T09:39:06+00:00,164,7.344,73.0,80,47.902905,-3.443745
2024-07-23T09:39:07+00:00,164,7.5527999999999995,73.2,80,47.902891,-3.443729
2024-07-23T09:39:08+00:00,164,7.8552,73.4,80,47.902873,-3.443714
2024-07-23T09:39:09+00:00,164,8.028,73.6,80,47.902857,-3.443701
2024-07-23T09:39:10+00:00,164,7.956,73.8,80,47.902841,-3.443687
2024-07-23T09:39:11+00:00,164,7.9992,74.0,80,47.902823,-3.443673
2024-07-23T09:39:12+00:00,164,7.7976,74.2,80,47.902807,-3.443658
2024-07-23T09:39:13+00:00,164,7.5456,74.5,80,47.902787,-3.443639
2024-07-23T09:39:14+00:00,163,7.7616000000000005,74.7,80,47.90277,-3.443622
2024-07-23T09:39:15+00:00,163,8.020800000000001,74.9,80,47.90275,-3.443603
2024-07-23T09:39:16+00:00,163,8.2728,75.2,80,47.90273,-3.443585
2024-07-23T09:39:17+00:00,163,8.647200000000002,75.5,80,47.902711,-3.443568
2024-07-23T09:39:18+00:00,163,9.1512,75.7,81,47.902694,-3.443551
2024-07-23T09:39:19+00:00,163,9.144,76.0,81,47.902676,-3.443534
2024-07-23T09:39:20+00:00,163,9.0792,76.2,81,47.902659,-3.443518
2024-07-23T09:39:21+00:00,163,8.791200000000002,76.4,81,47.902641,-3.443499
2024-07-23T09:39:22+00:00,163,8.7696,76.7,81,47.902624,-3.44348
2024-07-23T09:39:23+00:00,163,8.5824,76.9,80,47.90261,-3.443467
2024-07-23T09:39:24+00:00,163,8.244,77.1,80,47.902596,-3.443452
2024-07-23T09:39:25+00:00,163,8.071200000000001,77.3,80,47.902581,-3.443437
2024-07-23T09:39:26+00:00,163,7.9272,77.5,80,47.902566,-3.443423
2024-07-23T09:39:27+00:00,163,7.38,77.8,80,47.90255,-3.443407
2024-07-23T09:39:28+00:00,163,7.128,78.0,80,47.902534,-3.44339
2024-07-23T09:39:29+00:00,164,7.416,78.2,80,47.902519,-3.443376
2024-07-23T09:39:30+00:00,163,7.4376,78.4,79,47.902504,-3.443362
2024-07-23T09:39:31+00:00,164,7.408799999999999,78.6,79,47.902489,-3.443346
2024-07-23T09:39:32+00:00,164,7.5600000000000005,78.8,79,47.902476,-3.443333
2024-07-23T09:39:33+00:00,164,7.2864,79.1,79,47.902461,-3.443315
2024-07-23T09:39:34+00:00,164,6.9192,79.3,79,47.902447,-3.443302
2024-07-23T09:39:35+00:00,164,6.9479999999999995,79.5,79,47.902433,-3.44329
2024-07-23T09:39:36+00:00,164,6.7752,79.7,79,47.902419,-3.443277
2024-07-23T09:39:37+00:00,164,6.5448,79.9,79,47.902402,-3.443267
2024-07-23T09:39:38+00:00,165,6.803999999999999,80.1,79,47.902385,-3.44326
2024-07-23T09:39:39+00:00,165,6.8904,80.4,80,47.902369,-3.443248
2024-07-23T09:39:40+00:00,166,6.8111999999999995,80.6,80,47.902348,-3.443235
2024-07-23T09:39:41+00:00,166,7.1928,80.9,80,47.902332,-3.443224
2024-07-23T09:39:42+00:00,166,7.272,81.1,79,47.902313,-3.443207
2024-07-23T09:39:43+00:00,166,7.6248,81.4,80,47.902294,-3.443191
2024-07-23T09:39:44+00:00,167,8.020800000000001,81.6,80,47.902278,-3.443181
2024-07-23T09:39:45+00:00,167,8.236799999999999,81.9,80,47.902261,-3.443169
2024-07-23T09:39:46+00:00,167,8.0856,82.1,80,47.902241,-3.443155
2024-07-23T09:39:47+00:00,167,8.28,82.4,80,47.902225,-3.443145
2024-07-23T09:39:48+00:00,167,7.905600000000001,82.6,80,47.902206,-3.443131
2024-07-23T09:39:49+00:00,167,7.6752,82.9,80,47.902187,-3.443117
2024-07-23T09:39:50+00:00,167,7.7976,83.1,80,47.90217,-3.443105
2024-07-23T09:39:51+00:00,168,7.862400000000001,83.4,80,47.902149,-3.443091
2024-07-23T09:39:52+00:00,168,8.1432,83.7,80,47.902129,-3.443074
2024-07-23T09:39:53+00:00,168,8.632800000000001,83.9,81,47.902113,-3.44306
2024-07-23T09:39:54+00:00,168,8.6904,84.2,81,47.902093,-3.443046
2024-07-23T09:39:55+00:00,168,8.7192,84.4,81,47.902073,-3.443032
2024-07-23T09:39:56+00:00,168,8.8704,84.6,81,47.902057,-3.44302
2024-07-23T09:39:57+00:00,168,8.474400000000001,84.9,80,47.902038,-3.443007
2024-07-23T09:39:58+00:00,168,8.359200000000001,85.1,80,47.902022,-3.442998
2024-07-23T09:39:59+00:00,169,7.948800000000001,85.3,80,47.902005,-3.442991
2024-07-23T09:40:00+00:00,169,7.6032,85.5,80,47.901987,-3.442978
2024-07-23T09:40:01+00:00,169,7.4376,85.8,80,47.901967,-3.442966
2024-07-23T09:40:02+00:00,169,7.7112,86.0,79,47.90195,-3.442956
2024-07-23T09:40:03+00:00,169,7.488,86.2,79,47.901931,-3.442942
2024-07-23T09:40:04+00:00,169,7.862400000000001,86.5,79,47.90191,-3.442929
2024-07-23T09:40:05+00:00,169,8.208,86.7,79,47.901892,-3.442914
2024-07-23T09:40:06+00:00,169,8.388,87.0,79,47.901871,-3.442894
2024-07-23T09:40:07+00:00,169,8.488800000000001,87.2,80,47.901851,-3.442876
2024-07-23T09:40:08+00:00,169,8.964,87.4,80,47.901833,-3.442859
2024-07-23T09:40:09+00:00,169,9.0504,87.6,81,47.901813,-3.442845
2024-07-23T09:40:10+00:00,169,9.2952,87.8,81,47.901793,-3.442836
2024-07-23T09:40:11+00:00,169,9.1008,88.0,81,47.901776,-3.442835
2024-07-23T09:40:12+00:00,169,8.632800000000001,88.2,80,47.901754,-3.442833
2024-07-23T09:40:13+00:00,169,8.3088,88.3,79,47.901729,-3.442836
2024-07-23T09:40:14+00:00,169,8.4096,88.4,79,47.901709,-3.442847
2024-07-23T09:40:15+00:00,169,8.316,88.5,79,47.901683,-3.442856
2024-07-23T09:40:16+00:00,169,8.892000000000001,88.6,79,47.901656,-3.442865
2024-07-23T09:40:17+00:00,169,9.8856,88.6,79,47.901638,-3.442873
2024-07-23T09:40:18+00:00,169,9.648000000000001,88.7,79,47.901618,-3.442883
2024-07-23T09:40:19+00:00,170,9.489600000000001,88.8,79,47.901598,-3.442891
2024-07-23T09:40:20+00:00,170,8.9568,88.8,79,47.901577,-3.442899
2024-07-23T09:40:21+00:00,170,8.64,88.9,79,47.901555,-3.442909
2024-07-23T09:40:22+00:00,170,7.920000000000001,89.0,79,47.901529,-3.442921
2024-07-23T09:40:23+00:00,171,8.6256,89.0,79,47.901506,-3.442934
2024-07-23T09:40:24+00:00,171,9.0936,89.1,79,47.901483,-3.442949
2024-07-23T09:40:25+00:00,171,9.8712,89.1,79,47.901459,-3.44296
2024-07-23T09:40:26+00:00,171,10.044,89.2,79,47.901427,-3.442973
2024-07-23T09:40:27+00:00,172,10.684800000000001,89.3,78,47.901399,-3.442983
2024-07-23T09:40:28+00:00,172,11.138399999999999,89.3,78,47.901371,-3.442993
2024-07-23T09:40:29+00:00,172,11.649600000000001,89.3,79,47.901344,-3.442997
2024-07-23T09:40:30+00:00,172,11.304,89.4,79,47.901319,-3.443
2024-07-23T09:40:31+00:00,172,11.548800000000002,89.4,79,47.901292,-3.443005
2024-07-23T09:40:32+00:00,172,11.2968,89.4,79,47.901263,-3.443004
2024-07-23T09:40:33+00:00,172,10.648800000000001,89.4,79,47.901237,-3.442999
2024-07-23T09:40:34+00:00,172,10.044,89.5,79,47.901213,-3.442982
2024-07-23T09:40:35+00:00,172,10.2888,89.5,79,47.901191,-3.442963
2024-07-23T09:40:36+00:00,172,10.26,89.5,79,47.901173,-3.44294
2024-07-23T09:40:37+00:00,172,10.2744,89.5,79,47.901154,-3.442907
2024-07-23T09:40:38+00:00,172,10.648800000000001,89.5,80,47.90114,-3.442872
2024-07-23T09:40:39+00:00,172,10.7352,89.5,80,47.901131,-3.442839
2024-07-23T09:40:40+00:00,171,10.850399999999999,89.5,82,47.901122,-3.442799
2024-07-23T09:40:41+00:00,171,10.994399999999999,89.5,82,47.901118,-3.442762
2024-07-23T09:40:42+00:00,171,10.8936,89.5,81,47.901115,-3.442724
2024-07-23T09:40:43+00:00,171,10.4832,89.5,81,47.901107,-3.442684
2024-07-23T09:40:44+00:00,171,10.4976,89.5,81,47.901098,-3.44265
2024-07-23T09:40:45+00:00,171,10.2528,89.5,80,47.901086,-3.44262
2024-07-23T09:40:46+00:00,171,9.7416,89.5,80,47.901071,-3.442582
2024-07-23T09:40:47+00:00,170,10.216800000000001,89.5,80,47.901059,-3.442551
2024-07-23T09:40:48+00:00,170,10.137599999999999,89.5,79,47.901052,-3.442522
2024-07-23T09:40:49+00:00,170,9.756,89.5,79,47.901041,-3.442487
2024-07-23T09:40:50+00:00,170,9.8568,89.5,80,47.90103,-3.442452
2024-07-23T09:40:51+00:00,169,10.044,89.5,80,47.901018,-3.442418
2024-07-23T09:40:52+00:00,169,9.6984,89.4,80,47.901006,-3.442382
2024-07-23T09:40:53+00:00,169,10.0368,89.4,77,47.900995,-3.442345
2024-07-23T09:40:54+00:00,169,10.3968,89.4,76,47.900983,-3.442307
2024-07-23T09:40:55+00:00,169,10.6272,89.4,76,47.900973,-3.442267
2024-07-23T09:40:56+00:00,169,10.9368,89.3,76,47.900959,-3.442228
2024-07-23T09:40:57+00:00,169,11.390400000000001,89.3,77,47.900946,-3.44219
2024-07-23T09:40:58+00:00,168,11.3544,89.3,78,47.900946,-3.442165
2024-07-23T09:40:59+00:00,168,10.5624,89.2,77,47.900945,-3.442128
2024-07-23T09:41:00+00:00,168,10.224,89.5,78,47.900945,-3.442086
2024-07-23T09:41:01+00:00,168,10.2384,89.5,78,47.900947,-3.442051
2024-07-23T09:41:02+00:00,167,9.5976,89.6,78,47.900949,-3.442012
2024-07-23T09:41:03+00:00,167,9.3888,89.7,79,47.900958,-3.441976
2024-07-23T09:41:04+00:00,167,10.0656,89.8,80,47.900966,-3.441942
2024-07-23T09:41:05+00:00,167,10.152,89.9,80,47.900974,-3.441912
2024-07-23T09:41:06+00:00,167,9.684,90.0,80,47.90098,-3.441881
2024-07-23T09:41:07+00:00,167,9.5832,90.1,80,47.900987,-3.441847
2024-07-23T09:41:08+00:00,167,9.518400000000002,90.1,80,47.900998,-3.441814
2024-07-23T09:41:09+00:00,167,9.432,90.2,80,47.901009,-3.441784
2024-07-23T09:41:10+00:00,166,9.266399999999999,90.3,80,47.901017,-3.441746
2024-07-23T09:41:11+00:00,166,9.432,90.4,80,47.901024,-3.441707
2024-07-23T09:41:12+00:00,165,9.7344,90.4,80,47.901032,-3.441674
2024-07-23T09:41:13+00:00,165,9.7056,90.5,81,47.901038,-3.441637
2024-07-23T09:41:14+00:00,164,9.763200000000001,90.6,81,47.901042,-3.441596
2024-07-23T09:41:15+00:00,164,10.0512,90.7,81,47.90105,-3.441559
2024-07-23T09:41:16+00:00,162,10.0152,90.7,81,47.901056,-3.441518
2024-07-23T09:41:17+00:00,161,10.101600000000001,90.8,81,47.901064,-3.441477
2024-07-23T09:41:18+00:00,161,10.4616,90.9,80,47.90107,-3.441438
2024-07-23T09:41:19+00:00,161,10.519200000000001,90.9,80,47.901073,-3.441398
2024-07-23T09:41:20+00:00,161,10.584,91.0,80,47.901075,-3.441355
2024-07-23T09:41:21+00:00,161,11.0808,91.1,79,47.901079,-3.441319
2024-07-23T09:41:22+00:00,161,11.2104,91.1,79,47.901084,-3.441282
2024-07-23T09:41:23+00:00,161,10.864799999999999,91.2,79,47.901086,-3.44123
2024-07-23T09:41:24+00:00,161,11.556000000000001,91.2,80,47.901092,-3.441199
2024-07-23T09:41:25+00:00,161,11.1456,91.2,79,47.901097,-3.441155
2024-07-23T09:41:26+00:00,161,11.0376,91.3,80,47.9011,-3.44111
2024-07-23T09:41:27+00:00,161,11.260800000000001,91.3,80,47.901105,-3.441073
2024-07-23T09:41:28+00:00,161,11.4264,91.3,80,47.901112,-3.441042
2024-07-23T09:41:29+00:00,161,10.584,91.4,80,47.901123,-3.441001
2024-07-23T09:41:30+00:00,161,11.1456,91.4,82,47.901128,-3.440964
2024-07-23T09:41:31+00:00,161,10.879199999999999,91.5,82,47.901134,-3.440923
2024-07-23T09:41:32+00:00,161,10.814400000000001,91.5,82,47.901139,-3.44089
2024-07-23T09:41:33+00:00,161,10.512,91.5,81,47.901143,-3.440858
2024-07-23T09:41:34+00:00,161,10.368,91.5,81,47.901151,-3.44082
2024-07-23T09:41:35+00:00,162,9.993599999999999,91.6,80,47.901159,-3.440782
2024-07-23T09:41:36+00:00,162,10.044,91.6,80,47.901166,-3.440746
2024-07-23T09:41:37+00:00,162,9.648000000000001,91.6,80,47.90117,-3.440708
2024-07-23T09:41:38+00:00,162,9.828,91.6,80,47.901174,-3.440671
2024-07-23T09:41:39+00:00,162,10.0512,91.7,80,47.901173,-3.440627
2024-07-23T09:41:40+00:00,162,10.519200000000001,91.7,79,47.90118,-3.440582
2024-07-23T09:41:41+00:00,162,11.1456,91.7,79,47.901184,-3.44054
2024-07-23T09:41:42+00:00,162,11.390400000000001,91.7,79,47.901191,-3.440503
2024-07-23T09:41:43+00:00,162,11.6064,91.8,80,47.901198,-3.440466
2024-07-23T09:41:44+00:00,162,11.735999999999999,91.8,79,47.9012,-3.440428
2024-07-23T09:41:45+00:00,162,11.390400000000001,91.8,79,47.901204,-3.440392
2024-07-23T09:41:46+00:00,162,10.44,91.8,80,47.901205,-3.440348
2024-07-23T09:41:47+00:00,162,10.5984,91.8,80,47.901202,-3.440311
2024-07-23T09:41:48+00:00,162,10.7568,91.8,80,47.901199,-3.440281
2024-07-23T09:41:49+00:00,162,10.4544,91.8,81,47.901192,-3.440249
2024-07-23T09:41:50+00:00,162,10.1304,91.8,80,47.901181,-3.440217
2024-07-23T09:41:51+00:00,162,10.332,91.9,80,47.901175,-3.440191
2024-07-23T09:41:52+00:00,162,9.3312,91.9,80,47.901174,-3.440163
2024-07-23T09:41:53+00:00,163,8.2728,91.9,80,47.901173,-3.44013
2024-07-23T09:41:54+00:00,164,7.7832,91.9,79,47.901176,-3.440091
2024-07-23T09:41:55+00:00,164,7.934400000000001,91.9,80,47.901181,-3.440046
2024-07-23T09:41:56+00:00,164,8.7048,91.9,80,47.901183,-3.439997
2024-07-23T09:41:57+00:00,164,9.8352,91.9,80,47.90119,-3.439959
2024-07-23T09:41:58+00:00,165,10.7424,92.0,80,47.901205,-3.43992
2024-07-23T09:41:59+00:00,165,12.0384,92.0,80,47.901217,-3.43989
2024-07-23T09:42:00+00:00,165,11.865599999999999,92.0,79,47.901228,-3.439857
2024-07-23T09:42:01+00:00,165,11.1888,92.0,79,47.901232,-3.439817
2024-07-23T09:42:02+00:00,165,10.7568,92.0,79,47.901233,-3.439776
2024-07-23T09:42:03+00:00,164,10.7352,92.0,79,47.901236,-3.439738
2024-07-23T09:42:04+00:00,164,10.123199999999999,92.1,79,47.901242,-3.439693
2024-07-23T09:42:05+00:00,164,10.8864,92.1,79,47.901246,-3.439651
2024-07-23T09:42:06+00:00,163,11.0592,92.1,80,47.90125,-3.439614
2024-07-23T09:42:07+00:00,163,10.98,92.1,80,47.901252,-3.439572
2024-07-23T09:42:08+00:00,163,11.052,92.1,80,47.901249,-3.439528
2024-07-23T09:42:09+00:00,163,11.3832,92.1,80,47.901252,-3.439487
2024-07-23T09:42:10+00:00,163,11.232000000000001,92.1,79,47.901252,-3.439447
2024-07-23T09:42:11+00:00,163,11.196,92.1,79,47.901251,-3.439406
2024-07-23T09:42:12+00:00,163,11.2032,92.1,79,47.901254,-3.439371
2024-07-23T09:42:13+00:00,163,10.9152,92.1,79,47.901258,-3.43933
2024-07-23T09:42:14+00:00,162,10.8432,92.2,79,47.901261,-3.439288
2024-07-23T09:42:15+00:00,162,10.7352,92.2,80,47.901266,-3.439251
2024-07-23T09:42:16+00:00,162,10.6056,92.2,80,47.901273,-3.439213
2024-07-23T09:42:17+00:00,162,10.6704,92.2,80,47.901283,-3.439172
2024-07-23T09:42:18+00:00,162,10.9008,92.2,80,47.901293,-3.439139
2024-07-23T09:42:19+00:00,162,10.692,92.2,80,47.9013,-3.439102
2024-07-23T09:42:20+00:00,163,10.504800000000001,92.2,81,47.901305,-3.439063
2024-07-23T09:42:21+00:00,163,10.5552,92.2,81,47.901316,-3.439024
2024-07-23T09:42:22+00:00,163,10.6056,92.2,81,47.901326,-3.438985
2024-07-23T09:42:23+00:00,163,10.656,92.2,80,47.901338,-3.438948
2024-07-23T09:42:24+00:00,163,10.778400000000001,92.2,80,47.901351,-3.438916
2024-07-23T09:42:25+00:00,164,10.8432,92.2,81,47.901365,-3.438879
2024-07-23T09:42:26+00:00,164,10.828800000000001,92.1,81,47.901379,-3.438843
2024-07-23T09:42:27+00:00,164,10.792800000000002,92.1,80,47.901392,-3.438808
2024-07-23T09:42:28+00:00,164,10.7424,92.1,80,47.901406,-3.438767
2024-07-23T09:42:29+00:00,164,11.116800000000001,92.1,80,47.901419,-3.438731
2024-07-23T09:42:30+00:00,164,11.1312,92.1,80,47.901432,-3.43869
2024-07-23T09:42:31+00:00,164,11.484,92.1,81,47.901444,-3.438653
2024-07-23T09:42:32+00:00,164,11.5632,92.0,81,47.901457,-3.438622
2024-07-23T09:42:33+00:00,164,11.282399999999999,92.0,81,47.901469,-3.438583
2024-07-23T09:42:34+00:00,164,11.1312,92.0,81,47.901481,-3.438547
2024-07-23T09:42:35+00:00,164,11.1096,92.0,81,47.901492,-3.438514
2024-07-23T09:42:36+00:00,165,10.6056,91.9,81,47.901506,-3.438476
2024-07-23T09:42:37+00:00,166,10.850399999999999,91.9,81,47.901525,-3.438447
2024-07-23T09:42:38+00:00,166,11.116800000000001,91.9,81,47.90154,-3.438417
2024-07-23T09:42:39+00:00,168,10.7856,91.8,81,47.90156,-3.43838
2024-07-23T09:42:40+00:00,169,11.2032,91.8,80,47.901578,-3.438344
2024-07-23T09:42:41+00:00,169,11.376000000000001,91.7,80,47.901598,-3.438307
2024-07-23T09:42:42+00:00,169,11.635200000000001,91.7,80,47.901619,-3.438265
2024-07-23T09:42:43+00:00,169,12.3048,91.6,80,47.901633,-3.438226
2024-07-23T09:42:44+00:00,168,12.8016,91.5,80,47.901648,-3.43819
2024-07-23T09:42:45+00:00,168,12.7584,91.5,80,47.901661,-3.438154
2024-07-23T09:42:46+00:00,167,12.8376,91.4,81,47.901675,-3.438123
2024-07-23T09:42:47+00:00,166,12.06,91.3,81,47.901693,-3.438097
2024-07-23T09:42:48+00:00,166,10.98,91.2,80,47.901713,-3.438059
2024-07-23T09:42:49+00:00,165,10.9368,91.1,80,47.901729,-3.438025
2024-07-23T09:42:50+00:00,164,10.836,91.1,79,47.901746,-3.437993
2024-07-23T09:42:51+00:00,164,10.828800000000001,91.0,79,47.901764,-3.437956
2024-07-23T09:42:52+00:00,164,11.3184,90.9,79,47.901781,-3.437918
2024-07-23T09:42:53+00:00,164,11.8872,90.8,79,47.901799,-3.437885
2024-07-23T09:42:54+00:00,164,11.7792,90.7,79,47.901814,-3.437848
2024-07-23T09:42:55+00:00,163,11.7936,90.6,79,47.901823,-3.437813
2024-07-23T09:42:56+00:00,163,11.5128,90.5,80,47.901835,-3.437779
2024-07-23T09:42:57+00:00,163,11.1744,90.4,80,47.901848,-3.437743
2024-07-23T09:42:58+00:00,164,10.9872,90.3,80,47.901862,-3.437707
2024-07-23T09:42:59+00:00,164,10.8864,90.2,80,47.901878,-3.437676
2024-07-23T09:43:00+00:00,164,10.648800000000001,90.1,80,47.901892,-3.437642
2024-07-23T09:43:01+00:00,164,10.8432,90.0,79,47.901906,-3.437607
2024-07-23T09:43:02+00:00,164,10.7208,89.9,78,47.901923,-3.437574
2024-07-23T09:43:03+00:00,165,10.836,89.7,78,47.901941,-3.437537
2024-07-23T09:43:04+00:00,165,11.0376,89.6,78,47.901957,-3.4375
2024-07-23T09:43:05+00:00,165,11.2248,89.5,78,47.901974,-3.437464
2024-07-23T09:43:06+00:00,164,11.282399999999999,89.3,79,47.90199,-3.437426
2024-07-23T09:43:07+00:00,164,11.844000000000001,89.2,79,47.902005,-3.437389
2024-07-23T09:43:08+00:00,164,11.988000000000001,89.1,79,47.90202,-3.437356
2024-07-23T09:43:09+00:00,163,11.592,88.9,79,47.902038,-3.437323
2024-07-23T09:43:10+00:00,162,11.5128,88.8,79,47.902054,-3.437283
2024-07-23T09:43:11+00:00,161,11.8728,88.7,78,47.90207,-3.437245
2024-07-23T09:43:12+00:00,161,11.692800000000002,88.5,78,47.902085,-3.437213
2024-07-23T09:43:13+00:00,161,11.4336,88.4,78,47.9021,-3.437176
2024-07-23T09:43:14+00:00,161,11.700000000000001,88.3,78,47.902114,-3.437141
2024-07-23T09:43:15+00:00,161,11.700000000000001,88.2,78,47.90213,-3.437106
2024-07-23T09:43:16+00:00,161,11.3832,88.0,78,47.902143,-3.437065
2024-07-23T09:43:17+00:00,162,11.3976,87.9,78,47.902157,-3.437026
2024-07-23T09:43:18+00:00,163,11.635200000000001,87.7,78,47.902174,-3.436993
2024-07-23T09:43:19+00:00,163,11.548800000000002,87.6,79,47.902191,-3.436957
2024-07-23T09:43:20+00:00,163,11.6712,87.4,79,47.902205,-3.436921
2024-07-23T09:43:21+00:00,162,11.628,87.3,79,47.90222,-3.436889
2024-07-23T09:43:22+00:00,162,11.3256,87.2,79,47.902237,-3.436854
2024-07-23T09:43:23+00:00,162,11.246400000000001,87.0,79,47.902252,-3.436814
2024-07-23T09:43:24+00:00,162,11.4552,86.9,79,47.902271,-3.436783
2024-07-23T09:43:25+00:00,162,11.3688,86.8,79,47.902288,-3.436749
2024-07-23T09:43:26+00:00,162,11.5272,86.6,78,47.902303,-3.436711
2024-07-23T09:43:27+00:00,163,11.808,86.5,78,47.902316,-3.436674
2024-07-23T09:43:28+00:00,163,11.7144,86.3,79,47.90233,-3.436636
2024-07-23T09:43:29+00:00,163,11.4768,86.2,79,47.902344,-3.436593
2024-07-23T09:43:30+00:00,161,11.916,86.1,79,47.902356,-3.436555
2024-07-23T09:43:31+00:00,160,11.7648,86.0,79,47.902369,-3.436521
2024-07-23T09:43:32+00:00,160,11.412,85.9,78,47.902382,-3.436481
2024-07-23T09:43:33+00:00,159,11.556000000000001,85.8,79,47.902395,-3.436442
2024-07-23T09:43:34+00:00,159,11.6712,85.7,79,47.902412,-3.436407
2024-07-23T09:43:35+00:00,158,11.2104,85.5,79,47.902426,-3.436368
2024-07-23T09:43:36+00:00,158,11.3544,85.4,79,47.902444,-3.436327
2024-07-23T09:43:37+00:00,157,11.8152,85.3,78,47.902462,-3.436295
2024-07-23T09:43:38+00:00,157,11.9088,85.2,79,47.902478,-3.436256
2024-07-23T09:43:39+00:00,157,11.959200000000001,85.1,80,47.902493,-3.436221
2024-07-23T09:43:40+00:00,157,12.0024,85.1,80,47.902508,-3.436184
2024-07-23T09:43:41+00:00,157,11.9808,85.0,80,47.902524,-3.436148
2024-07-23T09:43:42+00:00,157,11.7864,84.9,80,47.902542,-3.436115
2024-07-23T09:43:43+00:00,157,11.6568,84.8,81,47.902559,-3.436079
2024-07-23T09:43:44+00:00,157,11.635200000000001,84.7,81,47.902573,-3.436037
2024-07-23T09:43:45+00:00,157,12.0384,84.6,81,47.902587,-3.436002
2024-07-23T09:43:46+00:00,157,11.879999999999999,84.5,80,47.902601,-3.435964
2024-07-23T09:43:47+00:00,157,11.9088,84.4,80,47.902615,-3.435928
2024-07-23T09:43:48+00:00,157,11.8512,84.3,80,47.902629,-3.435895
2024-07-23T09:43:49+00:00,157,11.592,84.2,80,47.902645,-3.43586
2024-07-23T09:43:50+00:00,157,11.088000000000001,84.1,80,47.902659,-3.435824
2024-07-23T09:43:51+00:00,157,11.116800000000001,84.1,80,47.902673,-3.435791
2024-07-23T09:43:52+00:00,157,10.994399999999999,84.0,79,47.90269,-3.435757
2024-07-23T09:43:53+00:00,157,10.944,83.9,79,47.902706,-3.435722
2024-07-23T09:43:54+00:00,157,11.0736,83.8,79,47.902722,-3.43569
2024-07-23T09:43:55+00:00,157,10.958400000000001,83.7,79,47.902738,-3.435654
2024-07-23T09:43:56+00:00,157,11.1528,83.6,79,47.902754,-3.435616
2024-07-23T09:43:57+00:00,157,11.3184,83.5,79,47.902769,-3.435583
2024-07-23T09:43:58+00:00,157,11.282399999999999,83.4,80,47.902784,-3.435547
2024-07-23T09:43:59+00:00,157,11.2752,83.3,80,47.9028,-3.435512
2024-07-23T09:44:00+00:00,157,11.5632,83.2,80,47.902817,-3.43548
2024-07-23T09:44:01+00:00,157,11.260800000000001,83.1,80,47.902831,-3.435444
2024-07-23T09:44:02+00:00,157,11.2392,82.9,81,47.902844,-3.435409
2024-07-23T09:44:03+00:00,157,11.1528,82.8,81,47.902857,-3.435378
2024-07-23T09:44:04+00:00,157,10.7856,82.7,80,47.902872,-3.435343
2024-07-23T09:44:05+00:00,157,10.7208,82.6,80,47.902889,-3.435307
2024-07-23T09:44:06+00:00,157,10.828800000000001,82.5,80,47.902906,-3.435275
2024-07-23T09:44:07+00:00,157,10.6056,82.4,80,47.902924,-3.435237
2024-07-23T09:44:08+00:00,157,10.684800000000001,82.3,79,47.90294,-3.435197
2024-07-23T09:44:09+00:00,157,11.2104,82.1,79,47.902959,-3.43516
2024-07-23T09:44:10+00:00,157,11.865599999999999,82.0,79,47.902972,-3.435121
2024-07-23T09:44:11+00:00,157,11.9304,81.9,79,47.902987,-3.435081
2024-07-23T09:44:12+00:00,157,12.405600000000002,81.8,79,47.903001,-3.435047
2024-07-23T09:44:13+00:00,157,12.4344,81.7,80,47.903017,-3.435011
2024-07-23T09:44:14+00:00,157,12.4704,81.6,81,47.903033,-3.434976
2024-07-23T09:44:15+00:00,157,11.8224,81.5,81,47.903048,-3.434942
2024-07-23T09:44:16+00:00,157,11.735999999999999,81.4,81,47.903063,-3.434908
2024-07-23T09:44:17+00:00,157,11.3184,81.3,82,47.903078,-3.434872
2024-07-23T09:44:18+00:00,157,11.3184,81.3,81,47.903094,-3.43484
2024-07-23T09:44:19+00:00,158,11.0376,81.2,81,47.903111,-3.434804
2024-07-23T09:44:20+00:00,158,11.232000000000001,81.1,80,47.903124,-3.434771
2024-07-23T09:44:21+00:00,158,11.0304,81.0,80,47.903137,-3.434741
2024-07-23T09:44:22+00:00,158,10.7424,80.9,80,47.903152,-3.434699
2024-07-23T09:44:23+00:00,158,10.9872,80.8,79,47.903165,-3.434663
2024-07-23T09:44:24+00:00,158,11.0448,80.7,79,47.903182,-3.434625
2024-07-23T09:44:25+00:00,158,10.879199999999999,80.6,79,47.903198,-3.43458
2024-07-23T09:44:26+00:00,158,11.548800000000002,80.5,79,47.903214,-3.434537
2024-07-23T09:44:27+00:00,158,12.276000000000002,80.4,79,47.903232,-3.434498
2024-07-23T09:44:28+00:00,158,12.492,80.3,80,47.903247,-3.43446
2024-07-23T09:44:29+00:00,158,12.7656,80.2,80,47.903262,-3.434426
2024-07-23T09:44:30+00:00,158,12.7944,80.2,80,47.903276,-3.434395
2024-07-23T09:44:31+00:00,158,12.1104,80.1,80,47.903288,-3.434358
2024-07-23T09:44:32+00:00,158,11.7072,80.1,80,47.903299,-3.434322
2024-07-23T09:44:33+00:00,158,11.1456,80.0,79,47.903312,-3.434289
2024-07-23T09:44:34+00:00,158,10.684800000000001,79.9,79,47.903326,-3.434253
2024-07-23T09:44:35+00:00,158,10.512,79.9,80,47.90334,-3.434216
2024-07-23T09:44:36+00:00,158,10.8072,79.9,80,47.903356,-3.434183
2024-07-23T09:44:37+00:00,158,10.8432,79.8,80,47.903372,-3.434146
2024-07-23T09:44:38+00:00,157,11.102400000000001,79.8,80,47.903387,-3.434111
2024-07-23T09:44:39+00:00,157,11.3544,79.8,80,47.903404,-3.434079
2024-07-23T09:44:40+00:00,157,11.361600000000001,79.7,80,47.903419,-3.434045
2024-07-23T09:44:41+00:00,157,11.2968,79.7,79,47.903433,-3.434012
2024-07-23T09:44:42+00:00,157,11.217600000000001,79.7,79,47.903448,-3.433983
2024-07-23T09:44:43+00:00,156,10.836,79.6,79,47.903464,-3.433953
2024-07-23T09:44:44+00:00,156,10.5552,79.6,79,47.903481,-3.433922
2024-07-23T09:44:45+00:00,156,10.4616,79.6,78,47.903496,-3.433894
2024-07-23T09:44:46+00:00,156,10.231200000000001,79.5,78,47.903513,-3.433863
2024-07-23T09:44:47+00:00,156,10.116,79.5,78,47.903527,-3.433825
2024-07-23T09:44:48+00:00,156,10.4328,79.5,78,47.90354,-3.433793
2024-07-23T09:44:49+00:00,156,10.4976,79.4,79,47.903555,-3.433757
2024-07-23T09:44:50+00:00,156,10.663200000000002,79.4,79,47.903568,-3.43372
2024-07-23T09:44:51+00:00,156,10.958400000000001,79.4,79,47.903582,-3.433687
2024-07-23T09:44:52+00:00,156,11.0808,79.3,79,47.903596,-3.433652
2024-07-23T09:44:53+00:00,156,10.972800000000001,79.3,79,47.90361,-3.433616
2024-07-23T09:44:54+00:00,156,11.138399999999999,79.3,79,47.903625,-3.433582
2024-07-23T09:44:55+00:00,156,11.0664,79.3,79,47.90364,-3.433547
2024-07-23T09:44:56+00:00,156,11.088000000000001,79.2,79,47.903655,-3.433514
2024-07-23T09:44:57+00:00,156,11.0952,79.2,80,47.903669,-3.433483
2024-07-23T09:44:58+00:00,155,11.0016,79.2,80,47.903682,-3.433451
2024-07-23T09:44:59+00:00,155,10.7136,79.1,79,47.903695,-3.433416
2024-07-23T09:45:00+00:00,155,10.6416,79.1,79,47.903708,-3.433385
2024-07-23T09:45:01+00:00,155,10.3968,79.0,79,47.903722,-3.433349
2024-07-23T09:45:02+00:00,155,10.3536,79.0,79,47.903736,-3.433307
2024-07-23T09:45:03+00:00,155,10.778400000000001,78.9,79,47.903751,-3.433273
2024-07-23T09:45:04+00:00,155,10.9008,78.9,79,47.903767,-3.433239
2024-07-23T09:45:05+00:00,155,11.016,78.8,79,47.903784,-3.433201
2024-07-23T09:45:06+00:00,155,11.3112,78.7,79,47.903797,-3.433166
2024-07-23T09:45:07+00:00,155,11.534400000000002,78.7,80,47.903813,-3.433135
2024-07-23T09:45:08+00:00,155,11.102400000000001,78.6,80,47.903826,-3.4331
2024-07-23T09:45:09+00:00,155,11.2248,78.6,80,47.90384,-3.433068
2024-07-23T09:45:10+00:00,155,10.9152,78.5,79,47.903857,-3.433038
2024-07-23T09:45:11+00:00,155,10.749600000000001,78.5,79,47.903872,-3.433003
2024-07-23T09:45:12+00:00,155,10.332,78.4,79,47.903888,-3.432969
2024-07-23T09:45:13+00:00,154,10.4112,78.4,79,47.903906,-3.432934
2024-07-23T09:45:14+00:00,154,10.663200000000002,78.3,79,47.903924,-3.432898
2024-07-23T09:45:15+00:00,154,11.282399999999999,78.2,79,47.903938,-3.432865
2024-07-23T09:45:16+00:00,154,11.232000000000001,78.2,79,47.903954,-3.432834
2024-07-23T09:45:17+00:00,154,11.404800000000002,78.1,79,47.90397,-3.4328
2024-07-23T09:45:18+00:00,154,11.390400000000001,78.1,78,47.903984,-3.432762
2024-07-23T09:45:19+00:00,155,11.4624,78.0,78,47.903999,-3.432729
2024-07-23T09:45:20+00:00,155,10.9512,78.0,78,47.904013,-3.432694
2024-07-23T09:45:21+00:00,155,11.1312,77.9,78,47.904025,-3.43266
2024-07-23T09:45:22+00:00,155,11.2104,77.9,79,47.904036,-3.432631
2024-07-23T09:45:23+00:00,155,10.879199999999999,77.8,79,47.90405,-3.432597
2024-07-23T09:45:24+00:00,155,10.4616,77.7,79,47.904065,-3.432564
2024-07-23T09:45:25+00:00,155,10.4112,77.7,78,47.904078,-3.432529
2024-07-23T09:45:26+00:00,155,10.2528,77.6,77,47.904095,-3.432497
2024-07-23T09:45:27+00:00,155,10.216800000000001,77.4,77,47.904112,-3.432466
2024-07-23T09:45:28+00:00,155,10.533600000000002,77.3,78,47.904128,-3.432435
2024-07-23T09:45:29+00:00,155,10.6128,77.2,78,47.904143,-3.432411
2024-07-23T09:45:30+00:00,155,10.296,77.1,78,47.904163,-3.432385
2024-07-23T09:45:31+00:00,155,10.1304,76.9,78,47.90418,-3.432354
2024-07-23T09:45:32+00:00,155,10.1304,76.8,78,47.904197,-3.432323
2024-07-23T09:45:33+00:00,155,10.008,76.7,78,47.904213,-3.432296
2024-07-23T09:45:34+00:00,154,10.0656,76.6,78,47.904227,-3.432265
2024-07-23T09:45:35+00:00,155,10.5264,76.5,76,47.904242,-3.432238
2024-07-23T09:45:36+00:00,156,10.4112,76.3,77,47.904262,-3.432211
2024-07-23T09:45:37+00:00,156,10.368,76.2,78,47.904278,-3.43218
2024-07-23T09:45:38+00:00,156,10.548,76.1,79,47.904294,-3.432149
2024-07-23T09:45:39+00:00,156,10.4328,76.0,79,47.904311,-3.432122
2024-07-23T09:45:40+00:00,157,10.1736,75.8,80,47.90433,-3.432091
2024-07-23T09:45:41+00:00,157,10.4976,75.7,79,47.904348,-3.432062
2024-07-23T09:45:42+00:00,157,10.548,75.5,79,47.904368,-3.432035
2024-07-23T09:45:43+00:00,157,10.4256,75.4,78,47.904386,-3.432008
2024-07-23T09:45:44+00:00,157,10.44,75.2,78,47.904403,-3.431979
2024-07-23T09:45:45+00:00,155,10.6272,75.1,78,47.904421,-3.431952
2024-07-23T09:45:46+00:00,155,10.5264,74.9,79,47.904441,-3.431925
2024-07-23T09:45:47+00:00,154,10.4832,74.8,79,47.904459,-3.431896
2024-07-23T09:45:48+00:00,154,10.620000000000001,74.6,77,47.904476,-3.431869
2024-07-23T09:45:49+00:00,153,10.360800000000001,74.5,77,47.904496,-3.431843
2024-07-23T09:45:50+00:00,153,10.346400000000001,74.3,77,47.904518,-3.431818
2024-07-23T09:45:51+00:00,153,10.648800000000001,74.2,78,47.904536,-3.431788
2024-07-23T09:45:52+00:00,152,10.836,74.0,78,47.904553,-3.431762
2024-07-23T09:45:53+00:00,152,10.548,73.9,78,47.904573,-3.431741
2024-07-23T09:45:54+00:00,152,10.4184,73.7,77,47.904593,-3.431713
2024-07-23T09:45:55+00:00,151,10.692,73.6,77,47.904611,-3.431686
2024-07-23T09:45:56+00:00,151,10.1736,73.4,77,47.904629,-3.431663
2024-07-23T09:45:57+00:00,151,9.7992,73.3,77,47.904645,-3.43164
2024-07-23T09:45:58+00:00,150,9.864,73.1,77,47.904665,-3.431612
2024-07-23T09:45:59+00:00,150,10.0152,73.0,77,47.904682,-3.431589
2024-07-23T09:46:00+00:00,150,9.6552,72.8,77,47.904702,-3.431563
2024-07-23T09:46:01+00:00,149,9.619200000000001,72.6,77,47.904724,-3.431532
2024-07-23T09:46:02+00:00,149,10.1952,72.5,78,47.904745,-3.431504
2024-07-23T09:46:03+00:00,149,10.3104,72.3,80,47.904769,-3.431475
2024-07-23T09:46:04+00:00,149,11.1888,72.1,80,47.904791,-3.431448
2024-07-23T09:46:05+00:00,149,11.491200000000001,72.0,80,47.904812,-3.431423
2024-07-23T09:46:06+00:00,149,11.8224,71.8,79,47.904833,-3.431399
2024-07-23T09:46:07+00:00,149,11.635200000000001,71.6,79,47.904851,-3.431374
2024-07-23T09:46:08+00:00,149,11.635200000000001,71.5,78,47.904865,-3.431352
2024-07-23T09:46:09+00:00,149,10.2528,71.4,78,47.904885,-3.431328
2024-07-23T09:46:10+00:00,149,9.9144,71.2,78,47.904905,-3.431305
2024-07-23T09:46:11+00:00,149,9.756,71.1,78,47.904928,-3.431285
2024-07-23T09:46:12+00:00,149,9.504000000000001,70.9,79,47.904951,-3.431263
2024-07-23T09:46:13+00:00,149,9.5904,70.8,80,47.904976,-3.43124
2024-07-23T09:46:14+00:00,149,10.533600000000002,70.6,80,47.905002,-3.431215
2024-07-23T09:46:15+00:00,149,10.814400000000001,70.5,80,47.905031,-3.431193
2024-07-23T09:46:16+00:00,149,11.4192,70.4,80,47.905061,-3.431177
2024-07-23T09:46:17+00:00,149,11.9952,70.4,79,47.90509,-3.431168
2024-07-23T09:46:18+00:00,149,11.865599999999999,70.3,79,47.905117,-3.431173
2024-07-23T09:46:19+00:00,149,11.4264,70.3,79,47.905153,-3.431176
2024-07-23T09:46:20+00:00,149,12.1104,70.2,79,47.90518,-3.431191
2024-07-23T09:46:21+00:00,149,11.988000000000001,70.2,79,47.905208,-3.431205
2024-07-23T09:46:22+00:00,149,11.808,70.2,79,47.905234,-3.431225
2024-07-23T09:46:23+00:00,149,12.1824,70.1,78,47.905258,-3.431245
2024-07-23T09:46:24+00:00,149,12.535200000000001,70.1,78,47.90528,-3.431263
2024-07-23T09:46:25+00:00,149,11.6856,70.0,78,47.905307,-3.431279
2024-07-23T09:46:26+00:00,149,11.448,70.0,79,47.905334,-3.431289
2024-07-23T09:46:27+00:00,150,11.2104,69.9,79,47.905358,-3.4313
2024-07-23T09:46:28+00:00,150,10.8072,69.8,79,47.905384,-3.43131
2024-07-23T09:46:29+00:00,150,10.8864,69.8,79,47.90541,-3.431313
2024-07-23T09:46:30+00:00,150,10.778400000000001,69.7,79,47.905433,-3.431319
2024-07-23T09:46:31+00:00,150,10.4544,69.7,80,47.905458,-3.431319
2024-07-23T09:46:32+00:00,150,10.2096,69.6,80,47.905486,-3.431312
2024-07-23T09:46:33+00:00,150,10.3176,69.5,80,47.905511,-3.43131
2024-07-23T09:46:34+00:00,150,9.777600000000001,69.5,79,47.905541,-3.431308
2024-07-23T09:46:35+00:00,150,10.3968,69.4,79,47.905569,-3.431297
2024-07-23T09:46:36+00:00,151,10.749600000000001,69.4,79,47.905593,-3.431286
2024-07-23T09:46:37+00:00,151,10.677600000000002,69.3,80,47.905622,-3.431272
2024-07-23T09:46:38+00:00,151,10.994399999999999,69.2,80,47.905647,-3.431257
2024-07-23T09:46:39+00:00,151,11.376000000000001,69.2,79,47.905672,-3.431242
2024-07-23T09:46:40+00:00,151,10.879199999999999,69.1,79,47.9057,-3.431225
2024-07-23T09:46:41+00:00,152,11.3472,69.1,79,47.905724,-3.431206
2024-07-23T09:46:42+00:00,152,11.4552,69.0,80,47.905746,-3.431191
2024-07-23T09:46:43+00:00,152,10.836,69.0,80,47.905773,-3.43117
2024-07-23T09:46:44+00:00,152,11.2968,68.9,80,47.905796,-3.431148
2024-07-23T09:46:45+00:00,152,11.628,68.9,80,47.905814,-3.431131
2024-07-23T09:46:46+00:00,152,10.620000000000001,68.8,80,47.905835,-3.431112
2024-07-23T09:46:47+00:00,152,10.634400000000001,68.8,80,47.905855,-3.43109
2024-07-23T09:46:48+00:00,152,10.728,68.8,79,47.905874,-3.431073
2024-07-23T09:46:49+00:00,152,9.633600000000001,68.7,79,47.905896,-3.431054
2024-07-23T09:46:50+00:00,152,9.345600000000001,68.7,80,47.905919,-3.431032
2024-07-23T09:46:51+00:00,152,9.9216,68.7,80,47.905937,-3.431014
2024-07-23T09:46:52+00:00,152,9.468,68.6,80,47.90596,-3.430993
2024-07-23T09:46:53+00:00,152,9.604800000000001,68.6,79,47.905981,-3.430968
2024-07-23T09:46:54+00:00,152,9.9864,68.6,79,47.906002,-3.430946
2024-07-23T09:46:55+00:00,152,10.1304,68.6,79,47.906024,-3.430924
2024-07-23T09:46:56+00:00,152,9.9864,68.6,79,47.906046,-3.4309
2024-07-23T09:46:57+00:00,152,10.4256,68.5,79,47.906073,-3.430881
2024-07-23T09:46:58+00:00,152,10.4832,68.5,81,47.906102,-3.430857
2024-07-23T09:46:59+00:00,152,11.7576,68.5,81,47.906124,-3.430838
2024-07-23T09:47:00+00:00,152,11.556000000000001,68.5,81,47.906147,-3.430819
2024-07-23T09:47:01+00:00,152,11.4336,68.5,81,47.906172,-3.430799
2024-07-23T09:47:02+00:00,152,11.5416,68.5,81,47.906197,-3.430778
2024-07-23T09:47:03+00:00,152,11.750399999999999,68.5,80,47.906221,-3.430762
2024-07-23T09:47:04+00:00,152,10.4472,68.5,80,47.906249,-3.430745
2024-07-23T09:47:05+00:00,152,10.9152,68.5,80,47.906276,-3.430727
2024-07-23T09:47:06+00:00,152,11.1816,68.4,80,47.906302,-3.430712
2024-07-23T09:47:07+00:00,152,11.282399999999999,68.4,79,47.906329,-3.430697
2024-07-23T09:47:08+00:00,152,11.268,68.4,79,47.906356,-3.43068
2024-07-23T09:47:09+00:00,152,11.721599999999999,68.4,79,47.90638,-3.430667
2024-07-23T09:47:10+00:00,152,11.2248,68.4,79,47.906409,-3.430655
2024-07-23T09:47:11+00:00,152,11.4192,68.4,80,47.906435,-3.430641
2024-07-23T09:47:12+00:00,152,11.5992,68.4,80,47.90646,-3.430629
2024-07-23T09:47:13+00:00,152,11.0664,68.4,80,47.906488,-3.430617
2024-07-23T09:47:14+00:00,152,11.217600000000001,68.4,80,47.906514,-3.430605
2024-07-23T09:47:15+00:00,152,11.3976,68.4,80,47.906539,-3.430594
2024-07-23T09:47:16+00:00,152,10.9224,68.4,79,47.906566,-3.430585
2024-07-23T09:47:17+00:00,152,10.8216,68.4,79,47.906591,-3.430577
2024-07-23T09:47:18+00:00,152,11.1744,68.4,79,47.906617,-3.430569
2024-07-23T09:47:19+00:00,152,10.648800000000001,68.4,79,47.906643,-3.430563
2024-07-23T09:47:20+00:00,152,10.5624,68.4,79,47.906672,-3.430555
2024-07-23T09:47:21+00:00,152,10.958400000000001,68.4,79,47.906696,-3.430549
2024-07-23T09:47:22+00:00,152,10.5768,68.4,79,47.906723,-3.430542
2024-07-23T09:47:23+00:00,152,10.4544,68.4,79,47.90675,-3.430535
2024-07-23T09:47:24+00:00,152,11.0232,68.4,78,47.906775,-3.430532
2024-07-23T09:47:25+00:00,152,11.052,68.4,78,47.906798,-3.43053
2024-07-23T09:47:26+00:00,152,10.2096,68.4,78,47.906824,-3.43053
2024-07-23T09:47:27+00:00,152,10.4544,68.4,78,47.906847,-3.430528
2024-07-23T09:47:28+00:00,152,10.123199999999999,68.4,78,47.90687,-3.430529
2024-07-23T09:47:29+00:00,152,9.4248,68.4,79,47.906896,-3.430531
2024-07-23T09:47:30+00:00,152,9.612,68.5,79,47.906919,-3.430529
2024-07-23T09:47:31+00:00,152,9.936,68.5,79,47.906941,-3.430528
2024-07-23T09:47:32+00:00,152,9.4032,68.5,79,47.906967,-3.430526
2024-07-23T09:47:33+00:00,152,9.7416,68.5,79,47.906991,-3.430522
2024-07-23T09:47:34+00:00,152,10.008,68.6,79,47.907013,-3.430518
2024-07-23T09:47:35+00:00,152,9.3816,68.6,79,47.907037,-3.430517
2024-07-23T09:47:36+00:00,152,9.4104,68.6,79,47.907059,-3.430525
2024-07-23T09:47:37+00:00,152,9.576,68.6,79,47.90708,-3.43053
2024-07-23T09:47:38+00:00,151,9.2088,68.7,78,47.907104,-3.430534
2024-07-23T09:47:39+00:00,151,9.144,68.7,78,47.907128,-3.430539
2024-07-23T09:47:40+00:00,151,9.3672,68.8,78,47.90715,-3.430543
2024-07-23T09:47:41+00:00,151,9.072000000000001,68.8,78,47.907173,-3.430549
2024-07-23T09:47:42+00:00,151,8.9568,68.9,78,47.907199,-3.430554
2024-07-23T09:47:43+00:00,151,9.5904,68.9,78,47.907222,-3.430561
2024-07-23T09:47:44+00:00,152,9.4464,68.9,78,47.907245,-3.430566
2024-07-23T09:47:45+00:00,152,9.374400000000001,69.0,78,47.90727,-3.430576
2024-07-23T09:47:46+00:00,152,9.957600000000001,69.0,79,47.907293,-3.430581
2024-07-23T09:47:47+00:00,152,10.116,69.1,79,47.907316,-3.430587
2024-07-23T09:47:48+00:00,152,9.6264,69.1,79,47.907339,-3.430597
2024-07-23T09:47:49+00:00,152,9.6768,69.2,79,47.907359,-3.430608
2024-07-23T09:47:50+00:00,152,9.4824,69.2,79,47.907384,-3.430613
2024-07-23T09:47:51+00:00,152,9.1368,69.3,79,47.907408,-3.430627
2024-07-23T09:47:52+00:00,153,9.4392,69.3,79,47.907431,-3.430638
2024-07-23T09:47:53+00:00,153,9.4968,69.3,79,47.907451,-3.430649
2024-07-23T09:47:54+00:00,154,9.4032,69.4,79,47.907472,-3.430662
2024-07-23T09:47:55+00:00,154,9.4824,69.5,78,47.907494,-3.430673
2024-07-23T09:47:56+00:00,154,9.4248,69.5,78,47.907516,-3.43068
2024-07-23T09:47:57+00:00,154,9.0216,69.6,78,47.907541,-3.430693
2024-07-23T09:47:58+00:00,156,9.288,69.7,78,47.907564,-3.430707
2024-07-23T09:47:59+00:00,156,9.518400000000002,69.8,78,47.907582,-3.430721
2024-07-23T09:48:00+00:00,156,9.4392,69.9,79,47.907604,-3.430734
2024-07-23T09:48:01+00:00,156,9.4176,69.9,79,47.907627,-3.430747
2024-07-23T09:48:02+00:00,156,9.6408,70.0,79,47.907644,-3.430761
2024-07-23T09:48:03+00:00,157,9.1512,70.1,79,47.907663,-3.430776
2024-07-23T09:48:04+00:00,157,8.7192,70.1,80,47.907685,-3.430789
2024-07-23T09:48:05+00:00,157,8.9568,70.2,80,47.907707,-3.430803
2024-07-23T09:48:06+00:00,156,9.0648,70.3,80,47.907731,-3.430822
2024-07-23T09:48:07+00:00,156,9.2952,70.3,80,47.907753,-3.430836
2024-07-23T09:48:08+00:00,156,9.576,70.4,80,47.907776,-3.43085
2024-07-23T09:48:09+00:00,156,10.0008,70.5,80,47.907799,-3.430863
2024-07-23T09:48:10+00:00,157,10.0584,70.5,81,47.907823,-3.430877
2024-07-23T09:48:11+00:00,157,10.152,70.6,79,47.907844,-3.430893
2024-07-23T09:48:12+00:00,157,9.9144,70.6,79,47.907864,-3.430914
2024-07-23T09:48:13+00:00,157,10.0152,70.7,79,47.907886,-3.430928
2024-07-23T09:48:14+00:00,157,9.8496,70.7,79,47.907907,-3.430942
2024-07-23T09:48:15+00:00,157,9.6264,70.7,79,47.907931,-3.430956
2024-07-23T09:48:16+00:00,157,9.777600000000001,70.8,79,47.907955,-3.430971
2024-07-23T09:48:17+00:00,157,9.878400000000001,70.8,79,47.907974,-3.430989
2024-07-23T09:48:18+00:00,157,9.6768,70.8,79,47.907994,-3.431009
2024-07-23T09:48:19+00:00,156,9.684,70.8,79,47.908016,-3.431028
2024-07-23T09:48:20+00:00,155,9.943200000000001,70.8,79,47.908037,-3.431046
2024-07-23T09:48:21+00:00,155,9.7272,70.9,79,47.908059,-3.431067
2024-07-23T09:48:22+00:00,155,9.684,70.9,80,47.908084,-3.431088
2024-07-23T09:48:23+00:00,155,10.137599999999999,70.9,80,47.908106,-3.431105
2024-07-23T09:48:24+00:00,155,10.3104,70.9,80,47.908128,-3.431124
2024-07-23T09:48:25+00:00,155,10.375200000000001,70.9,79,47.908154,-3.431137
2024-07-23T09:48:26+00:00,155,10.5552,70.9,78,47.908175,-3.431152
2024-07-23T09:48:27+00:00,155,10.4184,70.8,78,47.908195,-3.431168
2024-07-23T09:48:28+00:00,156,9.9288,70.8,78,47.908216,-3.431187
2024-07-23T09:48:29+00:00,156,9.979199999999999,70.8,78,47.908236,-3.431206
2024-07-23T09:48:30+00:00,156,9.7344,70.8,78,47.908255,-3.431225
2024-07-23T09:48:31+00:00,156,9.3672,70.8,78,47.908276,-3.431245
2024-07-23T09:48:32+00:00,156,9.4176,70.7,79,47.908299,-3.431268
2024-07-23T09:48:33+00:00,156,9.6984,70.7,79,47.908322,-3.431288
2024-07-23T09:48:34+00:00,155,9.619200000000001,70.7,79,47.908345,-3.431314
2024-07-23T09:48:35+00:00,155,10.3104,70.6,78,47.908369,-3.431338
2024-07-23T09:48:36+00:00,155,10.864799999999999,70.6,78,47.90839,-3.43136
2024-07-23T09:48:37+00:00,155,10.994399999999999,70.5,78,47.908411,-3.431381
2024-07-23T09:48:38+00:00,155,11.0592,70.4,78,47.908433,-3.431403
2024-07-23T09:48:39+00:00,155,11.16,70.4,78,47.908453,-3.431421
2024-07-23T09:48:40+00:00,155,10.5552,70.3,78,47.908472,-3.431443
2024-07-23T09:48:41+00:00,155,10.123199999999999,70.3,78,47.908493,-3.431467
2024-07-23T09:48:42+00:00,155,10.2096,70.2,78,47.908513,-3.431488
2024-07-23T09:48:43+00:00,155,10.0008,70.1,78,47.908532,-3.43151
2024-07-23T09:48:44+00:00,155,9.684,70.0,78,47.908553,-3.431534
2024-07-23T09:48:45+00:00,155,9.9144,69.9,77,47.908574,-3.431559
2024-07-23T09:48:46+00:00,155,10.231200000000001,69.9,77,47.908592,-3.431579
2024-07-23T09:48:47+00:00,155,9.7704,69.8,77,47.908613,-3.431603
2024-07-23T09:48:48+00:00,155,10.1736,69.7,77,47.908635,-3.431634
2024-07-23T09:48:49+00:00,155,10.778400000000001,69.6,77,47.908655,-3.431659
2024-07-23T09:48:50+00:00,155,10.677600000000002,69.5,77,47.908672,-3.431681
2024-07-23T09:48:51+00:00,155,10.3392,69.3,77,47.908695,-3.431708
2024-07-23T09:48:52+00:00,154,11.0808,69.2,77,47.908716,-3.431732
2024-07-23T09:48:53+00:00,154,10.814400000000001,69.1,77,47.908736,-3.431749
2024-07-23T09:48:54+00:00,154,10.1088,69.0,77,47.908755,-3.43177
2024-07-23T09:48:55+00:00,153,10.087200000000001,68.9,77,47.908777,-3.431794
2024-07-23T09:48:56+00:00,153,10.3392,68.7,79,47.908795,-3.43182
2024-07-23T09:48:57+00:00,153,9.8856,68.6,79,47.908814,-3.431844
2024-07-23T09:48:58+00:00,152,9.6912,68.5,77,47.908836,-3.431871
2024-07-23T09:48:59+00:00,152,10.346400000000001,68.3,77,47.908858,-3.431894
2024-07-23T09:49:00+00:00,152,10.512,68.2,77,47.908877,-3.431912
2024-07-23T09:49:01+00:00,151,10.224,68.1,77,47.908896,-3.431937
2024-07-23T09:49:02+00:00,151,10.1808,67.9,77,47.90892,-3.431963
2024-07-23T09:49:03+00:00,151,10.6272,67.8,78,47.908939,-3.431991
2024-07-23T09:49:04+00:00,151,10.5768,67.6,78,47.908959,-3.432014
2024-07-23T09:49:05+00:00,151,10.3248,67.5,78,47.908981,-3.432036
2024-07-23T09:49:06+00:00,151,10.504800000000001,67.3,78,47.909003,-3.432058
2024-07-23T09:49:07+00:00,151,10.7568,67.1,79,47.909026,-3.432085
2024-07-23T09:49:08+00:00,151,10.872,67.0,80,47.90905,-3.432111
2024-07-23T09:49:09+00:00,151,10.7712,66.8,80,47.909069,-3.432135
2024-07-23T09:49:10+00:00,151,10.98,66.6,81,47.909096,-3.432162
2024-07-23T09:49:11+00:00,152,11.7072,66.5,81,47.909119,-3.432185
2024-07-23T09:49:12+00:00,153,11.700000000000001,66.4,80,47.909139,-3.432205
2024-07-23T09:49:13+00:00,153,11.217600000000001,66.2,79,47.90916,-3.43223
2024-07-23T09:49:14+00:00,153,11.0952,66.1,79,47.909185,-3.432248
2024-07-23T09:49:15+00:00,153,11.124,65.9,79,47.909209,-3.432268
2024-07-23T09:49:16+00:00,153,10.6056,65.7,78,47.90923,-3.432295
2024-07-23T09:49:17+00:00,153,10.7136,65.6,78,47.909254,-3.432317
2024-07-23T09:49:18+00:00,153,11.0232,65.4,78,47.909273,-3.432342
2024-07-23T09:49:19+00:00,153,11.0016,65.3,78,47.909292,-3.432367
2024-07-23T09:49:20+00:00,153,10.864799999999999,65.2,78,47.909315,-3.43239
2024-07-23T09:49:21+00:00,153,10.792800000000002,65.0,79,47.909334,-3.432413
2024-07-23T09:49:22+00:00,153,10.5408,64.9,79,47.909355,-3.432439
2024-07-23T09:49:23+00:00,152,10.44,64.7,80,47.909378,-3.432463
2024-07-23T09:49:24+00:00,152,10.5696,64.6,80,47.9094,-3.432489
2024-07-23T09:49:25+00:00,152,10.828800000000001,64.4,80,47.909423,-3.432512
2024-07-23T09:49:26+00:00,152,10.850399999999999,64.3,81,47.909444,-3.432535
2024-07-23T09:49:27+00:00,151,10.8936,64.1,80,47.909466,-3.432559
2024-07-23T09:49:28+00:00,151,10.98,64.0,80,47.909492,-3.432584
2024-07-23T09:49:29+00:00,151,11.116800000000001,63.8,80,47.909518,-3.432607
2024-07-23T09:49:30+00:00,150,11.116800000000001,63.7,80,47.909542,-3.432633
2024-07-23T09:49:31+00:00,150,11.505600000000001,63.5,81,47.909565,-3.432659
2024-07-23T09:49:32+00:00,150,11.8368,63.4,81,47.909588,-3.432683
2024-07-23T09:49:33+00:00,150,11.829600000000001,63.3,81,47.909609,-3.432704
2024-07-23T09:49:34+00:00,150,11.5848,63.2,80,47.909634,-3.432724
2024-07-23T09:49:35+00:00,150,11.534400000000002,63.1,80,47.909653,-3.432746
2024-07-23T09:49:36+00:00,150,10.9224,63.0,80,47.909672,-3.43277
2024-07-23T09:49:37+00:00,150,10.4616,62.9,82,47.909694,-3.432797
2024-07-23T09:49:38+00:00,150,10.3536,62.8,81,47.909718,-3.432821
2024-07-23T09:49:39+00:00,150,10.5912,62.7,81,47.90974,-3.432847
2024-07-23T09:49:40+00:00,150,10.6128,62.6,81,47.909766,-3.432871
2024-07-23T09:49:41+00:00,150,11.232000000000001,62.5,80,47.909791,-3.432891
2024-07-23T09:49:42+00:00,150,11.4624,62.4,80,47.909813,-3.432912
2024-07-23T09:49:43+00:00,150,11.5704,62.4,79,47.909839,-3.432932
2024-07-23T09:49:44+00:00,150,11.505600000000001,62.3,79,47.909861,-3.432949
2024-07-23T09:49:45+00:00,151,11.1816,62.2,79,47.909881,-3.432971
2024-07-23T09:49:46+00:00,151,10.7136,62.2,79,47.909906,-3.433
2024-07-23T09:49:47+00:00,151,11.1456,62.1,79,47.909926,-3.433019
2024-07-23T09:49:48+00:00,151,10.8432,62.1,79,47.909948,-3.433036
2024-07-23T09:49:49+00:00,151,10.4832,62.0,78,47.909968,-3.433054
2024-07-23T09:49:50+00:00,151,10.4472,61.9,78,47.90999,-3.433073
2024-07-23T09:49:51+00:00,151,10.2528,61.9,78,47.91001,-3.433089
2024-07-23T09:49:52+00:00,151,9.4176,61.8,78,47.910034,-3.433109
2024-07-23T09:49:53+00:00,151,9.7056,61.8,78,47.910056,-3.433127
2024-07-23T09:49:54+00:00,151,9.9144,61.8,78,47.910076,-3.433142
2024-07-23T09:49:55+00:00,151,9.748800000000001,61.7,79,47.910098,-3.433157
2024-07-23T09:49:56+00:00,151,9.7992,61.7,79,47.910122,-3.433168
2024-07-23T09:49:57+00:00,151,9.9072,61.6,79,47.910144,-3.433178
2024-07-23T09:49:58+00:00,151,9.4824,61.6,79,47.91017,-3.433193
2024-07-23T09:49:59+00:00,151,9.395999999999999,61.6,79,47.9102,-3.433206
2024-07-23T09:50:00+00:00,151,10.0224,61.6,79,47.910225,-3.433217
2024-07-23T09:50:01+00:00,151,10.2024,61.5,79,47.910252,-3.433229
2024-07-23T09:50:02+00:00,151,10.4688,61.5,79,47.910282,-3.433242
2024-07-23T09:50:03+00:00,151,11.3832,61.5,78,47.910311,-3.433252
2024-07-23T09:50:04+00:00,151,11.721599999999999,61.5,78,47.910337,-3.433265
2024-07-23T09:50:05+00:00,151,11.692800000000002,61.5,78,47.910364,-3.43328
2024-07-23T09:50:06+00:00,151,11.8728,61.5,78,47.910388,-3.433293
2024-07-23T09:50:07+00:00,151,11.916,61.5,78,47.910409,-3.433303
2024-07-23T09:50:08+00:00,151,11.102400000000001,61.5,79,47.910431,-3.433313
2024-07-23T09:50:09+00:00,151,10.490400000000001,61.5,79,47.910449,-3.433328
2024-07-23T09:50:10+00:00,151,9.777600000000001,61.6,81,47.910471,-3.433342
2024-07-23T09:50:11+00:00,151,9.3888,61.6,81,47.910497,-3.433355
2024-07-23T09:50:12+00:00,152,9.2232,61.6,81,47.910521,-3.433372
2024-07-23T09:50:13+00:00,152,9.4536,61.6,81,47.910547,-3.43339
2024-07-23T09:50:14+00:00,152,10.08,61.7,81,47.910573,-3.433408
2024-07-23T09:50:15+00:00,152,10.828800000000001,61.7,81,47.910596,-3.43342
2024-07-23T09:50:16+00:00,152,10.8576,61.7,81,47.910624,-3.433436
2024-07-23T09:50:17+00:00,152,11.361600000000001,61.8,80,47.910645,-3.433441
2024-07-23T09:50:18+00:00,152,10.872,61.8,81,47.910664,-3.433448
2024-07-23T09:50:19+00:00,153,9.9504,61.8,81,47.910688,-3.433459
2024-07-23T09:50:20+00:00,153,9.5256,61.9,81,47.910711,-3.433473
2024-07-23T09:50:21+00:00,153,9.5328,61.9,81,47.910734,-3.433486
2024-07-23T09:50:22+00:00,154,8.906400000000001,61.9,80,47.910764,-3.433505
2024-07-23T09:50:23+00:00,154,9.777600000000001,62.0,79,47.910792,-3.433521
2024-07-23T09:50:24+00:00,154,10.7568,62.0,79,47.910817,-3.433539
2024-07-23T09:50:25+00:00,153,11.2752,62.1,80,47.910844,-3.433556
2024-07-23T09:50:26+00:00,153,11.7648,62.1,80,47.910868,-3.433569
2024-07-23T09:50:27+00:00,154,11.988000000000001,62.2,80,47.910887,-3.433584
2024-07-23T09:50:28+00:00,154,11.0952,62.2,80,47.91091,-3.4336
2024-07-23T09:50:29+00:00,154,10.7208,62.3,80,47.910933,-3.433612
2024-07-23T09:50:30+00:00,154,10.1592,62.3,80,47.910953,-3.433621
2024-07-23T09:50:31+00:00,154,9.4464,62.4,80,47.910978,-3.43363
2024-07-23T09:50:32+00:00,154,9.251999999999999,62.4,80,47.911,-3.43364
2024-07-23T09:50:33+00:00,154,9.4032,62.5,80,47.911023,-3.433651
2024-07-23T09:50:34+00:00,154,9.230400000000001,62.6,80,47.91105,-3.433664
2024-07-23T09:50:35+00:00,154,9.662400000000002,62.7,80,47.911075,-3.433679
2024-07-23T09:50:36+00:00,154,9.972,62.7,80,47.911097,-3.433692
2024-07-23T09:50:37+00:00,154,9.972,62.8,81,47.911125,-3.433708
2024-07-23T09:50:38+00:00,154,10.656,62.9,81,47.911149,-3.433721
2024-07-23T09:50:39+00:00,154,10.864799999999999,63.0,80,47.911174,-3.433732
2024-07-23T09:50:40+00:00,154,10.648800000000001,63.1,80,47.9112,-3.433743
2024-07-23T09:50:41+00:00,154,10.7568,63.2,80,47.911223,-3.433756
2024-07-23T09:50:42+00:00,154,10.944,63.3,81,47.911248,-3.433773
2024-07-23T09:50:43+00:00,154,10.850399999999999,63.4,82,47.911271,-3.433787
2024-07-23T09:50:44+00:00,154,10.7064,63.5,81,47.911291,-3.433798
2024-07-23T09:50:45+00:00,154,10.3824,63.6,81,47.911312,-3.43381
2024-07-23T09:50:46+00:00,155,9.9864,63.7,81,47.91133,-3.433817
2024-07-23T09:50:47+00:00,155,9.0648,63.8,81,47.911353,-3.433828
2024-07-23T09:50:48+00:00,155,8.647200000000002,63.9,81,47.91138,-3.433839
2024-07-23T09:50:49+00:00,156,8.906400000000001,64.0,81,47.9114,-3.433849
2024-07-23T09:50:50+00:00,156,8.9712,64.1,81,47.91142,-3.433861
2024-07-23T09:50:51+00:00,156,8.877600000000001,64.2,81,47.911445,-3.433872
2024-07-23T09:50:52+00:00,157,9.633600000000001,64.3,81,47.911466,-3.433882
2024-07-23T09:50:53+00:00,157,9.5616,64.4,82,47.911491,-3.43389
2024-07-23T09:50:54+00:00,157,9.3024,64.5,82,47.911514,-3.433898
2024-07-23T09:50:55+00:00,158,9.3816,64.6,82,47.911536,-3.433909
2024-07-23T09:50:56+00:00,158,9.5256,64.8,82,47.911562,-3.433919
2024-07-23T09:50:57+00:00,158,9.684,64.9,81,47.911585,-3.433928
2024-07-23T09:50:58+00:00,158,9.748800000000001,65.0,81,47.911608,-3.433943
2024-07-23T09:50:59+00:00,158,9.828,65.1,81,47.911632,-3.43395
2024-07-23T09:51:00+00:00,159,9.8496,65.3,81,47.911655,-3.433954
2024-07-23T09:51:01+00:00,159,9.828,65.4,81,47.91168,-3.433965
2024-07-23T09:51:02+00:00,159,9.943200000000001,65.6,81,47.911703,-3.43397
2024-07-23T09:51:03+00:00,159,9.8496,65.7,81,47.911725,-3.433974
2024-07-23T09:51:04+00:00,159,9.576,65.8,81,47.911747,-3.433983
2024-07-23T09:51:05+00:00,159,9.6552,66.0,81,47.911767,-3.433992
2024-07-23T09:51:06+00:00,159,9.3672,66.1,81,47.911785,-3.434006
2024-07-23T09:51:07+00:00,158,8.8488,66.2,81,47.91181,-3.434014
2024-07-23T09:51:08+00:00,159,8.9928,66.4,81,47.911832,-3.434014
2024-07-23T09:51:09+00:00,159,8.7264,66.5,82,47.911853,-3.434018
2024-07-23T09:51:10+00:00,159,8.395199999999999,66.7,82,47.91188,-3.434023
2024-07-23T09:51:11+00:00,159,8.9568,66.8,82,47.911901,-3.434029
2024-07-23T09:51:12+00:00,160,9.036,67.0,82,47.911925,-3.434036
2024-07-23T09:51:13+00:00,160,9.0288,67.1,81,47.911951,-3.43404
2024-07-23T09:51:14+00:00,160,9.5688,67.3,81,47.911974,-3.434046
2024-07-23T09:51:15+00:00,160,9.7704,67.5,81,47.911999,-3.434053
2024-07-23T09:51:16+00:00,161,9.748800000000001,67.6,81,47.912023,-3.434059
2024-07-23T09:51:17+00:00,161,9.9216,67.8,81,47.912046,-3.434063
2024-07-23T09:51:18+00:00,161,9.6768,68.0,81,47.912074,-3.434071
2024-07-23T09:51:19+00:00,162,10.08,68.2,81,47.9121,-3.434075
2024-07-23T09:51:20+00:00,162,10.1592,68.3,82,47.912122,-3.434084
2024-07-23T09:51:21+00:00,162,10.0296,68.5,82,47.912149,-3.434087
2024-07-23T09:51:22+00:00,162,10.1952,68.7,82,47.912173,-3.43409
2024-07-23T09:51:23+00:00,162,10.3968,68.8,81,47.912196,-3.434097
2024-07-23T09:51:24+00:00,161,9.936,69.0,81,47.91222,-3.434104
2024-07-23T09:51:25+00:00,161,9.9648,69.1,81,47.912241,-3.434106
2024-07-23T09:51:26+00:00,162,9.7128,69.3,81,47.912264,-3.434111
2024-07-23T09:51:27+00:00,162,9.3816,69.4,81,47.912287,-3.434115
2024-07-23T09:51:28+00:00,162,9.2448,69.6,81,47.912311,-3.434118
2024-07-23T09:51:29+00:00,161,9.086400000000001,69.8,81,47.912337,-3.434123
2024-07-23T09:51:30+00:00,161,9.2736,69.9,81,47.912361,-3.434126
2024-07-23T09:51:31+00:00,161,9.5832,70.1,81,47.912386,-3.434127
2024-07-23T09:51:32+00:00,161,9.9,70.2,81,47.912409,-3.434129
2024-07-23T09:51:33+00:00,161,10.044,70.4,81,47.91243,-3.434133
2024-07-23T09:51:34+00:00,161,9.9864,70.5,81,47.912451,-3.434137
2024-07-23T09:51:35+00:00,161,9.2808,70.6,81,47.912474,-3.434141
2024-07-23T09:51:36+00:00,161,9.0936,70.8,81,47.912498,-3.434142
2024-07-23T09:51:37+00:00,161,8.791200000000002,71.0,81,47.912524,-3.434146
2024-07-23T09:51:38+00:00,161,8.9496,71.1,80,47.912552,-3.434147
2024-07-23T09:51:39+00:00,162,9.475200000000001,71.3,81,47.912573,-3.43415
2024-07-23T09:51:40+00:00,162,9.7272,71.5,81,47.912599,-3.434156
2024-07-23T09:51:41+00:00,162,9.936,71.6,81,47.912628,-3.434159
2024-07-23T09:51:42+00:00,163,10.634400000000001,71.8,81,47.912649,-3.43416
2024-07-23T09:51:43+00:00,163,10.267199999999999,71.9,81,47.912674,-3.434161
2024-07-23T09:51:44+00:00,163,10.0656,72.1,81,47.912698,-3.434163
2024-07-23T09:51:45+00:00,163,10.224,72.3,81,47.91272,-3.434164
2024-07-23T09:51:46+00:00,163,10.0296,72.4,81,47.912745,-3.434164
2024-07-23T09:51:47+00:00,163,9.4824,72.5,81,47.912767,-3.434163
2024-07-23T09:51:48+00:00,163,9.345600000000001,72.7,81,47.912791,-3.434162
2024-07-23T09:51:49+00:00,163,9.1296,72.9,81,47.912819,-3.434164
2024-07-23T09:51:50+00:00,163,9.684,73.0,81,47.912841,-3.434163
2024-07-23T09:51:51+00:00,163,9.6264,73.1,82,47.912864,-3.434167
2024-07-23T09:51:52+00:00,163,9.5472,73.3,82,47.912889,-3.434168
2024-07-23T09:51:53+00:00,163,9.9144,73.4,82,47.91291,-3.434169
2024-07-23T09:51:54+00:00,163,9.5616,73.6,81,47.912934,-3.434176
2024-07-23T09:51:55+00:00,163,9.345600000000001,73.7,81,47.912957,-3.434177
2024-07-23T09:51:56+00:00,163,9.4248,73.8,81,47.912978,-3.434179
2024-07-23T09:51:57+00:00,163,9.0,74.0,81,47.913002,-3.434182
2024-07-23T09:51:58+00:00,163,9.0936,74.1,81,47.913025,-3.434183
2024-07-23T09:51:59+00:00,163,9.3312,74.3,81,47.913051,-3.434186
2024-07-23T09:52:00+00:00,163,9.107999999999999,74.4,81,47.913076,-3.434188
2024-07-23T09:52:01+00:00,163,9.4176,74.6,81,47.913099,-3.434189
2024-07-23T09:52:02+00:00,163,9.748800000000001,74.7,81,47.913126,-3.434192
2024-07-23T09:52:03+00:00,163,9.748800000000001,74.8,82,47.913152,-3.434192
2024-07-23T09:52:04+00:00,163,10.476,74.9,82,47.913174,-3.434194
2024-07-23T09:52:05+00:00,163,10.2888,75.0,82,47.913196,-3.434197
2024-07-23T09:52:06+00:00,163,9.957600000000001,75.2,82,47.913218,-3.434198
2024-07-23T09:52:07+00:00,164,9.7344,75.3,82,47.913244,-3.434199
2024-07-23T09:52:08+00:00,164,9.54,75.4,81,47.913271,-3.434204
2024-07-23T09:52:09+00:00,164,9.2592,75.5,81,47.913298,-3.434208
2024-07-23T09:52:10+00:00,165,9.5256,75.6,81,47.913323,-3.434214
2024-07-23T09:52:11+00:00,165,9.633600000000001,75.7,81,47.913353,-3.434221
2024-07-23T09:52:12+00:00,165,10.814400000000001,75.8,81,47.913377,-3.434229
2024-07-23T09:52:13+00:00,166,10.9152,75.9,81,47.913401,-3.434235
2024-07-23T09:52:14+00:00,166,10.728,76.0,81,47.913424,-3.434238
2024-07-23T09:52:15+00:00,166,10.5552,76.0,81,47.913445,-3.43424
2024-07-23T09:52:16+00:00,166,10.231200000000001,76.1,81,47.913467,-3.434246
2024-07-23T09:52:17+00:00,166,9.2592,76.2,81,47.913493,-3.434252
2024-07-23T09:52:18+00:00,166,9.3384,76.2,81,47.913517,-3.434254
2024-07-23T09:52:19+00:00,166,8.9496,76.3,81,47.913543,-3.434259
2024-07-23T09:52:20+00:00,166,9.2232,76.3,81,47.913573,-3.434262
2024-07-23T09:52:21+00:00,166,10.0008,76.4,81,47.913598,-3.434263
2024-07-23T09:52:22+00:00,166,10.2096,76.4,81,47.913625,-3.434273
2024-07-23T09:52:23+00:00,166,10.3392,76.4,80,47.913654,-3.43428
2024-07-23T09:52:24+00:00,166,11.217600000000001,76.5,79,47.913682,-3.434284
2024-07-23T09:52:25+00:00,165,11.1456,76.5,79,47.913711,-3.434295
2024-07-23T09:52:26+00:00,165,11.3544,76.5,79,47.91374,-3.434301
2024-07-23T09:52:27+00:00,164,11.8584,76.5,80,47.913763,-3.434308
2024-07-23T09:52:28+00:00,164,11.548800000000002,76.5,80,47.91379,-3.434315
2024-07-23T09:52:29+00:00,164,11.0232,76.5,80,47.913817,-3.434321
2024-07-23T09:52:30+00:00,165,11.1672,76.5,80,47.913842,-3.434328
2024-07-23T09:52:31+00:00,165,10.5624,76.5,80,47.913869,-3.434336
2024-07-23T09:52:32+00:00,165,10.360800000000001,76.5,79,47.913897,-3.434342
2024-07-23T09:52:33+00:00,164,10.749600000000001,76.5,79,47.913922,-3.434348
2024-07-23T09:52:34+00:00,164,10.728,76.6,79,47.913949,-3.434355
2024-07-23T09:52:35+00:00,165,10.850399999999999,76.6,79,47.913972,-3.434362
2024-07-23T09:52:36+00:00,165,10.850399999999999,76.6,79,47.913997,-3.434369
2024-07-23T09:52:37+00:00,165,10.504800000000001,76.6,79,47.914021,-3.434376
2024-07-23T09:52:38+00:00,166,10.404,76.6,79,47.914043,-3.434383
2024-07-23T09:52:39+00:00,166,10.2384,76.6,79,47.914064,-3.434389
2024-07-23T09:52:40+00:00,166,9.251999999999999,76.5,80,47.914086,-3.434397
2024-07-23T09:52:41+00:00,165,9.1944,76.5,80,47.914112,-3.43441
2024-07-23T09:52:42+00:00,165,9.4032,76.5,79,47.914136,-3.434423
2024-07-23T09:52:43+00:00,165,9.086400000000001,76.5,79,47.914163,-3.434435
2024-07-23T09:52:44+00:00,164,9.8352,76.4,79,47.914191,-3.434447
2024-07-23T09:52:45+00:00,164,10.850399999999999,76.4,79,47.914214,-3.434454
2024-07-23T09:52:46+00:00,164,10.6056,76.3,79,47.914239,-3.434464
2024-07-23T09:52:47+00:00,165,10.548,76.3,79,47.914269,-3.434479
2024-07-23T09:52:48+00:00,165,11.6712,76.2,80,47.914291,-3.43449
2024-07-23T09:52:49+00:00,165,10.764000000000001,76.1,80,47.914316,-3.434504
2024-07-23T09:52:50+00:00,165,10.3536,76.1,79,47.914343,-3.43452
2024-07-23T09:52:51+00:00,165,11.1888,76.0,79,47.914365,-3.434538
2024-07-23T09:52:52+00:00,165,10.9656,75.9,79,47.914389,-3.434551
2024-07-23T09:52:53+00:00,165,10.188,75.9,79,47.914413,-3.434565
2024-07-23T09:52:54+00:00,164,10.8072,75.8,80,47.914436,-3.434575
2024-07-23T09:52:55+00:00,164,10.504800000000001,75.7,80,47.914462,-3.434587
2024-07-23T09:52:56+00:00,164,10.08,75.6,80,47.914489,-3.434602
2024-07-23T09:52:57+00:00,164,10.828800000000001,75.6,80,47.914513,-3.434612
2024-07-23T09:52:58+00:00,164,10.4832,75.5,80,47.914535,-3.434624
2024-07-23T09:52:59+00:00,164,9.9,75.4,79,47.914562,-3.434638
2024-07-23T09:53:00+00:00,163,10.692,75.3,79,47.914587,-3.434647
2024-07-23T09:53:01+00:00,163,10.5984,75.2,79,47.914611,-3.434657
2024-07-23T09:53:02+00:00,163,9.936,75.1,79,47.914638,-3.434668
2024-07-23T09:53:03+00:00,163,10.2096,75.0,79,47.914664,-3.43468
2024-07-23T09:53:04+00:00,163,10.6272,75.0,79,47.91469,-3.434693
2024-07-23T09:53:05+00:00,163,10.332,74.9,79,47.91472,-3.434707
2024-07-23T09:53:06+00:00,163,10.8216,74.8,79,47.91475,-3.43472
2024-07-23T09:53:07+00:00,162,11.556000000000001,74.7,79,47.914775,-3.434731
2024-07-23T09:53:08+00:00,162,11.4696,74.6,79,47.914801,-3.434743
2024-07-23T09:53:09+00:00,162,11.7432,74.5,79,47.914828,-3.434753
2024-07-23T09:53:10+00:00,162,11.7576,74.4,78,47.91485,-3.434764
2024-07-23T09:53:11+00:00,162,11.1888,74.3,78,47.914876,-3.434779
2024-07-23T09:53:12+00:00,162,10.663200000000002,74.3,78,47.914903,-3.434793
2024-07-23T09:53:13+00:00,162,11.0808,74.2,79,47.914925,-3.434806
2024-07-23T09:53:14+00:00,162,10.533600000000002,74.1,79,47.914948,-3.434819
2024-07-23T09:53:15+00:00,162,10.2528,74.0,79,47.914976,-3.434833
2024-07-23T09:53:16+00:00,162,10.850399999999999,74.0,79,47.914999,-3.434846
2024-07-23T09:53:17+00:00,162,10.7424,73.9,79,47.915021,-3.434857
2024-07-23T09:53:18+00:00,162,10.0512,73.9,79,47.915047,-3.434868
2024-07-23T09:53:19+00:00,161,10.404,73.8,79,47.915071,-3.434876
2024-07-23T09:53:20+00:00,160,10.1664,73.7,79,47.915097,-3.434888
2024-07-23T09:53:21+00:00,159,9.777600000000001,73.7,79,47.91513,-3.434903
2024-07-23T09:53:22+00:00,159,10.5624,73.6,79,47.915158,-3.434912
2024-07-23T09:53:23+00:00,159,11.052,73.5,79,47.915186,-3.434923
2024-07-23T09:53:24+00:00,159,11.3112,73.5,79,47.915216,-3.434936
2024-07-23T09:53:25+00:00,159,12.276000000000002,73.4,79,47.915241,-3.434945
2024-07-23T09:53:26+00:00,159,12.1968,73.4,79,47.915265,-3.434956
2024-07-23T09:53:27+00:00,159,11.3832,73.3,79,47.915294,-3.434971
2024-07-23T09:53:28+00:00,159,11.635200000000001,73.3,80,47.91532,-3.434981
2024-07-23T09:53:29+00:00,159,11.1888,73.3,80,47.915346,-3.434992
2024-07-23T09:53:30+00:00,158,10.7136,73.2,79,47.915376,-3.435005
2024-07-23T09:53:31+00:00,158,11.2752,73.2,79,47.915402,-3.435015
2024-07-23T09:53:32+00:00,158,11.390400000000001,73.2,79,47.915428,-3.435025
2024-07-23T09:53:33+00:00,157,11.1528,73.2,79,47.915456,-3.435035
2024-07-23T09:53:34+00:00,157,11.4264,73.2,79,47.915479,-3.435039
2024-07-23T09:53:35+00:00,157,11.1744,73.2,80,47.915503,-3.435053
2024-07-23T09:53:36+00:00,158,10.512,73.2,80,47.915532,-3.435065
2024-07-23T09:53:37+00:00,158,11.008799999999999,73.2,80,47.915557,-3.435071
2024-07-23T09:53:38+00:00,158,10.7064,73.2,80,47.915581,-3.435084
2024-07-23T09:53:39+00:00,158,10.4688,73.2,79,47.915609,-3.435089
2024-07-23T09:53:40+00:00,159,10.9008,73.2,79,47.915633,-3.435095
2024-07-23T09:53:41+00:00,160,10.8,73.3,79,47.915658,-3.435104
2024-07-23T09:53:42+00:00,161,10.0728,73.3,79,47.915691,-3.435113
2024-07-23T09:53:43+00:00,161,10.9872,73.3,79,47.915715,-3.435118
2024-07-23T09:53:44+00:00,161,10.684800000000001,73.4,80,47.915741,-3.435124
2024-07-23T09:53:45+00:00,162,10.4832,73.4,80,47.915772,-3.43513
2024-07-23T09:53:46+00:00,162,11.0952,73.4,80,47.915799,-3.435136
2024-07-23T09:53:47+00:00,162,11.3976,73.4,80,47.915827,-3.435144
2024-07-23T09:53:48+00:00,162,10.9656,73.4,80,47.915858,-3.435147
2024-07-23T09:53:49+00:00,162,11.620800000000001,73.4,80,47.915883,-3.435152
2024-07-23T09:53:50+00:00,162,11.376000000000001,73.4,80,47.915915,-3.43516
2024-07-23T09:53:51+00:00,162,11.721599999999999,73.5,81,47.915943,-3.435167
2024-07-23T09:53:52+00:00,162,11.8728,73.5,81,47.915968,-3.435173
2024-07-23T09:53:53+00:00,162,11.484,73.5,81,47.915994,-3.435184
2024-07-23T09:53:54+00:00,162,11.2032,73.5,81,47.916019,-3.43519
2024-07-23T09:53:55+00:00,162,11.4336,73.5,80,47.916043,-3.435194
2024-07-23T09:53:56+00:00,162,10.490400000000001,73.5,80,47.916071,-3.435198
2024-07-23T09:53:57+00:00,162,10.245600000000001,73.5,80,47.9161,-3.435199
2024-07-23T09:53:58+00:00,161,10.6272,73.5,80,47.916122,-3.435204
2024-07-23T09:53:59+00:00,161,10.2744,73.5,80,47.916148,-3.435208
2024-07-23T09:54:00+00:00,161,10.087200000000001,73.5,80,47.916176,-3.435213
2024-07-23T09:54:01+00:00,160,10.504800000000001,73.6,80,47.916203,-3.435218
2024-07-23T09:54:02+00:00,160,10.5264,73.6,80,47.916235,-3.435225
2024-07-23T09:54:03+00:00,160,10.8576,73.6,80,47.916258,-3.435233
2024-07-23T09:54:04+00:00,160,10.972800000000001,73.6,80,47.916283,-3.435239
2024-07-23T09:54:05+00:00,160,11.0304,73.6,80,47.916314,-3.435242
2024-07-23T09:54:06+00:00,160,11.404800000000002,73.6,80,47.916339,-3.435242
2024-07-23T09:54:07+00:00,161,11.138399999999999,73.6,81,47.916365,-3.435243
2024-07-23T09:54:08+00:00,162,10.4976,73.7,81,47.916391,-3.435242
2024-07-23T09:54:09+00:00,162,10.792800000000002,73.7,81,47.916417,-3.435239
2024-07-23T09:54:10+00:00,163,10.6704,73.7,81,47.916444,-3.435236
2024-07-23T09:54:11+00:00,163,10.137599999999999,73.7,80,47.916472,-3.435236
2024-07-23T09:54:12+00:00,164,10.490400000000001,73.7,80,47.916499,-3.435237
2024-07-23T09:54:13+00:00,164,10.3392,73.8,80,47.916528,-3.435237
2024-07-23T09:54:14+00:00,164,10.7136,73.8,81,47.916557,-3.435236
2024-07-23T09:54:15+00:00,164,11.1816,73.8,81,47.916584,-3.435237
2024-07-23T09:54:16+00:00,164,11.232000000000001,73.8,81,47.916612,-3.435234
2024-07-23T09:54:17+00:00,164,11.3688,73.9,81,47.916641,-3.43523
2024-07-23T09:54:18+00:00,164,11.7288,73.9,81,47.916666,-3.435229
2024-07-23T09:54:19+00:00,164,11.0736,73.9,81,47.916693,-3.435226
2024-07-23T09:54:20+00:00,164,10.9512,73.9,81,47.916722,-3.43522
2024-07-23T09:54:21+00:00,164,11.0952,73.9,81,47.916748,-3.435214
2024-07-23T09:54:22+00:00,164,10.8432,73.8,81,47.916776,-3.435208
2024-07-23T09:54:23+00:00,164,10.634400000000001,73.8,81,47.916805,-3.4352
2024-07-23T09:54:24+00:00,165,11.0448,73.8,80,47.916833,-3.435193
2024-07-23T09:54:25+00:00,165,11.1672,73.8,80,47.916861,-3.435187
2024-07-23T09:54:26+00:00,165,11.196,73.8,80,47.916887,-3.43518
2024-07-23T09:54:27+00:00,165,11.1888,73.8,80,47.916913,-3.435174
2024-07-23T09:54:28+00:00,165,11.1456,73.8,80,47.916941,-3.435166
2024-07-23T09:54:29+00:00,165,11.016,73.8,80,47.916968,-3.435158
2024-07-23T09:54:30+00:00,166,10.850399999999999,73.8,80,47.916996,-3.435153
2024-07-23T09:54:31+00:00,166,10.9296,73.9,80,47.917023,-3.435146
2024-07-23T09:54:32+00:00,166,11.0952,73.9,80,47.91705,-3.435137
2024-07-23T09:54:33+00:00,166,11.2032,73.9,80,47.917075,-3.435128
2024-07-23T09:54:34+00:00,166,11.0664,73.9,80,47.917104,-3.435122
2024-07-23T09:54:35+00:00,166,10.958400000000001,73.9,80,47.917132,-3.435111
2024-07-23T09:54:36+00:00,166,10.864799999999999,73.9,79,47.91716,-3.435102
2024-07-23T09:54:37+00:00,166,10.7712,73.9,79,47.917192,-3.435091
2024-07-23T09:54:38+00:00,166,11.5272,73.9,79,47.917219,-3.435079
2024-07-23T09:54:39+00:00,166,11.649600000000001,74.0,79,47.917247,-3.435068
2024-07-23T09:54:40+00:00,166,11.9376,74.0,80,47.917276,-3.435056
2024-07-23T09:54:41+00:00,166,12.3552,74.0,80,47.917302,-3.435043
2024-07-23T09:54:42+00:00,166,12.2904,74.0,80,47.917327,-3.435032
2024-07-23T09:54:43+00:00,166,11.390400000000001,74.0,80,47.917354,-3.435018
2024-07-23T09:54:44+00:00,165,11.412,74.1,80,47.91738,-3.435002
2024-07-23T09:54:45+00:00,165,11.2392,74.1,80,47.917407,-3.434989
2024-07-23T09:54:46+00:00,165,10.9296,74.1,80,47.917435,-3.434975
2024-07-23T09:54:47+00:00,165,11.361600000000001,74.1,80,47.917461,-3.43496
2024-07-23T09:54:48+00:00,165,11.4264,74.1,80,47.917487,-3.434949
2024-07-23T09:54:49+00:00,164,11.556000000000001,74.2,80,47.917514,-3.434931
2024-07-23T09:54:50+00:00,164,11.9448,74.2,80,47.917539,-3.434916
2024-07-23T09:54:51+00:00,164,11.4696,74.2,80,47.917564,-3.434906
2024-07-23T09:54:52+00:00,164,11.0016,74.3,81,47.91759,-3.434893
2024-07-23T09:54:53+00:00,165,11.016,74.3,81,47.917616,-3.434881
2024-07-23T09:54:54+00:00,165,10.9368,74.3,81,47.917642,-3.43487
2024-07-23T09:54:55+00:00,165,10.504800000000001,74.4,81,47.917669,-3.434856
2024-07-23T09:54:56+00:00,166,10.879199999999999,74.4,81,47.917693,-3.434846
2024-07-23T09:54:57+00:00,166,10.7424,74.5,81,47.917723,-3.434835
2024-07-23T09:54:58+00:00,166,10.9224,74.5,81,47.917751,-3.434822
2024-07-23T09:54:59+00:00,166,11.3328,74.5,81,47.917776,-3.434811
2024-07-23T09:55:00+00:00,166,11.116800000000001,74.6,81,47.917805,-3.434798
2024-07-23T09:55:01+00:00,166,11.2896,74.6,81,47.917833,-3.434782
2024-07-23T09:55:02+00:00,166,11.678400000000002,74.7,80,47.917858,-3.434771
2024-07-23T09:55:03+00:00,166,11.4192,74.7,80,47.917888,-3.434757
2024-07-23T09:55:04+00:00,166,11.534400000000002,74.8,80,47.917913,-3.434743
2024-07-23T09:55:05+00:00,166,11.721599999999999,74.8,80,47.91794,-3.434731
2024-07-23T09:55:06+00:00,166,11.412,74.8,80,47.917967,-3.434718
2024-07-23T09:55:07+00:00,166,11.620800000000001,74.9,81,47.917989,-3.434706
2024-07-23T09:55:08+00:00,165,11.5272,74.9,81,47.918013,-3.434696
2024-07-23T09:55:09+00:00,165,10.7208,75.0,81,47.918037,-3.434684
2024-07-23T09:55:10+00:00,164,10.476,75.0,81,47.91806,-3.434673
2024-07-23T09:55:11+00:00,163,10.08,75.0,81,47.918084,-3.43466
2024-07-23T09:55:12+00:00,161,9.4248,75.1,81,47.91811,-3.434647
2024-07-23T09:55:13+00:00,161,9.5976,75.1,81,47.918136,-3.434639
2024-07-23T09:55:14+00:00,161,9.604800000000001,75.2,81,47.918169,-3.434628
2024-07-23T09:55:15+00:00,161,10.5552,75.2,81,47.918197,-3.434614
2024-07-23T09:55:16+00:00,161,11.1456,75.3,82,47.918225,-3.434604
2024-07-23T09:55:17+00:00,161,11.721599999999999,75.3,83,47.918254,-3.434591
2024-07-23T09:55:18+00:00,161,12.1104,75.4,83,47.918281,-3.434581
2024-07-23T09:55:19+00:00,161,12.3336,75.4,83,47.918307,-3.434575
2024-07-23T09:55:20+00:00,161,11.635200000000001,75.5,82,47.918335,-3.434563
2024-07-23T09:55:21+00:00,161,11.520000000000001,75.5,82,47.918363,-3.434553
2024-07-23T09:55:22+00:00,160,11.2536,75.6,82,47.918395,-3.434543
2024-07-23T09:55:23+00:00,160,11.4768,75.7,82,47.918424,-3.434532
2024-07-23T09:55:24+00:00,160,11.8584,75.7,82,47.91845,-3.434525
2024-07-23T09:55:25+00:00,160,11.8152,75.8,82,47.91848,-3.434519
2024-07-23T09:55:26+00:00,160,11.8944,75.8,81,47.918507,-3.43451
2024-07-23T09:55:27+00:00,160,12.0816,75.9,81,47.918535,-3.434504
2024-07-23T09:55:28+00:00,160,11.5992,76.0,81,47.918564,-3.434499
2024-07-23T09:55:29+00:00,160,11.548800000000002,76.0,81,47.918589,-3.434493
2024-07-23T09:55:30+00:00,161,11.376000000000001,76.1,81,47.918615,-3.434493
2024-07-23T09:55:31+00:00,161,11.34,76.1,81,47.918641,-3.434489
2024-07-23T09:55:32+00:00,162,10.8072,76.2,81,47.918663,-3.434489
2024-07-23T09:55:33+00:00,162,10.375200000000001,76.3,81,47.91869,-3.434484
2024-07-23T09:55:34+00:00,162,10.087200000000001,76.3,81,47.918717,-3.434479
2024-07-23T09:55:35+00:00,162,10.267199999999999,76.4,82,47.91874,-3.434477
2024-07-23T09:55:36+00:00,161,9.612,76.4,82,47.918769,-3.434478
2024-07-23T09:55:37+00:00,161,10.4616,76.5,82,47.918793,-3.434477
2024-07-23T09:55:38+00:00,161,10.476,76.6,81,47.918817,-3.434478
2024-07-23T09:55:39+00:00,161,10.0728,76.6,81,47.918843,-3.434481
2024-07-23T09:55:40+00:00,161,10.0656,76.7,81,47.918867,-3.434485
2024-07-23T09:55:41+00:00,161,10.2816,76.8,81,47.918893,-3.434486
2024-07-23T09:55:42+00:00,161,9.7344,76.9,81,47.91892,-3.434483
2024-07-23T09:55:43+00:00,162,10.0152,76.9,81,47.918945,-3.434483
2024-07-23T09:55:44+00:00,163,10.360800000000001,77.0,81,47.918972,-3.434481
2024-07-23T09:55:45+00:00,164,10.6416,77.1,82,47.918995,-3.434478
2024-07-23T09:55:46+00:00,165,10.3824,77.2,82,47.91902,-3.43448
2024-07-23T09:55:47+00:00,165,10.0368,77.3,81,47.91905,-3.434482
2024-07-23T09:55:48+00:00,165,10.4472,77.4,81,47.919076,-3.434479
2024-07-23T09:55:49+00:00,165,10.224,77.5,81,47.919104,-3.434477
2024-07-23T09:55:50+00:00,165,9.943200000000001,77.6,81,47.919136,-3.434473
2024-07-23T09:55:51+00:00,165,11.3472,77.7,81,47.919162,-3.434469
2024-07-23T09:55:52+00:00,165,11.635200000000001,77.8,81,47.919188,-3.434466
2024-07-23T09:55:53+00:00,165,11.0016,77.9,80,47.919217,-3.434464
2024-07-23T09:55:54+00:00,165,11.5632,78.0,80,47.919242,-3.43446
2024-07-23T09:55:55+00:00,165,11.4552,78.2,81,47.919269,-3.434464
2024-07-23T09:55:56+00:00,165,10.3392,78.3,81,47.919297,-3.434468
2024-07-23T09:55:57+00:00,165,10.584,78.4,81,47.919322,-3.434472
2024-07-23T09:55:58+00:00,165,10.5408,78.4,81,47.919339,-3.434507
2024-07-23T09:55:59+00:00,165,10.2384,78.4,81,47.919362,-3.434533
2024-07-23T09:56:00+00:00,165,10.404,78.4,81,47.919383,-3.434557
2024-07-23T09:56:01+00:00,165,10.7712,78.4,80,47.919404,-3.434589
2024-07-23T09:56:02+00:00,165,10.879199999999999,78.4,81,47.919421,-3.434627
2024-07-23T09:56:03+00:00,165,11.5992,78.4,81,47.919431,-3.434658
2024-07-23T09:56:04+00:00,166,11.282399999999999,78.3,81,47.91944,-3.434694
2024-07-23T09:56:05+00:00,166,11.1888,78.3,81,47.919448,-3.43473
2024-07-23T09:56:06+00:00,166,10.8936,78.3,80,47.919453,-3.434764
2024-07-23T09:56:07+00:00,166,10.26,78.3,80,47.91946,-3.434807
2024-07-23T09:56:08+00:00,166,10.087200000000001,78.2,80,47.919459,-3.434858
2024-07-23T09:56:09+00:00,166,10.879199999999999,78.2,80,47.919461,-3.434894
2024-07-23T09:56:10+00:00,166,10.8072,78.2,80,47.919465,-3.434932
2024-07-23T09:56:11+00:00,166,10.828800000000001,78.1,79,47.919469,-3.434976
2024-07-23T09:56:12+00:00,166,11.3976,78.1,79,47.919473,-3.435015
2024-07-23T09:56:13+00:00,166,11.0448,78.0,79,47.919475,-3.435056
2024-07-23T09:56:14+00:00,166,10.648800000000001,78.0,79,47.919481,-3.435099
2024-07-23T09:56:15+00:00,166,11.0232,77.9,79,47.919487,-3.435138
2024-07-23T09:56:16+00:00,166,11.1456,77.9,79,47.919488,-3.435174
2024-07-23T09:56:17+00:00,165,10.749600000000001,77.9,78,47.919492,-3.435215
2024-07-23T09:56:18+00:00,164,11.1816,77.8,78,47.91949,-3.435257
2024-07-23T09:56:19+00:00,164,11.0592,77.8,78,47.919491,-3.435295
2024-07-23T09:56:20+00:00,164,10.764000000000001,77.8,78,47.919494,-3.435338
2024-07-23T09:56:21+00:00,164,11.0952,77.8,79,47.919499,-3.435378
2024-07-23T09:56:22+00:00,164,11.268,77.8,79,47.9195,-3.435418
2024-07-23T09:56:23+00:00,165,11.008799999999999,77.8,79,47.919499,-3.435458
2024-07-23T09:56:24+00:00,165,10.9368,77.8,79,47.919501,-3.435497
2024-07-23T09:56:25+00:00,165,10.9296,77.8,79,47.919501,-3.435535
2024-07-23T09:56:26+00:00,165,10.656,77.8,79,47.919498,-3.435576
2024-07-23T09:56:27+00:00,164,10.5624,77.9,79,47.919497,-3.435617
2024-07-23T09:56:28+00:00,164,10.663200000000002,77.9,79,47.919494,-3.435653
2024-07-23T09:56:29+00:00,164,10.4832,77.9,79,47.919489,-3.435695
2024-07-23T09:56:30+00:00,164,10.7064,78.0,79,47.919488,-3.435738
2024-07-23T09:56:31+00:00,164,10.836,78.0,79,47.919486,-3.435775
2024-07-23T09:56:32+00:00,164,10.8,78.0,79,47.919483,-3.435813
2024-07-23T09:56:33+00:00,163,10.6272,78.1,79,47.919479,-3.435852
2024-07-23T09:56:34+00:00,163,10.764000000000001,78.1,79,47.919475,-3.435887
2024-07-23T09:56:35+00:00,163,10.4112,78.2,79,47.91947,-3.435925
2024-07-23T09:56:36+00:00,163,10.2528,78.2,79,47.919468,-3.435965
2024-07-23T09:56:37+00:00,163,10.4472,78.3,79,47.919466,-3.436001
2024-07-23T09:56:38+00:00,162,10.216800000000001,78.4,79,47.919462,-3.436038
2024-07-23T09:56:39+00:00,162,10.224,78.5,80,47.91946,-3.43608
2024-07-23T09:56:40+00:00,162,10.5912,78.6,80,47.919454,-3.43612
2024-07-23T09:56:41+00:00,162,10.5768,78.7,80,47.919448,-3.436159
2024-07-23T09:56:42+00:00,161,10.5696,78.8,79,47.919439,-3.436194
2024-07-23T09:56:43+00:00,161,10.6992,78.9,79,47.919432,-3.436228
2024-07-23T09:56:44+00:00,161,10.533600000000002,79.0,79,47.919424,-3.436263
2024-07-23T09:56:45+00:00,160,10.1304,79.1,79,47.919417,-3.436302
2024-07-23T09:56:46+00:00,160,10.26,79.2,79,47.919409,-3.43634
2024-07-23T09:56:47+00:00,160,10.101600000000001,79.4,80,47.919402,-3.436376
2024-07-23T09:56:48+00:00,160,10.224,79.5,80,47.919395,-3.436415
2024-07-23T09:56:49+00:00,159,10.3536,79.6,80,47.919386,-3.436452
2024-07-23T09:56:50+00:00,159,10.4688,79.8,81,47.919377,-3.436488
2024-07-23T09:56:51+00:00,159,10.4256,80.0,81,47.919367,-3.43653
2024-07-23T09:56:52+00:00,160,10.5552,80.1,81,47.919362,-3.436567
2024-07-23T09:56:53+00:00,161,10.512,80.3,81,47.919353,-3.436604
2024-07-23T09:56:54+00:00,162,10.792800000000002,80.4,81,47.919347,-3.436639
2024-07-23T09:56:55+00:00,162,10.7568,80.6,80,47.91934,-3.436675
2024-07-23T09:56:56+00:00,161,10.533600000000002,80.8,80,47.919333,-3.436711
2024-07-23T09:56:57+00:00,161,10.375200000000001,81.0,79,47.919325,-3.436747
2024-07-23T09:56:58+00:00,161,10.224,81.1,80,47.919318,-3.436778
2024-07-23T09:56:59+00:00,161,9.7848,81.3,80,47.919308,-3.436814
2024-07-23T09:57:00+00:00,161,9.9216,81.5,80,47.919299,-3.436848
2024-07-23T09:57:01+00:00,162,9.9504,81.6,80,47.919289,-3.436877
2024-07-23T09:57:02+00:00,162,9.7848,81.8,81,47.91928,-3.436911
2024-07-23T09:57:03+00:00,163,9.6696,81.9,81,47.919272,-3.436949
2024-07-23T09:57:04+00:00,165,9.813600000000001,82.1,81,47.919261,-3.436984
2024-07-23T09:57:05+00:00,166,9.72,82.3,81,47.919253,-3.437022
2024-07-23T09:57:06+00:00,166,9.9864,82.4,81,47.919247,-3.43706
2024-07-23T09:57:07+00:00,166,10.332,82.6,80,47.91924,-3.437091
2024-07-23T09:57:08+00:00,167,10.2888,82.7,80,47.919234,-3.437123
2024-07-23T09:57:09+00:00,168,9.936,82.8,80,47.919225,-3.437159
2024-07-23T09:57:10+00:00,168,9.8856,82.9,80,47.91921,-3.437192
2024-07-23T09:57:11+00:00,168,9.813600000000001,83.0,80,47.919198,-3.437225
2024-07-23T09:57:12+00:00,168,9.8208,83.0,80,47.919189,-3.437257
2024-07-23T09:57:13+00:00,168,9.6984,83.1,80,47.919177,-3.437288
2024-07-23T09:57:14+00:00,168,10.0368,83.1,80,47.919166,-3.437323
2024-07-23T09:57:15+00:00,168,10.2384,83.1,79,47.919157,-3.437356
2024-07-23T09:57:16+00:00,168,9.7704,83.1,79,47.919149,-3.437389
2024-07-23T09:57:17+00:00,168,9.2592,83.1,79,47.919137,-3.437429
2024-07-23T09:57:18+00:00,167,9.993599999999999,83.0,80,47.919127,-3.437471
2024-07-23T09:57:19+00:00,167,10.404,82.9,79,47.919119,-3.43751
2024-07-23T09:57:20+00:00,167,10.5264,82.9,79,47.919112,-3.437544
2024-07-23T09:57:21+00:00,167,10.872,82.8,79,47.919102,-3.43758
2024-07-23T09:57:22+00:00,167,11.2392,82.6,79,47.919095,-3.437617
2024-07-23T09:57:23+00:00,167,10.814400000000001,82.5,79,47.919087,-3.437648
2024-07-23T09:57:24+00:00,167,10.231200000000001,82.4,79,47.919078,-3.437684
2024-07-23T09:57:25+00:00,167,9.9072,82.2,79,47.919071,-3.437721
2024-07-23T09:57:26+00:00,167,9.9,82.0,78,47.919063,-3.437755
2024-07-23T09:57:27+00:00,167,9.763200000000001,81.8,78,47.919052,-3.437791
2024-07-23T09:57:28+00:00,167,9.8496,81.6,78,47.919043,-3.437828
2024-07-23T09:57:29+00:00,167,10.0728,81.4,78,47.919032,-3.437862
2024-07-23T09:57:30+00:00,167,10.2096,81.2,78,47.919022,-3.4379
2024-07-23T09:57:31+00:00,167,10.4184,81.0,78,47.919013,-3.43794
2024-07-23T09:57:32+00:00,167,10.7208,80.7,78,47.919006,-3.437977
2024-07-23T09:57:33+00:00,166,10.814400000000001,80.5,79,47.918996,-3.438011
2024-07-23T09:57:34+00:00,166,10.764000000000001,80.3,79,47.918986,-3.438052
2024-07-23T09:57:35+00:00,166,10.814400000000001,80.0,79,47.918976,-3.438089
2024-07-23T09:57:36+00:00,166,10.7208,79.8,78,47.918966,-3.438128
2024-07-23T09:57:37+00:00,166,10.7352,79.5,78,47.918958,-3.438168
2024-07-23T09:57:38+00:00,165,10.9296,79.3,78,47.918951,-3.438207
2024-07-23T09:57:39+00:00,165,10.994399999999999,79.1,78,47.91894,-3.438246
2024-07-23T09:57:40+00:00,165,11.016,78.8,78,47.918925,-3.438294
2024-07-23T09:57:41+00:00,164,11.959200000000001,78.5,78,47.918916,-3.438335
2024-07-23T09:57:42+00:00,164,11.952,78.4,77,47.918906,-3.438366
2024-07-23T09:57:43+00:00,163,11.3256,78.2,77,47.918891,-3.438404
2024-07-23T09:57:44+00:00,163,11.649600000000001,78.0,77,47.918884,-3.438446
2024-07-23T09:57:45+00:00,163,11.879999999999999,77.8,77,47.918874,-3.438482
2024-07-23T09:57:46+00:00,163,10.879199999999999,77.6,77,47.918862,-3.438514
2024-07-23T09:57:47+00:00,163,10.533600000000002,77.5,78,47.918848,-3.438554
2024-07-23T09:57:48+00:00,162,11.217600000000001,77.3,77,47.91884,-3.438592
2024-07-23T09:57:49+00:00,161,11.008799999999999,77.2,77,47.918827,-3.438628
2024-07-23T09:57:50+00:00,161,10.7856,77.1,77,47.918814,-3.438667
2024-07-23T09:57:51+00:00,160,10.9512,77.0,77,47.918801,-3.438707
2024-07-23T09:57:52+00:00,160,11.3184,76.9,78,47.918785,-3.438743
2024-07-23T09:57:53+00:00,160,11.268,76.9,78,47.918767,-3.438782
2024-07-23T09:57:54+00:00,160,11.700000000000001,76.8,79,47.918751,-3.438816
2024-07-23T09:57:55+00:00,160,11.879999999999999,76.8,79,47.918734,-3.438849
2024-07-23T09:57:56+00:00,160,11.7288,76.8,79,47.91872,-3.438881
2024-07-23T09:57:57+00:00,160,11.628,76.8,79,47.918705,-3.438918
2024-07-23T09:57:58+00:00,160,11.4264,76.8,79,47.91869,-3.438951
2024-07-23T09:57:59+00:00,160,10.98,76.8,78,47.918673,-3.438982
2024-07-23T09:58:00+00:00,160,10.814400000000001,76.8,78,47.918656,-3.439016
2024-07-23T09:58:01+00:00,160,11.0016,76.8,78,47.91864,-3.439046
2024-07-23T09:58:02+00:00,160,10.7712,76.8,78,47.918622,-3.439076
2024-07-23T09:58:03+00:00,159,10.908,76.8,78,47.918606,-3.439109
2024-07-23T09:58:04+00:00,159,10.994399999999999,76.8,78,47.918592,-3.439139
2024-07-23T09:58:05+00:00,158,10.7208,76.8,78,47.918577,-3.439162
2024-07-23T09:58:06+00:00,157,10.1592,76.8,78,47.918559,-3.439197
2024-07-23T09:58:07+00:00,157,10.4544,76.9,78,47.918545,-3.439228
2024-07-23T09:58:08+00:00,157,10.2024,76.9,79,47.918529,-3.439255
2024-07-23T09:58:09+00:00,156,9.9072,76.9,79,47.918511,-3.439289
2024-07-23T09:58:10+00:00,156,10.2096,76.9,79,47.918497,-3.439322
2024-07-23T09:58:11+00:00,155,10.620000000000001,76.9,79,47.91848,-3.439354
2024-07-23T09:58:12+00:00,155,10.533600000000002,76.9,79,47.918463,-3.439388
2024-07-23T09:58:13+00:00,155,10.7856,76.9,79,47.918449,-3.439422
2024-07-23T09:58:14+00:00,156,10.98,76.8,79,47.918431,-3.439451
2024-07-23T09:58:15+00:00,156,10.836,76.8,79,47.918413,-3.439486
2024-07-23T09:58:16+00:00,157,11.16,76.8,79,47.918398,-3.439518
2024-07-23T09:58:17+00:00,157,11.1312,76.8,79,47.918381,-3.439546
2024-07-23T09:58:18+00:00,158,10.7856,76.7,79,47.918365,-3.43958
2024-07-23T09:58:19+00:00,159,10.8936,76.7,79,47.918346,-3.439614
2024-07-23T09:58:20+00:00,159,11.1816,76.6,79,47.91833,-3.43964
2024-07-23T09:58:21+00:00,160,10.6704,76.6,79,47.918314,-3.439669
2024-07-23T09:58:22+00:00,160,10.5552,76.5,79,47.9183,-3.439697
2024-07-23T09:58:23+00:00,161,10.4256,76.5,80,47.918282,-3.439723
2024-07-23T09:58:24+00:00,162,10.188,76.4,80,47.918265,-3.439756
2024-07-23T09:58:25+00:00,163,10.087200000000001,76.4,80,47.91825,-3.439788
2024-07-23T09:58:26+00:00,163,10.0584,76.3,80,47.918233,-3.439819
2024-07-23T09:58:27+00:00,164,10.2888,76.2,80,47.918216,-3.439852
2024-07-23T09:58:28+00:00,164,10.7568,76.2,79,47.918201,-3.439884
2024-07-23T09:58:29+00:00,164,10.814400000000001,76.1,79,47.918186,-3.439913
2024-07-23T09:58:30+00:00,164,10.490400000000001,76.0,79,47.918169,-3.439945
2024-07-23T09:58:31+00:00,165,10.6416,76.0,78,47.918154,-3.439982
2024-07-23T09:58:32+00:00,165,10.692,75.9,78,47.918138,-3.440016
2024-07-23T09:58:33+00:00,165,10.6272,75.9,78,47.918121,-3.44005
2024-07-23T09:58:34+00:00,165,10.8576,75.8,78,47.918105,-3.440085
2024-07-23T09:58:35+00:00,165,11.34,75.7,79,47.918092,-3.440116
2024-07-23T09:58:36+00:00,165,11.2104,75.7,79,47.918075,-3.440147
2024-07-23T09:58:37+00:00,164,11.0664,75.6,79,47.918061,-3.440181
2024-07-23T09:58:38+00:00,164,10.9152,75.6,79,47.918048,-3.440216
2024-07-23T09:58:39+00:00,163,10.7064,75.5,79,47.918032,-3.440248
2024-07-23T09:58:40+00:00,162,10.368,75.5,78,47.918015,-3.440287
2024-07-23T09:58:41+00:00,161,10.908,75.4,78,47.918,-3.440322
2024-07-23T09:58:42+00:00,160,11.008799999999999,75.4,78,47.917983,-3.440351
2024-07-23T09:58:43+00:00,160,11.0664,75.4,78,47.917968,-3.440388
2024-07-23T09:58:44+00:00,159,11.3472,75.4,78,47.917955,-3.440425
2024-07-23T09:58:45+00:00,159,11.491200000000001,75.4,78,47.91794,-3.44046
2024-07-23T09:58:46+00:00,159,11.2104,75.4,79,47.917925,-3.440496
2024-07-23T09:58:47+00:00,159,11.3112,75.3,79,47.917913,-3.440528
2024-07-23T09:58:48+00:00,159,11.2032,75.3,79,47.917899,-3.440559
2024-07-23T09:58:49+00:00,158,10.778400000000001,75.3,81,47.917884,-3.440596
2024-07-23T09:58:50+00:00,158,10.8936,75.3,81,47.917871,-3.440629
2024-07-23T09:58:51+00:00,158,10.7424,75.4,81,47.917856,-3.440662
2024-07-23T09:58:52+00:00,158,10.5696,75.4,81,47.917843,-3.440697
2024-07-23T09:58:53+00:00,158,10.684800000000001,75.4,81,47.917831,-3.440731
2024-07-23T09:58:54+00:00,158,10.6992,75.4,80,47.917819,-3.440765
2024-07-23T09:58:55+00:00,159,10.620000000000001,75.4,80,47.917808,-3.440801
2024-07-23T09:58:56+00:00,159,10.5696,75.4,80,47.917797,-3.440836
2024-07-23T09:58:57+00:00,159,10.44,75.4,80,47.917786,-3.440876
2024-07-23T09:58:58+00:00,159,10.6272,75.4,80,47.917776,-3.440913
2024-07-23T09:58:59+00:00,159,10.7352,75.4,81,47.917764,-3.440951
2024-07-23T09:59:00+00:00,159,10.8864,75.4,81,47.917754,-3.44099
2024-07-23T09:59:01+00:00,158,11.102400000000001,75.4,82,47.917743,-3.441023
2024-07-23T09:59:02+00:00,158,10.9656,75.3,82,47.917731,-3.441061
2024-07-23T09:59:03+00:00,158,10.9512,75.3,82,47.917724,-3.4411
2024-07-23T09:59:04+00:00,159,11.0232,75.3,82,47.917716,-3.441134
2024-07-23T09:59:05+00:00,159,10.677600000000002,75.3,83,47.917707,-3.441172
2024-07-23T09:59:06+00:00,159,10.4616,75.3,83,47.917698,-3.441206
2024-07-23T09:59:07+00:00,159,10.6704,75.2,82,47.917688,-3.441248
2024-07-23T09:59:08+00:00,159,10.44,75.2,82,47.917679,-3.441288
2024-07-23T09:59:09+00:00,160,10.6416,75.1,82,47.917668,-3.441327
2024-07-23T09:59:10+00:00,160,10.8576,75.1,82,47.917658,-3.441366
2024-07-23T09:59:11+00:00,160,11.1672,75.1,82,47.917651,-3.441407
2024-07-23T09:59:12+00:00,160,11.196,75.0,84,47.91764,-3.441443
2024-07-23T09:59:13+00:00,160,11.282399999999999,75.0,84,47.917632,-3.441485
2024-07-23T09:59:14+00:00,160,11.2104,74.9,84,47.917623,-3.441525
2024-07-23T09:59:15+00:00,160,11.102400000000001,74.9,82,47.917613,-3.441568
2024-07-23T09:59:16+00:00,160,11.548800000000002,74.8,82,47.917605,-3.441604
2024-07-23T09:59:17+00:00,160,11.2104,74.8,82,47.917597,-3.441641
2024-07-23T09:59:18+00:00,160,11.3472,74.7,82,47.917588,-3.441679
2024-07-23T09:59:19+00:00,160,11.2968,74.7,82,47.917583,-3.441712
2024-07-23T09:59:20+00:00,160,10.648800000000001,74.7,83,47.917573,-3.441752
2024-07-23T09:59:21+00:00,160,10.123199999999999,74.6,83,47.917562,-3.441797
2024-07-23T09:59:22+00:00,160,10.9512,74.5,83,47.917555,-3.441839
2024-07-23T09:59:23+00:00,160,10.8864,74.4,83,47.917547,-3.441881
2024-07-23T09:59:24+00:00,160,11.1672,74.4,82,47.91754,-3.441923
2024-07-23T09:59:25+00:00,161,11.973600000000001,74.3,81,47.917534,-3.441964
2024-07-23T09:59:26+00:00,161,11.8008,74.2,81,47.917526,-3.442008
2024-07-23T09:59:27+00:00,161,11.808,74.1,81,47.91752,-3.442048
2024-07-23T09:59:28+00:00,161,11.721599999999999,74.1,81,47.917514,-3.442085
2024-07-23T09:59:29+00:00,161,11.2752,74.0,81,47.917506,-3.442123
2024-07-23T09:59:30+00:00,162,11.0592,73.9,80,47.917499,-3.442161
2024-07-23T09:59:31+00:00,162,11.0592,73.9,79,47.917492,-3.442198
2024-07-23T09:59:32+00:00,162,10.4688,73.8,79,47.91748,-3.442239
2024-07-23T09:59:33+00:00,162,10.5768,73.7,79,47.917472,-3.442281
2024-07-23T09:59:34+00:00,163,11.0664,73.7,79,47.917464,-3.442318
2024-07-23T09:59:35+00:00,163,10.9872,73.6,80,47.917455,-3.44236
2024-07-23T09:59:36+00:00,163,11.217600000000001,73.6,81,47.917448,-3.442403
2024-07-23T09:59:37+00:00,163,11.376000000000001,73.5,81,47.917439,-3.442444
2024-07-23T09:59:38+00:00,163,11.4264,73.5,81,47.917429,-3.44249
2024-07-23T09:59:39+00:00,163,11.7792,73.4,81,47.917422,-3.44253
2024-07-23T09:59:40+00:00,164,11.988000000000001,73.4,80,47.917415,-3.442569
2024-07-23T09:59:41+00:00,164,11.7936,73.4,80,47.917407,-3.44261
2024-07-23T09:59:42+00:00,163,11.9664,73.3,80,47.917402,-3.442649
2024-07-23T09:59:43+00:00,163,11.6856,73.3,79,47.917396,-3.442689
2024-07-23T09:59:44+00:00,163,11.0016,73.2,79,47.917389,-3.442732
2024-07-23T09:59:45+00:00,163,11.1456,73.1,80,47.917383,-3.442773
2024-07-23T09:59:46+00:00,164,11.196,73.0,80,47.917375,-3.442812
2024-07-23T09:59:47+00:00,164,11.116800000000001,72.9,80,47.917366,-3.442854
2024-07-23T09:59:48+00:00,164,11.5776,72.8,80,47.917359,-3.442892
2024-07-23T09:59:49+00:00,164,11.4624,72.7,80,47.917351,-3.442928
2024-07-23T09:59:50+00:00,164,11.0664,72.7,80,47.917343,-3.442968
2024-07-23T09:59:51+00:00,164,11.304,72.6,80,47.917337,-3.443001
2024-07-23T09:59:52+00:00,164,10.7208,72.6,80,47.917329,-3.443035
2024-07-23T09:59:53+00:00,164,10.2024,72.5,80,47.917321,-3.443075
2024-07-23T09:59:54+00:00,164,10.3104,72.5,80,47.917314,-3.443114
2024-07-23T09:59:55+00:00,164,10.4256,72.4,80,47.917308,-3.44315
2024-07-23T09:59:56+00:00,164,10.0008,72.4,80,47.917301,-3.443189
2024-07-23T09:59:57+00:00,164,10.5624,72.4,80,47.917295,-3.443228
2024-07-23T09:59:58+00:00,164,10.519200000000001,72.3,80,47.917285,-3.44327
2024-07-23T09:59:59+00:00,164,10.6992,72.3,80,47.917278,-3.443314
2024-07-23T10:00:00+00:00,164,11.138399999999999,72.3,80,47.91727,-3.443351
2024-07-23T10:00:01+00:00,164,11.217600000000001,72.3,81,47.917261,-3.44339
2024-07-23T10:00:02+00:00,164,11.1456,72.3,81,47.917255,-3.443431
2024-07-23T10:00:03+00:00,164,11.505600000000001,72.3,81,47.917247,-3.443471
2024-07-23T10:00:04+00:00,164,11.376000000000001,72.3,81,47.91724,-3.443512
2024-07-23T10:00:05+00:00,164,11.124,72.3,81,47.917236,-3.443554
2024-07-23T10:00:06+00:00,164,11.34,72.3,81,47.917228,-3.443594
2024-07-23T10:00:07+00:00,164,11.3976,72.3,81,47.917223,-3.443634
2024-07-23T10:00:08+00:00,164,11.3472,72.3,81,47.91722,-3.443674
2024-07-23T10:00:09+00:00,164,11.34,72.3,81,47.917212,-3.443715
2024-07-23T10:00:10+00:00,164,11.116800000000001,72.3,81,47.917204,-3.443755
2024-07-23T10:00:11+00:00,164,11.088000000000001,72.3,81,47.9172,-3.443793
2024-07-23T10:00:12+00:00,164,10.8864,72.3,81,47.917192,-3.443832
2024-07-23T10:00:13+00:00,164,10.828800000000001,72.4,81,47.917184,-3.443873
2024-07-23T10:00:14+00:00,164,10.879199999999999,72.4,81,47.917177,-3.443906
2024-07-23T10:00:15+00:00,164,10.634400000000001,72.5,81,47.917167,-3.44395
2024-07-23T10:00:16+00:00,164,10.8,72.5,81,47.917158,-3.443993
2024-07-23T10:00:17+00:00,164,11.2896,72.6,81,47.917148,-3.444029
2024-07-23T10:00:18+00:00,163,11.2032,72.6,82,47.917139,-3.444068
2024-07-23T10:00:19+00:00,163,11.1816,72.7,82,47.917132,-3.444105
2024-07-23T10:00:20+00:00,163,11.3472,72.8,82,47.917121,-3.444141
2024-07-23T10:00:21+00:00,164,11.0016,72.8,82,47.917111,-3.444181
2024-07-23T10:00:22+00:00,164,10.728,72.9,82,47.917101,-3.444216
2024-07-23T10:00:23+00:00,164,10.656,73.0,82,47.917091,-3.444258
2024-07-23T10:00:24+00:00,165,11.016,73.0,82,47.917079,-3.4443
2024-07-23T10:00:25+00:00,166,11.304,73.1,82,47.917066,-3.444337
2024-07-23T10:00:26+00:00,166,11.5128,73.2,82,47.917055,-3.444376
2024-07-23T10:00:27+00:00,166,11.5128,73.3,82,47.917047,-3.444416
2024-07-23T10:00:28+00:00,167,11.7144,73.3,83,47.917035,-3.444454
2024-07-23T10:00:29+00:00,167,11.3976,73.4,83,47.917025,-3.444494
2024-07-23T10:00:30+00:00,167,11.4624,73.5,83,47.917016,-3.44453
2024-07-23T10:00:31+00:00,167,11.232000000000001,73.6,83,47.917005,-3.444565
2024-07-23T10:00:32+00:00,167,11.1744,73.7,83,47.916997,-3.444602
2024-07-23T10:00:33+00:00,167,10.9872,73.7,82,47.916986,-3.444633
2024-07-23T10:00:34+00:00,167,10.4616,73.8,82,47.916974,-3.44467
2024-07-23T10:00:35+00:00,167,10.231200000000001,73.9,82,47.916964,-3.444704
2024-07-23T10:00:36+00:00,167,10.1736,74.0,81,47.91695,-3.444737
2024-07-23T10:00:37+00:00,167,10.0008,74.1,81,47.916936,-3.444773
2024-07-23T10:00:38+00:00,167,10.152,74.2,81,47.916923,-3.444808
2024-07-23T10:00:39+00:00,167,10.512,74.3,82,47.916909,-3.444849
2024-07-23T10:00:40+00:00,167,10.9008,74.5,82,47.916898,-3.44489
2024-07-23T10:00:41+00:00,167,11.268,74.6,82,47.916884,-3.444924
2024-07-23T10:00:42+00:00,167,11.4552,74.7,83,47.916872,-3.44496
2024-07-23T10:00:43+00:00,166,11.4624,74.8,83,47.91686,-3.444992
2024-07-23T10:00:44+00:00,166,11.196,74.9,83,47.916845,-3.445022
2024-07-23T10:00:45+00:00,166,10.749600000000001,75.0,83,47.916832,-3.445053
2024-07-23T10:00:46+00:00,166,10.3392,75.1,83,47.916818,-3.445084
2024-07-23T10:00:47+00:00,166,10.101600000000001,75.2,81,47.916801,-3.445118
2024-07-23T10:00:48+00:00,166,10.137599999999999,75.3,81,47.916789,-3.445149
2024-07-23T10:00:49+00:00,166,10.1736,75.4,82,47.916774,-3.445181
2024-07-23T10:00:50+00:00,165,10.2384,75.4,82,47.916759,-3.445214
2024-07-23T10:00:51+00:00,165,10.4976,75.5,83,47.916746,-3.445245
2024-07-23T10:00:52+00:00,165,10.3968,75.6,84,47.916731,-3.445276
2024-07-23T10:00:53+00:00,166,10.296,75.7,84,47.916717,-3.445307
2024-07-23T10:00:54+00:00,166,10.296,75.8,83,47.916701,-3.445338
2024-07-23T10:00:55+00:00,166,10.2816,75.9,83,47.916686,-3.445368
2024-07-23T10:00:56+00:00,166,10.1664,76.0,82,47.916673,-3.4454
2024-07-23T10:00:57+00:00,166,10.0512,76.1,82,47.916656,-3.44543
2024-07-23T10:00:58+00:00,166,10.123199999999999,76.2,82,47.916641,-3.445463
2024-07-23T10:00:59+00:00,166,10.4112,76.2,82,47.916629,-3.445496
2024-07-23T10:01:00+00:00,166,10.26,76.3,82,47.916614,-3.445526
2024-07-23T10:01:01+00:00,166,10.137599999999999,76.4,82,47.9166,-3.44556
2024-07-23T10:01:02+00:00,166,10.4544,76.5,82,47.916583,-3.445591
2024-07-23T10:01:03+00:00,166,10.3968,76.6,82,47.916567,-3.445626
2024-07-23T10:01:04+00:00,166,10.4688,76.7,82,47.916553,-3.445661
2024-07-23T10:01:05+00:00,166,10.7064,76.8,82,47.916537,-3.445692
2024-07-23T10:01:06+00:00,166,10.792800000000002,76.8,83,47.91652,-3.445728
2024-07-23T10:01:07+00:00,166,11.0664,76.9,83,47.916506,-3.445761
2024-07-23T10:01:08+00:00,167,11.0808,77.0,82,47.91649,-3.445791
2024-07-23T10:01:09+00:00,167,10.8864,77.0,82,47.916476,-3.445825
2024-07-23T10:01:10+00:00,167,10.8216,77.1,82,47.916462,-3.445857
2024-07-23T10:01:11+00:00,168,10.814400000000001,77.1,81,47.916447,-3.445889
2024-07-23T10:01:12+00:00,168,10.548,77.2,81,47.916432,-3.445923
2024-07-23T10:01:13+00:00,168,10.504800000000001,77.2,81,47.916416,-3.445953
2024-07-23T10:01:14+00:00,167,10.4832,77.3,81,47.916403,-3.445986
2024-07-23T10:01:15+00:00,167,10.634400000000001,77.3,81,47.916391,-3.446018
2024-07-23T10:01:16+00:00,167,10.4616,77.3,81,47.916376,-3.44605
2024-07-23T10:01:17+00:00,167,10.4328,77.4,81,47.916364,-3.446084
2024-07-23T10:01:18+00:00,167,10.3176,77.4,81,47.916353,-3.44612
2024-07-23T10:01:19+00:00,167,10.2096,77.4,82,47.916339,-3.446157
2024-07-23T10:01:20+00:00,167,10.346400000000001,77.4,82,47.916327,-3.446194
2024-07-23T10:01:21+00:00,167,10.6128,77.4,82,47.916315,-3.446226
2024-07-23T10:01:22+00:00,168,10.5264,77.5,82,47.9163,-3.446265
2024-07-23T10:01:23+00:00,168,10.944,77.5,81,47.91629,-3.446306
2024-07-23T10:01:24+00:00,169,11.217600000000001,77.5,81,47.916279,-3.446342
2024-07-23T10:01:25+00:00,169,11.0736,77.5,81,47.916267,-3.44638
2024-07-23T10:01:26+00:00,169,11.2392,77.5,81,47.916257,-3.446417
2024-07-23T10:01:27+00:00,170,11.2392,77.5,81,47.916247,-3.446453
2024-07-23T10:01:28+00:00,170,10.9368,77.5,81,47.916236,-3.446496
2024-07-23T10:01:29+00:00,170,11.2896,77.5,81,47.916227,-3.446536
2024-07-23T10:01:30+00:00,170,11.34,77.5,80,47.916216,-3.446569
2024-07-23T10:01:31+00:00,170,11.016,77.5,80,47.916207,-3.446607
2024-07-23T10:01:32+00:00,170,11.390400000000001,77.5,80,47.9162,-3.446641
2024-07-23T10:01:33+00:00,170,10.944,77.5,80,47.916189,-3.446675
2024-07-23T10:01:34+00:00,170,10.3392,77.5,80,47.91618,-3.446714
2024-07-23T10:01:35+00:00,170,10.2384,77.5,80,47.916171,-3.446748
2024-07-23T10:01:36+00:00,170,10.216800000000001,77.6,81,47.91616,-3.446786
2024-07-23T10:01:37+00:00,170,10.0296,77.6,81,47.916152,-3.446825
2024-07-23T10:01:38+00:00,170,10.4616,77.6,82,47.916142,-3.44686
2024-07-23T10:01:39+00:00,170,10.548,77.6,82,47.91613,-3.446905
2024-07-23T10:01:40+00:00,170,10.9296,77.6,82,47.916121,-3.446945
2024-07-23T10:01:41+00:00,170,11.232000000000001,77.6,80,47.916112,-3.446982
2024-07-23T10:01:42+00:00,170,11.3832,77.6,80,47.916104,-3.44702
2024-07-23T10:01:43+00:00,170,11.390400000000001,77.7,80,47.916097,-3.447058
2024-07-23T10:01:44+00:00,170,11.304,77.7,80,47.916089,-3.447094
2024-07-23T10:01:45+00:00,170,10.792800000000002,77.7,81,47.916078,-3.447135
2024-07-23T10:01:46+00:00,170,10.9368,77.7,81,47.916071,-3.447169
2024-07-23T10:01:47+00:00,170,10.476,77.7,81,47.916063,-3.447206
2024-07-23T10:01:48+00:00,170,10.245600000000001,77.7,80,47.916058,-3.447243
2024-07-23T10:01:49+00:00,170,10.3392,77.7,80,47.916049,-3.44728
2024-07-23T10:01:50+00:00,170,10.389600000000002,77.7,80,47.916039,-3.447319
2024-07-23T10:01:51+00:00,170,10.2384,77.7,81,47.91603,-3.44736
2024-07-23T10:01:52+00:00,170,10.663200000000002,77.7,82,47.916022,-3.447396
2024-07-23T10:01:53+00:00,170,10.9008,77.7,82,47.916012,-3.447435
2024-07-23T10:01:54+00:00,170,11.246400000000001,77.7,82,47.916003,-3.447472
2024-07-23T10:01:55+00:00,170,11.016,77.6,83,47.915994,-3.447509
2024-07-23T10:01:56+00:00,170,10.8576,77.6,81,47.915984,-3.44755
2024-07-23T10:01:57+00:00,170,11.0376,77.6,81,47.915976,-3.447586
2024-07-23T10:01:58+00:00,170,10.8864,77.6,80,47.915965,-3.447621
2024-07-23T10:01:59+00:00,170,10.512,77.6,80,47.915955,-3.447661
2024-07-23T10:02:00+00:00,170,10.9512,77.5,80,47.915946,-3.447698
2024-07-23T10:02:01+00:00,169,10.879199999999999,77.5,81,47.915934,-3.447739
2024-07-23T10:02:02+00:00,169,10.7712,77.5,81,47.915924,-3.447778
2024-07-23T10:02:03+00:00,168,11.0232,77.4,81,47.915913,-3.447814
2024-07-23T10:02:04+00:00,168,11.102400000000001,77.4,81,47.9159,-3.447855
2024-07-23T10:02:05+00:00,168,11.404800000000002,77.3,82,47.915894,-3.447896
2024-07-23T10:02:06+00:00,168,11.4264,77.3,82,47.915886,-3.447933
2024-07-23T10:02:07+00:00,168,11.116800000000001,77.3,81,47.915875,-3.447975
2024-07-23T10:02:08+00:00,168,11.3184,77.2,81,47.915866,-3.448016
2024-07-23T10:02:09+00:00,168,11.5848,77.2,81,47.915857,-3.448053
2024-07-23T10:02:10+00:00,168,11.0808,77.1,81,47.915844,-3.448092
2024-07-23T10:02:11+00:00,168,11.34,77.1,80,47.915834,-3.448131
2024-07-23T10:02:12+00:00,168,11.620800000000001,77.1,80,47.915826,-3.448168
2024-07-23T10:02:13+00:00,167,11.282399999999999,77.0,79,47.915814,-3.448203
2024-07-23T10:02:14+00:00,167,10.994399999999999,77.0,78,47.915807,-3.448238
2024-07-23T10:02:15+00:00,166,10.8864,77.0,78,47.9158,-3.448277
2024-07-23T10:02:16+00:00,166,10.5768,76.9,77,47.915792,-3.448312
2024-07-23T10:02:17+00:00,166,10.3032,76.8,78,47.915784,-3.44835
2024-07-23T10:02:18+00:00,166,10.4472,76.8,78,47.915776,-3.448386
2024-07-23T10:02:19+00:00,167,10.3248,76.7,78,47.915766,-3.44842
2024-07-23T10:02:20+00:00,167,10.1736,76.6,78,47.915757,-3.448456
2024-07-23T10:02:21+00:00,167,10.368,76.5,80,47.915748,-3.448492
2024-07-23T10:02:22+00:00,167,10.2888,76.4,80,47.915737,-3.448527
2024-07-23T10:02:23+00:00,167,10.08,76.3,80,47.915727,-3.448567
2024-07-23T10:02:24+00:00,167,10.4256,76.2,80,47.915719,-3.448607
2024-07-23T10:02:25+00:00,167,10.7064,76.1,79,47.915711,-3.448646
2024-07-23T10:02:26+00:00,167,10.728,76.0,79,47.915702,-3.448683
2024-07-23T10:02:27+00:00,167,10.9512,75.9,79,47.915695,-3.44872
2024-07-23T10:02:28+00:00,167,10.9008,75.8,80,47.915685,-3.448756
2024-07-23T10:02:29+00:00,167,10.6704,75.7,80,47.915677,-3.448795
2024-07-23T10:02:30+00:00,167,10.9152,75.6,80,47.915669,-3.448831
2024-07-23T10:02:31+00:00,167,10.4688,75.5,81,47.915659,-3.448867
2024-07-23T10:02:32+00:00,167,10.389600000000002,75.3,81,47.915649,-3.448908
2024-07-23T10:02:33+00:00,167,10.778400000000001,75.2,80,47.91564,-3.448944
2024-07-23T10:02:34+00:00,167,10.749600000000001,75.1,79,47.91563,-3.44898
2024-07-23T10:02:35+00:00,167,10.476,75.0,79,47.91562,-3.44902
2024-07-23T10:02:36+00:00,167,11.0808,74.8,80,47.915611,-3.449057
2024-07-23T10:02:37+00:00,167,10.9368,74.7,80,47.915601,-3.449093
2024-07-23T10:02:38+00:00,167,10.7424,74.6,80,47.915592,-3.449131
2024-07-23T10:02:39+00:00,167,10.9008,74.5,79,47.915584,-3.44917
2024-07-23T10:02:40+00:00,167,10.908,74.4,79,47.915573,-3.449208
2024-07-23T10:02:41+00:00,167,10.6992,74.3,79,47.915568,-3.449244
2024-07-23T10:02:42+00:00,167,10.864799999999999,74.3,79,47.915562,-3.449281
2024-07-23T10:02:43+00:00,167,10.5408,74.2,79,47.915553,-3.449317
2024-07-23T10:02:44+00:00,166,10.3392,74.1,80,47.915546,-3.449356
2024-07-23T10:02:45+00:00,165,10.4112,74.0,80,47.915538,-3.449395
2024-07-23T10:02:46+00:00,164,10.3176,74.0,81,47.915527,-3.449434
2024-07-23T10:02:47+00:00,164,10.4112,73.9,81,47.915518,-3.449474
2024-07-23T10:02:48+00:00,164,11.0808,73.9,81,47.915511,-3.449513
2024-07-23T10:02:49+00:00,165,11.124,73.9,80,47.915502,-3.449548
2024-07-23T10:02:50+00:00,165,11.0448,73.8,80,47.915495,-3.449584
2024-07-23T10:02:51+00:00,165,10.98,73.8,80,47.915488,-3.449621
2024-07-23T10:02:52+00:00,165,10.5984,73.8,80,47.915477,-3.449658
2024-07-23T10:02:53+00:00,165,10.3104,73.8,80,47.915467,-3.449695
2024-07-23T10:02:54+00:00,165,10.4112,73.8,80,47.91546,-3.44973
2024-07-23T10:02:55+00:00,164,10.2024,73.8,80,47.91545,-3.449763
2024-07-23T10:02:56+00:00,164,10.1952,73.8,80,47.915442,-3.449797
2024-07-23T10:02:57+00:00,164,10.375200000000001,73.8,80,47.915435,-3.449832
2024-07-23T10:02:58+00:00,164,10.0296,73.9,79,47.915426,-3.449865
2024-07-23T10:02:59+00:00,164,9.633600000000001,73.9,79,47.915416,-3.449901
2024-07-23T10:03:00+00:00,164,9.9288,74.0,79,47.915408,-3.449937
2024-07-23T10:03:01+00:00,164,9.878400000000001,74.0,79,47.915398,-3.449973
2024-07-23T10:03:02+00:00,164,9.9648,74.1,80,47.915388,-3.450009
2024-07-23T10:03:03+00:00,163,10.3248,74.1,79,47.915382,-3.450043
2024-07-23T10:03:04+00:00,163,10.519200000000001,74.2,79,47.915375,-3.450078
2024-07-23T10:03:05+00:00,162,10.1808,74.3,79,47.915369,-3.450112
2024-07-23T10:03:06+00:00,162,10.1664,74.4,79,47.915365,-3.450148
2024-07-23T10:03:07+00:00,162,9.8568,74.6,79,47.915355,-3.450186
2024-07-23T10:03:08+00:00,162,9.6768,74.7,80,47.915345,-3.45022
2024-07-23T10:03:09+00:00,162,9.8712,74.8,81,47.915334,-3.450249
2024-07-23T10:03:10+00:00,162,9.806400000000002,74.9,81,47.915322,-3.450276
2024-07-23T10:03:11+00:00,162,9.4968,75.0,81,47.91531,-3.450305
2024-07-23T10:03:12+00:00,162,9.395999999999999,75.2,81,47.915292,-3.450333
2024-07-23T10:03:13+00:00,163,9.374400000000001,75.3,81,47.915278,-3.450364
2024-07-23T10:03:14+00:00,163,9.2808,75.4,81,47.915264,-3.450395
2024-07-23T10:03:15+00:00,163,9.4968,75.6,82,47.915248,-3.450422
2024-07-23T10:03:16+00:00,164,9.6984,75.7,82,47.915232,-3.450451
2024-07-23T10:03:17+00:00,164,10.0728,75.8,82,47.915215,-3.450479
2024-07-23T10:03:18+00:00,164,10.0584,75.9,82,47.915197,-3.450499
2024-07-23T10:03:19+00:00,164,9.9504,76.0,81,47.91518,-3.450519
2024-07-23T10:03:20+00:00,164,9.504000000000001,76.1,80,47.915166,-3.450544
2024-07-23T10:03:21+00:00,164,9.3672,76.2,80,47.915148,-3.450573
2024-07-23T10:03:22+00:00,164,9.230400000000001,76.3,80,47.915132,-3.450605
2024-07-23T10:03:23+00:00,165,9.3528,76.4,81,47.915116,-3.450632
2024-07-23T10:03:24+00:00,165,9.3384,76.4,81,47.9151,-3.450663
2024-07-23T10:03:25+00:00,166,9.8496,76.4,81,47.915088,-3.450695
2024-07-23T10:03:26+00:00,166,10.346400000000001,76.3,81,47.915077,-3.450717
2024-07-23T10:03:27+00:00,166,10.216800000000001,76.3,81,47.915073,-3.450736
2024-07-23T10:03:28+00:00,166,9.072000000000001,76.3,81,47.91508,-3.45075
2024-07-23T10:03:29+00:00,166,8.1432,76.3,81,47.915091,-3.450763
2024-07-23T10:03:30+00:00,167,6.516,76.3,79,47.915104,-3.450789
2024-07-23T10:03:31+00:00,167,5.904,76.3,79,47.915116,-3.450823
2024-07-23T10:03:32+00:00,167,5.760000000000001,76.3,79,47.915125,-3.450857
2024-07-23T10:03:33+00:00,167,6.696000000000001,76.3,79,47.915138,-3.450896
2024-07-23T10:03:34+00:00,168,7.9272,76.2,79,47.915151,-3.450935
2024-07-23T10:03:35+00:00,168,9.936,76.2,81,47.915159,-3.45097
2024-07-23T10:03:36+00:00,168,10.4976,76.1,81,47.915164,-3.451009
2024-07-23T10:03:37+00:00,168,10.8576,76.0,82,47.915171,-3.451046
2024-07-23T10:03:38+00:00,167,10.836,76.0,82,47.915174,-3.451083
2024-07-23T10:03:39+00:00,167,10.584,75.9,81,47.915178,-3.451122
2024-07-23T10:03:40+00:00,166,10.3248,75.9,81,47.915183,-3.451158
2024-07-23T10:03:41+00:00,166,10.0656,75.8,81,47.915187,-3.451192
2024-07-23T10:03:42+00:00,166,9.9648,75.7,81,47.915194,-3.451228
2024-07-23T10:03:43+00:00,166,10.152,75.7,80,47.915199,-3.451257
2024-07-23T10:03:44+00:00,166,9.6408,75.6,80,47.915202,-3.45129
2024-07-23T10:03:45+00:00,166,9.1728,75.6,80,47.915209,-3.45133
2024-07-23T10:03:46+00:00,166,9.432,75.5,80,47.915215,-3.451365
2024-07-23T10:03:47+00:00,166,9.3672,75.4,80,47.915216,-3.451405
2024-07-23T10:03:48+00:00,166,9.4104,75.3,80,47.91522,-3.451448
2024-07-23T10:03:49+00:00,166,10.2744,75.3,80,47.915225,-3.451486
2024-07-23T10:03:50+00:00,165,10.677600000000002,75.2,80,47.915228,-3.451522
2024-07-23T10:03:51+00:00,165,10.512,75.1,79,47.915231,-3.451562
2024-07-23T10:03:52+00:00,165,10.828800000000001,75.1,80,47.915236,-3.451598
2024-07-23T10:03:53+00:00,164,10.5984,75.0,80,47.91524,-3.451634
2024-07-23T10:03:54+00:00,164,10.3176,74.9,80,47.915244,-3.451673
2024-07-23T10:03:55+00:00,164,10.3392,74.9,80,47.915247,-3.451707
2024-07-23T10:03:56+00:00,164,10.1592,74.9,80,47.915249,-3.451743
2024-07-23T10:03:57+00:00,164,10.087200000000001,74.8,79,47.915253,-3.45178
2024-07-23T10:03:58+00:00,164,9.9648,74.8,79,47.915258,-3.451818
2024-07-23T10:03:59+00:00,164,10.1664,74.8,79,47.915262,-3.451851
2024-07-23T10:04:00+00:00,164,9.748800000000001,74.9,79,47.915268,-3.45189
2024-07-23T10:04:01+00:00,164,10.0152,74.9,79,47.915275,-3.45193
2024-07-23T10:04:02+00:00,164,10.101600000000001,75.0,79,47.915278,-3.451968
2024-07-23T10:04:03+00:00,163,10.44,75.0,80,47.915282,-3.452006
2024-07-23T10:04:04+00:00,163,10.2744,75.1,80,47.915285,-3.452043
2024-07-23T10:04:05+00:00,163,10.360800000000001,75.2,80,47.915288,-3.452083
2024-07-23T10:04:06+00:00,162,10.4472,75.3,80,47.915292,-3.452123
2024-07-23T10:04:07+00:00,161,10.3104,75.3,79,47.915298,-3.452163
2024-07-23T10:04:08+00:00,161,10.389600000000002,75.3,79,47.915301,-3.452203
2024-07-23T10:04:09+00:00,160,10.548,75.3,80,47.915307,-3.45224
2024-07-23T10:04:10+00:00,160,10.8432,75.3,80,47.915311,-3.452278
2024-07-23T10:04:11+00:00,160,10.6704,75.3,80,47.915315,-3.452315
2024-07-23T10:04:12+00:00,160,10.5552,75.2,79,47.915321,-3.452353
2024-07-23T10:04:13+00:00,160,10.4688,75.2,79,47.915328,-3.452391
2024-07-23T10:04:14+00:00,160,10.4256,75.1,78,47.915333,-3.45242
2024-07-23T10:04:15+00:00,160,9.756,75.0,78,47.915337,-3.452459
2024-07-23T10:04:16+00:00,160,9.806400000000002,75.0,78,47.915343,-3.452505
2024-07-23T10:04:17+00:00,160,10.4616,74.9,78,47.915348,-3.452541
2024-07-23T10:04:18+00:00,160,10.368,74.9,78,47.915352,-3.45258
2024-07-23T10:04:19+00:00,160,10.4256,74.8,78,47.91536,-3.452614
2024-07-23T10:04:20+00:00,160,11.0448,74.8,79,47.915371,-3.452647
2024-07-23T10:04:21+00:00,160,10.850399999999999,74.8,79,47.91538,-3.452679
2024-07-23T10:04:22+00:00,160,10.087200000000001,74.7,78,47.915389,-3.452715
2024-07-23T10:04:23+00:00,161,10.116,74.7,78,47.915396,-3.452753
2024-07-23T10:04:24+00:00,161,9.8856,74.7,78,47.9154,-3.452789
2024-07-23T10:04:25+00:00,161,9.7848,74.7,78,47.915403,-3.452823
2024-07-23T10:04:26+00:00,161,9.813600000000001,74.6,78,47.915405,-3.452859
2024-07-23T10:04:27+00:00,162,9.7704,74.5,77,47.915409,-3.452896
2024-07-23T10:04:28+00:00,162,9.5256,74.4,77,47.915413,-3.452935
2024-07-23T10:04:29+00:00,162,9.619200000000001,74.3,78,47.915418,-3.452978
2024-07-23T10:04:30+00:00,162,10.1736,74.1,78,47.915424,-3.453013
2024-07-23T10:04:31+00:00,162,10.216800000000001,74.0,78,47.915427,-3.453049
2024-07-23T10:04:32+00:00,162,10.4616,73.8,79,47.915433,-3.453086
2024-07-23T10:04:33+00:00,162,10.6416,73.6,79,47.91544,-3.453127
2024-07-23T10:04:34+00:00,162,10.728,73.5,79,47.915445,-3.453165
2024-07-23T10:04:35+00:00,161,10.1736,73.3,78,47.915449,-3.453208
2024-07-23T10:04:36+00:00,161,10.634400000000001,73.2,78,47.915453,-3.453251
2024-07-23T10:04:37+00:00,161,10.879199999999999,73.0,77,47.915455,-3.453289
2024-07-23T10:04:38+00:00,161,10.850399999999999,72.9,78,47.915452,-3.453326
2024-07-23T10:04:39+00:00,161,10.656,72.8,78,47.915447,-3.453364
2024-07-23T10:04:40+00:00,160,10.764000000000001,72.6,77,47.915444,-3.453399
2024-07-23T10:04:41+00:00,160,10.3392,72.5,77,47.915446,-3.453431
2024-07-23T10:04:42+00:00,160,9.7416,72.4,77,47.915449,-3.453462
2024-07-23T10:04:43+00:00,159,9.6264,72.3,77,47.915452,-3.453499
2024-07-23T10:04:44+00:00,159,9.4608,72.1,77,47.915456,-3.453537
2024-07-23T10:04:45+00:00,159,9.4032,72.0,77,47.915458,-3.453572
2024-07-23T10:04:46+00:00,159,9.3024,71.9,77,47.915462,-3.453612
2024-07-23T10:04:47+00:00,159,9.8568,71.7,78,47.91547,-3.453649
2024-07-23T10:04:48+00:00,159,10.0296,71.6,78,47.915478,-3.453683
2024-07-23T10:04:49+00:00,158,10.0728,71.4,78,47.915486,-3.453723
2024-07-23T10:04:50+00:00,158,10.3248,71.2,78,47.915492,-3.453762
2024-07-23T10:04:51+00:00,158,10.6056,71.0,78,47.915498,-3.453798
2024-07-23T10:04:52+00:00,158,10.44,70.7,76,47.915501,-3.453833
2024-07-23T10:04:53+00:00,158,10.3536,70.5,77,47.915505,-3.453868
2024-07-23T10:04:54+00:00,158,10.3824,70.2,79,47.91551,-3.453904
2024-07-23T10:04:55+00:00,158,9.9648,70.0,79,47.915513,-3.45394
2024-07-23T10:04:56+00:00,158,9.7416,69.7,79,47.915517,-3.453976
2024-07-23T10:04:57+00:00,158,9.7128,69.4,77,47.915525,-3.454008
2024-07-23T10:04:58+00:00,158,9.504000000000001,69.1,77,47.915533,-3.454038
2024-07-23T10:04:59+00:00,158,9.360000000000001,68.8,78,47.915539,-3.454068
2024-07-23T10:05:00+00:00,158,9.288,68.5,78,47.915544,-3.454101
2024-07-23T10:05:01+00:00,158,9.086400000000001,68.2,78,47.915552,-3.454132
2024-07-23T10:05:02+00:00,158,8.776800000000001,67.9,78,47.915562,-3.454165
2024-07-23T10:05:03+00:00,158,9.0792,67.5,77,47.915575,-3.454197
2024-07-23T10:05:04+00:00,158,9.3168,67.3,78,47.915589,-3.454217
2024-07-23T10:05:05+00:00,158,9.2448,67.0,80,47.915605,-3.454234
2024-07-23T10:05:06+00:00,158,9.1584,66.8,80,47.915621,-3.454247
2024-07-23T10:05:07+00:00,158,8.9568,66.6,80,47.915644,-3.454253
2024-07-23T10:05:08+00:00,158,8.4096,66.4,81,47.915666,-3.454265
2024-07-23T10:05:09+00:00,158,8.1936,66.2,81,47.915693,-3.454268
2024-07-23T10:05:10+00:00,157,8.4528,66.1,81,47.915714,-3.454281
2024-07-23T10:05:11+00:00,157,8.712,66.0,81,47.915736,-3.454295
2024-07-23T10:05:12+00:00,157,8.942400000000001,65.9,81,47.915761,-3.454307
2024-07-23T10:05:13+00:00,157,9.4608,65.8,80,47.915783,-3.454321
2024-07-23T10:05:14+00:00,156,9.3888,65.8,79,47.915803,-3.454341
2024-07-23T10:05:15+00:00,155,9.4536,65.8,78,47.91583,-3.454355
2024-07-23T10:05:16+00:00,155,9.7416,65.7,78,47.915855,-3.454371
2024-07-23T10:05:17+00:00,155,10.332,65.7,78,47.915878,-3.454388
2024-07-23T10:05:18+00:00,155,10.519200000000001,65.7,78,47.915901,-3.454407
2024-07-23T10:05:19+00:00,155,10.908,65.6,78,47.915924,-3.454424
2024-07-23T10:05:20+00:00,155,10.8216,65.6,79,47.915947,-3.454438
2024-07-23T10:05:21+00:00,155,10.5696,65.5,79,47.915976,-3.454457
2024-07-23T10:05:22+00:00,155,10.864799999999999,65.5,79,47.915999,-3.454473
2024-07-23T10:05:23+00:00,155,10.7136,65.4,80,47.91602,-3.454485
2024-07-23T10:05:24+00:00,156,10.490400000000001,65.4,80,47.916044,-3.454509
2024-07-23T10:05:25+00:00,156,10.7856,65.3,79,47.916064,-3.454529
2024-07-23T10:05:26+00:00,156,10.8,65.3,79,47.916083,-3.45455
2024-07-23T10:05:27+00:00,156,9.9648,65.2,79,47.916104,-3.454571
2024-07-23T10:05:28+00:00,156,10.1448,65.1,78,47.916123,-3.454589
2024-07-23T10:05:29+00:00,156,10.4112,65.1,77,47.916139,-3.454602
2024-07-23T10:05:30+00:00,156,9.7848,64.8,77,47.916148,-3.454639
2024-07-23T10:05:31+00:00,156,9.5832,64.6,78,47.916161,-3.454662
2024-07-23T10:05:32+00:00,156,9.201600000000001,64.4,78,47.916174,-3.454686
2024-07-23T10:05:33+00:00,156,8.4096,64.2,79,47.916188,-3.454715
2024-07-23T10:05:34+00:00,155,8.2728,64.0,79,47.9162,-3.454743
2024-07-23T10:05:35+00:00,155,8.352,63.7,80,47.916212,-3.454768
2024-07-23T10:05:36+00:00,156,8.503200000000001,63.5,80,47.916215,-3.454803
2024-07-23T10:05:37+00:00,156,9.0648,63.1,80,47.916206,-3.454846
2024-07-23T10:05:38+00:00,156,9.4104,62.9,80,47.916206,-3.45488
2024-07-23T10:05:39+00:00,157,9.0648,62.7,78,47.916201,-3.454911
2024-07-23T10:05:40+00:00,157,9.1656,62.2,77,47.916186,-3.454968
2024-07-23T10:05:41+00:00,157,10.360800000000001,62.0,76,47.916183,-3.455003
2024-07-23T10:05:42+00:00,157,10.26,61.7,76,47.916179,-3.455039
2024-07-23T10:05:43+00:00,157,10.656,61.4,76,47.916168,-3.455081
2024-07-23T10:05:44+00:00,157,11.376000000000001,61.2,76,47.916158,-3.455119
2024-07-23T10:05:45+00:00,157,11.808,61.0,78,47.916151,-3.455147
2024-07-23T10:05:46+00:00,157,10.44,60.8,78,47.916143,-3.455182
2024-07-23T10:05:47+00:00,157,10.692,60.5,78,47.916135,-3.455214
2024-07-23T10:05:48+00:00,157,10.389600000000002,60.3,78,47.91613,-3.45525
2024-07-23T10:05:49+00:00,157,9.864,60.0,77,47.91612,-3.455289
2024-07-23T10:05:50+00:00,157,9.8496,59.8,77,47.916111,-3.455326
2024-07-23T10:05:51+00:00,157,10.3968,59.6,77,47.916104,-3.455369
2024-07-23T10:05:52+00:00,157,10.7208,59.4,77,47.916096,-3.455406
2024-07-23T10:05:53+00:00,157,11.196,59.2,77,47.916084,-3.455441
2024-07-23T10:05:54+00:00,157,11.3688,59.0,78,47.916071,-3.455478
2024-07-23T10:05:55+00:00,157,11.3328,58.8,78,47.91606,-3.455513
2024-07-23T10:05:56+00:00,157,11.1528,58.6,77,47.916044,-3.455552
2024-07-23T10:05:57+00:00,158,11.2752,58.4,77,47.916036,-3.455586
2024-07-23T10:05:58+00:00,158,11.0376,58.2,77,47.916027,-3.455614
2024-07-23T10:05:59+00:00,158,10.3824,58.0,78,47.916017,-3.455652
2024-07-23T10:06:00+00:00,158,10.245600000000001,57.8,78,47.916009,-3.455691
2024-07-23T10:06:01+00:00,158,10.4472,57.6,79,47.916003,-3.455727
2024-07-23T10:06:02+00:00,158,9.8208,57.4,80,47.915993,-3.455765
2024-07-23T10:06:03+00:00,157,10.0512,57.2,80,47.915986,-3.455806
2024-07-23T10:06:04+00:00,157,11.1888,56.9,80,47.915978,-3.455841
2024-07-23T10:06:05+00:00,156,10.879199999999999,56.7,79,47.915964,-3.455877
2024-07-23T10:06:06+00:00,155,10.7712,56.5,79,47.91595,-3.455915
2024-07-23T10:06:07+00:00,154,10.994399999999999,56.2,79,47.915936,-3.455954
2024-07-23T10:06:08+00:00,154,10.9512,56.0,79,47.91592,-3.455987
2024-07-23T10:06:09+00:00,153,11.0016,55.8,79,47.915905,-3.456016
2024-07-23T10:06:10+00:00,153,11.1096,55.6,78,47.91589,-3.456047
2024-07-23T10:06:11+00:00,153,11.102400000000001,55.4,78,47.915875,-3.456075
2024-07-23T10:06:12+00:00,153,10.864799999999999,55.2,78,47.915859,-3.456101
2024-07-23T10:06:13+00:00,153,10.512,55.0,78,47.915844,-3.456125
2024-07-23T10:06:14+00:00,153,9.5328,54.8,78,47.915824,-3.456152
2024-07-23T10:06:15+00:00,153,9.8424,54.6,78,47.915806,-3.456178
2024-07-23T10:06:16+00:00,153,9.828,54.4,78,47.915787,-3.456201
2024-07-23T10:06:17+00:00,152,9.756,54.1,79,47.915769,-3.456227
2024-07-23T10:06:18+00:00,152,9.792000000000002,53.9,79,47.91575,-3.456253
2024-07-23T10:06:19+00:00,152,10.2384,53.7,79,47.915729,-3.45628
2024-07-23T10:06:20+00:00,152,10.188,53.4,77,47.91571,-3.456307
2024-07-23T10:06:21+00:00,151,10.0008,53.2,77,47.915688,-3.456333
2024-07-23T10:06:22+00:00,151,10.5552,53.0,77,47.91567,-3.456355
2024-07-23T10:06:23+00:00,151,10.5552,52.8,77,47.915652,-3.45638
2024-07-23T10:06:24+00:00,150,10.512,52.6,77,47.915636,-3.456404
2024-07-23T10:06:25+00:00,150,10.2024,52.4,78,47.915618,-3.456429
2024-07-23T10:06:26+00:00,150,10.3392,52.2,78,47.9156,-3.456453
2024-07-23T10:06:27+00:00,151,9.8208,52.0,78,47.915583,-3.456474
2024-07-23T10:06:28+00:00,151,9.7272,51.8,78,47.915566,-3.456494
2024-07-23T10:06:29+00:00,151,9.374400000000001,51.6,78,47.915547,-3.456515
2024-07-23T10:06:30+00:00,151,9.4464,51.4,78,47.915528,-3.456536
2024-07-23T10:06:31+00:00,151,9.1872,51.3,78,47.915508,-3.456558
2024-07-23T10:06:32+00:00,151,9.2592,51.1,78,47.915488,-3.456578
2024-07-23T10:06:33+00:00,151,9.4248,50.9,78,47.915468,-3.456598
2024-07-23T10:06:34+00:00,151,9.576,50.7,78,47.915451,-3.456621
2024-07-23T10:06:35+00:00,151,9.4464,50.5,78,47.915431,-3.456645
2024-07-23T10:06:36+00:00,150,9.5976,50.3,78,47.915411,-3.456672
2024-07-23T10:06:37+00:00,150,9.8712,50.1,78,47.915391,-3.456696
2024-07-23T10:06:38+00:00,150,10.044,49.8,78,47.915372,-3.456721
2024-07-23T10:06:39+00:00,150,10.2096,49.6,78,47.915354,-3.456747
2024-07-23T10:06:40+00:00,150,10.3824,49.4,79,47.915334,-3.456773
2024-07-23T10:06:41+00:00,150,10.476,49.1,79,47.915313,-3.4568
2024-07-23T10:06:42+00:00,150,10.5552,48.8,79,47.915291,-3.456828
2024-07-23T10:06:43+00:00,150,10.648800000000001,48.6,80,47.915268,-3.45685
2024-07-23T10:06:44+00:00,151,10.9296,48.4,80,47.915244,-3.456868
2024-07-23T10:06:45+00:00,151,11.16,48.2,80,47.915221,-3.456886
2024-07-23T10:06:46+00:00,151,11.2248,48.1,80,47.9152,-3.456897
2024-07-23T10:06:47+00:00,151,10.519200000000001,48.0,80,47.915175,-3.456906
2024-07-23T10:06:48+00:00,151,10.0944,47.8,79,47.915148,-3.456921
2024-07-23T10:06:49+00:00,151,10.0944,47.7,79,47.915122,-3.456934
2024-07-23T10:06:50+00:00,151,10.267199999999999,47.6,79,47.915098,-3.456944
2024-07-23T10:06:51+00:00,151,10.2024,47.4,79,47.91507,-3.456957
2024-07-23T10:06:52+00:00,151,10.7208,47.2,79,47.915043,-3.456968
2024-07-23T10:06:53+00:00,151,11.124,47.1,79,47.915018,-3.456973
2024-07-23T10:06:54+00:00,151,11.0664,46.9,79,47.914992,-3.456982
2024-07-23T10:06:55+00:00,151,10.656,46.7,79,47.914967,-3.456992
2024-07-23T10:06:56+00:00,151,10.792800000000002,46.5,79,47.914944,-3.456999
2024-07-23T10:06:57+00:00,151,10.5408,46.3,79,47.914919,-3.457006
2024-07-23T10:06:58+00:00,151,10.1304,46.0,79,47.914893,-3.457023
2024-07-23T10:06:59+00:00,151,10.188,45.8,79,47.914869,-3.457036
2024-07-23T10:07:00+00:00,151,10.3536,45.6,79,47.914848,-3.45705
2024-07-23T10:07:01+00:00,151,10.152,45.4,78,47.914828,-3.457077
2024-07-23T10:07:02+00:00,151,10.224,45.2,79,47.914813,-3.457105
2024-07-23T10:07:03+00:00,150,10.2096,45.1,79,47.914795,-3.457135
2024-07-23T10:07:04+00:00,150,10.087200000000001,44.9,79,47.914781,-3.45717
2024-07-23T10:07:05+00:00,150,10.3176,44.7,79,47.914772,-3.457207
2024-07-23T10:07:06+00:00,150,10.3176,44.5,78,47.914765,-3.457242
2024-07-23T10:07:07+00:00,150,10.3104,44.3,77,47.914756,-3.457279
2024-07-23T10:07:08+00:00,150,10.656,44.1,77,47.914754,-3.457318
2024-07-23T10:07:09+00:00,150,10.6704,43.9,77,47.914754,-3.457355
2024-07-23T10:07:10+00:00,150,10.245600000000001,43.7,77,47.914752,-3.457389
2024-07-23T10:07:11+00:00,149,10.0728,43.4,76,47.914751,-3.457423
2024-07-23T10:07:12+00:00,149,10.0008,43.2,76,47.914756,-3.457461
2024-07-23T10:07:13+00:00,149,9.936,42.9,76,47.914764,-3.457496
2024-07-23T10:07:14+00:00,148,9.756,42.6,76,47.914766,-3.45753
2024-07-23T10:07:15+00:00,148,9.633600000000001,42.3,76,47.914771,-3.457565
2024-07-23T10:07:16+00:00,148,9.792000000000002,41.9,76,47.914777,-3.457602
2024-07-23T10:07:17+00:00,148,9.864,41.7,76,47.914779,-3.457634
2024-07-23T10:07:18+00:00,147,9.4608,41.4,76,47.914779,-3.457664
2024-07-23T10:07:19+00:00,147,9.1872,41.0,77,47.914784,-3.4577
2024-07-23T10:07:20+00:00,147,9.4248,40.7,77,47.914791,-3.457735
2024-07-23T10:07:21+00:00,147,9.374400000000001,40.4,77,47.914793,-3.457766
2024-07-23T10:07:22+00:00,147,9.0288,40.1,77,47.914793,-3.457801
2024-07-23T10:07:23+00:00,147,9.230400000000001,39.8,77,47.914796,-3.457838
2024-07-23T10:07:24+00:00,147,9.489600000000001,39.7,77,47.914793,-3.45787
2024-07-23T10:07:25+00:00,147,9.0792,39.6,77,47.914788,-3.457895
2024-07-23T10:07:26+00:00,147,8.8272,39.6,77,47.914779,-3.457921
2024-07-23T10:07:27+00:00,147,8.503200000000001,39.5,77,47.914769,-3.457946
2024-07-23T10:07:28+00:00,147,8.035200000000001,39.5,77,47.914758,-3.457971
2024-07-23T10:07:29+00:00,147,7.718400000000001,39.4,77,47.914754,-3.458
2024-07-23T10:07:30+00:00,147,7.7256,39.3,77,47.914746,-3.458032
2024-07-23T10:07:31+00:00,147,7.848000000000001,39.3,77,47.914734,-3.458061
2024-07-23T10:07:32+00:00,147,8.3376,39.2,77,47.914723,-3.458092
2024-07-23T10:07:33+00:00,147,8.791200000000002,39.1,77,47.914713,-3.45813
2024-07-23T10:07:34+00:00,146,9.3672,39.0,76,47.914705,-3.458166
2024-07-23T10:07:35+00:00,146,9.756,38.9,76,47.914691,-3.458198
2024-07-23T10:07:36+00:00,146,10.0224,38.9,76,47.914679,-3.458229
2024-07-23T10:07:37+00:00,146,10.2096,38.8,78,47.914671,-3.458266
2024-07-23T10:07:38+00:00,146,10.4256,38.7,78,47.914663,-3.458297
2024-07-23T10:07:39+00:00,145,10.0224,38.6,77,47.914654,-3.458327
2024-07-23T10:07:40+00:00,145,9.878400000000001,38.6,77,47.914644,-3.45836
2024-07-23T10:07:41+00:00,144,9.6768,38.5,77,47.914634,-3.458395
2024-07-23T10:07:42+00:00,144,9.604800000000001,38.4,77,47.914621,-3.458427
2024-07-23T10:07:43+00:00,145,9.518400000000002,38.3,76,47.91461,-3.458457
2024-07-23T10:07:44+00:00,145,9.633600000000001,38.2,76,47.914597,-3.458493
2024-07-23T10:07:45+00:00,146,9.792000000000002,38.2,77,47.914584,-3.458525
2024-07-23T10:07:46+00:00,147,9.813600000000001,38.1,77,47.914569,-3.458554
2024-07-23T10:07:47+00:00,146,10.216800000000001,38.0,77,47.914554,-3.45858
2024-07-23T10:07:48+00:00,146,10.123199999999999,37.9,77,47.914534,-3.458607
2024-07-23T10:07:49+00:00,146,10.116,37.8,77,47.914517,-3.458627
2024-07-23T10:07:50+00:00,146,9.9504,37.8,77,47.914501,-3.458655
2024-07-23T10:07:51+00:00,146,10.0224,37.7,77,47.914481,-3.458679
2024-07-23T10:07:52+00:00,146,9.7056,37.6,78,47.914464,-3.4587
2024-07-23T10:07:53+00:00,146,9.792000000000002,37.5,79,47.914444,-3.458722
2024-07-23T10:07:54+00:00,146,9.619200000000001,37.5,80,47.914424,-3.45874
2024-07-23T10:07:55+00:00,146,9.72,37.4,80,47.914405,-3.458759
2024-07-23T10:07:56+00:00,146,9.748800000000001,37.3,80,47.914387,-3.45878
2024-07-23T10:07:57+00:00,146,9.6552,37.2,80,47.914369,-3.458802
2024-07-23T10:07:58+00:00,146,9.2376,37.2,80,47.914346,-3.458821
2024-07-23T10:07:59+00:00,146,9.504000000000001,37.1,79,47.914324,-3.458846
2024-07-23T10:08:00+00:00,146,10.044,37.0,79,47.914304,-3.458865
2024-07-23T10:08:01+00:00,146,9.6912,36.9,79,47.914281,-3.458886
2024-07-23T10:08:02+00:00,146,9.828,36.8,79,47.914258,-3.458909
2024-07-23T10:08:03+00:00,146,10.4112,36.7,79,47.914233,-3.458932
2024-07-23T10:08:04+00:00,146,10.6704,36.6,79,47.914209,-3.458952
2024-07-23T10:08:05+00:00,146,10.6992,36.6,79,47.914184,-3.458969
2024-07-23T10:08:06+00:00,146,11.232000000000001,36.5,79,47.914162,-3.458984
2024-07-23T10:08:07+00:00,146,11.124,36.4,79,47.91414,-3.458998
2024-07-23T10:08:08+00:00,147,10.944,36.3,79,47.914118,-3.459016
2024-07-23T10:08:09+00:00,147,10.7352,36.3,78,47.914098,-3.459034
2024-07-23T10:08:10+00:00,147,9.9,36.2,78,47.914075,-3.459047
2024-07-23T10:08:11+00:00,147,9.72,36.1,78,47.914053,-3.459061
2024-07-23T10:08:12+00:00,147,9.7704,36.0,79,47.914032,-3.459077
2024-07-23T10:08:13+00:00,147,9.662400000000002,36.0,78,47.914012,-3.459089
2024-07-23T10:08:14+00:00,147,9.1152,35.9,78,47.913989,-3.459102
2024-07-23T10:08:15+00:00,147,9.3672,35.8,79,47.913964,-3.459117
2024-07-23T10:08:16+00:00,147,9.3888,35.7,79,47.913939,-3.459131
2024-07-23T10:08:17+00:00,146,9.6264,35.6,79,47.913917,-3.459143
2024-07-23T10:08:18+00:00,146,9.8424,35.6,79,47.913895,-3.45916
2024-07-23T10:08:19+00:00,146,10.296,35.5,79,47.913873,-3.459176
2024-07-23T10:08:20+00:00,146,10.152,35.4,78,47.913848,-3.459189
2024-07-23T10:08:21+00:00,146,10.2744,35.3,78,47.913821,-3.459202
2024-07-23T10:08:22+00:00,145,10.3104,35.2,78,47.913795,-3.459214
2024-07-23T10:08:23+00:00,145,10.5696,35.1,78,47.91377,-3.459222
2024-07-23T10:08:24+00:00,145,10.6128,35.1,77,47.913749,-3.459234
2024-07-23T10:08:25+00:00,145,10.7064,35.0,77,47.913725,-3.459248
2024-07-23T10:08:26+00:00,145,10.504800000000001,34.9,78,47.913703,-3.459261
2024-07-23T10:08:27+00:00,145,10.2888,34.8,78,47.913684,-3.459277
2024-07-23T10:08:28+00:00,145,9.6768,34.8,78,47.913665,-3.459292
2024-07-23T10:08:44+00:00,142,0.5327999999999999,34.7,0,47.913676,-3.459293
2024-07-23T10:08:45+00:00,141,0.036000000000000004,34.7,0,47.913672,-3.459298
2024-07-23T10:08:46+00:00,141,0.3132,34.7,0,47.913675,-3.459317
2024-07-23T10:08:47+00:00,140,0.7992,34.6,0,47.913676,-3.459355
2024-07-23T10:08:48+00:00,141,1.2491999999999999,34.5,0,47.913674,-3.459394
2024-07-23T10:08:49+00:00,140,7.056,34.4,79,47.913664,-3.459429
2024-07-23T10:08:50+00:00,140,9.3024,34.3,79,47.91365,-3.459473
2024-07-23T10:08:51+00:00,139,10.4976,34.3,79,47.913637,-3.459507
2024-07-23T10:08:52+00:00,139,10.764000000000001,34.2,79,47.913619,-3.459537
2024-07-23T10:08:53+00:00,139,11.0664,34.1,79,47.913602,-3.459571
2024-07-23T10:08:54+00:00,139,10.9872,34.0,79,47.913586,-3.459598
2024-07-23T10:08:55+00:00,139,10.648800000000001,33.9,79,47.913565,-3.459619
2024-07-23T10:08:56+00:00,139,10.404,33.8,79,47.913547,-3.459641
2024-07-23T10:08:57+00:00,139,10.3104,33.8,79,47.913527,-3.459669
2024-07-23T10:08:58+00:00,138,9.993599999999999,33.7,78,47.913511,-3.459696
2024-07-23T10:08:59+00:00,139,10.0728,33.6,77,47.913494,-3.459723
2024-07-23T10:09:00+00:00,139,10.2744,33.5,76,47.913476,-3.459751
2024-07-23T10:09:01+00:00,140,10.5768,33.4,75,47.913461,-3.459779
2024-07-23T10:23:33+00:00,80,0.018000000000000002,33.5,77,47.913457,-3.459625
2024-07-23T10:23:34+00:00,79,0.0108,33.5,77,47.913468,-3.459614
2024-07-23T10:23:35+00:00,79,0.014400000000000001,33.6,0,47.913478,-3.459603
2024-07-23T10:23:36+00:00,79,0.0216,33.6,0,47.913487,-3.459591
2024-07-23T10:23:37+00:00,79,0.028800000000000003,33.7,0,47.913504,-3.45958
2024-07-23T10:23:38+00:00,79,5.932799999999999,33.7,71,47.913519,-3.459564
2024-07-23T10:23:39+00:00,79,6.3,33.8,71,47.913528,-3.459543
2024-07-23T10:23:40+00:00,79,6.7608,33.8,73,47.91354,-3.459524
2024-07-23T10:23:41+00:00,79,7.0992,33.9,73,47.913552,-3.459505
2024-07-23T10:23:42+00:00,81,7.538399999999999,34.0,74,47.913562,-3.459479
2024-07-23T10:23:43+00:00,82,7.308,34.0,75,47.913571,-3.459454
2024-07-23T10:23:44+00:00,83,7.5527999999999995,34.1,75,47.913585,-3.45943
2024-07-23T10:23:45+00:00,84,7.6176,34.2,76,47.913597,-3.459414
2024-07-23T10:23:46+00:00,85,7.7616000000000005,34.2,76,47.913611,-3.459393
2024-07-23T10:23:47+00:00,86,7.668,34.3,76,47.913623,-3.459372
2024-07-23T10:23:48+00:00,87,7.596,34.3,76,47.913635,-3.45935
2024-07-23T10:23:49+00:00,88,7.394399999999999,34.4,76,47.91365,-3.459333
2024-07-23T10:23:50+00:00,89,7.4592,34.5,75,47.913665,-3.459317
2024-07-23T10:23:51+00:00,90,7.056,34.5,75,47.913679,-3.459301
2024-07-23T10:24:05+00:00,95,0.396,34.6,0,47.913676,-3.459271
2024-07-23T10:24:06+00:00,95,0.0756,34.6,0,47.91368,-3.459272
2024-07-23T10:24:07+00:00,94,0.3132,34.7,0,47.913694,-3.459265
2024-07-23T10:24:08+00:00,94,0.7092,34.7,0,47.91371,-3.459255
2024-07-23T10:24:09+00:00,94,1.0512,34.8,0,47.913727,-3.459249
2024-07-23T10:24:10+00:00,93,5.508,34.8,0,47.913748,-3.459233
2024-07-23T10:24:11+00:00,93,7.0272,34.9,0,47.913764,-3.459219
2024-07-23T10:24:12+00:00,93,8.028,35.0,80,47.913784,-3.459214
2024-07-23T10:24:13+00:00,94,8.2872,35.0,80,47.913803,-3.459204
2024-07-23T10:24:14+00:00,95,8.236799999999999,35.1,80,47.913818,-3.459196
2024-07-23T10:24:15+00:00,96,8.107199999999999,35.2,80,47.913838,-3.459189
2024-07-23T10:24:16+00:00,97,7.948800000000001,35.2,80,47.913856,-3.459178
2024-07-23T10:24:17+00:00,98,7.7616000000000005,35.3,81,47.913875,-3.459169
2024-07-23T10:24:18+00:00,98,7.804800000000001,35.4,81,47.913894,-3.459161
2024-07-23T10:24:19+00:00,99,8.028,35.4,80,47.913912,-3.459153
2024-07-23T10:24:20+00:00,100,8.006400000000001,35.5,80,47.913929,-3.459144
2024-07-23T10:24:21+00:00,100,8.071200000000001,35.5,80,47.913948,-3.459132
2024-07-23T10:24:22+00:00,101,7.876800000000001,35.6,81,47.913964,-3.459119
2024-07-23T10:24:23+00:00,102,7.5816,35.7,81,47.913982,-3.459109
2024-07-23T10:24:24+00:00,102,7.6248,35.7,81,47.914002,-3.459098
2024-07-23T10:24:25+00:00,103,7.7543999999999995,35.8,81,47.914022,-3.459094
2024-07-23T10:24:26+00:00,103,7.776000000000001,35.9,80,47.91404,-3.459085
2024-07-23T10:24:27+00:00,104,8.0784,35.9,81,47.914059,-3.459074
2024-07-23T10:24:28+00:00,104,7.977600000000001,36.0,81,47.914075,-3.459064
2024-07-23T10:24:29+00:00,105,7.6032,36.1,81,47.914093,-3.459053
2024-07-23T10:24:30+00:00,106,7.7543999999999995,36.1,81,47.914114,-3.459039
2024-07-23T10:24:31+00:00,106,7.9128,36.2,81,47.914134,-3.459023
2024-07-23T10:24:32+00:00,107,7.9632000000000005,36.3,81,47.914152,-3.459012
2024-07-23T10:24:33+00:00,107,8.1792,36.3,81,47.914169,-3.459
2024-07-23T10:24:34+00:00,108,8.0424,36.4,81,47.914182,-3.45899
2024-07-23T10:24:35+00:00,108,7.524,36.4,81,47.914196,-3.458982
2024-07-23T10:24:36+00:00,109,6.6096,36.5,81,47.914208,-3.458975
2024-07-23T10:24:37+00:00,109,5.8751999999999995,36.5,80,47.914218,-3.458966
2024-07-23T10:24:38+00:00,110,4.8528,36.5,80,47.914223,-3.458961
2024-07-23T10:24:39+00:00,110,4.788,36.6,81,47.914236,-3.458945
2024-07-23T10:24:40+00:00,110,4.6512,36.6,81,47.914249,-3.458935
2024-07-23T10:24:41+00:00,111,5.1264,36.7,81,47.914267,-3.458921
2024-07-23T10:24:42+00:00,111,5.9112,36.8,81,47.914283,-3.458902
2024-07-23T10:24:43+00:00,111,7.1568000000000005,36.8,81,47.9143,-3.458885
2024-07-23T10:24:44+00:00,111,7.574400000000001,36.9,81,47.914316,-3.458874
2024-07-23T10:24:45+00:00,112,7.920000000000001,37.0,81,47.914332,-3.458857
2024-07-23T10:24:46+00:00,112,7.992000000000001,37.0,82,47.914347,-3.458842
2024-07-23T10:24:47+00:00,112,7.7976,37.1,82,47.914364,-3.458826
2024-07-23T10:24:48+00:00,113,7.5527999999999995,37.2,81,47.914379,-3.458805
2024-07-23T10:24:49+00:00,113,7.732800000000001,37.2,81,47.914394,-3.458784
2024-07-23T10:24:50+00:00,114,7.9272,37.3,81,47.914406,-3.458757
2024-07-23T10:24:51+00:00,114,8.1288,37.4,81,47.914419,-3.458734
2024-07-23T10:24:52+00:00,114,8.359200000000001,37.4,81,47.914435,-3.458715
2024-07-23T10:24:53+00:00,115,8.4168,37.5,80,47.914448,-3.458695
2024-07-23T10:24:54+00:00,115,8.208,37.6,79,47.91446,-3.458677
2024-07-23T10:24:55+00:00,115,8.0784,37.6,79,47.914475,-3.458659
2024-07-23T10:24:56+00:00,115,7.372800000000001,37.7,80,47.914487,-3.458641
2024-07-23T10:24:57+00:00,115,7.3656,37.7,80,47.914502,-3.458621
2024-07-23T10:24:58+00:00,116,6.9192,37.8,81,47.914516,-3.458609
2024-07-23T10:24:59+00:00,116,6.912,37.9,82,47.914531,-3.458593
2024-07-23T10:25:00+00:00,116,6.4008,37.9,82,47.914542,-3.458576
2024-07-23T10:25:01+00:00,116,7.524,38.0,81,47.91456,-3.45856
2024-07-23T10:25:02+00:00,116,7.1424,38.0,80,47.91457,-3.458545
2024-07-23T10:25:03+00:00,117,7.2144,38.1,80,47.914579,-3.458525
2024-07-23T10:25:04+00:00,117,7.0128,38.1,78,47.914591,-3.458508
2024-07-23T10:25:05+00:00,117,7.502400000000001,38.2,78,47.9146,-3.458483
2024-07-23T10:25:06+00:00,117,7.0776,38.3,78,47.914608,-3.458457
2024-07-23T10:25:07+00:00,117,6.9264,38.3,79,47.914616,-3.458437
2024-07-23T10:25:08+00:00,117,6.8688,38.4,80,47.914623,-3.458414
2024-07-23T10:25:09+00:00,118,7.2864,38.4,80,47.914631,-3.458387
2024-07-23T10:25:10+00:00,118,7.524,38.5,80,47.91464,-3.45836
2024-07-23T10:25:11+00:00,118,7.2864,38.6,80,47.914645,-3.458335
2024-07-23T10:25:12+00:00,118,7.3584000000000005,38.6,79,47.91465,-3.458312
2024-07-23T10:25:13+00:00,118,7.0416,38.7,78,47.914655,-3.458295
2024-07-23T10:25:14+00:00,118,6.8472,38.7,78,47.914663,-3.458269
2024-07-23T10:25:15+00:00,118,6.768,38.8,78,47.914672,-3.458242
2024-07-23T10:25:16+00:00,118,6.4368,38.8,78,47.914678,-3.458225
2024-07-23T10:25:17+00:00,118,6.264,38.9,78,47.914685,-3.458205
2024-07-23T10:25:18+00:00,119,6.6168000000000005,38.9,78,47.914692,-3.458184
2024-07-23T10:25:19+00:00,119,6.4656,39.0,79,47.914699,-3.458164
2024-07-23T10:25:20+00:00,119,6.372,39.0,79,47.914705,-3.458137
2024-07-23T10:25:21+00:00,119,6.6888000000000005,39.1,79,47.914709,-3.458113
2024-07-23T10:25:22+00:00,119,6.501600000000001,39.1,79,47.914712,-3.458096
2024-07-23T10:25:23+00:00,119,6.2496,39.2,79,47.914718,-3.458078
2024-07-23T10:25:24+00:00,119,6.0408,39.2,79,47.914722,-3.458056
2024-07-23T10:25:25+00:00,119,5.8824,39.3,79,47.914729,-3.45803
2024-07-23T10:25:26+00:00,119,5.9976,39.4,79,47.914738,-3.458006
2024-07-23T10:25:27+00:00,119,6.3648,39.4,78,47.914745,-3.457989
2024-07-23T10:25:28+00:00,119,6.7536,39.5,78,47.914751,-3.457965
2024-07-23T10:25:29+00:00,119,6.6528,39.5,78,47.914758,-3.45795
2024-07-23T10:25:30+00:00,119,6.566400000000001,39.6,78,47.914768,-3.457928
2024-07-23T10:25:31+00:00,119,6.3,39.6,78,47.914775,-3.457906
2024-07-23T10:25:32+00:00,119,6.6024,39.7,78,47.914783,-3.457879
2024-07-23T10:25:33+00:00,119,6.9048,39.7,79,47.914789,-3.457853
2024-07-23T10:25:34+00:00,119,7.344,39.8,80,47.91479,-3.457828
2024-07-23T10:25:35+00:00,119,7.0632,40.0,80,47.914791,-3.457809
2024-07-23T10:25:36+00:00,119,6.638400000000001,40.2,80,47.914792,-3.457789
2024-07-23T10:25:37+00:00,119,6.48,40.4,80,47.914794,-3.457762
2024-07-23T10:25:38+00:00,119,6.156,40.7,80,47.91479,-3.457739
2024-07-23T10:25:39+00:00,119,5.9544,40.9,78,47.914787,-3.457715
2024-07-23T10:25:40+00:00,120,6.0192,41.1,78,47.914784,-3.457691
2024-07-23T10:25:41+00:00,120,6.5304,41.3,78,47.914783,-3.457667
2024-07-23T10:25:42+00:00,120,6.494400000000001,41.6,78,47.914784,-3.457642
2024-07-23T10:25:43+00:00,120,6.7392,41.8,78,47.914781,-3.457616
2024-07-23T10:25:44+00:00,120,6.717600000000001,42.0,78,47.914772,-3.457593
2024-07-23T10:25:45+00:00,120,6.9624,42.3,79,47.91477,-3.457569
2024-07-23T10:25:46+00:00,120,6.732,42.5,79,47.914768,-3.457548
2024-07-23T10:25:47+00:00,120,6.5448,42.7,79,47.914766,-3.457523
2024-07-23T10:25:48+00:00,120,6.1416,42.9,79,47.914767,-3.4575
2024-07-23T10:25:49+00:00,120,6.4224000000000006,43.1,79,47.914766,-3.457473
2024-07-23T10:25:50+00:00,120,6.732,43.3,79,47.914765,-3.457439
2024-07-23T10:25:51+00:00,120,7.228800000000001,43.5,79,47.914764,-3.457412
2024-07-23T10:25:52+00:00,120,7.466399999999999,43.7,79,47.914764,-3.457389
2024-07-23T10:25:53+00:00,120,7.6392,43.8,78,47.91476,-3.457365
2024-07-23T10:25:54+00:00,120,7.056,43.9,77,47.914758,-3.457348
2024-07-23T10:25:55+00:00,120,6.4008,44.0,77,47.914757,-3.457328
2024-07-23T10:25:56+00:00,120,6.1776,44.2,77,47.914755,-3.457299
2024-07-23T10:25:57+00:00,119,6.0984,44.4,78,47.914756,-3.457272
2024-07-23T10:25:58+00:00,119,6.0984,44.5,79,47.914758,-3.457248
2024-07-23T10:25:59+00:00,119,7.0128,44.7,80,47.914762,-3.457216
2024-07-23T10:26:00+00:00,119,7.1496,44.8,80,47.914767,-3.457194
2024-07-23T10:26:01+00:00,119,6.9048,44.9,80,47.914772,-3.457176
2024-07-23T10:26:02+00:00,119,6.8688,45.0,80,47.914778,-3.457153
2024-07-23T10:26:03+00:00,119,6.703200000000001,45.1,79,47.914785,-3.457132
2024-07-23T10:26:04+00:00,119,6.1704,45.2,79,47.914796,-3.457115
2024-07-23T10:26:05+00:00,119,6.2784,45.3,79,47.914807,-3.457092
2024-07-23T10:26:06+00:00,119,6.4872000000000005,45.4,79,47.914817,-3.457071
2024-07-23T10:26:07+00:00,119,6.5808,45.6,79,47.914837,-3.457059
2024-07-23T10:26:08+00:00,119,6.8759999999999994,45.8,79,47.914852,-3.45704
2024-07-23T10:26:09+00:00,119,7.1568000000000005,46.0,80,47.914869,-3.457024
2024-07-23T10:26:10+00:00,119,7.6536,46.2,80,47.914886,-3.457007
2024-07-23T10:26:11+00:00,119,7.905600000000001,46.3,80,47.914902,-3.456994
2024-07-23T10:26:12+00:00,119,8.020800000000001,46.5,80,47.91492,-3.456982
2024-07-23T10:26:13+00:00,119,8.064000000000002,46.6,80,47.914938,-3.456975
2024-07-23T10:26:14+00:00,119,8.4024,46.8,80,47.914959,-3.456967
2024-07-23T10:26:15+00:00,119,7.862400000000001,46.9,81,47.914977,-3.45696
2024-07-23T10:26:16+00:00,119,7.9272,47.1,81,47.914999,-3.456954
2024-07-23T10:26:17+00:00,120,8.1504,47.2,81,47.915021,-3.456945
2024-07-23T10:26:18+00:00,121,8.359200000000001,47.3,81,47.915039,-3.456936
2024-07-23T10:26:19+00:00,121,8.5896,47.5,80,47.915063,-3.456928
2024-07-23T10:26:20+00:00,122,8.906400000000001,47.6,80,47.915084,-3.456926
2024-07-23T10:26:21+00:00,123,8.82,47.7,80,47.915104,-3.456923
2024-07-23T10:26:22+00:00,124,8.4168,47.8,80,47.915124,-3.456921
2024-07-23T10:26:23+00:00,126,8.1792,47.9,79,47.915145,-3.456916
2024-07-23T10:26:24+00:00,127,7.732800000000001,48.0,80,47.915166,-3.456904
2024-07-23T10:26:25+00:00,127,8.3088,48.2,80,47.915192,-3.45689
2024-07-23T10:26:26+00:00,128,9.0,48.4,80,47.915218,-3.456873
2024-07-23T10:26:27+00:00,129,9.504000000000001,48.5,80,47.915239,-3.456857
2024-07-23T10:26:28+00:00,129,9.5904,48.7,79,47.915257,-3.456846
2024-07-23T10:26:29+00:00,129,9.878400000000001,48.9,79,47.915276,-3.45683
2024-07-23T10:26:30+00:00,129,9.0504,49.0,79,47.91529,-3.456813
2024-07-23T10:26:31+00:00,129,8.1792,49.2,79,47.915307,-3.456803
2024-07-23T10:26:32+00:00,129,8.0568,49.4,79,47.915324,-3.456785
2024-07-23T10:26:33+00:00,129,7.8912,49.6,79,47.915337,-3.456766
2024-07-23T10:26:34+00:00,129,7.300800000000001,49.8,80,47.915352,-3.456744
2024-07-23T10:26:35+00:00,129,7.9632000000000005,50.0,80,47.91537,-3.456718
2024-07-23T10:26:36+00:00,129,7.934400000000001,50.1,79,47.91538,-3.456702
2024-07-23T10:26:37+00:00,129,7.5096,50.2,79,47.915392,-3.45669
2024-07-23T10:26:38+00:00,129,7.300800000000001,50.4,79,47.915405,-3.456673
2024-07-23T10:26:39+00:00,129,7.1136,50.5,79,47.915417,-3.456655
2024-07-23T10:26:40+00:00,129,6.588,50.7,81,47.915432,-3.456642
2024-07-23T10:26:41+00:00,129,6.4512,50.8,81,47.915445,-3.456629
2024-07-23T10:26:42+00:00,129,6.408,50.9,80,47.915457,-3.456612
2024-07-23T10:26:43+00:00,129,6.2424,51.0,80,47.915468,-3.4566
2024-07-23T10:26:44+00:00,129,6.4728,51.2,80,47.915481,-3.456578
2024-07-23T10:26:45+00:00,129,6.566400000000001,51.3,79,47.915494,-3.456555
2024-07-23T10:26:46+00:00,129,7.5096,51.5,79,47.915514,-3.456527
2024-07-23T10:26:47+00:00,129,7.9848,51.7,80,47.915529,-3.456501
2024-07-23T10:26:48+00:00,129,8.5896,51.8,80,47.915541,-3.456481
2024-07-23T10:26:49+00:00,130,8.935200000000002,52.0,80,47.915557,-3.456459
2024-07-23T10:26:50+00:00,130,8.8992,52.2,80,47.915569,-3.456442
2024-07-23T10:26:51+00:00,130,7.9416,52.3,81,47.91558,-3.456429
2024-07-23T10:26:52+00:00,130,6.9192,52.4,81,47.91559,-3.456416
2024-07-23T10:26:53+00:00,131,6.408,52.5,81,47.915603,-3.456399
2024-07-23T10:26:54+00:00,131,5.8032,52.7,81,47.915615,-3.456381
2024-07-23T10:26:55+00:00,132,6.1344,52.9,81,47.915633,-3.456356
2024-07-23T10:26:56+00:00,133,6.5376,53.1,81,47.91565,-3.456333
2024-07-23T10:26:57+00:00,135,7.9272,53.3,81,47.915669,-3.45631
2024-07-23T10:26:58+00:00,145,9.1512,53.5,81,47.915691,-3.456283
2024-07-23T10:26:59+00:00,150,9.748800000000001,53.7,81,47.915706,-3.456266
2024-07-23T10:27:00+00:00,150,9.936,53.9,81,47.915722,-3.456249
2024-07-23T10:27:01+00:00,150,10.216800000000001,54.0,81,47.915738,-3.456231
2024-07-23T10:27:02+00:00,150,9.086400000000001,54.2,81,47.91575,-3.456217
2024-07-23T10:27:03+00:00,150,8.1576,54.4,81,47.915769,-3.456201
2024-07-23T10:27:04+00:00,150,8.064000000000002,54.6,81,47.915786,-3.456184
2024-07-23T10:27:05+00:00,150,7.300800000000001,54.7,81,47.9158,-3.45617
2024-07-23T10:27:06+00:00,150,6.631200000000001,54.9,81,47.915813,-3.456155
2024-07-23T10:27:07+00:00,150,7.1928,55.0,81,47.915828,-3.456133
2024-07-23T10:27:08+00:00,150,7.668,55.2,81,47.915844,-3.456114
2024-07-23T10:27:09+00:00,150,7.9632000000000005,55.4,81,47.91586,-3.45609
2024-07-23T10:27:10+00:00,150,7.596,55.5,81,47.915871,-3.456073
2024-07-23T10:27:11+00:00,150,8.0136,55.7,81,47.915885,-3.456051
2024-07-23T10:27:12+00:00,150,8.172,55.9,81,47.915899,-3.456024
2024-07-23T10:27:13+00:00,149,8.049600000000002,56.0,82,47.915914,-3.456003
2024-07-23T10:27:14+00:00,149,8.1792,56.2,82,47.915929,-3.455975
2024-07-23T10:27:15+00:00,149,9.0648,56.4,82,47.915941,-3.455945
2024-07-23T10:27:16+00:00,149,9.036,56.6,81,47.915952,-3.455922
2024-07-23T10:27:17+00:00,149,8.9712,56.7,81,47.915959,-3.455895
2024-07-23T10:27:18+00:00,149,8.6616,56.9,81,47.915965,-3.455873
2024-07-23T10:27:19+00:00,149,7.948800000000001,57.0,80,47.915975,-3.455853
2024-07-23T10:27:20+00:00,149,7.0632,57.2,80,47.915985,-3.455831
2024-07-23T10:27:21+00:00,149,6.8688,57.3,80,47.915993,-3.455803
2024-07-23T10:27:22+00:00,149,6.9264,57.5,80,47.915999,-3.455775
2024-07-23T10:27:23+00:00,149,7.1568000000000005,57.7,81,47.916003,-3.455746
2024-07-23T10:27:24+00:00,149,7.128,57.8,81,47.916006,-3.455722
2024-07-23T10:27:25+00:00,149,7.668,57.9,81,47.916009,-3.455696
2024-07-23T10:27:26+00:00,149,7.5672,58.1,81,47.916012,-3.455665
2024-07-23T10:27:27+00:00,149,7.4736,58.3,80,47.916014,-3.455637
2024-07-23T10:27:28+00:00,149,7.3872,58.4,80,47.916019,-3.455609
2024-07-23T10:27:29+00:00,149,7.516800000000001,58.5,81,47.916026,-3.455583
2024-07-23T10:27:30+00:00,148,7.2936,58.6,81,47.91603,-3.45556
2024-07-23T10:27:31+00:00,148,7.38,58.8,81,47.916035,-3.455537
2024-07-23T10:27:32+00:00,148,6.6024,58.9,81,47.916043,-3.455515
2024-07-23T10:27:33+00:00,148,6.4512,59.0,81,47.916051,-3.45549
2024-07-23T10:27:34+00:00,148,6.7968,59.2,81,47.916059,-3.45546
2024-07-23T10:27:35+00:00,148,7.0272,59.3,81,47.916066,-3.455427
2024-07-23T10:27:36+00:00,148,7.6752,59.5,81,47.916072,-3.455394
2024-07-23T10:27:37+00:00,148,8.7696,59.7,81,47.916081,-3.455366
2024-07-23T10:27:38+00:00,147,9.230400000000001,59.9,80,47.916091,-3.455334
2024-07-23T10:27:39+00:00,147,8.7984,60.0,79,47.916098,-3.455311
2024-07-23T10:27:40+00:00,147,8.877600000000001,60.2,79,47.916108,-3.455286
2024-07-23T10:27:41+00:00,147,8.035200000000001,60.4,79,47.916117,-3.455262
2024-07-23T10:27:42+00:00,147,7.6536,60.6,79,47.916124,-3.455233
2024-07-23T10:27:43+00:00,147,7.3511999999999995,60.8,80,47.91613,-3.455206
2024-07-23T10:27:44+00:00,147,7.8192,61.0,80,47.916137,-3.455174
2024-07-23T10:27:45+00:00,146,7.6896,61.1,79,47.916141,-3.455154
2024-07-23T10:27:46+00:00,146,7.488,61.2,79,47.916148,-3.455136
2024-07-23T10:27:47+00:00,146,7.1928,61.4,79,47.916156,-3.455115
2024-07-23T10:27:48+00:00,146,6.7896,61.6,79,47.91616,-3.45509
2024-07-23T10:27:49+00:00,146,6.8759999999999994,61.8,79,47.916166,-3.455054
2024-07-23T10:27:50+00:00,145,6.516,61.9,79,47.916169,-3.455034
2024-07-23T10:27:51+00:00,145,7.2864,62.2,79,47.916172,-3.455001
2024-07-23T10:27:52+00:00,144,7.74,62.4,79,47.916176,-3.454975
2024-07-23T10:27:53+00:00,144,7.7112,62.5,79,47.916181,-3.45495
2024-07-23T10:27:54+00:00,144,6.9768,62.7,80,47.916184,-3.454927
2024-07-23T10:27:55+00:00,144,7.3584000000000005,62.9,80,47.916189,-3.454904
2024-07-23T10:27:56+00:00,144,6.5088,63.1,81,47.916192,-3.454883
2024-07-23T10:27:57+00:00,144,5.904,63.2,81,47.916193,-3.454858
2024-07-23T10:27:58+00:00,144,6.3648,63.4,81,47.916193,-3.454829
2024-07-23T10:27:59+00:00,144,6.9048,63.7,80,47.916191,-3.454795
2024-07-23T10:28:00+00:00,144,6.6024,63.9,80,47.91619,-3.454774
2024-07-23T10:28:01+00:00,144,7.502400000000001,64.1,81,47.916185,-3.454738
2024-07-23T10:28:02+00:00,144,7.956,64.3,81,47.916175,-3.454712
2024-07-23T10:28:03+00:00,144,7.5527999999999995,64.5,81,47.916164,-3.454695
2024-07-23T10:28:04+00:00,145,7.610399999999999,64.7,80,47.916151,-3.454671
2024-07-23T10:28:05+00:00,145,7.632000000000001,64.8,80,47.916141,-3.454651
2024-07-23T10:28:06+00:00,145,7.0488,65.0,80,47.916133,-3.45463
2024-07-23T10:28:07+00:00,145,6.9552,65.1,80,47.916123,-3.454609
2024-07-23T10:28:08+00:00,145,7.516800000000001,65.2,81,47.916112,-3.454582
2024-07-23T10:28:09+00:00,146,7.452,65.2,81,47.916101,-3.454557
2024-07-23T10:28:10+00:00,146,7.934400000000001,65.3,80,47.916087,-3.454534
2024-07-23T10:28:11+00:00,146,8.215200000000001,65.3,79,47.916071,-3.454516
2024-07-23T10:28:12+00:00,146,8.424,65.4,79,47.916052,-3.454498
2024-07-23T10:28:13+00:00,146,8.7984,65.4,79,47.91603,-3.454472
2024-07-23T10:28:14+00:00,147,10.1952,65.5,80,47.916,-3.454448
2024-07-23T10:28:15+00:00,147,10.152,65.5,80,47.915981,-3.454435
2024-07-23T10:28:16+00:00,147,10.7208,65.6,80,47.915958,-3.45442
2024-07-23T10:28:17+00:00,147,10.9296,65.6,80,47.915936,-3.454405
2024-07-23T10:28:18+00:00,147,10.6056,65.6,80,47.915915,-3.45439
2024-07-23T10:28:19+00:00,147,9.648000000000001,65.7,80,47.915891,-3.454377
2024-07-23T10:28:20+00:00,147,10.2744,65.7,79,47.915866,-3.454359
2024-07-23T10:28:21+00:00,147,10.0944,65.7,80,47.915846,-3.454343
2024-07-23T10:28:22+00:00,148,10.044,65.7,81,47.915825,-3.454328
2024-07-23T10:28:23+00:00,148,9.813600000000001,65.8,81,47.915805,-3.454315
2024-07-23T10:28:24+00:00,148,9.54,65.8,82,47.915784,-3.454305
2024-07-23T10:28:25+00:00,149,9.1152,65.8,83,47.915764,-3.454293
2024-07-23T10:28:26+00:00,149,8.6688,65.9,82,47.915747,-3.454281
2024-07-23T10:28:27+00:00,150,8.4096,65.9,81,47.915728,-3.454269
2024-07-23T10:28:28+00:00,150,8.2296,66.0,81,47.91571,-3.454259
2024-07-23T10:28:29+00:00,150,8.0136,66.0,80,47.91569,-3.454248
2024-07-23T10:28:30+00:00,150,7.992000000000001,66.2,81,47.915667,-3.454236
2024-07-23T10:28:31+00:00,150,8.4384,66.3,81,47.915644,-3.454232
2024-07-23T10:28:32+00:00,150,8.6976,66.5,81,47.915621,-3.454222
2024-07-23T10:28:33+00:00,150,9.201600000000001,66.7,81,47.915596,-3.454218
2024-07-23T10:28:34+00:00,150,9.3528,66.9,81,47.915576,-3.454207
2024-07-23T10:28:35+00:00,150,9.395999999999999,67.1,81,47.915563,-3.454183
2024-07-23T10:28:36+00:00,150,9.2952,67.3,81,47.915552,-3.454151
2024-07-23T10:28:37+00:00,150,8.8416,67.5,81,47.915548,-3.454127
2024-07-23T10:28:38+00:00,150,8.784,67.8,81,47.915546,-3.454093
2024-07-23T10:28:39+00:00,150,8.3088,68.0,81,47.91554,-3.454069
2024-07-23T10:28:40+00:00,150,7.7616000000000005,68.2,82,47.915535,-3.454045
2024-07-23T10:28:41+00:00,150,7.4807999999999995,68.5,82,47.915525,-3.454018
2024-07-23T10:28:42+00:00,150,7.574400000000001,68.7,82,47.91552,-3.453992
2024-07-23T10:28:43+00:00,150,7.372800000000001,69.0,82,47.915517,-3.453962
2024-07-23T10:28:44+00:00,150,7.7472,69.2,82,47.915513,-3.453931
2024-07-23T10:28:45+00:00,150,7.9128,69.5,80,47.915509,-3.453905
2024-07-23T10:28:46+00:00,150,7.833600000000001,69.7,80,47.915506,-3.453876
2024-07-23T10:28:47+00:00,150,7.833600000000001,69.9,81,47.915499,-3.453849
2024-07-23T10:28:48+00:00,150,7.466399999999999,70.1,81,47.915494,-3.453828
2024-07-23T10:28:49+00:00,150,7.1496,70.2,81,47.915492,-3.453801
2024-07-23T10:28:50+00:00,150,7.1928,70.5,81,47.915486,-3.453772
2024-07-23T10:28:51+00:00,150,7.308,70.6,80,47.915479,-3.453747
2024-07-23T10:28:52+00:00,150,7.502400000000001,70.8,79,47.915473,-3.453718
2024-07-23T10:28:53+00:00,150,8.0568,71.0,79,47.915468,-3.453683
2024-07-23T10:28:54+00:00,151,8.035200000000001,71.1,79,47.915464,-3.45366
2024-07-23T10:28:55+00:00,151,8.1648,71.3,80,47.915462,-3.453629
2024-07-23T10:28:56+00:00,151,8.2656,71.4,80,47.915459,-3.453598
2024-07-23T10:28:57+00:00,151,8.1936,71.5,81,47.915458,-3.453569
2024-07-23T10:28:58+00:00,151,8.0424,71.7,82,47.915451,-3.453538
2024-07-23T10:28:59+00:00,151,8.395199999999999,71.8,82,47.915448,-3.453507
2024-07-23T10:29:00+00:00,152,8.208,71.9,82,47.915447,-3.453481
2024-07-23T10:29:01+00:00,152,8.1648,72.0,82,47.915444,-3.453449
2024-07-23T10:29:02+00:00,152,7.9632000000000005,72.0,81,47.915438,-3.453423
2024-07-23T10:29:03+00:00,152,7.776000000000001,72.1,80,47.915436,-3.453395
2024-07-23T10:29:04+00:00,152,7.920000000000001,72.3,80,47.915432,-3.45336
2024-07-23T10:29:05+00:00,152,8.1432,72.4,80,47.915432,-3.45333
2024-07-23T10:29:06+00:00,152,8.020800000000001,72.4,79,47.915435,-3.453302
2024-07-23T10:29:07+00:00,153,8.5824,72.6,79,47.915436,-3.453266
2024-07-23T10:29:08+00:00,153,8.380799999999999,72.6,79,47.915436,-3.453241
2024-07-23T10:29:09+00:00,153,8.064000000000002,72.7,79,47.915436,-3.453212
2024-07-23T10:29:10+00:00,153,8.2584,72.9,79,47.915433,-3.453176
2024-07-23T10:29:11+00:00,153,8.4456,73.0,79,47.91543,-3.453145
2024-07-23T10:29:12+00:00,153,8.071200000000001,73.1,80,47.915432,-3.453116
2024-07-23T10:29:13+00:00,153,8.1864,73.1,80,47.91543,-3.453088
2024-07-23T10:29:14+00:00,153,8.1576,73.2,79,47.915426,-3.45306
2024-07-23T10:29:15+00:00,153,7.704000000000001,73.3,79,47.915424,-3.453032
2024-07-23T10:29:16+00:00,153,7.848000000000001,73.5,79,47.915422,-3.452997
2024-07-23T10:29:17+00:00,153,7.920000000000001,73.6,79,47.915418,-3.452968
2024-07-23T10:29:18+00:00,153,8.1936,73.7,80,47.915416,-3.452936
2024-07-23T10:29:19+00:00,153,8.8416,73.8,80,47.915412,-3.452897
2024-07-23T10:29:20+00:00,153,8.928,74.0,80,47.915407,-3.45287
2024-07-23T10:29:21+00:00,153,8.64,74.1,80,47.915404,-3.452841
2024-07-23T10:29:22+00:00,153,8.784,74.2,80,47.915399,-3.452806
2024-07-23T10:29:23+00:00,153,8.762400000000001,74.3,79,47.915394,-3.452777
2024-07-23T10:29:24+00:00,153,8.330400000000001,74.4,79,47.915391,-3.452744
2024-07-23T10:29:25+00:00,153,8.7192,74.5,79,47.915384,-3.452711
2024-07-23T10:29:26+00:00,153,8.64,74.5,80,47.915383,-3.452685
2024-07-23T10:29:27+00:00,153,8.4456,74.6,81,47.915381,-3.452654
2024-07-23T10:29:28+00:00,153,8.503200000000001,74.6,80,47.915376,-3.452623
2024-07-23T10:29:29+00:00,153,8.236799999999999,74.7,80,47.915372,-3.452596
2024-07-23T10:29:30+00:00,153,7.992000000000001,74.7,80,47.915367,-3.452566
2024-07-23T10:29:31+00:00,153,8.4672,74.7,79,47.915363,-3.452527
2024-07-23T10:29:32+00:00,153,8.503200000000001,74.7,80,47.915361,-3.452496
2024-07-23T10:29:33+00:00,153,8.7408,74.8,81,47.915357,-3.45246
2024-07-23T10:29:34+00:00,153,9.1872,74.8,81,47.915352,-3.452425
2024-07-23T10:29:35+00:00,153,9.468,74.8,81,47.91535,-3.452391
2024-07-23T10:29:36+00:00,153,9.3816,74.8,81,47.915346,-3.452355
2024-07-23T10:29:37+00:00,153,9.4104,74.9,81,47.915341,-3.452321
2024-07-23T10:29:38+00:00,153,9.4536,74.9,81,47.915336,-3.452287
2024-07-23T10:29:39+00:00,153,9.6768,75.0,81,47.915328,-3.452251
2024-07-23T10:29:40+00:00,153,9.1584,75.0,81,47.915323,-3.452224
2024-07-23T10:29:41+00:00,153,8.9856,75.1,81,47.915319,-3.452194
2024-07-23T10:29:42+00:00,153,9.107999999999999,75.1,81,47.915314,-3.452162
2024-07-23T10:29:43+00:00,153,8.5392,75.2,81,47.91531,-3.45213
2024-07-23T10:29:44+00:00,153,9.0576,75.2,82,47.915303,-3.452085
2024-07-23T10:29:45+00:00,153,9.5904,75.3,82,47.915298,-3.45205
2024-07-23T10:29:46+00:00,153,9.6552,75.3,82,47.915295,-3.452016
2024-07-23T10:29:47+00:00,153,9.878400000000001,75.3,82,47.915291,-3.451979
2024-07-23T10:29:48+00:00,153,10.2528,75.3,81,47.915287,-3.451945
2024-07-23T10:29:49+00:00,152,9.468,75.3,81,47.915282,-3.451909
2024-07-23T10:29:50+00:00,152,10.3176,75.3,81,47.915275,-3.451861
2024-07-23T10:29:51+00:00,152,10.4328,75.2,81,47.91527,-3.451826
2024-07-23T10:29:52+00:00,152,10.8936,75.2,81,47.915262,-3.451783
2024-07-23T10:29:53+00:00,152,10.836,75.1,81,47.915258,-3.451749
2024-07-23T10:29:54+00:00,152,10.677600000000002,75.0,80,47.915258,-3.451714
2024-07-23T10:29:55+00:00,153,9.684,75.0,80,47.915265,-3.451684
2024-07-23T10:29:56+00:00,153,9.475200000000001,74.9,80,47.915283,-3.451652
2024-07-23T10:29:57+00:00,153,8.8344,74.9,80,47.9153,-3.451628
2024-07-23T10:29:58+00:00,153,8.733600000000001,74.8,80,47.915321,-3.451609
2024-07-23T10:29:59+00:00,153,9.6264,74.8,80,47.915357,-3.451609
2024-07-23T10:30:00+00:00,153,10.792800000000002,74.8,79,47.91539,-3.451599
2024-07-23T10:30:01+00:00,153,11.0448,74.8,78,47.915414,-3.451594
2024-07-23T10:30:02+00:00,153,11.3832,74.9,78,47.91544,-3.451589
2024-07-23T10:30:03+00:00,153,11.879999999999999,74.9,77,47.915466,-3.451585
2024-07-23T10:30:04+00:00,153,11.0808,75.0,77,47.91549,-3.45158
2024-07-23T10:30:05+00:00,153,10.0224,75.0,76,47.915514,-3.451578
2024-07-23T10:30:06+00:00,152,10.476,74.9,76,47.915545,-3.451595
2024-07-23T10:30:07+00:00,152,10.5552,74.9,77,47.915572,-3.451609
2024-07-23T10:30:08+00:00,152,11.0232,74.8,77,47.915598,-3.45163
2024-07-23T10:30:09+00:00,152,11.9664,74.8,79,47.915626,-3.451656
2024-07-23T10:30:10+00:00,152,11.9016,74.8,79,47.915645,-3.451678
2024-07-23T10:30:11+00:00,152,11.5128,74.8,81,47.915688,-3.451723
2024-07-23T10:30:12+00:00,151,11.548800000000002,74.9,81,47.915707,-3.451744
2024-07-23T10:30:13+00:00,150,10.764000000000001,74.9,81,47.915724,-3.451767
2024-07-23T10:30:14+00:00,150,9.892800000000001,74.9,80,47.915741,-3.45179
2024-07-23T10:30:15+00:00,150,9.9648,75.0,80,47.915757,-3.451817
2024-07-23T10:30:16+00:00,150,9.8568,75.1,82,47.915771,-3.451852
2024-07-23T10:30:17+00:00,150,9.7272,75.1,82,47.915785,-3.451885
2024-07-23T10:30:18+00:00,150,9.9072,75.2,82,47.915795,-3.45191
2024-07-23T10:30:19+00:00,150,9.662400000000002,75.2,80,47.915808,-3.451938
2024-07-23T10:30:20+00:00,150,9.6768,75.3,80,47.915819,-3.451967
2024-07-23T10:30:21+00:00,150,9.4968,75.3,80,47.915827,-3.45199
2024-07-23T10:30:22+00:00,149,8.7048,75.3,80,47.915837,-3.452008
