timestamp,hr,paceKmh,elevationM,cadence,lat,lon
2025-02-27T11:13:52+00:00,91,,0.0,,,
2025-02-27T11:13:53+00:00,90,,0.0,,,
2025-02-27T11:13:54+00:00,92,,0.0,,,
2025-02-27T11:13:55+00:00,92,,0.0,,,
2025-02-27T11:13:56+00:00,93,,0.0,,,
2025-02-27T11:13:58+00:00,92,,0.0,,,
2025-02-27T11:13:59+00:00,91,,0.0,,,
2025-02-27T11:14:02+00:00,90,,0.0,,,
2025-02-27T11:14:06+00:00,89,,0.0,,,
2025-02-27T11:14:07+00:00,88,,0.0,,,
2025-02-27T11:14:09+00:00,87,,0.0,,,
2025-02-27T11:14:12+00:00,88,,0.0,,,
2025-02-27T11:14:16+00:00,89,,0.0,,,
2025-02-27T11:14:17+00:00,91,,0.0,,,
2025-02-27T11:14:18+00:00,92,,0.0,,,
2025-02-27T11:14:19+00:00,95,,0.0,,,
2025-02-27T11:14:20+00:00,99,,0.0,,,
2025-02-27T11:14:21+00:00,103,,0.0,,,
2025-02-27T11:14:22+00:00,106,,0.0,,,
2025-02-27T11:14:23+00:00,108,,0.0,,,
2025-02-27T11:14:28+00:00,108,,0.0,,,
2025-02-27T11:14:29+00:00,108,,0.0,,,
2025-02-27T11:14:30+00:00,108,,0.0,,,
2025-02-27T11:14:31+00:00,110,,0.0,,,
2025-02-27T11:14:32+00:00,110,,0.0,,,
2025-02-27T11:14:33+00:00,111,,0.0,,,
2025-02-27T11:14:34+00:00,113,,0.0,,,
2025-02-27T11:14:35+00:00,113,,0.0,,,
2025-02-27T11:14:36+00:00,114,,0.0,,,
2025-02-27T11:14:37+00:00,115,,0.0,,,
2025-02-27T11:14:38+00:00,112,,0.0,,,
2025-02-27T11:14:39+00:00,105,,0.0,,,
2025-02-27T11:14:40+00:00,89,,0.0,,,
2025-02-27T11:14:41+00:00,80,,0.0,,,
2025-02-27T11:14:42+00:00,78,,0.0,,,
2025-02-27T11:14:43+00:00,78,,0.0,,,
2025-02-27T11:14:44+00:00,78,,0.0,,,
2025-02-27T11:14:45+00:00,79,,0.0,,,
2025-02-27T11:14:46+00:00,79,,0.0,,,
2025-02-27T11:14:47+00:00,80,,0.0,,,
2025-02-27T11:14:48+00:00,80,,0.0,,,
2025-02-27T11:14:49+00:00,81,,0.0,,,
2025-02-27T11:14:50+00:00,83,,0.0,,,
2025-02-27T11:14:51+00:00,84,,0.0,,,
2025-02-27T11:14:52+00:00,85,,0.0,,,
2025-02-27T11:14:53+00:00,86,,0.0,,,
2025-02-27T11:14:54+00:00,86,,0.0,,,
2025-02-27T11:14:55+00:00,86,,0.0,,,
2025-02-27T11:14:56+00:00,86,,0.0,,,
2025-02-27T11:14:57+00:00,87,,0.0,,,
2025-02-27T11:14:58+00:00,87,,0.0,,,
2025-02-27T11:14:59+00:00,87,,0.0,,,
2025-02-27T11:15:00+00:00,87,,0.0,,,
2025-02-27T11:15:01+00:00,87,,0.0,,,
2025-02-27T11:15:02+00:00,88,,0.0,,,
2025-02-27T11:15:03+00:00,88,,0.0,,,
2025-02-27T11:15:04+00:00,88,,0.0,,,
2025-02-27T11:15:05+00:00,87,,0.0,,,
2025-02-27T11:15:06+00:00,86,,0.0,,,
2025-02-27T11:15:07+00:00,85,,0.0,,,
2025-02-27T11:15:08+00:00,83,,0.0,,,
2025-02-27T11:15:11+00:00,84,,0.0,,,
2025-02-27T11:15:13+00:00,85,,0.0,,,
2025-02-27T11:15:15+00:00,86,,0.0,,,
2025-02-27T11:15:16+00:00,90,,0.0,,,
2025-02-27T11:15:17+00:00,100,,0.0,,,
2025-02-27T11:15:18+00:00,102,,0.0,,,
2025-02-27T11:15:19+00:00,103,,0.0,,,
2025-02-27T11:15:22+00:00,104,,0.0,,,
2025-02-27T11:15:23+00:00,103,,0.0,,,
2025-02-27T11:15:24+00:00,103,,0.0,,,
2025-02-27T11:15:25+00:00,104,,0.0,,,
2025-02-27T11:15:26+00:00,104,,0.0,,,
2025-02-27T11:15:27+00:00,104,,0.0,,,
2025-02-27T11:15:28+00:00,104,,0.0,,,
2025-02-27T11:15:29+00:00,105,,0.0,,,
2025-02-27T11:15:30+00:00,105,,0.0,,,
2025-02-27T11:15:31+00:00,105,,0.0,,,
2025-02-27T11:15:32+00:00,105,,0.0,,,
2025-02-27T11:15:33+00:00,106,,0.0,,,
2025-02-27T11:15:34+00:00,106,,0.0,,,
2025-02-27T11:15:35+00:00,107,,0.0,,,
2025-02-27T11:15:36+00:00,107,,0.0,,,
2025-02-27T11:15:37+00:00,107,,0.0,,,
2025-02-27T11:15:38+00:00,107,,0.0,,,
2025-02-27T11:15:39+00:00,108,,0.0,,,
2025-02-27T11:15:40+00:00,108,,0.0,,,
2025-02-27T11:15:41+00:00,108,,0.0,,,
2025-02-27T11:15:42+00:00,107,,0.0,,,
2025-02-27T11:15:43+00:00,107,,0.0,,,
2025-02-27T11:15:44+00:00,107,,0.0,,,
2025-02-27T11:15:45+00:00,107,,0.0,,,
2025-02-27T11:15:46+00:00,106,,0.0,,,
2025-02-27T11:15:47+00:00,106,,0.0,,,
2025-02-27T11:15:48+00:00,106,,0.0,,,
2025-02-27T11:15:49+00:00,105,,0.0,,,
2025-02-27T11:15:50+00:00,105,,0.0,,,
2025-02-27T11:15:51+00:00,105,,0.0,,,
2025-02-27T11:15:52+00:00,105,,0.0,,,
2025-02-27T11:15:53+00:00,105,,0.0,,,
2025-02-27T11:15:54+00:00,105,,0.0,,,
2025-02-27T11:15:55+00:00,105,,0.0,,,
2025-02-27T11:15:56+00:00,105,,0.0,,,
2025-02-27T11:15:57+00:00,106,,0.0,,,
2025-02-27T11:15:58+00:00,105,,0.0,,,
2025-02-27T11:16:02+00:00,104,,0.0,,,
2025-02-27T11:16:03+00:00,105,,0.0,,,
2025-02-27T11:16:04+00:00,107,,0.0,,,
2025-02-27T11:16:05+00:00,109,,0.0,,,
2025-02-27T11:16:06+00:00,112,,0.0,,,
2025-02-27T11:16:07+00:00,111,,0.0,,,
2025-02-27T11:16:08+00:00,109,,0.0,,,
2025-02-27T11:16:09+00:00,108,,0.0,,,
2025-02-27T11:16:11+00:00,106,,0.0,,,
2025-02-27T11:16:12+00:00,105,,0.0,,,
2025-02-27T11:16:13+00:00,104,,0.0,,,
2025-02-27T11:16:14+00:00,103,,0.0,,,
2025-02-27T11:16:15+00:00,102,,0.0,,,
2025-02-27T11:16:16+00:00,103,,0.0,,,
2025-02-27T11:16:17+00:00,102,,0.0,,,
2025-02-27T11:16:18+00:00,101,,0.0,,,
2025-02-27T11:16:21+00:00,100,,0.0,,,
2025-02-27T11:16:25+00:00,99,,0.0,,,
2025-02-27T11:16:26+00:00,100,,0.0,,,
2025-02-27T11:16:30+00:00,99,,0.0,,,
2025-02-27T11:16:33+00:00,98,,0.0,,,
2025-02-27T11:16:36+00:00,97,,0.0,,,
2025-02-27T11:16:43+00:00,96,,0.0,,,
2025-02-27T11:16:48+00:00,95,,0.0,,,
2025-02-27T11:16:49+00:00,95,,0.0,,,
2025-02-27T11:16:50+00:00,96,,0.0,,,
2025-02-27T11:16:51+00:00,97,,0.0,,,
2025-02-27T11:16:52+00:00,97,,0.0,,,
2025-02-27T11:16:53+00:00,97,,0.0,,,
2025-02-27T11:16:54+00:00,97,,0.0,,,
2025-02-27T11:16:55+00:00,97,,0.0,,,
2025-02-27T11:16:56+00:00,98,,0.0,,,
2025-02-27T11:16:57+00:00,99,,0.0,,,
2025-02-27T11:16:58+00:00,100,,0.0,,,
2025-02-27T11:16:59+00:00,100,,0.0,,,
2025-02-27T11:17:00+00:00,101,,0.0,,,
2025-02-27T11:17:01+00:00,101,,0.0,,,
2025-02-27T11:17:02+00:00,101,,0.0,,,
2025-02-27T11:17:03+00:00,101,,0.0,,,
2025-02-27T11:17:04+00:00,100,,0.0,,,
2025-02-27T11:17:05+00:00,96,,0.0,,,
2025-02-27T11:17:06+00:00,96,,0.0,,,
2025-02-27T11:17:07+00:00,95,,0.0,,,
2025-02-27T11:17:09+00:00,96,,0.0,,,
2025-02-27T11:17:11+00:00,95,,0.0,,,
2025-02-27T11:17:13+00:00,94,,0.0,,,
2025-02-27T11:17:17+00:00,93,,0.0,,,
2025-02-27T11:17:23+00:00,92,,0.0,,,
2025-02-27T11:17:26+00:00,93,,0.0,,,
2025-02-27T11:17:31+00:00,91,,0.0,,,
2025-02-27T11:17:33+00:00,90,,0.0,,,
2025-02-27T11:17:34+00:00,89,,0.0,,,
2025-02-27T11:17:42+00:00,88,,0.0,,,
2025-02-27T11:17:44+00:00,86,,0.0,,,
2025-02-27T11:17:45+00:00,85,,0.0,,,
2025-02-27T11:17:46+00:00,84,,0.0,,,
2025-02-27T11:17:48+00:00,83,,0.0,,,
2025-02-27T11:17:49+00:00,84,,0.0,,,
2025-02-27T11:17:50+00:00,87,,0.0,,,
2025-02-27T11:17:51+00:00,88,,0.0,,,
2025-02-27T11:17:52+00:00,89,,0.0,,,
2025-02-27T11:17:55+00:00,88,,0.0,,,
2025-02-27T11:17:57+00:00,87,,0.0,,,
2025-02-27T11:17:58+00:00,86,,0.0,,,
2025-02-27T11:17:59+00:00,85,,0.0,,,
2025-02-27T11:18:00+00:00,85,,0.0,,,
2025-02-27T11:18:01+00:00,86,,0.0,,,
2025-02-27T11:18:02+00:00,86,,0.0,,,
2025-02-27T11:18:03+00:00,87,,0.0,,,
2025-02-27T11:18:04+00:00,86,,0.0,,,
2025-02-27T11:18:05+00:00,86,,0.0,,,
2025-02-27T11:18:06+00:00,86,,0.0,,,
2025-02-27T11:18:07+00:00,85,,0.0,,,
2025-02-27T11:18:08+00:00,85,,0.0,,,
2025-02-27T11:18:09+00:00,85,,0.0,,,
2025-02-27T11:18:10+00:00,82,,0.0,,,
2025-02-27T11:18:11+00:00,81,,0.0,,,
2025-02-27T11:18:12+00:00,81,,0.0,,,
2025-02-27T11:18:13+00:00,82,,0.0,,,
2025-02-27T11:18:14+00:00,82,,0.0,,,
2025-02-27T11:18:15+00:00,82,,0.0,,,
2025-02-27T11:18:16+00:00,83,,0.0,,,
2025-02-27T11:18:17+00:00,83,,0.0,,,
2025-02-27T11:18:18+00:00,84,,0.0,,,
2025-02-27T11:18:19+00:00,84,,0.0,,,
2025-02-27T11:18:20+00:00,84,,0.0,,,
2025-02-27T11:18:21+00:00,85,,0.0,,,
2025-02-27T11:18:22+00:00,86,,0.0,,,
2025-02-27T11:18:23+00:00,86,,0.0,,,
2025-02-27T11:18:24+00:00,87,,0.0,,,
2025-02-27T11:18:25+00:00,88,,0.0,,,
2025-02-27T11:18:26+00:00,88,,0.0,,,
2025-02-27T11:18:27+00:00,89,,0.0,,,
2025-02-27T11:18:28+00:00,90,,0.0,,,
2025-02-27T11:18:31+00:00,92,,0.0,,,
2025-02-27T11:18:33+00:00,93,,0.0,,,
2025-02-27T11:18:35+00:00,92,,0.0,,,
2025-02-27T11:18:38+00:00,93,,0.0,,,
2025-02-27T11:18:41+00:00,94,,0.0,,,
2025-02-27T11:18:42+00:00,95,,0.0,,,
2025-02-27T11:18:43+00:00,96,,0.0,,,
2025-02-27T11:18:47+00:00,97,,0.0,,,
2025-02-27T11:18:51+00:00,96,,0.0,,,
2025-02-27T11:18:56+00:00,95,,0.0,,,
2025-02-27T11:18:59+00:00,94,,0.0,,,
2025-02-27T11:19:00+00:00,96,,0.0,,,
2025-02-27T11:19:01+00:00,98,,0.0,,,
2025-02-27T11:19:02+00:00,100,,0.0,,,
2025-02-27T11:19:05+00:00,101,,0.0,,,
2025-02-27T11:19:13+00:00,100,,0.0,,,
2025-02-27T11:19:14+00:00,99,,0.0,,,
2025-02-27T11:19:15+00:00,98,,0.0,,,
2025-02-27T11:19:16+00:00,95,,0.0,,,
2025-02-27T11:19:17+00:00,89,,0.0,,,
2025-02-27T11:19:18+00:00,85,,0.0,,,
2025-02-27T11:19:19+00:00,81,,0.0,,,
2025-02-27T11:19:20+00:00,79,,0.0,,,
2025-02-27T11:19:21+00:00,78,,0.0,,,
2025-02-27T11:19:22+00:00,76,,0.0,,,
2025-02-27T11:19:25+00:00,75,,0.0,,,
2025-02-27T11:19:27+00:00,76,,0.0,,,
2025-02-27T11:19:29+00:00,77,,0.0,,,
2025-02-27T11:19:30+00:00,76,,0.0,,,
2025-02-27T11:19:31+00:00,77,,0.0,,,
2025-02-27T11:19:34+00:00,78,,0.0,,,
2025-02-27T11:19:35+00:00,77,,0.0,,,
2025-02-27T11:19:38+00:00,78,,0.0,,,
2025-02-27T11:19:39+00:00,79,,0.0,,,
2025-02-27T11:19:50+00:00,80,,0.0,,,
2025-02-27T11:19:58+00:00,81,,0.0,,,
2025-02-27T11:19:59+00:00,82,,0.0,,,
2025-02-27T11:20:01+00:00,83,,0.0,,,
2025-02-27T11:20:02+00:00,82,,0.0,,,
2025-02-27T11:20:03+00:00,81,,0.0,,,
2025-02-27T11:20:04+00:00,79,,0.0,,,
2025-02-27T11:20:08+00:00,81,,0.0,,,
2025-02-27T11:20:09+00:00,81,,0.0,,,
2025-02-27T11:20:10+00:00,81,,0.0,,,
2025-02-27T11:20:11+00:00,82,,0.0,,,
2025-02-27T11:20:12+00:00,90,,0.0,,,
2025-02-27T11:20:13+00:00,94,,0.0,,,
2025-02-27T11:20:14+00:00,98,,0.0,,,
2025-02-27T11:20:15+00:00,100,,0.0,,,
2025-02-27T11:20:16+00:00,101,,0.0,,,
2025-02-27T11:20:17+00:00,102,,0.0,,,
2025-02-27T11:20:18+00:00,102,,0.0,,,
2025-02-27T11:20:19+00:00,102,,0.0,,,
2025-02-27T11:20:20+00:00,103,,0.0,,,
2025-02-27T11:20:21+00:00,103,,0.0,,,
2025-02-27T11:20:22+00:00,102,,0.0,,,
2025-02-27T11:20:23+00:00,101,,0.0,,,
2025-02-27T11:20:24+00:00,102,,0.0,,,
2025-02-27T11:20:25+00:00,104,,0.0,,,
2025-02-27T11:20:26+00:00,106,,0.0,,,
2025-02-27T11:20:27+00:00,108,,0.0,,,
2025-02-27T11:20:28+00:00,108,,0.0,,,
2025-02-27T11:20:29+00:00,108,,0.0,,,
2025-02-27T11:20:30+00:00,109,,0.0,,,
2025-02-27T11:20:31+00:00,110,,0.0,,,
2025-02-27T11:20:32+00:00,111,,0.0,,,
2025-02-27T11:20:33+00:00,111,,0.0,,,
2025-02-27T11:20:34+00:00,111,,0.0,,,
2025-02-27T11:20:35+00:00,111,,0.0,,,
2025-02-27T11:20:36+00:00,110,,0.0,,,
2025-02-27T11:20:37+00:00,110,,0.0,,,
2025-02-27T11:20:38+00:00,110,,0.0,,,
2025-02-27T11:20:39+00:00,110,,0.0,,,
2025-02-27T11:20:40+00:00,109,,0.0,,,
2025-02-27T11:20:41+00:00,110,,0.0,,,
2025-02-27T11:20:42+00:00,110,,0.0,,,
2025-02-27T11:20:43+00:00,110,,0.0,,,
2025-02-27T11:20:44+00:00,110,,0.0,,,
2025-02-27T11:20:45+00:00,111,,0.0,,,
2025-02-27T11:20:46+00:00,111,,0.0,,,
2025-02-27T11:20:47+00:00,111,,0.0,,,
2025-02-27T11:20:48+00:00,111,,0.0,,,
2025-02-27T11:20:50+00:00,113,,0.0,,,
2025-02-27T11:20:51+00:00,114,,0.0,,,
2025-02-27T11:20:53+00:00,113,,0.0,,,
2025-02-27T11:20:56+00:00,112,,0.0,,,
2025-02-27T11:20:57+00:00,111,,0.0,,,
2025-02-27T11:20:59+00:00,110,,0.0,,,
2025-02-27T11:21:01+00:00,109,,0.0,,,
2025-02-27T11:21:02+00:00,108,,0.0,,,
2025-02-27T11:21:03+00:00,107,,0.0,,,
2025-02-27T11:21:05+00:00,106,,0.0,,,
2025-02-27T11:21:08+00:00,105,,0.0,,,
2025-02-27T11:21:11+00:00,106,,0.0,,,
2025-02-27T11:21:13+00:00,105,,0.0,,,
2025-02-27T11:21:14+00:00,106,,0.0,,,
2025-02-27T11:21:17+00:00,105,,0.0,,,
2025-02-27T11:21:21+00:00,104,,0.0,,,
2025-02-27T11:21:22+00:00,103,,0.0,,,
2025-02-27T11:21:23+00:00,104,,0.0,,,
2025-02-27T11:21:26+00:00,103,,0.0,,,
2025-02-27T11:21:29+00:00,102,,0.0,,,
2025-02-27T11:21:30+00:00,101,,0.0,,,
2025-02-27T11:21:32+00:00,100,,0.0,,,
2025-02-27T11:21:33+00:00,99,,0.0,,,
2025-02-27T11:21:34+00:00,98,,0.0,,,
2025-02-27T11:21:35+00:00,99,,0.0,,,
2025-02-27T11:21:36+00:00,101,,0.0,,,
2025-02-27T11:21:37+00:00,103,,0.0,,,
2025-02-27T11:21:38+00:00,105,,0.0,,,
2025-02-27T11:21:39+00:00,109,,0.0,,,
2025-02-27T11:21:40+00:00,110,,0.0,,,
2025-02-27T11:21:47+00:00,111,,0.0,,,
2025-02-27T11:21:48+00:00,110,,0.0,,,
2025-02-27T11:21:51+00:00,111,,0.0,,,
2025-02-27T11:21:52+00:00,110,,0.0,,,
2025-02-27T11:21:53+00:00,112,,0.0,,,
2025-02-27T11:21:54+00:00,137,,0.0,,,
2025-02-27T11:21:55+00:00,140,,0.0,,,
2025-02-27T11:21:56+00:00,140,,0.0,,,
2025-02-27T11:22:00+00:00,139,,0.0,,,
2025-02-27T11:22:03+00:00,138,,0.0,,,
2025-02-27T11:22:05+00:00,138,,0.0,,,
2025-02-27T11:22:06+00:00,139,,0.0,,,
2025-02-27T11:22:07+00:00,138,,0.0,,,
2025-02-27T11:22:08+00:00,138,,0.0,,,
2025-02-27T11:22:09+00:00,137,,0.0,,,
2025-02-27T11:22:10+00:00,137,,0.0,,,
2025-02-27T11:22:11+00:00,138,,0.0,,,
2025-02-27T11:22:12+00:00,138,,0.0,,,
2025-02-27T11:22:13+00:00,138,,0.0,,,
2025-02-27T11:22:14+00:00,138,,0.0,,,
2025-02-27T11:22:15+00:00,139,,0.0,,,
2025-02-27T11:22:16+00:00,139,,0.0,,,
2025-02-27T11:22:17+00:00,140,,0.0,,,
2025-02-27T11:22:18+00:00,140,,0.0,,,
2025-02-27T11:22:19+00:00,139,,0.0,,,
2025-02-27T11:22:20+00:00,139,,0.0,,,
2025-02-27T11:22:21+00:00,138,,0.0,,,
2025-02-27T11:22:22+00:00,139,,0.0,,,
2025-02-27T11:22:23+00:00,139,,0.0,,,
2025-02-27T11:22:24+00:00,139,,0.0,,,
2025-02-27T11:22:25+00:00,139,,0.0,,,
2025-02-27T11:22:26+00:00,141,,0.0,,,
2025-02-27T11:22:27+00:00,143,,0.0,,,
2025-02-27T11:22:28+00:00,141,,0.0,,,
2025-02-27T11:22:29+00:00,140,,0.0,,,
2025-02-27T11:22:31+00:00,138,,0.0,,,
2025-02-27T11:22:32+00:00,135,,0.0,,,
2025-02-27T11:22:33+00:00,134,,0.0,,,
2025-02-27T11:22:35+00:00,133,,0.0,,,
2025-02-27T11:22:36+00:00,132,,0.0,,,
2025-02-27T11:22:37+00:00,130,,0.0,,,
2025-02-27T11:22:38+00:00,128,,0.0,,,
2025-02-27T11:22:39+00:00,126,,0.0,,,
2025-02-27T11:22:41+00:00,125,,0.0,,,
2025-02-27T11:22:45+00:00,126,,0.0,,,
2025-02-27T11:22:48+00:00,127,,0.0,,,
2025-02-27T11:22:51+00:00,128,,0.0,,,
2025-02-27T11:22:54+00:00,129,,0.0,,,
2025-02-27T11:22:55+00:00,138,,0.0,,,
2025-02-27T11:22:56+00:00,151,,0.0,,,
2025-02-27T11:22:57+00:00,154,,0.0,,,
2025-02-27T11:22:58+00:00,153,,0.0,,,
2025-02-27T11:23:00+00:00,152,,0.0,,,
2025-02-27T11:23:07+00:00,153,,0.0,,,
2025-02-27T11:23:08+00:00,152,,0.0,,,
2025-02-27T11:23:10+00:00,151,,0.0,,,
2025-02-27T11:23:11+00:00,148,,0.0,,,
2025-02-27T11:23:14+00:00,147,,0.0,,,
2025-02-27T11:23:15+00:00,146,,0.0,,,
2025-02-27T11:23:16+00:00,144,,0.0,,,
2025-02-27T11:23:17+00:00,140,,0.0,,,
2025-02-27T11:23:18+00:00,137,,0.0,,,
2025-02-27T11:23:19+00:00,135,,0.0,,,
2025-02-27T11:23:20+00:00,134,,0.0,,,
2025-02-27T11:23:23+00:00,133,,0.0,,,
2025-02-27T11:23:24+00:00,130,,0.0,,,
2025-02-27T11:23:25+00:00,129,,0.0,,,
2025-02-27T11:23:26+00:00,128,,0.0,,,
2025-02-27T11:23:29+00:00,128,,0.0,,,
2025-02-27T11:23:30+00:00,128,,0.0,,,
2025-02-27T11:23:31+00:00,128,,0.0,,,
2025-02-27T11:23:32+00:00,129,,0.0,,,
2025-02-27T11:23:33+00:00,129,,0.0,,,
2025-02-27T11:23:34+00:00,129,,0.0,,,
2025-02-27T11:23:35+00:00,129,,0.0,,,
2025-02-27T11:23:36+00:00,130,,0.0,,,
2025-02-27T11:23:37+00:00,129,,0.0,,,
2025-02-27T11:23:38+00:00,129,,0.0,,,
2025-02-27T11:23:39+00:00,130,,0.0,,,
2025-02-27T11:23:40+00:00,131,,0.0,,,
2025-02-27T11:23:41+00:00,132,,0.0,,,
2025-02-27T11:23:42+00:00,132,,0.0,,,
2025-02-27T11:23:43+00:00,133,,0.0,,,
2025-02-27T11:23:44+00:00,133,,0.0,,,
2025-02-27T11:23:45+00:00,134,,0.0,,,
2025-02-27T11:23:46+00:00,135,,0.0,,,
2025-02-27T11:23:47+00:00,135,,0.0,,,
2025-02-27T11:23:48+00:00,135,,0.0,,,
2025-02-27T11:23:49+00:00,135,,0.0,,,
2025-02-27T11:23:50+00:00,134,,0.0,,,
2025-02-27T11:23:51+00:00,134,,0.0,,,
2025-02-27T11:23:52+00:00,135,,0.0,,,
2025-02-27T11:23:53+00:00,135,,0.0,,,
2025-02-27T11:23:54+00:00,135,,0.0,,,
2025-02-27T11:23:56+00:00,134,,0.0,,,
2025-02-27T11:23:57+00:00,133,,0.0,,,
2025-02-27T11:24:00+00:00,132,,0.0,,,
2025-02-27T11:24:05+00:00,131,,0.0,,,
2025-02-27T11:24:06+00:00,132,,0.0,,,
2025-02-27T11:24:08+00:00,171,,0.0,,,
2025-02-27T11:24:09+00:00,171,,0.0,,,
2025-02-27T11:24:12+00:00,170,,0.0,,,
2025-02-27T11:24:20+00:00,169,,0.0,,,
2025-02-27T11:24:22+00:00,168,,0.0,,,
2025-02-27T11:24:23+00:00,167,,0.0,,,
2025-02-27T11:24:24+00:00,166,,0.0,,,
2025-02-27T11:24:25+00:00,165,,0.0,,,
2025-02-27T11:24:26+00:00,164,,0.0,,,
2025-02-27T11:24:27+00:00,163,,0.0,,,
2025-02-27T11:24:29+00:00,162,,0.0,,,
2025-02-27T11:24:30+00:00,161,,0.0,,,
2025-02-27T11:24:31+00:00,160,,0.0,,,
2025-02-27T11:24:32+00:00,159,,0.0,,,
2025-02-27T11:24:33+00:00,158,,0.0,,,
2025-02-27T11:24:35+00:00,156,,0.0,,,
2025-02-27T11:24:36+00:00,155,,0.0,,,
2025-02-27T11:24:37+00:00,154,,0.0,,,
2025-02-27T11:24:41+00:00,153,,0.0,,,
2025-02-27T11:24:42+00:00,152,,0.0,,,
2025-02-27T11:24:43+00:00,150,,0.0,,,
2025-02-27T11:24:45+00:00,148,,0.0,,,
2025-02-27T11:24:46+00:00,147,,0.0,,,
2025-02-27T11:24:47+00:00,145,,0.0,,,
2025-02-27T11:24:48+00:00,144,,0.0,,,
2025-02-27T11:24:49+00:00,142,,0.0,,,
2025-02-27T11:24:50+00:00,141,,0.0,,,
2025-02-27T11:24:52+00:00,142,,0.0,,,
2025-02-27T11:24:57+00:00,143,,0.0,,,
2025-02-27T11:25:01+00:00,144,,0.0,,,
2025-02-27T11:25:02+00:00,143,,0.0,,,
2025-02-27T11:25:04+00:00,142,,0.0,,,
2025-02-27T11:25:05+00:00,141,,0.0,,,
2025-02-27T11:25:07+00:00,140,,0.0,,,
2025-02-27T11:25:08+00:00,141,,0.0,,,
2025-02-27T11:25:10+00:00,140,,0.0,,,
2025-02-27T11:25:11+00:00,138,,0.0,,,
2025-02-27T11:25:12+00:00,135,,0.0,,,
2025-02-27T11:25:13+00:00,134,,0.0,,,
2025-02-27T11:25:14+00:00,132,,0.0,,,
2025-02-27T11:25:17+00:00,133,,0.0,,,
2025-02-27T11:25:20+00:00,134,,0.0,,,
2025-02-27T11:25:23+00:00,135,,0.0,,,
2025-02-27T11:25:26+00:00,136,,0.0,,,
2025-02-27T11:25:28+00:00,135,,0.0,,,
2025-02-27T11:25:29+00:00,134,,0.0,,,
2025-02-27T11:25:34+00:00,133,,0.0,,,
2025-02-27T11:25:35+00:00,134,,0.0,,,
2025-02-27T11:25:36+00:00,134,,0.0,,,
2025-02-27T11:25:37+00:00,135,,0.0,,,
2025-02-27T11:25:38+00:00,135,,0.0,,,
2025-02-27T11:25:39+00:00,133,,0.0,,,
2025-02-27T11:25:40+00:00,133,,0.0,,,
2025-02-27T11:25:41+00:00,133,,0.0,,,
2025-02-27T11:25:42+00:00,134,,0.0,,,
2025-02-27T11:25:43+00:00,134,,0.0,,,
2025-02-27T11:25:44+00:00,134,,0.0,,,
2025-02-27T11:25:45+00:00,131,,0.0,,,
2025-02-27T11:25:46+00:00,131,,0.0,,,
2025-02-27T11:25:47+00:00,131,,0.0,,,
2025-02-27T11:25:48+00:00,131,,0.0,,,
2025-02-27T11:25:49+00:00,130,,0.0,,,
2025-02-27T11:25:50+00:00,130,,0.0,,,
2025-02-27T11:25:51+00:00,132,,0.0,,,
2025-02-27T11:25:52+00:00,135,,0.0,,,
2025-02-27T11:25:53+00:00,137,,0.0,,,
2025-02-27T11:25:54+00:00,138,,0.0,,,
2025-02-27T11:25:55+00:00,139,,0.0,,,
2025-02-27T11:25:56+00:00,140,,0.0,,,
2025-02-27T11:25:57+00:00,140,,0.0,,,
2025-02-27T11:25:58+00:00,141,,0.0,,,
2025-02-27T11:25:59+00:00,141,,0.0,,,
2025-02-27T11:26:00+00:00,141,,0.0,,,
2025-02-27T11:26:01+00:00,141,,0.0,,,
2025-02-27T11:26:02+00:00,141,,0.0,,,
2025-02-27T11:26:03+00:00,140,,0.0,,,
2025-02-27T11:26:04+00:00,141,,0.0,,,
2025-02-27T11:26:05+00:00,141,,0.0,,,
2025-02-27T11:26:06+00:00,142,,0.0,,,
2025-02-27T11:26:07+00:00,143,,0.0,,,
2025-02-27T11:26:08+00:00,144,,0.0,,,
2025-02-27T11:26:09+00:00,144,,0.0,,,
2025-02-27T11:26:10+00:00,144,,0.0,,,
2025-02-27T11:26:11+00:00,144,,0.0,,,
2025-02-27T11:26:12+00:00,145,,0.0,,,
2025-02-27T11:26:13+00:00,144,,0.0,,,
2025-02-27T11:26:14+00:00,144,,0.0,,,
2025-02-27T11:26:15+00:00,144,,0.0,,,
2025-02-27T11:26:16+00:00,143,,0.0,,,
2025-02-27T11:26:17+00:00,143,,0.0,,,
2025-02-27T11:26:18+00:00,143,,0.0,,,
2025-02-27T11:26:19+00:00,143,,0.0,,,
2025-02-27T11:26:20+00:00,142,,0.0,,,
2025-02-27T11:26:21+00:00,140,,0.0,,,
2025-02-27T11:26:22+00:00,138,,0.0,,,
2025-02-27T11:26:23+00:00,136,,0.0,,,
2025-02-27T11:26:24+00:00,135,,0.0,,,
2025-02-27T11:26:25+00:00,135,,0.0,,,
2025-02-27T11:26:26+00:00,135,,0.0,,,
2025-02-27T11:26:27+00:00,134,,0.0,,,
2025-02-27T11:26:28+00:00,133,,0.0,,,
2025-02-27T11:26:29+00:00,132,,0.0,,,
2025-02-27T11:26:30+00:00,131,,0.0,,,
2025-02-27T11:26:31+00:00,130,,0.0,,,
2025-02-27T11:26:32+00:00,130,,0.0,,,
2025-02-27T11:26:33+00:00,129,,0.0,,,
2025-02-27T11:26:34+00:00,129,,0.0,,,
2025-02-27T11:26:35+00:00,130,,0.0,,,
2025-02-27T11:26:36+00:00,130,,0.0,,,
2025-02-27T11:26:37+00:00,129,,0.0,,,
2025-02-27T11:26:38+00:00,129,,0.0,,,
2025-02-27T11:26:39+00:00,128,,0.0,,,
2025-02-27T11:26:40+00:00,128,,0.0,,,
2025-02-27T11:26:41+00:00,127,,0.0,,,
2025-02-27T11:26:42+00:00,127,,0.0,,,
2025-02-27T11:26:43+00:00,126,,0.0,,,
2025-02-27T11:26:44+00:00,126,,0.0,,,
2025-02-27T11:26:45+00:00,125,,0.0,,,
2025-02-27T11:26:46+00:00,126,,0.0,,,
2025-02-27T11:26:47+00:00,125,,0.0,,,
2025-02-27T11:26:48+00:00,125,,0.0,,,
2025-02-27T11:26:49+00:00,125,,0.0,,,
2025-02-27T11:26:50+00:00,125,,0.0,,,
2025-02-27T11:26:51+00:00,125,,0.0,,,
2025-02-27T11:26:52+00:00,126,,0.0,,,
2025-02-27T11:26:53+00:00,126,,0.0,,,
2025-02-27T11:26:54+00:00,127,,0.0,,,
2025-02-27T11:26:55+00:00,128,,0.0,,,
2025-02-27T11:26:56+00:00,128,,0.0,,,
2025-02-27T11:26:57+00:00,128,,0.0,,,
2025-02-27T11:26:58+00:00,128,,0.0,,,
2025-02-27T11:26:59+00:00,129,,0.0,,,
2025-02-27T11:27:00+00:00,129,,0.0,,,
2025-02-27T11:27:01+00:00,128,,0.0,,,
2025-02-27T11:27:02+00:00,128,,0.0,,,
2025-02-27T11:27:03+00:00,129,,0.0,,,
2025-02-27T11:27:04+00:00,129,,0.0,,,
2025-02-27T11:27:05+00:00,129,,0.0,,,
2025-02-27T11:27:06+00:00,129,,0.0,,,
2025-02-27T11:27:07+00:00,130,,0.0,,,
2025-02-27T11:27:08+00:00,131,,0.0,,,
2025-02-27T11:27:09+00:00,133,,0.0,,,
2025-02-27T11:27:10+00:00,133,,0.0,,,
2025-02-27T11:27:11+00:00,133,,0.0,,,
2025-02-27T11:27:12+00:00,134,,0.0,,,
2025-02-27T11:27:13+00:00,134,,0.0,,,
2025-02-27T11:27:14+00:00,134,,0.0,,,
2025-02-27T11:27:15+00:00,134,,0.0,,,
2025-02-27T11:27:17+00:00,133,,0.0,,,
2025-02-27T11:27:18+00:00,132,,0.0,,,
2025-02-27T11:27:19+00:00,131,,0.0,,,
2025-02-27T11:27:20+00:00,129,,0.0,,,
2025-02-27T11:27:21+00:00,128,,0.0,,,
2025-02-27T11:27:22+00:00,127,,0.0,,,
2025-02-27T11:27:24+00:00,126,,0.0,,,
2025-02-27T11:27:25+00:00,125,,0.0,,,
2025-02-27T11:27:26+00:00,124,,0.0,,,
2025-02-27T11:27:28+00:00,125,,0.0,,,
2025-02-27T11:27:32+00:00,126,,0.0,,,
2025-02-27T11:27:33+00:00,128,,0.0,,,
2025-02-27T11:27:34+00:00,133,,0.0,,,
2025-02-27T11:27:35+00:00,149,,0.0,,,
2025-02-27T11:27:36+00:00,165,,0.0,,,
2025-02-27T11:27:37+00:00,167,,0.0,,,
2025-02-27T11:27:39+00:00,166,,0.0,,,
2025-02-27T11:27:40+00:00,165,,0.0,,,
2025-02-27T11:27:41+00:00,163,,0.0,,,
2025-02-27T11:27:42+00:00,160,,0.0,,,
2025-02-27T11:27:43+00:00,159,,0.0,,,
2025-02-27T11:27:44+00:00,158,,0.0,,,
2025-02-27T11:27:46+00:00,157,,0.0,,,
2025-02-27T11:27:47+00:00,156,,0.0,,,
2025-02-27T11:27:50+00:00,155,,0.0,,,
2025-02-27T11:27:51+00:00,154,,0.0,,,
2025-02-27T11:27:53+00:00,153,,0.0,,,
2025-02-27T11:27:54+00:00,152,,0.0,,,
2025-02-27T11:27:55+00:00,151,,0.0,,,
2025-02-27T11:27:57+00:00,150,,0.0,,,
2025-02-27T11:27:58+00:00,149,,0.0,,,
2025-02-27T11:28:04+00:00,147,,0.0,,,
2025-02-27T11:28:05+00:00,145,,0.0,,,
2025-02-27T11:28:06+00:00,144,,0.0,,,
2025-02-27T11:28:07+00:00,143,,0.0,,,
2025-02-27T11:28:08+00:00,141,,0.0,,,
2025-02-27T11:28:10+00:00,140,,0.0,,,
2025-02-27T11:28:15+00:00,139,,0.0,,,
2025-02-27T11:28:18+00:00,138,,0.0,,,
2025-02-27T11:28:19+00:00,137,,0.0,,,
2025-02-27T11:28:20+00:00,136,,0.0,,,
2025-02-27T11:28:21+00:00,135,,0.0,,,
2025-02-27T11:28:23+00:00,134,,0.0,,,
2025-02-27T11:28:24+00:00,133,,0.0,,,
2025-02-27T11:28:25+00:00,132,,0.0,,,
2025-02-27T11:28:26+00:00,131,,0.0,,,
2025-02-27T11:28:32+00:00,130,,0.0,,,
2025-02-27T11:28:33+00:00,131,,0.0,,,
2025-02-27T11:28:35+00:00,130,,0.0,,,
2025-02-27T11:28:39+00:00,129,,0.0,,,
2025-02-27T11:28:43+00:00,130,,0.0,,,
2025-02-27T11:28:47+00:00,131,,0.0,,,
2025-02-27T11:28:50+00:00,132,,0.0,,,
2025-02-27T11:28:51+00:00,133,,0.0,,,
2025-02-27T11:28:58+00:00,132,,0.0,,,
2025-02-27T11:29:01+00:00,131,,0.0,,,
2025-02-27T11:29:02+00:00,130,,0.0,,,
2025-02-27T11:29:06+00:00,129,,0.0,,,
2025-02-27T11:29:08+00:00,127,,0.0,,,
2025-02-27T11:29:10+00:00,126,,0.0,,,
2025-02-27T11:29:11+00:00,127,,0.0,,,
2025-02-27T11:29:13+00:00,126,,0.0,,,
2025-02-27T11:29:15+00:00,125,,0.0,,,
2025-02-27T11:29:17+00:00,124,,0.0,,,
2025-02-27T11:29:20+00:00,123,,0.0,,,
2025-02-27T11:29:21+00:00,122,,0.0,,,
2025-02-27T11:29:22+00:00,121,,0.0,,,
2025-02-27T11:29:24+00:00,120,,0.0,,,
2025-02-27T11:29:25+00:00,119,,0.0,,,
2025-02-27T11:29:28+00:00,118,,0.0,,,
2025-02-27T11:29:29+00:00,116,,0.0,,,
2025-02-27T11:29:30+00:00,115,,0.0,,,
2025-02-27T11:29:31+00:00,114,,0.0,,,
2025-02-27T11:29:32+00:00,112,,0.0,,,
2025-02-27T11:29:33+00:00,111,,0.0,,,
2025-02-27T11:29:35+00:00,113,,0.0,,,
2025-02-27T11:29:37+00:00,114,,0.0,,,
2025-02-27T11:29:38+00:00,115,,0.0,,,
2025-02-27T11:29:39+00:00,116,,0.0,,,
2025-02-27T11:29:40+00:00,117,,0.0,,,
2025-02-27T11:29:42+00:00,116,,0.0,,,
2025-02-27T11:29:50+00:00,117,,0.0,,,
2025-02-27T11:29:52+00:00,118,,0.0,,,
2025-02-27T11:29:55+00:00,119,,0.0,,,
2025-02-27T11:29:56+00:00,118,,0.0,,,
2025-02-27T11:29:58+00:00,119,,0.0,,,
2025-02-27T11:29:59+00:00,119,,0.0,,,
2025-02-27T11:30:00+00:00,119,,0.0,,,
2025-02-27T11:30:01+00:00,120,,0.0,,,
2025-02-27T11:30:02+00:00,121,,0.0,,,
2025-02-27T11:30:03+00:00,122,,0.0,,,
2025-02-27T11:30:04+00:00,123,,0.0,,,
2025-02-27T11:30:05+00:00,123,,0.0,,,
2025-02-27T11:30:06+00:00,124,,0.0,,,
2025-02-27T11:30:07+00:00,124,,0.0,,,
2025-02-27T11:30:08+00:00,125,,0.0,,,
2025-02-27T11:30:09+00:00,125,,0.0,,,
2025-02-27T11:30:10+00:00,125,,0.0,,,
2025-02-27T11:30:11+00:00,124,,0.0,,,
2025-02-27T11:30:12+00:00,125,,0.0,,,
2025-02-27T11:30:13+00:00,125,,0.0,,,
2025-02-27T11:30:14+00:00,126,,0.0,,,
2025-02-27T11:30:15+00:00,126,,0.0,,,
2025-02-27T11:30:16+00:00,128,,0.0,,,
2025-02-27T11:30:17+00:00,130,,0.0,,,
2025-02-27T11:30:18+00:00,131,,0.0,,,
2025-02-27T11:30:19+00:00,132,,0.0,,,
2025-02-27T11:30:20+00:00,132,,0.0,,,
2025-02-27T11:30:21+00:00,133,,0.0,,,
2025-02-27T11:30:22+00:00,134,,0.0,,,
2025-02-27T11:30:23+00:00,135,,0.0,,,
2025-02-27T11:30:24+00:00,135,,0.0,,,
2025-02-27T11:30:25+00:00,135,,0.0,,,
2025-02-27T11:30:26+00:00,135,,0.0,,,
2025-02-27T11:30:27+00:00,135,,0.0,,,
2025-02-27T11:30:28+00:00,135,,0.0,,,
2025-02-27T11:30:29+00:00,134,,0.0,,,
2025-02-27T11:30:30+00:00,134,,0.0,,,
2025-02-27T11:30:31+00:00,134,,0.0,,,
2025-02-27T11:30:32+00:00,134,,0.0,,,
2025-02-27T11:30:33+00:00,134,,0.0,,,
2025-02-27T11:30:34+00:00,134,,0.0,,,
2025-02-27T11:30:35+00:00,133,,0.0,,,
2025-02-27T11:30:36+00:00,134,,0.0,,,
2025-02-27T11:30:37+00:00,134,,0.0,,,
2025-02-27T11:30:38+00:00,134,,0.0,,,
2025-02-27T11:30:39+00:00,134,,0.0,,,
2025-02-27T11:30:40+00:00,135,,0.0,,,
2025-02-27T11:30:41+00:00,135,,0.0,,,
2025-02-27T11:30:42+00:00,136,,0.0,,,
2025-02-27T11:30:43+00:00,138,,0.0,,,
2025-02-27T11:30:44+00:00,139,,0.0,,,
2025-02-27T11:30:52+00:00,138,,0.0,,,
2025-02-27T11:30:53+00:00,137,,0.0,,,
2025-02-27T11:30:54+00:00,136,,0.0,,,
2025-02-27T11:30:57+00:00,137,,0.0,,,
2025-02-27T11:30:58+00:00,136,,0.0,,,
2025-02-27T11:30:59+00:00,135,,0.0,,,
2025-02-27T11:31:00+00:00,134,,0.0,,,
2025-02-27T11:31:01+00:00,133,,0.0,,,
2025-02-27T11:31:03+00:00,132,,0.0,,,
2025-02-27T11:31:06+00:00,131,,0.0,,,
2025-02-27T11:31:10+00:00,130,,0.0,,,
2025-02-27T11:31:16+00:00,129,,0.0,,,
2025-02-27T11:31:19+00:00,131,,0.0,,,
2025-02-27T11:31:20+00:00,133,,0.0,,,
2025-02-27T11:31:21+00:00,134,,0.0,,,
2025-02-27T11:31:22+00:00,137,,0.0,,,
2025-02-27T11:31:23+00:00,138,,0.0,,,
2025-02-27T11:31:24+00:00,143,,0.0,,,
2025-02-27T11:31:25+00:00,148,,0.0,,,
2025-02-27T11:31:26+00:00,150,,0.0,,,
2025-02-27T11:31:33+00:00,151,,0.0,,,
2025-02-27T11:31:37+00:00,150,,0.0,,,
2025-02-27T11:31:41+00:00,149,,0.0,,,
2025-02-27T11:31:43+00:00,150,,0.0,,,
2025-02-27T11:31:45+00:00,151,,0.0,,,
2025-02-27T11:31:46+00:00,153,,0.0,,,
2025-02-27T11:31:47+00:00,154,,0.0,,,
2025-02-27T11:31:49+00:00,156,,0.0,,,
2025-02-27T11:31:50+00:00,157,,0.0,,,
2025-02-27T11:31:52+00:00,156,,0.0,,,
2025-02-27T11:32:00+00:00,158,,0.0,,,
2025-02-27T11:32:03+00:00,157,,0.0,,,
2025-02-27T11:32:08+00:00,156,,0.0,,,
2025-02-27T11:32:10+00:00,155,,0.0,,,
2025-02-27T11:32:11+00:00,156,,0.0,,,
2025-02-27T11:32:16+00:00,155,,0.0,,,
2025-02-27T11:32:17+00:00,154,,0.0,,,
2025-02-27T11:32:18+00:00,153,,0.0,,,
2025-02-27T11:32:19+00:00,150,,0.0,,,
2025-02-27T11:32:20+00:00,148,,0.0,,,
2025-02-27T11:32:21+00:00,145,,0.0,,,
2025-02-27T11:32:22+00:00,144,,0.0,,,
2025-02-27T11:32:23+00:00,143,,0.0,,,
2025-02-27T11:32:24+00:00,141,,0.0,,,
2025-02-27T11:32:25+00:00,140,,0.0,,,
2025-02-27T11:32:27+00:00,139,,0.0,,,
2025-02-27T11:32:35+00:00,140,,0.0,,,
2025-02-27T11:32:37+00:00,139,,0.0,,,
2025-02-27T11:32:42+00:00,138,,0.0,,,
2025-02-27T11:32:46+00:00,135,,0.0,,,
2025-02-27T11:32:47+00:00,136,,0.0,,,
2025-02-27T11:32:52+00:00,137,,0.0,,,
2025-02-27T11:32:53+00:00,136,,0.0,,,
2025-02-27T11:32:56+00:00,135,,0.0,,,
2025-02-27T11:33:00+00:00,134,,0.0,,,
2025-02-27T11:33:08+00:00,133,,0.0,,,
2025-02-27T11:33:11+00:00,132,,0.0,,,
2025-02-27T11:33:13+00:00,131,,0.0,,,
2025-02-27T11:33:14+00:00,131,,0.0,,,
2025-02-27T11:33:15+00:00,131,,0.0,,,
2025-02-27T11:33:16+00:00,132,,0.0,,,
2025-02-27T11:33:17+00:00,132,,0.0,,,
2025-02-27T11:33:18+00:00,133,,0.0,,,
2025-02-27T11:33:19+00:00,133,,0.0,,,
2025-02-27T11:33:20+00:00,133,,0.0,,,
2025-02-27T11:33:21+00:00,134,,0.0,,,
2025-02-27T11:33:22+00:00,135,,0.0,,,
2025-02-27T11:33:23+00:00,135,,0.0,,,
2025-02-27T11:33:24+00:00,136,,0.0,,,
2025-02-27T11:33:25+00:00,136,,0.0,,,
2025-02-27T11:33:26+00:00,137,,0.0,,,
2025-02-27T11:33:27+00:00,137,,0.0,,,
2025-02-27T11:33:28+00:00,138,,0.0,,,
2025-02-27T11:33:29+00:00,139,,0.0,,,
2025-02-27T11:33:30+00:00,139,,0.0,,,
2025-02-27T11:33:31+00:00,140,,0.0,,,
2025-02-27T11:33:32+00:00,140,,0.0,,,
2025-02-27T11:33:33+00:00,141,,0.0,,,
2025-02-27T11:33:34+00:00,141,,0.0,,,
2025-02-27T11:33:35+00:00,141,,0.0,,,
2025-02-27T11:33:36+00:00,142,,0.0,,,
2025-02-27T11:33:37+00:00,142,,0.0,,,
2025-02-27T11:33:39+00:00,143,,0.0,,,
2025-02-27T11:33:40+00:00,142,,0.0,,,
2025-02-27T11:33:42+00:00,141,,0.0,,,
2025-02-27T11:33:44+00:00,140,,0.0,,,
2025-02-27T11:33:47+00:00,139,,0.0,,,
2025-02-27T11:33:49+00:00,138,,0.0,,,
2025-02-27T11:33:52+00:00,137,,0.0,,,
2025-02-27T11:33:54+00:00,177,,0.0,,,
2025-02-27T11:33:55+00:00,179,,0.0,,,
2025-02-27T11:33:57+00:00,178,,0.0,,,
2025-02-27T11:33:58+00:00,177,,0.0,,,
2025-02-27T11:34:00+00:00,176,,0.0,,,
2025-02-27T11:34:02+00:00,175,,0.0,,,
2025-02-27T11:34:03+00:00,174,,0.0,,,
2025-02-27T11:34:04+00:00,173,,0.0,,,
2025-02-27T11:34:05+00:00,172,,0.0,,,
2025-02-27T11:34:07+00:00,170,,0.0,,,
2025-02-27T11:34:09+00:00,169,,0.0,,,
2025-02-27T11:34:10+00:00,168,,0.0,,,
2025-02-27T11:34:11+00:00,164,,0.0,,,
2025-02-27T11:34:12+00:00,158,,0.0,,,
2025-02-27T11:34:13+00:00,156,,0.0,,,
2025-02-27T11:34:14+00:00,155,,0.0,,,
2025-02-27T11:34:17+00:00,154,,0.0,,,
2025-02-27T11:34:19+00:00,153,,0.0,,,
2025-02-27T11:34:21+00:00,154,,0.0,,,
2025-02-27T11:34:23+00:00,153,,0.0,,,
2025-02-27T11:34:24+00:00,150,,0.0,,,
2025-02-27T11:34:25+00:00,146,,0.0,,,
2025-02-27T11:34:26+00:00,144,,0.0,,,
2025-02-27T11:34:27+00:00,143,,0.0,,,
2025-02-27T11:34:31+00:00,142,,0.0,,,
2025-02-27T11:34:33+00:00,143,,0.0,,,
2025-02-27T11:34:37+00:00,144,,0.0,,,
2025-02-27T11:34:39+00:00,143,,0.0,,,
2025-02-27T11:34:43+00:00,142,,0.0,,,
2025-02-27T11:34:48+00:00,143,,0.0,,,
2025-02-27T11:34:49+00:00,144,,0.0,,,
2025-02-27T11:34:52+00:00,145,,0.0,,,
2025-02-27T11:34:55+00:00,144,,0.0,,,
2025-02-27T11:35:03+00:00,145,,0.0,,,
2025-02-27T11:35:08+00:00,146,,0.0,,,
2025-02-27T11:35:09+00:00,147,,0.0,,,
2025-02-27T11:35:11+00:00,148,,0.0,,,
2025-02-27T11:35:14+00:00,149,,0.0,,,
2025-02-27T11:35:16+00:00,150,,0.0,,,
2025-02-27T11:35:19+00:00,151,,0.0,,,
2025-02-27T11:35:20+00:00,152,,0.0,,,
2025-02-27T11:35:23+00:00,153,,0.0,,,
2025-02-27T11:35:24+00:00,152,,0.0,,,
2025-02-27T11:35:25+00:00,151,,0.0,,,
2025-02-27T11:35:27+00:00,150,,0.0,,,
2025-02-27T11:35:29+00:00,149,,0.0,,,
2025-02-27T11:35:32+00:00,150,,0.0,,,
2025-02-27T11:35:34+00:00,149,,0.0,,,
2025-02-27T11:35:35+00:00,148,,0.0,,,
2025-02-27T11:35:37+00:00,149,,0.0,,,
2025-02-27T11:35:38+00:00,147,,0.0,,,
2025-02-27T11:35:39+00:00,143,,0.0,,,
2025-02-27T11:35:40+00:00,140,,0.0,,,
2025-02-27T11:35:41+00:00,140,,0.0,,,
2025-02-27T11:35:43+00:00,141,,0.0,,,
2025-02-27T11:35:47+00:00,139,,0.0,,,
2025-02-27T11:35:49+00:00,138,,0.0,,,
2025-02-27T11:35:50+00:00,137,,0.0,,,
2025-02-27T11:35:52+00:00,138,,0.0,,,
2025-02-27T11:35:54+00:00,137,,0.0,,,
2025-02-27T11:35:57+00:00,138,,0.0,,,
2025-02-27T11:36:00+00:00,139,,0.0,,,
2025-02-27T11:36:01+00:00,141,,0.0,,,
2025-02-27T11:36:04+00:00,142,,0.0,,,
2025-02-27T11:36:05+00:00,141,,0.0,,,
2025-02-27T11:36:07+00:00,142,,0.0,,,
2025-02-27T11:36:08+00:00,141,,0.0,,,
2025-02-27T11:36:11+00:00,140,,0.0,,,
2025-02-27T11:36:14+00:00,141,,0.0,,,
2025-02-27T11:36:16+00:00,140,,0.0,,,
2025-02-27T11:36:19+00:00,139,,0.0,,,
2025-02-27T11:36:23+00:00,138,,0.0,,,
2025-02-27T11:36:24+00:00,137,,0.0,,,
2025-02-27T11:36:25+00:00,137,,0.0,,,
2025-02-27T11:36:26+00:00,137,,0.0,,,
2025-02-27T11:36:27+00:00,138,,0.0,,,
2025-02-27T11:36:28+00:00,139,,0.0,,,
2025-02-27T11:36:29+00:00,139,,0.0,,,
2025-02-27T11:36:30+00:00,140,,0.0,,,
2025-02-27T11:36:31+00:00,140,,0.0,,,
2025-02-27T11:36:32+00:00,140,,0.0,,,
2025-02-27T11:36:33+00:00,140,,0.0,,,
2025-02-27T11:36:34+00:00,140,,0.0,,,
2025-02-27T11:36:35+00:00,140,,0.0,,,
2025-02-27T11:36:36+00:00,140,,0.0,,,
2025-02-27T11:36:37+00:00,140,,0.0,,,
2025-02-27T11:36:38+00:00,141,,0.0,,,
2025-02-27T11:36:39+00:00,141,,0.0,,,
2025-02-27T11:36:40+00:00,141,,0.0,,,
2025-02-27T11:36:41+00:00,142,,0.0,,,
2025-02-27T11:36:42+00:00,145,,0.0,,,
2025-02-27T11:36:43+00:00,146,,0.0,,,
2025-02-27T11:36:44+00:00,146,,0.0,,,
2025-02-27T11:36:45+00:00,147,,0.0,,,
2025-02-27T11:36:46+00:00,147,,0.0,,,
2025-02-27T11:36:47+00:00,147,,0.0,,,
2025-02-27T11:36:48+00:00,147,,0.0,,,
2025-02-27T11:36:49+00:00,147,,0.0,,,
2025-02-27T11:36:50+00:00,148,,0.0,,,
2025-02-27T11:36:51+00:00,148,,0.0,,,
2025-02-27T11:36:52+00:00,148,,0.0,,,
2025-02-27T11:36:53+00:00,148,,0.0,,,
2025-02-27T11:36:54+00:00,149,,0.0,,,
2025-02-27T11:36:55+00:00,149,,0.0,,,
2025-02-27T11:36:56+00:00,149,,0.0,,,
2025-02-27T11:36:57+00:00,149,,0.0,,,
2025-02-27T11:36:58+00:00,149,,0.0,,,
2025-02-27T11:36:59+00:00,149,,0.0,,,
2025-02-27T11:37:00+00:00,149,,0.0,,,
2025-02-27T11:37:01+00:00,149,,0.0,,,
2025-02-27T11:37:02+00:00,149,,0.0,,,
2025-02-27T11:37:03+00:00,149,,0.0,,,
2025-02-27T11:37:04+00:00,150,,0.0,,,
2025-02-27T11:37:05+00:00,151,,0.0,,,
2025-02-27T11:37:06+00:00,157,,0.0,,,
2025-02-27T11:37:07+00:00,170,,0.0,,,
2025-02-27T11:37:08+00:00,171,,0.0,,,
2025-02-27T11:37:09+00:00,174,,0.0,,,
2025-02-27T11:37:10+00:00,175,,0.0,,,
2025-02-27T11:37:11+00:00,175,,0.0,,,
2025-02-27T11:37:12+00:00,175,,0.0,,,
2025-02-27T11:37:13+00:00,174,,0.0,,,
2025-02-27T11:37:14+00:00,174,,0.0,,,
2025-02-27T11:37:15+00:00,174,,0.0,,,
2025-02-27T11:37:16+00:00,174,,0.0,,,
2025-02-27T11:37:17+00:00,174,,0.0,,,
2025-02-27T11:37:18+00:00,174,,0.0,,,
2025-02-27T11:37:19+00:00,174,,0.0,,,
2025-02-27T11:37:20+00:00,174,,0.0,,,
2025-02-27T11:37:21+00:00,174,,0.0,,,
2025-02-27T11:37:22+00:00,174,,0.0,,,
2025-02-27T11:37:24+00:00,175,,0.0,,,
2025-02-27T11:37:27+00:00,174,,0.0,,,
2025-02-27T11:37:30+00:00,173,,0.0,,,
2025-02-27T11:37:33+00:00,172,,0.0,,,
2025-02-27T11:37:37+00:00,171,,0.0,,,
2025-02-27T11:37:40+00:00,170,,0.0,,,
2025-02-27T11:37:44+00:00,169,,0.0,,,
2025-02-27T11:37:48+00:00,167,,0.0,,,
2025-02-27T11:37:49+00:00,160,,0.0,,,
2025-02-27T11:37:50+00:00,144,,0.0,,,
2025-02-27T11:37:51+00:00,139,,0.0,,,
2025-02-27T11:37:52+00:00,138,,0.0,,,
2025-02-27T11:37:54+00:00,137,,0.0,,,
2025-02-27T11:37:56+00:00,136,,0.0,,,
2025-02-27T11:37:57+00:00,135,,0.0,,,
2025-02-27T11:37:58+00:00,134,,0.0,,,
2025-02-27T11:37:59+00:00,133,,0.0,,,
2025-02-27T11:38:00+00:00,132,,0.0,,,
2025-02-27T11:38:11+00:00,131,,0.0,,,
2025-02-27T11:38:14+00:00,130,,0.0,,,
2025-02-27T11:38:15+00:00,129,,0.0,,,
2025-02-27T11:38:20+00:00,128,,0.0,,,
2025-02-27T11:38:21+00:00,129,,0.0,,,
2025-02-27T11:38:22+00:00,128,,0.0,,,
2025-02-27T11:38:23+00:00,129,,0.0,,,
2025-02-27T11:38:24+00:00,130,,0.0,,,
2025-02-27T11:38:26+00:00,131,,0.0,,,
2025-02-27T11:38:33+00:00,130,,0.0,,,
2025-02-27T11:38:34+00:00,129,,0.0,,,
2025-02-27T11:38:35+00:00,128,,0.0,,,
2025-02-27T11:38:36+00:00,127,,0.0,,,
2025-02-27T11:38:37+00:00,126,,0.0,,,
2025-02-27T11:38:43+00:00,127,,0.0,,,
2025-02-27T11:38:46+00:00,126,,0.0,,,
2025-02-27T11:38:50+00:00,127,,0.0,,,
2025-02-27T11:38:51+00:00,126,,0.0,,,
2025-02-27T11:38:52+00:00,125,,0.0,,,
2025-02-27T11:38:56+00:00,124,,0.0,,,
2025-02-27T11:38:57+00:00,125,,0.0,,,
2025-02-27T11:39:04+00:00,126,,0.0,,,
2025-02-27T11:39:06+00:00,127,,0.0,,,
2025-02-27T11:39:07+00:00,128,,0.0,,,
2025-02-27T11:39:08+00:00,127,,0.0,,,
2025-02-27T11:39:10+00:00,126,,0.0,,,
2025-02-27T11:39:11+00:00,125,,0.0,,,
2025-02-27T11:39:12+00:00,124,,0.0,,,
2025-02-27T11:39:13+00:00,123,,0.0,,,
2025-02-27T11:39:15+00:00,122,,0.0,,,
2025-02-27T11:39:16+00:00,123,,0.0,,,
2025-02-27T11:39:17+00:00,124,,0.0,,,
2025-02-27T11:39:23+00:00,125,,0.0,,,
2025-02-27T11:39:26+00:00,124,,0.0,,,
2025-02-27T11:39:29+00:00,123,,0.0,,,
2025-02-27T11:39:30+00:00,122,,0.0,,,
2025-02-27T11:39:31+00:00,121,,0.0,,,
2025-02-27T11:39:33+00:00,120,,0.0,,,
2025-02-27T11:39:36+00:00,119,,0.0,,,
2025-02-27T11:39:40+00:00,118,,0.0,,,
2025-02-27T11:39:41+00:00,117,,0.0,,,
2025-02-27T11:39:42+00:00,116,,0.0,,,
2025-02-27T11:39:43+00:00,115,,0.0,,,
2025-02-27T11:39:44+00:00,114,,0.0,,,
2025-02-27T11:39:45+00:00,115,,0.0,,,
2025-02-27T11:39:46+00:00,116,,0.0,,,
2025-02-27T11:39:47+00:00,117,,0.0,,,
2025-02-27T11:39:48+00:00,118,,0.0,,,
2025-02-27T11:39:49+00:00,119,,0.0,,,
2025-02-27T11:39:50+00:00,120,,0.0,,,
2025-02-27T11:39:51+00:00,121,,0.0,,,
2025-02-27T11:39:53+00:00,122,,0.0,,,
2025-02-27T11:39:57+00:00,121,,0.0,,,
2025-02-27T11:39:58+00:00,121,,0.0,,,
2025-02-27T11:39:59+00:00,122,,0.0,,,
2025-02-27T11:40:00+00:00,122,,0.0,,,
2025-02-27T11:40:01+00:00,121,,0.0,,,
2025-02-27T11:40:02+00:00,121,,0.0,,,
2025-02-27T11:40:03+00:00,121,,0.0,,,
2025-02-27T11:40:04+00:00,121,,0.0,,,
2025-02-27T11:40:05+00:00,121,,0.0,,,
2025-02-27T11:40:06+00:00,121,,0.0,,,
2025-02-27T11:40:07+00:00,121,,0.0,,,
2025-02-27T11:40:08+00:00,121,,0.0,,,
2025-02-27T11:40:09+00:00,122,,0.0,,,
2025-02-27T11:40:10+00:00,122,,0.0,,,
2025-02-27T11:40:11+00:00,122,,0.0,,,
2025-02-27T11:40:12+00:00,123,,0.0,,,
2025-02-27T11:40:13+00:00,123,,0.0,,,
2025-02-27T11:40:14+00:00,122,,0.0,,,
2025-02-27T11:40:15+00:00,121,,0.0,,,
2025-02-27T11:40:16+00:00,120,,0.0,,,
2025-02-27T11:40:17+00:00,120,,0.0,,,
2025-02-27T11:40:18+00:00,119,,0.0,,,
2025-02-27T11:40:19+00:00,119,,0.0,,,
2025-02-27T11:40:20+00:00,119,,0.0,,,
2025-02-27T11:40:21+00:00,118,,0.0,,,
2025-02-27T11:40:22+00:00,118,,0.0,,,
2025-02-27T11:40:23+00:00,118,,0.0,,,
2025-02-27T11:40:24+00:00,118,,0.0,,,
2025-02-27T11:40:25+00:00,119,,0.0,,,
2025-02-27T11:40:26+00:00,119,,0.0,,,
2025-02-27T11:40:27+00:00,119,,0.0,,,
2025-02-27T11:40:28+00:00,120,,0.0,,,
2025-02-27T11:40:29+00:00,120,,0.0,,,
2025-02-27T11:40:30+00:00,120,,0.0,,,
2025-02-27T11:40:31+00:00,121,,0.0,,,
2025-02-27T11:40:32+00:00,120,,0.0,,,
2025-02-27T11:40:33+00:00,120,,0.0,,,
2025-02-27T11:40:34+00:00,120,,0.0,,,
2025-02-27T11:40:35+00:00,121,,0.0,,,
2025-02-27T11:40:36+00:00,121,,0.0,,,
2025-02-27T11:40:37+00:00,122,,0.0,,,
2025-02-27T11:40:38+00:00,122,,0.0,,,
2025-02-27T11:40:39+00:00,122,,0.0,,,
2025-02-27T11:40:40+00:00,122,,0.0,,,
2025-02-27T11:40:41+00:00,123,,0.0,,,
2025-02-27T11:40:42+00:00,124,,0.0,,,
2025-02-27T11:40:43+00:00,125,,0.0,,,
2025-02-27T11:40:44+00:00,125,,0.0,,,
2025-02-27T11:40:45+00:00,126,,0.0,,,
2025-02-27T11:40:46+00:00,126,,0.0,,,
2025-02-27T11:40:47+00:00,127,,0.0,,,
2025-02-27T11:40:48+00:00,127,,0.0,,,
2025-02-27T11:40:49+00:00,125,,0.0,,,
2025-02-27T11:40:50+00:00,121,,0.0,,,
2025-02-27T11:40:51+00:00,111,,0.0,,,
2025-02-27T11:40:52+00:00,110,,0.0,,,
2025-02-27T11:40:53+00:00,109,,0.0,,,
2025-02-27T11:40:54+00:00,107,,0.0,,,
2025-02-27T11:40:55+00:00,106,,0.0,,,
2025-02-27T11:40:57+00:00,105,,0.0,,,
2025-02-27T11:41:06+00:00,106,,0.0,,,
2025-02-27T11:41:07+00:00,105,,0.0,,,
2025-02-27T11:41:09+00:00,106,,0.0,,,
2025-02-27T11:41:10+00:00,107,,0.0,,,
2025-02-27T11:41:11+00:00,109,,0.0,,,
2025-02-27T11:41:12+00:00,112,,0.0,,,
2025-02-27T11:41:13+00:00,129,,0.0,,,
2025-02-27T11:41:14+00:00,169,,0.0,,,
2025-02-27T11:41:15+00:00,169,,0.0,,,
2025-02-27T11:41:17+00:00,167,,0.0,,,
2025-02-27T11:41:18+00:00,165,,0.0,,,
2025-02-27T11:41:19+00:00,164,,0.0,,,
2025-02-27T11:41:22+00:00,163,,0.0,,,
2025-02-27T11:41:25+00:00,162,,0.0,,,
2025-02-27T11:41:26+00:00,161,,0.0,,,
2025-02-27T11:41:27+00:00,159,,0.0,,,
2025-02-27T11:41:28+00:00,156,,0.0,,,
2025-02-27T11:41:29+00:00,153,,0.0,,,
2025-02-27T11:41:30+00:00,152,,0.0,,,
2025-02-27T11:41:35+00:00,151,,0.0,,,
2025-02-27T11:41:36+00:00,150,,0.0,,,
2025-02-27T11:41:38+00:00,149,,0.0,,,
2025-02-27T11:41:39+00:00,146,,0.0,,,
2025-02-27T11:41:40+00:00,144,,0.0,,,
2025-02-27T11:41:42+00:00,143,,0.0,,,
2025-02-27T11:41:43+00:00,144,,0.0,,,
2025-02-27T11:41:44+00:00,143,,0.0,,,
2025-02-27T11:41:46+00:00,142,,0.0,,,
2025-02-27T11:41:49+00:00,141,,0.0,,,
2025-02-27T11:41:53+00:00,140,,0.0,,,
2025-02-27T11:41:54+00:00,141,,0.0,,,
2025-02-27T11:41:56+00:00,143,,0.0,,,
2025-02-27T11:41:57+00:00,147,,0.0,,,
2025-02-27T11:41:58+00:00,148,,0.0,,,
2025-02-27T11:41:59+00:00,149,,0.0,,,
2025-02-27T11:42:00+00:00,148,,0.0,,,
2025-02-27T11:42:06+00:00,147,,0.0,,,
2025-02-27T11:42:11+00:00,146,,0.0,,,
2025-02-27T11:42:17+00:00,146,,0.0,,,
2025-02-27T11:42:18+00:00,146,,0.0,,,
2025-02-27T11:42:19+00:00,146,,0.0,,,
2025-02-27T11:42:20+00:00,147,,0.0,,,
2025-02-27T11:42:21+00:00,147,,0.0,,,
2025-02-27T11:42:22+00:00,148,,0.0,,,
2025-02-27T11:42:23+00:00,148,,0.0,,,
2025-02-27T11:42:24+00:00,149,,0.0,,,
2025-02-27T11:42:25+00:00,150,,0.0,,,
2025-02-27T11:42:26+00:00,150,,0.0,,,
2025-02-27T11:42:27+00:00,151,,0.0,,,
2025-02-27T11:42:28+00:00,151,,0.0,,,
2025-02-27T11:42:29+00:00,152,,0.0,,,
2025-02-27T11:42:30+00:00,153,,0.0,,,
2025-02-27T11:42:31+00:00,154,,0.0,,,
2025-02-27T11:42:32+00:00,156,,0.0,,,
2025-02-27T11:42:33+00:00,157,,0.0,,,
2025-02-27T11:42:34+00:00,157,,0.0,,,
2025-02-27T11:42:35+00:00,157,,0.0,,,
2025-02-27T11:42:36+00:00,157,,0.0,,,
2025-02-27T11:42:37+00:00,158,,0.0,,,
2025-02-27T11:42:38+00:00,158,,0.0,,,
2025-02-27T11:42:39+00:00,158,,0.0,,,
2025-02-27T11:42:40+00:00,159,,0.0,,,
2025-02-27T11:42:41+00:00,159,,0.0,,,
2025-02-27T11:42:42+00:00,160,,0.0,,,
2025-02-27T11:42:43+00:00,160,,0.0,,,
2025-02-27T11:42:44+00:00,161,,0.0,,,
2025-02-27T11:42:45+00:00,162,,0.0,,,
2025-02-27T11:42:46+00:00,162,,0.0,,,
2025-02-27T11:42:47+00:00,162,,0.0,,,
2025-02-27T11:42:48+00:00,162,,0.0,,,
2025-02-27T11:42:49+00:00,162,,0.0,,,
2025-02-27T11:42:50+00:00,163,,0.0,,,
2025-02-27T11:42:51+00:00,163,,0.0,,,
2025-02-27T11:42:52+00:00,163,,0.0,,,
2025-02-27T11:42:53+00:00,163,,0.0,,,
2025-02-27T11:42:54+00:00,163,,0.0,,,
2025-02-27T11:42:55+00:00,163,,0.0,,,
2025-02-27T11:42:56+00:00,163,,0.0,,,
2025-02-27T11:42:57+00:00,163,,0.0,,,
2025-02-27T11:42:58+00:00,163,,0.0,,,
2025-02-27T11:42:59+00:00,163,,0.0,,,
2025-02-27T11:43:00+00:00,163,,0.0,,,
2025-02-27T11:43:01+00:00,164,,0.0,,,
2025-02-27T11:43:02+00:00,164,,0.0,,,
2025-02-27T11:43:03+00:00,164,,0.0,,,
2025-02-27T11:43:04+00:00,164,,0.0,,,
2025-02-27T11:43:05+00:00,164,,0.0,,,
2025-02-27T11:43:06+00:00,164,,0.0,,,
2025-02-27T11:43:07+00:00,163,,0.0,,,
2025-02-27T11:43:08+00:00,164,,0.0,,,
2025-02-27T11:43:09+00:00,164,,0.0,,,
2025-02-27T11:43:10+00:00,164,,0.0,,,
2025-02-27T11:43:11+00:00,164,,0.0,,,
2025-02-27T11:43:12+00:00,164,,0.0,,,
2025-02-27T11:43:13+00:00,164,,0.0,,,
2025-02-27T11:43:16+00:00,163,,0.0,,,
2025-02-27T11:43:17+00:00,164,,0.0,,,
2025-02-27T11:43:21+00:00,165,,0.0,,,
2025-02-27T11:43:22+00:00,166,,0.0,,,
2025-02-27T11:43:23+00:00,165,,0.0,,,
2025-02-27T11:43:31+00:00,164,,0.0,,,
2025-02-27T11:43:34+00:00,163,,0.0,,,
2025-02-27T11:43:38+00:00,164,,0.0,,,
2025-02-27T11:43:39+00:00,163,,0.0,,,
2025-02-27T11:43:47+00:00,162,,0.0,,,
2025-02-27T11:43:50+00:00,161,,0.0,,,
2025-02-27T11:43:51+00:00,160,,0.0,,,
2025-02-27T11:43:52+00:00,158,,0.0,,,
2025-02-27T11:43:53+00:00,157,,0.0,,,
2025-02-27T11:43:54+00:00,156,,0.0,,,
2025-02-27T11:43:55+00:00,154,,0.0,,,
2025-02-27T11:43:56+00:00,153,,0.0,,,
2025-02-27T11:43:57+00:00,152,,0.0,,,
2025-02-27T11:43:58+00:00,151,,0.0,,,
2025-02-27T11:43:59+00:00,150,,0.0,,,
2025-02-27T11:44:01+00:00,149,,0.0,,,
2025-02-27T11:44:02+00:00,148,,0.0,,,
2025-02-27T11:44:03+00:00,147,,0.0,,,
2025-02-27T11:44:06+00:00,148,,0.0,,,
2025-02-27T11:44:07+00:00,147,,0.0,,,
2025-02-27T11:44:09+00:00,146,,0.0,,,
2025-02-27T11:44:11+00:00,145,,0.0,,,
2025-02-27T11:44:13+00:00,144,,0.0,,,
2025-02-27T11:44:15+00:00,143,,0.0,,,
2025-02-27T11:44:16+00:00,144,,0.0,,,
2025-02-27T11:44:18+00:00,143,,0.0,,,
2025-02-27T11:44:23+00:00,147,,0.0,,,
2025-02-27T11:44:24+00:00,158,,0.0,,,
2025-02-27T11:44:25+00:00,163,,0.0,,,
2025-02-27T11:44:26+00:00,163,,0.0,,,
2025-02-27T11:44:28+00:00,162,,0.0,,,
2025-02-27T11:44:30+00:00,161,,0.0,,,
2025-02-27T11:44:32+00:00,160,,0.0,,,
2025-02-27T11:44:33+00:00,159,,0.0,,,
2025-02-27T11:44:37+00:00,158,,0.0,,,
2025-02-27T11:44:38+00:00,157,,0.0,,,
2025-02-27T11:44:39+00:00,156,,0.0,,,
2025-02-27T11:44:44+00:00,157,,0.0,,,
2025-02-27T11:44:46+00:00,156,,0.0,,,
2025-02-27T11:44:52+00:00,155,,0.0,,,
2025-02-27T11:44:53+00:00,153,,0.0,,,
2025-02-27T11:44:54+00:00,152,,0.0,,,
2025-02-27T11:44:55+00:00,150,,0.0,,,
2025-02-27T11:44:56+00:00,149,,0.0,,,
2025-02-27T11:44:58+00:00,148,,0.0,,,
2025-02-27T11:45:00+00:00,149,,0.0,,,
2025-02-27T11:45:02+00:00,150,,0.0,,,
2025-02-27T11:45:05+00:00,151,,0.0,,,
2025-02-27T11:45:08+00:00,154,,0.0,,,
2025-02-27T11:45:09+00:00,155,,0.0,,,
2025-02-27T11:45:10+00:00,156,,0.0,,,
2025-02-27T11:45:11+00:00,155,,0.0,,,
2025-02-27T11:45:12+00:00,154,,0.0,,,
2025-02-27T11:45:13+00:00,152,,0.0,,,
2025-02-27T11:45:14+00:00,147,,0.0,,,
2025-02-27T11:45:15+00:00,146,,0.0,,,
2025-02-27T11:45:17+00:00,144,,0.0,,,
2025-02-27T11:45:19+00:00,143,,0.0,,,
2025-02-27T11:45:20+00:00,142,,0.0,,,
2025-02-27T11:45:21+00:00,142,,0.0,,,
2025-02-27T11:45:24+00:00,143,,0.0,,,
2025-02-27T11:45:25+00:00,143,,0.0,,,
2025-02-27T11:45:26+00:00,142,,0.0,,,
2025-02-27T11:45:27+00:00,142,,0.0,,,
2025-02-27T11:45:28+00:00,142,,0.0,,,
2025-02-27T11:45:29+00:00,143,,0.0,,,
2025-02-27T11:45:30+00:00,143,,0.0,,,
2025-02-27T11:45:31+00:00,141,,0.0,,,
2025-02-27T11:45:32+00:00,141,,0.0,,,
2025-02-27T11:45:33+00:00,141,,0.0,,,
2025-02-27T11:45:34+00:00,141,,0.0,,,
2025-02-27T11:45:35+00:00,141,,0.0,,,
2025-02-27T11:45:36+00:00,141,,0.0,,,
2025-02-27T11:45:37+00:00,141,,0.0,,,
2025-02-27T11:45:38+00:00,142,,0.0,,,
2025-02-27T11:45:39+00:00,143,,0.0,,,
2025-02-27T11:45:40+00:00,142,,0.0,,,
2025-02-27T11:45:41+00:00,143,,0.0,,,
2025-02-27T11:45:42+00:00,143,,0.0,,,
2025-02-27T11:45:43+00:00,142,,0.0,,,
2025-02-27T11:45:44+00:00,142,,0.0,,,
2025-02-27T11:45:45+00:00,142,,0.0,,,
2025-02-27T11:45:46+00:00,141,,0.0,,,
2025-02-27T11:45:47+00:00,142,,0.0,,,
2025-02-27T11:45:48+00:00,142,,0.0,,,
2025-02-27T11:45:49+00:00,143,,0.0,,,
2025-02-27T11:45:50+00:00,143,,0.0,,,
2025-02-27T11:45:51+00:00,144,,0.0,,,
2025-02-27T11:45:52+00:00,144,,0.0,,,
2025-02-27T11:45:53+00:00,144,,0.0,,,
2025-02-27T11:45:54+00:00,144,,0.0,,,
2025-02-27T11:45:55+00:00,141,,0.0,,,
2025-02-27T11:45:56+00:00,138,,0.0,,,
2025-02-27T11:45:57+00:00,132,,0.0,,,
2025-02-27T11:45:58+00:00,118,,0.0,,,
2025-02-27T11:45:59+00:00,111,,0.0,,,
2025-02-27T11:46:00+00:00,110,,0.0,,,
2025-02-27T11:46:01+00:00,110,,0.0,,,
2025-02-27T11:46:02+00:00,109,,0.0,,,
2025-02-27T11:46:03+00:00,109,,0.0,,,
2025-02-27T11:46:04+00:00,109,,0.0,,,
2025-02-27T11:46:05+00:00,109,,0.0,,,
2025-02-27T11:46:06+00:00,109,,0.0,,,
2025-02-27T11:46:07+00:00,109,,0.0,,,
2025-02-27T11:46:08+00:00,108,,0.0,,,
2025-02-27T11:46:09+00:00,109,,0.0,,,
2025-02-27T11:46:10+00:00,109,,0.0,,,
2025-02-27T11:46:11+00:00,110,,0.0,,,
2025-02-27T11:46:12+00:00,110,,0.0,,,
2025-02-27T11:46:14+00:00,111,,0.0,,,
2025-02-27T11:46:15+00:00,110,,0.0,,,
2025-02-27T11:46:20+00:00,109,,0.0,,,
2025-02-27T11:46:24+00:00,110,,0.0,,,
2025-02-27T11:46:25+00:00,116,,0.0,,,
2025-02-27T11:46:26+00:00,154,,0.0,,,
2025-02-27T11:46:27+00:00,154,,0.0,,,
2025-02-27T11:46:30+00:00,153,,0.0,,,
2025-02-27T11:46:34+00:00,152,,0.0,,,
2025-02-27T11:46:35+00:00,153,,0.0,,,
2025-02-27T11:46:36+00:00,152,,0.0,,,
2025-02-27T11:46:41+00:00,151,,0.0,,,
2025-02-27T11:46:47+00:00,150,,0.0,,,
2025-02-27T11:46:48+00:00,151,,0.0,,,
2025-02-27T11:46:51+00:00,150,,0.0,,,
2025-02-27T11:46:53+00:00,147,,0.0,,,
2025-02-27T11:46:54+00:00,146,,0.0,,,
2025-02-27T11:46:56+00:00,145,,0.0,,,
2025-02-27T11:46:58+00:00,144,,0.0,,,
2025-02-27T11:47:00+00:00,143,,0.0,,,
2025-02-27T11:47:01+00:00,142,,0.0,,,
2025-02-27T11:47:02+00:00,141,,0.0,,,
2025-02-27T11:47:03+00:00,140,,0.0,,,
2025-02-27T11:47:04+00:00,139,,0.0,,,
2025-02-27T11:47:05+00:00,138,,0.0,,,
2025-02-27T11:47:09+00:00,137,,0.0,,,
2025-02-27T11:47:10+00:00,138,,0.0,,,
2025-02-27T11:47:15+00:00,137,,0.0,,,
2025-02-27T11:47:16+00:00,136,,0.0,,,
2025-02-27T11:47:18+00:00,137,,0.0,,,
2025-02-27T11:47:23+00:00,136,,0.0,,,
2025-02-27T11:47:27+00:00,137,,0.0,,,
2025-02-27T11:47:28+00:00,136,,0.0,,,
2025-02-27T11:47:31+00:00,137,,0.0,,,
2025-02-27T11:47:32+00:00,137,,0.0,,,
2025-02-27T11:47:33+00:00,138,,0.0,,,
2025-02-27T11:47:34+00:00,139,,0.0,,,
2025-02-27T11:47:35+00:00,140,,0.0,,,
2025-02-27T11:47:36+00:00,140,,0.0,,,
2025-02-27T11:47:37+00:00,141,,0.0,,,
2025-02-27T11:47:38+00:00,140,,0.0,,,
2025-02-27T11:47:39+00:00,140,,0.0,,,
2025-02-27T11:47:40+00:00,140,,0.0,,,
2025-02-27T11:47:41+00:00,141,,0.0,,,
2025-02-27T11:47:42+00:00,141,,0.0,,,
2025-02-27T11:47:43+00:00,140,,0.0,,,
2025-02-27T11:47:44+00:00,140,,0.0,,,
2025-02-27T11:47:45+00:00,140,,0.0,,,
2025-02-27T11:47:46+00:00,141,,0.0,,,
2025-02-27T11:47:47+00:00,141,,0.0,,,
2025-02-27T11:47:48+00:00,141,,0.0,,,
2025-02-27T11:47:49+00:00,141,,0.0,,,
2025-02-27T11:47:50+00:00,141,,0.0,,,
2025-02-27T11:47:51+00:00,142,,0.0,,,
2025-02-27T11:47:52+00:00,142,,0.0,,,
2025-02-27T11:47:53+00:00,142,,0.0,,,
2025-02-27T11:47:54+00:00,142,,0.0,,,
2025-02-27T11:47:55+00:00,141,,0.0,,,
2025-02-27T11:47:56+00:00,137,,0.0,,,
2025-02-27T11:47:57+00:00,133,,0.0,,,
2025-02-27T11:47:58+00:00,127,,0.0,,,
2025-02-27T11:47:59+00:00,123,,0.0,,,
2025-02-27T11:48:00+00:00,122,,0.0,,,
2025-02-27T11:48:01+00:00,121,,0.0,,,
2025-02-27T11:48:02+00:00,121,,0.0,,,
2025-02-27T11:48:03+00:00,121,,0.0,,,
2025-02-27T11:48:04+00:00,122,,0.0,,,
2025-02-27T11:48:05+00:00,123,,0.0,,,
2025-02-27T11:48:06+00:00,123,,0.0,,,
2025-02-27T11:48:07+00:00,123,,0.0,,,
2025-02-27T11:48:08+00:00,123,,0.0,,,
2025-02-27T11:48:09+00:00,123,,0.0,,,
2025-02-27T11:48:10+00:00,124,,0.0,,,
2025-02-27T11:48:11+00:00,124,,0.0,,,
2025-02-27T11:48:12+00:00,124,,0.0,,,
2025-02-27T11:48:13+00:00,125,,0.0,,,
2025-02-27T11:48:14+00:00,125,,0.0,,,
2025-02-27T11:48:15+00:00,125,,0.0,,,
2025-02-27T11:48:16+00:00,125,,0.0,,,
2025-02-27T11:48:17+00:00,125,,0.0,,,
2025-02-27T11:48:18+00:00,125,,0.0,,,
2025-02-27T11:48:19+00:00,125,,0.0,,,
2025-02-27T11:48:20+00:00,126,,0.0,,,
2025-02-27T11:48:21+00:00,126,,0.0,,,
2025-02-27T11:48:22+00:00,126,,0.0,,,
2025-02-27T11:48:23+00:00,126,,0.0,,,
2025-02-27T11:48:24+00:00,126,,0.0,,,
2025-02-27T11:48:25+00:00,126,,0.0,,,
2025-02-27T11:48:26+00:00,125,,0.0,,,
2025-02-27T11:48:27+00:00,126,,0.0,,,
2025-02-27T11:48:28+00:00,126,,0.0,,,
2025-02-27T11:48:29+00:00,125,,0.0,,,
2025-02-27T11:48:30+00:00,126,,0.0,,,
2025-02-27T11:48:31+00:00,126,,0.0,,,
2025-02-27T11:48:32+00:00,125,,0.0,,,
2025-02-27T11:48:33+00:00,126,,0.0,,,
2025-02-27T11:48:34+00:00,125,,0.0,,,
2025-02-27T11:48:35+00:00,124,,0.0,,,
2025-02-27T11:48:36+00:00,123,,0.0,,,
2025-02-27T11:48:37+00:00,123,,0.0,,,
2025-02-27T11:48:38+00:00,123,,0.0,,,
2025-02-27T11:48:39+00:00,123,,0.0,,,
2025-02-27T11:48:40+00:00,123,,0.0,,,
2025-02-27T11:48:41+00:00,123,,0.0,,,
2025-02-27T11:48:42+00:00,123,,0.0,,,
2025-02-27T11:48:43+00:00,123,,0.0,,,
2025-02-27T11:48:44+00:00,123,,0.0,,,
2025-02-27T11:48:45+00:00,124,,0.0,,,
2025-02-27T11:48:46+00:00,123,,0.0,,,
2025-02-27T11:48:47+00:00,123,,0.0,,,
2025-02-27T11:48:48+00:00,123,,0.0,,,
2025-02-27T11:48:49+00:00,122,,0.0,,,
2025-02-27T11:48:50+00:00,122,,0.0,,,
2025-02-27T11:48:51+00:00,122,,0.0,,,
2025-02-27T11:48:52+00:00,122,,0.0,,,
2025-02-27T11:48:53+00:00,121,,0.0,,,
2025-02-27T11:48:54+00:00,122,,0.0,,,
2025-02-27T11:48:55+00:00,122,,0.0,,,
2025-02-27T11:48:56+00:00,122,,0.0,,,
2025-02-27T11:48:57+00:00,122,,0.0,,,
2025-02-27T11:48:58+00:00,122,,0.0,,,
2025-02-27T11:48:59+00:00,122,,0.0,,,
2025-02-27T11:49:00+00:00,122,,0.0,,,
2025-02-27T11:49:01+00:00,122,,0.0,,,
2025-02-27T11:49:02+00:00,122,,0.0,,,
2025-02-27T11:49:03+00:00,121,,0.0,,,
2025-02-27T11:49:04+00:00,120,,0.0,,,
2025-02-27T11:49:05+00:00,120,,0.0,,,
2025-02-27T11:49:06+00:00,120,,0.0,,,
2025-02-27T11:49:07+00:00,120,,0.0,,,
2025-02-27T11:49:08+00:00,125,,0.0,,,
2025-02-27T11:49:09+00:00,126,,0.0,,,
2025-02-27T11:49:10+00:00,127,,0.0,,,
2025-02-27T11:49:11+00:00,127,,0.0,,,
2025-02-27T11:49:12+00:00,126,,0.0,,,
2025-02-27T11:49:13+00:00,124,,0.0,,,
2025-02-27T11:49:14+00:00,121,,0.0,,,
2025-02-27T11:49:15+00:00,120,,0.0,,,
2025-02-27T11:49:16+00:00,118,,0.0,,,
2025-02-27T11:49:20+00:00,119,,0.0,,,
2025-02-27T11:49:23+00:00,120,,0.0,,,
2025-02-27T11:49:24+00:00,121,,0.0,,,
2025-02-27T11:49:26+00:00,122,,0.0,,,
2025-02-27T11:49:29+00:00,123,,0.0,,,
2025-02-27T11:49:33+00:00,122,,0.0,,,
2025-02-27T11:49:34+00:00,123,,0.0,,,
2025-02-27T11:49:35+00:00,125,,0.0,,,
2025-02-27T11:49:36+00:00,131,,0.0,,,
2025-02-27T11:49:37+00:00,176,,0.0,,,
2025-02-27T11:49:38+00:00,176,,0.0,,,
2025-02-27T11:49:40+00:00,177,,0.0,,,
2025-02-27T11:49:42+00:00,176,,0.0,,,
2025-02-27T11:49:43+00:00,175,,0.0,,,
2025-02-27T11:49:44+00:00,172,,0.0,,,
2025-02-27T11:49:45+00:00,165,,0.0,,,
2025-02-27T11:49:46+00:00,162,,0.0,,,
2025-02-27T11:49:47+00:00,160,,0.0,,,
2025-02-27T11:49:48+00:00,158,,0.0,,,
2025-02-27T11:49:49+00:00,157,,0.0,,,
2025-02-27T11:49:50+00:00,158,,0.0,,,
2025-02-27T11:49:52+00:00,159,,0.0,,,
2025-02-27T11:49:54+00:00,160,,0.0,,,
2025-02-27T11:49:55+00:00,157,,0.0,,,
2025-02-27T11:49:56+00:00,155,,0.0,,,
2025-02-27T11:49:58+00:00,154,,0.0,,,
2025-02-27T11:49:59+00:00,153,,0.0,,,
2025-02-27T11:50:00+00:00,152,,0.0,,,
2025-02-27T11:50:01+00:00,151,,0.0,,,
2025-02-27T11:50:02+00:00,150,,0.0,,,
2025-02-27T11:50:03+00:00,149,,0.0,,,
2025-02-27T11:50:09+00:00,151,,0.0,,,
2025-02-27T11:50:11+00:00,150,,0.0,,,
2025-02-27T11:50:14+00:00,149,,0.0,,,
2025-02-27T11:50:17+00:00,150,,0.0,,,
2025-02-27T11:50:20+00:00,151,,0.0,,,
2025-02-27T11:50:23+00:00,150,,0.0,,,
2025-02-27T11:50:25+00:00,149,,0.0,,,
2025-02-27T11:50:27+00:00,148,,0.0,,,
2025-02-27T11:50:30+00:00,147,,0.0,,,
2025-02-27T11:50:33+00:00,148,,0.0,,,
2025-02-27T11:50:34+00:00,147,,0.0,,,
2025-02-27T11:50:37+00:00,146,,0.0,,,
2025-02-27T11:50:40+00:00,147,,0.0,,,
2025-02-27T11:50:42+00:00,148,,0.0,,,
2025-02-27T11:50:45+00:00,147,,0.0,,,
2025-02-27T11:50:49+00:00,146,,0.0,,,
2025-02-27T11:50:55+00:00,147,,0.0,,,
2025-02-27T11:50:56+00:00,146,,0.0,,,
2025-02-27T11:50:57+00:00,147,,0.0,,,
2025-02-27T11:51:05+00:00,148,,0.0,,,
2025-02-27T11:51:09+00:00,149,,0.0,,,
2025-02-27T11:51:12+00:00,148,,0.0,,,
2025-02-27T11:51:13+00:00,149,,0.0,,,
2025-02-27T11:51:16+00:00,148,,0.0,,,
2025-02-27T11:51:17+00:00,149,,0.0,,,
2025-02-27T11:51:20+00:00,148,,0.0,,,
2025-02-27T11:51:21+00:00,147,,0.0,,,
2025-02-27T11:51:22+00:00,146,,0.0,,,
2025-02-27T11:51:25+00:00,145,,0.0,,,
2025-02-27T11:51:36+00:00,146,,0.0,,,
2025-02-27T11:51:39+00:00,147,,0.0,,,
2025-02-27T11:51:40+00:00,148,,0.0,,,
2025-02-27T11:51:43+00:00,147,,0.0,,,
2025-02-27T11:51:44+00:00,146,,0.0,,,
2025-02-27T11:51:46+00:00,147,,0.0,,,
2025-02-27T11:51:47+00:00,152,,0.0,,,
2025-02-27T11:51:48+00:00,155,,0.0,,,
2025-02-27T11:51:49+00:00,160,,0.0,,,
2025-02-27T11:51:50+00:00,162,,0.0,,,
2025-02-27T11:51:51+00:00,161,,0.0,,,
2025-02-27T11:51:54+00:00,162,,0.0,,,
2025-02-27T11:51:55+00:00,161,,0.0,,,
2025-02-27T11:51:56+00:00,162,,0.0,,,
2025-02-27T11:51:58+00:00,163,,0.0,,,
2025-02-27T11:52:03+00:00,162,,0.0,,,
2025-02-27T11:52:10+00:00,163,,0.0,,,
2025-02-27T11:52:11+00:00,162,,0.0,,,
2025-02-27T11:52:13+00:00,159,,0.0,,,
2025-02-27T11:52:14+00:00,156,,0.0,,,
2025-02-27T11:52:15+00:00,155,,0.0,,,
2025-02-27T11:52:18+00:00,154,,0.0,,,
2025-02-27T11:52:20+00:00,156,,0.0,,,
2025-02-27T11:52:22+00:00,157,,0.0,,,
2025-02-27T11:52:23+00:00,158,,0.0,,,
2025-02-27T11:52:30+00:00,157,,0.0,,,
2025-02-27T11:52:31+00:00,156,,0.0,,,
2025-02-27T11:52:32+00:00,155,,0.0,,,
2025-02-27T11:52:33+00:00,153,,0.0,,,
2025-02-27T11:52:34+00:00,150,,0.0,,,
2025-02-27T11:52:35+00:00,149,,0.0,,,
2025-02-27T11:52:36+00:00,148,,0.0,,,
2025-02-27T11:52:40+00:00,149,,0.0,,,
2025-02-27T11:52:42+00:00,150,,0.0,,,
2025-02-27T11:52:43+00:00,151,,0.0,,,
2025-02-27T11:52:44+00:00,153,,0.0,,,
2025-02-27T11:52:46+00:00,154,,0.0,,,
2025-02-27T11:52:48+00:00,153,,0.0,,,
2025-02-27T11:52:53+00:00,152,,0.0,,,
2025-02-27T11:52:55+00:00,153,,0.0,,,
2025-02-27T11:52:56+00:00,154,,0.0,,,
2025-02-27T11:52:58+00:00,156,,0.0,,,
2025-02-27T11:52:59+00:00,157,,0.0,,,
2025-02-27T11:53:01+00:00,155,,0.0,,,
2025-02-27T11:53:02+00:00,153,,0.0,,,
2025-02-27T11:53:03+00:00,152,,0.0,,,
2025-02-27T11:53:06+00:00,153,,0.0,,,
2025-02-27T11:53:09+00:00,154,,0.0,,,
2025-02-27T11:53:12+00:00,155,,0.0,,,
2025-02-27T11:53:15+00:00,154,,0.0,,,
2025-02-27T11:53:17+00:00,153,,0.0,,,
2025-02-27T11:53:18+00:00,152,,0.0,,,
2025-02-27T11:53:19+00:00,150,,0.0,,,
2025-02-27T11:53:20+00:00,149,,0.0,,,
2025-02-27T11:53:22+00:00,148,,0.0,,,
2025-02-27T11:53:24+00:00,147,,0.0,,,
2025-02-27T11:53:25+00:00,146,,0.0,,,
2025-02-27T11:53:26+00:00,145,,0.0,,,
2025-02-27T11:53:28+00:00,146,,0.0,,,
2025-02-27T11:53:32+00:00,147,,0.0,,,
2025-02-27T11:53:36+00:00,148,,0.0,,,
2025-02-27T11:53:40+00:00,147,,0.0,,,
2025-02-27T11:53:42+00:00,146,,0.0,,,
2025-02-27T11:53:43+00:00,145,,0.0,,,
2025-02-27T11:53:44+00:00,144,,0.0,,,
2025-02-27T11:53:46+00:00,145,,0.0,,,
2025-02-27T11:53:48+00:00,143,,0.0,,,
2025-02-27T11:53:49+00:00,142,,0.0,,,
2025-02-27T11:53:50+00:00,141,,0.0,,,
2025-02-27T11:53:51+00:00,140,,0.0,,,
2025-02-27T11:53:54+00:00,139,,0.0,,,
2025-02-27T11:53:55+00:00,140,,0.0,,,
2025-02-27T11:53:56+00:00,139,,0.0,,,
2025-02-27T11:53:58+00:00,140,,0.0,,,
2025-02-27T11:54:05+00:00,141,,0.0,,,
2025-02-27T11:54:06+00:00,142,,0.0,,,
2025-02-27T11:54:08+00:00,143,,0.0,,,
2025-02-27T11:54:11+00:00,144,,0.0,,,
2025-02-27T11:54:12+00:00,145,,0.0,,,
2025-02-27T11:54:13+00:00,146,,0.0,,,
2025-02-27T11:54:17+00:00,145,,0.0,,,
2025-02-27T11:54:18+00:00,145,,0.0,,,
2025-02-27T11:54:19+00:00,145,,0.0,,,
2025-02-27T11:54:20+00:00,145,,0.0,,,
2025-02-27T11:54:21+00:00,147,,0.0,,,
2025-02-27T11:54:22+00:00,147,,0.0,,,
2025-02-27T11:54:23+00:00,147,,0.0,,,
2025-02-27T11:54:24+00:00,147,,0.0,,,
2025-02-27T11:54:25+00:00,146,,0.0,,,
2025-02-27T11:54:26+00:00,146,,0.0,,,
2025-02-27T11:54:27+00:00,146,,0.0,,,
2025-02-27T11:54:28+00:00,146,,0.0,,,
2025-02-27T11:54:29+00:00,146,,0.0,,,
2025-02-27T11:54:30+00:00,146,,0.0,,,
2025-02-27T11:54:31+00:00,147,,0.0,,,
2025-02-27T11:54:32+00:00,146,,0.0,,,
2025-02-27T11:54:33+00:00,146,,0.0,,,
2025-02-27T11:54:34+00:00,147,,0.0,,,
2025-02-27T11:54:35+00:00,146,,0.0,,,
2025-02-27T11:54:36+00:00,146,,0.0,,,
2025-02-27T11:54:37+00:00,146,,0.0,,,
2025-02-27T11:54:38+00:00,145,,0.0,,,
2025-02-27T11:54:39+00:00,145,,0.0,,,
2025-02-27T11:54:40+00:00,145,,0.0,,,
2025-02-27T11:54:41+00:00,146,,0.0,,,
2025-02-27T11:54:42+00:00,146,,0.0,,,
2025-02-27T11:54:43+00:00,146,,0.0,,,
2025-02-27T11:54:44+00:00,146,,0.0,,,
2025-02-27T11:54:45+00:00,145,,0.0,,,
2025-02-27T11:54:46+00:00,145,,0.0,,,
2025-02-27T11:54:47+00:00,144,,0.0,,,
2025-02-27T11:54:48+00:00,144,,0.0,,,
2025-02-27T11:54:49+00:00,145,,0.0,,,
2025-02-27T11:54:50+00:00,145,,0.0,,,
2025-02-27T11:54:51+00:00,145,,0.0,,,
2025-02-27T11:54:52+00:00,144,,0.0,,,
2025-02-27T11:54:53+00:00,144,,0.0,,,
2025-02-27T11:54:54+00:00,145,,0.0,,,
2025-02-27T11:54:55+00:00,145,,0.0,,,
2025-02-27T11:54:56+00:00,145,,0.0,,,
2025-02-27T11:54:57+00:00,143,,0.0,,,
2025-02-27T11:54:58+00:00,143,,0.0,,,
2025-02-27T11:54:59+00:00,144,,0.0,,,
2025-02-27T11:55:00+00:00,144,,0.0,,,
2025-02-27T11:55:01+00:00,144,,0.0,,,
2025-02-27T11:55:02+00:00,144,,0.0,,,
2025-02-27T11:55:03+00:00,144,,0.0,,,
2025-02-27T11:55:04+00:00,144,,0.0,,,
2025-02-27T11:55:05+00:00,143,,0.0,,,
2025-02-27T11:55:06+00:00,144,,0.0,,,
2025-02-27T11:55:07+00:00,144,,0.0,,,
2025-02-27T11:55:08+00:00,144,,0.0,,,
2025-02-27T11:55:09+00:00,144,,0.0,,,
2025-02-27T11:55:10+00:00,144,,0.0,,,
2025-02-27T11:55:11+00:00,145,,0.0,,,
2025-02-27T11:55:12+00:00,144,,0.0,,,
2025-02-27T11:55:13+00:00,144,,0.0,,,
2025-02-27T11:55:14+00:00,145,,0.0,,,
2025-02-27T11:55:15+00:00,145,,0.0,,,
2025-02-27T11:55:16+00:00,145,,0.0,,,
2025-02-27T11:55:19+00:00,146,,0.0,,,
2025-02-27T11:55:21+00:00,147,,0.0,,,
2025-02-27T11:55:22+00:00,149,,0.0,,,
2025-02-27T11:55:23+00:00,150,,0.0,,,
2025-02-27T11:55:24+00:00,151,,0.0,,,
2025-02-27T11:55:25+00:00,152,,0.0,,,
2025-02-27T11:55:26+00:00,153,,0.0,,,
2025-02-27T11:55:29+00:00,152,,0.0,,,
2025-02-27T11:55:31+00:00,151,,0.0,,,
2025-02-27T11:55:41+00:00,150,,0.0,,,
2025-02-27T11:55:43+00:00,149,,0.0,,,
2025-02-27T11:55:49+00:00,150,,0.0,,,
2025-02-27T11:55:50+00:00,154,,0.0,,,
2025-02-27T11:55:51+00:00,159,,0.0,,,
2025-02-27T11:55:52+00:00,162,,0.0,,,
2025-02-27T11:55:53+00:00,162,,0.0,,,
2025-02-27T11:55:54+00:00,161,,0.0,,,
2025-02-27T11:55:57+00:00,162,,0.0,,,
2025-02-27T11:55:58+00:00,161,,0.0,,,
2025-02-27T11:55:59+00:00,160,,0.0,,,
2025-02-27T11:56:00+00:00,159,,0.0,,,
2025-02-27T11:56:05+00:00,158,,0.0,,,
2025-02-27T11:56:06+00:00,156,,0.0,,,
2025-02-27T11:56:07+00:00,151,,0.0,,,
2025-02-27T11:56:08+00:00,149,,0.0,,,
2025-02-27T11:56:09+00:00,148,,0.0,,,
2025-02-27T11:56:10+00:00,147,,0.0,,,
2025-02-27T11:56:11+00:00,146,,0.0,,,
2025-02-27T11:56:12+00:00,145,,0.0,,,
2025-02-27T11:56:13+00:00,144,,0.0,,,
2025-02-27T11:56:14+00:00,143,,0.0,,,
2025-02-27T11:56:16+00:00,142,,0.0,,,
2025-02-27T11:56:19+00:00,141,,0.0,,,
2025-02-27T11:56:21+00:00,140,,0.0,,,
2025-02-27T11:56:23+00:00,139,,0.0,,,
2025-02-27T11:56:24+00:00,138,,0.0,,,
2025-02-27T11:56:25+00:00,137,,0.0,,,
2025-02-27T11:56:27+00:00,136,,0.0,,,
2025-02-27T11:56:28+00:00,135,,0.0,,,
2025-02-27T11:56:30+00:00,134,,0.0,,,
2025-02-27T11:56:31+00:00,133,,0.0,,,
2025-02-27T11:56:32+00:00,132,,0.0,,,
2025-02-27T11:56:33+00:00,131,,0.0,,,
2025-02-27T11:56:37+00:00,130,,0.0,,,
2025-02-27T11:56:38+00:00,131,,0.0,,,
2025-02-27T11:56:39+00:00,130,,0.0,,,
2025-02-27T11:56:41+00:00,131,,0.0,,,
2025-02-27T11:56:45+00:00,130,,0.0,,,
2025-02-27T11:56:47+00:00,126,,0.0,,,
2025-02-27T11:56:48+00:00,124,,0.0,,,
2025-02-27T11:56:49+00:00,123,,0.0,,,
2025-02-27T11:56:52+00:00,124,,0.0,,,
2025-02-27T11:56:53+00:00,125,,0.0,,,
2025-02-27T11:56:54+00:00,126,,0.0,,,
2025-02-27T11:56:55+00:00,127,,0.0,,,
2025-02-27T11:56:59+00:00,126,,0.0,,,
2025-02-27T11:57:01+00:00,127,,0.0,,,
2025-02-27T11:57:05+00:00,126,,0.0,,,
2025-02-27T11:57:06+00:00,125,,0.0,,,
2025-02-27T11:57:07+00:00,124,,0.0,,,
2025-02-27T11:57:10+00:00,125,,0.0,,,
2025-02-27T11:57:11+00:00,126,,0.0,,,
2025-02-27T11:57:13+00:00,128,,0.0,,,
2025-02-27T11:57:14+00:00,129,,0.0,,,
2025-02-27T11:57:16+00:00,131,,0.0,,,
2025-02-27T11:57:18+00:00,132,,0.0,,,
2025-02-27T11:57:19+00:00,131,,0.0,,,
2025-02-27T11:57:20+00:00,130,,0.0,,,
2025-02-27T11:57:21+00:00,129,,0.0,,,
2025-02-27T11:57:26+00:00,128,,0.0,,,
2025-02-27T11:57:27+00:00,129,,0.0,,,
2025-02-27T11:57:28+00:00,130,,0.0,,,
2025-02-27T11:57:29+00:00,131,,0.0,,,
2025-02-27T11:57:31+00:00,133,,0.0,,,
2025-02-27T11:57:37+00:00,132,,0.0,,,
2025-02-27T11:57:38+00:00,131,,0.0,,,
2025-02-27T11:57:43+00:00,130,,0.0,,,
2025-02-27T11:57:55+00:00,129,,0.0,,,
2025-02-27T11:57:57+00:00,130,,0.0,,,
2025-02-27T11:57:59+00:00,129,,0.0,,,
2025-02-27T11:58:00+00:00,128,,0.0,,,
2025-02-27T11:58:01+00:00,127,,0.0,,,
2025-02-27T11:58:03+00:00,126,,0.0,,,
2025-02-27T11:58:04+00:00,127,,0.0,,,
2025-02-27T11:58:05+00:00,126,,0.0,,,
2025-02-27T11:58:08+00:00,125,,0.0,,,
2025-02-27T11:58:11+00:00,124,,0.0,,,
2025-02-27T11:58:13+00:00,123,,0.0,,,
2025-02-27T11:58:15+00:00,122,,0.0,,,
2025-02-27T11:58:16+00:00,123,,0.0,,,
2025-02-27T11:58:18+00:00,122,,0.0,,,
2025-02-27T11:58:20+00:00,121,,0.0,,,
2025-02-27T11:58:24+00:00,120,,0.0,,,
2025-02-27T11:58:29+00:00,119,,0.0,,,
2025-02-27T11:58:31+00:00,118,,0.0,,,
2025-02-27T11:58:33+00:00,117,,0.0,,,
2025-02-27T11:58:34+00:00,116,,0.0,,,
2025-02-27T11:58:36+00:00,115,,0.0,,,
2025-02-27T11:58:40+00:00,116,,0.0,,,
2025-02-27T11:58:41+00:00,115,,0.0,,,
2025-02-27T11:58:44+00:00,116,,0.0,,,
2025-02-27T11:58:45+00:00,115,,0.0,,,
2025-02-27T11:58:46+00:00,116,,0.0,,,
2025-02-27T11:58:49+00:00,118,,0.0,,,
2025-02-27T11:58:52+00:00,119,,0.0,,,
2025-02-27T11:58:53+00:00,120,,0.0,,,
2025-02-27T11:58:56+00:00,121,,0.0,,,
2025-02-27T11:58:57+00:00,120,,0.0,,,
2025-02-27T11:58:59+00:00,121,,0.0,,,
2025-02-27T11:59:00+00:00,120,,0.0,,,
2025-02-27T11:59:02+00:00,121,,0.0,,,
2025-02-27T11:59:03+00:00,120,,0.0,,,
2025-02-27T11:59:05+00:00,121,,0.0,,,
2025-02-27T11:59:06+00:00,120,,0.0,,,
2025-02-27T11:59:07+00:00,121,,0.0,,,
2025-02-27T11:59:08+00:00,120,,0.0,,,
2025-02-27T11:59:09+00:00,121,,0.0,,,
2025-02-27T11:59:14+00:00,122,,0.0,,,
2025-02-27T11:59:17+00:00,121,,0.0,,,
2025-02-27T11:59:24+00:00,120,,0.0,,,
2025-02-27T11:59:29+00:00,121,,0.0,,,
2025-02-27T11:59:35+00:00,122,,0.0,,,
2025-02-27T11:59:37+00:00,121,,0.0,,,
2025-02-27T11:59:43+00:00,122,,0.0,,,
2025-02-27T11:59:44+00:00,121,,0.0,,,
2025-02-27T11:59:46+00:00,120,,0.0,,,
2025-02-27T11:59:47+00:00,120,,0.0,,,
2025-02-27T11:59:48+00:00,120,,0.0,,,
2025-02-27T11:59:49+00:00,121,,0.0,,,
2025-02-27T11:59:50+00:00,121,,0.0,,,
2025-02-27T11:59:51+00:00,121,,0.0,,,
2025-02-27T11:59:52+00:00,121,,0.0,,,
2025-02-27T11:59:53+00:00,121,,0.0,,,
2025-02-27T11:59:54+00:00,121,,0.0,,,
2025-02-27T11:59:55+00:00,122,,0.0,,,
2025-02-27T11:59:56+00:00,122,,0.0,,,
2025-02-27T11:59:57+00:00,122,,0.0,,,
2025-02-27T11:59:58+00:00,122,,0.0,,,
2025-02-27T11:59:59+00:00,123,,0.0,,,
2025-02-27T12:00:00+00:00,124,,0.0,,,
2025-02-27T12:00:01+00:00,125,,0.0,,,
2025-02-27T12:00:02+00:00,125,,0.0,,,
2025-02-27T12:00:03+00:00,126,,0.0,,,
2025-02-27T12:00:04+00:00,127,,0.0,,,
2025-02-27T12:00:05+00:00,127,,0.0,,,
2025-02-27T12:00:06+00:00,127,,0.0,,,
2025-02-27T12:00:07+00:00,127,,0.0,,,
2025-02-27T12:00:08+00:00,127,,0.0,,,
2025-02-27T12:00:09+00:00,127,,0.0,,,
2025-02-27T12:00:10+00:00,128,,0.0,,,
2025-02-27T12:00:11+00:00,128,,0.0,,,
2025-02-27T12:00:12+00:00,129,,0.0,,,
2025-02-27T12:00:13+00:00,129,,0.0,,,
2025-02-27T12:00:14+00:00,130,,0.0,,,
2025-02-27T12:00:15+00:00,130,,0.0,,,
2025-02-27T12:00:16+00:00,130,,0.0,,,
2025-02-27T12:00:17+00:00,130,,0.0,,,
2025-02-27T12:00:18+00:00,131,,0.0,,,
2025-02-27T12:00:19+00:00,131,,0.0,,,
2025-02-27T12:00:20+00:00,131,,0.0,,,
2025-02-27T12:00:21+00:00,131,,0.0,,,
2025-02-27T12:00:22+00:00,129,,0.0,,,
2025-02-27T12:00:23+00:00,128,,0.0,,,
2025-02-27T12:00:24+00:00,126,,0.0,,,
2025-02-27T12:00:25+00:00,126,,0.0,,,
2025-02-27T12:00:26+00:00,127,,0.0,,,
2025-02-27T12:00:27+00:00,127,,0.0,,,
2025-02-27T12:00:28+00:00,128,,0.0,,,
2025-02-27T12:00:29+00:00,129,,0.0,,,
2025-02-27T12:00:30+00:00,130,,0.0,,,
2025-02-27T12:00:31+00:00,131,,0.0,,,
2025-02-27T12:00:32+00:00,130,,0.0,,,
2025-02-27T12:00:33+00:00,129,,0.0,,,
2025-02-27T12:00:34+00:00,130,,0.0,,,
2025-02-27T12:00:35+00:00,131,,0.0,,,
2025-02-27T12:00:36+00:00,132,,0.0,,,
2025-02-27T12:00:37+00:00,134,,0.0,,,
2025-02-27T12:00:38+00:00,137,,0.0,,,
2025-02-27T12:00:39+00:00,140,,0.0,,,
2025-02-27T12:00:40+00:00,141,,0.0,,,
2025-02-27T12:00:41+00:00,141,,0.0,,,
2025-02-27T12:00:42+00:00,141,,0.0,,,
2025-02-27T12:00:43+00:00,141,,0.0,,,
2025-02-27T12:00:44+00:00,141,,0.0,,,
2025-02-27T12:00:45+00:00,142,,0.0,,,
2025-02-27T12:00:46+00:00,140,,0.0,,,
2025-02-27T12:00:47+00:00,135,,0.0,,,
2025-02-27T12:00:48+00:00,134,,0.0,,,
2025-02-27T12:00:49+00:00,134,,0.0,,,
2025-02-27T12:00:50+00:00,134,,0.0,,,
2025-02-27T12:00:51+00:00,134,,0.0,,,
2025-02-27T12:00:52+00:00,134,,0.0,,,
2025-02-27T12:00:53+00:00,134,,0.0,,,
2025-02-27T12:00:54+00:00,134,,0.0,,,
2025-02-27T12:00:55+00:00,133,,0.0,,,
2025-02-27T12:00:56+00:00,133,,0.0,,,
2025-02-27T12:00:57+00:00,133,,0.0,,,
2025-02-27T12:00:58+00:00,134,,0.0,,,
2025-02-27T12:00:59+00:00,134,,0.0,,,
2025-02-27T12:01:00+00:00,135,,0.0,,,
2025-02-27T12:01:01+00:00,135,,0.0,,,
2025-02-27T12:01:02+00:00,135,,0.0,,,
2025-02-27T12:01:03+00:00,135,,0.0,,,
2025-02-27T12:01:04+00:00,135,,0.0,,,
2025-02-27T12:01:05+00:00,135,,0.0,,,
2025-02-27T12:01:06+00:00,136,,0.0,,,
2025-02-27T12:01:07+00:00,138,,0.0,,,
2025-02-27T12:01:08+00:00,137,,0.0,,,
2025-02-27T12:01:09+00:00,136,,0.0,,,
2025-02-27T12:01:10+00:00,135,,0.0,,,
2025-02-27T12:01:11+00:00,134,,0.0,,,
2025-02-27T12:01:12+00:00,133,,0.0,,,
2025-02-27T12:01:13+00:00,133,,0.0,,,
2025-02-27T12:01:14+00:00,132,,0.0,,,
2025-02-27T12:01:15+00:00,133,,0.0,,,
2025-02-27T12:01:16+00:00,133,,0.0,,,
2025-02-27T12:01:17+00:00,133,,0.0,,,
2025-02-27T12:01:18+00:00,133,,0.0,,,
2025-02-27T12:01:19+00:00,133,,0.0,,,
2025-02-27T12:01:20+00:00,133,,0.0,,,
2025-02-27T12:01:21+00:00,131,,0.0,,,
2025-02-27T12:01:22+00:00,129,,0.0,,,
2025-02-27T12:01:23+00:00,128,,0.0,,,
2025-02-27T12:01:24+00:00,127,,0.0,,,
2025-02-27T12:01:25+00:00,126,,0.0,,,
2025-02-27T12:01:27+00:00,125,,0.0,,,
2025-02-27T12:01:29+00:00,124,,0.0,,,
2025-02-27T12:01:32+00:00,123,,0.0,,,
2025-02-27T12:01:33+00:00,122,,0.0,,,
2025-02-27T12:01:34+00:00,121,,0.0,,,
2025-02-27T12:01:35+00:00,120,,0.0,,,
2025-02-27T12:01:36+00:00,119,,0.0,,,
2025-02-27T12:01:38+00:00,118,,0.0,,,
2025-02-27T12:01:41+00:00,117,,0.0,,,
2025-02-27T12:01:43+00:00,116,,0.0,,,
2025-02-27T12:01:46+00:00,117,,0.0,,,
2025-02-27T12:01:49+00:00,118,,0.0,,,
2025-02-27T12:01:50+00:00,119,,0.0,,,
2025-02-27T12:01:52+00:00,120,,0.0,,,
2025-02-27T12:01:56+00:00,119,,0.0,,,
2025-02-27T12:01:57+00:00,120,,0.0,,,
2025-02-27T12:02:04+00:00,122,,0.0,,,
2025-02-27T12:02:05+00:00,145,,0.0,,,
2025-02-27T12:02:06+00:00,152,,0.0,,,
2025-02-27T12:02:07+00:00,152,,0.0,,,
2025-02-27T12:02:13+00:00,151,,0.0,,,
2025-02-27T12:02:15+00:00,152,,0.0,,,
2025-02-27T12:02:17+00:00,151,,0.0,,,
2025-02-27T12:02:21+00:00,150,,0.0,,,
2025-02-27T12:02:24+00:00,151,,0.0,,,
2025-02-27T12:02:25+00:00,150,,0.0,,,
2025-02-27T12:02:26+00:00,149,,0.0,,,
2025-02-27T12:02:29+00:00,148,,0.0,,,
2025-02-27T12:02:32+00:00,149,,0.0,,,
2025-02-27T12:02:39+00:00,148,,0.0,,,
2025-02-27T12:02:40+00:00,149,,0.0,,,
2025-02-27T12:02:44+00:00,148,,0.0,,,
2025-02-27T12:02:47+00:00,147,,0.0,,,
2025-02-27T12:02:51+00:00,148,,0.0,,,
2025-02-27T12:02:52+00:00,147,,0.0,,,
2025-02-27T12:02:56+00:00,144,,0.0,,,
2025-02-27T12:02:57+00:00,140,,0.0,,,
2025-02-27T12:02:58+00:00,139,,0.0,,,
2025-02-27T12:02:59+00:00,138,,0.0,,,
2025-02-27T12:03:09+00:00,139,,0.0,,,
2025-02-27T12:03:10+00:00,140,,0.0,,,
2025-02-27T12:03:11+00:00,141,,0.0,,,
2025-02-27T12:03:13+00:00,142,,0.0,,,
2025-02-27T12:03:17+00:00,143,,0.0,,,
2025-02-27T12:03:22+00:00,144,,0.0,,,
2025-02-27T12:03:23+00:00,143,,0.0,,,
2025-02-27T12:03:25+00:00,141,,0.0,,,
2025-02-27T12:03:31+00:00,143,,0.0,,,
2025-02-27T12:03:33+00:00,144,,0.0,,,
2025-02-27T12:03:36+00:00,145,,0.0,,,
2025-02-27T12:03:42+00:00,146,,0.0,,,
2025-02-27T12:03:43+00:00,145,,0.0,,,
2025-02-27T12:03:47+00:00,146,,0.0,,,
2025-02-27T12:03:48+00:00,145,,0.0,,,
2025-02-27T12:03:51+00:00,144,,0.0,,,
2025-02-27T12:03:53+00:00,144,,0.0,,,
2025-02-27T12:03:54+00:00,145,,0.0,,,
2025-02-27T12:03:55+00:00,145,,0.0,,,
2025-02-27T12:03:56+00:00,144,,0.0,,,
2025-02-27T12:03:57+00:00,144,,0.0,,,
2025-02-27T12:03:58+00:00,143,,0.0,,,
2025-02-27T12:03:59+00:00,144,,0.0,,,
2025-02-27T12:04:00+00:00,144,,0.0,,,
2025-02-27T12:04:01+00:00,145,,0.0,,,
2025-02-27T12:04:02+00:00,144,,0.0,,,
2025-02-27T12:04:03+00:00,144,,0.0,,,
2025-02-27T12:04:04+00:00,144,,0.0,,,
2025-02-27T12:04:05+00:00,144,,0.0,,,
2025-02-27T12:04:06+00:00,145,,0.0,,,
2025-02-27T12:04:07+00:00,146,,0.0,,,
2025-02-27T12:04:08+00:00,146,,0.0,,,
2025-02-27T12:04:09+00:00,146,,0.0,,,
2025-02-27T12:04:10+00:00,145,,0.0,,,
2025-02-27T12:04:11+00:00,146,,0.0,,,
2025-02-27T12:04:12+00:00,146,,0.0,,,
2025-02-27T12:04:13+00:00,145,,0.0,,,
2025-02-27T12:04:14+00:00,146,,0.0,,,
2025-02-27T12:04:15+00:00,147,,0.0,,,
2025-02-27T12:04:16+00:00,148,,0.0,,,
2025-02-27T12:04:17+00:00,151,,0.0,,,
2025-02-27T12:04:18+00:00,152,,0.0,,,
2025-02-27T12:04:19+00:00,154,,0.0,,,
2025-02-27T12:04:20+00:00,155,,0.0,,,
2025-02-27T12:04:21+00:00,154,,0.0,,,
2025-02-27T12:04:22+00:00,154,,0.0,,,
2025-02-27T12:04:23+00:00,154,,0.0,,,
2025-02-27T12:04:24+00:00,153,,0.0,,,
2025-02-27T12:04:25+00:00,154,,0.0,,,
2025-02-27T12:04:26+00:00,154,,0.0,,,
2025-02-27T12:04:27+00:00,154,,0.0,,,
2025-02-27T12:04:28+00:00,153,,0.0,,,
2025-02-27T12:04:29+00:00,153,,0.0,,,
2025-02-27T12:04:30+00:00,153,,0.0,,,
2025-02-27T12:04:31+00:00,154,,0.0,,,
2025-02-27T12:04:32+00:00,154,,0.0,,,
2025-02-27T12:04:33+00:00,154,,0.0,,,
2025-02-27T12:04:34+00:00,155,,0.0,,,
2025-02-27T12:04:35+00:00,155,,0.0,,,
2025-02-27T12:04:36+00:00,155,,0.0,,,
2025-02-27T12:04:37+00:00,155,,0.0,,,
2025-02-27T12:04:38+00:00,156,,0.0,,,
2025-02-27T12:04:39+00:00,156,,0.0,,,
2025-02-27T12:04:40+00:00,155,,0.0,,,
2025-02-27T12:04:41+00:00,155,,0.0,,,
2025-02-27T12:04:42+00:00,154,,0.0,,,
2025-02-27T12:04:43+00:00,154,,0.0,,,
2025-02-27T12:04:44+00:00,153,,0.0,,,
2025-02-27T12:04:45+00:00,153,,0.0,,,
2025-02-27T12:04:46+00:00,152,,0.0,,,
2025-02-27T12:04:47+00:00,152,,0.0,,,
2025-02-27T12:04:48+00:00,152,,0.0,,,
2025-02-27T12:04:49+00:00,151,,0.0,,,
2025-02-27T12:04:50+00:00,151,,0.0,,,
2025-02-27T12:04:51+00:00,151,,0.0,,,
2025-02-27T12:04:52+00:00,152,,0.0,,,
2025-02-27T12:04:53+00:00,151,,0.0,,,
2025-02-27T12:04:54+00:00,152,,0.0,,,
2025-02-27T12:04:55+00:00,152,,0.0,,,
2025-02-27T12:04:56+00:00,152,,0.0,,,
2025-02-27T12:04:57+00:00,153,,0.0,,,
2025-02-27T12:04:58+00:00,153,,0.0,,,
2025-02-27T12:04:59+00:00,153,,0.0,,,
2025-02-27T12:05:00+00:00,152,,0.0,,,
2025-02-27T12:05:01+00:00,150,,0.0,,,
2025-02-27T12:05:02+00:00,148,,0.0,,,
2025-02-27T12:05:03+00:00,145,,0.0,,,
2025-02-27T12:05:04+00:00,142,,0.0,,,
2025-02-27T12:05:05+00:00,142,,0.0,,,
2025-02-27T12:05:06+00:00,142,,0.0,,,
2025-02-27T12:05:07+00:00,141,,0.0,,,
2025-02-27T12:05:08+00:00,140,,0.0,,,
2025-02-27T12:05:09+00:00,140,,0.0,,,
2025-02-27T12:05:10+00:00,140,,0.0,,,
2025-02-27T12:05:11+00:00,140,,0.0,,,
2025-02-27T12:05:12+00:00,140,,0.0,,,
2025-02-27T12:05:13+00:00,141,,0.0,,,
2025-02-27T12:05:14+00:00,142,,0.0,,,
2025-02-27T12:05:15+00:00,142,,0.0,,,
2025-02-27T12:05:16+00:00,144,,0.0,,,
2025-02-27T12:05:17+00:00,144,,0.0,,,
2025-02-27T12:05:18+00:00,144,,0.0,,,
2025-02-27T12:05:19+00:00,144,,0.0,,,
2025-02-27T12:05:20+00:00,144,,0.0,,,
2025-02-27T12:05:21+00:00,145,,0.0,,,
2025-02-27T12:05:22+00:00,145,,0.0,,,
2025-02-27T12:05:23+00:00,145,,0.0,,,
2025-02-27T12:05:24+00:00,145,,0.0,,,
2025-02-27T12:05:25+00:00,145,,0.0,,,
2025-02-27T12:05:26+00:00,146,,0.0,,,
2025-02-27T12:05:27+00:00,156,,0.0,,,
2025-02-27T12:05:28+00:00,166,,0.0,,,
2025-02-27T12:05:29+00:00,170,,0.0,,,
2025-02-27T12:05:30+00:00,169,,0.0,,,
2025-02-27T12:05:31+00:00,169,,0.0,,,
2025-02-27T12:05:32+00:00,169,,0.0,,,
2025-02-27T12:05:33+00:00,169,,0.0,,,
2025-02-27T12:05:34+00:00,168,,0.0,,,
2025-02-27T12:05:35+00:00,167,,0.0,,,
2025-02-27T12:05:36+00:00,166,,0.0,,,
2025-02-27T12:05:37+00:00,164,,0.0,,,
2025-02-27T12:05:38+00:00,162,,0.0,,,
2025-02-27T12:05:39+00:00,161,,0.0,,,
2025-02-27T12:05:40+00:00,160,,0.0,,,
2025-02-27T12:05:41+00:00,158,,0.0,,,
2025-02-27T12:05:42+00:00,157,,0.0,,,
2025-02-27T12:05:43+00:00,156,,0.0,,,
2025-02-27T12:05:44+00:00,155,,0.0,,,
2025-02-27T12:05:45+00:00,153,,0.0,,,
2025-02-27T12:05:46+00:00,152,,0.0,,,
2025-02-27T12:05:47+00:00,150,,0.0,,,
2025-02-27T12:05:48+00:00,149,,0.0,,,
2025-02-27T12:05:49+00:00,148,,0.0,,,
2025-02-27T12:05:50+00:00,147,,0.0,,,
2025-02-27T12:05:51+00:00,146,,0.0,,,
2025-02-27T12:05:52+00:00,145,,0.0,,,
2025-02-27T12:05:53+00:00,143,,0.0,,,
2025-02-27T12:05:54+00:00,142,,0.0,,,
2025-02-27T12:05:55+00:00,141,,0.0,,,
2025-02-27T12:05:56+00:00,140,,0.0,,,
2025-02-27T12:05:57+00:00,139,,0.0,,,
2025-02-27T12:05:58+00:00,138,,0.0,,,
2025-02-27T12:05:59+00:00,137,,0.0,,,
2025-02-27T12:06:00+00:00,136,,0.0,,,
2025-02-27T12:06:01+00:00,135,,0.0,,,
2025-02-27T12:06:02+00:00,135,,0.0,,,
2025-02-27T12:06:03+00:00,135,,0.0,,,
2025-02-27T12:06:04+00:00,134,,0.0,,,
2025-02-27T12:06:05+00:00,134,,0.0,,,
2025-02-27T12:06:06+00:00,134,,0.0,,,
2025-02-27T12:06:07+00:00,134,,0.0,,,
2025-02-27T12:06:08+00:00,134,,0.0,,,
2025-02-27T12:06:09+00:00,134,,0.0,,,
2025-02-27T12:06:10+00:00,133,,0.0,,,
2025-02-27T12:06:11+00:00,133,,0.0,,,
2025-02-27T12:06:12+00:00,133,,0.0,,,
2025-02-27T12:06:13+00:00,133,,0.0,,,
2025-02-27T12:06:14+00:00,132,,0.0,,,
2025-02-27T12:06:15+00:00,132,,0.0,,,
2025-02-27T12:06:16+00:00,133,,0.0,,,
2025-02-27T12:06:17+00:00,132,,0.0,,,
2025-02-27T12:06:18+00:00,132,,0.0,,,
2025-02-27T12:06:19+00:00,132,,0.0,,,
2025-02-27T12:06:20+00:00,132,,0.0,,,
2025-02-27T12:06:21+00:00,131,,0.0,,,
2025-02-27T12:06:22+00:00,131,,0.0,,,
2025-02-27T12:06:23+00:00,131,,0.0,,,
2025-02-27T12:06:24+00:00,130,,0.0,,,
2025-02-27T12:06:25+00:00,130,,0.0,,,
2025-02-27T12:06:26+00:00,130,,0.0,,,
2025-02-27T12:06:27+00:00,131,,0.0,,,
2025-02-27T12:06:28+00:00,131,,0.0,,,
2025-02-27T12:06:29+00:00,131,,0.0,,,
2025-02-27T12:06:30+00:00,132,,0.0,,,
2025-02-27T12:06:31+00:00,132,,0.0,,,
2025-02-27T12:06:32+00:00,131,,0.0,,,
2025-02-27T12:06:33+00:00,131,,0.0,,,
2025-02-27T12:06:34+00:00,132,,0.0,,,
2025-02-27T12:06:35+00:00,132,,0.0,,,
2025-02-27T12:06:36+00:00,133,,0.0,,,
2025-02-27T12:06:37+00:00,133,,0.0,,,
2025-02-27T12:06:38+00:00,133,,0.0,,,
2025-02-27T12:06:39+00:00,132,,0.0,,,
2025-02-27T12:06:40+00:00,133,,0.0,,,
2025-02-27T12:06:46+00:00,134,,0.0,,,
2025-02-27T12:06:49+00:00,136,,0.0,,,
2025-02-27T12:06:50+00:00,137,,0.0,,,
2025-02-27T12:06:52+00:00,138,,0.0,,,
2025-02-27T12:06:55+00:00,139,,0.0,,,
2025-02-27T12:06:58+00:00,140,,0.0,,,
2025-02-27T12:06:59+00:00,139,,0.0,,,
2025-02-27T12:07:05+00:00,138,,0.0,,,
2025-02-27T12:07:08+00:00,137,,0.0,,,
2025-02-27T12:07:09+00:00,136,,0.0,,,
2025-02-27T12:07:12+00:00,135,,0.0,,,
2025-02-27T12:07:15+00:00,136,,0.0,,,
2025-02-27T12:07:16+00:00,137,,0.0,,,
2025-02-27T12:07:18+00:00,136,,0.0,,,
2025-02-27T12:07:20+00:00,135,,0.0,,,
2025-02-27T12:07:22+00:00,134,,0.0,,,
2025-02-27T12:07:23+00:00,133,,0.0,,,
2025-02-27T12:07:24+00:00,132,,0.0,,,
2025-02-27T12:07:26+00:00,131,,0.0,,,
2025-02-27T12:07:28+00:00,132,,0.0,,,
2025-02-27T12:07:29+00:00,133,,0.0,,,
2025-02-27T12:07:30+00:00,134,,0.0,,,
2025-02-27T12:07:33+00:00,135,,0.0,,,
2025-02-27T12:07:36+00:00,134,,0.0,,,
2025-02-27T12:07:38+00:00,133,,0.0,,,
2025-02-27T12:07:40+00:00,131,,0.0,,,
2025-02-27T12:07:41+00:00,129,,0.0,,,
2025-02-27T12:07:43+00:00,127,,0.0,,,
2025-02-27T12:07:44+00:00,126,,0.0,,,
2025-02-27T12:07:46+00:00,125,,0.0,,,
2025-02-27T12:07:48+00:00,124,,0.0,,,
2025-02-27T12:07:50+00:00,123,,0.0,,,
2025-02-27T12:07:53+00:00,122,,0.0,,,
2025-02-27T12:07:54+00:00,121,,0.0,,,
2025-02-27T12:07:57+00:00,121,,0.0,,,
2025-02-27T12:07:58+00:00,121,,0.0,,,
2025-02-27T12:07:59+00:00,120,,0.0,,,
2025-02-27T12:08:00+00:00,120,,0.0,,,
2025-02-27T12:08:01+00:00,120,,0.0,,,
2025-02-27T12:08:02+00:00,120,,0.0,,,
2025-02-27T12:08:03+00:00,120,,0.0,,,
2025-02-27T12:08:04+00:00,120,,0.0,,,
2025-02-27T12:08:05+00:00,120,,0.0,,,
2025-02-27T12:08:06+00:00,120,,0.0,,,
2025-02-27T12:08:07+00:00,119,,0.0,,,
2025-02-27T12:08:08+00:00,119,,0.0,,,
2025-02-27T12:08:09+00:00,119,,0.0,,,
2025-02-27T12:08:10+00:00,119,,0.0,,,
2025-02-27T12:08:11+00:00,120,,0.0,,,
2025-02-27T12:08:12+00:00,120,,0.0,,,
2025-02-27T12:08:13+00:00,121,,0.0,,,
2025-02-27T12:08:14+00:00,121,,0.0,,,
2025-02-27T12:08:15+00:00,121,,0.0,,,
2025-02-27T12:08:16+00:00,121,,0.0,,,
2025-02-27T12:08:17+00:00,122,,0.0,,,
2025-02-27T12:08:18+00:00,122,,0.0,,,
2025-02-27T12:08:19+00:00,121,,0.0,,,
2025-02-27T12:08:20+00:00,121,,0.0,,,
2025-02-27T12:08:21+00:00,119,,0.0,,,
2025-02-27T12:08:22+00:00,118,,0.0,,,
2025-02-27T12:08:23+00:00,117,,0.0,,,
2025-02-27T12:08:24+00:00,116,,0.0,,,
2025-02-27T12:08:25+00:00,115,,0.0,,,
2025-02-27T12:08:26+00:00,115,,0.0,,,
2025-02-27T12:08:27+00:00,114,,0.0,,,
2025-02-27T12:08:28+00:00,113,,0.0,,,
2025-02-27T12:08:29+00:00,113,,0.0,,,
2025-02-27T12:08:30+00:00,117,,0.0,,,
2025-02-27T12:08:31+00:00,122,,0.0,,,
2025-02-27T12:08:32+00:00,128,,0.0,,,
2025-02-27T12:08:33+00:00,131,,0.0,,,
2025-02-27T12:08:34+00:00,133,,0.0,,,
2025-02-27T12:08:35+00:00,134,,0.0,,,
2025-02-27T12:08:36+00:00,134,,0.0,,,
2025-02-27T12:08:37+00:00,135,,0.0,,,
2025-02-27T12:08:38+00:00,134,,0.0,,,
2025-02-27T12:08:39+00:00,134,,0.0,,,
2025-02-27T12:08:40+00:00,134,,0.0,,,
2025-02-27T12:08:41+00:00,133,,0.0,,,
2025-02-27T12:08:42+00:00,132,,0.0,,,
2025-02-27T12:08:43+00:00,132,,0.0,,,
2025-02-27T12:08:44+00:00,132,,0.0,,,
2025-02-27T12:08:45+00:00,132,,0.0,,,
2025-02-27T12:08:46+00:00,133,,0.0,,,
2025-02-27T12:08:47+00:00,133,,0.0,,,
2025-02-27T12:08:48+00:00,133,,0.0,,,
2025-02-27T12:08:49+00:00,133,,0.0,,,
2025-02-27T12:08:50+00:00,134,,0.0,,,
2025-02-27T12:08:51+00:00,134,,0.0,,,
2025-02-27T12:08:55+00:00,133,,0.0,,,
2025-02-27T12:08:59+00:00,132,,0.0,,,
2025-02-27T12:09:03+00:00,136,,0.0,,,
2025-02-27T12:09:04+00:00,155,,0.0,,,
2025-02-27T12:09:05+00:00,161,,0.0,,,
2025-02-27T12:09:06+00:00,162,,0.0,,,
2025-02-27T12:09:07+00:00,161,,0.0,,,
2025-02-27T12:09:09+00:00,160,,0.0,,,
2025-02-27T12:09:10+00:00,158,,0.0,,,
2025-02-27T12:09:11+00:00,157,,0.0,,,
2025-02-27T12:09:12+00:00,156,,0.0,,,
2025-02-27T12:09:14+00:00,157,,0.0,,,
2025-02-27T12:09:16+00:00,158,,0.0,,,
2025-02-27T12:09:18+00:00,157,,0.0,,,
2025-02-27T12:09:20+00:00,156,,0.0,,,
2025-02-27T12:09:21+00:00,150,,0.0,,,
2025-02-27T12:09:22+00:00,147,,0.0,,,
2025-02-27T12:09:23+00:00,143,,0.0,,,
2025-02-27T12:09:24+00:00,142,,0.0,,,
2025-02-27T12:09:25+00:00,143,,0.0,,,
2025-02-27T12:09:29+00:00,144,,0.0,,,
2025-02-27T12:09:30+00:00,146,,0.0,,,
2025-02-27T12:09:35+00:00,145,,0.0,,,
2025-02-27T12:09:38+00:00,146,,0.0,,,
2025-02-27T12:09:39+00:00,145,,0.0,,,
2025-02-27T12:09:43+00:00,140,,0.0,,,
2025-02-27T12:09:44+00:00,134,,0.0,,,
2025-02-27T12:09:45+00:00,131,,0.0,,,
2025-02-27T12:09:46+00:00,131,,0.0,,,
2025-02-27T12:09:50+00:00,132,,0.0,,,
2025-02-27T12:09:54+00:00,133,,0.0,,,
2025-02-27T12:09:57+00:00,134,,0.0,,,
2025-02-27T12:10:00+00:00,133,,0.0,,,
2025-02-27T12:10:01+00:00,133,,0.0,,,
2025-02-27T12:10:02+00:00,134,,0.0,,,
2025-02-27T12:10:03+00:00,134,,0.0,,,
2025-02-27T12:10:04+00:00,135,,0.0,,,
2025-02-27T12:10:05+00:00,135,,0.0,,,
2025-02-27T12:10:06+00:00,136,,0.0,,,
2025-02-27T12:10:07+00:00,136,,0.0,,,
2025-02-27T12:10:08+00:00,137,,0.0,,,
2025-02-27T12:10:09+00:00,137,,0.0,,,
2025-02-27T12:10:10+00:00,137,,0.0,,,
2025-02-27T12:10:11+00:00,138,,0.0,,,
2025-02-27T12:10:12+00:00,138,,0.0,,,
2025-02-27T12:10:13+00:00,138,,0.0,,,
2025-02-27T12:10:14+00:00,139,,0.0,,,
2025-02-27T12:10:15+00:00,142,,0.0,,,
2025-02-27T12:10:16+00:00,143,,0.0,,,
2025-02-27T12:10:17+00:00,143,,0.0,,,
2025-02-27T12:10:18+00:00,144,,0.0,,,
2025-02-27T12:10:19+00:00,144,,0.0,,,
2025-02-27T12:10:20+00:00,143,,0.0,,,
2025-02-27T12:10:21+00:00,144,,0.0,,,
2025-02-27T12:10:22+00:00,143,,0.0,,,
2025-02-27T12:10:23+00:00,143,,0.0,,,
2025-02-27T12:10:24+00:00,142,,0.0,,,
2025-02-27T12:10:25+00:00,142,,0.0,,,
2025-02-27T12:10:26+00:00,142,,0.0,,,
2025-02-27T12:10:27+00:00,142,,0.0,,,
2025-02-27T12:10:28+00:00,141,,0.0,,,
2025-02-27T12:10:29+00:00,140,,0.0,,,
2025-02-27T12:10:30+00:00,140,,0.0,,,
2025-02-27T12:10:31+00:00,139,,0.0,,,
2025-02-27T12:10:32+00:00,138,,0.0,,,
2025-02-27T12:10:33+00:00,137,,0.0,,,
2025-02-27T12:10:34+00:00,137,,0.0,,,
2025-02-27T12:10:35+00:00,137,,0.0,,,
2025-02-27T12:10:36+00:00,138,,0.0,,,
2025-02-27T12:10:37+00:00,138,,0.0,,,
2025-02-27T12:10:38+00:00,138,,0.0,,,
2025-02-27T12:10:39+00:00,138,,0.0,,,
2025-02-27T12:10:40+00:00,139,,0.0,,,
2025-02-27T12:10:41+00:00,139,,0.0,,,
2025-02-27T12:10:42+00:00,139,,0.0,,,
2025-02-27T12:10:43+00:00,139,,0.0,,,
2025-02-27T12:10:44+00:00,139,,0.0,,,
2025-02-27T12:10:45+00:00,139,,0.0,,,
2025-02-27T12:10:46+00:00,140,,0.0,,,
2025-02-27T12:10:47+00:00,140,,0.0,,,
2025-02-27T12:10:48+00:00,139,,0.0,,,
2025-02-27T12:10:49+00:00,138,,0.0,,,
2025-02-27T12:10:50+00:00,139,,0.0,,,
2025-02-27T12:10:51+00:00,139,,0.0,,,
2025-02-27T12:10:52+00:00,139,,0.0,,,
2025-02-27T12:10:53+00:00,138,,0.0,,,
2025-02-27T12:10:54+00:00,136,,0.0,,,
2025-02-27T12:10:55+00:00,135,,0.0,,,
2025-02-27T12:10:56+00:00,135,,0.0,,,
2025-02-27T12:10:57+00:00,135,,0.0,,,
2025-02-27T12:10:58+00:00,135,,0.0,,,
2025-02-27T12:11:02+00:00,136,,0.0,,,
2025-02-27T12:11:05+00:00,142,,0.0,,,
2025-02-27T12:11:06+00:00,144,,0.0,,,
2025-02-27T12:11:08+00:00,143,,0.0,,,
2025-02-27T12:11:13+00:00,142,,0.0,,,
2025-02-27T12:11:14+00:00,143,,0.0,,,
2025-02-27T12:11:15+00:00,144,,0.0,,,
2025-02-27T12:11:16+00:00,145,,0.0,,,
2025-02-27T12:11:17+00:00,146,,0.0,,,
2025-02-27T12:11:18+00:00,148,,0.0,,,
2025-02-27T12:11:19+00:00,149,,0.0,,,
2025-02-27T12:11:24+00:00,150,,0.0,,,
2025-02-27T12:11:25+00:00,149,,0.0,,,
2025-02-27T12:11:28+00:00,150,,0.0,,,
2025-02-27T12:11:32+00:00,151,,0.0,,,
2025-02-27T12:11:34+00:00,150,,0.0,,,
2025-02-27T12:11:35+00:00,151,,0.0,,,
2025-02-27T12:11:43+00:00,152,,0.0,,,
2025-02-27T12:11:44+00:00,147,,0.0,,,
2025-02-27T12:11:45+00:00,143,,0.0,,,
2025-02-27T12:11:46+00:00,142,,0.0,,,
2025-02-27T12:11:47+00:00,141,,0.0,,,
2025-02-27T12:11:49+00:00,140,,0.0,,,
2025-02-27T12:11:50+00:00,139,,0.0,,,
2025-02-27T12:11:51+00:00,138,,0.0,,,
2025-02-27T12:11:52+00:00,137,,0.0,,,
2025-02-27T12:11:53+00:00,136,,0.0,,,
2025-02-27T12:11:55+00:00,135,,0.0,,,
2025-02-27T12:11:57+00:00,133,,0.0,,,
2025-02-27T12:11:58+00:00,132,,0.0,,,
2025-02-27T12:11:59+00:00,129,,0.0,,,
2025-02-27T12:12:00+00:00,127,,0.0,,,
2025-02-27T12:12:01+00:00,126,,0.0,,,
2025-02-27T12:12:04+00:00,127,,0.0,,,
2025-02-27T12:12:06+00:00,128,,0.0,,,
2025-02-27T12:12:08+00:00,129,,0.0,,,
2025-02-27T12:12:10+00:00,130,,0.0,,,
2025-02-27T12:12:11+00:00,131,,0.0,,,
2025-02-27T12:12:12+00:00,132,,0.0,,,
2025-02-27T12:12:13+00:00,133,,0.0,,,
2025-02-27T12:12:14+00:00,134,,0.0,,,
2025-02-27T12:12:15+00:00,135,,0.0,,,
2025-02-27T12:12:17+00:00,136,,0.0,,,
2025-02-27T12:12:18+00:00,135,,0.0,,,
2025-02-27T12:12:21+00:00,134,,0.0,,,
2025-02-27T12:12:24+00:00,136,,0.0,,,
2025-02-27T12:12:27+00:00,135,,0.0,,,
2025-02-27T12:12:30+00:00,136,,0.0,,,
2025-02-27T12:12:32+00:00,135,,0.0,,,
2025-02-27T12:12:33+00:00,133,,0.0,,,
2025-02-27T12:12:34+00:00,132,,0.0,,,
2025-02-27T12:12:35+00:00,133,,0.0,,,
2025-02-27T12:12:39+00:00,132,,0.0,,,
2025-02-27T12:12:42+00:00,131,,0.0,,,
2025-02-27T12:12:43+00:00,130,,0.0,,,
2025-02-27T12:12:44+00:00,128,,0.0,,,
2025-02-27T12:12:45+00:00,127,,0.0,,,
2025-02-27T12:12:46+00:00,125,,0.0,,,
2025-02-27T12:12:47+00:00,124,,0.0,,,
2025-02-27T12:12:48+00:00,123,,0.0,,,
2025-02-27T12:12:49+00:00,122,,0.0,,,
2025-02-27T12:12:51+00:00,120,,0.0,,,
2025-02-27T12:12:52+00:00,117,,0.0,,,
2025-02-27T12:12:53+00:00,117,,0.0,,,
2025-02-27T12:12:54+00:00,116,,0.0,,,
2025-02-27T12:12:55+00:00,117,,0.0,,,
2025-02-27T12:12:56+00:00,119,,0.0,,,
2025-02-27T12:12:57+00:00,121,,0.0,,,
2025-02-27T12:12:58+00:00,122,,0.0,,,
2025-02-27T12:13:00+00:00,121,,0.0,,,
2025-02-27T12:13:02+00:00,122,,0.0,,,
2025-02-27T12:13:03+00:00,121,,0.0,,,
2025-02-27T12:13:06+00:00,120,,0.0,,,
2025-02-27T12:13:09+00:00,121,,0.0,,,
2025-02-27T12:13:10+00:00,120,,0.0,,,
2025-02-27T12:13:12+00:00,121,,0.0,,,
2025-02-27T12:13:15+00:00,122,,0.0,,,
2025-02-27T12:13:18+00:00,123,,0.0,,,
2025-02-27T12:13:19+00:00,122,,0.0,,,
2025-02-27T12:13:21+00:00,123,,0.0,,,
2025-02-27T12:13:24+00:00,124,,0.0,,,
2025-02-27T12:13:33+00:00,123,,0.0,,,
2025-02-27T12:13:38+00:00,124,,0.0,,,
2025-02-27T12:13:39+00:00,125,,0.0,,,
2025-02-27T12:13:44+00:00,124,,0.0,,,
2025-02-27T12:13:45+00:00,123,,0.0,,,
2025-02-27T12:13:46+00:00,121,,0.0,,,
2025-02-27T12:13:47+00:00,120,,0.0,,,
2025-02-27T12:13:48+00:00,119,,0.0,,,
2025-02-27T12:13:50+00:00,118,,0.0,,,
2025-02-27T12:13:55+00:00,119,,0.0,,,
2025-02-27T12:13:59+00:00,115,,0.0,,,
2025-02-27T12:14:00+00:00,114,,0.0,,,
2025-02-27T12:14:01+00:00,113,,0.0,,,
2025-02-27T12:14:05+00:00,114,,0.0,,,
2025-02-27T12:14:06+00:00,115,,0.0,,,
2025-02-27T12:14:07+00:00,116,,0.0,,,
2025-02-27T12:14:08+00:00,118,,0.0,,,
2025-02-27T12:14:09+00:00,119,,0.0,,,
2025-02-27T12:14:13+00:00,118,,0.0,,,
2025-02-27T12:14:14+00:00,117,,0.0,,,
2025-02-27T12:14:15+00:00,116,,0.0,,,
2025-02-27T12:14:16+00:00,115,,0.0,,,
2025-02-27T12:14:18+00:00,116,,0.0,,,
2025-02-27T12:14:26+00:00,115,,0.0,,,
2025-02-27T12:14:29+00:00,116,,0.0,,,
2025-02-27T12:14:34+00:00,117,,0.0,,,
2025-02-27T12:14:38+00:00,118,,0.0,,,
2025-02-27T12:14:39+00:00,117,,0.0,,,
2025-02-27T12:14:42+00:00,116,,0.0,,,
2025-02-27T12:14:49+00:00,115,,0.0,,,
2025-02-27T12:14:52+00:00,114,,0.0,,,
2025-02-27T12:14:58+00:00,115,,0.0,,,
2025-02-27T12:14:59+00:00,114,,0.0,,,
2025-02-27T12:15:01+00:00,115,,0.0,,,
2025-02-27T12:15:02+00:00,116,,0.0,,,
2025-02-27T12:15:03+00:00,117,,0.0,,,
2025-02-27T12:15:06+00:00,116,,0.0,,,
2025-02-27T12:15:07+00:00,115,,0.0,,,
2025-02-27T12:15:12+00:00,114,,0.0,,,
2025-02-27T12:15:16+00:00,115,,0.0,,,
2025-02-27T12:15:17+00:00,116,,0.0,,,
2025-02-27T12:15:19+00:00,115,,0.0,,,
2025-02-27T12:15:23+00:00,114,,0.0,,,
2025-02-27T12:15:28+00:00,113,,0.0,,,
2025-02-27T12:15:37+00:00,112,,0.0,,,
2025-02-27T12:15:38+00:00,113,,0.0,,,
2025-02-27T12:15:53+00:00,114,,0.0,,,
2025-02-27T12:15:56+00:00,115,,0.0,,,
2025-02-27T12:16:02+00:00,116,,0.0,,,
2025-02-27T12:16:03+00:00,115,,0.0,,,
2025-02-27T12:16:04+00:00,116,,0.0,,,
2025-02-27T12:16:08+00:00,117,,0.0,,,
2025-02-27T12:16:09+00:00,116,,0.0,,,
2025-02-27T12:16:10+00:00,117,,0.0,,,
2025-02-27T12:16:13+00:00,118,,0.0,,,
2025-02-27T12:16:14+00:00,119,,0.0,,,
2025-02-27T12:16:17+00:00,118,,0.0,,,
2025-02-27T12:16:18+00:00,116,,0.0,,,
2025-02-27T12:16:19+00:00,115,,0.0,,,
2025-02-27T12:16:22+00:00,114,,0.0,,,
2025-02-27T12:16:25+00:00,115,,0.0,,,
2025-02-27T12:16:26+00:00,115,,0.0,,,
2025-02-27T12:16:27+00:00,115,,0.0,,,
2025-02-27T12:16:28+00:00,115,,0.0,,,
2025-02-27T12:16:29+00:00,116,,0.0,,,
2025-02-27T12:16:30+00:00,116,,0.0,,,
2025-02-27T12:16:31+00:00,116,,0.0,,,
2025-02-27T12:16:32+00:00,117,,0.0,,,
2025-02-27T12:16:33+00:00,116,,0.0,,,
2025-02-27T12:16:34+00:00,115,,0.0,,,
2025-02-27T12:16:35+00:00,117,,0.0,,,
2025-02-27T12:16:36+00:00,116,,0.0,,,
2025-02-27T12:16:37+00:00,116,,0.0,,,
2025-02-27T12:16:38+00:00,117,,0.0,,,
2025-02-27T12:16:39+00:00,118,,0.0,,,
2025-02-27T12:16:40+00:00,118,,0.0,,,
2025-02-27T12:16:41+00:00,119,,0.0,,,
2025-02-27T12:16:42+00:00,119,,0.0,,,
2025-02-27T12:16:43+00:00,120,,0.0,,,
2025-02-27T12:16:44+00:00,120,,0.0,,,
2025-02-27T12:16:45+00:00,120,,0.0,,,
2025-02-27T12:16:46+00:00,120,,0.0,,,
2025-02-27T12:16:47+00:00,120,,0.0,,,
2025-02-27T12:16:48+00:00,121,,0.0,,,
2025-02-27T12:16:49+00:00,122,,0.0,,,
2025-02-27T12:16:50+00:00,123,,0.0,,,
2025-02-27T12:16:51+00:00,122,,0.0,,,
2025-02-27T12:16:52+00:00,121,,0.0,,,
2025-02-27T12:16:53+00:00,122,,0.0,,,
2025-02-27T12:16:54+00:00,122,,0.0,,,
2025-02-27T12:16:55+00:00,122,,0.0,,,
2025-02-27T12:16:56+00:00,122,,0.0,,,
2025-02-27T12:16:57+00:00,122,,0.0,,,
2025-02-27T12:16:58+00:00,122,,0.0,,,
2025-02-27T12:16:59+00:00,122,,0.0,,,
2025-02-27T12:17:00+00:00,122,,0.0,,,
2025-02-27T12:17:01+00:00,122,,0.0,,,
2025-02-27T12:17:02+00:00,121,,0.0,,,
2025-02-27T12:17:03+00:00,121,,0.0,,,
2025-02-27T12:17:04+00:00,122,,0.0,,,
2025-02-27T12:17:05+00:00,122,,0.0,,,
2025-02-27T12:17:06+00:00,122,,0.0,,,
2025-02-27T12:17:07+00:00,122,,0.0,,,
2025-02-27T12:17:08+00:00,123,,0.0,,,
2025-02-27T12:17:09+00:00,123,,0.0,,,
2025-02-27T12:17:10+00:00,123,,0.0,,,
2025-02-27T12:17:11+00:00,123,,0.0,,,
2025-02-27T12:17:12+00:00,122,,0.0,,,
2025-02-27T12:17:13+00:00,122,,0.0,,,
2025-02-27T12:17:14+00:00,121,,0.0,,,
2025-02-27T12:17:15+00:00,120,,0.0,,,
2025-02-27T12:17:16+00:00,120,,0.0,,,
2025-02-27T12:17:17+00:00,119,,0.0,,,
2025-02-27T12:17:18+00:00,120,,0.0,,,
2025-02-27T12:17:19+00:00,120,,0.0,,,
2025-02-27T12:17:20+00:00,120,,0.0,,,
2025-02-27T12:17:21+00:00,119,,0.0,,,
2025-02-27T12:17:22+00:00,120,,0.0,,,
2025-02-27T12:17:23+00:00,120,,0.0,,,
2025-02-27T12:17:25+00:00,119,,0.0,,,
2025-02-27T12:17:26+00:00,118,,0.0,,,
2025-02-27T12:17:29+00:00,119,,0.0,,,
2025-02-27T12:17:31+00:00,118,,0.0,,,
2025-02-27T12:17:37+00:00,117,,0.0,,,
2025-02-27T12:17:38+00:00,118,,0.0,,,
2025-02-27T12:17:40+00:00,120,,0.0,,,
2025-02-27T12:17:41+00:00,122,,0.0,,,
2025-02-27T12:17:42+00:00,123,,0.0,,,
2025-02-27T12:17:43+00:00,124,,0.0,,,
2025-02-27T12:17:46+00:00,125,,0.0,,,
2025-02-27T12:17:48+00:00,126,,0.0,,,
2025-02-27T12:17:49+00:00,127,,0.0,,,
2025-02-27T12:17:50+00:00,128,,0.0,,,
2025-02-27T12:17:51+00:00,129,,0.0,,,
2025-02-27T12:18:03+00:00,128,,0.0,,,
2025-02-27T12:18:06+00:00,130,,0.0,,,
2025-02-27T12:18:07+00:00,136,,0.0,,,
2025-02-27T12:18:08+00:00,136,,0.0,,,
2025-02-27T12:18:09+00:00,137,,0.0,,,
2025-02-27T12:18:10+00:00,138,,0.0,,,
2025-02-27T12:18:12+00:00,139,,0.0,,,
2025-02-27T12:18:14+00:00,138,,0.0,,,
2025-02-27T12:18:17+00:00,137,,0.0,,,
2025-02-27T12:18:19+00:00,136,,0.0,,,
2025-02-27T12:18:20+00:00,135,,0.0,,,
2025-02-27T12:18:22+00:00,134,,0.0,,,
2025-02-27T12:18:24+00:00,133,,0.0,,,
2025-02-27T12:18:26+00:00,134,,0.0,,,
2025-02-27T12:18:27+00:00,135,,0.0,,,
2025-02-27T12:18:29+00:00,137,,0.0,,,
2025-02-27T12:18:32+00:00,138,,0.0,,,
2025-02-27T12:18:35+00:00,139,,0.0,,,
2025-02-27T12:18:36+00:00,141,,0.0,,,
2025-02-27T12:18:37+00:00,144,,0.0,,,
2025-02-27T12:18:38+00:00,147,,0.0,,,
2025-02-27T12:18:39+00:00,147,,0.0,,,
2025-02-27T12:18:41+00:00,145,,0.0,,,
2025-02-27T12:18:42+00:00,144,,0.0,,,
2025-02-27T12:18:43+00:00,142,,0.0,,,
2025-02-27T12:18:44+00:00,137,,0.0,,,
2025-02-27T12:18:45+00:00,133,,0.0,,,
2025-02-27T12:18:46+00:00,130,,0.0,,,
2025-02-27T12:18:47+00:00,127,,0.0,,,
2025-02-27T12:18:48+00:00,126,,0.0,,,
2025-02-27T12:18:49+00:00,125,,0.0,,,
2025-02-27T12:18:51+00:00,128,,0.0,,,
2025-02-27T12:18:52+00:00,126,,0.0,,,
2025-02-27T12:18:53+00:00,125,,0.0,,,
2025-02-27T12:18:54+00:00,124,,0.0,,,
2025-02-27T12:18:57+00:00,121,,0.0,,,
2025-02-27T12:18:58+00:00,119,,0.0,,,
2025-02-27T12:19:00+00:00,120,,0.0,,,
2025-02-27T12:19:01+00:00,121,,0.0,,,
2025-02-27T12:19:03+00:00,122,,0.0,,,
2025-02-27T12:19:05+00:00,123,,0.0,,,
2025-02-27T12:19:07+00:00,124,,0.0,,,
2025-02-27T12:19:08+00:00,126,,0.0,,,
2025-02-27T12:19:09+00:00,130,,0.0,,,
2025-02-27T12:19:10+00:00,130,,0.0,,,
2025-02-27T12:19:11+00:00,129,,0.0,,,
2025-02-27T12:19:13+00:00,127,,0.0,,,
2025-02-27T12:19:16+00:00,126,,0.0,,,
2025-02-27T12:19:17+00:00,127,,0.0,,,
2025-02-27T12:19:18+00:00,126,,0.0,,,
2025-02-27T12:19:19+00:00,127,,0.0,,,
2025-02-27T12:19:21+00:00,126,,0.0,,,
2025-02-27T12:19:22+00:00,125,,0.0,,,
2025-02-27T12:19:28+00:00,126,,0.0,,,
2025-02-27T12:19:31+00:00,125,,0.0,,,
2025-02-27T12:19:32+00:00,127,,0.0,,,
2025-02-27T12:19:33+00:00,130,,0.0,,,
2025-02-27T12:19:34+00:00,130,,0.0,,,
2025-02-27T12:19:39+00:00,129,,0.0,,,
2025-02-27T12:19:40+00:00,128,,0.0,,,
2025-02-27T12:19:47+00:00,129,,0.0,,,
2025-02-27T12:19:50+00:00,130,,0.0,,,
2025-02-27T12:19:53+00:00,131,,0.0,,,
2025-02-27T12:19:55+00:00,130,,0.0,,,
2025-02-27T12:19:58+00:00,129,,0.0,,,
2025-02-27T12:20:01+00:00,126,,0.0,,,
2025-02-27T12:20:02+00:00,125,,0.0,,,
2025-02-27T12:20:04+00:00,124,,0.0,,,
2025-02-27T12:20:05+00:00,123,,0.0,,,
2025-02-27T12:20:07+00:00,122,,0.0,,,
2025-02-27T12:20:08+00:00,120,,0.0,,,
2025-02-27T12:20:10+00:00,119,,0.0,,,
2025-02-27T12:20:11+00:00,120,,0.0,,,
2025-02-27T12:20:15+00:00,121,,0.0,,,
2025-02-27T12:20:18+00:00,122,,0.0,,,
2025-02-27T12:20:19+00:00,123,,0.0,,,
2025-02-27T12:20:20+00:00,124,,0.0,,,
2025-02-27T12:20:21+00:00,125,,0.0,,,
2025-02-27T12:20:22+00:00,124,,0.0,,,
2025-02-27T12:20:24+00:00,122,,0.0,,,
2025-02-27T12:20:25+00:00,123,,0.0,,,
2025-02-27T12:20:27+00:00,124,,0.0,,,
2025-02-27T12:20:28+00:00,125,,0.0,,,
2025-02-27T12:20:30+00:00,124,,0.0,,,
2025-02-27T12:20:33+00:00,123,,0.0,,,
2025-02-27T12:20:36+00:00,124,,0.0,,,
2025-02-27T12:20:38+00:00,125,,0.0,,,
2025-02-27T12:20:43+00:00,125,,0.0,,,
2025-02-27T12:20:44+00:00,125,,0.0,,,
2025-02-27T12:20:45+00:00,126,,0.0,,,
2025-02-27T12:20:46+00:00,127,,0.0,,,
2025-02-27T12:20:47+00:00,128,,0.0,,,
2025-02-27T12:20:48+00:00,129,,0.0,,,
2025-02-27T12:20:49+00:00,131,,0.0,,,
2025-02-27T12:20:50+00:00,131,,0.0,,,
2025-02-27T12:20:51+00:00,131,,0.0,,,
2025-02-27T12:20:52+00:00,130,,0.0,,,
2025-02-27T12:20:53+00:00,130,,0.0,,,
2025-02-27T12:20:54+00:00,130,,0.0,,,
2025-02-27T12:20:55+00:00,129,,0.0,,,
2025-02-27T12:20:56+00:00,127,,0.0,,,
2025-02-27T12:20:57+00:00,124,,0.0,,,
2025-02-27T12:20:58+00:00,124,,0.0,,,
2025-02-27T12:20:59+00:00,125,,0.0,,,
2025-02-27T12:21:00+00:00,126,,0.0,,,
2025-02-27T12:21:01+00:00,126,,0.0,,,
2025-02-27T12:21:02+00:00,127,,0.0,,,
2025-02-27T12:21:03+00:00,127,,0.0,,,
2025-02-27T12:21:04+00:00,127,,0.0,,,
2025-02-27T12:21:05+00:00,128,,0.0,,,
2025-02-27T12:21:06+00:00,128,,0.0,,,
2025-02-27T12:21:07+00:00,128,,0.0,,,
2025-02-27T12:21:08+00:00,128,,0.0,,,
2025-02-27T12:21:09+00:00,129,,0.0,,,
2025-02-27T12:21:10+00:00,129,,0.0,,,
2025-02-27T12:21:11+00:00,130,,0.0,,,
2025-02-27T12:21:12+00:00,130,,0.0,,,
2025-02-27T12:21:13+00:00,130,,0.0,,,
2025-02-27T12:21:14+00:00,130,,0.0,,,
2025-02-27T12:21:15+00:00,131,,0.0,,,
2025-02-27T12:21:16+00:00,131,,0.0,,,
2025-02-27T12:21:17+00:00,131,,0.0,,,
2025-02-27T12:21:18+00:00,132,,0.0,,,
2025-02-27T12:21:19+00:00,132,,0.0,,,
2025-02-27T12:21:20+00:00,133,,0.0,,,
2025-02-27T12:21:21+00:00,133,,0.0,,,
2025-02-27T12:21:22+00:00,133,,0.0,,,
2025-02-27T12:21:23+00:00,132,,0.0,,,
2025-02-27T12:21:24+00:00,131,,0.0,,,
2025-02-27T12:21:25+00:00,130,,0.0,,,
2025-02-27T12:21:26+00:00,129,,0.0,,,
2025-02-27T12:21:27+00:00,129,,0.0,,,
2025-02-27T12:21:28+00:00,128,,0.0,,,
2025-02-27T12:21:29+00:00,127,,0.0,,,
2025-02-27T12:21:30+00:00,127,,0.0,,,
2025-02-27T12:21:31+00:00,126,,0.0,,,
2025-02-27T12:21:32+00:00,127,,0.0,,,
2025-02-27T12:21:33+00:00,127,,0.0,,,
2025-02-27T12:21:34+00:00,127,,0.0,,,
2025-02-27T12:21:35+00:00,127,,0.0,,,
2025-02-27T12:21:36+00:00,126,,0.0,,,
2025-02-27T12:21:37+00:00,126,,0.0,,,
2025-02-27T12:21:38+00:00,125,,0.0,,,
2025-02-27T12:21:39+00:00,125,,0.0,,,
2025-02-27T12:21:40+00:00,124,,0.0,,,
2025-02-27T12:21:41+00:00,124,,0.0,,,
2025-02-27T12:21:42+00:00,123,,0.0,,,
2025-02-27T12:21:43+00:00,123,,0.0,,,
2025-02-27T12:21:44+00:00,124,,0.0,,,
2025-02-27T12:21:45+00:00,124,,0.0,,,
2025-02-27T12:21:46+00:00,124,,0.0,,,
2025-02-27T12:21:47+00:00,125,,0.0,,,
2025-02-27T12:21:48+00:00,125,,0.0,,,
2025-02-27T12:21:49+00:00,125,,0.0,,,
2025-02-27T12:21:50+00:00,125,,0.0,,,
2025-02-27T12:21:51+00:00,125,,0.0,,,
2025-02-27T12:21:52+00:00,126,,0.0,,,
2025-02-27T12:21:53+00:00,126,,0.0,,,
2025-02-27T12:21:54+00:00,124,,0.0,,,
2025-02-27T12:21:55+00:00,122,,0.0,,,
2025-02-27T12:21:56+00:00,119,,0.0,,,
2025-02-27T12:21:57+00:00,117,,0.0,,,
2025-02-27T12:21:58+00:00,116,,0.0,,,
2025-02-27T12:21:59+00:00,117,,0.0,,,
2025-02-27T12:22:00+00:00,116,,0.0,,,
2025-02-27T12:22:01+00:00,116,,0.0,,,
2025-02-27T12:22:02+00:00,115,,0.0,,,
2025-02-27T12:22:03+00:00,115,,0.0,,,
2025-02-27T12:22:04+00:00,162,,0.0,,,
2025-02-27T12:22:05+00:00,169,,0.0,,,
2025-02-27T12:22:06+00:00,169,,0.0,,,
2025-02-27T12:22:07+00:00,168,,0.0,,,
2025-02-27T12:22:08+00:00,168,,0.0,,,
2025-02-27T12:22:09+00:00,167,,0.0,,,
2025-02-27T12:22:10+00:00,166,,0.0,,,
2025-02-27T12:22:11+00:00,165,,0.0,,,
2025-02-27T12:22:12+00:00,165,,0.0,,,
2025-02-27T12:22:13+00:00,164,,0.0,,,
2025-02-27T12:22:14+00:00,164,,0.0,,,
2025-02-27T12:22:15+00:00,162,,0.0,,,
2025-02-27T12:22:16+00:00,161,,0.0,,,
2025-02-27T12:22:17+00:00,160,,0.0,,,
2025-02-27T12:22:18+00:00,160,,0.0,,,
2025-02-27T12:22:19+00:00,160,,0.0,,,
2025-02-27T12:22:20+00:00,160,,0.0,,,
2025-02-27T12:22:21+00:00,159,,0.0,,,
2025-02-27T12:22:22+00:00,159,,0.0,,,
2025-02-27T12:22:23+00:00,158,,0.0,,,
2025-02-27T12:22:24+00:00,157,,0.0,,,
2025-02-27T12:22:25+00:00,156,,0.0,,,
2025-02-27T12:22:26+00:00,155,,0.0,,,
2025-02-27T12:22:27+00:00,155,,0.0,,,
2025-02-27T12:22:28+00:00,154,,0.0,,,
2025-02-27T12:22:29+00:00,155,,0.0,,,
2025-02-27T12:22:30+00:00,155,,0.0,,,
2025-02-27T12:22:31+00:00,155,,0.0,,,
2025-02-27T12:22:32+00:00,156,,0.0,,,
2025-02-27T12:22:33+00:00,157,,0.0,,,
2025-02-27T12:22:34+00:00,156,,0.0,,,
2025-02-27T12:22:35+00:00,154,,0.0,,,
2025-02-27T12:22:36+00:00,153,,0.0,,,
2025-02-27T12:22:37+00:00,153,,0.0,,,
2025-02-27T12:22:38+00:00,150,,0.0,,,
2025-02-27T12:22:39+00:00,145,,0.0,,,
2025-02-27T12:22:40+00:00,143,,0.0,,,
2025-02-27T12:22:41+00:00,142,,0.0,,,
2025-02-27T12:22:42+00:00,140,,0.0,,,
2025-02-27T12:22:43+00:00,139,,0.0,,,
2025-02-27T12:22:44+00:00,125,,0.0,,,
2025-02-27T12:22:45+00:00,119,,0.0,,,
2025-02-27T12:22:46+00:00,119,,0.0,,,
2025-02-27T12:22:47+00:00,120,,0.0,,,
2025-02-27T12:22:48+00:00,122,,0.0,,,
2025-02-27T12:22:49+00:00,126,,0.0,,,
2025-02-27T12:22:50+00:00,127,,0.0,,,
2025-02-27T12:22:51+00:00,127,,0.0,,,
2025-02-27T12:22:52+00:00,127,,0.0,,,
2025-02-27T12:22:53+00:00,127,,0.0,,,
2025-02-27T12:22:54+00:00,128,,0.0,,,
2025-02-27T12:22:55+00:00,127,,0.0,,,
2025-02-27T12:22:56+00:00,127,,0.0,,,
2025-02-27T12:22:57+00:00,126,,0.0,,,
2025-02-27T12:22:58+00:00,125,,0.0,,,
2025-02-27T12:22:59+00:00,124,,0.0,,,
2025-02-27T12:23:00+00:00,124,,0.0,,,
2025-02-27T12:23:01+00:00,123,,0.0,,,
2025-02-27T12:23:02+00:00,124,,0.0,,,
2025-02-27T12:23:03+00:00,125,,0.0,,,
2025-02-27T12:23:04+00:00,125,,0.0,,,
2025-02-27T12:23:05+00:00,126,,0.0,,,
2025-02-27T12:23:06+00:00,127,,0.0,,,
2025-02-27T12:23:07+00:00,127,,0.0,,,
2025-02-27T12:23:08+00:00,126,,0.0,,,
2025-02-27T12:23:09+00:00,126,,0.0,,,
2025-02-27T12:23:10+00:00,126,,0.0,,,
2025-02-27T12:23:11+00:00,126,,0.0,,,
2025-02-27T12:23:12+00:00,125,,0.0,,,
2025-02-27T12:23:13+00:00,125,,0.0,,,
2025-02-27T12:23:14+00:00,125,,0.0,,,
2025-02-27T12:23:15+00:00,124,,0.0,,,
2025-02-27T12:23:16+00:00,125,,0.0,,,
2025-02-27T12:23:17+00:00,126,,0.0,,,
2025-02-27T12:23:18+00:00,126,,0.0,,,
2025-02-27T12:23:19+00:00,126,,0.0,,,
2025-02-27T12:23:20+00:00,125,,0.0,,,
2025-02-27T12:23:21+00:00,125,,0.0,,,
2025-02-27T12:23:22+00:00,123,,0.0,,,
2025-02-27T12:23:23+00:00,122,,0.0,,,
2025-02-27T12:23:24+00:00,121,,0.0,,,
2025-02-27T12:23:25+00:00,120,,0.0,,,
2025-02-27T12:23:26+00:00,120,,0.0,,,
2025-02-27T12:23:27+00:00,120,,0.0,,,
2025-02-27T12:23:28+00:00,121,,0.0,,,
2025-02-27T12:23:29+00:00,121,,0.0,,,
2025-02-27T12:23:30+00:00,121,,0.0,,,
2025-02-27T12:23:31+00:00,121,,0.0,,,
2025-02-27T12:23:32+00:00,122,,0.0,,,
2025-02-27T12:23:33+00:00,122,,0.0,,,
2025-02-27T12:23:34+00:00,122,,0.0,,,
2025-02-27T12:23:35+00:00,123,,0.0,,,
2025-02-27T12:23:36+00:00,124,,0.0,,,
2025-02-27T12:23:37+00:00,125,,0.0,,,
2025-02-27T12:23:38+00:00,125,,0.0,,,
2025-02-27T12:23:39+00:00,125,,0.0,,,
2025-02-27T12:23:40+00:00,125,,0.0,,,
2025-02-27T12:23:41+00:00,126,,0.0,,,
2025-02-27T12:23:42+00:00,126,,0.0,,,
2025-02-27T12:23:43+00:00,126,,0.0,,,
2025-02-27T12:23:44+00:00,126,,0.0,,,
2025-02-27T12:23:45+00:00,126,,0.0,,,
2025-02-27T12:23:46+00:00,125,,0.0,,,
2025-02-27T12:23:47+00:00,125,,0.0,,,
2025-02-27T12:23:48+00:00,124,,0.0,,,
2025-02-27T12:23:49+00:00,124,,0.0,,,
2025-02-27T12:23:50+00:00,123,,0.0,,,
2025-02-27T12:23:51+00:00,124,,0.0,,,
2025-02-27T12:23:52+00:00,125,,0.0,,,
2025-02-27T12:23:53+00:00,125,,0.0,,,
2025-02-27T12:23:54+00:00,125,,0.0,,,
2025-02-27T12:23:55+00:00,125,,0.0,,,
2025-02-27T12:23:56+00:00,125,,0.0,,,
2025-02-27T12:23:57+00:00,125,,0.0,,,
2025-02-27T12:23:58+00:00,124,,0.0,,,
2025-02-27T12:23:59+00:00,125,,0.0,,,
2025-02-27T12:24:00+00:00,124,,0.0,,,
2025-02-27T12:24:01+00:00,128,,0.0,,,
2025-02-27T12:24:02+00:00,127,,0.0,,,
2025-02-27T12:24:03+00:00,128,,0.0,,,
2025-02-27T12:24:04+00:00,128,,0.0,,,
2025-02-27T12:24:05+00:00,128,,0.0,,,
2025-02-27T12:24:06+00:00,128,,0.0,,,
2025-02-27T12:24:07+00:00,126,,0.0,,,
2025-02-27T12:24:08+00:00,127,,0.0,,,
2025-02-27T12:24:09+00:00,128,,0.0,,,
2025-02-27T12:24:10+00:00,127,,0.0,,,
2025-02-27T12:24:11+00:00,126,,0.0,,,
2025-02-27T12:24:13+00:00,125,,0.0,,,
2025-02-27T12:24:15+00:00,124,,0.0,,,
2025-02-27T12:24:16+00:00,123,,0.0,,,
2025-02-27T12:24:17+00:00,122,,0.0,,,
2025-02-27T12:24:22+00:00,122,,0.0,,,
2025-02-27T12:24:23+00:00,121,,0.0,,,
2025-02-27T12:24:24+00:00,122,,0.0,,,
2025-02-27T12:24:25+00:00,122,,0.0,,,
2025-02-27T12:24:26+00:00,122,,0.0,,,
2025-02-27T12:24:27+00:00,122,,0.0,,,
2025-02-27T12:24:28+00:00,123,,0.0,,,
2025-02-27T12:24:29+00:00,123,,0.0,,,
2025-02-27T12:24:30+00:00,123,,0.0,,,
2025-02-27T12:24:31+00:00,124,,0.0,,,
2025-02-27T12:24:32+00:00,124,,0.0,,,
2025-02-27T12:24:33+00:00,124,,0.0,,,
2025-02-27T12:24:34+00:00,124,,0.0,,,
2025-02-27T12:24:35+00:00,124,,0.0,,,
2025-02-27T12:24:36+00:00,124,,0.0,,,
2025-02-27T12:24:37+00:00,124,,0.0,,,
2025-02-27T12:24:38+00:00,124,,0.0,,,
2025-02-27T12:24:39+00:00,124,,0.0,,,
2025-02-27T12:24:40+00:00,124,,0.0,,,
2025-02-27T12:24:41+00:00,124,,0.0,,,
2025-02-27T12:24:42+00:00,124,,0.0,,,
2025-02-27T12:24:43+00:00,124,,0.0,,,
2025-02-27T12:24:44+00:00,125,,0.0,,,
2025-02-27T12:24:45+00:00,125,,0.0,,,
2025-02-27T12:24:46+00:00,125,,0.0,,,
2025-02-27T12:24:47+00:00,125,,0.0,,,
2025-02-27T12:24:48+00:00,126,,0.0,,,
2025-02-27T12:24:49+00:00,126,,0.0,,,
2025-02-27T12:24:50+00:00,126,,0.0,,,
2025-02-27T12:24:51+00:00,126,,0.0,,,
2025-02-27T12:24:52+00:00,126,,0.0,,,
2025-02-27T12:24:53+00:00,127,,0.0,,,
2025-02-27T12:24:54+00:00,129,,0.0,,,
2025-02-27T12:24:56+00:00,130,,0.0,,,
2025-02-27T12:24:57+00:00,132,,0.0,,,
2025-02-27T12:24:58+00:00,133,,0.0,,,
2025-02-27T12:24:59+00:00,134,,0.0,,,
2025-02-27T12:25:00+00:00,135,,0.0,,,
2025-02-27T12:25:06+00:00,134,,0.0,,,
2025-02-27T12:25:08+00:00,135,,0.0,,,
2025-02-27T12:25:09+00:00,134,,0.0,,,
2025-02-27T12:25:12+00:00,135,,0.0,,,
2025-02-27T12:25:13+00:00,134,,0.0,,,
2025-02-27T12:25:15+00:00,136,,0.0,,,
2025-02-27T12:25:16+00:00,139,,0.0,,,
2025-02-27T12:25:17+00:00,145,,0.0,,,
2025-02-27T12:25:18+00:00,153,,0.0,,,
2025-02-27T12:25:19+00:00,161,,0.0,,,
2025-02-27T12:25:20+00:00,163,,0.0,,,
2025-02-27T12:25:21+00:00,164,,0.0,,,
2025-02-27T12:25:23+00:00,163,,0.0,,,
2025-02-27T12:25:28+00:00,164,,0.0,,,
2025-02-27T12:25:29+00:00,163,,0.0,,,
2025-02-27T12:25:33+00:00,162,,0.0,,,
2025-02-27T12:25:35+00:00,160,,0.0,,,
2025-02-27T12:25:36+00:00,159,,0.0,,,
2025-02-27T12:25:40+00:00,160,,0.0,,,
2025-02-27T12:25:41+00:00,159,,0.0,,,
2025-02-27T12:25:47+00:00,158,,0.0,,,
2025-02-27T12:25:49+00:00,157,,0.0,,,
2025-02-27T12:25:50+00:00,156,,0.0,,,
2025-02-27T12:25:51+00:00,155,,0.0,,,
2025-02-27T12:25:53+00:00,154,,0.0,,,
2025-02-27T12:25:56+00:00,155,,0.0,,,
2025-02-27T12:25:59+00:00,154,,0.0,,,
2025-02-27T12:26:00+00:00,155,,0.0,,,
2025-02-27T12:26:01+00:00,154,,0.0,,,
2025-02-27T12:26:03+00:00,153,,0.0,,,
2025-02-27T12:26:04+00:00,156,,0.0,,,
2025-02-27T12:26:05+00:00,158,,0.0,,,
2025-02-27T12:26:14+00:00,157,,0.0,,,
2025-02-27T12:26:16+00:00,156,,0.0,,,
2025-02-27T12:26:22+00:00,155,,0.0,,,
2025-02-27T12:26:23+00:00,154,,0.0,,,
2025-02-27T12:26:24+00:00,153,,0.0,,,
2025-02-27T12:26:26+00:00,152,,0.0,,,
2025-02-27T12:26:28+00:00,151,,0.0,,,
2025-02-27T12:26:29+00:00,150,,0.0,,,
2025-02-27T12:26:31+00:00,149,,0.0,,,
2025-02-27T12:26:36+00:00,150,,0.0,,,
2025-02-27T12:26:39+00:00,149,,0.0,,,
2025-02-27T12:26:40+00:00,146,,0.0,,,
2025-02-27T12:26:41+00:00,143,,0.0,,,
2025-02-27T12:26:42+00:00,143,,0.0,,,
2025-02-27T12:26:43+00:00,144,,0.0,,,
2025-02-27T12:26:46+00:00,143,,0.0,,,
2025-02-27T12:26:47+00:00,142,,0.0,,,
2025-02-27T12:26:49+00:00,141,,0.0,,,
2025-02-27T12:26:54+00:00,140,,0.0,,,
2025-02-27T12:26:57+00:00,139,,0.0,,,
2025-02-27T12:27:00+00:00,138,,0.0,,,
2025-02-27T12:27:05+00:00,139,,0.0,,,
2025-02-27T12:27:09+00:00,137,,0.0,,,
2025-02-27T12:27:10+00:00,136,,0.0,,,
2025-02-27T12:27:11+00:00,134,,0.0,,,
2025-02-27T12:27:14+00:00,133,,0.0,,,
2025-02-27T12:27:17+00:00,132,,0.0,,,
2025-02-27T12:27:22+00:00,134,,0.0,,,
2025-02-27T12:27:31+00:00,135,,0.0,,,
2025-02-27T12:27:33+00:00,137,,0.0,,,
2025-02-27T12:27:34+00:00,140,,0.0,,,
2025-02-27T12:27:35+00:00,140,,0.0,,,
2025-02-27T12:27:36+00:00,139,,0.0,,,
2025-02-27T12:27:37+00:00,138,,0.0,,,
2025-02-27T12:27:38+00:00,137,,0.0,,,
2025-02-27T12:27:42+00:00,138,,0.0,,,
2025-02-27T12:27:43+00:00,139,,0.0,,,
2025-02-27T12:27:44+00:00,140,,0.0,,,
2025-02-27T12:27:45+00:00,139,,0.0,,,
2025-02-27T12:27:50+00:00,138,,0.0,,,
2025-02-27T12:27:51+00:00,139,,0.0,,,
2025-02-27T12:27:53+00:00,138,,0.0,,,
2025-02-27T12:27:54+00:00,137,,0.0,,,
2025-02-27T12:27:57+00:00,137,,0.0,,,
2025-02-27T12:27:58+00:00,137,,0.0,,,
2025-02-27T12:27:59+00:00,137,,0.0,,,
2025-02-27T12:28:00+00:00,137,,0.0,,,
2025-02-27T12:28:01+00:00,139,,0.0,,,
2025-02-27T12:28:02+00:00,140,,0.0,,,
2025-02-27T12:28:03+00:00,142,,0.0,,,
2025-02-27T12:28:04+00:00,143,,0.0,,,
2025-02-27T12:28:05+00:00,143,,0.0,,,
2025-02-27T12:28:06+00:00,143,,0.0,,,
2025-02-27T12:28:07+00:00,142,,0.0,,,
2025-02-27T12:28:08+00:00,143,,0.0,,,
2025-02-27T12:28:09+00:00,143,,0.0,,,
2025-02-27T12:28:10+00:00,144,,0.0,,,
2025-02-27T12:28:11+00:00,144,,0.0,,,
2025-02-27T12:28:12+00:00,144,,0.0,,,
2025-02-27T12:28:13+00:00,145,,0.0,,,
2025-02-27T12:28:14+00:00,145,,0.0,,,
2025-02-27T12:28:15+00:00,145,,0.0,,,
2025-02-27T12:28:16+00:00,145,,0.0,,,
2025-02-27T12:28:17+00:00,145,,0.0,,,
2025-02-27T12:28:18+00:00,145,,0.0,,,
2025-02-27T12:28:19+00:00,146,,0.0,,,
2025-02-27T12:28:20+00:00,145,,0.0,,,
2025-02-27T12:28:21+00:00,144,,0.0,,,
2025-02-27T12:28:22+00:00,143,,0.0,,,
2025-02-27T12:28:23+00:00,143,,0.0,,,
2025-02-27T12:28:24+00:00,144,,0.0,,,
2025-02-27T12:28:25+00:00,144,,0.0,,,
2025-02-27T12:28:26+00:00,144,,0.0,,,
2025-02-27T12:28:27+00:00,144,,0.0,,,
2025-02-27T12:28:28+00:00,144,,0.0,,,
2025-02-27T12:28:29+00:00,145,,0.0,,,
2025-02-27T12:28:30+00:00,145,,0.0,,,
2025-02-27T12:28:31+00:00,145,,0.0,,,
2025-02-27T12:28:32+00:00,145,,0.0,,,
2025-02-27T12:28:33+00:00,144,,0.0,,,
2025-02-27T12:28:34+00:00,144,,0.0,,,
2025-02-27T12:28:35+00:00,144,,0.0,,,
2025-02-27T12:28:36+00:00,144,,0.0,,,
2025-02-27T12:28:37+00:00,144,,0.0,,,
2025-02-27T12:28:38+00:00,143,,0.0,,,
2025-02-27T12:28:39+00:00,143,,0.0,,,
2025-02-27T12:28:40+00:00,143,,0.0,,,
2025-02-27T12:28:41+00:00,143,,0.0,,,
2025-02-27T12:28:42+00:00,143,,0.0,,,
2025-02-27T12:28:43+00:00,144,,0.0,,,
2025-02-27T12:28:45+00:00,145,,0.0,,,
2025-02-27T12:28:46+00:00,146,,0.0,,,
2025-02-27T12:28:51+00:00,146,,0.0,,,
2025-02-27T12:28:52+00:00,146,,0.0,,,
2025-02-27T12:28:53+00:00,145,,0.0,,,
2025-02-27T12:28:54+00:00,139,,0.0,,,
2025-02-27T12:28:55+00:00,139,,0.0,,,
2025-02-27T12:28:56+00:00,139,,0.0,,,
2025-02-27T12:28:57+00:00,139,,0.0,,,
2025-02-27T12:28:58+00:00,136,,0.0,,,
2025-02-27T12:28:59+00:00,137,,0.0,,,
2025-02-27T12:29:00+00:00,138,,0.0,,,
2025-02-27T12:29:01+00:00,136,,0.0,,,
2025-02-27T12:29:02+00:00,136,,0.0,,,
2025-02-27T12:29:03+00:00,129,,0.0,,,
2025-02-27T12:29:04+00:00,121,,0.0,,,
2025-02-27T12:29:05+00:00,116,,0.0,,,
2025-02-27T12:29:06+00:00,114,,0.0,,,
2025-02-27T12:29:07+00:00,113,,0.0,,,
2025-02-27T12:29:08+00:00,112,,0.0,,,
2025-02-27T12:29:09+00:00,112,,0.0,,,
2025-02-27T12:29:10+00:00,111,,0.0,,,
2025-02-27T12:29:11+00:00,111,,0.0,,,
2025-02-27T12:29:12+00:00,106,,0.0,,,
2025-02-27T12:29:13+00:00,100,,0.0,,,
2025-02-27T12:29:14+00:00,99,,0.0,,,
2025-02-27T12:29:15+00:00,94,,0.0,,,
2025-02-27T12:29:16+00:00,94,,0.0,,,
2025-02-27T12:29:17+00:00,94,,0.0,,,
2025-02-27T12:29:18+00:00,95,,0.0,,,
2025-02-27T12:29:19+00:00,95,,0.0,,,
2025-02-27T12:29:20+00:00,95,,0.0,,,
2025-02-27T12:29:21+00:00,95,,0.0,,,
2025-02-27T12:29:22+00:00,95,,0.0,,,
2025-02-27T12:29:23+00:00,95,,0.0,,,
2025-02-27T12:29:24+00:00,95,,0.0,,,
2025-02-27T12:29:25+00:00,95,,0.0,,,
2025-02-27T12:29:26+00:00,96,,0.0,,,
2025-02-27T12:29:27+00:00,97,,0.0,,,
2025-02-27T12:29:28+00:00,99,,0.0,,,
2025-02-27T12:29:29+00:00,101,,0.0,,,
2025-02-27T12:29:30+00:00,102,,0.0,,,
2025-02-27T12:29:31+00:00,103,,0.0,,,
2025-02-27T12:29:32+00:00,105,,0.0,,,
2025-02-27T12:29:33+00:00,110,,0.0,,,
2025-02-27T12:29:34+00:00,111,,0.0,,,
2025-02-27T12:29:35+00:00,112,,0.0,,,
2025-02-27T12:29:36+00:00,112,,0.0,,,
2025-02-27T12:29:37+00:00,112,,0.0,,,
2025-02-27T12:29:38+00:00,112,,0.0,,,
2025-02-27T12:29:39+00:00,112,,0.0,,,
2025-02-27T12:29:40+00:00,111,,0.0,,,
2025-02-27T12:29:41+00:00,111,,0.0,,,
2025-02-27T12:29:42+00:00,111,,0.0,,,
2025-02-27T12:29:43+00:00,110,,0.0,,,
2025-02-27T12:29:44+00:00,110,,0.0,,,
2025-02-27T12:29:45+00:00,110,,0.0,,,
2025-02-27T12:29:46+00:00,110,,0.0,,,
2025-02-27T12:29:47+00:00,109,,0.0,,,
2025-02-27T12:29:48+00:00,109,,0.0,,,
2025-02-27T12:29:49+00:00,108,,0.0,,,
2025-02-27T12:29:50+00:00,108,,0.0,,,
2025-02-27T12:29:51+00:00,107,,0.0,,,
2025-02-27T12:29:52+00:00,107,,0.0,,,
2025-02-27T12:29:53+00:00,107,,0.0,,,
2025-02-27T12:29:54+00:00,107,,0.0,,,
2025-02-27T12:29:55+00:00,108,,0.0,,,
2025-02-27T12:29:56+00:00,107,,0.0,,,
2025-02-27T12:29:57+00:00,107,,0.0,,,
2025-02-27T12:29:58+00:00,107,,0.0,,,
2025-02-27T12:29:59+00:00,106,,0.0,,,
2025-02-27T12:30:00+00:00,106,,0.0,,,
2025-02-27T12:30:01+00:00,105,,0.0,,,
2025-02-27T12:30:02+00:00,105,,0.0,,,
2025-02-27T12:30:03+00:00,104,,0.0,,,
2025-02-27T12:30:04+00:00,104,,0.0,,,
2025-02-27T12:30:05+00:00,103,,0.0,,,
2025-02-27T12:30:06+00:00,102,,0.0,,,
2025-02-27T12:30:07+00:00,102,,0.0,,,
2025-02-27T12:30:08+00:00,101,,0.0,,,
2025-02-27T12:30:09+00:00,100,,0.0,,,
2025-02-27T12:30:10+00:00,101,,0.0,,,
2025-02-27T12:30:11+00:00,101,,0.0,,,
2025-02-27T12:30:12+00:00,101,,0.0,,,
2025-02-27T12:30:13+00:00,102,,0.0,,,
2025-02-27T12:30:14+00:00,102,,0.0,,,
2025-02-27T12:30:15+00:00,102,,0.0,,,
2025-02-27T12:30:16+00:00,101,,0.0,,,
2025-02-27T12:30:17+00:00,101,,0.0,,,
2025-02-27T12:30:18+00:00,103,,0.0,,,
2025-02-27T12:30:19+00:00,107,,0.0,,,
2025-02-27T12:30:20+00:00,109,,0.0,,,
2025-02-27T12:30:21+00:00,108,,0.0,,,
2025-02-27T12:30:22+00:00,104,,0.0,,,
2025-02-27T12:30:23+00:00,104,,0.0,,,
2025-02-27T12:30:24+00:00,104,,0.0,,,
2025-02-27T12:30:25+00:00,104,,0.0,,,
2025-02-27T12:30:26+00:00,104,,0.0,,,
2025-02-27T12:30:27+00:00,104,,0.0,,,
2025-02-27T12:30:28+00:00,105,,0.0,,,
2025-02-27T12:30:29+00:00,105,,0.0,,,
2025-02-27T12:30:30+00:00,105,,0.0,,,
2025-02-27T12:30:31+00:00,104,,0.0,,,
2025-02-27T12:30:32+00:00,105,,0.0,,,
2025-02-27T12:30:33+00:00,133,,0.0,,,
2025-02-27T12:30:34+00:00,153,,0.0,,,
2025-02-27T12:30:35+00:00,154,,0.0,,,
2025-02-27T12:30:36+00:00,153,,0.0,,,
2025-02-27T12:30:37+00:00,153,,0.0,,,
2025-02-27T12:30:38+00:00,153,,0.0,,,
2025-02-27T12:30:39+00:00,153,,0.0,,,
2025-02-27T12:30:40+00:00,153,,0.0,,,
2025-02-27T12:30:41+00:00,153,,0.0,,,
2025-02-27T12:30:42+00:00,153,,0.0,,,
2025-02-27T12:30:43+00:00,152,,0.0,,,
2025-02-27T12:30:44+00:00,153,,0.0,,,
2025-02-27T12:30:45+00:00,152,,0.0,,,
2025-02-27T12:30:46+00:00,152,,0.0,,,
2025-02-27T12:30:47+00:00,151,,0.0,,,
2025-02-27T12:30:48+00:00,150,,0.0,,,
2025-02-27T12:30:49+00:00,151,,0.0,,,
2025-02-27T12:30:50+00:00,151,,0.0,,,
2025-02-27T12:30:51+00:00,151,,0.0,,,
2025-02-27T12:30:52+00:00,152,,0.0,,,
2025-02-27T12:30:53+00:00,152,,0.0,,,
2025-02-27T12:30:54+00:00,152,,0.0,,,
2025-02-27T12:30:55+00:00,152,,0.0,,,
2025-02-27T12:30:56+00:00,154,,0.0,,,
2025-02-27T12:30:57+00:00,154,,0.0,,,
2025-02-27T12:30:58+00:00,155,,0.0,,,
2025-02-27T12:30:59+00:00,156,,0.0,,,
2025-02-27T12:31:00+00:00,157,,0.0,,,
2025-02-27T12:31:01+00:00,157,,0.0,,,
2025-02-27T12:31:02+00:00,157,,0.0,,,
2025-02-27T12:31:03+00:00,157,,0.0,,,
2025-02-27T12:31:04+00:00,157,,0.0,,,
2025-02-27T12:31:05+00:00,156,,0.0,,,
2025-02-27T12:31:06+00:00,156,,0.0,,,
2025-02-27T12:31:07+00:00,156,,0.0,,,
2025-02-27T12:31:08+00:00,156,,0.0,,,
2025-02-27T12:31:09+00:00,156,,0.0,,,
2025-02-27T12:31:10+00:00,156,,0.0,,,
2025-02-27T12:31:11+00:00,156,,0.0,,,
2025-02-27T12:31:12+00:00,155,,0.0,,,
2025-02-27T12:31:13+00:00,154,,0.0,,,
2025-02-27T12:31:14+00:00,154,,0.0,,,
2025-02-27T12:31:15+00:00,153,,0.0,,,
2025-02-27T12:31:16+00:00,153,,0.0,,,
2025-02-27T12:31:17+00:00,152,,0.0,,,
2025-02-27T12:31:18+00:00,152,,0.0,,,
2025-02-27T12:31:19+00:00,154,,0.0,,,
2025-02-27T12:31:20+00:00,162,,0.0,,,
2025-02-27T12:31:21+00:00,165,,0.0,,,
2025-02-27T12:31:22+00:00,166,,0.0,,,
2025-02-27T12:31:23+00:00,167,,0.0,,,
2025-02-27T12:31:24+00:00,167,,0.0,,,
2025-02-27T12:31:25+00:00,167,,0.0,,,
2025-02-27T12:31:26+00:00,167,,0.0,,,
2025-02-27T12:31:27+00:00,167,,0.0,,,
2025-02-27T12:31:28+00:00,168,,0.0,,,
2025-02-27T12:31:29+00:00,168,,0.0,,,
2025-02-27T12:31:30+00:00,168,,0.0,,,
2025-02-27T12:31:31+00:00,169,,0.0,,,
2025-02-27T12:31:32+00:00,170,,0.0,,,
2025-02-27T12:31:33+00:00,169,,0.0,,,
2025-02-27T12:31:34+00:00,169,,0.0,,,
2025-02-27T12:31:35+00:00,168,,0.0,,,
2025-02-27T12:31:36+00:00,168,,0.0,,,
2025-02-27T12:31:37+00:00,167,,0.0,,,
2025-02-27T12:31:38+00:00,167,,0.0,,,
2025-02-27T12:31:39+00:00,167,,0.0,,,
2025-02-27T12:31:40+00:00,168,,0.0,,,
2025-02-27T12:31:41+00:00,168,,0.0,,,
2025-02-27T12:31:42+00:00,169,,0.0,,,
2025-02-27T12:31:43+00:00,169,,0.0,,,
2025-02-27T12:31:44+00:00,169,,0.0,,,
2025-02-27T12:31:45+00:00,169,,0.0,,,
2025-02-27T12:31:46+00:00,169,,0.0,,,
2025-02-27T12:31:47+00:00,170,,0.0,,,
2025-02-27T12:31:48+00:00,170,,0.0,,,
2025-02-27T12:31:49+00:00,170,,0.0,,,
2025-02-27T12:31:50+00:00,170,,0.0,,,
2025-02-27T12:31:51+00:00,170,,0.0,,,
2025-02-27T12:31:52+00:00,170,,0.0,,,
2025-02-27T12:31:53+00:00,171,,0.0,,,
2025-02-27T12:31:58+00:00,172,,0.0,,,
2025-02-27T12:32:04+00:00,173,,0.0,,,
2025-02-27T12:32:05+00:00,172,,0.0,,,
2025-02-27T12:32:06+00:00,173,,0.0,,,
2025-02-27T12:32:10+00:00,174,,0.0,,,
2025-02-27T12:32:14+00:00,173,,0.0,,,
2025-02-27T12:32:15+00:00,172,,0.0,,,
2025-02-27T12:32:16+00:00,171,,0.0,,,
2025-02-27T12:32:18+00:00,170,,0.0,,,
2025-02-27T12:32:20+00:00,169,,0.0,,,
2025-02-27T12:32:21+00:00,167,,0.0,,,
2025-02-27T12:32:22+00:00,165,,0.0,,,
2025-02-27T12:32:23+00:00,162,,0.0,,,
2025-02-27T12:32:24+00:00,162,,0.0,,,
2025-02-27T12:32:28+00:00,161,,0.0,,,
2025-02-27T12:32:30+00:00,159,,0.0,,,
2025-02-27T12:32:31+00:00,157,,0.0,,,
2025-02-27T12:32:32+00:00,156,,0.0,,,
2025-02-27T12:32:35+00:00,155,,0.0,,,
