timestamp,hr,paceKmh,elevationM,cadence,lat,lon
2025-10-18T16:29:37+00:00,94,0.0,196.0,0,45.197358,5.731723
2025-10-18T16:29:38+00:00,94,0.0,196.0,111,45.19732,5.731727
2025-10-18T16:29:39+00:00,94,8.64,196.0,109,45.197299,5.731707
2025-10-18T16:29:40+00:00,94,8.8812,196.0,93,45.197277,5.731689
2025-10-18T16:29:41+00:00,95,10.26,196.0,98,45.197246,5.731666
2025-10-18T16:29:42+00:00,95,11.376000000000001,196.2,97,45.197211,5.731643
2025-10-18T16:29:43+00:00,95,13.032,196.2,97,45.197182,5.731628
2025-10-18T16:29:44+00:00,96,14.904,196.4,95,45.197133,5.731596
2025-10-18T16:29:45+00:00,97,16.056,196.4,93,45.197102,5.731574
2025-10-18T16:29:46+00:00,97,16.848,196.6,93,45.197066,5.731535
2025-10-18T16:29:47+00:00,98,17.352,196.6,93,45.197038,5.731486
2025-10-18T16:29:48+00:00,98,18.072,196.6,93,45.197005,5.731439
2025-10-18T16:29:49+00:00,98,18.072,196.8,93,45.196971,5.731396
2025-10-18T16:29:50+00:00,98,18.072,196.8,93,45.196944,5.731361
2025-10-18T16:29:51+00:00,98,17.712,197.0,92,45.196912,5.731321
2025-10-18T16:29:52+00:00,98,16.632,197.0,92,45.196893,5.731284
2025-10-18T16:29:53+00:00,98,15.840000000000002,197.0,93,45.196864,5.731247
2025-10-18T16:29:54+00:00,98,14.904,197.0,92,45.196839,5.73121
2025-10-18T16:29:55+00:00,98,14.832,197.2,92,45.196809,5.731177
2025-10-18T16:29:56+00:00,99,14.472,197.2,91,45.196785,5.731143
2025-10-18T16:29:57+00:00,99,14.976,197.2,91,45.196754,5.731103
2025-10-18T16:29:58+00:00,99,14.688,197.4,91,45.19673,5.731074
2025-10-18T16:29:59+00:00,100,15.048,197.6,91,45.196698,5.731028
2025-10-18T16:30:00+00:00,100,15.120000000000001,197.8,91,45.196673,5.730993
2025-10-18T16:30:01+00:00,101,15.696000000000002,198.0,91,45.196635,5.730956
2025-10-18T16:30:02+00:00,103,15.984000000000002,198.2,91,45.196601,5.730924
2025-10-18T16:30:03+00:00,105,16.704,198.2,91,45.196565,5.73088
2025-10-18T16:30:04+00:00,108,16.56,198.4,91,45.196537,5.730843
2025-10-18T16:30:05+00:00,112,17.208000000000002,198.4,92,45.196506,5.730792
2025-10-18T16:30:06+00:00,116,17.424,198.4,92,45.196473,5.730752
2025-10-18T16:30:07+00:00,122,17.712,198.6,91,45.196439,5.730706
2025-10-18T16:30:08+00:00,129,17.568,198.8,91,45.196407,5.730667
2025-10-18T16:30:09+00:00,135,17.784000000000002,199.0,91,45.19638,5.730624
2025-10-18T16:30:10+00:00,142,17.64,199.2,90,45.196347,5.730582
2025-10-18T16:30:11+00:00,149,17.352,199.4,90,45.196316,5.730541
2025-10-18T16:30:12+00:00,154,16.992,199.4,90,45.196284,5.730502
2025-10-18T16:30:13+00:00,157,17.208000000000002,199.4,90,45.196248,5.730458
2025-10-18T16:30:14+00:00,160,17.352,199.6,90,45.196221,5.730415
2025-10-18T16:30:15+00:00,161,17.352,199.6,90,45.196192,5.730367
2025-10-18T16:30:16+00:00,165,16.92,199.8,89,45.196162,5.730333
2025-10-18T16:30:17+00:00,165,16.704,200.0,90,45.196137,5.73029
2025-10-18T16:30:18+00:00,166,16.344,200.0,90,45.196107,5.730251
2025-10-18T16:30:19+00:00,168,16.488,200.2,90,45.196075,5.730206
2025-10-18T16:30:20+00:00,168,16.128000000000004,200.2,90,45.196046,5.730174
2025-10-18T16:30:21+00:00,169,16.416,200.2,90,45.196014,5.730133
2025-10-18T16:30:22+00:00,170,16.704,200.4,89,45.195983,5.730094
2025-10-18T16:30:23+00:00,169,17.064,200.4,89,45.195952,5.730048
2025-10-18T16:30:24+00:00,170,16.488,200.4,89,45.195934,5.730014
2025-10-18T16:30:25+00:00,171,16.416,200.6,89,45.195905,5.72997
2025-10-18T16:30:26+00:00,171,16.056,200.6,89,45.195886,5.72993
2025-10-18T16:30:27+00:00,170,15.624,200.6,89,45.195864,5.729887
2025-10-18T16:30:28+00:00,170,15.192,200.8,89,45.195827,5.729856
2025-10-18T16:30:29+00:00,170,15.336,201.0,89,45.195794,5.729822
2025-10-18T16:30:30+00:00,169,15.192,201.2,89,45.195772,5.72978
2025-10-18T16:30:31+00:00,168,15.624,201.2,89,45.195739,5.729734
2025-10-18T16:30:32+00:00,168,15.696000000000002,201.4,89,45.195719,5.729693
2025-10-18T16:30:33+00:00,168,15.408000000000001,201.4,89,45.195696,5.729653
2025-10-18T16:30:34+00:00,169,15.192,201.4,89,45.195676,5.729608
2025-10-18T16:30:35+00:00,169,15.768,201.6,89,45.195646,5.729559
2025-10-18T16:30:36+00:00,169,15.624,201.6,89,45.195612,5.729521
2025-10-18T16:30:37+00:00,169,15.768,201.8,89,45.195587,5.729476
2025-10-18T16:30:38+00:00,170,16.128000000000004,201.8,89,45.195549,5.729442
2025-10-18T16:30:39+00:00,170,17.064,202.0,89,45.195521,5.729388
2025-10-18T16:30:40+00:00,172,16.848,202.2,89,45.195497,5.729342
2025-10-18T16:30:41+00:00,172,16.92,202.4,89,45.195462,5.72931
2025-10-18T16:30:42+00:00,173,16.488,202.6,89,45.195435,5.729276
2025-10-18T16:30:43+00:00,173,16.632,202.8,89,45.195404,5.729231
2025-10-18T16:30:44+00:00,174,15.912,203.0,89,45.195372,5.7292
2025-10-18T16:30:45+00:00,173,15.912,203.2,90,45.19534,5.729162
2025-10-18T16:30:46+00:00,173,15.912,203.4,90,45.195308,5.729123
2025-10-18T16:30:47+00:00,173,16.704,203.6,89,45.195276,5.729088
2025-10-18T16:30:48+00:00,174,16.416,203.8,89,45.195246,5.729052
2025-10-18T16:30:49+00:00,174,16.488,204.0,89,45.19522,5.729008
2025-10-18T16:30:50+00:00,174,16.056,204.2,89,45.195203,5.728962
2025-10-18T16:30:51+00:00,174,15.912,204.2,89,45.195175,5.728924
2025-10-18T16:30:52+00:00,175,15.840000000000002,204.4,88,45.195142,5.728877
2025-10-18T16:30:53+00:00,176,15.552000000000001,204.6,88,45.195116,5.728856
2025-10-18T16:30:54+00:00,176,15.48,204.6,88,45.195085,5.728817
2025-10-18T16:30:55+00:00,176,15.120000000000001,204.8,87,45.195066,5.728786
2025-10-18T16:30:56+00:00,176,14.904,204.8,87,45.195037,5.728743
2025-10-18T16:30:57+00:00,176,14.328,205.0,87,45.195017,5.728701
2025-10-18T16:30:58+00:00,175,13.968,205.2,87,45.195014,5.728658
2025-10-18T16:30:59+00:00,176,11.304,205.2,87,45.195035,5.72866
2025-10-18T16:31:00+00:00,176,10.368,205.6,87,45.195054,5.728654
2025-10-18T16:31:01+00:00,176,8.856,206.0,86,45.195066,5.728651
2025-10-18T16:31:02+00:00,176,8.136,206.4,84,45.195079,5.728621
2025-10-18T16:31:03+00:00,177,7.2,206.8,76,45.195074,5.728604
2025-10-18T16:31:04+00:00,176,7.632000000000001,207.4,78,45.195057,5.728604
2025-10-18T16:31:05+00:00,177,7.056,208.0,77,45.195044,5.728602
2025-10-18T16:31:06+00:00,177,6.912,208.6,74,45.195027,5.728596
2025-10-18T16:31:07+00:00,178,6.048,209.2,73,45.195014,5.72858
2025-10-18T16:31:08+00:00,178,6.192,210.0,70,45.195001,5.72856
2025-10-18T16:31:09+00:00,179,7.2,210.8,74,45.194994,5.728537
2025-10-18T16:31:10+00:00,178,7.704000000000001,211.2,89,45.195,5.728514
2025-10-18T16:31:11+00:00,178,7.704000000000001,211.6,88,45.195,5.728492
2025-10-18T16:31:12+00:00,179,7.5600000000000005,212.0,82,45.195018,5.728474
2025-10-18T16:31:13+00:00,179,8.28,212.4,79,45.195064,5.728476
2025-10-18T16:31:14+00:00,179,8.784,212.8,79,45.195092,5.728459
2025-10-18T16:31:15+00:00,181,9.504000000000001,213.4,80,45.195117,5.728465
2025-10-18T16:31:16+00:00,181,10.008,214.0,81,45.195135,5.728459
2025-10-18T16:31:17+00:00,180,10.008,214.6,78,45.195134,5.728428
2025-10-18T16:31:18+00:00,181,8.568,215.2,76,45.195134,5.728405
2025-10-18T16:31:19+00:00,181,7.704000000000001,215.8,77,45.195134,5.72838
2025-10-18T16:31:20+00:00,181,7.488,216.2,78,45.19513,5.728344
2025-10-18T16:31:21+00:00,181,6.984,216.6,77,45.195121,5.728323
2025-10-18T16:31:22+00:00,181,7.272,217.2,78,45.195109,5.7283
2025-10-18T16:31:23+00:00,181,7.776000000000001,217.6,82,45.195098,5.728273
2025-10-18T16:31:24+00:00,182,7.920000000000001,218.0,83,45.19509,5.72825
2025-10-18T16:31:25+00:00,181,7.272,218.6,83,45.195076,5.728231
2025-10-18T16:31:26+00:00,181,7.416,219.2,83,45.195063,5.72821
2025-10-18T16:31:27+00:00,181,7.272,219.8,83,45.195053,5.728192
2025-10-18T16:31:28+00:00,181,7.272,220.4,84,45.195043,5.728168
2025-10-18T16:31:29+00:00,181,6.912,220.8,83,45.195033,5.728151
2025-10-18T16:31:30+00:00,181,7.056,221.4,82,45.195018,5.728131
2025-10-18T16:31:31+00:00,182,7.2,221.8,83,45.195009,5.728104
2025-10-18T16:31:32+00:00,182,7.704000000000001,222.4,82,45.195002,5.728077
2025-10-18T16:31:33+00:00,181,8.136,223.0,80,45.194988,5.728046
2025-10-18T16:31:34+00:00,181,8.856,223.4,81,45.194979,5.728014
2025-10-18T16:31:35+00:00,182,9.072000000000001,223.8,81,45.194974,5.727991
2025-10-18T16:31:36+00:00,181,8.496,224.4,80,45.194968,5.727969
2025-10-18T16:31:37+00:00,182,7.920000000000001,224.8,80,45.194963,5.727941
2025-10-18T16:31:38+00:00,181,7.416,225.4,80,45.19496,5.72792
2025-10-18T16:31:39+00:00,181,7.272,226.0,79,45.194955,5.727886
2025-10-18T16:31:40+00:00,181,7.5600000000000005,226.4,80,45.194954,5.727849
2025-10-18T16:31:41+00:00,181,8.568,227.0,81,45.194952,5.72782
2025-10-18T16:31:42+00:00,182,9.144,227.6,80,45.194942,5.727792
2025-10-18T16:31:43+00:00,182,9.0,228.0,80,45.194941,5.72777
2025-10-18T16:31:44+00:00,182,8.424,228.6,79,45.19495,5.72774
2025-10-18T16:31:45+00:00,182,7.920000000000001,229.0,78,45.194949,5.727718
2025-10-18T16:31:46+00:00,182,7.416,229.6,79,45.194948,5.727691
2025-10-18T16:31:47+00:00,182,7.344,230.2,75,45.194949,5.727656
2025-10-18T16:31:48+00:00,181,7.416,230.8,76,45.194951,5.727635
2025-10-18T16:31:49+00:00,183,7.992000000000001,231.2,74,45.194951,5.727601
2025-10-18T16:31:50+00:00,183,8.352,231.8,75,45.194951,5.727566
2025-10-18T16:31:51+00:00,183,8.928,232.4,76,45.194952,5.727531
2025-10-18T16:31:52+00:00,183,9.0,233.0,77,45.194956,5.7275
2025-10-18T16:31:53+00:00,183,9.504000000000001,233.6,79,45.194959,5.727466
2025-10-18T16:31:54+00:00,183,9.216000000000001,234.0,82,45.194956,5.72744
2025-10-18T16:31:55+00:00,183,9.072000000000001,234.6,82,45.194954,5.727407
2025-10-18T16:31:56+00:00,183,8.568,235.0,82,45.194953,5.727381
2025-10-18T16:31:57+00:00,183,8.28,235.6,81,45.194953,5.727355
2025-10-18T16:31:58+00:00,183,7.848000000000001,236.2,81,45.194954,5.727331
2025-10-18T16:31:59+00:00,184,7.776000000000001,236.6,80,45.194949,5.727299
2025-10-18T16:32:00+00:00,184,7.5600000000000005,237.2,80,45.194947,5.727276
2025-10-18T16:32:01+00:00,183,7.704000000000001,237.6,79,45.194947,5.727245
2025-10-18T16:32:02+00:00,183,7.848000000000001,238.0,80,45.194945,5.727214
2025-10-18T16:32:03+00:00,183,8.064000000000002,238.4,79,45.19494,5.72719
2025-10-18T16:32:04+00:00,184,8.136,239.0,78,45.194936,5.727162
2025-10-18T16:32:05+00:00,183,7.992000000000001,239.4,76,45.194938,5.727135
2025-10-18T16:32:06+00:00,183,8.136,240.0,76,45.194933,5.727102
2025-10-18T16:32:07+00:00,183,8.136,240.6,76,45.194924,5.727076
2025-10-18T16:32:08+00:00,183,8.28,241.0,76,45.194909,5.727052
2025-10-18T16:32:09+00:00,184,8.208,241.4,76,45.194909,5.727022
2025-10-18T16:32:10+00:00,184,8.424,242.0,75,45.194908,5.726994
2025-10-18T16:32:11+00:00,183,7.848000000000001,242.4,74,45.194902,5.726976
2025-10-18T16:32:12+00:00,183,7.848000000000001,243.0,73,45.194892,5.726946
2025-10-18T16:32:13+00:00,183,8.064000000000002,243.4,76,45.19489,5.726909
2025-10-18T16:32:14+00:00,183,8.064000000000002,244.0,76,45.194888,5.726887
2025-10-18T16:32:15+00:00,183,8.496,244.4,77,45.194881,5.726851
2025-10-18T16:32:16+00:00,183,9.072000000000001,244.8,77,45.194878,5.726813
2025-10-18T16:32:17+00:00,184,9.144,245.2,77,45.194874,5.726785
2025-10-18T16:32:18+00:00,184,9.360000000000001,245.4,77,45.194863,5.726746
2025-10-18T16:32:19+00:00,185,10.224,246.0,79,45.194856,5.726702
2025-10-18T16:32:20+00:00,184,10.224,246.4,81,45.19485,5.726671
2025-10-18T16:32:21+00:00,184,10.656,246.6,81,45.194843,5.726629
2025-10-18T16:32:22+00:00,183,11.376000000000001,247.0,80,45.194846,5.726582
2025-10-18T16:32:23+00:00,184,11.16,247.4,79,45.194844,5.726547
2025-10-18T16:32:24+00:00,184,10.44,247.8,76,45.194853,5.726515
2025-10-18T16:32:25+00:00,184,9.864,248.4,77,45.19486,5.726495
2025-10-18T16:32:26+00:00,184,9.216000000000001,248.8,78,45.19488,5.726472
2025-10-18T16:32:27+00:00,183,8.712,249.4,78,45.1949,5.726451
2025-10-18T16:32:28+00:00,184,8.496,249.8,79,45.194916,5.726429
2025-10-18T16:32:29+00:00,185,8.928,250.4,77,45.194936,5.726401
2025-10-18T16:32:30+00:00,183,8.928,251.0,76,45.194946,5.726388
2025-10-18T16:32:31+00:00,184,8.784,251.6,75,45.194963,5.726364
2025-10-18T16:32:32+00:00,184,8.28,252.0,76,45.194981,5.72636
2025-10-18T16:32:33+00:00,185,8.064000000000002,252.4,79,45.194999,5.726348
2025-10-18T16:32:34+00:00,184,7.992000000000001,252.8,79,45.195,5.72631
2025-10-18T16:32:35+00:00,184,8.712,253.2,80,45.195021,5.726275
2025-10-18T16:32:36+00:00,184,9.144,253.4,80,45.195031,5.726252
2025-10-18T16:32:37+00:00,184,9.936,253.6,81,45.195048,5.72622
2025-10-18T16:32:38+00:00,184,10.44,254.2,81,45.195061,5.726189
2025-10-18T16:32:39+00:00,184,10.296,254.6,81,45.195063,5.726159
2025-10-18T16:32:40+00:00,184,10.368,255.0,82,45.195069,5.726116
2025-10-18T16:32:41+00:00,184,10.512,255.4,82,45.195074,5.726082
2025-10-18T16:32:42+00:00,183,10.296,255.6,83,45.195078,5.726045
2025-10-18T16:32:43+00:00,183,10.296,256.0,83,45.195086,5.726008
2025-10-18T16:32:44+00:00,183,10.296,256.2,84,45.195091,5.725982
2025-10-18T16:32:45+00:00,183,10.152,256.6,84,45.195098,5.72594
2025-10-18T16:32:46+00:00,184,9.864,256.8,83,45.195102,5.725911
2025-10-18T16:32:47+00:00,182,9.864,257.0,83,45.195104,5.725876
2025-10-18T16:32:48+00:00,182,9.72,257.4,84,45.195105,5.725841
2025-10-18T16:32:49+00:00,182,9.648000000000001,257.8,84,45.195105,5.725811
2025-10-18T16:32:50+00:00,182,9.288,258.0,83,45.19511,5.725778
2025-10-18T16:32:51+00:00,182,9.216000000000001,258.2,83,45.195111,5.725748
2025-10-18T16:32:52+00:00,181,9.072000000000001,258.4,84,45.195113,5.725716
2025-10-18T16:32:53+00:00,181,9.144,258.6,84,45.195116,5.72568
2025-10-18T16:32:54+00:00,181,9.216000000000001,259.0,84,45.195117,5.72565
2025-10-18T16:32:55+00:00,181,9.576,259.2,84,45.195111,5.725609
2025-10-18T16:32:56+00:00,182,9.72,259.6,84,45.195104,5.725582
2025-10-18T16:32:57+00:00,180,9.936,259.8,84,45.195093,5.725546
2025-10-18T16:32:58+00:00,181,10.152,260.0,83,45.195083,5.72551
2025-10-18T16:32:59+00:00,180,10.224,260.4,84,45.195074,5.725482
2025-10-18T16:33:00+00:00,182,10.224,260.6,84,45.19506,5.725445
2025-10-18T16:33:01+00:00,180,10.44,260.8,83,45.19505,5.725413
2025-10-18T16:33:02+00:00,181,10.584,261.2,83,45.195036,5.725382
2025-10-18T16:33:03+00:00,181,10.368,261.4,83,45.195028,5.725346
2025-10-18T16:33:04+00:00,181,10.224,261.6,84,45.195017,5.725321
2025-10-18T16:33:05+00:00,181,10.08,262.0,84,45.195,5.725292
2025-10-18T16:33:06+00:00,180,9.864,262.2,84,45.19499,5.725262
2025-10-18T16:33:07+00:00,180,9.432,262.6,84,45.194981,5.725233
2025-10-18T16:33:08+00:00,181,9.504000000000001,262.8,83,45.194969,5.725195
2025-10-18T16:33:09+00:00,180,9.360000000000001,263.2,83,45.194962,5.725172
2025-10-18T16:33:10+00:00,181,9.432,263.4,83,45.19495,5.725137
2025-10-18T16:33:11+00:00,182,9.576,263.6,83,45.194946,5.725095
2025-10-18T16:33:12+00:00,180,9.504000000000001,264.0,83,45.194953,5.725058
2025-10-18T16:33:13+00:00,179,8.856,264.4,83,45.194959,5.72503
2025-10-18T16:33:14+00:00,180,8.208,264.6,82,45.194977,5.725027
2025-10-18T16:33:15+00:00,181,8.064000000000002,265.0,82,45.195007,5.725026
2025-10-18T16:33:16+00:00,181,8.208,265.4,83,45.195038,5.725041
2025-10-18T16:33:17+00:00,180,8.568,265.8,83,45.19506,5.725055
2025-10-18T16:33:18+00:00,180,9.432,266.2,83,45.195086,5.725077
2025-10-18T16:33:19+00:00,180,10.872,266.6,83,45.195107,5.725112
2025-10-18T16:33:20+00:00,180,11.808,266.8,83,45.195126,5.725145
2025-10-18T16:33:21+00:00,180,12.528,267.2,83,45.195149,5.725185
2025-10-18T16:33:22+00:00,180,12.816,267.4,83,45.195165,5.725217
2025-10-18T16:33:23+00:00,180,12.888,267.8,83,45.195184,5.725248
2025-10-18T16:33:24+00:00,181,12.672,268.0,83,45.195202,5.725278
2025-10-18T16:33:25+00:00,179,12.024,268.4,84,45.195216,5.725307
2025-10-18T16:33:26+00:00,180,11.448,268.6,84,45.195229,5.725349
2025-10-18T16:33:27+00:00,179,11.304,268.8,84,45.195244,5.725379
2025-10-18T16:33:28+00:00,179,11.088000000000001,269.0,84,45.195256,5.725413
2025-10-18T16:33:29+00:00,179,10.872,269.2,84,45.195269,5.725444
2025-10-18T16:33:30+00:00,180,10.656,269.4,84,45.195279,5.725476
2025-10-18T16:33:31+00:00,179,10.872,269.8,84,45.195288,5.725523
2025-10-18T16:33:32+00:00,179,10.872,270.0,84,45.195296,5.725555
2025-10-18T16:33:33+00:00,179,10.728,270.2,84,45.195308,5.72559
2025-10-18T16:33:34+00:00,179,10.8,270.4,84,45.195322,5.725624
2025-10-18T16:33:35+00:00,180,11.088000000000001,270.6,84,45.195339,5.725653
2025-10-18T16:33:36+00:00,179,10.944,270.8,85,45.195356,5.725695
2025-10-18T16:33:37+00:00,179,10.728,271.0,85,45.195368,5.725721
2025-10-18T16:33:38+00:00,179,11.304,271.2,85,45.195384,5.725765
2025-10-18T16:33:39+00:00,179,11.592,271.2,84,45.195397,5.725799
2025-10-18T16:33:40+00:00,179,11.520000000000001,271.4,84,45.195407,5.725832
2025-10-18T16:33:41+00:00,179,11.376000000000001,271.6,84,45.195415,5.725876
2025-10-18T16:33:42+00:00,178,11.520000000000001,271.8,84,45.195428,5.725906
2025-10-18T16:33:43+00:00,178,11.304,272.0,84,45.195437,5.725947
2025-10-18T16:33:44+00:00,178,11.016,272.2,84,45.195444,5.725983
2025-10-18T16:33:45+00:00,179,11.232000000000001,272.2,84,45.19546,5.726019
2025-10-18T16:33:46+00:00,179,11.520000000000001,272.4,84,45.195477,5.726057
2025-10-18T16:33:47+00:00,180,11.448,272.6,84,45.19549,5.726085
2025-10-18T16:33:48+00:00,179,11.735999999999999,272.8,84,45.195506,5.726128
2025-10-18T16:33:49+00:00,179,11.808,273.0,84,45.19552,5.726158
2025-10-18T16:33:50+00:00,179,11.664000000000001,273.2,84,45.195534,5.726191
2025-10-18T16:33:51+00:00,180,11.520000000000001,273.4,84,45.195548,5.726232
2025-10-18T16:33:52+00:00,180,11.592,273.4,84,45.195558,5.72626
2025-10-18T16:33:53+00:00,180,11.232000000000001,273.6,84,45.195568,5.726304
2025-10-18T16:33:54+00:00,179,11.232000000000001,273.8,84,45.195574,5.72634
2025-10-18T16:33:55+00:00,179,11.304,274.0,84,45.195587,5.726375
2025-10-18T16:33:56+00:00,179,11.304,274.2,84,45.195602,5.726413
2025-10-18T16:33:57+00:00,179,11.016,274.4,84,45.195613,5.726438
2025-10-18T16:33:58+00:00,179,10.944,274.6,84,45.195628,5.726477
2025-10-18T16:33:59+00:00,179,10.944,274.8,84,45.195643,5.726506
2025-10-18T16:34:00+00:00,179,10.728,275.0,84,45.195654,5.72654
2025-10-18T16:34:01+00:00,178,10.8,275.2,84,45.195672,5.726578
2025-10-18T16:34:02+00:00,179,11.016,275.4,84,45.195689,5.726602
2025-10-18T16:34:03+00:00,179,10.872,275.6,84,45.195703,5.726639
2025-10-18T16:34:04+00:00,179,10.944,275.8,85,45.195723,5.726664
2025-10-18T16:34:05+00:00,179,11.304,275.8,85,45.195744,5.726699
2025-10-18T16:34:06+00:00,178,11.232000000000001,276.0,86,45.195766,5.726724
2025-10-18T16:34:07+00:00,178,11.520000000000001,276.4,85,45.195787,5.726753
2025-10-18T16:34:08+00:00,178,11.520000000000001,276.6,85,45.195804,5.726786
2025-10-18T16:34:09+00:00,178,11.448,276.8,85,45.195823,5.726804
2025-10-18T16:34:10+00:00,177,11.232000000000001,277.0,85,45.195844,5.726834
2025-10-18T16:34:11+00:00,177,10.944,277.2,85,45.195859,5.726865
2025-10-18T16:34:12+00:00,178,10.8,277.4,84,45.195882,5.726888
2025-10-18T16:34:13+00:00,177,11.016,277.6,84,45.195898,5.726926
2025-10-18T16:34:14+00:00,177,10.872,277.8,84,45.19591,5.726951
2025-10-18T16:34:15+00:00,177,11.16,278.0,84,45.195928,5.726992
2025-10-18T16:34:16+00:00,177,11.304,278.4,84,45.195941,5.727025
2025-10-18T16:34:17+00:00,177,11.304,278.8,84,45.195953,5.727058
2025-10-18T16:34:18+00:00,177,11.376000000000001,279.0,84,45.195968,5.727099
2025-10-18T16:34:19+00:00,177,11.448,279.4,84,45.195985,5.727123
2025-10-18T16:34:20+00:00,177,11.376000000000001,279.8,84,45.196003,5.727161
2025-10-18T16:34:21+00:00,177,11.448,280.0,84,45.196015,5.727196
2025-10-18T16:34:22+00:00,177,11.304,280.2,84,45.196029,5.727225
2025-10-18T16:34:23+00:00,177,11.232000000000001,280.4,84,45.196046,5.727264
2025-10-18T16:34:24+00:00,178,11.232000000000001,280.8,84,45.196064,5.727289
2025-10-18T16:34:25+00:00,178,11.304,281.0,84,45.196084,5.727327
2025-10-18T16:34:26+00:00,178,11.232000000000001,281.4,84,45.1961,5.727358
2025-10-18T16:34:27+00:00,178,11.232000000000001,281.6,84,45.196116,5.727383
2025-10-18T16:34:28+00:00,178,11.16,282.0,84,45.196137,5.727418
2025-10-18T16:34:29+00:00,178,11.16,282.4,84,45.196155,5.727439
2025-10-18T16:34:30+00:00,178,11.16,282.6,84,45.196176,5.727476
2025-10-18T16:34:31+00:00,178,11.232000000000001,283.0,84,45.196196,5.727507
2025-10-18T16:34:32+00:00,178,11.376000000000001,283.2,84,45.196205,5.727541
2025-10-18T16:34:33+00:00,178,11.448,283.4,84,45.19622,5.727581
2025-10-18T16:34:34+00:00,178,11.376000000000001,283.6,84,45.196239,5.727602
2025-10-18T16:34:35+00:00,178,11.304,283.8,84,45.196262,5.727636
2025-10-18T16:34:36+00:00,178,11.376000000000001,284.2,84,45.196281,5.727667
2025-10-18T16:34:37+00:00,178,11.448,284.4,84,45.196304,5.727687
2025-10-18T16:34:38+00:00,178,11.664000000000001,284.8,84,45.196332,5.727715
2025-10-18T16:34:39+00:00,178,11.879999999999999,285.0,85,45.196354,5.727732
2025-10-18T16:34:40+00:00,178,12.024,285.2,85,45.196383,5.727763
2025-10-18T16:34:41+00:00,178,11.808,285.4,85,45.196401,5.727784
2025-10-18T16:34:42+00:00,179,11.808,285.6,85,45.196424,5.72781
2025-10-18T16:34:43+00:00,179,11.808,285.8,85,45.19645,5.727842
2025-10-18T16:34:44+00:00,178,11.952,286.0,85,45.19648,5.727849
2025-10-18T16:34:45+00:00,179,11.808,286.2,84,45.196502,5.727882
2025-10-18T16:34:46+00:00,179,12.024,286.6,84,45.196524,5.727908
2025-10-18T16:34:47+00:00,179,12.024,286.8,84,45.19655,5.727934
2025-10-18T16:34:48+00:00,179,12.024,287.0,84,45.196571,5.727969
2025-10-18T16:34:49+00:00,179,11.808,287.2,84,45.196588,5.727988
2025-10-18T16:34:50+00:00,179,11.592,287.6,84,45.196609,5.728019
2025-10-18T16:34:51+00:00,179,11.448,287.8,84,45.196631,5.728045
2025-10-18T16:34:52+00:00,179,11.592,288.0,85,45.196655,5.728074
2025-10-18T16:34:53+00:00,179,11.448,288.2,85,45.196676,5.728103
2025-10-18T16:34:54+00:00,179,11.592,288.4,85,45.196697,5.728129
2025-10-18T16:34:55+00:00,180,12.096,288.6,84,45.196728,5.728161
2025-10-18T16:34:56+00:00,180,12.384,288.8,84,45.196751,5.728184
2025-10-18T16:34:57+00:00,180,12.6,288.8,84,45.196779,5.728211
2025-10-18T16:34:58+00:00,180,12.456,289.0,84,45.196796,5.728245
2025-10-18T16:34:59+00:00,180,12.528,289.2,84,45.196819,5.728268
2025-10-18T16:35:00+00:00,181,12.6,289.2,83,45.196842,5.72831
2025-10-18T16:35:01+00:00,181,12.888,289.2,83,45.196861,5.728349
2025-10-18T16:35:02+00:00,181,12.888,289.2,83,45.196881,5.72838
2025-10-18T16:35:03+00:00,182,13.536,288.8,83,45.196901,5.72843
2025-10-18T16:35:04+00:00,182,13.968,288.6,83,45.196922,5.728465
2025-10-18T16:35:05+00:00,181,14.832,288.2,84,45.196945,5.72853
2025-10-18T16:35:06+00:00,180,15.336,287.6,84,45.196967,5.728574
2025-10-18T16:35:07+00:00,181,16.2,287.0,85,45.196992,5.728628
2025-10-18T16:35:08+00:00,180,16.416,286.6,85,45.197012,5.728669
2025-10-18T16:35:09+00:00,181,17.136,286.0,86,45.19704,5.728725
2025-10-18T16:35:10+00:00,181,16.344,285.6,89,45.197061,5.728763
2025-10-18T16:35:11+00:00,181,16.632,285.2,89,45.19709,5.728819
2025-10-18T16:35:12+00:00,181,16.488,284.8,90,45.197119,5.728861
2025-10-18T16:35:13+00:00,181,16.92,284.4,92,45.19715,5.728906
2025-10-18T16:35:14+00:00,181,16.704,284.0,91,45.197172,5.728951
2025-10-18T16:35:15+00:00,181,17.568,283.4,91,45.197202,5.729005
2025-10-18T16:35:16+00:00,181,17.28,283.0,91,45.197226,5.729048
2025-10-18T16:35:17+00:00,181,17.784000000000002,282.6,90,45.197254,5.72911
2025-10-18T16:35:18+00:00,181,17.496000000000002,282.0,90,45.197277,5.729151
2025-10-18T16:35:19+00:00,181,17.784000000000002,281.6,90,45.197308,5.729206
2025-10-18T16:35:20+00:00,181,17.64,281.0,90,45.197333,5.729253
2025-10-18T16:35:21+00:00,181,18.072,280.6,90,45.197364,5.729313
2025-10-18T16:35:22+00:00,181,18.0,280.2,91,45.197391,5.729363
2025-10-18T16:35:23+00:00,182,18.720000000000002,279.6,91,45.197423,5.729417
2025-10-18T16:35:24+00:00,182,19.008000000000003,279.0,91,45.19745,5.729475
2025-10-18T16:35:25+00:00,182,19.368,278.6,91,45.197481,5.729529
2025-10-18T16:35:26+00:00,182,19.656,278.0,92,45.197513,5.729583
2025-10-18T16:35:27+00:00,182,19.728,277.6,92,45.197544,5.729636
2025-10-18T16:35:28+00:00,183,19.584000000000003,277.0,91,45.197577,5.729685
2025-10-18T16:35:29+00:00,183,19.512,276.6,92,45.197612,5.72973
2025-10-18T16:35:30+00:00,183,19.44,276.0,91,45.19765,5.729771
2025-10-18T16:35:31+00:00,183,19.08,275.6,91,45.197683,5.729816
2025-10-18T16:35:32+00:00,183,19.152,275.0,92,45.19772,5.729868
2025-10-18T16:35:33+00:00,184,19.08,274.6,91,45.197754,5.729909
2025-10-18T16:35:34+00:00,184,19.224,274.2,91,45.197796,5.729949
2025-10-18T16:35:35+00:00,184,18.720000000000002,273.8,90,45.197828,5.729988
2025-10-18T16:35:36+00:00,185,18.791999999999998,273.2,89,45.197869,5.730027
2025-10-18T16:35:37+00:00,185,18.576,272.8,89,45.197907,5.730061
2025-10-18T16:35:38+00:00,185,18.144000000000002,272.2,89,45.197944,5.730088
2025-10-18T16:35:39+00:00,185,17.496000000000002,271.8,90,45.197983,5.730115
2025-10-18T16:35:40+00:00,185,17.424,271.2,89,45.198021,5.730125
2025-10-18T16:35:41+00:00,185,17.712,270.8,88,45.198073,5.73015
2025-10-18T16:35:42+00:00,185,17.28,270.4,87,45.198106,5.730174
2025-10-18T16:35:43+00:00,185,17.064,270.2,87,45.198133,5.730206
2025-10-18T16:35:44+00:00,185,16.056,270.0,94,45.198142,5.730246
2025-10-18T16:35:45+00:00,185,14.472,269.6,99,45.198144,5.730281
2025-10-18T16:35:46+00:00,185,12.6,269.2,100,45.198111,5.730275
2025-10-18T16:35:47+00:00,185,12.456,268.6,97,45.198069,5.730257
2025-10-18T16:35:48+00:00,185,13.176,268.2,94,45.198021,5.730233
2025-10-18T16:35:49+00:00,185,15.048,267.8,92,45.197973,5.730218
2025-10-18T16:35:50+00:00,184,17.928,267.4,91,45.197916,5.730196
2025-10-18T16:35:51+00:00,184,19.8,266.8,91,45.197869,5.730189
2025-10-18T16:35:52+00:00,185,20.952,266.4,90,45.197816,5.730164
2025-10-18T16:35:53+00:00,185,20.88,266.0,90,45.197774,5.730155
2025-10-18T16:35:54+00:00,185,20.088,265.6,89,45.197732,5.730134
2025-10-18T16:35:55+00:00,185,18.215999999999998,265.2,91,45.197703,5.730128
2025-10-18T16:35:56+00:00,185,16.416,264.8,122,45.197681,5.730141
2025-10-18T16:35:57+00:00,185,13.895999999999999,264.2,112,45.197691,5.730173
2025-10-18T16:35:58+00:00,185,12.528,263.6,103,45.197705,5.730214
2025-10-18T16:35:59+00:00,185,12.024,263.2,96,45.197742,5.73023
2025-10-18T16:36:00+00:00,185,12.888,262.8,92,45.197791,5.730249
2025-10-18T16:36:01+00:00,185,14.328,262.4,92,45.197835,5.730265
2025-10-18T16:36:02+00:00,185,16.344,262.0,90,45.197882,5.730286
2025-10-18T16:36:03+00:00,185,17.496000000000002,261.6,90,45.197923,5.730306
2025-10-18T16:36:04+00:00,185,17.856,261.2,89,45.197963,5.730325
2025-10-18T16:36:05+00:00,185,17.928,261.0,88,45.198008,5.730344
2025-10-18T16:36:06+00:00,185,18.144000000000002,260.6,87,45.198045,5.730367
2025-10-18T16:36:07+00:00,185,17.424,260.2,87,45.198076,5.730396
2025-10-18T16:36:08+00:00,185,16.056,259.8,88,45.198077,5.730439
2025-10-18T16:36:09+00:00,185,14.616,259.4,97,45.198074,5.730473
2025-10-18T16:36:10+00:00,185,12.672,259.0,98,45.198045,5.730456
2025-10-18T16:36:11+00:00,185,12.096,258.4,94,45.198002,5.730439
2025-10-18T16:36:12+00:00,185,12.6,258.0,93,45.19796,5.730421
2025-10-18T16:36:13+00:00,185,14.328,257.2,91,45.197915,5.730407
2025-10-18T16:36:14+00:00,184,16.128000000000004,256.8,91,45.197875,5.730389
2025-10-18T16:36:15+00:00,184,18.36,256.2,92,45.197821,5.730377
2025-10-18T16:36:16+00:00,184,18.791999999999998,255.6,93,45.197782,5.730375
2025-10-18T16:36:17+00:00,184,18.648,255.2,93,45.197739,5.730354
2025-10-18T16:36:18+00:00,183,18.072,254.6,93,45.1977,5.730356
2025-10-18T16:36:19+00:00,184,18.0,254.2,92,45.197655,5.730337
2025-10-18T16:36:20+00:00,183,17.496000000000002,253.6,91,45.197615,5.730325
2025-10-18T16:36:21+00:00,183,16.632,253.2,91,45.197587,5.73033
2025-10-18T16:36:22+00:00,183,15.48,252.8,92,45.197568,5.730346
2025-10-18T16:36:23+00:00,183,13.68,252.4,92,45.197568,5.730367
2025-10-18T16:36:24+00:00,183,11.664000000000001,252.0,90,45.197584,5.730394
2025-10-18T16:36:25+00:00,183,10.224,251.6,89,45.197613,5.730417
2025-10-18T16:36:26+00:00,183,10.512,251.0,89,45.197653,5.730433
2025-10-18T16:36:27+00:00,183,11.304,250.6,89,45.197691,5.730465
2025-10-18T16:36:28+00:00,183,13.248000000000001,250.2,89,45.197728,5.730484
2025-10-18T16:36:29+00:00,183,15.552000000000001,249.6,89,45.197773,5.730517
2025-10-18T16:36:30+00:00,183,17.64,249.2,89,45.19782,5.730545
2025-10-18T16:36:31+00:00,184,18.36,248.8,89,45.197863,5.730568
2025-10-18T16:36:32+00:00,183,19.08,248.2,89,45.197904,5.730583
2025-10-18T16:36:33+00:00,183,19.728,247.8,89,45.197948,5.730607
2025-10-18T16:36:34+00:00,183,18.936,247.4,90,45.19797,5.730648
2025-10-18T16:36:35+00:00,183,17.064,247.0,101,45.197975,5.73069
2025-10-18T16:36:36+00:00,183,14.256,246.4,107,45.19796,5.730703
2025-10-18T16:36:37+00:00,183,12.168,246.0,104,45.197932,5.730699
2025-10-18T16:36:38+00:00,185,10.584,245.8,97,45.197894,5.730688
2025-10-18T16:36:39+00:00,184,10.656,245.2,93,45.197858,5.730671
2025-10-18T16:36:40+00:00,185,11.304,244.8,92,45.197823,5.730664
2025-10-18T16:36:41+00:00,184,13.392000000000001,244.4,92,45.197783,5.730649
2025-10-18T16:36:42+00:00,184,14.76,244.0,91,45.197746,5.730638
2025-10-18T16:36:43+00:00,184,15.624,243.4,91,45.197704,5.73061
2025-10-18T16:36:44+00:00,184,15.624,243.0,91,45.197668,5.730601
2025-10-18T16:36:45+00:00,183,16.272,242.4,90,45.197623,5.730583
2025-10-18T16:36:46+00:00,184,16.488,242.0,91,45.197584,5.730579
2025-10-18T16:36:47+00:00,184,16.056,241.6,91,45.197557,5.730589
2025-10-18T16:36:48+00:00,184,14.688,241.2,96,45.197548,5.730615
2025-10-18T16:36:49+00:00,184,13.032,240.6,97,45.197551,5.730638
2025-10-18T16:36:50+00:00,184,11.304,240.2,92,45.197564,5.730672
2025-10-18T16:36:51+00:00,184,9.936,239.8,90,45.19759,5.730694
2025-10-18T16:36:52+00:00,184,9.576,239.4,90,45.197616,5.730722
2025-10-18T16:36:53+00:00,184,10.152,239.0,89,45.197648,5.730742
2025-10-18T16:36:54+00:00,184,12.096,238.6,89,45.197687,5.730772
2025-10-18T16:36:55+00:00,183,13.536,238.2,89,45.197728,5.730795
2025-10-18T16:36:56+00:00,183,14.832,237.8,88,45.197764,5.730816
2025-10-18T16:36:57+00:00,183,16.128000000000004,237.2,88,45.197809,5.730841
2025-10-18T16:36:58+00:00,183,16.92,236.8,88,45.197847,5.73086
2025-10-18T16:36:59+00:00,183,17.208000000000002,236.2,88,45.197889,5.730889
2025-10-18T16:37:00+00:00,183,17.856,235.6,88,45.19793,5.730909
2025-10-18T16:37:01+00:00,183,18.072,235.2,88,45.197971,5.730931
2025-10-18T16:37:02+00:00,183,17.424,234.8,87,45.197998,5.730956
2025-10-18T16:37:03+00:00,182,16.848,234.4,90,45.198024,5.730983
2025-10-18T16:37:04+00:00,182,15.408000000000001,234.2,104,45.198031,5.731013
2025-10-18T16:37:05+00:00,184,12.816,233.8,93,45.198042,5.731039
2025-10-18T16:37:06+00:00,183,11.520000000000001,233.4,89,45.197996,5.731032
2025-10-18T16:37:07+00:00,183,11.448,233.2,88,45.197958,5.731009
2025-10-18T16:37:08+00:00,185,11.735999999999999,232.8,87,45.197923,5.730996
2025-10-18T16:37:09+00:00,185,13.032,232.2,87,45.197875,5.730981
2025-10-18T16:37:10+00:00,185,15.408000000000001,231.6,87,45.197833,5.730966
2025-10-18T16:37:11+00:00,183,16.992,231.0,88,45.197788,5.730947
2025-10-18T16:37:12+00:00,182,17.856,230.4,88,45.197743,5.730927
2025-10-18T16:37:13+00:00,183,17.928,230.0,87,45.197708,5.730909
2025-10-18T16:37:14+00:00,182,17.712,229.6,87,45.197666,5.730896
2025-10-18T16:37:15+00:00,182,17.064,229.2,87,45.197633,5.730899
2025-10-18T16:37:16+00:00,183,15.552000000000001,228.8,87,45.197613,5.730912
2025-10-18T16:37:17+00:00,183,13.824,228.4,106,45.197602,5.730944
2025-10-18T16:37:18+00:00,184,12.6,227.8,100,45.197615,5.730975
2025-10-18T16:37:19+00:00,183,11.592,227.4,94,45.197631,5.73102
2025-10-18T16:37:20+00:00,183,10.872,227.0,88,45.197654,5.731053
2025-10-18T16:37:21+00:00,182,11.735999999999999,226.6,88,45.197692,5.731086
2025-10-18T16:37:22+00:00,183,12.24,226.2,89,45.197716,5.731114
2025-10-18T16:37:23+00:00,183,12.528,225.8,91,45.197733,5.731144
2025-10-18T16:37:24+00:00,183,12.888,225.6,93,45.197757,5.731172
2025-10-18T16:37:25+00:00,181,13.968,225.0,94,45.197783,5.731205
2025-10-18T16:37:26+00:00,182,16.128000000000004,224.6,92,45.197859,5.731228
2025-10-18T16:37:27+00:00,183,17.64,224.0,88,45.197906,5.731248
2025-10-18T16:37:28+00:00,184,21.096,223.4,88,45.197972,5.731255
2025-10-18T16:37:29+00:00,184,23.256,222.8,87,45.198018,5.731267
2025-10-18T16:37:30+00:00,182,24.264000000000003,222.4,87,45.198056,5.731307
2025-10-18T16:37:31+00:00,182,22.824,222.0,87,45.198084,5.731335
2025-10-18T16:37:32+00:00,181,22.176000000000002,222.0,86,45.19811,5.731369
2025-10-18T16:37:33+00:00,182,19.728,222.2,86,45.198141,5.731389
2025-10-18T16:37:34+00:00,182,16.776,222.4,85,45.198159,5.731393
2025-10-18T16:37:35+00:00,182,13.536,222.6,84,45.198169,5.731394
2025-10-18T16:37:36+00:00,182,10.368,222.8,84,45.198182,5.731384
2025-10-18T16:37:37+00:00,183,7.488,223.2,83,45.198187,5.73137
2025-10-18T16:37:38+00:00,183,5.112,223.6,83,45.198199,5.731367
2025-10-18T16:37:39+00:00,182,3.24,224.0,71,45.198194,5.73139
2025-10-18T16:37:40+00:00,181,2.52,224.4,89,45.198191,5.731409
2025-10-18T16:37:41+00:00,182,1.8,225.0,93,45.198182,5.731417
2025-10-18T16:37:42+00:00,183,1.296,225.6,93,45.198168,5.731431
2025-10-18T16:37:43+00:00,183,0.5760000000000001,226.2,65,45.198157,5.731443
2025-10-18T16:37:44+00:00,183,0.648,226.8,62,45.198153,5.73145
2025-10-18T16:37:45+00:00,184,0.5760000000000001,227.4,69,45.198147,5.731438
2025-10-18T16:37:46+00:00,183,1.296,227.8,69,45.198146,5.73142
2025-10-18T16:37:47+00:00,185,1.872,228.2,69,45.198143,5.73141
2025-10-18T16:37:48+00:00,185,2.592,228.6,69,45.198148,5.731393
2025-10-18T16:37:49+00:00,185,3.456,229.0,69,45.19815,5.731372
2025-10-18T16:37:50+00:00,186,4.248,229.6,69,45.198157,5.731351
2025-10-18T16:37:51+00:00,187,4.896000000000001,230.0,74,45.198171,5.731333
2025-10-18T16:37:52+00:00,188,5.832000000000001,230.2,76,45.198182,5.73131
2025-10-18T16:37:53+00:00,187,6.048,230.4,76,45.19819,5.731288
2025-10-18T16:37:54+00:00,188,6.768,230.4,77,45.198195,5.731266
2025-10-18T16:37:55+00:00,189,7.128,230.4,78,45.198203,5.731239
2025-10-18T16:37:56+00:00,189,7.5600000000000005,230.6,79,45.198192,5.731211
2025-10-18T16:37:57+00:00,188,6.048,230.6,80,45.198195,5.731209
2025-10-18T16:37:58+00:00,189,6.408,231.0,76,45.198179,5.731187
2025-10-18T16:37:59+00:00,189,4.752000000000001,231.4,46,45.198178,5.731189
2025-10-18T16:38:00+00:00,190,3.24,231.6,41,45.198181,5.731206
2025-10-18T16:38:01+00:00,189,2.4480000000000004,232.0,49,45.198178,5.731227
2025-10-18T16:38:02+00:00,189,3.6,232.6,49,45.198173,5.731248
2025-10-18T16:38:03+00:00,189,2.952,233.0,52,45.198174,5.731258
2025-10-18T16:38:04+00:00,189,3.24,233.6,52,45.19817,5.731265
2025-10-18T16:38:05+00:00,189,3.24,234.2,52,45.198167,5.731265
2025-10-18T16:38:06+00:00,187,2.8080000000000003,234.6,51,45.198169,5.731247
2025-10-18T16:38:07+00:00,188,2.52,235.0,51,45.19817,5.731232
2025-10-18T16:38:08+00:00,188,2.16,235.4,50,45.198165,5.731228
2025-10-18T16:38:09+00:00,190,2.3760000000000003,235.8,49,45.198167,5.731218
2025-10-18T16:38:10+00:00,189,2.8080000000000003,236.2,49,45.198163,5.731211
2025-10-18T16:38:11+00:00,189,3.384,236.8,49,45.198171,5.731193
2025-10-18T16:38:12+00:00,190,3.6,237.4,49,45.198174,5.731184
2025-10-18T16:38:13+00:00,189,4.5360000000000005,238.0,51,45.198177,5.731166
2025-10-18T16:38:14+00:00,190,5.5440000000000005,238.4,74,45.198192,5.731151
2025-10-18T16:38:15+00:00,190,6.768,238.6,79,45.198203,5.731126
2025-10-18T16:38:16+00:00,191,7.344,238.8,79,45.198219,5.731104
2025-10-18T16:38:17+00:00,189,7.5600000000000005,238.8,80,45.198232,5.731082
2025-10-18T16:38:18+00:00,190,7.848000000000001,238.6,79,45.198242,5.731062
2025-10-18T16:38:19+00:00,190,7.632000000000001,238.8,79,45.198255,5.731041
2025-10-18T16:38:20+00:00,190,8.136,238.8,79,45.198225,5.731
2025-10-18T16:38:21+00:00,190,7.056,239.0,79,45.198221,5.730982
2025-10-18T16:38:22+00:00,189,5.760000000000001,239.0,79,45.19822,5.730979
2025-10-18T16:38:23+00:00,190,4.6080000000000005,239.2,80,45.198221,5.730961
2025-10-18T16:38:24+00:00,190,3.3120000000000003,239.6,55,45.19822,5.73097
2025-10-18T16:38:25+00:00,190,1.6560000000000001,240.0,46,45.198212,5.730981
2025-10-18T16:38:26+00:00,189,1.9440000000000002,240.4,44,45.198205,5.730995
2025-10-18T16:38:27+00:00,188,2.52,240.8,44,45.198203,5.731003
2025-10-18T16:38:28+00:00,189,2.664,241.4,40,45.198197,5.731013
2025-10-18T16:38:29+00:00,190,3.096,241.8,36,45.198196,5.731019
2025-10-18T16:38:30+00:00,190,2.592,242.4,26,45.198196,5.731021
2025-10-18T16:38:31+00:00,190,2.088,243.0,27,45.198202,5.731008
2025-10-18T16:38:32+00:00,189,1.728,243.4,27,45.198202,5.731006
2025-10-18T16:38:33+00:00,188,1.4400000000000002,243.8,26,45.198203,5.731001
2025-10-18T16:38:34+00:00,188,1.368,244.0,28,45.198206,5.73099
2025-10-18T16:38:35+00:00,188,1.872,244.4,31,45.198209,5.730984
2025-10-18T16:38:36+00:00,188,2.16,244.8,36,45.198215,5.730974
2025-10-18T16:38:37+00:00,189,2.232,245.4,35,45.198209,5.73097
2025-10-18T16:38:38+00:00,191,2.52,246.0,35,45.198211,5.730954
2025-10-18T16:38:39+00:00,190,3.384,246.4,35,45.1982,5.730932
2025-10-18T16:38:40+00:00,190,4.5360000000000005,246.8,49,45.198188,5.730903
2025-10-18T16:38:41+00:00,191,5.256,246.8,77,45.198184,5.730881
2025-10-18T16:38:42+00:00,191,6.264,246.8,78,45.198176,5.730859
2025-10-18T16:38:43+00:00,191,6.192,246.6,78,45.198181,5.730856
2025-10-18T16:38:44+00:00,191,5.112,246.6,78,45.198188,5.73085
2025-10-18T16:38:45+00:00,189,3.456,246.6,73,45.198187,5.730852
2025-10-18T16:38:46+00:00,190,2.0160000000000005,246.8,73,45.198192,5.730858
2025-10-18T16:38:47+00:00,190,1.368,247.0,67,45.198197,5.730876
2025-10-18T16:38:48+00:00,191,1.512,247.6,58,45.198203,5.730894
2025-10-18T16:38:49+00:00,190,2.3040000000000003,248.4,54,45.198215,5.730901
2025-10-18T16:38:50+00:00,190,3.8160000000000003,249.0,54,45.198227,5.73092
2025-10-18T16:38:51+00:00,190,4.968,249.6,53,45.198238,5.730934
2025-10-18T16:38:52+00:00,190,4.752000000000001,250.2,53,45.198244,5.730936
2025-10-18T16:38:53+00:00,189,4.464,250.6,45,45.19825,5.730937
2025-10-18T16:38:54+00:00,189,3.528,251.0,45,45.198251,5.730931
2025-10-18T16:38:55+00:00,190,2.16,251.4,42,45.198252,5.730918
2025-10-18T16:38:56+00:00,190,1.6560000000000001,251.6,68,45.198255,5.730899
2025-10-18T16:38:57+00:00,189,1.6560000000000001,251.8,56,45.198254,5.730894
2025-10-18T16:38:58+00:00,191,1.512,252.2,51,45.198253,5.730888
2025-10-18T16:38:59+00:00,191,1.872,252.4,53,45.198254,5.730882
2025-10-18T16:39:00+00:00,190,2.3760000000000003,252.8,56,45.198256,5.730872
2025-10-18T16:39:01+00:00,191,2.0160000000000005,253.2,63,45.198256,5.73087
2025-10-18T16:39:02+00:00,191,1.872,253.6,59,45.198261,5.730865
2025-10-18T16:39:03+00:00,193,2.232,254.0,57,45.198268,5.730853
2025-10-18T16:39:04+00:00,192,2.232,254.4,57,45.198268,5.730848
2025-10-18T16:39:05+00:00,192,2.088,254.8,53,45.198269,5.730829
2025-10-18T16:39:06+00:00,192,2.592,255.4,32,45.198272,5.730812
2025-10-18T16:39:07+00:00,192,3.168,255.8,27,45.198268,5.730795
2025-10-18T16:39:08+00:00,192,3.8160000000000003,256.4,25,45.198263,5.730775
2025-10-18T16:39:09+00:00,192,3.8880000000000003,256.8,37,45.198261,5.730767
2025-10-18T16:39:10+00:00,192,4.032000000000001,257.2,47,45.198261,5.730759
2025-10-18T16:39:11+00:00,193,4.104,257.8,49,45.198265,5.730741
2025-10-18T16:39:12+00:00,193,3.9600000000000004,258.2,49,45.198266,5.730729
2025-10-18T16:39:13+00:00,193,3.8880000000000003,258.6,46,45.198269,5.730707
2025-10-18T16:39:14+00:00,193,4.6080000000000005,259.0,47,45.198272,5.730689
2025-10-18T16:39:15+00:00,193,4.752000000000001,259.4,46,45.198274,5.730674
2025-10-18T16:39:16+00:00,193,4.752000000000001,260.0,46,45.198277,5.730659
2025-10-18T16:39:17+00:00,193,4.680000000000001,260.4,46,45.198277,5.730647
2025-10-18T16:39:18+00:00,193,4.248,260.8,46,45.198283,5.730632
2025-10-18T16:39:19+00:00,193,3.9600000000000004,261.2,45,45.198286,5.730621
2025-10-18T16:39:20+00:00,192,4.104,261.8,43,45.198293,5.730604
2025-10-18T16:39:21+00:00,192,4.032000000000001,262.0,28,45.1983,5.730594
2025-10-18T16:39:22+00:00,195,4.104,262.6,28,45.198303,5.730581
2025-10-18T16:39:23+00:00,192,4.032000000000001,263.0,23,45.198309,5.730564
2025-10-18T16:39:24+00:00,193,4.032000000000001,263.4,27,45.198315,5.730541
2025-10-18T16:39:25+00:00,193,3.9600000000000004,263.8,35,45.198316,5.73053
2025-10-18T16:39:26+00:00,193,4.104,264.2,47,45.198302,5.730518
2025-10-18T16:39:27+00:00,194,5.4,264.8,85,45.198285,5.730482
2025-10-18T16:39:28+00:00,195,6.6240000000000006,265.2,86,45.198273,5.730452
2025-10-18T16:39:29+00:00,194,8.352,265.4,86,45.19825,5.730421
2025-10-18T16:39:30+00:00,195,10.008,265.6,83,45.19823,5.730387
2025-10-18T16:39:31+00:00,194,11.520000000000001,265.8,83,45.198211,5.730363
2025-10-18T16:39:32+00:00,196,12.096,265.8,83,45.198188,5.730327
2025-10-18T16:39:33+00:00,194,12.312,266.0,83,45.198173,5.730299
2025-10-18T16:39:34+00:00,194,11.879999999999999,266.2,83,45.198159,5.730269
2025-10-18T16:39:35+00:00,194,11.592,266.4,83,45.198143,5.730233
2025-10-18T16:39:36+00:00,194,10.728,266.6,83,45.198133,5.730216
2025-10-18T16:39:37+00:00,194,9.864,266.8,84,45.198116,5.730194
2025-10-18T16:39:38+00:00,195,9.72,267.2,83,45.198094,5.730171
2025-10-18T16:39:39+00:00,194,9.288,267.4,83,45.198074,5.730161
2025-10-18T16:39:40+00:00,196,8.928,267.6,83,45.198051,5.730149
2025-10-18T16:39:41+00:00,195,9.216000000000001,267.8,82,45.198028,5.730138
2025-10-18T16:39:42+00:00,195,9.648000000000001,268.0,82,45.198003,5.730132
2025-10-18T16:39:43+00:00,195,9.576,268.2,82,45.197981,5.730109
2025-10-18T16:39:44+00:00,194,9.432,268.4,82,45.197967,5.730096
2025-10-18T16:39:45+00:00,194,9.576,268.6,82,45.197943,5.730079
2025-10-18T16:39:46+00:00,194,9.432,268.8,82,45.197925,5.730065
2025-10-18T16:39:47+00:00,194,8.856,269.0,82,45.197909,5.730053
2025-10-18T16:39:48+00:00,195,9.0,269.2,82,45.197882,5.730033
2025-10-18T16:39:49+00:00,194,9.288,269.6,82,45.197862,5.730018
2025-10-18T16:39:50+00:00,194,9.216000000000001,269.8,82,45.197843,5.730007
2025-10-18T16:39:51+00:00,194,9.504000000000001,270.0,82,45.19782,5.729986
2025-10-18T16:39:52+00:00,194,9.648000000000001,270.2,82,45.197805,5.72997
2025-10-18T16:39:53+00:00,192,9.360000000000001,270.4,82,45.197789,5.729948
2025-10-18T16:39:54+00:00,192,9.504000000000001,270.8,82,45.197768,5.729922
2025-10-18T16:39:55+00:00,192,9.144,271.0,82,45.197755,5.729907
2025-10-18T16:39:56+00:00,191,9.072000000000001,271.4,82,45.197735,5.729882
2025-10-18T16:39:57+00:00,191,9.072000000000001,271.6,82,45.197717,5.729863
2025-10-18T16:39:58+00:00,191,8.856,271.8,82,45.197703,5.729846
2025-10-18T16:39:59+00:00,194,8.784,272.2,82,45.197684,5.72982
2025-10-18T16:40:00+00:00,191,9.144,272.4,82,45.197665,5.729796
2025-10-18T16:40:01+00:00,191,9.144,272.4,82,45.19765,5.729776
2025-10-18T16:40:02+00:00,191,9.288,272.6,82,45.197635,5.72975
2025-10-18T16:40:03+00:00,192,9.504000000000001,273.0,82,45.197619,5.729726
2025-10-18T16:40:04+00:00,191,9.72,273.2,82,45.1976,5.729698
2025-10-18T16:40:05+00:00,191,9.576,273.6,82,45.197588,5.729673
2025-10-18T16:40:06+00:00,191,9.144,273.8,82,45.197575,5.729657
2025-10-18T16:40:07+00:00,191,9.144,274.2,82,45.197556,5.729632
2025-10-18T16:40:08+00:00,192,9.216000000000001,274.4,82,45.197539,5.729612
2025-10-18T16:40:09+00:00,190,8.712,274.8,82,45.197525,5.729591
2025-10-18T16:40:10+00:00,194,8.856,275.0,82,45.197511,5.729558
2025-10-18T16:40:11+00:00,192,9.0,275.4,82,45.197501,5.729532
2025-10-18T16:40:12+00:00,192,9.0,275.6,82,45.197485,5.729506
2025-10-18T16:40:13+00:00,192,9.216000000000001,276.0,82,45.197468,5.729475
2025-10-18T16:40:14+00:00,192,9.072000000000001,276.2,82,45.197458,5.729457
2025-10-18T16:40:15+00:00,191,9.144,276.4,82,45.197441,5.729429
2025-10-18T16:40:16+00:00,191,9.360000000000001,276.8,82,45.197424,5.729404
2025-10-18T16:40:17+00:00,191,9.504000000000001,277.0,81,45.197407,5.729379
2025-10-18T16:40:18+00:00,192,9.072000000000001,277.4,82,45.197396,5.729354
2025-10-18T16:40:19+00:00,193,9.288,277.6,82,45.19738,5.729331
2025-10-18T16:40:20+00:00,192,9.0,277.8,83,45.197366,5.729311
2025-10-18T16:40:21+00:00,192,8.64,278.0,82,45.197351,5.729289
2025-10-18T16:40:22+00:00,191,8.28,278.4,82,45.197337,5.729273
2025-10-18T16:40:23+00:00,194,8.856,278.6,82,45.197316,5.729246
2025-10-18T16:40:24+00:00,192,9.0,278.8,82,45.197304,5.729218
2025-10-18T16:40:25+00:00,192,9.216000000000001,279.2,82,45.197288,5.729194
2025-10-18T16:40:26+00:00,191,9.792000000000002,279.4,82,45.197271,5.729166
2025-10-18T16:40:27+00:00,191,10.08,279.6,81,45.197258,5.729137
2025-10-18T16:40:28+00:00,191,9.648000000000001,279.8,82,45.197247,5.729111
2025-10-18T16:40:29+00:00,191,10.008,280.2,82,45.197229,5.729075
2025-10-18T16:40:30+00:00,191,9.864,280.4,82,45.197214,5.729052
2025-10-18T16:40:31+00:00,191,9.864,280.6,82,45.197194,5.729032
2025-10-18T16:40:32+00:00,191,9.936,281.0,82,45.197175,5.729001
2025-10-18T16:40:33+00:00,190,10.08,281.2,82,45.197162,5.728976
2025-10-18T16:40:34+00:00,190,9.864,281.4,82,45.197148,5.728946
2025-10-18T16:40:35+00:00,191,10.008,281.6,82,45.197138,5.728916
2025-10-18T16:40:36+00:00,191,9.504000000000001,282.0,82,45.197126,5.728894
2025-10-18T16:40:37+00:00,191,9.360000000000001,282.2,82,45.19711,5.728865
2025-10-18T16:40:38+00:00,191,9.216000000000001,282.4,82,45.197097,5.728843
2025-10-18T16:40:39+00:00,191,9.144,282.6,82,45.197077,5.72882
2025-10-18T16:40:40+00:00,191,9.360000000000001,283.0,82,45.197052,5.728795
2025-10-18T16:40:41+00:00,193,9.432,283.2,82,45.197038,5.728782
2025-10-18T16:40:42+00:00,190,9.648000000000001,283.4,82,45.197016,5.728758
2025-10-18T16:40:43+00:00,192,10.008,283.6,82,45.196998,5.728724
2025-10-18T16:40:44+00:00,190,10.152,284.0,82,45.196986,5.7287
2025-10-18T16:40:45+00:00,191,10.008,284.2,83,45.196973,5.728662
2025-10-18T16:40:46+00:00,192,10.296,284.4,83,45.196963,5.728633
2025-10-18T16:40:47+00:00,190,10.008,284.8,83,45.19695,5.728605
2025-10-18T16:40:48+00:00,190,9.792000000000002,285.0,83,45.196937,5.728567
2025-10-18T16:40:49+00:00,191,9.288,285.4,83,45.196928,5.728542
2025-10-18T16:40:50+00:00,191,8.784,285.6,82,45.196938,5.728506
2025-10-18T16:40:51+00:00,191,7.2,285.8,82,45.196946,5.728507
2025-10-18T16:40:52+00:00,191,6.264,286.2,81,45.196961,5.728518
2025-10-18T16:40:53+00:00,190,5.832000000000001,286.4,81,45.196978,5.728537
2025-10-18T16:40:54+00:00,191,5.760000000000001,286.8,82,45.196993,5.728552
2025-10-18T16:40:55+00:00,191,6.12,287.0,82,45.197014,5.728569
2025-10-18T16:40:56+00:00,191,7.992000000000001,287.4,83,45.197037,5.728599
2025-10-18T16:40:57+00:00,193,9.144,287.6,84,45.197055,5.728617
2025-10-18T16:40:58+00:00,193,9.648000000000001,288.0,84,45.197077,5.728638
2025-10-18T16:40:59+00:00,193,10.08,288.2,84,45.197094,5.728657
2025-10-18T16:41:00+00:00,192,10.008,288.4,83,45.197114,5.728674
2025-10-18T16:41:01+00:00,190,9.792000000000002,288.8,82,45.197134,5.728698
2025-10-18T16:41:02+00:00,190,9.648000000000001,289.0,82,45.197155,5.728711
2025-10-18T16:41:03+00:00,190,9.792000000000002,289.2,82,45.197179,5.728726
2025-10-18T16:41:04+00:00,190,9.576,289.6,82,45.197197,5.728744
2025-10-18T16:41:05+00:00,192,9.864,289.8,82,45.197222,5.728752
2025-10-18T16:41:06+00:00,190,10.08,290.2,83,45.197248,5.728769
2025-10-18T16:41:07+00:00,190,10.368,290.4,83,45.197272,5.728783
2025-10-18T16:41:08+00:00,190,10.728,290.8,83,45.197303,5.728796
2025-10-18T16:41:09+00:00,190,11.232000000000001,291.2,83,45.197325,5.728814
2025-10-18T16:41:10+00:00,190,10.944,291.4,83,45.197346,5.72882
2025-10-18T16:41:11+00:00,189,10.656,291.6,83,45.197371,5.728832
2025-10-18T16:41:12+00:00,190,10.368,292.0,83,45.197394,5.728839
2025-10-18T16:41:13+00:00,190,9.72,292.2,84,45.197417,5.728844
2025-10-18T16:41:14+00:00,189,9.576,292.6,84,45.19744,5.72886
2025-10-18T16:41:15+00:00,190,9.432,292.8,84,45.197462,5.728863
2025-10-18T16:41:16+00:00,190,9.360000000000001,293.0,83,45.197481,5.728878
2025-10-18T16:41:17+00:00,189,9.288,293.4,83,45.197501,5.728894
2025-10-18T16:41:18+00:00,189,9.288,293.6,83,45.197522,5.728907
2025-10-18T16:41:19+00:00,189,9.216000000000001,293.8,83,45.197545,5.728925
2025-10-18T16:41:20+00:00,190,9.288,294.2,83,45.197563,5.728937
2025-10-18T16:41:21+00:00,190,9.360000000000001,294.4,83,45.197582,5.728955
2025-10-18T16:41:22+00:00,190,9.648000000000001,294.8,83,45.197607,5.728973
2025-10-18T16:41:23+00:00,190,9.72,295.2,83,45.197626,5.728984
2025-10-18T16:41:24+00:00,190,9.864,295.6,82,45.197647,5.729004
2025-10-18T16:41:25+00:00,192,9.936,295.8,82,45.197666,5.729021
2025-10-18T16:41:26+00:00,190,9.792000000000002,296.2,82,45.197688,5.729037
2025-10-18T16:41:27+00:00,192,9.576,296.6,82,45.197708,5.729057
2025-10-18T16:41:28+00:00,189,9.576,297.0,83,45.197727,5.729073
2025-10-18T16:41:29+00:00,190,9.216000000000001,297.2,83,45.197747,5.729088
2025-10-18T16:41:30+00:00,190,9.432,297.6,83,45.197773,5.729098
2025-10-18T16:41:31+00:00,190,9.432,297.8,83,45.197793,5.729109
2025-10-18T16:41:32+00:00,190,9.576,298.2,82,45.197815,5.729126
2025-10-18T16:41:33+00:00,190,9.72,298.4,82,45.197839,5.729133
2025-10-18T16:41:34+00:00,190,9.792000000000002,298.6,82,45.197858,5.729134
2025-10-18T16:41:35+00:00,191,9.792000000000002,299.0,82,45.197885,5.729153
2025-10-18T16:41:36+00:00,189,9.792000000000002,299.2,82,45.197903,5.729165
2025-10-18T16:41:37+00:00,190,9.576,299.6,82,45.197919,5.729183
2025-10-18T16:41:38+00:00,190,9.216000000000001,299.8,82,45.197941,5.729204
2025-10-18T16:41:39+00:00,191,9.072000000000001,300.2,82,45.197964,5.729218
2025-10-18T16:41:40+00:00,189,8.856,300.6,82,45.19799,5.72923
2025-10-18T16:41:41+00:00,190,8.928,300.8,82,45.198013,5.729238
2025-10-18T16:41:42+00:00,191,7.920000000000001,301.2,82,45.198019,5.729237
2025-10-18T16:41:43+00:00,190,7.128,301.4,81,45.198013,5.729211
2025-10-18T16:41:44+00:00,190,6.696000000000001,301.8,81,45.197998,5.729196
2025-10-18T16:41:45+00:00,190,6.5520000000000005,302.2,81,45.197981,5.729183
2025-10-18T16:41:46+00:00,191,6.6240000000000006,302.4,81,45.197961,5.729158
2025-10-18T16:41:47+00:00,190,7.5600000000000005,302.8,82,45.197945,5.729141
2025-10-18T16:41:48+00:00,190,8.496,303.0,82,45.197926,5.729121
2025-10-18T16:41:49+00:00,190,8.928,303.4,82,45.19791,5.729096
2025-10-18T16:41:50+00:00,190,8.928,303.6,83,45.197895,5.729079
2025-10-18T16:41:51+00:00,190,8.712,303.8,83,45.197878,5.72906
2025-10-18T16:41:52+00:00,190,8.856,304.0,83,45.197859,5.729037
2025-10-18T16:41:53+00:00,191,8.784,304.2,83,45.197842,5.729019
2025-10-18T16:41:54+00:00,191,9.0,304.4,83,45.197823,5.72899
2025-10-18T16:41:55+00:00,190,9.072000000000001,304.8,83,45.197807,5.728981
2025-10-18T16:41:56+00:00,190,9.144,305.0,83,45.197792,5.728956
2025-10-18T16:41:57+00:00,191,9.288,305.2,82,45.197774,5.728929
2025-10-18T16:41:58+00:00,191,9.216000000000001,305.6,82,45.197759,5.728911
2025-10-18T16:41:59+00:00,190,9.360000000000001,305.8,82,45.197739,5.728887
2025-10-18T16:42:00+00:00,191,9.288,306.0,82,45.197724,5.728869
2025-10-18T16:42:01+00:00,190,9.0,306.4,83,45.197709,5.72885
2025-10-18T16:42:02+00:00,191,8.928,306.6,83,45.197689,5.728823
2025-10-18T16:42:03+00:00,191,9.072000000000001,306.8,83,45.197674,5.728799
2025-10-18T16:42:04+00:00,191,8.712,307.0,83,45.197661,5.728775
2025-10-18T16:42:05+00:00,191,9.072000000000001,307.2,82,45.19765,5.728742
2025-10-18T16:42:06+00:00,190,9.432,307.4,82,45.197634,5.728719
2025-10-18T16:42:07+00:00,191,9.504000000000001,307.6,83,45.197618,5.728689
2025-10-18T16:42:08+00:00,191,9.216000000000001,308.0,83,45.197604,5.72867
2025-10-18T16:42:09+00:00,191,9.360000000000001,308.2,82,45.197586,5.72865
2025-10-18T16:42:10+00:00,190,9.288,308.4,82,45.197568,5.728625
2025-10-18T16:42:11+00:00,189,8.928,308.6,82,45.197558,5.728606
2025-10-18T16:42:12+00:00,191,8.712,308.8,82,45.197537,5.728588
2025-10-18T16:42:13+00:00,190,9.144,309.0,82,45.197514,5.728565
2025-10-18T16:42:14+00:00,190,9.072000000000001,309.4,82,45.197496,5.728554
2025-10-18T16:42:15+00:00,189,9.0,309.6,82,45.197474,5.728535
2025-10-18T16:42:16+00:00,189,9.432,309.8,82,45.197458,5.728507
2025-10-18T16:42:17+00:00,190,9.216000000000001,310.0,82,45.197446,5.728487
2025-10-18T16:42:18+00:00,190,9.216000000000001,310.2,81,45.197435,5.728446
2025-10-18T16:42:19+00:00,190,9.144,310.6,81,45.197432,5.728412
2025-10-18T16:42:20+00:00,189,7.776000000000001,310.8,81,45.197445,5.728404
2025-10-18T16:42:21+00:00,189,7.056,311.0,81,45.197465,5.728414
2025-10-18T16:42:22+00:00,190,6.84,311.2,81,45.197483,5.728424
2025-10-18T16:42:23+00:00,190,7.128,311.4,81,45.197512,5.728435
2025-10-18T16:42:24+00:00,189,7.632000000000001,311.6,81,45.197537,5.728458
2025-10-18T16:42:25+00:00,190,9.216000000000001,311.8,82,45.19756,5.72847
2025-10-18T16:42:26+00:00,190,10.008,312.2,83,45.197579,5.728484
2025-10-18T16:42:27+00:00,189,10.512,312.6,82,45.1976,5.728501
2025-10-18T16:42:28+00:00,190,10.008,312.8,82,45.197618,5.72852
2025-10-18T16:42:29+00:00,189,9.936,313.0,82,45.197641,5.728542
2025-10-18T16:42:30+00:00,191,9.864,313.2,82,45.197664,5.728558
2025-10-18T16:42:31+00:00,189,9.648000000000001,313.6,83,45.197681,5.728568
2025-10-18T16:42:32+00:00,189,9.432,313.8,83,45.197705,5.728582
2025-10-18T16:42:33+00:00,190,9.72,314.0,83,45.197726,5.728594
2025-10-18T16:42:34+00:00,189,9.504000000000001,314.4,83,45.197749,5.728609
2025-10-18T16:42:35+00:00,190,9.360000000000001,314.6,83,45.197769,5.728622
2025-10-18T16:42:36+00:00,190,9.216000000000001,315.0,83,45.197786,5.728633
2025-10-18T16:42:37+00:00,189,9.648000000000001,315.2,83,45.197814,5.728646
2025-10-18T16:42:38+00:00,189,9.360000000000001,315.4,83,45.197835,5.728654
2025-10-18T16:42:39+00:00,189,9.288,315.6,82,45.197855,5.728668
2025-10-18T16:42:40+00:00,189,9.576,315.8,82,45.197882,5.728684
2025-10-18T16:42:41+00:00,189,9.72,316.0,83,45.197898,5.728695
2025-10-18T16:42:42+00:00,189,9.864,316.2,82,45.197927,5.728712
2025-10-18T16:42:43+00:00,189,9.864,316.6,83,45.197947,5.728718
2025-10-18T16:42:44+00:00,190,10.224,316.8,83,45.197973,5.72873
2025-10-18T16:42:45+00:00,190,10.224,317.0,83,45.197997,5.728751
2025-10-18T16:42:46+00:00,191,10.296,317.2,83,45.198015,5.728759
2025-10-18T16:42:47+00:00,190,10.152,317.6,83,45.19804,5.728775
2025-10-18T16:42:48+00:00,190,10.224,317.8,83,45.198061,5.72879
2025-10-18T16:42:49+00:00,190,9.864,318.2,83,45.198082,5.728806
2025-10-18T16:42:50+00:00,190,9.72,318.4,83,45.198109,5.728826
2025-10-18T16:42:51+00:00,191,9.72,318.6,82,45.19813,5.728834
2025-10-18T16:42:52+00:00,191,8.28,319.0,82,45.198136,5.728829
2025-10-18T16:42:53+00:00,191,7.992000000000001,319.2,81,45.198119,5.728793
2025-10-18T16:42:54+00:00,191,7.920000000000001,319.6,80,45.198098,5.728777
2025-10-18T16:42:55+00:00,191,7.416,319.8,81,45.198083,5.728762
2025-10-18T16:42:56+00:00,191,7.488,320.2,81,45.198063,5.728741
2025-10-18T16:42:57+00:00,191,8.64,320.4,81,45.198045,5.728728
2025-10-18T16:42:58+00:00,192,8.784,320.8,81,45.198026,5.728716
2025-10-18T16:42:59+00:00,191,8.784,321.0,81,45.198008,5.72869
2025-10-18T16:43:00+00:00,191,8.928,321.4,82,45.197993,5.728673
2025-10-18T16:43:01+00:00,192,8.496,321.6,82,45.197976,5.728655
2025-10-18T16:43:02+00:00,191,8.568,321.8,82,45.197961,5.728629
2025-10-18T16:43:03+00:00,192,8.64,322.2,82,45.197945,5.728613
2025-10-18T16:43:04+00:00,191,8.352,322.4,82,45.197935,5.728592
2025-10-18T16:43:05+00:00,193,8.136,322.6,82,45.197927,5.728567
2025-10-18T16:43:06+00:00,191,8.496,322.8,82,45.197902,5.728552
2025-10-18T16:43:07+00:00,192,8.568,323.2,82,45.197882,5.728531
2025-10-18T16:43:08+00:00,191,8.424,323.4,82,45.197868,5.728511
2025-10-18T16:43:09+00:00,191,9.144,323.6,82,45.197847,5.728486
2025-10-18T16:43:10+00:00,191,9.576,323.8,82,45.197831,5.728463
2025-10-18T16:43:11+00:00,190,9.648000000000001,324.2,82,45.197815,5.728445
2025-10-18T16:43:12+00:00,191,9.648000000000001,324.4,83,45.197793,5.728423
2025-10-18T16:43:13+00:00,190,9.648000000000001,324.6,83,45.197779,5.728404
2025-10-18T16:43:14+00:00,190,9.216000000000001,324.8,83,45.19776,5.728382
2025-10-18T16:43:15+00:00,190,9.432,325.0,83,45.197744,5.728352
2025-10-18T16:43:16+00:00,190,9.576,325.4,83,45.197724,5.728334
2025-10-18T16:43:17+00:00,191,9.72,325.6,83,45.197704,5.728307
2025-10-18T16:43:18+00:00,190,9.936,325.8,83,45.19769,5.728282
2025-10-18T16:43:19+00:00,190,10.08,326.0,83,45.197672,5.728263
2025-10-18T16:43:20+00:00,190,10.08,326.2,82,45.197652,5.728234
2025-10-18T16:43:21+00:00,191,9.864,326.4,82,45.197632,5.728217
2025-10-18T16:43:22+00:00,192,9.648000000000001,326.6,82,45.197611,5.7282
2025-10-18T16:43:23+00:00,190,9.648000000000001,326.8,82,45.19759,5.728176
2025-10-18T16:43:24+00:00,190,9.360000000000001,327.0,82,45.197575,5.728159
2025-10-18T16:43:25+00:00,190,8.928,327.2,82,45.197557,5.728132
2025-10-18T16:43:26+00:00,190,8.856,327.4,82,45.197562,5.728088
2025-10-18T16:43:27+00:00,191,8.496,327.6,81,45.197573,5.72806
2025-10-18T16:43:28+00:00,191,7.776000000000001,327.8,81,45.19759,5.728066
2025-10-18T16:43:29+00:00,190,7.632000000000001,327.8,81,45.197613,5.728073
2025-10-18T16:43:30+00:00,190,7.488,328.0,82,45.197626,5.728085
2025-10-18T16:43:31+00:00,192,7.128,328.2,82,45.197647,5.728095
2025-10-18T16:43:32+00:00,190,7.488,328.4,82,45.197667,5.72811
2025-10-18T16:43:33+00:00,190,7.920000000000001,328.8,82,45.197684,5.72812
2025-10-18T16:43:34+00:00,189,7.848000000000001,329.0,82,45.1977,5.728138
2025-10-18T16:43:35+00:00,191,7.848000000000001,329.4,82,45.197716,5.728154
2025-10-18T16:43:36+00:00,190,8.136,329.6,81,45.197736,5.728167
2025-10-18T16:43:37+00:00,190,8.208,329.8,81,45.197759,5.728177
2025-10-18T16:43:38+00:00,190,8.28,330.0,81,45.197776,5.728187
2025-10-18T16:43:39+00:00,189,8.784,330.4,82,45.197798,5.728202
2025-10-18T16:43:40+00:00,191,9.216000000000001,330.6,82,45.197818,5.728212
2025-10-18T16:43:41+00:00,190,9.504000000000001,330.8,82,45.19784,5.728227
2025-10-18T16:43:42+00:00,191,9.576,331.0,82,45.197861,5.728244
2025-10-18T16:43:43+00:00,190,9.576,331.4,82,45.197879,5.728254
2025-10-18T16:43:44+00:00,191,9.504000000000001,331.6,83,45.197901,5.728267
2025-10-18T16:43:45+00:00,190,9.288,331.8,83,45.19792,5.72828
2025-10-18T16:43:46+00:00,189,8.64,332.0,83,45.197935,5.728289
2025-10-18T16:43:47+00:00,190,8.208,332.2,83,45.197954,5.728307
2025-10-18T16:43:48+00:00,189,8.064000000000002,332.4,82,45.197968,5.72832
2025-10-18T16:43:49+00:00,189,7.776000000000001,332.6,83,45.197985,5.728333
2025-10-18T16:43:50+00:00,190,7.5600000000000005,332.8,83,45.198002,5.728348
2025-10-18T16:43:51+00:00,189,7.704000000000001,333.0,82,45.198016,5.728361
2025-10-18T16:43:52+00:00,189,7.704000000000001,333.2,82,45.198038,5.728375
2025-10-18T16:43:53+00:00,189,8.208,333.6,82,45.198064,5.728389
2025-10-18T16:43:54+00:00,190,8.64,333.8,82,45.198088,5.728397
2025-10-18T16:43:55+00:00,190,9.432,334.2,83,45.198113,5.728414
2025-10-18T16:43:56+00:00,189,9.792000000000002,334.4,83,45.19813,5.728428
2025-10-18T16:43:57+00:00,191,10.08,334.6,83,45.198153,5.728442
2025-10-18T16:43:58+00:00,191,9.792000000000002,334.8,83,45.198174,5.72846
2025-10-18T16:43:59+00:00,192,9.432,335.0,83,45.19819,5.728471
2025-10-18T16:44:00+00:00,191,9.216000000000001,335.2,83,45.19822,5.728488
2025-10-18T16:44:01+00:00,191,9.0,335.6,83,45.198242,5.728493
2025-10-18T16:44:02+00:00,190,8.784,335.8,82,45.198261,5.728484
2025-10-18T16:44:03+00:00,190,7.992000000000001,336.0,82,45.198265,5.72847
2025-10-18T16:44:04+00:00,189,7.632000000000001,336.2,82,45.198256,5.728441
2025-10-18T16:44:05+00:00,190,7.344,336.6,82,45.198238,5.728426
2025-10-18T16:44:06+00:00,190,7.632000000000001,336.8,82,45.198216,5.728403
2025-10-18T16:44:07+00:00,189,7.920000000000001,337.0,82,45.198195,5.72839
2025-10-18T16:44:08+00:00,189,8.856,337.2,83,45.198174,5.728371
2025-10-18T16:44:09+00:00,190,9.576,337.2,83,45.198152,5.728355
2025-10-18T16:44:10+00:00,190,10.008,337.4,84,45.198128,5.728338
2025-10-18T16:44:11+00:00,189,10.512,337.4,84,45.1981,5.728312
2025-10-18T16:44:12+00:00,189,10.656,337.4,83,45.198081,5.728296
2025-10-18T16:44:13+00:00,189,11.016,337.6,83,45.198056,5.728278
2025-10-18T16:44:14+00:00,189,11.16,337.6,82,45.198031,5.728259
2025-10-18T16:44:15+00:00,189,10.656,337.8,82,45.198012,5.72825
2025-10-18T16:44:16+00:00,189,10.152,337.8,82,45.19799,5.728226
2025-10-18T16:44:17+00:00,189,10.008,338.0,82,45.197973,5.728199
2025-10-18T16:44:18+00:00,189,9.576,338.0,82,45.197952,5.72818
2025-10-18T16:44:19+00:00,188,9.360000000000001,338.2,83,45.197944,5.728137
2025-10-18T16:44:20+00:00,188,8.352,338.2,84,45.197951,5.728126
2025-10-18T16:44:21+00:00,188,7.632000000000001,338.4,83,45.19797,5.728142
2025-10-18T16:44:22+00:00,189,7.272,338.6,83,45.197989,5.728152
2025-10-18T16:44:23+00:00,189,6.984,338.8,83,45.198004,5.728167
2025-10-18T16:44:24+00:00,189,6.696000000000001,339.0,83,45.198026,5.728183
2025-10-18T16:44:25+00:00,189,7.776000000000001,339.2,83,45.198043,5.728197
2025-10-18T16:44:26+00:00,188,8.568,339.4,84,45.198066,5.728219
2025-10-18T16:44:27+00:00,188,8.928,339.6,84,45.198089,5.728232
2025-10-18T16:44:28+00:00,189,9.288,340.0,84,45.198111,5.728242
2025-10-18T16:44:29+00:00,189,9.936,340.2,84,45.198138,5.72826
2025-10-18T16:44:30+00:00,189,9.936,340.4,84,45.198155,5.728269
2025-10-18T16:44:31+00:00,188,9.936,340.8,83,45.198177,5.728288
2025-10-18T16:44:32+00:00,188,10.08,341.0,83,45.198202,5.728306
2025-10-18T16:44:33+00:00,190,10.152,341.2,83,45.198222,5.728315
2025-10-18T16:44:34+00:00,188,9.792000000000002,341.6,82,45.198243,5.728329
2025-10-18T16:44:35+00:00,189,10.008,341.8,82,45.198265,5.728345
2025-10-18T16:44:36+00:00,188,9.72,342.0,82,45.198285,5.728353
2025-10-18T16:44:37+00:00,188,9.648000000000001,342.2,82,45.198308,5.728374
2025-10-18T16:44:38+00:00,189,9.504000000000001,342.6,83,45.198329,5.728385
2025-10-18T16:44:39+00:00,189,9.216000000000001,342.8,83,45.198355,5.728384
2025-10-18T16:44:40+00:00,190,9.144,343.0,83,45.198381,5.728375
2025-10-18T16:44:41+00:00,190,8.856,343.4,82,45.19839,5.728364
2025-10-18T16:44:42+00:00,189,8.208,343.6,82,45.19839,5.728336
2025-10-18T16:44:43+00:00,189,8.424,343.8,81,45.198371,5.728304
2025-10-18T16:44:44+00:00,189,9.072000000000001,344.0,82,45.198344,5.728294
2025-10-18T16:44:45+00:00,191,9.504000000000001,344.0,83,45.198316,5.728271
2025-10-18T16:44:46+00:00,191,10.008,344.2,84,45.198296,5.728265
2025-10-18T16:44:47+00:00,191,10.872,344.4,84,45.198269,5.728249
2025-10-18T16:44:48+00:00,191,10.728,344.6,84,45.198247,5.728235
2025-10-18T16:44:49+00:00,191,10.224,344.8,84,45.198226,5.728227
2025-10-18T16:44:50+00:00,191,9.864,345.0,84,45.198203,5.7282
2025-10-18T16:44:51+00:00,190,9.648000000000001,345.2,83,45.19819,5.728175
2025-10-18T16:44:52+00:00,187,7.992000000000001,345.4,82,45.198196,5.72816
2025-10-18T16:44:53+00:00,189,7.128,345.4,82,45.198214,5.728173
2025-10-18T16:44:54+00:00,190,6.696000000000001,345.8,82,45.198229,5.728178
2025-10-18T16:44:55+00:00,190,6.264,346.0,82,45.198247,5.728191
2025-10-18T16:44:56+00:00,190,6.48,346.2,82,45.198271,5.728201
2025-10-18T16:44:57+00:00,189,7.632000000000001,346.6,82,45.19829,5.728204
2025-10-18T16:44:58+00:00,190,8.928,346.8,82,45.198317,5.728226
2025-10-18T16:44:59+00:00,190,9.288,347.2,82,45.198334,5.728245
2025-10-18T16:45:00+00:00,189,9.72,347.4,82,45.198356,5.728258
2025-10-18T16:45:01+00:00,190,9.792000000000002,347.8,82,45.19838,5.728276
2025-10-18T16:45:02+00:00,190,10.008,348.2,82,45.198401,5.728291
2025-10-18T16:45:03+00:00,189,9.504000000000001,348.4,82,45.198424,5.728306
2025-10-18T16:45:04+00:00,189,9.72,348.6,82,45.19845,5.728322
2025-10-18T16:45:05+00:00,188,9.432,349.0,82,45.198475,5.728319
2025-10-18T16:45:06+00:00,189,9.0,349.2,82,45.198493,5.728304
2025-10-18T16:45:07+00:00,190,8.064000000000002,349.4,81,45.198491,5.728279
2025-10-18T16:45:08+00:00,190,7.704000000000001,349.6,80,45.198476,5.728262
2025-10-18T16:45:09+00:00,189,7.776000000000001,349.8,81,45.198455,5.728238
2025-10-18T16:45:10+00:00,189,7.704000000000001,350.0,81,45.198439,5.728222
2025-10-18T16:45:11+00:00,190,7.920000000000001,350.4,81,45.198418,5.72821
2025-10-18T16:45:12+00:00,190,9.144,350.4,81,45.198395,5.728182
2025-10-18T16:45:13+00:00,190,9.360000000000001,350.8,82,45.198379,5.728169
2025-10-18T16:45:14+00:00,189,9.360000000000001,351.0,82,45.198359,5.728149
2025-10-18T16:45:15+00:00,190,9.648000000000001,351.2,82,45.198339,5.728128
2025-10-18T16:45:16+00:00,190,9.504000000000001,351.6,83,45.198323,5.728115
2025-10-18T16:45:17+00:00,189,9.216000000000001,351.8,83,45.198302,5.728092
2025-10-18T16:45:18+00:00,191,9.216000000000001,352.0,83,45.198287,5.728075
2025-10-18T16:45:19+00:00,190,9.216000000000001,352.4,83,45.198267,5.728057
2025-10-18T16:45:20+00:00,190,9.144,352.6,83,45.198244,5.728036
2025-10-18T16:45:21+00:00,190,9.072000000000001,352.8,83,45.198231,5.728024
2025-10-18T16:45:22+00:00,189,9.0,353.0,83,45.198213,5.728002
2025-10-18T16:45:23+00:00,190,9.072000000000001,353.2,83,45.198195,5.727979
2025-10-18T16:45:24+00:00,190,8.856,353.4,83,45.198179,5.727961
2025-10-18T16:45:25+00:00,191,9.0,353.6,83,45.198157,5.727937
2025-10-18T16:45:26+00:00,190,9.144,353.8,83,45.19814,5.727922
2025-10-18T16:45:27+00:00,190,9.216000000000001,354.0,83,45.198119,5.727908
2025-10-18T16:45:28+00:00,191,9.504000000000001,354.2,82,45.198098,5.727883
2025-10-18T16:45:29+00:00,189,9.432,354.4,82,45.198082,5.72787
2025-10-18T16:45:30+00:00,191,9.288,354.4,82,45.198062,5.72785
2025-10-18T16:45:31+00:00,190,9.360000000000001,354.6,82,45.198045,5.727823
2025-10-18T16:45:32+00:00,190,9.144,354.8,83,45.198026,5.727803
2025-10-18T16:45:33+00:00,191,8.64,354.8,83,45.198013,5.727781
2025-10-18T16:45:34+00:00,190,6.912,355.0,82,45.198024,5.727773
2025-10-18T16:45:35+00:00,191,6.48,355.2,82,45.198044,5.727772
2025-10-18T16:45:36+00:00,190,6.12,355.4,82,45.198065,5.727787
2025-10-18T16:45:37+00:00,191,5.832000000000001,355.6,82,45.198077,5.727795
2025-10-18T16:45:38+00:00,190,5.976,355.8,82,45.198095,5.727816
2025-10-18T16:45:39+00:00,191,7.704000000000001,356.0,82,45.198114,5.72783
2025-10-18T16:45:40+00:00,191,7.632000000000001,356.2,82,45.198128,5.727841
2025-10-18T16:45:41+00:00,190,8.28,356.4,82,45.198154,5.727853
2025-10-18T16:45:42+00:00,191,8.352,356.6,82,45.198171,5.727865
2025-10-18T16:45:43+00:00,190,8.568,356.8,82,45.198193,5.727872
2025-10-18T16:45:44+00:00,191,8.784,357.0,82,45.198217,5.727887
2025-10-18T16:45:45+00:00,192,9.144,357.4,83,45.198236,5.727899
2025-10-18T16:45:46+00:00,190,9.0,357.8,83,45.198255,5.727917
2025-10-18T16:45:47+00:00,191,9.144,358.0,83,45.198272,5.727933
2025-10-18T16:45:48+00:00,189,8.784,358.2,83,45.198288,5.727944
2025-10-18T16:45:49+00:00,190,8.928,358.6,83,45.198309,5.727972
2025-10-18T16:45:50+00:00,190,8.928,358.8,83,45.198329,5.727979
2025-10-18T16:45:51+00:00,191,8.928,359.0,83,45.19835,5.727992
2025-10-18T16:45:52+00:00,192,9.144,359.2,82,45.198374,5.728006
2025-10-18T16:45:53+00:00,189,9.072000000000001,359.6,82,45.198387,5.728013
2025-10-18T16:45:54+00:00,190,8.784,359.8,82,45.198412,5.72803
2025-10-18T16:45:55+00:00,190,9.144,360.0,82,45.198438,5.728044
2025-10-18T16:45:56+00:00,190,8.928,360.4,82,45.198458,5.728047
2025-10-18T16:45:57+00:00,190,8.64,360.6,82,45.198481,5.728036
2025-10-18T16:45:58+00:00,191,8.136,360.8,82,45.198479,5.728019
2025-10-18T16:45:59+00:00,190,7.344,361.2,81,45.19847,5.728005
2025-10-18T16:46:00+00:00,190,6.984,361.4,81,45.198456,5.727978
2025-10-18T16:46:01+00:00,189,6.768,361.6,81,45.198442,5.72796
2025-10-18T16:46:02+00:00,191,6.768,361.8,82,45.198424,5.727948
2025-10-18T16:46:03+00:00,190,7.776000000000001,362.2,82,45.198405,5.727919
2025-10-18T16:46:04+00:00,190,8.784,362.4,82,45.198387,5.727901
2025-10-18T16:46:05+00:00,191,9.144,362.6,82,45.198367,5.727882
2025-10-18T16:46:06+00:00,189,10.008,362.8,82,45.198342,5.727852
2025-10-18T16:46:07+00:00,189,10.008,363.2,82,45.198326,5.727845
2025-10-18T16:46:08+00:00,191,10.296,363.4,82,45.198301,5.727825
2025-10-18T16:46:09+00:00,190,10.08,363.8,82,45.198283,5.727807
2025-10-18T16:46:10+00:00,191,9.504000000000001,364.0,82,45.198266,5.7278
2025-10-18T16:46:11+00:00,190,8.784,364.2,82,45.198246,5.727783
2025-10-18T16:46:12+00:00,190,8.784,364.4,82,45.198234,5.727765
2025-10-18T16:46:13+00:00,189,7.920000000000001,364.6,82,45.198218,5.727756
2025-10-18T16:46:14+00:00,190,7.848000000000001,365.0,82,45.198199,5.727733
2025-10-18T16:46:15+00:00,189,7.5600000000000005,365.2,82,45.198186,5.727724
2025-10-18T16:46:16+00:00,190,7.632000000000001,365.4,82,45.19817,5.727707
2025-10-18T16:46:17+00:00,189,7.776000000000001,365.8,82,45.198156,5.727679
2025-10-18T16:46:18+00:00,189,7.848000000000001,366.0,81,45.198143,5.727663
2025-10-18T16:46:19+00:00,191,8.064000000000002,366.4,82,45.198131,5.727633
2025-10-18T16:46:20+00:00,189,8.568,366.6,82,45.198118,5.727609
2025-10-18T16:46:21+00:00,190,8.496,366.8,82,45.198105,5.727587
2025-10-18T16:46:22+00:00,190,8.712,367.0,82,45.198091,5.727554
2025-10-18T16:46:23+00:00,189,8.784,367.2,83,45.198081,5.727533
2025-10-18T16:46:24+00:00,190,8.928,367.4,83,45.198059,5.727512
2025-10-18T16:46:25+00:00,189,9.360000000000001,367.6,83,45.198037,5.727486
2025-10-18T16:46:26+00:00,190,9.072000000000001,367.8,82,45.198022,5.727477
2025-10-18T16:46:27+00:00,189,9.144,368.0,82,45.197998,5.727459
2025-10-18T16:46:28+00:00,188,9.072000000000001,368.2,82,45.197984,5.72744
2025-10-18T16:46:29+00:00,189,8.64,368.4,83,45.197965,5.727426
2025-10-18T16:46:30+00:00,189,8.496,368.6,83,45.197945,5.727394
2025-10-18T16:46:31+00:00,189,8.568,368.8,83,45.197939,5.727369
2025-10-18T16:46:32+00:00,189,8.208,369.0,83,45.197945,5.727332
2025-10-18T16:46:33+00:00,189,7.848000000000001,369.2,82,45.197954,5.727313
2025-10-18T16:46:34+00:00,188,7.5600000000000005,369.4,82,45.197974,5.727302
2025-10-18T16:46:35+00:00,187,7.056,369.6,82,45.197999,5.727303
2025-10-18T16:46:36+00:00,188,7.128,369.8,82,45.198016,5.727317
2025-10-18T16:46:37+00:00,189,7.344,370.2,82,45.19804,5.727324
2025-10-18T16:46:38+00:00,187,8.136,370.4,82,45.198062,5.727344
2025-10-18T16:46:39+00:00,189,8.496,370.6,83,45.198082,5.727358
2025-10-18T16:46:40+00:00,189,9.288,371.0,83,45.198104,5.727385
2025-10-18T16:46:41+00:00,187,10.008,371.4,83,45.198125,5.727412
2025-10-18T16:46:42+00:00,190,10.08,371.6,83,45.198139,5.727432
2025-10-18T16:46:43+00:00,189,10.152,372.0,83,45.198159,5.727462
2025-10-18T16:46:44+00:00,188,10.512,372.2,83,45.198178,5.727484
2025-10-18T16:46:45+00:00,189,10.224,372.4,83,45.198197,5.727508
2025-10-18T16:46:46+00:00,190,10.152,372.6,84,45.198218,5.727534
2025-10-18T16:46:47+00:00,189,10.008,373.0,83,45.198231,5.727557
2025-10-18T16:46:48+00:00,190,9.936,373.2,83,45.198254,5.727573
2025-10-18T16:46:49+00:00,190,10.008,373.4,83,45.198282,5.727581
2025-10-18T16:46:50+00:00,191,10.08,373.6,83,45.198305,5.727597
2025-10-18T16:46:51+00:00,191,10.296,373.8,83,45.198332,5.727615
2025-10-18T16:46:52+00:00,190,10.296,374.0,83,45.19835,5.72762
2025-10-18T16:46:53+00:00,191,10.512,374.2,83,45.19837,5.727651
2025-10-18T16:46:54+00:00,192,10.296,374.4,84,45.198391,5.727666
2025-10-18T16:46:55+00:00,192,10.152,374.6,84,45.198413,5.727683
2025-10-18T16:46:56+00:00,192,10.152,375.0,84,45.198441,5.727703
2025-10-18T16:46:57+00:00,190,10.008,375.2,84,45.198459,5.727715
2025-10-18T16:46:58+00:00,192,10.296,375.4,84,45.198487,5.727737
2025-10-18T16:46:59+00:00,191,10.296,375.8,84,45.198509,5.727755
2025-10-18T16:47:00+00:00,191,10.296,376.0,83,45.198528,5.727773
2025-10-18T16:47:01+00:00,192,10.08,376.2,83,45.19855,5.727798
2025-10-18T16:47:02+00:00,191,10.008,376.6,82,45.198569,5.727801
2025-10-18T16:47:03+00:00,191,7.776000000000001,377.0,83,45.198566,5.727787
2025-10-18T16:47:04+00:00,191,7.776000000000001,377.2,83,45.198545,5.727755
2025-10-18T16:47:05+00:00,192,7.488,377.4,82,45.198532,5.727731
2025-10-18T16:47:06+00:00,191,7.128,377.6,82,45.198519,5.727703
2025-10-18T16:47:07+00:00,191,6.84,377.8,81,45.198508,5.727683
2025-10-18T16:47:08+00:00,190,6.912,378.0,81,45.198512,5.727684
2025-10-18T16:47:09+00:00,191,4.968,378.2,0,45.198519,5.727684
2025-10-18T16:47:10+00:00,190,3.6,378.4,0,45.198525,5.727681
2025-10-18T16:47:11+00:00,189,2.16,378.4,0,45.198529,5.727684
2025-10-18T16:47:12+00:00,190,0.936,378.8,44,45.198531,5.727683
2025-10-18T16:47:13+00:00,188,1.08,379.0,46,45.198535,5.727687
2025-10-18T16:47:14+00:00,188,1.6560000000000001,379.4,46,45.198545,5.727697
2025-10-18T16:47:15+00:00,189,1.728,379.8,47,45.198547,5.72769
2025-10-18T16:47:16+00:00,188,2.16,380.2,45,45.198552,5.727698
2025-10-18T16:47:17+00:00,187,2.52,380.6,45,45.19856,5.727697
2025-10-18T16:47:18+00:00,188,3.096,381.0,35,45.198574,5.727706
2025-10-18T16:47:19+00:00,188,3.456,381.4,29,45.198583,5.727716
2025-10-18T16:47:20+00:00,188,3.6,381.6,29,45.198588,5.727722
2025-10-18T16:47:21+00:00,188,3.096,381.8,29,45.198593,5.727726
2025-10-18T16:47:22+00:00,188,2.664,382.0,37,45.198594,5.727724
2025-10-18T16:47:23+00:00,188,1.9440000000000002,382.2,36,45.198592,5.727716
2025-10-18T16:47:24+00:00,188,1.2240000000000002,382.4,35,45.198587,5.727714
2025-10-18T16:47:25+00:00,188,1.368,382.6,42,45.198584,5.727699
2025-10-18T16:47:26+00:00,187,1.584,382.8,40,45.198587,5.72769
2025-10-18T16:47:27+00:00,188,2.232,382.8,41,45.198591,5.72768
2025-10-18T16:47:28+00:00,189,2.8080000000000003,383.0,41,45.198596,5.727668
2025-10-18T16:47:29+00:00,188,3.3120000000000003,383.2,41,45.1986,5.727656
2025-10-18T16:47:30+00:00,188,3.456,383.4,0,45.198604,5.727643
2025-10-18T16:47:31+00:00,188,3.8160000000000003,383.6,39,45.198609,5.72763
2025-10-18T16:47:32+00:00,189,3.9600000000000004,384.0,39,45.198613,5.727617
2025-10-18T16:47:33+00:00,189,3.8880000000000003,384.2,43,45.198617,5.727606
2025-10-18T16:47:34+00:00,187,3.8160000000000003,384.6,50,45.19862,5.727596
2025-10-18T16:47:35+00:00,188,3.6,384.8,51,45.198623,5.727587
2025-10-18T16:47:36+00:00,189,3.24,385.0,53,45.198626,5.727578
2025-10-18T16:47:37+00:00,189,3.024,385.4,53,45.198629,5.727569
2025-10-18T16:47:38+00:00,190,2.3040000000000003,385.6,53,45.198629,5.727569
2025-10-18T16:47:39+00:00,189,2.52,385.8,53,45.198629,5.727569
2025-10-18T16:47:40+00:00,189,2.8800000000000003,386.0,54,45.198629,5.727569
2025-10-18T16:47:41+00:00,190,3.3120000000000003,386.4,54,45.198629,5.727569
2025-10-18T16:47:42+00:00,190,3.672,386.6,53,45.198629,5.727569
2025-10-18T16:47:43+00:00,190,4.6080000000000005,386.6,52,45.198629,5.727569
2025-10-18T16:47:44+00:00,190,4.6080000000000005,386.8,52,45.198629,5.727569
2025-10-18T16:47:45+00:00,190,4.6080000000000005,387.4,53,45.198629,5.727569
2025-10-18T16:47:46+00:00,190,4.6080000000000005,387.6,53,45.198629,5.727569
2025-10-18T16:47:47+00:00,190,4.6080000000000005,388.0,52,45.198629,5.727569
2025-10-18T16:47:48+00:00,190,4.5360000000000005,388.2,43,45.198629,5.727569
2025-10-18T16:47:49+00:00,190,4.5360000000000005,388.4,43,45.198629,5.727569
2025-10-18T16:47:50+00:00,191,4.392,388.8,41,45.198629,5.727569
2025-10-18T16:47:51+00:00,190,4.32,389.2,45,45.198629,5.727569
2025-10-18T16:47:52+00:00,190,4.104,389.4,40,45.198629,5.727569
2025-10-18T16:47:53+00:00,189,4.032000000000001,389.6,35,45.198629,5.727569
2025-10-18T16:47:54+00:00,189,3.8880000000000003,390.2,31,45.198629,5.727569
2025-10-18T16:47:55+00:00,190,3.8160000000000003,390.8,84,45.198629,5.727569
2025-10-18T16:47:56+00:00,189,3.9600000000000004,391.2,81,45.198629,5.727569
2025-10-18T16:47:57+00:00,188,4.896000000000001,391.4,82,45.198629,5.727569
2025-10-18T16:47:58+00:00,188,6.048,391.4,82,45.198629,5.727569
2025-10-18T16:47:59+00:00,190,7.416,391.4,81,45.198629,5.727569
2025-10-18T16:48:00+00:00,189,8.712,391.4,80,45.198629,5.727569
2025-10-18T16:48:01+00:00,189,9.576,391.4,80,45.198629,5.727569
2025-10-18T16:48:02+00:00,189,9.576,391.4,75,45.198629,5.727569
2025-10-18T16:48:03+00:00,188,10.728,391.6,75,45.198637,5.727581
2025-10-18T16:48:04+00:00,188,10.296,392.2,35,45.198646,5.727593
2025-10-18T16:48:05+00:00,187,10.008,392.6,40,45.198654,5.727605
2025-10-18T16:48:06+00:00,188,8.136,392.8,40,45.198655,5.727623
2025-10-18T16:48:07+00:00,188,7.056,393.2,44,45.19865,5.727627
2025-10-18T16:48:08+00:00,188,4.176,393.6,40,45.19865,5.727641
2025-10-18T16:48:09+00:00,189,2.8080000000000003,394.0,40,45.198653,5.727647
2025-10-18T16:48:10+00:00,187,1.296,394.6,0,45.198655,5.727654
2025-10-18T16:48:11+00:00,188,1.512,395.0,0,45.198662,5.727662
2025-10-18T16:48:12+00:00,187,1.2240000000000002,395.2,0,45.198661,5.72765
2025-10-18T16:48:13+00:00,189,1.512,395.6,0,45.19866,5.727639
2025-10-18T16:48:14+00:00,188,2.52,395.8,19,45.198662,5.72761
2025-10-18T16:48:15+00:00,189,3.8880000000000003,396.0,25,45.19866,5.727579
2025-10-18T16:48:16+00:00,189,5.04,396.0,81,45.198655,5.727551
2025-10-18T16:48:17+00:00,188,6.696000000000001,396.2,82,45.198646,5.727499
2025-10-18T16:48:18+00:00,189,8.208,396.2,83,45.198641,5.727458
2025-10-18T16:48:19+00:00,188,8.712,396.2,82,45.198632,5.727427
2025-10-18T16:48:20+00:00,189,10.296,396.2,81,45.198612,5.727372
2025-10-18T16:48:21+00:00,189,12.024,396.2,81,45.198599,5.727331
2025-10-18T16:48:22+00:00,188,12.168,396.4,80,45.198637,5.727302
2025-10-18T16:48:23+00:00,189,11.952,396.4,79,45.198659,5.727279
2025-10-18T16:48:24+00:00,189,11.448,396.6,79,45.198652,5.727264
2025-10-18T16:48:25+00:00,189,9.0,396.8,77,45.198629,5.727272
2025-10-18T16:48:26+00:00,189,6.408,397.2,75,45.198617,5.727267
2025-10-18T16:48:27+00:00,188,4.680000000000001,397.4,74,45.198609,5.727272
2025-10-18T16:48:28+00:00,188,3.24,397.8,74,45.198604,5.72727
2025-10-18T16:48:29+00:00,188,1.9440000000000002,398.0,74,45.198607,5.727274
2025-10-18T16:48:30+00:00,188,1.2240000000000002,398.0,70,45.198612,5.727281
2025-10-18T16:48:31+00:00,188,1.368,398.0,60,45.198618,5.727289
2025-10-18T16:48:32+00:00,188,1.0080000000000002,398.2,60,45.198614,5.727285
2025-10-18T16:48:33+00:00,189,0.792,398.4,60,45.198618,5.727307
2025-10-18T16:48:34+00:00,189,1.4400000000000002,398.8,60,45.19862,5.727328
2025-10-18T16:48:35+00:00,190,2.3040000000000003,399.2,60,45.198618,5.727347
2025-10-18T16:48:36+00:00,188,2.952,399.6,31,45.198515,5.727343
2025-10-18T16:48:37+00:00,189,6.84,399.6,62,45.198443,5.727335
2025-10-18T16:48:38+00:00,189,8.928,399.8,81,45.198422,5.727333
2025-10-18T16:48:39+00:00,188,11.088000000000001,399.6,80,45.198405,5.727292
2025-10-18T16:48:40+00:00,189,12.384,399.6,82,45.198391,5.727264
2025-10-18T16:48:41+00:00,189,12.312,399.4,83,45.198386,5.727239
2025-10-18T16:48:42+00:00,188,10.008,399.2,84,45.198372,5.727207
2025-10-18T16:48:43+00:00,190,9.072000000000001,399.2,83,45.198356,5.727193
2025-10-18T16:48:44+00:00,189,8.64,399.2,83,45.198328,5.727165
2025-10-18T16:48:45+00:00,189,8.784,399.0,83,45.198301,5.72714
2025-10-18T16:48:46+00:00,189,10.008,399.0,83,45.198277,5.727116
2025-10-18T16:48:47+00:00,189,11.16,399.0,83,45.198246,5.727082
2025-10-18T16:48:48+00:00,189,12.888,398.8,83,45.198217,5.727053
2025-10-18T16:48:49+00:00,189,13.464,398.8,83,45.198185,5.727027
2025-10-18T16:48:50+00:00,189,14.04,398.6,83,45.198155,5.726998
2025-10-18T16:48:51+00:00,190,14.4,398.6,84,45.198129,5.726978
2025-10-18T16:48:52+00:00,188,14.616,398.6,84,45.198096,5.726943
2025-10-18T16:48:53+00:00,188,14.472,398.6,83,45.198072,5.726912
2025-10-18T16:48:54+00:00,188,14.328,398.6,83,45.198044,5.726888
2025-10-18T16:48:55+00:00,188,14.472,398.6,83,45.198012,5.726853
2025-10-18T16:48:56+00:00,189,14.112,398.4,82,45.197987,5.726832
2025-10-18T16:48:57+00:00,188,13.895999999999999,398.4,82,45.197959,5.726806
2025-10-18T16:48:58+00:00,188,13.968,398.4,82,45.19793,5.726768
2025-10-18T16:48:59+00:00,189,13.392000000000001,398.4,82,45.19791,5.726746
2025-10-18T16:49:00+00:00,189,13.248000000000001,398.4,82,45.19788,5.726714
2025-10-18T16:49:01+00:00,189,13.824,398.6,82,45.197851,5.726678
2025-10-18T16:49:02+00:00,188,13.392000000000001,398.6,82,45.197829,5.726656
2025-10-18T16:49:03+00:00,190,13.464,398.4,82,45.197799,5.726618
2025-10-18T16:49:04+00:00,188,13.607999999999999,398.4,82,45.197779,5.726589
2025-10-18T16:49:05+00:00,189,13.248000000000001,398.4,82,45.197755,5.726562
2025-10-18T16:49:06+00:00,190,13.464,398.2,82,45.197726,5.726516
2025-10-18T16:49:07+00:00,188,13.68,398.4,82,45.197709,5.726483
2025-10-18T16:49:08+00:00,190,13.464,398.2,82,45.197686,5.726447
2025-10-18T16:49:09+00:00,188,13.464,398.2,83,45.197667,5.726412
2025-10-18T16:49:10+00:00,187,13.32,398.2,83,45.197651,5.726378
2025-10-18T16:49:11+00:00,189,13.032,398.2,84,45.19764,5.726324
2025-10-18T16:49:12+00:00,188,12.744,398.2,84,45.197628,5.726293
2025-10-18T16:49:13+00:00,187,12.744,398.4,84,45.197618,5.726247
2025-10-18T16:49:14+00:00,188,12.672,398.4,84,45.197605,5.726207
2025-10-18T16:49:15+00:00,188,12.744,398.6,84,45.197594,5.726168
2025-10-18T16:49:16+00:00,188,12.024,398.6,84,45.197593,5.726122
2025-10-18T16:49:17+00:00,188,12.096,398.6,84,45.197581,5.726087
2025-10-18T16:49:18+00:00,187,12.024,398.6,84,45.197571,5.726037
2025-10-18T16:49:19+00:00,187,12.168,398.6,83,45.197564,5.725999
2025-10-18T16:49:20+00:00,188,11.879999999999999,398.6,83,45.197553,5.725963
2025-10-18T16:49:21+00:00,187,12.168,398.6,83,45.197549,5.725914
2025-10-18T16:49:22+00:00,186,12.384,398.8,83,45.197546,5.72587
2025-10-18T16:49:23+00:00,187,12.024,398.8,83,45.197544,5.725823
2025-10-18T16:49:24+00:00,188,12.024,398.8,83,45.197547,5.725779
2025-10-18T16:49:25+00:00,187,12.384,398.8,83,45.197538,5.725736
2025-10-18T16:49:26+00:00,189,12.672,398.8,84,45.197541,5.725681
2025-10-18T16:49:27+00:00,187,12.816,398.8,84,45.19754,5.72564
2025-10-18T16:49:28+00:00,186,12.96,399.0,84,45.19754,5.725592
2025-10-18T16:49:29+00:00,188,13.248000000000001,399.0,84,45.197548,5.725544
2025-10-18T16:49:30+00:00,186,13.176,399.0,83,45.19755,5.725504
2025-10-18T16:49:31+00:00,187,13.104000000000001,399.2,83,45.197561,5.725456
2025-10-18T16:49:32+00:00,188,12.744,399.2,83,45.197575,5.725417
2025-10-18T16:49:33+00:00,187,12.744,399.2,83,45.19759,5.725376
2025-10-18T16:49:34+00:00,186,12.312,399.4,82,45.197606,5.725337
2025-10-18T16:49:35+00:00,186,11.879999999999999,399.4,82,45.197616,5.725306
2025-10-18T16:49:36+00:00,186,11.232000000000001,399.6,83,45.197631,5.725274
2025-10-18T16:49:37+00:00,186,10.8,399.8,82,45.197642,5.725244
2025-10-18T16:49:38+00:00,187,10.224,400.0,83,45.197646,5.725209
2025-10-18T16:49:39+00:00,185,9.936,400.0,83,45.197666,5.725181
2025-10-18T16:49:40+00:00,185,9.576,400.4,83,45.197678,5.725157
2025-10-18T16:49:41+00:00,185,9.288,400.6,83,45.197697,5.725133
2025-10-18T16:49:42+00:00,185,9.216000000000001,400.8,83,45.197719,5.72512
2025-10-18T16:49:43+00:00,185,9.072000000000001,401.0,83,45.19774,5.725103
2025-10-18T16:49:44+00:00,186,8.856,401.4,83,45.197768,5.725089
2025-10-18T16:49:45+00:00,185,8.64,401.6,83,45.197787,5.725079
2025-10-18T16:49:46+00:00,185,7.776000000000001,402.0,84,45.197794,5.725101
2025-10-18T16:49:47+00:00,186,7.128,402.4,83,45.197793,5.725126
2025-10-18T16:49:48+00:00,185,6.6240000000000006,402.6,84,45.197786,5.72515
2025-10-18T16:49:49+00:00,185,6.6240000000000006,402.8,83,45.19777,5.725176
2025-10-18T16:49:50+00:00,185,6.84,403.2,84,45.197754,5.725196
2025-10-18T16:49:51+00:00,186,7.992000000000001,403.4,84,45.197739,5.725224
2025-10-18T16:49:52+00:00,185,9.0,403.6,83,45.197722,5.725254
2025-10-18T16:49:53+00:00,185,9.576,403.8,83,45.197705,5.725272
2025-10-18T16:49:54+00:00,186,9.648000000000001,404.0,83,45.197692,5.725301
2025-10-18T16:49:55+00:00,186,9.576,404.4,83,45.197685,5.725327
2025-10-18T16:49:56+00:00,185,9.288,404.6,84,45.197684,5.725363
2025-10-18T16:49:57+00:00,187,9.144,404.6,84,45.197681,5.725401
2025-10-18T16:49:58+00:00,187,9.072000000000001,404.8,84,45.197685,5.725433
2025-10-18T16:49:59+00:00,186,9.72,405.0,84,45.197681,5.725481
2025-10-18T16:50:00+00:00,185,10.224,405.2,84,45.197677,5.72551
2025-10-18T16:50:01+00:00,189,10.44,405.4,84,45.197673,5.725546
2025-10-18T16:50:02+00:00,188,10.224,405.8,84,45.197674,5.725576
2025-10-18T16:50:03+00:00,186,10.44,406.0,85,45.197675,5.725609
2025-10-18T16:50:04+00:00,186,9.792000000000002,406.2,85,45.197674,5.725643
2025-10-18T16:50:05+00:00,188,9.072000000000001,406.4,85,45.197674,5.725667
2025-10-18T16:50:06+00:00,187,8.856,406.6,84,45.197677,5.725699
2025-10-18T16:50:07+00:00,187,8.784,406.8,84,45.197673,5.725732
2025-10-18T16:50:08+00:00,187,8.568,407.0,84,45.197683,5.725759
2025-10-18T16:50:09+00:00,187,8.64,407.2,84,45.19769,5.725801
2025-10-18T16:50:10+00:00,187,9.144,407.4,84,45.197701,5.72583
2025-10-18T16:50:11+00:00,187,9.504000000000001,407.4,84,45.197709,5.725868
2025-10-18T16:50:12+00:00,188,9.288,407.8,84,45.197724,5.725899
2025-10-18T16:50:13+00:00,187,8.856,408.0,83,45.197738,5.725908
2025-10-18T16:50:14+00:00,188,8.568,408.2,82,45.197766,5.725894
2025-10-18T16:50:15+00:00,187,8.064000000000002,408.6,82,45.197773,5.725869
2025-10-18T16:50:16+00:00,188,7.704000000000001,408.8,83,45.197775,5.725839
2025-10-18T16:50:17+00:00,188,8.28,409.0,83,45.197783,5.725798
2025-10-18T16:50:18+00:00,188,8.712,409.4,83,45.197785,5.725771
2025-10-18T16:50:19+00:00,189,9.144,409.6,83,45.197789,5.725734
2025-10-18T16:50:20+00:00,188,9.72,409.6,82,45.197797,5.725699
2025-10-18T16:50:21+00:00,189,9.792000000000002,409.8,82,45.197796,5.725669
2025-10-18T16:50:22+00:00,189,9.936,409.8,82,45.197809,5.72563
2025-10-18T16:50:23+00:00,188,9.936,410.0,83,45.197816,5.725604
2025-10-18T16:50:24+00:00,188,9.72,410.2,83,45.197821,5.725573
2025-10-18T16:50:25+00:00,188,9.648000000000001,410.4,83,45.197833,5.72554
2025-10-18T16:50:26+00:00,188,9.360000000000001,410.6,83,45.197835,5.725512
2025-10-18T16:50:27+00:00,189,9.288,411.0,83,45.197842,5.725471
2025-10-18T16:50:28+00:00,188,9.216000000000001,411.2,83,45.19785,5.725444
2025-10-18T16:50:29+00:00,188,9.432,411.4,84,45.197854,5.725408
2025-10-18T16:50:30+00:00,189,9.792000000000002,411.8,83,45.197869,5.725371
2025-10-18T16:50:31+00:00,187,9.864,412.0,83,45.19788,5.725346
2025-10-18T16:50:32+00:00,188,9.576,412.2,83,45.1979,5.725319
2025-10-18T16:50:33+00:00,189,9.504000000000001,412.4,83,45.197921,5.725311
2025-10-18T16:50:34+00:00,188,8.712,412.8,83,45.197939,5.725317
2025-10-18T16:50:35+00:00,189,7.920000000000001,413.0,83,45.197951,5.725341
2025-10-18T16:50:36+00:00,189,7.776000000000001,413.4,82,45.197956,5.72537
2025-10-18T16:50:37+00:00,189,7.5600000000000005,413.6,82,45.197957,5.725399
2025-10-18T16:50:38+00:00,189,7.920000000000001,414.0,83,45.197951,5.725438
2025-10-18T16:50:39+00:00,189,8.424,414.2,82,45.197948,5.725468
2025-10-18T16:50:40+00:00,188,9.216000000000001,414.4,83,45.197942,5.725507
2025-10-18T16:50:41+00:00,188,9.648000000000001,414.6,83,45.197939,5.725543
2025-10-18T16:50:42+00:00,188,10.224,414.8,83,45.197939,5.725581
2025-10-18T16:50:43+00:00,189,10.728,415.2,83,45.197929,5.725624
2025-10-18T16:50:44+00:00,189,10.512,415.4,83,45.197919,5.725649
2025-10-18T16:50:45+00:00,188,10.296,415.6,84,45.197909,5.725681
2025-10-18T16:50:46+00:00,189,10.44,416.0,84,45.197904,5.725716
2025-10-18T16:50:47+00:00,187,9.936,416.2,84,45.197905,5.725744
2025-10-18T16:50:48+00:00,188,9.576,416.4,84,45.197903,5.725784
2025-10-18T16:50:49+00:00,189,9.504000000000001,416.8,83,45.197901,5.725806
2025-10-18T16:50:50+00:00,187,9.288,417.0,83,45.1979,5.725842
2025-10-18T16:50:51+00:00,187,9.144,417.2,83,45.197893,5.725875
2025-10-18T16:50:52+00:00,188,9.0,417.4,83,45.197894,5.725899
2025-10-18T16:50:53+00:00,188,8.712,417.6,83,45.19789,5.725939
2025-10-18T16:50:54+00:00,189,9.0,417.8,84,45.197892,5.725969
2025-10-18T16:50:55+00:00,190,8.928,418.0,83,45.197894,5.726
2025-10-18T16:50:56+00:00,189,8.856,418.4,83,45.197894,5.726039
2025-10-18T16:50:57+00:00,190,9.144,418.6,83,45.197899,5.726069
2025-10-18T16:50:58+00:00,189,9.432,418.8,83,45.197907,5.726107
2025-10-18T16:50:59+00:00,189,9.576,419.0,83,45.197918,5.726139
2025-10-18T16:51:00+00:00,190,10.08,419.2,83,45.197938,5.726169
2025-10-18T16:51:01+00:00,190,10.8,419.4,84,45.197959,5.726205
2025-10-18T16:51:02+00:00,187,10.944,419.6,84,45.197975,5.726225
2025-10-18T16:51:03+00:00,188,10.944,419.8,83,45.197997,5.726254
2025-10-18T16:51:04+00:00,189,11.16,420.0,83,45.198017,5.726279
2025-10-18T16:51:05+00:00,190,11.088000000000001,420.2,83,45.198039,5.726295
2025-10-18T16:51:06+00:00,190,10.8,420.4,83,45.19806,5.726327
2025-10-18T16:51:07+00:00,189,10.872,420.6,83,45.198078,5.726347
2025-10-18T16:51:08+00:00,189,10.872,420.8,83,45.198099,5.726364
2025-10-18T16:51:09+00:00,190,10.728,421.0,83,45.198117,5.726386
2025-10-18T16:51:10+00:00,188,9.648000000000001,421.2,83,45.198128,5.726388
2025-10-18T16:51:11+00:00,189,8.424,421.4,83,45.198145,5.7264
2025-10-18T16:51:12+00:00,188,7.848000000000001,421.6,83,45.198163,5.726411
2025-10-18T16:51:13+00:00,188,7.344,422.0,83,45.19818,5.72643
2025-10-18T16:51:14+00:00,188,7.416,422.2,83,45.198201,5.726453
2025-10-18T16:51:15+00:00,188,8.28,422.6,83,45.198221,5.726457
2025-10-18T16:51:16+00:00,188,9.288,422.8,83,45.198243,5.726477
2025-10-18T16:51:17+00:00,187,9.216000000000001,423.2,83,45.198257,5.726491
2025-10-18T16:51:18+00:00,187,8.928,423.4,83,45.198275,5.726504
2025-10-18T16:51:19+00:00,187,8.928,423.6,83,45.198296,5.726523
2025-10-18T16:51:20+00:00,187,8.496,423.8,83,45.19831,5.726537
2025-10-18T16:51:21+00:00,187,8.568,424.0,83,45.198329,5.726559
2025-10-18T16:51:22+00:00,186,8.568,424.4,83,45.19834,5.72658
2025-10-18T16:51:23+00:00,188,8.64,424.6,84,45.198354,5.726594
2025-10-18T16:51:24+00:00,187,8.208,424.8,84,45.198368,5.726619
2025-10-18T16:51:25+00:00,187,8.064000000000002,425.2,84,45.19838,5.726637
2025-10-18T16:51:26+00:00,187,7.5600000000000005,425.4,84,45.198393,5.726662
2025-10-18T16:51:27+00:00,188,7.5600000000000005,425.6,83,45.198409,5.726683
2025-10-18T16:51:28+00:00,186,7.5600000000000005,425.8,83,45.198424,5.726699
2025-10-18T16:51:29+00:00,188,7.632000000000001,426.0,84,45.198443,5.726724
2025-10-18T16:51:30+00:00,187,7.848000000000001,426.2,84,45.198461,5.726741
2025-10-18T16:51:31+00:00,188,8.568,426.4,84,45.198485,5.726763
2025-10-18T16:51:32+00:00,187,9.216000000000001,426.6,84,45.198503,5.726791
2025-10-18T16:51:33+00:00,188,10.152,426.8,84,45.198523,5.72681
2025-10-18T16:51:34+00:00,188,10.512,427.0,84,45.198542,5.726838
2025-10-18T16:51:35+00:00,188,10.656,427.2,84,45.198557,5.72686
2025-10-18T16:51:36+00:00,189,9.936,427.4,84,45.198574,5.726884
2025-10-18T16:51:37+00:00,189,9.936,427.6,83,45.198601,5.726906
2025-10-18T16:51:38+00:00,189,9.0,427.8,82,45.198623,5.726908
2025-10-18T16:51:39+00:00,190,8.496,428.2,82,45.19864,5.726898
2025-10-18T16:51:40+00:00,189,8.28,428.4,81,45.19863,5.726863
2025-10-18T16:51:41+00:00,188,8.208,428.8,80,45.198618,5.726843
2025-10-18T16:51:42+00:00,188,7.5600000000000005,429.2,80,45.198605,5.726825
2025-10-18T16:51:43+00:00,188,7.776000000000001,429.4,83,45.198592,5.726799
2025-10-18T16:51:44+00:00,188,7.848000000000001,429.8,83,45.198577,5.726781
2025-10-18T16:51:45+00:00,189,8.208,430.0,83,45.19856,5.726752
2025-10-18T16:51:46+00:00,189,8.496,430.2,83,45.198541,5.726732
2025-10-18T16:51:47+00:00,189,9.072000000000001,430.6,83,45.198528,5.726703
2025-10-18T16:51:48+00:00,189,9.0,430.8,83,45.198519,5.726678
2025-10-18T16:51:49+00:00,188,9.072000000000001,431.0,83,45.198507,5.726653
2025-10-18T16:51:50+00:00,189,9.288,431.4,83,45.198492,5.726619
2025-10-18T16:51:51+00:00,189,9.072000000000001,431.6,83,45.198482,5.726596
2025-10-18T16:51:52+00:00,189,9.072000000000001,431.8,84,45.198466,5.726565
2025-10-18T16:51:53+00:00,189,9.432,431.8,85,45.19845,5.726537
2025-10-18T16:51:54+00:00,188,10.152,432.0,85,45.198433,5.726508
2025-10-18T16:51:55+00:00,189,10.224,432.2,84,45.198422,5.726475
2025-10-18T16:51:56+00:00,190,10.296,432.4,84,45.198412,5.72645
2025-10-18T16:51:57+00:00,188,10.368,432.6,85,45.198402,5.726414
2025-10-18T16:51:58+00:00,189,10.152,432.8,84,45.198395,5.726385
2025-10-18T16:51:59+00:00,190,9.864,433.0,84,45.198383,5.726354
2025-10-18T16:52:00+00:00,189,9.432,433.0,84,45.198381,5.726325
2025-10-18T16:52:01+00:00,188,9.288,433.2,84,45.198372,5.726306
2025-10-18T16:52:02+00:00,190,8.568,433.4,85,45.198366,5.726275
2025-10-18T16:52:03+00:00,190,8.136,433.6,85,45.198362,5.726254
2025-10-18T16:52:04+00:00,189,7.704000000000001,433.8,85,45.198354,5.72622
2025-10-18T16:52:05+00:00,189,7.704000000000001,434.0,85,45.198351,5.72619
2025-10-18T16:52:06+00:00,190,7.776000000000001,434.2,85,45.19834,5.72616
2025-10-18T16:52:07+00:00,188,8.424,434.2,84,45.198335,5.72612
2025-10-18T16:52:08+00:00,189,9.072000000000001,434.4,84,45.198327,5.726091
2025-10-18T16:52:09+00:00,189,9.504000000000001,434.6,84,45.19832,5.726053
2025-10-18T16:52:10+00:00,189,9.792000000000002,434.8,84,45.198317,5.726019
2025-10-18T16:52:11+00:00,189,9.936,435.0,84,45.198308,5.725991
2025-10-18T16:52:12+00:00,190,9.864,435.0,84,45.198309,5.725952
2025-10-18T16:52:13+00:00,188,9.504000000000001,435.2,84,45.198305,5.725928
2025-10-18T16:52:14+00:00,190,9.216000000000001,435.4,84,45.198304,5.725894
2025-10-18T16:52:15+00:00,189,8.856,435.6,84,45.198302,5.725862
2025-10-18T16:52:16+00:00,188,8.784,436.0,84,45.198302,5.725832
2025-10-18T16:52:17+00:00,189,9.144,436.2,84,45.198302,5.725788
2025-10-18T16:52:18+00:00,190,9.288,436.4,84,45.198296,5.725761
2025-10-18T16:52:19+00:00,188,9.648000000000001,436.6,84,45.198292,5.725723
2025-10-18T16:52:20+00:00,191,10.224,436.8,84,45.198292,5.725686
2025-10-18T16:52:21+00:00,188,10.368,437.0,84,45.198289,5.725653
2025-10-18T16:52:22+00:00,189,10.152,437.2,84,45.198289,5.725613
2025-10-18T16:52:23+00:00,190,10.296,437.4,85,45.198284,5.725584
2025-10-18T16:52:24+00:00,188,10.008,437.6,84,45.198281,5.725548
2025-10-18T16:52:25+00:00,188,9.576,437.8,84,45.198282,5.725516
2025-10-18T16:52:26+00:00,189,9.432,438.0,84,45.19828,5.725487
2025-10-18T16:52:27+00:00,188,9.216000000000001,438.0,84,45.198281,5.72545
2025-10-18T16:52:28+00:00,189,9.0,438.2,84,45.198278,5.725423
2025-10-18T16:52:29+00:00,189,9.144,438.4,84,45.198277,5.725384
2025-10-18T16:52:30+00:00,188,9.216000000000001,438.6,83,45.198284,5.725349
2025-10-18T16:52:31+00:00,188,9.576,439.0,83,45.198283,5.725314
2025-10-18T16:52:32+00:00,187,10.008,439.2,83,45.198289,5.725271
2025-10-18T16:52:33+00:00,188,10.152,439.4,84,45.198295,5.725244
2025-10-18T16:52:34+00:00,188,10.44,439.6,84,45.198299,5.725206
2025-10-18T16:52:35+00:00,189,10.368,439.8,83,45.198307,5.725176
2025-10-18T16:52:36+00:00,188,9.936,440.0,83,45.198308,5.725143
2025-10-18T16:52:37+00:00,188,9.792000000000002,440.2,84,45.19832,5.725105
2025-10-18T16:52:38+00:00,189,9.576,440.4,84,45.198324,5.725081
2025-10-18T16:52:39+00:00,188,9.072000000000001,440.6,83,45.198323,5.725049
2025-10-18T16:52:40+00:00,188,9.216000000000001,440.8,83,45.198337,5.725017
2025-10-18T16:52:41+00:00,188,8.856,441.0,83,45.198339,5.724998
2025-10-18T16:52:42+00:00,188,8.424,441.4,83,45.198348,5.724967
2025-10-18T16:52:43+00:00,189,8.424,441.6,83,45.198357,5.724941
2025-10-18T16:52:44+00:00,188,7.992000000000001,442.0,83,45.198361,5.724917
2025-10-18T16:52:45+00:00,188,7.992000000000001,442.2,83,45.198373,5.724882
2025-10-18T16:52:46+00:00,190,8.28,442.4,83,45.19838,5.724857
2025-10-18T16:52:47+00:00,188,8.496,442.6,82,45.198384,5.724825
2025-10-18T16:52:48+00:00,190,8.856,442.8,82,45.198394,5.72479
2025-10-18T16:52:49+00:00,188,9.144,443.2,82,45.198398,5.724763
2025-10-18T16:52:50+00:00,190,9.576,443.4,83,45.198407,5.724722
2025-10-18T16:52:51+00:00,189,9.936,443.6,83,45.198409,5.724689
2025-10-18T16:52:52+00:00,190,9.864,443.8,83,45.198412,5.724658
2025-10-18T16:52:53+00:00,190,9.864,444.0,83,45.19842,5.724623
2025-10-18T16:52:54+00:00,190,9.648000000000001,444.2,83,45.198429,5.7246
2025-10-18T16:52:55+00:00,190,9.144,444.6,83,45.198438,5.724567
2025-10-18T16:52:56+00:00,189,9.216000000000001,444.8,83,45.198455,5.724537
2025-10-18T16:52:57+00:00,190,8.64,445.2,83,45.198467,5.724515
2025-10-18T16:52:58+00:00,191,8.28,445.4,83,45.19848,5.724482
2025-10-18T16:52:59+00:00,190,7.632000000000001,445.6,83,45.198496,5.724487
2025-10-18T16:53:00+00:00,191,6.84,445.8,84,45.198511,5.724502
2025-10-18T16:53:01+00:00,191,6.6240000000000006,446.2,84,45.198519,5.724536
2025-10-18T16:53:02+00:00,191,6.48,446.4,84,45.198525,5.724555
2025-10-18T16:53:03+00:00,191,6.6240000000000006,446.8,84,45.198529,5.724587
2025-10-18T16:53:04+00:00,191,6.912,447.2,84,45.198532,5.724607
2025-10-18T16:53:05+00:00,190,7.488,447.4,84,45.198535,5.724634
2025-10-18T16:53:06+00:00,191,7.5600000000000005,447.8,83,45.198546,5.724669
2025-10-18T16:53:07+00:00,190,8.208,448.0,83,45.198555,5.724692
2025-10-18T16:53:08+00:00,190,8.352,448.4,83,45.198558,5.724726
2025-10-18T16:53:09+00:00,190,9.144,448.6,84,45.198564,5.724755
2025-10-18T16:53:10+00:00,191,8.64,449.0,84,45.198568,5.724777
2025-10-18T16:53:11+00:00,191,8.352,449.4,83,45.198569,5.72481
2025-10-18T16:53:12+00:00,189,8.28,449.8,83,45.198573,5.724837
2025-10-18T16:53:13+00:00,189,8.28,450.2,83,45.198574,5.72487
2025-10-18T16:53:14+00:00,189,8.064000000000002,450.8,83,45.19858,5.724903
2025-10-18T16:53:15+00:00,190,8.712,451.2,83,45.198585,5.724932
2025-10-18T16:53:16+00:00,190,9.432,451.6,83,45.198583,5.724978
2025-10-18T16:53:17+00:00,190,9.648000000000001,451.8,83,45.198584,5.725008
2025-10-18T16:53:18+00:00,189,9.792000000000002,452.2,83,45.198585,5.725043
2025-10-18T16:53:19+00:00,189,10.44,452.6,83,45.198587,5.725084
2025-10-18T16:53:20+00:00,190,10.224,453.0,82,45.198586,5.725105
2025-10-18T16:53:21+00:00,190,9.360000000000001,453.4,83,45.198584,5.725139
2025-10-18T16:53:22+00:00,190,9.360000000000001,453.8,83,45.198585,5.725175
2025-10-18T16:53:23+00:00,191,9.432,454.4,83,45.198592,5.725209
2025-10-18T16:53:24+00:00,191,9.504000000000001,454.6,84,45.198594,5.725254
2025-10-18T16:53:25+00:00,190,10.152,455.0,84,45.198597,5.725285
2025-10-18T16:53:26+00:00,190,10.872,455.2,84,45.198595,5.725323
2025-10-18T16:53:27+00:00,190,10.44,455.6,84,45.198593,5.725351
2025-10-18T16:53:28+00:00,191,10.008,455.6,84,45.198593,5.725382
2025-10-18T16:53:29+00:00,192,9.360000000000001,456.0,84,45.198591,5.725419
2025-10-18T16:53:30+00:00,191,8.856,456.2,84,45.198595,5.725444
2025-10-18T16:53:31+00:00,192,8.856,456.6,84,45.198593,5.725488
2025-10-18T16:53:32+00:00,192,9.072000000000001,456.8,84,45.198597,5.725521
2025-10-18T16:53:33+00:00,193,8.568,457.2,84,45.198608,5.725541
2025-10-18T16:53:34+00:00,192,8.064000000000002,457.6,83,45.198626,5.725555
2025-10-18T16:53:35+00:00,192,7.128,457.8,82,45.198636,5.725538
2025-10-18T16:53:36+00:00,192,6.12,458.0,80,45.198633,5.725518
2025-10-18T16:53:37+00:00,192,6.048,458.4,79,45.198631,5.725482
2025-10-18T16:53:38+00:00,192,6.696000000000001,458.6,79,45.198632,5.725453
2025-10-18T16:53:39+00:00,191,7.776000000000001,458.8,80,45.198627,5.725412
2025-10-18T16:53:40+00:00,191,9.0,459.2,81,45.198629,5.725378
2025-10-18T16:53:41+00:00,191,9.648000000000001,459.4,82,45.198625,5.725348
2025-10-18T16:53:42+00:00,193,10.08,459.6,83,45.198627,5.725308
2025-10-18T16:53:43+00:00,193,10.08,460.0,83,45.198629,5.725281
2025-10-18T16:53:44+00:00,191,9.288,460.2,83,45.198629,5.725253
2025-10-18T16:53:45+00:00,192,8.928,460.4,83,45.198631,5.725218
2025-10-18T16:53:46+00:00,191,8.856,460.6,84,45.198629,5.725189
2025-10-18T16:53:47+00:00,191,8.928,460.8,83,45.198626,5.725151
2025-10-18T16:53:48+00:00,190,9.144,460.8,83,45.198625,5.725116
2025-10-18T16:53:49+00:00,191,9.72,461.0,82,45.198624,5.725073
2025-10-18T16:53:50+00:00,191,10.584,461.0,82,45.198636,5.725028
2025-10-18T16:53:51+00:00,191,10.8,461.0,82,45.198649,5.725001
2025-10-18T16:53:52+00:00,191,10.728,461.0,82,45.198665,5.724966
2025-10-18T16:53:53+00:00,190,10.44,461.0,82,45.198683,5.724943
2025-10-18T16:53:54+00:00,191,9.864,460.8,83,45.198697,5.724919
2025-10-18T16:53:55+00:00,189,9.288,460.8,83,45.198707,5.724894
2025-10-18T16:53:56+00:00,190,7.776000000000001,460.8,83,45.198715,5.724899
2025-10-18T16:53:57+00:00,191,6.6240000000000006,460.8,83,45.198731,5.724893
2025-10-18T16:53:58+00:00,190,6.768,461.0,84,45.198753,5.724876
2025-10-18T16:53:59+00:00,191,6.408,461.2,84,45.198768,5.724872
2025-10-18T16:54:00+00:00,190,5.688000000000001,461.2,85,45.198787,5.724856
2025-10-18T16:54:01+00:00,190,6.912,461.2,85,45.198811,5.724839
2025-10-18T16:54:02+00:00,190,7.920000000000001,461.2,85,45.198834,5.724819
2025-10-18T16:54:03+00:00,189,7.848000000000001,461.2,85,45.198857,5.724808
2025-10-18T16:54:04+00:00,189,8.712,461.0,85,45.198881,5.724794
2025-10-18T16:54:05+00:00,188,9.576,461.2,85,45.198905,5.724778
2025-10-18T16:54:06+00:00,189,10.152,461.4,85,45.198925,5.724761
2025-10-18T16:54:07+00:00,189,10.368,461.6,85,45.19895,5.724737
2025-10-18T16:54:08+00:00,188,10.296,461.6,85,45.198971,5.724706
2025-10-18T16:54:09+00:00,189,11.016,461.4,85,45.198962,5.724665
2025-10-18T16:54:10+00:00,187,11.376000000000001,461.2,85,45.198972,5.724625
2025-10-18T16:54:11+00:00,186,11.232000000000001,461.0,84,45.198977,5.724585
2025-10-18T16:54:12+00:00,187,11.376000000000001,460.8,83,45.198991,5.724555
2025-10-18T16:54:13+00:00,185,12.312,460.6,83,45.199008,5.724515
2025-10-18T16:54:14+00:00,187,11.448,460.2,82,45.19903,5.724497
2025-10-18T16:54:15+00:00,186,11.304,459.8,82,45.199053,5.724463
2025-10-18T16:54:16+00:00,185,11.808,459.4,82,45.199087,5.724451
2025-10-18T16:54:17+00:00,186,11.879999999999999,459.0,81,45.199113,5.724432
2025-10-18T16:54:18+00:00,185,11.664000000000001,458.6,81,45.199138,5.724404
2025-10-18T16:54:19+00:00,185,12.528,458.4,81,45.199171,5.72438
2025-10-18T16:54:20+00:00,186,12.672,458.2,82,45.199195,5.724365
2025-10-18T16:54:21+00:00,186,12.168,457.8,86,45.199217,5.724362
2025-10-18T16:54:22+00:00,184,11.735999999999999,457.4,87,45.199245,5.724352
2025-10-18T16:54:23+00:00,185,11.304,457.0,86,45.199274,5.724352
2025-10-18T16:54:24+00:00,187,10.944,456.6,85,45.199307,5.724346
2025-10-18T16:54:25+00:00,186,11.16,456.4,84,45.199336,5.72433
2025-10-18T16:54:26+00:00,186,11.592,456.2,83,45.199368,5.724323
2025-10-18T16:54:27+00:00,187,12.096,456.2,83,45.199396,5.724314
2025-10-18T16:54:28+00:00,185,12.24,456.0,82,45.19942,5.724302
2025-10-18T16:54:29+00:00,186,12.384,456.2,82,45.199452,5.724302
2025-10-18T16:54:30+00:00,187,11.879999999999999,456.2,82,45.199475,5.7243
2025-10-18T16:54:31+00:00,185,11.376000000000001,456.2,83,45.199501,5.724301
2025-10-18T16:54:32+00:00,185,10.728,456.2,83,45.199524,5.724303
2025-10-18T16:54:33+00:00,185,10.512,456.4,83,45.199547,5.724298
2025-10-18T16:54:34+00:00,185,9.864,456.4,83,45.199571,5.724301
2025-10-18T16:54:35+00:00,185,9.144,456.4,83,45.199586,5.724301
2025-10-18T16:54:36+00:00,186,9.360000000000001,456.4,83,45.199619,5.724298
2025-10-18T16:54:37+00:00,184,9.432,456.6,84,45.199637,5.724298
2025-10-18T16:54:38+00:00,184,9.216000000000001,456.8,84,45.199659,5.724298
2025-10-18T16:54:39+00:00,183,9.0,456.8,84,45.199681,5.724303
2025-10-18T16:54:40+00:00,184,9.144,457.0,84,45.199699,5.724298
2025-10-18T16:54:41+00:00,183,8.784,457.4,84,45.199724,5.7243
2025-10-18T16:54:42+00:00,182,8.352,457.6,84,45.199739,5.724296
2025-10-18T16:54:43+00:00,182,8.064000000000002,458.0,84,45.199759,5.724292
2025-10-18T16:54:44+00:00,181,7.632000000000001,458.2,84,45.199777,5.724298
2025-10-18T16:54:45+00:00,182,7.632000000000001,458.6,84,45.199794,5.724294
2025-10-18T16:54:46+00:00,182,7.704000000000001,459.0,85,45.199821,5.724302
2025-10-18T16:54:47+00:00,182,7.920000000000001,459.2,85,45.199839,5.724301
2025-10-18T16:54:48+00:00,182,8.136,459.4,85,45.199861,5.724303
2025-10-18T16:54:49+00:00,183,8.64,459.8,86,45.199882,5.72431
2025-10-18T16:54:50+00:00,184,8.712,460.0,86,45.199902,5.72431
2025-10-18T16:54:51+00:00,182,8.352,460.2,85,45.199925,5.724317
2025-10-18T16:54:52+00:00,181,8.496,460.4,85,45.199945,5.724314
2025-10-18T16:54:53+00:00,182,8.784,460.6,85,45.199972,5.724319
2025-10-18T16:54:54+00:00,184,8.712,460.8,85,45.199989,5.724324
2025-10-18T16:54:55+00:00,185,8.928,461.0,85,45.200013,5.724331
2025-10-18T16:54:56+00:00,183,9.0,461.2,85,45.200033,5.724333
2025-10-18T16:54:57+00:00,183,8.856,461.4,85,45.200052,5.724327
2025-10-18T16:54:58+00:00,184,8.496,461.6,85,45.200075,5.724332
2025-10-18T16:54:59+00:00,185,8.28,462.0,85,45.200091,5.724324
2025-10-18T16:55:00+00:00,186,7.992000000000001,462.2,85,45.200114,5.724326
2025-10-18T16:55:01+00:00,184,8.064000000000002,462.4,85,45.200134,5.724335
2025-10-18T16:55:02+00:00,185,7.992000000000001,462.8,84,45.200155,5.724334
2025-10-18T16:55:03+00:00,186,8.28,463.2,85,45.20018,5.724338
2025-10-18T16:55:04+00:00,185,8.568,463.4,85,45.200201,5.724332
2025-10-18T16:55:05+00:00,184,8.712,463.6,85,45.200223,5.724339
2025-10-18T16:55:06+00:00,184,8.568,464.0,85,45.200241,5.724341
2025-10-18T16:55:07+00:00,184,8.712,464.2,85,45.200264,5.724342
2025-10-18T16:55:08+00:00,183,8.712,464.4,85,45.200289,5.724347
2025-10-18T16:55:09+00:00,183,8.64,464.6,84,45.200308,5.724345
2025-10-18T16:55:10+00:00,184,8.856,464.8,84,45.200335,5.724344
2025-10-18T16:55:11+00:00,184,9.144,465.0,84,45.200356,5.72434
2025-10-18T16:55:12+00:00,183,9.360000000000001,465.2,84,45.20038,5.724337
2025-10-18T16:55:13+00:00,183,9.432,465.4,84,45.200406,5.724345
2025-10-18T16:55:14+00:00,184,9.432,465.6,84,45.200424,5.724342
2025-10-18T16:55:15+00:00,184,9.360000000000001,465.8,84,45.200449,5.72435
2025-10-18T16:55:16+00:00,183,9.144,466.0,84,45.200468,5.724353
2025-10-18T16:55:17+00:00,182,9.072000000000001,466.2,84,45.200493,5.724358
2025-10-18T16:55:18+00:00,184,9.216000000000001,466.4,84,45.200519,5.724366
2025-10-18T16:55:19+00:00,184,9.144,466.6,84,45.200536,5.724367
2025-10-18T16:55:20+00:00,184,9.288,467.0,85,45.200563,5.72438
2025-10-18T16:55:21+00:00,183,9.144,467.2,84,45.20058,5.724379
2025-10-18T16:55:22+00:00,183,8.856,467.4,84,45.200602,5.724382
2025-10-18T16:55:23+00:00,183,8.064000000000002,467.8,84,45.200618,5.724393
2025-10-18T16:55:24+00:00,183,7.920000000000001,468.2,84,45.200638,5.724393
2025-10-18T16:55:25+00:00,184,7.344,468.4,84,45.200657,5.724405
2025-10-18T16:55:26+00:00,183,7.344,468.8,84,45.200677,5.724414
2025-10-18T16:55:27+00:00,183,7.2,469.0,84,45.200696,5.72442
2025-10-18T16:55:28+00:00,183,7.776000000000001,469.4,84,45.200718,5.724441
2025-10-18T16:55:29+00:00,183,7.848000000000001,469.6,84,45.200733,5.724453
2025-10-18T16:55:30+00:00,183,8.064000000000002,470.0,84,45.200745,5.724482
2025-10-18T16:55:31+00:00,184,7.920000000000001,470.4,84,45.200751,5.724501
2025-10-18T16:55:32+00:00,184,8.352,470.6,84,45.200761,5.724535
2025-10-18T16:55:33+00:00,184,8.496,471.0,84,45.200768,5.72457
2025-10-18T16:55:34+00:00,185,8.784,471.4,84,45.200776,5.724596
2025-10-18T16:55:35+00:00,184,9.216000000000001,471.8,84,45.200774,5.724637
2025-10-18T16:55:36+00:00,184,9.72,472.2,84,45.200772,5.724667
2025-10-18T16:55:37+00:00,184,9.72,472.6,84,45.200768,5.724697
2025-10-18T16:55:38+00:00,185,9.648000000000001,473.0,84,45.200765,5.724736
2025-10-18T16:55:39+00:00,184,9.648000000000001,473.2,84,45.200765,5.724763
2025-10-18T16:55:40+00:00,184,9.576,473.6,83,45.200761,5.724798
2025-10-18T16:55:41+00:00,186,9.072000000000001,474.0,83,45.200753,5.724824
2025-10-18T16:55:42+00:00,185,8.928,474.2,83,45.200755,5.724854
2025-10-18T16:55:43+00:00,185,9.0,474.6,84,45.200746,5.724893
2025-10-18T16:55:44+00:00,187,9.216000000000001,474.8,84,45.200742,5.724927
2025-10-18T16:55:45+00:00,187,9.792000000000002,475.0,84,45.200734,5.724973
2025-10-18T16:55:46+00:00,186,10.512,475.2,84,45.200727,5.725009
2025-10-18T16:55:47+00:00,186,10.728,475.4,84,45.200725,5.725041
2025-10-18T16:55:48+00:00,187,11.016,475.8,83,45.200715,5.725083
2025-10-18T16:55:49+00:00,185,10.872,476.0,83,45.200714,5.725115
2025-10-18T16:55:50+00:00,186,10.44,476.2,83,45.20071,5.725156
2025-10-18T16:55:51+00:00,187,10.8,476.4,83,45.200705,5.725201
2025-10-18T16:55:52+00:00,187,10.872,476.6,83,45.200708,5.725235
2025-10-18T16:55:53+00:00,186,11.232000000000001,476.8,83,45.200722,5.72528
2025-10-18T16:55:54+00:00,188,11.376000000000001,476.8,82,45.200733,5.725313
2025-10-18T16:55:55+00:00,185,11.16,477.0,82,45.200746,5.72534
2025-10-18T16:55:56+00:00,186,10.8,477.2,82,45.200761,5.725378
2025-10-18T16:55:57+00:00,186,10.512,477.2,82,45.200774,5.725406
2025-10-18T16:55:58+00:00,183,9.936,477.2,82,45.200799,5.725426
2025-10-18T16:55:59+00:00,186,10.08,477.4,82,45.200826,5.725443
2025-10-18T16:56:00+00:00,185,9.792000000000002,477.6,82,45.200848,5.725446
2025-10-18T16:56:01+00:00,184,10.008,477.8,82,45.200878,5.725453
2025-10-18T16:56:02+00:00,185,10.44,478.0,82,45.200902,5.725456
2025-10-18T16:56:03+00:00,183,9.864,478.4,83,45.200919,5.725455
2025-10-18T16:56:04+00:00,185,9.144,478.6,83,45.200934,5.725457
2025-10-18T16:56:05+00:00,185,8.712,478.8,83,45.200948,5.725455
2025-10-18T16:56:06+00:00,183,7.848000000000001,479.0,83,45.200966,5.725455
2025-10-18T16:56:07+00:00,184,6.84,479.2,60,45.20098,5.725459
2025-10-18T16:56:08+00:00,183,7.056,479.6,56,45.201003,5.725463
2025-10-18T16:56:09+00:00,183,7.056,479.8,54,45.201023,5.725464
2025-10-18T16:56:10+00:00,182,7.056,480.0,53,45.201037,5.725469
2025-10-18T16:56:11+00:00,184,6.6240000000000006,480.4,53,45.20105,5.725471
2025-10-18T16:56:12+00:00,183,6.336,480.6,53,45.20106,5.725468
2025-10-18T16:56:13+00:00,183,5.6160000000000005,480.8,53,45.201074,5.725467
2025-10-18T16:56:14+00:00,183,5.256,481.0,53,45.201089,5.725472
2025-10-18T16:56:15+00:00,182,5.112,481.2,52,45.201103,5.725474
2025-10-18T16:56:16+00:00,183,5.328,481.4,52,45.201116,5.725476
2025-10-18T16:56:17+00:00,182,5.904,481.6,53,45.201136,5.725483
2025-10-18T16:56:18+00:00,184,6.48,482.0,53,45.201157,5.725495
2025-10-18T16:56:19+00:00,183,6.768,482.2,82,45.20117,5.725497
2025-10-18T16:56:20+00:00,184,7.272,482.4,83,45.201189,5.725503
2025-10-18T16:56:21+00:00,185,7.416,482.8,83,45.201204,5.72551
2025-10-18T16:56:22+00:00,184,7.632000000000001,483.0,83,45.201225,5.725513
2025-10-18T16:56:23+00:00,185,7.920000000000001,483.2,83,45.201248,5.725526
2025-10-18T16:56:24+00:00,185,7.920000000000001,483.4,82,45.20126,5.725522
2025-10-18T16:56:25+00:00,186,7.848000000000001,483.8,83,45.201278,5.725535
2025-10-18T16:56:26+00:00,184,7.992000000000001,484.2,83,45.201296,5.725542
2025-10-18T16:56:27+00:00,185,7.704000000000001,484.4,83,45.201314,5.725543
2025-10-18T16:56:28+00:00,185,7.272,484.8,84,45.201337,5.725551
2025-10-18T16:56:29+00:00,184,7.704000000000001,485.0,84,45.201356,5.725552
2025-10-18T16:56:30+00:00,183,8.064000000000002,485.4,84,45.201379,5.72556
2025-10-18T16:56:31+00:00,184,7.632000000000001,485.6,84,45.201398,5.725563
2025-10-18T16:56:32+00:00,185,7.848000000000001,486.0,84,45.20142,5.725565
2025-10-18T16:56:33+00:00,185,8.352,486.2,84,45.201444,5.725577
2025-10-18T16:56:34+00:00,186,8.352,486.6,84,45.201463,5.725587
2025-10-18T16:56:35+00:00,187,8.712,487.0,83,45.201489,5.725599
2025-10-18T16:56:36+00:00,184,9.648000000000001,487.2,83,45.201512,5.725609
2025-10-18T16:56:37+00:00,186,9.72,487.4,83,45.20153,5.725605
2025-10-18T16:56:38+00:00,186,9.72,487.6,83,45.201556,5.72561
2025-10-18T16:56:39+00:00,186,9.072000000000001,487.8,83,45.201573,5.725614
2025-10-18T16:56:40+00:00,186,8.712,487.8,84,45.201595,5.72562
2025-10-18T16:56:41+00:00,188,8.64,488.2,84,45.201617,5.725634
2025-10-18T16:56:42+00:00,188,8.928,488.4,83,45.201639,5.72564
2025-10-18T16:56:43+00:00,187,8.784,488.6,83,45.20166,5.725649
2025-10-18T16:56:44+00:00,188,9.216000000000001,489.0,83,45.201679,5.725659
2025-10-18T16:56:45+00:00,187,9.072000000000001,489.2,83,45.201699,5.725664
2025-10-18T16:56:46+00:00,188,8.928,489.4,83,45.201719,5.725678
2025-10-18T16:56:47+00:00,188,8.424,489.6,83,45.201735,5.725682
2025-10-18T16:56:48+00:00,187,7.920000000000001,489.8,83,45.201751,5.725689
2025-10-18T16:56:49+00:00,189,7.776000000000001,490.0,83,45.201772,5.725703
2025-10-18T16:56:50+00:00,187,7.344,490.2,83,45.201788,5.725707
2025-10-18T16:56:51+00:00,188,7.704000000000001,490.6,83,45.201811,5.725727
2025-10-18T16:56:52+00:00,190,7.272,490.8,83,45.201824,5.725738
2025-10-18T16:56:53+00:00,188,7.992000000000001,491.0,83,45.201848,5.725744
2025-10-18T16:56:54+00:00,189,8.136,491.4,83,45.201869,5.725757
2025-10-18T16:56:55+00:00,189,8.712,491.6,83,45.201888,5.725762
2025-10-18T16:56:56+00:00,188,8.28,491.8,83,45.201908,5.72578
2025-10-18T16:56:57+00:00,190,9.288,492.0,83,45.201925,5.7258
2025-10-18T16:56:58+00:00,188,8.64,492.4,83,45.201943,5.725806
2025-10-18T16:56:59+00:00,189,8.64,492.6,83,45.201964,5.72582
2025-10-18T16:57:00+00:00,189,8.064000000000002,492.8,83,45.201977,5.725823
2025-10-18T16:57:01+00:00,189,7.920000000000001,493.2,83,45.201996,5.725828
2025-10-18T16:57:02+00:00,190,7.056,493.4,83,45.201994,5.72585
2025-10-18T16:57:03+00:00,189,6.48,493.6,83,45.201992,5.725864
2025-10-18T16:57:04+00:00,190,5.688000000000001,493.4,84,45.201998,5.725885
2025-10-18T16:57:05+00:00,188,5.688000000000001,493.2,84,45.20201,5.725903
2025-10-18T16:57:06+00:00,189,5.976,492.8,84,45.202032,5.725924
2025-10-18T16:57:07+00:00,189,6.48,492.4,83,45.202051,5.725939
2025-10-18T16:57:08+00:00,188,7.704000000000001,492.0,83,45.20207,5.725964
2025-10-18T16:57:09+00:00,188,8.496,491.8,84,45.202089,5.725974
2025-10-18T16:57:10+00:00,189,9.360000000000001,491.6,86,45.202111,5.725998
2025-10-18T16:57:11+00:00,190,9.576,491.4,87,45.202129,5.726031
2025-10-18T16:57:12+00:00,189,10.368,491.0,83,45.202148,5.72606
2025-10-18T16:57:13+00:00,188,10.656,490.6,83,45.20217,5.726087
2025-10-18T16:57:14+00:00,190,11.735999999999999,490.2,89,45.202196,5.726117
2025-10-18T16:57:15+00:00,190,11.808,489.6,90,45.202213,5.726146
2025-10-18T16:57:16+00:00,190,12.528,489.0,91,45.202242,5.726183
2025-10-18T16:57:17+00:00,189,12.096,488.6,91,45.202264,5.726202
2025-10-18T16:57:18+00:00,191,12.528,488.2,92,45.20229,5.726232
2025-10-18T16:57:19+00:00,189,12.096,487.8,92,45.202312,5.72625
2025-10-18T16:57:20+00:00,191,11.808,487.4,92,45.202336,5.726272
2025-10-18T16:57:21+00:00,192,11.088000000000001,487.2,92,45.202361,5.726289
2025-10-18T16:57:22+00:00,190,11.664000000000001,487.2,92,45.202389,5.726317
2025-10-18T16:57:23+00:00,190,11.448,487.0,90,45.202413,5.726335
2025-10-18T16:57:24+00:00,189,11.808,487.0,87,45.202447,5.726358
2025-10-18T16:57:25+00:00,190,12.024,486.8,88,45.20247,5.726372
2025-10-18T16:57:26+00:00,190,12.744,486.4,92,45.2025,5.726403
2025-10-18T16:57:27+00:00,189,12.744,486.0,93,45.20253,5.726426
2025-10-18T16:57:28+00:00,189,12.528,485.4,94,45.202557,5.726441
2025-10-18T16:57:29+00:00,188,12.6,485.0,97,45.202586,5.726475
2025-10-18T16:57:30+00:00,188,13.176,484.2,97,45.202609,5.726501
2025-10-18T16:57:31+00:00,189,13.032,483.6,96,45.202632,5.726531
2025-10-18T16:57:32+00:00,188,12.744,483.0,96,45.202653,5.726557
2025-10-18T16:57:33+00:00,188,12.672,482.4,90,45.202672,5.72659
2025-10-18T16:57:34+00:00,188,12.6,481.6,91,45.202689,5.72663
2025-10-18T16:57:35+00:00,188,12.384,481.0,92,45.202705,5.726663
2025-10-18T16:57:36+00:00,188,12.096,480.4,93,45.202714,5.726697
2025-10-18T16:57:37+00:00,187,11.952,479.6,98,45.202735,5.72673
2025-10-18T16:57:38+00:00,189,11.808,479.0,97,45.202754,5.726753
2025-10-18T16:57:39+00:00,188,11.088000000000001,478.4,91,45.202773,5.72677
2025-10-18T16:57:40+00:00,187,10.512,478.2,88,45.202792,5.726794
2025-10-18T16:57:41+00:00,189,9.72,478.0,87,45.202809,5.726816
2025-10-18T16:57:42+00:00,188,9.576,478.2,87,45.202827,5.72684
2025-10-18T16:57:43+00:00,187,8.928,478.4,87,45.202843,5.726859
2025-10-18T16:57:44+00:00,187,9.0,478.6,86,45.202864,5.726879
2025-10-18T16:57:45+00:00,187,8.496,478.8,86,45.20288,5.726901
2025-10-18T16:57:46+00:00,187,8.784,479.0,86,45.202898,5.726918
2025-10-18T16:57:47+00:00,187,8.712,479.4,86,45.202923,5.726936
2025-10-18T16:57:48+00:00,186,8.784,479.6,86,45.202943,5.726943
2025-10-18T16:57:49+00:00,184,8.856,480.0,85,45.202966,5.726955
2025-10-18T16:57:50+00:00,184,9.216000000000001,480.2,85,45.202987,5.726974
2025-10-18T16:57:51+00:00,184,9.072000000000001,480.4,85,45.203006,5.72699
2025-10-18T16:57:52+00:00,186,9.288,480.8,85,45.203032,5.727012
2025-10-18T16:57:53+00:00,186,9.936,481.0,85,45.203057,5.727025
2025-10-18T16:57:54+00:00,183,10.728,481.2,85,45.203084,5.727042
2025-10-18T16:57:55+00:00,184,10.728,481.4,85,45.203108,5.727052
2025-10-18T16:57:56+00:00,185,11.016,481.6,84,45.203133,5.727063
2025-10-18T16:57:57+00:00,184,10.872,481.8,84,45.203155,5.727074
2025-10-18T16:57:58+00:00,184,10.728,481.8,84,45.203179,5.727089
2025-10-18T16:57:59+00:00,185,10.872,482.0,84,45.203215,5.727106
2025-10-18T16:58:00+00:00,185,10.728,482.0,84,45.203236,5.727116
2025-10-18T16:58:01+00:00,185,10.872,482.0,83,45.20326,5.727131
2025-10-18T16:58:02+00:00,185,11.16,482.2,83,45.203285,5.727142
2025-10-18T16:58:03+00:00,185,11.16,482.2,83,45.20331,5.727157
2025-10-18T16:58:04+00:00,184,10.368,482.2,84,45.203337,5.727168
2025-10-18T16:58:05+00:00,184,11.16,482.4,84,45.203363,5.727184
2025-10-18T16:58:06+00:00,185,11.304,482.4,83,45.203386,5.727198
2025-10-18T16:58:07+00:00,184,10.872,482.4,83,45.203408,5.727211
2025-10-18T16:58:08+00:00,184,10.44,482.6,84,45.203429,5.727224
2025-10-18T16:58:09+00:00,184,9.864,482.6,84,45.203446,5.727249
2025-10-18T16:58:10+00:00,184,9.432,482.6,84,45.20347,5.727268
2025-10-18T16:58:11+00:00,184,9.432,482.8,84,45.203496,5.72728
2025-10-18T16:58:12+00:00,184,9.936,483.0,84,45.203521,5.727298
2025-10-18T16:58:13+00:00,186,10.728,483.2,84,45.20354,5.727317
2025-10-18T16:58:14+00:00,185,11.088000000000001,483.4,84,45.203557,5.727332
2025-10-18T16:58:15+00:00,184,11.16,483.8,84,45.203579,5.727349
2025-10-18T16:58:16+00:00,184,10.656,484.0,84,45.203597,5.727362
2025-10-18T16:58:17+00:00,185,9.864,484.4,84,45.203614,5.727384
2025-10-18T16:58:18+00:00,186,9.072000000000001,484.6,84,45.203632,5.727398
2025-10-18T16:58:19+00:00,184,8.856,484.8,85,45.203655,5.727417
2025-10-18T16:58:20+00:00,184,8.784,485.2,85,45.203676,5.727433
2025-10-18T16:58:21+00:00,186,9.648000000000001,485.4,85,45.203706,5.72745
2025-10-18T16:58:22+00:00,185,10.152,485.8,84,45.203728,5.727465
2025-10-18T16:58:23+00:00,185,10.368,486.0,84,45.203748,5.727476
2025-10-18T16:58:24+00:00,186,10.656,486.4,84,45.203772,5.727498
2025-10-18T16:58:25+00:00,186,10.296,486.6,84,45.203793,5.727515
2025-10-18T16:58:26+00:00,186,9.648000000000001,486.8,84,45.203815,5.727531
2025-10-18T16:58:27+00:00,186,9.72,487.0,84,45.203836,5.72755
2025-10-18T16:58:28+00:00,186,9.504000000000001,487.2,84,45.203854,5.727564
2025-10-18T16:58:29+00:00,187,9.216000000000001,487.4,84,45.203876,5.727586
2025-10-18T16:58:30+00:00,187,9.216000000000001,487.6,84,45.203898,5.727595
2025-10-18T16:58:31+00:00,187,9.216000000000001,487.8,84,45.203921,5.727614
2025-10-18T16:58:32+00:00,187,9.0,488.0,84,45.203941,5.727637
2025-10-18T16:58:33+00:00,186,9.792000000000002,488.4,84,45.203961,5.72766
2025-10-18T16:58:34+00:00,187,9.864,488.6,84,45.203987,5.727673
2025-10-18T16:58:35+00:00,187,9.864,488.8,84,45.204004,5.727686
2025-10-18T16:58:36+00:00,186,9.864,489.0,84,45.204026,5.727701
2025-10-18T16:58:37+00:00,187,10.008,489.2,83,45.204049,5.727719
2025-10-18T16:58:38+00:00,188,9.648000000000001,489.4,83,45.20407,5.727738
2025-10-18T16:58:39+00:00,186,9.72,489.6,83,45.204089,5.727762
2025-10-18T16:58:40+00:00,187,9.936,489.8,83,45.204104,5.727785
2025-10-18T16:58:41+00:00,188,9.936,489.8,83,45.204125,5.727803
2025-10-18T16:58:42+00:00,187,9.936,490.0,83,45.204145,5.727824
2025-10-18T16:58:43+00:00,187,9.504000000000001,490.2,83,45.20416,5.727841
2025-10-18T16:58:44+00:00,187,9.288,490.6,84,45.204177,5.727865
2025-10-18T16:58:45+00:00,186,9.216000000000001,490.8,84,45.20419,5.72789
2025-10-18T16:58:46+00:00,187,9.288,491.0,84,45.204207,5.727913
2025-10-18T16:58:47+00:00,188,9.216000000000001,491.2,84,45.204225,5.727938
2025-10-18T16:58:48+00:00,186,9.360000000000001,491.6,84,45.204243,5.727952
2025-10-18T16:58:49+00:00,188,9.504000000000001,491.8,84,45.204261,5.727981
2025-10-18T16:58:50+00:00,188,9.72,492.0,84,45.204276,5.728006
2025-10-18T16:58:51+00:00,187,9.288,492.4,84,45.204292,5.728021
2025-10-18T16:58:52+00:00,187,9.144,492.6,84,45.20431,5.728048
2025-10-18T16:58:53+00:00,188,9.216000000000001,492.8,84,45.204325,5.72807
2025-10-18T16:58:54+00:00,187,9.864,493.0,83,45.204347,5.728098
2025-10-18T16:58:55+00:00,188,9.792000000000002,493.2,83,45.204366,5.728126
2025-10-18T16:58:56+00:00,189,9.936,493.4,83,45.204387,5.728138
2025-10-18T16:58:57+00:00,188,10.368,493.4,83,45.204411,5.728165
2025-10-18T16:58:58+00:00,188,10.584,493.6,83,45.204434,5.72818
2025-10-18T16:58:59+00:00,189,10.224,493.8,84,45.204459,5.728203
2025-10-18T16:59:00+00:00,189,10.872,493.8,84,45.204485,5.728226
2025-10-18T16:59:01+00:00,189,11.232000000000001,493.8,83,45.20451,5.728241
2025-10-18T16:59:02+00:00,189,11.448,494.0,83,45.204538,5.72826
2025-10-18T16:59:03+00:00,190,11.664000000000001,493.8,83,45.204563,5.728282
2025-10-18T16:59:04+00:00,190,12.528,494.0,83,45.204594,5.728303
2025-10-18T16:59:05+00:00,188,12.24,494.0,83,45.204619,5.728324
2025-10-18T16:59:06+00:00,188,12.24,494.2,84,45.20464,5.728337
2025-10-18T16:59:07+00:00,189,12.456,494.4,84,45.204669,5.728366
2025-10-18T16:59:08+00:00,189,11.952,494.4,84,45.204686,5.728383
2025-10-18T16:59:09+00:00,190,11.016,494.6,84,45.204704,5.728406
2025-10-18T16:59:10+00:00,190,10.44,494.8,85,45.20472,5.728428
2025-10-18T16:59:11+00:00,190,10.008,495.2,84,45.204739,5.728445
2025-10-18T16:59:12+00:00,189,9.576,495.6,84,45.204763,5.728472
2025-10-18T16:59:13+00:00,188,9.864,495.8,84,45.204786,5.728485
2025-10-18T16:59:14+00:00,188,9.936,496.0,84,45.204813,5.728497
2025-10-18T16:59:15+00:00,189,10.368,496.2,84,45.204842,5.728519
2025-10-18T16:59:16+00:00,189,10.944,496.2,83,45.204866,5.728528
2025-10-18T16:59:17+00:00,187,11.232000000000001,496.2,83,45.204896,5.728547
2025-10-18T16:59:18+00:00,189,11.735999999999999,496.2,83,45.204926,5.72857
2025-10-18T16:59:19+00:00,188,12.024,496.4,83,45.204951,5.728578
2025-10-18T16:59:20+00:00,188,12.744,496.4,83,45.204987,5.7286
2025-10-18T16:59:21+00:00,187,12.744,496.4,82,45.205011,5.728617
2025-10-18T16:59:22+00:00,187,13.176,496.4,83,45.205044,5.728633
2025-10-18T16:59:23+00:00,189,12.96,496.2,85,45.205068,5.728655
2025-10-18T16:59:24+00:00,189,13.032,496.2,84,45.205097,5.728675
2025-10-18T16:59:25+00:00,188,13.176,496.0,84,45.205124,5.728704
2025-10-18T16:59:26+00:00,189,13.032,495.8,84,45.205145,5.728726
2025-10-18T16:59:27+00:00,190,12.384,495.6,85,45.205166,5.728757
2025-10-18T16:59:28+00:00,190,11.952,495.4,87,45.205186,5.728777
2025-10-18T16:59:29+00:00,188,11.304,495.0,87,45.205204,5.728809
2025-10-18T16:59:30+00:00,189,10.512,494.6,87,45.205222,5.72884
2025-10-18T16:59:31+00:00,189,11.664000000000001,494.2,88,45.205249,5.728878
2025-10-18T16:59:32+00:00,190,11.664000000000001,493.6,88,45.205275,5.728897
2025-10-18T16:59:33+00:00,190,12.384,493.2,88,45.205302,5.728913
2025-10-18T16:59:34+00:00,189,12.96,492.8,85,45.205334,5.728936
2025-10-18T16:59:35+00:00,190,12.888,492.6,85,45.205359,5.728954
2025-10-18T16:59:36+00:00,190,12.384,492.4,85,45.20539,5.728979
2025-10-18T16:59:37+00:00,189,12.024,492.4,85,45.205416,5.728992
2025-10-18T16:59:38+00:00,191,12.024,492.4,85,45.205441,5.729014
2025-10-18T16:59:39+00:00,190,11.952,492.4,85,45.205469,5.729035
2025-10-18T16:59:40+00:00,189,12.096,492.4,85,45.205495,5.729044
2025-10-18T16:59:41+00:00,190,11.520000000000001,492.4,84,45.205519,5.729057
2025-10-18T16:59:42+00:00,190,11.879999999999999,492.4,84,45.205545,5.729073
2025-10-18T16:59:43+00:00,190,11.376000000000001,492.2,84,45.205572,5.729095
2025-10-18T16:59:44+00:00,189,11.232000000000001,492.2,84,45.205601,5.729119
2025-10-18T16:59:45+00:00,186,12.024,491.8,84,45.205634,5.729136
2025-10-18T16:59:46+00:00,187,12.168,491.6,84,45.205661,5.729162
2025-10-18T16:59:47+00:00,188,12.24,491.4,84,45.205685,5.729181
2025-10-18T16:59:48+00:00,186,12.744,491.4,84,45.205709,5.729207
2025-10-18T16:59:49+00:00,186,12.672,491.4,84,45.205731,5.72923
2025-10-18T16:59:50+00:00,186,11.520000000000001,491.4,85,45.205755,5.729254
2025-10-18T16:59:51+00:00,188,11.735999999999999,491.6,86,45.205778,5.729286
2025-10-18T16:59:52+00:00,186,11.952,491.4,85,45.205801,5.72931
2025-10-18T16:59:53+00:00,186,11.879999999999999,491.4,85,45.205831,5.729335
2025-10-18T16:59:54+00:00,186,12.384,491.4,86,45.205854,5.729354
2025-10-18T16:59:55+00:00,187,12.888,491.2,80,45.205884,5.72939
2025-10-18T16:59:56+00:00,186,13.536,491.2,81,45.205921,5.729401
2025-10-18T16:59:57+00:00,185,13.968,491.2,85,45.20596,5.729421
2025-10-18T16:59:58+00:00,186,14.472,491.2,86,45.205992,5.729429
2025-10-18T16:59:59+00:00,186,14.472,491.2,86,45.206022,5.72945
2025-10-18T17:00:00+00:00,188,15.048,491.0,86,45.20605,5.729477
2025-10-18T17:00:01+00:00,186,14.04,491.0,87,45.206076,5.729502
2025-10-18T17:00:02+00:00,186,13.032,490.8,90,45.206098,5.729527
2025-10-18T17:00:03+00:00,186,12.888,490.6,90,45.206131,5.729554
2025-10-18T17:00:04+00:00,185,13.392000000000001,490.6,88,45.206156,5.729595
2025-10-18T17:00:05+00:00,187,13.104000000000001,490.4,87,45.206186,5.729615
2025-10-18T17:00:06+00:00,187,13.536,490.4,87,45.20621,5.729647
2025-10-18T17:00:07+00:00,187,13.68,490.6,86,45.206228,5.729669
2025-10-18T17:00:08+00:00,187,12.888,490.8,86,45.206251,5.729695
2025-10-18T17:00:09+00:00,187,12.24,491.0,85,45.206278,5.729726
2025-10-18T17:00:10+00:00,187,11.735999999999999,491.0,85,45.2063,5.729739
2025-10-18T17:00:11+00:00,187,11.304,491.2,85,45.206326,5.729757
2025-10-18T17:00:12+00:00,188,11.16,491.2,85,45.206346,5.72977
2025-10-18T17:00:13+00:00,187,11.448,491.2,85,45.20637,5.729806
2025-10-18T17:00:14+00:00,189,11.232000000000001,491.0,86,45.206389,5.72983
2025-10-18T17:00:15+00:00,187,11.232000000000001,491.0,87,45.20641,5.729855
2025-10-18T17:00:16+00:00,187,10.728,490.8,88,45.206428,5.729876
2025-10-18T17:00:17+00:00,187,10.512,490.8,90,45.206446,5.729896
2025-10-18T17:00:18+00:00,188,9.216000000000001,490.8,90,45.206458,5.729897
2025-10-18T17:00:19+00:00,187,6.912,490.8,94,45.206455,5.729898
2025-10-18T17:00:20+00:00,187,4.968,490.8,94,45.206459,5.729906
2025-10-18T17:00:21+00:00,186,4.104,490.8,94,45.20647,5.729917
2025-10-18T17:00:22+00:00,187,4.464,491.0,71,45.206492,5.729947
2025-10-18T17:00:23+00:00,186,5.328,491.0,79,45.206511,5.729962
2025-10-18T17:00:24+00:00,186,7.920000000000001,491.0,85,45.206537,5.729994
2025-10-18T17:00:25+00:00,185,9.792000000000002,491.0,87,45.206557,5.730014
2025-10-18T17:00:26+00:00,184,11.808,491.0,87,45.206593,5.730042
2025-10-18T17:00:27+00:00,184,11.952,491.2,87,45.206619,5.73006
2025-10-18T17:00:28+00:00,185,12.888,491.0,87,45.206652,5.730088
2025-10-18T17:00:29+00:00,186,13.032,491.0,87,45.20668,5.730119
2025-10-18T17:00:30+00:00,183,14.112,491.0,86,45.206714,5.730145
2025-10-18T17:00:31+00:00,184,14.4,491.0,86,45.206749,5.730176
2025-10-18T17:00:32+00:00,184,15.408000000000001,490.8,87,45.206781,5.730204
2025-10-18T17:00:33+00:00,186,15.624,490.8,86,45.206811,5.730228
2025-10-18T17:00:34+00:00,185,14.76,491.0,85,45.20683,5.730244
2025-10-18T17:00:35+00:00,184,13.895999999999999,491.0,86,45.206856,5.730265
2025-10-18T17:00:36+00:00,184,12.888,491.2,86,45.206877,5.730289
2025-10-18T17:00:37+00:00,186,11.520000000000001,491.4,86,45.2069,5.730303
2025-10-18T17:00:38+00:00,185,11.016,491.8,85,45.206929,5.730321
2025-10-18T17:00:39+00:00,184,11.016,492.0,86,45.206948,5.730324
2025-10-18T17:00:40+00:00,185,10.008,492.4,86,45.206965,5.730345
2025-10-18T17:00:41+00:00,186,9.648000000000001,492.6,85,45.206981,5.730373
2025-10-18T17:00:42+00:00,185,9.576,493.0,85,45.206999,5.730398
2025-10-18T17:00:43+00:00,187,8.784,493.2,85,45.20702,5.730421
2025-10-18T17:00:44+00:00,186,9.936,493.4,85,45.207052,5.730451
2025-10-18T17:00:45+00:00,186,11.304,493.4,85,45.207079,5.730475
2025-10-18T17:00:46+00:00,187,12.168,493.6,85,45.207109,5.730499
2025-10-18T17:00:47+00:00,190,12.384,493.8,70,45.207131,5.730507
2025-10-18T17:00:48+00:00,190,13.032,494.0,75,45.20716,5.730521
2025-10-18T17:00:49+00:00,190,11.16,494.2,80,45.207172,5.730535
2025-10-18T17:00:50+00:00,190,10.368,494.4,81,45.207193,5.73055
2025-10-18T17:00:51+00:00,191,9.72,494.6,82,45.207215,5.730578
2025-10-18T17:00:52+00:00,191,9.504000000000001,494.8,82,45.207233,5.730595
2025-10-18T17:00:53+00:00,190,9.72,494.8,83,45.207264,5.730617
2025-10-18T17:00:54+00:00,190,10.296,494.8,83,45.207283,5.730636
2025-10-18T17:00:55+00:00,191,11.016,494.8,82,45.207306,5.730656
2025-10-18T17:00:56+00:00,190,11.088000000000001,494.6,82,45.20733,5.730682
2025-10-18T17:00:57+00:00,191,11.088000000000001,494.6,82,45.20735,5.730697
2025-10-18T17:00:58+00:00,189,10.008,494.6,81,45.207372,5.730719
2025-10-18T17:00:59+00:00,189,11.232000000000001,494.4,81,45.207397,5.730755
2025-10-18T17:01:00+00:00,188,10.872,494.2,82,45.207422,5.73078
2025-10-18T17:01:01+00:00,188,11.664000000000001,494.0,83,45.207449,5.73081
2025-10-18T17:01:02+00:00,190,12.024,494.0,83,45.207475,5.730825
2025-10-18T17:01:03+00:00,188,12.672,494.0,83,45.207499,5.730843
2025-10-18T17:01:04+00:00,189,12.24,494.0,83,45.207523,5.730873
2025-10-18T17:01:05+00:00,189,12.096,494.2,83,45.207538,5.730898
2025-10-18T17:01:06+00:00,189,11.088000000000001,494.6,83,45.207555,5.730922
2025-10-18T17:01:07+00:00,190,10.872,494.8,83,45.207574,5.730953
2025-10-18T17:01:08+00:00,188,10.296,494.8,83,45.207591,5.730975
2025-10-18T17:01:09+00:00,189,10.512,494.8,82,45.207615,5.731004
2025-10-18T17:01:10+00:00,190,10.512,495.0,82,45.207638,5.73103
2025-10-18T17:01:11+00:00,188,10.944,494.8,82,45.207658,5.731054
2025-10-18T17:01:12+00:00,190,11.304,494.8,82,45.207673,5.731089
2025-10-18T17:01:13+00:00,189,11.592,494.6,82,45.207695,5.731115
2025-10-18T17:01:14+00:00,189,11.088000000000001,494.6,82,45.207719,5.731136
2025-10-18T17:01:15+00:00,190,11.088000000000001,494.4,82,45.207734,5.73117
2025-10-18T17:01:16+00:00,189,11.016,494.4,82,45.207758,5.731191
2025-10-18T17:01:17+00:00,189,10.8,494.2,83,45.207778,5.731215
2025-10-18T17:01:18+00:00,189,10.944,494.0,90,45.207797,5.731233
2025-10-18T17:01:19+00:00,188,10.872,493.8,90,45.207823,5.731254
2025-10-18T17:01:20+00:00,189,11.088000000000001,493.2,90,45.207845,5.731282
2025-10-18T17:01:21+00:00,189,11.088000000000001,492.8,90,45.207862,5.731314
2025-10-18T17:01:22+00:00,187,10.512,492.6,89,45.207873,5.731337
2025-10-18T17:01:23+00:00,188,10.584,492.4,86,45.207886,5.731375
2025-10-18T17:01:24+00:00,188,10.44,492.0,91,45.207898,5.73141
2025-10-18T17:01:25+00:00,187,10.008,491.6,96,45.207908,5.731449
2025-10-18T17:01:26+00:00,188,10.44,491.0,97,45.207922,5.731485
2025-10-18T17:01:27+00:00,187,11.088000000000001,490.2,99,45.207928,5.731529
2025-10-18T17:01:28+00:00,187,11.664000000000001,489.2,104,45.207934,5.731569
2025-10-18T17:01:29+00:00,188,11.952,488.2,104,45.20794,5.731612
2025-10-18T17:01:30+00:00,187,12.456,487.2,105,45.207953,5.731647
2025-10-18T17:01:31+00:00,189,12.456,486.4,103,45.207971,5.731695
2025-10-18T17:01:32+00:00,189,12.312,485.6,101,45.207986,5.731726
2025-10-18T17:01:33+00:00,188,12.6,484.8,96,45.208014,5.731771
2025-10-18T17:01:34+00:00,188,12.888,484.2,91,45.208031,5.731808
2025-10-18T17:01:35+00:00,188,13.248000000000001,483.8,89,45.208053,5.731849
2025-10-18T17:01:36+00:00,190,13.176,483.4,88,45.208074,5.731878
2025-10-18T17:01:37+00:00,189,13.32,483.0,89,45.208095,5.731905
2025-10-18T17:01:38+00:00,188,12.744,482.6,88,45.208107,5.731947
2025-10-18T17:01:39+00:00,188,12.24,482.4,87,45.208121,5.731978
2025-10-18T17:01:40+00:00,189,11.808,482.0,89,45.208135,5.732022
2025-10-18T17:01:41+00:00,190,11.16,481.8,88,45.208144,5.732051
2025-10-18T17:01:42+00:00,188,11.016,481.6,87,45.20816,5.732083
2025-10-18T17:01:43+00:00,186,10.872,481.4,84,45.208177,5.732116
2025-10-18T17:01:44+00:00,187,11.232000000000001,481.2,85,45.208193,5.732147
2025-10-18T17:01:45+00:00,186,11.520000000000001,481.0,84,45.208205,5.732192
2025-10-18T17:01:46+00:00,185,11.952,480.8,84,45.208219,5.732226
2025-10-18T17:01:47+00:00,186,12.6,480.2,85,45.208239,5.732272
2025-10-18T17:01:48+00:00,187,13.464,479.8,85,45.208264,5.732307
2025-10-18T17:01:49+00:00,185,13.824,479.4,87,45.208285,5.732357
2025-10-18T17:01:50+00:00,186,14.04,478.8,89,45.2083,5.732399
2025-10-18T17:01:51+00:00,185,15.408000000000001,478.4,90,45.208321,5.732459
2025-10-18T17:01:52+00:00,184,15.192,478.0,89,45.208336,5.732502
2025-10-18T17:01:53+00:00,184,15.912,477.6,86,45.208359,5.732556
2025-10-18T17:01:54+00:00,187,16.2,477.2,86,45.208381,5.732603
2025-10-18T17:01:55+00:00,186,16.272,477.2,86,45.208405,5.732635
2025-10-18T17:01:56+00:00,185,15.552000000000001,477.0,86,45.208428,5.732677
2025-10-18T17:01:57+00:00,184,15.192,477.0,85,45.208442,5.732711
2025-10-18T17:01:58+00:00,185,13.968,476.8,85,45.20846,5.732751
2025-10-18T17:01:59+00:00,185,12.744,476.8,85,45.208477,5.732765
2025-10-18T17:02:00+00:00,185,10.728,477.0,85,45.20849,5.732758
2025-10-18T17:02:01+00:00,185,8.352,477.0,85,45.208503,5.732757
2025-10-18T17:02:02+00:00,185,7.128,477.2,86,45.208518,5.732764
2025-10-18T17:02:03+00:00,185,5.328,477.6,86,45.208531,5.732765
2025-10-18T17:02:04+00:00,184,4.5360000000000005,477.8,86,45.208541,5.732766
2025-10-18T17:02:05+00:00,184,4.5360000000000005,478.4,81,45.20855,5.732758
2025-10-18T17:02:06+00:00,184,4.680000000000001,478.8,81,45.208562,5.732755
2025-10-18T17:02:07+00:00,185,4.392,479.2,36,45.20857,5.732759
2025-10-18T17:02:08+00:00,185,4.5360000000000005,479.8,28,45.208575,5.732777
2025-10-18T17:02:09+00:00,184,4.5360000000000005,480.2,29,45.208586,5.732796
2025-10-18T17:02:10+00:00,183,5.112,480.6,29,45.208601,5.732811
2025-10-18T17:02:11+00:00,184,5.5440000000000005,481.0,32,45.208613,5.732821
2025-10-18T17:02:12+00:00,184,5.760000000000001,481.4,42,45.208624,5.732833
2025-10-18T17:02:13+00:00,184,5.760000000000001,481.6,52,45.208634,5.732843
2025-10-18T17:02:14+00:00,185,5.328,482.0,58,45.208643,5.732851
2025-10-18T17:02:15+00:00,185,4.752000000000001,482.2,55,45.208656,5.732858
2025-10-18T17:02:16+00:00,185,4.5360000000000005,482.6,55,45.208669,5.73287
2025-10-18T17:02:17+00:00,186,4.32,482.8,50,45.208679,5.73287
2025-10-18T17:02:18+00:00,186,3.8880000000000003,483.2,42,45.208687,5.732867
2025-10-18T17:02:19+00:00,186,3.384,483.6,44,45.208691,5.732873
2025-10-18T17:02:20+00:00,186,2.952,484.0,44,45.208699,5.732869
2025-10-18T17:02:21+00:00,186,2.664,484.4,49,45.208708,5.732875
2025-10-18T17:02:22+00:00,185,2.664,484.8,49,45.208716,5.732877
2025-10-18T17:02:23+00:00,186,3.024,485.2,40,45.208725,5.732882
2025-10-18T17:02:24+00:00,186,3.528,485.4,37,45.208732,5.732897
2025-10-18T17:02:25+00:00,187,4.176,485.8,36,45.20874,5.732909
2025-10-18T17:02:26+00:00,186,4.176,486.4,52,45.208748,5.732921
2025-10-18T17:02:27+00:00,186,4.104,486.6,61,45.208758,5.73293
2025-10-18T17:02:28+00:00,186,4.104,487.0,63,45.20877,5.732938
2025-10-18T17:02:29+00:00,185,4.32,487.2,57,45.208782,5.732939
2025-10-18T17:02:30+00:00,185,3.6,487.6,56,45.20879,5.732936
2025-10-18T17:02:31+00:00,186,3.3120000000000003,487.8,55,45.208795,5.732931
2025-10-18T17:02:32+00:00,185,3.528,488.0,55,45.2088,5.732925
2025-10-18T17:02:33+00:00,186,3.096,488.4,55,45.208797,5.732914
2025-10-18T17:02:34+00:00,187,2.8080000000000003,488.8,55,45.208797,5.732905
2025-10-18T17:02:35+00:00,187,3.384,489.0,55,45.2088,5.732888
2025-10-18T17:02:36+00:00,188,3.8160000000000003,489.6,54,45.208799,5.732872
2025-10-18T17:02:37+00:00,188,4.176,489.8,52,45.208801,5.732853
2025-10-18T17:02:38+00:00,186,4.6080000000000005,490.2,52,45.208802,5.732836
2025-10-18T17:02:39+00:00,187,4.824000000000001,490.6,51,45.208802,5.732825
2025-10-18T17:02:40+00:00,188,4.248,491.0,50,45.208801,5.732817
2025-10-18T17:02:41+00:00,187,3.672,491.2,49,45.208799,5.732808
2025-10-18T17:02:42+00:00,188,3.024,491.6,50,45.208798,5.732799
2025-10-18T17:02:43+00:00,189,2.664,492.0,51,45.208798,5.732785
2025-10-18T17:02:44+00:00,188,3.024,492.2,52,45.2088,5.732768
2025-10-18T17:02:45+00:00,189,4.104,492.6,53,45.208803,5.732748
2025-10-18T17:02:46+00:00,189,4.680000000000001,493.0,53,45.208816,5.73274
2025-10-18T17:02:47+00:00,188,4.968,493.4,53,45.208815,5.732719
2025-10-18T17:02:48+00:00,189,5.04,493.8,53,45.208817,5.732706
2025-10-18T17:02:49+00:00,190,4.6080000000000005,494.2,53,45.208818,5.732691
2025-10-18T17:02:50+00:00,190,3.8160000000000003,494.4,53,45.208817,5.732677
2025-10-18T17:02:51+00:00,190,3.6,494.8,54,45.208814,5.732662
2025-10-18T17:02:52+00:00,188,4.176,495.2,54,45.208811,5.73264
2025-10-18T17:02:53+00:00,190,4.464,495.4,53,45.208808,5.732625
2025-10-18T17:02:54+00:00,189,4.680000000000001,495.8,53,45.208803,5.732605
2025-10-18T17:02:55+00:00,189,5.6160000000000005,496.2,72,45.208795,5.732578
2025-10-18T17:02:56+00:00,189,6.768,496.6,81,45.208783,5.732548
2025-10-18T17:02:57+00:00,189,7.056,496.8,81,45.208772,5.732524
2025-10-18T17:02:58+00:00,189,8.568,497.0,82,45.208758,5.73249
2025-10-18T17:02:59+00:00,189,9.576,497.2,82,45.208746,5.732462
2025-10-18T17:03:00+00:00,189,10.224,497.2,82,45.208724,5.732436
2025-10-18T17:03:01+00:00,189,10.656,497.2,82,45.208714,5.732401
2025-10-18T17:03:02+00:00,187,10.872,497.2,83,45.208703,5.732372
2025-10-18T17:03:03+00:00,189,10.656,497.4,84,45.208692,5.732329
2025-10-18T17:03:04+00:00,190,10.584,497.6,84,45.208686,5.732302
2025-10-18T17:03:05+00:00,188,10.152,497.8,84,45.208674,5.73227
2025-10-18T17:03:06+00:00,188,9.936,498.2,84,45.208665,5.732237
2025-10-18T17:03:07+00:00,189,9.576,498.4,84,45.208648,5.73222
2025-10-18T17:03:08+00:00,188,9.432,498.8,84,45.208629,5.732191
2025-10-18T17:03:09+00:00,189,9.504000000000001,498.8,84,45.208614,5.732162
2025-10-18T17:03:10+00:00,188,9.792000000000002,499.0,83,45.208594,5.732137
2025-10-18T17:03:11+00:00,187,9.72,499.2,83,45.208578,5.732105
2025-10-18T17:03:12+00:00,189,10.296,499.2,83,45.208558,5.732077
2025-10-18T17:03:13+00:00,188,10.584,499.4,83,45.208537,5.732044
2025-10-18T17:03:14+00:00,188,11.376000000000001,499.6,83,45.208519,5.732003
2025-10-18T17:03:15+00:00,188,11.808,500.0,83,45.2085,5.731972
2025-10-18T17:03:16+00:00,189,12.816,500.2,83,45.208486,5.731925
2025-10-18T17:03:17+00:00,189,12.744,500.4,84,45.20848,5.731895
2025-10-18T17:03:18+00:00,188,12.24,500.8,84,45.20847,5.731863
2025-10-18T17:03:19+00:00,189,10.8,501.0,83,45.208462,5.731846
2025-10-18T17:03:20+00:00,189,9.504000000000001,501.4,83,45.208455,5.73183
2025-10-18T17:03:21+00:00,188,7.416,501.6,66,45.208448,5.731816
2025-10-18T17:03:22+00:00,188,6.408,501.8,63,45.208444,5.731797
2025-10-18T17:03:23+00:00,188,5.760000000000001,502.2,62,45.208437,5.731777
2025-10-18T17:03:24+00:00,187,5.256,502.4,59,45.208431,5.731768
2025-10-18T17:03:25+00:00,188,4.968,502.8,49,45.208424,5.731756
2025-10-18T17:03:26+00:00,189,4.968,503.2,54,45.208421,5.731738
2025-10-18T17:03:27+00:00,188,5.112,503.6,56,45.208418,5.731715
2025-10-18T17:03:28+00:00,187,4.968,503.8,56,45.208411,5.731698
2025-10-18T17:03:29+00:00,189,5.688000000000001,504.2,55,45.208399,5.731671
2025-10-18T17:03:30+00:00,190,6.336,504.4,75,45.208387,5.731647
2025-10-18T17:03:31+00:00,188,7.632000000000001,504.8,74,45.208379,5.73162
2025-10-18T17:03:32+00:00,188,7.776000000000001,505.0,75,45.208363,5.731605
2025-10-18T17:03:33+00:00,189,8.424,505.4,79,45.208347,5.731578
2025-10-18T17:03:34+00:00,189,8.28,505.8,80,45.20834,5.731558
2025-10-18T17:03:35+00:00,189,8.496,506.0,79,45.208325,5.731533
2025-10-18T17:03:36+00:00,189,7.992000000000001,506.4,79,45.208311,5.731505
2025-10-18T17:03:37+00:00,190,8.64,506.8,80,45.208303,5.731475
2025-10-18T17:03:38+00:00,190,8.28,507.2,80,45.208289,5.731458
2025-10-18T17:03:39+00:00,189,9.072000000000001,507.4,80,45.208271,5.731426
2025-10-18T17:03:40+00:00,189,8.928,507.8,80,45.208261,5.731403
2025-10-18T17:03:41+00:00,188,9.504000000000001,508.2,80,45.208241,5.731379
2025-10-18T17:03:42+00:00,189,9.288,508.4,80,45.208226,5.731352
2025-10-18T17:03:43+00:00,188,9.504000000000001,508.6,81,45.208209,5.73134
2025-10-18T17:03:44+00:00,190,8.712,508.8,81,45.208194,5.731327
2025-10-18T17:03:45+00:00,190,8.208,509.0,81,45.208181,5.731313
2025-10-18T17:03:46+00:00,190,6.768,509.2,81,45.208171,5.73131
2025-10-18T17:03:47+00:00,190,6.408,509.4,79,45.208158,5.731296
2025-10-18T17:03:48+00:00,188,5.472,509.8,58,45.208151,5.731288
2025-10-18T17:03:49+00:00,189,4.752000000000001,510.0,57,45.208146,5.731281
2025-10-18T17:03:50+00:00,189,4.6080000000000005,510.2,56,45.208136,5.731266
2025-10-18T17:03:51+00:00,189,5.184,510.6,55,45.208124,5.731243
2025-10-18T17:03:52+00:00,189,4.968,510.8,55,45.208118,5.731231
2025-10-18T17:03:53+00:00,188,5.184,511.0,55,45.20811,5.731219
2025-10-18T17:03:54+00:00,189,6.048,511.2,55,45.208099,5.731194
2025-10-18T17:03:55+00:00,190,6.192,511.6,55,45.208089,5.731177
2025-10-18T17:03:56+00:00,188,6.192,511.8,56,45.20808,5.731158
2025-10-18T17:03:57+00:00,188,6.12,512.0,56,45.208072,5.731143
2025-10-18T17:03:58+00:00,188,6.048,512.2,56,45.208067,5.73113
2025-10-18T17:03:59+00:00,189,5.5440000000000005,512.6,56,45.208063,5.731112
2025-10-18T17:04:00+00:00,188,5.4,512.8,56,45.208059,5.731094
2025-10-18T17:04:01+00:00,190,4.896000000000001,513.0,53,45.208055,5.731076
2025-10-18T17:04:02+00:00,188,4.752000000000001,513.4,53,45.208049,5.731061
2025-10-18T17:04:03+00:00,190,5.5440000000000005,513.6,54,45.208044,5.731038
2025-10-18T17:04:04+00:00,190,5.472,513.8,54,45.20804,5.731025
2025-10-18T17:04:05+00:00,188,5.328,514.2,55,45.208036,5.731011
2025-10-18T17:04:06+00:00,189,5.328,514.4,56,45.208033,5.730994
2025-10-18T17:04:07+00:00,188,5.328,514.6,57,45.208029,5.730975
2025-10-18T17:04:08+00:00,189,4.896000000000001,514.8,56,45.208022,5.730959
2025-10-18T17:04:09+00:00,189,5.184,515.0,56,45.208012,5.730942
2025-10-18T17:04:10+00:00,190,5.328,515.2,55,45.208002,5.730923
2025-10-18T17:04:11+00:00,188,5.688000000000001,515.6,55,45.207993,5.730909
2025-10-18T17:04:12+00:00,188,5.760000000000001,515.8,53,45.207983,5.730893
2025-10-18T17:04:13+00:00,190,5.5440000000000005,516.0,54,45.207973,5.730879
2025-10-18T17:04:14+00:00,190,5.5440000000000005,516.4,54,45.207965,5.730862
2025-10-18T17:04:15+00:00,189,5.6160000000000005,516.6,54,45.207956,5.730847
2025-10-18T17:04:16+00:00,189,5.472,517.0,55,45.20795,5.730829
2025-10-18T17:04:17+00:00,189,5.5440000000000005,517.4,55,45.207943,5.730813
2025-10-18T17:04:18+00:00,190,5.976,517.6,56,45.207936,5.730793
2025-10-18T17:04:19+00:00,189,5.688000000000001,518.0,56,45.207934,5.730779
2025-10-18T17:04:20+00:00,187,6.048,518.2,55,45.207926,5.730755
2025-10-18T17:04:21+00:00,189,6.264,518.4,56,45.20792,5.730735
2025-10-18T17:04:22+00:00,189,6.408,518.6,56,45.207912,5.730717
2025-10-18T17:04:23+00:00,188,6.048,518.8,56,45.207903,5.730702
2025-10-18T17:04:24+00:00,187,5.832000000000001,519.0,56,45.207895,5.730692
2025-10-18T17:04:25+00:00,187,5.328,519.2,56,45.207887,5.730682
2025-10-18T17:04:26+00:00,188,4.6080000000000005,519.4,56,45.207883,5.730669
2025-10-18T17:04:27+00:00,186,4.104,519.8,56,45.207877,5.730658
2025-10-18T17:04:28+00:00,188,4.176,520.0,56,45.207871,5.730642
2025-10-18T17:04:29+00:00,187,5.112,520.4,55,45.207859,5.730621
2025-10-18T17:04:30+00:00,186,5.184,520.6,56,45.207849,5.730603
2025-10-18T17:04:31+00:00,188,6.048,521.0,56,45.207839,5.730585
2025-10-18T17:04:32+00:00,187,6.6240000000000006,521.2,56,45.207828,5.73057
2025-10-18T17:04:33+00:00,187,6.84,521.2,56,45.207817,5.730555
2025-10-18T17:04:34+00:00,188,6.408,521.4,56,45.207807,5.730542
2025-10-18T17:04:35+00:00,187,6.48,521.6,57,45.207795,5.730533
2025-10-18T17:04:36+00:00,187,5.976,522.0,57,45.207784,5.730521
2025-10-18T17:04:37+00:00,188,5.6160000000000005,522.2,58,45.207773,5.730507
2025-10-18T17:04:38+00:00,187,5.760000000000001,522.4,59,45.207759,5.730485
2025-10-18T17:04:39+00:00,187,5.832000000000001,522.8,58,45.207749,5.730469
2025-10-18T17:04:40+00:00,186,6.048,523.0,85,45.207733,5.730452
2025-10-18T17:04:41+00:00,187,6.6240000000000006,523.4,82,45.207719,5.73043
2025-10-18T17:04:42+00:00,188,7.344,523.8,83,45.207702,5.730412
2025-10-18T17:04:43+00:00,186,8.136,524.0,84,45.207679,5.730389
2025-10-18T17:04:44+00:00,187,8.784,524.4,84,45.20766,5.730369
2025-10-18T17:04:45+00:00,188,9.432,524.6,84,45.20764,5.730346
2025-10-18T17:04:46+00:00,188,10.152,524.8,84,45.207621,5.730319
2025-10-18T17:04:47+00:00,187,10.368,525.0,85,45.207598,5.730311
2025-10-18T17:04:48+00:00,188,10.44,525.2,85,45.207574,5.730279
2025-10-18T17:04:49+00:00,187,10.728,525.2,85,45.207555,5.730259
2025-10-18T17:04:50+00:00,187,10.8,525.4,84,45.207532,5.730242
2025-10-18T17:04:51+00:00,188,10.584,525.6,84,45.207509,5.730221
2025-10-18T17:04:52+00:00,187,10.44,525.6,84,45.20749,5.730206
2025-10-18T17:04:53+00:00,187,10.08,525.8,84,45.207465,5.730185
2025-10-18T17:04:54+00:00,187,9.792000000000002,526.0,84,45.207446,5.730173
2025-10-18T17:04:55+00:00,187,9.792000000000002,526.2,84,45.207424,5.730155
2025-10-18T17:04:56+00:00,187,9.576,526.2,84,45.207408,5.73013
2025-10-18T17:04:57+00:00,187,9.864,526.4,84,45.207385,5.730115
2025-10-18T17:04:58+00:00,188,10.152,526.6,84,45.207366,5.730083
2025-10-18T17:04:59+00:00,187,10.008,526.8,85,45.207346,5.730069
2025-10-18T17:05:00+00:00,185,10.152,527.0,85,45.207326,5.730041
2025-10-18T17:05:01+00:00,187,10.152,527.2,84,45.207312,5.730016
2025-10-18T17:05:02+00:00,188,9.936,527.6,84,45.207296,5.729996
2025-10-18T17:05:03+00:00,187,9.432,527.8,84,45.207285,5.729973
2025-10-18T17:05:04+00:00,187,9.072000000000001,528.2,83,45.207277,5.729948
2025-10-18T17:05:05+00:00,187,8.424,528.6,78,45.207267,5.729922
2025-10-18T17:05:06+00:00,185,8.136,528.8,60,45.207256,5.729905
2025-10-18T17:05:07+00:00,187,7.992000000000001,529.2,60,45.20725,5.729879
2025-10-18T17:05:08+00:00,185,7.056,529.4,60,45.207242,5.729866
2025-10-18T17:05:09+00:00,185,6.768,529.6,59,45.207236,5.729844
2025-10-18T17:05:10+00:00,186,6.264,529.8,57,45.207224,5.729827
2025-10-18T17:05:11+00:00,187,5.832000000000001,529.8,56,45.207212,5.729815
2025-10-18T17:05:12+00:00,184,5.256,530.0,56,45.207202,5.729796
2025-10-18T17:05:13+00:00,184,5.832000000000001,530.2,54,45.207192,5.729777
2025-10-18T17:05:14+00:00,185,6.192,530.4,54,45.207181,5.729761
2025-10-18T17:05:15+00:00,185,6.408,530.6,54,45.207167,5.729748
2025-10-18T17:05:16+00:00,185,6.336,531.0,57,45.207157,5.729735
2025-10-18T17:05:17+00:00,186,6.5520000000000005,531.2,62,45.207148,5.729718
2025-10-18T17:05:18+00:00,186,6.192,531.4,59,45.207138,5.729704
2025-10-18T17:05:19+00:00,185,5.688000000000001,531.6,59,45.20713,5.729692
2025-10-18T17:05:20+00:00,187,5.256,531.8,58,45.207121,5.729678
2025-10-18T17:05:21+00:00,186,4.968,532.0,58,45.207111,5.729667
2025-10-18T17:05:22+00:00,186,5.328,532.2,58,45.207093,5.729647
2025-10-18T17:05:23+00:00,186,6.48,532.6,59,45.207071,5.729625
2025-10-18T17:05:24+00:00,186,7.272,532.8,82,45.207053,5.729611
2025-10-18T17:05:25+00:00,187,8.352,533.0,84,45.207031,5.729598
2025-10-18T17:05:26+00:00,187,9.504000000000001,533.2,84,45.207009,5.729586
2025-10-18T17:05:27+00:00,186,10.08,533.4,84,45.206982,5.729575
2025-10-18T17:05:28+00:00,187,10.152,533.6,84,45.206955,5.729563
2025-10-18T17:05:29+00:00,188,10.296,533.6,84,45.206931,5.729558
2025-10-18T17:05:30+00:00,186,10.944,533.8,84,45.206908,5.729518
2025-10-18T17:05:31+00:00,187,11.088000000000001,534.0,84,45.20689,5.729496
2025-10-18T17:05:32+00:00,187,11.016,534.0,84,45.206868,5.729475
2025-10-18T17:05:33+00:00,186,11.088000000000001,534.2,84,45.206849,5.729448
2025-10-18T17:05:34+00:00,187,10.296,534.4,84,45.206838,5.729435
2025-10-18T17:05:35+00:00,187,9.360000000000001,534.6,84,45.206829,5.729399
2025-10-18T17:05:36+00:00,186,8.712,534.8,85,45.206819,5.729383
2025-10-18T17:05:37+00:00,185,8.352,535.2,86,45.206803,5.729352
2025-10-18T17:05:38+00:00,186,7.632000000000001,535.4,86,45.206792,5.72933
2025-10-18T17:05:39+00:00,187,8.712,535.8,86,45.206775,5.729302
2025-10-18T17:05:40+00:00,187,8.928,536.2,86,45.20676,5.729271
2025-10-18T17:05:41+00:00,185,9.360000000000001,536.4,85,45.206743,5.729253
2025-10-18T17:05:42+00:00,186,9.72,536.8,85,45.206726,5.729218
2025-10-18T17:05:43+00:00,187,10.08,537.0,84,45.206717,5.729192
2025-10-18T17:05:44+00:00,186,9.936,537.4,84,45.206696,5.729167
2025-10-18T17:05:45+00:00,187,9.936,537.6,84,45.206681,5.729136
2025-10-18T17:05:46+00:00,188,9.792000000000002,537.8,84,45.206666,5.72912
2025-10-18T17:05:47+00:00,186,9.792000000000002,538.2,84,45.206644,5.729089
2025-10-18T17:05:48+00:00,187,9.648000000000001,538.4,84,45.206629,5.729067
2025-10-18T17:05:49+00:00,188,10.008,538.8,84,45.20661,5.729039
2025-10-18T17:05:50+00:00,189,10.08,539.2,84,45.206592,5.729011
2025-10-18T17:05:51+00:00,187,10.152,539.4,84,45.206576,5.728993
2025-10-18T17:05:52+00:00,189,10.368,539.8,84,45.20655,5.728963
2025-10-18T17:05:53+00:00,188,10.656,540.2,84,45.206531,5.72894
2025-10-18T17:05:54+00:00,189,10.656,540.4,84,45.206507,5.728916
2025-10-18T17:05:55+00:00,189,11.16,540.6,83,45.206483,5.728882
2025-10-18T17:05:56+00:00,189,11.808,540.8,83,45.206464,5.728851
2025-10-18T17:05:57+00:00,190,12.168,541.0,82,45.206436,5.72883
2025-10-18T17:05:58+00:00,189,12.816,541.0,82,45.206406,5.728797
2025-10-18T17:05:59+00:00,190,12.816,540.8,81,45.206384,5.728774
2025-10-18T17:06:00+00:00,188,12.96,540.8,81,45.206357,5.72876
2025-10-18T17:06:01+00:00,190,12.96,540.6,80,45.206329,5.728735
2025-10-18T17:06:02+00:00,187,12.384,540.6,80,45.206307,5.728725
2025-10-18T17:06:03+00:00,189,12.168,540.4,80,45.206278,5.728712
2025-10-18T17:06:04+00:00,188,11.952,540.2,80,45.206257,5.728685
2025-10-18T17:06:05+00:00,188,11.016,540.0,81,45.206236,5.728675
2025-10-18T17:06:06+00:00,187,10.728,539.8,81,45.206208,5.728658
2025-10-18T17:06:07+00:00,186,10.872,539.6,82,45.20618,5.728636
2025-10-18T17:06:08+00:00,187,10.8,539.6,82,45.206153,5.72862
2025-10-18T17:06:09+00:00,187,11.376000000000001,539.6,83,45.206124,5.728585
2025-10-18T17:06:10+00:00,187,12.024,539.6,82,45.206102,5.728564
2025-10-18T17:06:11+00:00,187,12.672,539.8,83,45.206073,5.728536
2025-10-18T17:06:12+00:00,187,12.816,539.8,83,45.206052,5.728502
2025-10-18T17:06:13+00:00,187,12.6,540.2,83,45.206029,5.728483
2025-10-18T17:06:14+00:00,187,12.168,540.4,83,45.206009,5.728447
2025-10-18T17:06:15+00:00,187,12.096,540.6,84,45.205986,5.728429
2025-10-18T17:06:16+00:00,187,11.952,541.0,84,45.205962,5.728399
2025-10-18T17:06:17+00:00,186,11.664000000000001,541.2,84,45.205941,5.728375
2025-10-18T17:06:18+00:00,187,11.735999999999999,541.4,84,45.205918,5.728349
2025-10-18T17:06:19+00:00,188,11.520000000000001,541.6,84,45.205898,5.728324
2025-10-18T17:06:20+00:00,186,11.304,541.6,84,45.205875,5.728299
2025-10-18T17:06:21+00:00,188,11.448,541.6,84,45.20585,5.728268
2025-10-18T17:06:22+00:00,188,12.096,541.6,84,45.205826,5.728231
2025-10-18T17:06:23+00:00,185,12.096,541.4,84,45.205805,5.728207
2025-10-18T17:06:24+00:00,187,12.816,541.4,83,45.205778,5.728167
2025-10-18T17:06:25+00:00,187,13.392000000000001,541.4,83,45.20576,5.728136
2025-10-18T17:06:26+00:00,185,13.248000000000001,541.4,83,45.205737,5.728102
2025-10-18T17:06:27+00:00,187,13.32,541.4,83,45.20572,5.728057
2025-10-18T17:06:28+00:00,186,13.248000000000001,541.2,84,45.2057,5.728029
2025-10-18T17:06:29+00:00,185,13.464,541.2,83,45.205672,5.727985
2025-10-18T17:06:30+00:00,186,13.536,541.0,83,45.205652,5.727955
2025-10-18T17:06:31+00:00,186,13.392000000000001,540.8,83,45.205629,5.727925
2025-10-18T17:06:32+00:00,186,12.816,540.8,83,45.205607,5.727887
2025-10-18T17:06:33+00:00,186,13.032,540.8,83,45.205587,5.727861
2025-10-18T17:06:34+00:00,186,12.744,540.8,83,45.20556,5.727825
2025-10-18T17:06:35+00:00,186,12.6,540.8,83,45.205539,5.727794
2025-10-18T17:06:36+00:00,186,12.672,540.8,83,45.205514,5.727768
2025-10-18T17:06:37+00:00,187,13.032,540.8,84,45.205494,5.727726
2025-10-18T17:06:38+00:00,186,12.744,541.0,84,45.205471,5.727707
2025-10-18T17:06:39+00:00,185,12.672,541.2,84,45.205442,5.727674
2025-10-18T17:06:40+00:00,186,12.96,541.4,84,45.205415,5.72764
2025-10-18T17:06:41+00:00,186,13.32,541.8,84,45.205388,5.727612
2025-10-18T17:06:42+00:00,186,13.751999999999999,541.8,84,45.205355,5.727575
2025-10-18T17:06:43+00:00,187,14.472,542.0,84,45.205326,5.727555
2025-10-18T17:06:44+00:00,188,14.832,542.2,84,45.205291,5.727531
2025-10-18T17:06:45+00:00,186,14.904,542.2,84,45.205261,5.727503
2025-10-18T17:06:46+00:00,187,14.832,542.2,84,45.205229,5.727483
2025-10-18T17:06:47+00:00,186,15.120000000000001,542.2,84,45.205189,5.727443
2025-10-18T17:06:48+00:00,186,15.264000000000001,542.0,84,45.205162,5.727417
2025-10-18T17:06:49+00:00,188,15.48,541.8,84,45.205124,5.727386
2025-10-18T17:06:50+00:00,188,16.128000000000004,541.4,84,45.205088,5.727349
2025-10-18T17:06:51+00:00,186,16.488,541.0,84,45.205057,5.727324
2025-10-18T17:06:52+00:00,187,16.704,540.8,84,45.205016,5.727284
2025-10-18T17:06:53+00:00,188,16.776,540.4,84,45.204985,5.727263
2025-10-18T17:06:54+00:00,187,16.704,540.0,84,45.204944,5.727243
2025-10-18T17:06:55+00:00,187,15.840000000000002,539.8,85,45.204912,5.727222
2025-10-18T17:06:56+00:00,188,15.840000000000002,539.6,85,45.20487,5.727206
2025-10-18T17:06:57+00:00,189,15.624,539.2,86,45.204827,5.727193
2025-10-18T17:06:58+00:00,187,15.840000000000002,538.8,87,45.204787,5.727183
2025-10-18T17:06:59+00:00,186,16.272,538.4,88,45.204742,5.727173
2025-10-18T17:07:00+00:00,187,17.208000000000002,538.0,88,45.204701,5.727167
2025-10-18T17:07:01+00:00,187,17.568,537.6,88,45.204655,5.727155
2025-10-18T17:07:02+00:00,188,17.208000000000002,537.0,87,45.204621,5.727146
2025-10-18T17:07:03+00:00,188,17.208000000000002,536.6,87,45.204579,5.727134
2025-10-18T17:07:04+00:00,187,16.776,536.0,87,45.204543,5.727132
2025-10-18T17:07:05+00:00,188,16.416,535.6,87,45.204503,5.727117
2025-10-18T17:07:06+00:00,188,15.696000000000002,535.0,87,45.204471,5.727109
2025-10-18T17:07:07+00:00,188,15.840000000000002,534.6,88,45.204425,5.727093
2025-10-18T17:07:08+00:00,187,15.552000000000001,534.0,89,45.204392,5.727086
2025-10-18T17:07:09+00:00,187,15.984000000000002,533.4,90,45.204342,5.727059
2025-10-18T17:07:10+00:00,188,16.2,532.8,90,45.204306,5.727041
2025-10-18T17:07:11+00:00,186,17.208000000000002,532.2,90,45.20426,5.727013
2025-10-18T17:07:12+00:00,186,17.28,531.6,90,45.204225,5.726992
2025-10-18T17:07:13+00:00,187,17.712,531.0,90,45.204184,5.726961
2025-10-18T17:07:14+00:00,187,17.928,530.4,90,45.204141,5.726919
2025-10-18T17:07:15+00:00,188,17.928,529.8,90,45.20411,5.726883
2025-10-18T17:07:16+00:00,188,18.072,529.0,91,45.20407,5.726835
2025-10-18T17:07:17+00:00,188,18.864,528.2,93,45.204026,5.726796
2025-10-18T17:07:18+00:00,189,19.08,527.4,94,45.203984,5.726767
2025-10-18T17:07:19+00:00,189,19.296000000000003,526.6,96,45.203949,5.726722
2025-10-18T17:07:20+00:00,189,19.224,525.8,95,45.203915,5.726685
2025-10-18T17:07:21+00:00,190,19.008000000000003,525.2,94,45.203879,5.72664
2025-10-18T17:07:22+00:00,190,18.215999999999998,524.6,94,45.203846,5.726606
2025-10-18T17:07:23+00:00,190,18.648,524.0,93,45.203802,5.726565
2025-10-18T17:07:24+00:00,191,18.36,523.6,92,45.203764,5.726534
2025-10-18T17:07:25+00:00,189,18.864,523.0,91,45.203722,5.726496
2025-10-18T17:07:26+00:00,189,18.288,522.6,92,45.203695,5.726469
2025-10-18T17:07:27+00:00,190,18.072,522.0,92,45.20366,5.726432
2025-10-18T17:07:28+00:00,189,17.424,521.6,93,45.203616,5.726402
2025-10-18T17:07:29+00:00,189,16.992,520.8,93,45.20358,5.726375
2025-10-18T17:07:30+00:00,189,16.56,520.2,94,45.20354,5.72635
2025-10-18T17:07:31+00:00,189,16.488,519.6,93,45.203505,5.726328
2025-10-18T17:07:32+00:00,189,16.848,518.8,92,45.203468,5.726287
2025-10-18T17:07:33+00:00,190,16.848,518.2,92,45.203435,5.726256
2025-10-18T17:07:34+00:00,191,16.92,517.6,93,45.203399,5.726216
2025-10-18T17:07:35+00:00,191,16.92,517.0,92,45.20336,5.726194
2025-10-18T17:07:36+00:00,192,17.424,516.4,92,45.203318,5.726162
2025-10-18T17:07:37+00:00,189,17.28,515.8,91,45.203282,5.726145
2025-10-18T17:07:38+00:00,189,17.64,515.2,91,45.203233,5.726119
2025-10-18T17:07:39+00:00,189,17.784000000000002,514.4,91,45.203191,5.72611
2025-10-18T17:07:40+00:00,189,18.36,513.8,90,45.203141,5.726088
2025-10-18T17:07:41+00:00,189,18.288,513.0,90,45.203101,5.726076
2025-10-18T17:07:42+00:00,189,18.720000000000002,512.4,90,45.20305,5.726058
2025-10-18T17:07:43+00:00,190,18.215999999999998,511.8,89,45.203012,5.726049
2025-10-18T17:07:44+00:00,187,18.0,511.2,88,45.202968,5.726045
2025-10-18T17:07:45+00:00,188,17.496000000000002,510.6,89,45.202925,5.726046
2025-10-18T17:07:46+00:00,189,17.496000000000002,510.0,90,45.202883,5.726031
2025-10-18T17:07:47+00:00,188,17.208000000000002,509.4,90,45.202841,5.726028
2025-10-18T17:07:48+00:00,190,17.568,508.8,90,45.202795,5.726026
2025-10-18T17:07:49+00:00,189,17.64,508.0,91,45.202759,5.72604
2025-10-18T17:07:50+00:00,189,17.928,507.2,91,45.202706,5.726045
2025-10-18T17:07:51+00:00,189,17.496000000000002,506.6,89,45.202671,5.726053
2025-10-18T17:07:52+00:00,188,17.424,506.0,89,45.202624,5.726057
2025-10-18T17:07:53+00:00,188,17.208000000000002,505.4,90,45.202584,5.726062
2025-10-18T17:07:54+00:00,188,17.568,504.8,90,45.202535,5.726065
2025-10-18T17:07:55+00:00,188,17.136,504.2,89,45.202496,5.726063
2025-10-18T17:07:56+00:00,188,17.568,503.6,89,45.202449,5.726061
2025-10-18T17:07:57+00:00,187,17.712,502.8,89,45.202407,5.726062
2025-10-18T17:07:58+00:00,186,17.928,502.0,89,45.202361,5.726048
2025-10-18T17:07:59+00:00,187,17.352,501.4,89,45.202322,5.726029
2025-10-18T17:08:00+00:00,188,17.496000000000002,500.8,88,45.20228,5.726006
2025-10-18T17:08:01+00:00,188,17.496000000000002,500.2,88,45.202244,5.725977
2025-10-18T17:08:02+00:00,188,17.28,499.6,88,45.202207,5.725961
2025-10-18T17:08:03+00:00,187,16.848,499.0,88,45.202173,5.725931
2025-10-18T17:08:04+00:00,187,16.416,498.4,88,45.202143,5.725914
2025-10-18T17:08:05+00:00,188,16.2,497.8,88,45.202098,5.725888
2025-10-18T17:08:06+00:00,188,15.912,497.2,88,45.20207,5.725866
2025-10-18T17:08:07+00:00,187,15.552000000000001,496.4,89,45.202034,5.725832
2025-10-18T17:08:08+00:00,186,15.264000000000001,496.0,89,45.202,5.725818
2025-10-18T17:08:09+00:00,186,16.056,495.4,89,45.201956,5.725786
2025-10-18T17:08:10+00:00,185,15.912,494.8,89,45.201923,5.725772
2025-10-18T17:08:11+00:00,186,16.344,494.2,89,45.20188,5.725738
2025-10-18T17:08:12+00:00,187,16.344,493.6,89,45.201848,5.725721
2025-10-18T17:08:13+00:00,187,16.848,493.2,88,45.201806,5.7257
2025-10-18T17:08:14+00:00,186,16.416,492.6,87,45.201769,5.725677
2025-10-18T17:08:15+00:00,185,16.776,492.0,87,45.201728,5.725655
2025-10-18T17:08:16+00:00,185,16.56,491.4,88,45.201688,5.725626
2025-10-18T17:08:17+00:00,186,17.064,490.8,87,45.201647,5.725613
2025-10-18T17:08:18+00:00,187,16.848,490.2,88,45.201605,5.725594
2025-10-18T17:08:19+00:00,188,17.208000000000002,489.6,88,45.201565,5.725581
2025-10-18T17:08:20+00:00,186,17.064,489.0,89,45.201524,5.725561
2025-10-18T17:08:21+00:00,186,16.92,488.6,88,45.201487,5.725548
2025-10-18T17:08:22+00:00,186,16.704,488.0,88,45.201443,5.725525
2025-10-18T17:08:23+00:00,187,16.704,487.6,88,45.201407,5.725521
2025-10-18T17:08:24+00:00,187,16.416,487.0,88,45.201367,5.725499
2025-10-18T17:08:25+00:00,187,16.344,486.4,88,45.201332,5.725486
2025-10-18T17:08:26+00:00,186,16.416,485.8,88,45.201291,5.725471
2025-10-18T17:08:27+00:00,185,15.912,485.2,87,45.201258,5.725465
2025-10-18T17:08:28+00:00,187,15.696000000000002,484.4,88,45.201217,5.725453
2025-10-18T17:08:29+00:00,186,15.624,483.8,92,45.201175,5.725449
2025-10-18T17:08:30+00:00,186,15.696000000000002,483.0,93,45.201132,5.725436
2025-10-18T17:08:31+00:00,185,15.48,482.2,92,45.201095,5.725432
2025-10-18T17:08:32+00:00,187,16.272,481.4,90,45.201044,5.725431
2025-10-18T17:08:33+00:00,187,16.488,480.6,90,45.201005,5.725446
2025-10-18T17:08:34+00:00,186,17.28,479.8,91,45.200952,5.725447
2025-10-18T17:08:35+00:00,186,17.856,478.8,92,45.200902,5.725457
2025-10-18T17:08:36+00:00,185,18.648,477.6,94,45.200853,5.725462
2025-10-18T17:08:37+00:00,186,18.864,476.6,93,45.200803,5.725448
2025-10-18T17:08:38+00:00,186,19.224,476.0,92,45.200769,5.725408
2025-10-18T17:08:39+00:00,187,18.503999999999998,475.6,91,45.200742,5.725368
2025-10-18T17:08:40+00:00,187,17.208000000000002,475.2,90,45.200725,5.725321
2025-10-18T17:08:41+00:00,186,16.2,475.2,90,45.20071,5.725274
2025-10-18T17:08:42+00:00,186,15.624,475.0,89,45.200713,5.725216
2025-10-18T17:08:43+00:00,187,14.832,475.0,88,45.200715,5.725166
2025-10-18T17:08:44+00:00,187,14.904,474.8,88,45.200731,5.725109
2025-10-18T17:08:45+00:00,187,15.192,474.8,87,45.200742,5.725062
2025-10-18T17:08:46+00:00,186,15.192,474.8,87,45.200756,5.725011
2025-10-18T17:08:47+00:00,185,15.120000000000001,474.6,86,45.200771,5.724959
2025-10-18T17:08:48+00:00,187,15.264000000000001,474.4,86,45.200773,5.724909
2025-10-18T17:08:49+00:00,186,15.192,474.2,85,45.200783,5.724847
2025-10-18T17:08:50+00:00,185,15.192,474.0,85,45.200784,5.724798
2025-10-18T17:08:51+00:00,186,15.48,473.8,84,45.200782,5.724741
2025-10-18T17:08:52+00:00,186,15.552000000000001,473.4,84,45.200781,5.724681
2025-10-18T17:08:53+00:00,184,15.48,473.2,84,45.200777,5.724636
2025-10-18T17:08:54+00:00,185,15.48,472.8,83,45.200775,5.724577
2025-10-18T17:08:55+00:00,184,15.48,472.6,83,45.200768,5.724525
2025-10-18T17:08:56+00:00,183,15.048,472.2,83,45.200747,5.724478
2025-10-18T17:08:57+00:00,183,14.904,471.8,83,45.200726,5.724425
2025-10-18T17:08:58+00:00,185,14.976,471.4,83,45.200698,5.724388
2025-10-18T17:08:59+00:00,183,15.192,470.8,83,45.200661,5.724349
2025-10-18T17:09:00+00:00,182,15.408000000000001,470.2,84,45.200624,5.724326
2025-10-18T17:09:01+00:00,182,16.2,469.6,85,45.200578,5.724309
2025-10-18T17:09:02+00:00,183,16.704,469.0,85,45.200537,5.724293
2025-10-18T17:09:03+00:00,183,17.352,468.6,85,45.200495,5.724298
2025-10-18T17:09:04+00:00,184,17.496000000000002,468.0,86,45.200448,5.724298
2025-10-18T17:09:05+00:00,183,17.568,467.4,85,45.200412,5.724297
2025-10-18T17:09:06+00:00,183,17.568,466.8,85,45.200363,5.72429
2025-10-18T17:09:07+00:00,183,17.352,466.4,85,45.200325,5.724287
2025-10-18T17:09:08+00:00,183,17.208000000000002,466.0,85,45.200283,5.72429
2025-10-18T17:09:09+00:00,182,16.848,465.6,84,45.20024,5.724281
2025-10-18T17:09:10+00:00,182,17.208000000000002,465.2,84,45.200198,5.724283
2025-10-18T17:09:11+00:00,183,17.28,465.0,85,45.200149,5.724274
2025-10-18T17:09:12+00:00,184,17.28,464.6,85,45.200114,5.724271
2025-10-18T17:09:13+00:00,183,17.568,464.2,85,45.200063,5.724265
2025-10-18T17:09:14+00:00,182,17.64,463.8,85,45.200024,5.724256
2025-10-18T17:09:15+00:00,182,17.64,463.4,85,45.199979,5.724254
2025-10-18T17:09:16+00:00,182,17.28,463.0,85,45.199937,5.724247
2025-10-18T17:09:17+00:00,184,17.28,462.6,86,45.1999,5.724251
2025-10-18T17:09:18+00:00,185,16.992,462.2,86,45.199855,5.724247
2025-10-18T17:09:19+00:00,183,16.848,461.8,86,45.199818,5.724252
2025-10-18T17:09:20+00:00,183,16.704,461.2,86,45.19977,5.724249
2025-10-18T17:09:21+00:00,182,16.776,460.6,86,45.19973,5.724246
2025-10-18T17:09:22+00:00,183,16.992,460.2,86,45.199685,5.72424
2025-10-18T17:09:23+00:00,184,17.064,459.8,86,45.199639,5.724233
2025-10-18T17:09:24+00:00,184,17.28,459.2,85,45.1996,5.72424
2025-10-18T17:09:25+00:00,182,17.424,458.8,85,45.199552,5.724238
2025-10-18T17:09:26+00:00,183,17.208000000000002,458.4,85,45.199517,5.724237
2025-10-18T17:09:27+00:00,183,16.488,458.2,85,45.19948,5.72424
2025-10-18T17:09:28+00:00,182,15.768,458.0,85,45.199442,5.724234
2025-10-18T17:09:29+00:00,182,15.048,457.8,85,45.199411,5.724244
2025-10-18T17:09:30+00:00,181,14.4,457.6,85,45.199372,5.724251
2025-10-18T17:09:31+00:00,182,13.751999999999999,457.4,85,45.199346,5.724265
2025-10-18T17:09:32+00:00,181,13.824,457.2,85,45.199307,5.724276
2025-10-18T17:09:33+00:00,181,13.248000000000001,457.2,85,45.199283,5.724286
2025-10-18T17:09:34+00:00,180,13.104000000000001,457.4,85,45.199251,5.724301
2025-10-18T17:09:35+00:00,180,12.456,457.4,86,45.199225,5.724316
2025-10-18T17:09:36+00:00,180,12.528,457.6,86,45.199197,5.724335
2025-10-18T17:09:37+00:00,181,12.024,457.8,86,45.199167,5.724348
2025-10-18T17:09:38+00:00,182,11.879999999999999,458.2,86,45.199141,5.724361
2025-10-18T17:09:39+00:00,182,11.448,458.4,86,45.199114,5.724371
2025-10-18T17:09:40+00:00,182,10.944,458.6,86,45.199094,5.724375
2025-10-18T17:09:41+00:00,181,10.44,458.8,86,45.199066,5.724386
2025-10-18T17:09:42+00:00,181,9.864,459.0,86,45.199048,5.724402
2025-10-18T17:09:43+00:00,181,9.792000000000002,459.2,86,45.199028,5.724411
2025-10-18T17:09:44+00:00,182,9.648000000000001,459.6,86,45.199009,5.724422
2025-10-18T17:09:45+00:00,183,9.504000000000001,459.8,86,45.198992,5.72442
2025-10-18T17:09:46+00:00,183,9.288,460.0,86,45.198968,5.724417
2025-10-18T17:09:47+00:00,183,9.144,460.2,86,45.198954,5.724418
2025-10-18T17:09:48+00:00,181,8.568,460.4,86,45.198941,5.724432
2025-10-18T17:09:49+00:00,181,8.352,460.6,85,45.198929,5.72446
2025-10-18T17:09:50+00:00,182,8.64,461.0,85,45.198917,5.724493
2025-10-18T17:09:51+00:00,182,9.072000000000001,461.4,85,45.19892,5.724544
2025-10-18T17:09:52+00:00,182,9.288,461.6,85,45.198916,5.724579
2025-10-18T17:09:53+00:00,180,10.08,461.8,85,45.198905,5.724612
2025-10-18T17:09:54+00:00,181,10.944,462.0,85,45.198899,5.724652
2025-10-18T17:09:55+00:00,182,12.312,462.2,85,45.198885,5.724715
2025-10-18T17:09:56+00:00,183,12.888,462.2,85,45.198853,5.724751
2025-10-18T17:09:57+00:00,181,14.4,462.2,85,45.198825,5.724787
2025-10-18T17:09:58+00:00,181,15.408000000000001,462.4,85,45.198785,5.72481
2025-10-18T17:09:59+00:00,182,15.696000000000002,462.2,85,45.198753,5.724834
2025-10-18T17:10:00+00:00,182,15.696000000000002,462.2,85,45.198715,5.72485
2025-10-18T17:10:01+00:00,183,15.48,462.0,85,45.198683,5.72487
2025-10-18T17:10:02+00:00,183,14.688,461.8,85,45.19866,5.724894
2025-10-18T17:10:03+00:00,182,14.472,461.6,85,45.19863,5.724929
2025-10-18T17:10:04+00:00,182,14.328,461.4,85,45.198613,5.724961
2025-10-18T17:10:05+00:00,183,13.968,461.4,85,45.198597,5.725019
2025-10-18T17:10:06+00:00,184,14.328,461.2,86,45.198595,5.725067
2025-10-18T17:10:07+00:00,185,15.336,461.0,86,45.198593,5.725134
2025-10-18T17:10:08+00:00,185,15.624,460.8,86,45.198594,5.72519
2025-10-18T17:10:09+00:00,184,16.848,460.6,87,45.19859,5.725257
2025-10-18T17:10:10+00:00,185,17.352,460.4,87,45.198592,5.725319
2025-10-18T17:10:11+00:00,185,17.64,460.2,86,45.198596,5.725375
2025-10-18T17:10:12+00:00,186,17.352,459.8,86,45.1986,5.725441
2025-10-18T17:10:13+00:00,187,17.208000000000002,459.6,86,45.198605,5.725491
2025-10-18T17:10:14+00:00,185,16.2,459.2,86,45.198599,5.725546
2025-10-18T17:10:15+00:00,186,14.832,458.6,86,45.198595,5.725587
2025-10-18T17:10:16+00:00,186,12.672,458.2,95,45.198579,5.725561
2025-10-18T17:10:17+00:00,187,11.376000000000001,458.0,93,45.198566,5.725523
2025-10-18T17:10:18+00:00,187,11.016,457.6,92,45.198565,5.725474
2025-10-18T17:10:19+00:00,186,11.448,457.2,92,45.19856,5.725412
2025-10-18T17:10:20+00:00,186,12.6,457.0,92,45.198564,5.725358
2025-10-18T17:10:21+00:00,186,14.976,456.8,92,45.198568,5.725293
2025-10-18T17:10:22+00:00,186,16.2,456.4,91,45.198564,5.725244
2025-10-18T17:10:23+00:00,186,16.848,456.0,91,45.198562,5.725179
2025-10-18T17:10:24+00:00,185,16.488,455.6,91,45.198559,5.725131
2025-10-18T17:10:25+00:00,187,16.776,455.2,91,45.198556,5.725064
2025-10-18T17:10:26+00:00,187,16.92,454.8,92,45.198551,5.725
2025-10-18T17:10:27+00:00,186,17.424,454.4,95,45.198549,5.724935
2025-10-18T17:10:28+00:00,187,17.856,453.8,94,45.198548,5.724864
2025-10-18T17:10:29+00:00,187,18.576,453.4,94,45.198545,5.724805
2025-10-18T17:10:30+00:00,187,18.791999999999998,452.8,94,45.198545,5.724733
2025-10-18T17:10:31+00:00,187,19.08,452.2,95,45.198543,5.724666
2025-10-18T17:10:32+00:00,187,19.008000000000003,451.8,96,45.198539,5.7246
2025-10-18T17:10:33+00:00,189,18.432000000000002,451.4,96,45.198528,5.724539
2025-10-18T17:10:34+00:00,188,17.712,451.0,97,45.198503,5.724493
2025-10-18T17:10:35+00:00,188,17.136,450.4,97,45.198465,5.724448
2025-10-18T17:10:36+00:00,188,15.840000000000002,450.0,95,45.198436,5.724427
2025-10-18T17:10:37+00:00,188,14.832,449.6,95,45.198403,5.724427
2025-10-18T17:10:38+00:00,188,14.832,449.2,94,45.198373,5.724473
2025-10-18T17:10:39+00:00,188,15.840000000000002,448.8,94,45.198353,5.72454
2025-10-18T17:10:40+00:00,187,16.992,448.2,94,45.198341,5.72461
2025-10-18T17:10:41+00:00,186,18.288,447.8,93,45.198323,5.724673
2025-10-18T17:10:42+00:00,187,19.8,447.4,94,45.198309,5.724747
2025-10-18T17:10:43+00:00,187,20.304,446.8,93,45.198299,5.724808
2025-10-18T17:10:44+00:00,186,20.376,446.4,93,45.198292,5.72488
2025-10-18T17:10:45+00:00,187,19.44,446.2,96,45.198286,5.724939
2025-10-18T17:10:46+00:00,187,18.864,445.6,97,45.198279,5.724998
2025-10-18T17:10:47+00:00,188,18.215999999999998,445.0,96,45.198266,5.725062
2025-10-18T17:10:48+00:00,188,17.712,444.4,94,45.198255,5.725113
2025-10-18T17:10:49+00:00,188,17.424,443.8,94,45.19824,5.725181
2025-10-18T17:10:50+00:00,189,17.496000000000002,443.0,93,45.198237,5.725239
2025-10-18T17:10:51+00:00,188,17.784000000000002,442.4,93,45.198228,5.725307
2025-10-18T17:10:52+00:00,189,17.784000000000002,441.8,93,45.198231,5.725367
2025-10-18T17:10:53+00:00,189,18.215999999999998,441.4,94,45.198234,5.725436
2025-10-18T17:10:54+00:00,189,18.0,441.0,93,45.198248,5.72549
2025-10-18T17:10:55+00:00,188,18.144000000000002,440.8,92,45.198253,5.725558
2025-10-18T17:10:56+00:00,188,17.712,440.4,91,45.198263,5.72561
2025-10-18T17:10:57+00:00,188,17.928,439.8,91,45.198269,5.72568
2025-10-18T17:10:58+00:00,189,17.784000000000002,439.4,92,45.198277,5.725739
2025-10-18T17:10:59+00:00,189,17.568,439.0,92,45.198282,5.725799
2025-10-18T17:11:00+00:00,189,17.28,438.6,92,45.19829,5.725855
2025-10-18T17:11:01+00:00,189,17.28,438.0,91,45.198299,5.72591
2025-10-18T17:11:02+00:00,189,16.56,437.6,91,45.198303,5.725963
2025-10-18T17:11:03+00:00,188,16.416,437.2,93,45.198309,5.726022
2025-10-18T17:11:04+00:00,188,16.56,436.8,92,45.198317,5.726084
2025-10-18T17:11:05+00:00,188,16.776,436.4,92,45.198326,5.726144
2025-10-18T17:11:06+00:00,188,17.208000000000002,436.0,92,45.198337,5.726206
2025-10-18T17:11:07+00:00,188,17.64,435.6,91,45.198343,5.726263
2025-10-18T17:11:08+00:00,188,17.208000000000002,435.4,91,45.198357,5.726319
2025-10-18T17:11:09+00:00,189,16.704,435.0,90,45.19837,5.726369
2025-10-18T17:11:10+00:00,190,16.272,434.8,89,45.198384,5.726423
2025-10-18T17:11:11+00:00,189,15.48,434.4,90,45.198401,5.726473
2025-10-18T17:11:12+00:00,189,15.264000000000001,434.2,89,45.198426,5.726522
2025-10-18T17:11:13+00:00,189,15.768,433.8,90,45.198448,5.726577
2025-10-18T17:11:14+00:00,188,16.2,433.4,90,45.198473,5.726626
2025-10-18T17:11:15+00:00,189,16.416,433.0,90,45.198496,5.726678
2025-10-18T17:11:16+00:00,190,16.704,432.6,90,45.198527,5.726717
2025-10-18T17:11:17+00:00,190,16.776,432.0,89,45.198559,5.72676
2025-10-18T17:11:18+00:00,189,16.488,431.6,88,45.19859,5.726789
2025-10-18T17:11:19+00:00,189,16.272,431.2,87,45.19862,5.726832
2025-10-18T17:11:20+00:00,190,15.984000000000002,430.8,88,45.198641,5.726875
2025-10-18T17:11:21+00:00,189,15.264000000000001,430.2,97,45.198648,5.726915
2025-10-18T17:11:22+00:00,189,13.464,430.0,109,45.19864,5.726944
2025-10-18T17:11:23+00:00,190,12.096,429.6,99,45.198615,5.726934
2025-10-18T17:11:24+00:00,188,11.808,429.4,93,45.198579,5.726904
2025-10-18T17:11:25+00:00,188,12.24,429.0,91,45.198541,5.726877
2025-10-18T17:11:26+00:00,187,13.607999999999999,428.6,91,45.198502,5.726837
2025-10-18T17:11:27+00:00,189,15.768,428.4,90,45.198466,5.726804
2025-10-18T17:11:28+00:00,189,17.712,428.0,90,45.198431,5.726755
2025-10-18T17:11:29+00:00,188,18.36,427.8,90,45.198397,5.72672
2025-10-18T17:11:30+00:00,187,18.720000000000002,427.4,89,45.198361,5.72667
2025-10-18T17:11:31+00:00,187,18.288,427.0,89,45.198327,5.726646
2025-10-18T17:11:32+00:00,188,18.36,426.8,89,45.198282,5.726612
2025-10-18T17:11:33+00:00,189,18.072,426.2,90,45.198244,5.72659
2025-10-18T17:11:34+00:00,189,18.072,425.8,90,45.198205,5.72655
2025-10-18T17:11:35+00:00,189,17.784000000000002,425.4,90,45.198169,5.72652
2025-10-18T17:11:36+00:00,188,18.144000000000002,425.0,90,45.19813,5.726486
2025-10-18T17:11:37+00:00,188,17.856,424.4,91,45.198092,5.726452
2025-10-18T17:11:38+00:00,188,18.215999999999998,424.0,91,45.198053,5.726414
2025-10-18T17:11:39+00:00,188,18.432000000000002,423.6,92,45.198012,5.726377
2025-10-18T17:11:40+00:00,189,18.432000000000002,423.2,92,45.19798,5.726335
2025-10-18T17:11:41+00:00,188,18.432000000000002,422.6,92,45.197948,5.726286
2025-10-18T17:11:42+00:00,189,18.36,422.2,92,45.197923,5.726239
2025-10-18T17:11:43+00:00,190,18.072,421.8,91,45.197904,5.726174
2025-10-18T17:11:44+00:00,190,17.784000000000002,421.4,92,45.197889,5.72612
2025-10-18T17:11:45+00:00,190,18.0,421.0,92,45.197884,5.726052
2025-10-18T17:11:46+00:00,191,18.0,420.4,92,45.197885,5.725991
2025-10-18T17:11:47+00:00,189,18.791999999999998,420.0,91,45.197894,5.725912
2025-10-18T17:11:48+00:00,190,18.791999999999998,419.6,91,45.197894,5.725856
2025-10-18T17:11:49+00:00,189,19.224,419.2,91,45.197898,5.725782
2025-10-18T17:11:50+00:00,190,18.791999999999998,418.8,91,45.197897,5.725727
2025-10-18T17:11:51+00:00,190,18.791999999999998,418.4,91,45.197906,5.725657
2025-10-18T17:11:52+00:00,191,17.928,418.0,91,45.197902,5.725603
2025-10-18T17:11:53+00:00,191,17.856,417.6,92,45.197902,5.725536
2025-10-18T17:11:54+00:00,191,17.208000000000002,417.0,91,45.197907,5.725479
2025-10-18T17:11:55+00:00,191,17.496000000000002,416.6,90,45.197912,5.725411
2025-10-18T17:11:56+00:00,190,16.632,416.2,89,45.197907,5.725362
2025-10-18T17:11:57+00:00,191,15.408000000000001,416.0,89,45.197891,5.725321
2025-10-18T17:11:58+00:00,191,13.751999999999999,415.6,97,45.197874,5.725294
2025-10-18T17:11:59+00:00,191,12.096,415.4,97,45.197858,5.725314
2025-10-18T17:12:00+00:00,191,11.232000000000001,415.0,94,45.197832,5.725357
2025-10-18T17:12:01+00:00,191,11.448,414.4,93,45.197817,5.725406
2025-10-18T17:12:02+00:00,191,13.176,413.8,92,45.197799,5.725466
2025-10-18T17:12:03+00:00,192,15.192,413.4,92,45.197784,5.725527
2025-10-18T17:12:04+00:00,191,17.712,413.0,93,45.197768,5.7256
2025-10-18T17:12:05+00:00,191,18.936,412.4,93,45.197758,5.725661
2025-10-18T17:12:06+00:00,189,19.872,412.0,92,45.197745,5.725734
2025-10-18T17:12:07+00:00,189,19.008000000000003,411.6,90,45.19774,5.725781
2025-10-18T17:12:08+00:00,191,18.288,411.2,89,45.197723,5.72584
2025-10-18T17:12:09+00:00,191,16.56,411.0,90,45.197708,5.72588
2025-10-18T17:12:10+00:00,190,14.256,410.6,112,45.197682,5.725893
2025-10-18T17:12:11+00:00,189,10.8,410.4,99,45.197671,5.725881
2025-10-18T17:12:12+00:00,189,10.368,410.0,94,45.197665,5.725827
2025-10-18T17:12:13+00:00,189,11.16,409.4,91,45.197662,5.725753
2025-10-18T17:12:14+00:00,190,12.456,409.0,91,45.197657,5.725694
2025-10-18T17:12:15+00:00,189,14.688,408.4,91,45.197661,5.725623
2025-10-18T17:12:16+00:00,189,17.712,408.0,91,45.197657,5.725567
2025-10-18T17:12:17+00:00,188,19.008000000000003,407.6,90,45.197662,5.725492
2025-10-18T17:12:18+00:00,188,18.648,407.0,90,45.197666,5.725434
2025-10-18T17:12:19+00:00,188,18.791999999999998,406.6,90,45.197681,5.725362
2025-10-18T17:12:20+00:00,189,18.432000000000002,406.2,90,45.197694,5.725309
2025-10-18T17:12:21+00:00,190,18.503999999999998,405.6,90,45.197719,5.725247
2025-10-18T17:12:22+00:00,189,18.144000000000002,405.2,91,45.19774,5.725198
2025-10-18T17:12:23+00:00,189,18.072,404.8,90,45.197765,5.725144
2025-10-18T17:12:24+00:00,189,16.704,404.4,91,45.19777,5.725103
2025-10-18T17:12:25+00:00,188,14.76,404.0,94,45.197758,5.725069
2025-10-18T17:12:26+00:00,189,12.456,403.8,98,45.197744,5.725051
2025-10-18T17:12:27+00:00,189,11.16,403.4,93,45.197716,5.725067
2025-10-18T17:12:28+00:00,188,10.8,402.8,92,45.197678,5.7251
2025-10-18T17:12:29+00:00,188,11.952,402.4,91,45.197643,5.725134
2025-10-18T17:12:30+00:00,189,14.04,402.0,90,45.197617,5.725181
2025-10-18T17:12:31+00:00,190,16.488,401.6,90,45.197587,5.725234
2025-10-18T17:12:32+00:00,189,17.784000000000002,401.2,89,45.197565,5.725278
2025-10-18T17:12:33+00:00,189,18.072,401.0,89,45.19754,5.725332
2025-10-18T17:12:34+00:00,189,17.784000000000002,400.8,88,45.197518,5.725375
2025-10-18T17:12:35+00:00,189,17.424,400.6,88,45.197498,5.725431
2025-10-18T17:12:36+00:00,190,16.704,400.6,88,45.197485,5.72548
2025-10-18T17:12:37+00:00,189,16.56,400.6,88,45.197481,5.72554
2025-10-18T17:12:38+00:00,189,16.056,400.6,88,45.197469,5.725585
2025-10-18T17:12:39+00:00,188,15.768,400.6,88,45.197462,5.725641
2025-10-18T17:12:40+00:00,189,15.120000000000001,400.6,88,45.197456,5.725682
2025-10-18T17:12:41+00:00,188,14.976,400.6,88,45.19745,5.725741
2025-10-18T17:12:42+00:00,187,14.904,400.6,88,45.197452,5.725793
2025-10-18T17:12:43+00:00,187,14.832,400.6,88,45.197453,5.725846
2025-10-18T17:12:44+00:00,188,14.256,400.6,89,45.197458,5.725889
2025-10-18T17:12:45+00:00,188,14.472,400.4,88,45.197461,5.725939
2025-10-18T17:12:46+00:00,188,14.328,400.6,88,45.197466,5.72599
2025-10-18T17:12:47+00:00,188,13.68,400.4,88,45.19747,5.726032
2025-10-18T17:12:48+00:00,188,13.536,400.4,88,45.197477,5.726081
2025-10-18T17:12:49+00:00,188,13.751999999999999,400.4,88,45.1975,5.726125
2025-10-18T17:12:50+00:00,189,13.751999999999999,400.4,87,45.197513,5.726174
2025-10-18T17:12:51+00:00,189,13.536,400.4,87,45.197522,5.726214
2025-10-18T17:12:52+00:00,187,13.536,400.4,87,45.197543,5.72626
2025-10-18T17:12:53+00:00,187,14.328,400.4,87,45.197571,5.72631
2025-10-18T17:12:54+00:00,187,14.76,400.4,87,45.197588,5.726359
2025-10-18T17:12:55+00:00,188,14.904,400.4,87,45.197612,5.726403
2025-10-18T17:12:56+00:00,188,15.624,400.4,87,45.19764,5.726445
2025-10-18T17:12:57+00:00,188,16.056,400.6,88,45.197664,5.726484
2025-10-18T17:12:58+00:00,187,15.552000000000001,400.4,88,45.197691,5.726524
2025-10-18T17:12:59+00:00,188,15.48,400.6,88,45.197718,5.726568
2025-10-18T17:13:00+00:00,189,15.840000000000002,400.6,88,45.197752,5.726605
2025-10-18T17:13:01+00:00,188,15.984000000000002,400.6,88,45.197783,5.726648
2025-10-18T17:13:02+00:00,189,16.2,400.4,88,45.197812,5.726681
2025-10-18T17:13:03+00:00,188,16.488,400.4,88,45.197839,5.726726
2025-10-18T17:13:04+00:00,189,16.488,400.6,88,45.197871,5.726752
2025-10-18T17:13:05+00:00,189,16.272,400.6,88,45.197902,5.726789
2025-10-18T17:13:06+00:00,188,15.264000000000001,400.6,88,45.197919,5.726813
2025-10-18T17:13:07+00:00,188,14.976,400.8,87,45.197949,5.726851
2025-10-18T17:13:08+00:00,189,14.76,400.8,87,45.197984,5.726877
2025-10-18T17:13:09+00:00,191,14.832,400.8,87,45.198014,5.72691
2025-10-18T17:13:10+00:00,190,14.616,400.8,87,45.198042,5.726943
2025-10-18T17:13:11+00:00,188,15.192,401.0,87,45.198077,5.726969
2025-10-18T17:13:12+00:00,190,15.408000000000001,401.0,87,45.198115,5.726994
2025-10-18T17:13:13+00:00,191,15.120000000000001,401.0,87,45.19814,5.727017
2025-10-18T17:13:14+00:00,189,15.120000000000001,401.2,86,45.198172,5.727057
2025-10-18T17:13:15+00:00,189,14.832,401.2,86,45.198198,5.727079
2025-10-18T17:13:16+00:00,190,14.832,401.2,86,45.198231,5.727115
2025-10-18T17:13:17+00:00,190,14.472,401.4,87,45.198259,5.72714
2025-10-18T17:13:18+00:00,189,14.688,401.4,87,45.198287,5.727174
2025-10-18T17:13:19+00:00,189,14.184,401.6,87,45.19831,5.727207
2025-10-18T17:13:20+00:00,191,14.472,401.8,87,45.19834,5.727239
2025-10-18T17:13:21+00:00,190,14.256,402.0,87,45.198356,5.727285
2025-10-18T17:13:22+00:00,189,14.688,402.0,87,45.198373,5.727327
2025-10-18T17:13:23+00:00,190,14.472,402.0,86,45.198389,5.727374
2025-10-18T17:13:24+00:00,191,14.04,402.0,86,45.198416,5.727387
2025-10-18T17:13:25+00:00,190,13.464,402.0,86,45.198438,5.727399
2025-10-18T17:13:26+00:00,191,12.96,402.0,85,45.198455,5.727398
2025-10-18T17:13:27+00:00,189,10.8,402.0,85,45.198455,5.727381
2025-10-18T17:13:28+00:00,190,8.712,402.2,84,45.198463,5.727384
2025-10-18T17:13:29+00:00,189,6.912,402.2,70,45.198468,5.727375
2025-10-18T17:13:30+00:00,190,4.5360000000000005,402.4,72,45.198468,5.727363
2025-10-18T17:13:31+00:00,188,2.232,402.2,76,45.198467,5.727349
2025-10-18T17:13:32+00:00,189,1.584,401.8,100,45.198466,5.727339
2025-10-18T17:13:33+00:00,189,2.088,401.2,86,45.198506,5.727354
2025-10-18T17:13:34+00:00,188,2.8080000000000003,400.6,86,45.198523,5.727349
2025-10-18T17:13:35+00:00,188,3.8880000000000003,400.0,86,45.198534,5.727364
2025-10-18T17:13:36+00:00,188,5.328,399.2,88,45.198548,5.727358
2025-10-18T17:13:37+00:00,189,6.5520000000000005,398.8,90,45.198573,5.727363
2025-10-18T17:13:38+00:00,188,6.264,398.4,87,45.198564,5.727419
2025-10-18T17:13:39+00:00,189,7.272,398.0,84,45.198558,5.727479
2025-10-18T17:13:40+00:00,188,8.712,397.8,85,45.198567,5.727532
2025-10-18T17:13:41+00:00,188,9.504000000000001,397.6,85,45.198575,5.727576
2025-10-18T17:13:42+00:00,189,9.72,397.4,84,45.19858,5.727615
2025-10-18T17:13:43+00:00,187,9.72,397.0,85,45.198561,5.727613
2025-10-18T17:13:44+00:00,188,8.496,396.6,83,45.198559,5.727599
2025-10-18T17:13:45+00:00,188,6.5520000000000005,396.2,117,45.198563,5.727587
2025-10-18T17:13:46+00:00,188,4.896000000000001,395.6,115,45.198566,5.727573
2025-10-18T17:13:47+00:00,187,3.672,394.8,113,45.198566,5.727564
2025-10-18T17:13:48+00:00,187,2.8080000000000003,394.2,103,45.198564,5.72756
2025-10-18T17:13:49+00:00,186,3.024,393.4,69,45.198561,5.727583
2025-10-18T17:13:50+00:00,187,3.744,392.6,71,45.198558,5.727605
2025-10-18T17:13:51+00:00,187,4.464,392.0,78,45.198556,5.727627
2025-10-18T17:13:52+00:00,188,5.5440000000000005,391.4,76,45.198554,5.727658
2025-10-18T17:13:53+00:00,187,7.272,391.0,64,45.198551,5.727689
2025-10-18T17:13:54+00:00,186,7.920000000000001,390.8,81,45.198547,5.72772
2025-10-18T17:13:55+00:00,187,8.352,390.6,84,45.198544,5.727751
2025-10-18T17:13:56+00:00,187,8.712,390.6,82,45.198541,5.727779
2025-10-18T17:13:57+00:00,187,8.712,390.6,83,45.198537,5.72781
2025-10-18T17:13:58+00:00,188,8.64,390.2,98,45.198534,5.72784
2025-10-18T17:13:59+00:00,187,8.568,389.8,101,45.19853,5.72787
2025-10-18T17:14:00+00:00,185,8.28,389.0,102,45.198527,5.727895
2025-10-18T17:14:01+00:00,186,9.216000000000001,388.4,99,45.198524,5.727927
2025-10-18T17:14:02+00:00,185,8.784,387.6,95,45.198523,5.727937
2025-10-18T17:14:03+00:00,184,8.424,386.8,90,45.198522,5.727947
2025-10-18T17:14:04+00:00,185,7.992000000000001,385.8,84,45.19852,5.727956
2025-10-18T17:14:05+00:00,185,7.920000000000001,384.8,126,45.198519,5.727966
2025-10-18T17:14:06+00:00,185,6.6240000000000006,383.8,120,45.198518,5.727976
2025-10-18T17:14:07+00:00,185,10.152,382.6,120,45.198518,5.727976
2025-10-18T17:14:08+00:00,186,13.68,381.6,119,45.198518,5.727976
2025-10-18T17:14:09+00:00,185,17.28,380.8,118,45.198518,5.727976
2025-10-18T17:14:10+00:00,186,20.664,380.4,69,45.198518,5.727976
2025-10-18T17:14:11+00:00,185,22.608,379.8,58,45.198518,5.727976
2025-10-18T17:14:12+00:00,185,20.232,379.4,49,45.198518,5.727976
2025-10-18T17:14:13+00:00,185,16.632,379.2,75,45.198518,5.727976
2025-10-18T17:14:14+00:00,185,11.735999999999999,378.4,67,45.198528,5.727844
2025-10-18T17:14:15+00:00,184,8.496,378.0,67,45.198523,5.727794
2025-10-18T17:14:16+00:00,184,6.5520000000000005,377.8,67,45.198525,5.727773
2025-10-18T17:14:17+00:00,183,4.896000000000001,377.2,97,45.198521,5.727764
2025-10-18T17:14:18+00:00,183,4.032000000000001,376.8,114,45.198514,5.727752
2025-10-18T17:14:19+00:00,184,4.176,376.4,108,45.198511,5.727745
2025-10-18T17:14:20+00:00,184,2.952,375.8,105,45.198502,5.72774
2025-10-18T17:14:21+00:00,184,1.728,375.0,104,45.198498,5.727735
2025-10-18T17:14:22+00:00,183,1.08,374.2,104,45.198496,5.727742
2025-10-18T17:14:23+00:00,181,1.2240000000000002,373.6,104,45.198503,5.727759
2025-10-18T17:14:24+00:00,181,2.088,373.0,96,45.198521,5.727771
2025-10-18T17:14:25+00:00,182,3.456,372.6,93,45.198541,5.727801
2025-10-18T17:14:26+00:00,180,4.5360000000000005,372.2,95,45.198536,5.727818
2025-10-18T17:14:27+00:00,182,6.264,371.8,93,45.19851,5.727794
2025-10-18T17:14:28+00:00,181,8.424,371.4,69,45.198475,5.72777
2025-10-18T17:14:29+00:00,181,10.512,371.2,83,45.198442,5.727748
2025-10-18T17:14:30+00:00,181,12.744,370.6,85,45.198399,5.727708
2025-10-18T17:14:31+00:00,181,15.264000000000001,370.2,87,45.198364,5.727678
2025-10-18T17:14:32+00:00,181,17.064,369.8,88,45.198322,5.727644
2025-10-18T17:14:33+00:00,181,17.856,369.2,89,45.198283,5.727621
2025-10-18T17:14:34+00:00,182,18.144000000000002,368.8,91,45.198244,5.727594
2025-10-18T17:14:35+00:00,183,18.288,368.4,93,45.198197,5.727559
2025-10-18T17:14:36+00:00,183,18.072,368.0,92,45.198163,5.727536
2025-10-18T17:14:37+00:00,184,18.288,367.8,92,45.19812,5.727498
2025-10-18T17:14:38+00:00,184,18.36,367.4,90,45.198086,5.727458
2025-10-18T17:14:39+00:00,183,18.720000000000002,367.0,90,45.198049,5.727408
2025-10-18T17:14:40+00:00,184,17.784000000000002,366.8,91,45.198018,5.727379
2025-10-18T17:14:41+00:00,185,17.28,366.4,92,45.19798,5.727353
2025-10-18T17:14:42+00:00,185,15.912,366.0,98,45.197942,5.727355
2025-10-18T17:14:43+00:00,185,14.04,365.8,104,45.197924,5.727363
2025-10-18T17:14:44+00:00,186,11.879999999999999,365.4,105,45.197921,5.727394
2025-10-18T17:14:45+00:00,187,10.368,364.8,104,45.19794,5.727414
2025-10-18T17:14:46+00:00,187,9.576,364.2,98,45.197963,5.727448
2025-10-18T17:14:47+00:00,187,10.44,363.4,94,45.197999,5.727484
2025-10-18T17:14:48+00:00,187,12.888,362.8,93,45.19804,5.727528
2025-10-18T17:14:49+00:00,188,15.408000000000001,362.6,92,45.198073,5.727576
2025-10-18T17:14:50+00:00,189,17.712,362.0,92,45.198106,5.727627
2025-10-18T17:14:51+00:00,188,19.584000000000003,361.8,92,45.198135,5.727679
2025-10-18T17:14:52+00:00,188,19.8,361.2,92,45.198167,5.727725
2025-10-18T17:14:53+00:00,188,19.584000000000003,360.6,92,45.198203,5.72777
2025-10-18T17:14:54+00:00,188,18.936,359.8,93,45.198237,5.727801
2025-10-18T17:14:55+00:00,188,18.791999999999998,359.2,93,45.198276,5.727847
2025-10-18T17:14:56+00:00,188,18.0,358.6,92,45.198302,5.727883
2025-10-18T17:14:57+00:00,187,18.215999999999998,358.0,92,45.198343,5.727928
2025-10-18T17:14:58+00:00,187,17.568,357.4,92,45.198379,5.727948
2025-10-18T17:14:59+00:00,187,18.0,357.0,92,45.198429,5.72798
2025-10-18T17:15:00+00:00,188,17.712,356.6,91,45.198466,5.728008
2025-10-18T17:15:01+00:00,188,16.848,356.0,111,45.198478,5.72805
2025-10-18T17:15:02+00:00,187,14.544,355.6,105,45.198457,5.728072
2025-10-18T17:15:03+00:00,190,13.536,355.2,101,45.198429,5.728063
2025-10-18T17:15:04+00:00,188,12.672,354.6,93,45.198393,5.728036
2025-10-18T17:15:05+00:00,188,13.104000000000001,354.0,90,45.19835,5.727996
2025-10-18T17:15:06+00:00,189,14.616,353.6,91,45.198308,5.727971
2025-10-18T17:15:07+00:00,189,17.208000000000002,353.0,92,45.198261,5.727934
2025-10-18T17:15:08+00:00,189,18.503999999999998,352.4,92,45.198223,5.727912
2025-10-18T17:15:09+00:00,190,19.728,351.8,91,45.19817,5.727881
2025-10-18T17:15:10+00:00,190,19.224,351.4,91,45.198136,5.727862
2025-10-18T17:15:11+00:00,189,18.791999999999998,350.8,90,45.198095,5.727828
2025-10-18T17:15:12+00:00,188,17.784000000000002,350.2,89,45.198064,5.727799
2025-10-18T17:15:13+00:00,189,16.632,349.8,89,45.198032,5.727784
2025-10-18T17:15:14+00:00,190,13.68,349.6,90,45.198018,5.727792
2025-10-18T17:15:15+00:00,190,11.735999999999999,349.2,90,45.198,5.727814
2025-10-18T17:15:16+00:00,190,10.368,348.8,88,45.197998,5.727857
2025-10-18T17:15:17+00:00,189,9.792000000000002,348.4,85,45.198006,5.727899
2025-10-18T17:15:18+00:00,189,10.152,348.0,85,45.198036,5.727936
2025-10-18T17:15:19+00:00,191,12.096,347.6,86,45.198071,5.727968
2025-10-18T17:15:20+00:00,192,13.824,347.4,87,45.198105,5.727999
2025-10-18T17:15:21+00:00,191,15.624,347.0,88,45.198148,5.728024
2025-10-18T17:15:22+00:00,190,16.704,346.8,88,45.19819,5.72805
2025-10-18T17:15:23+00:00,190,18.0,346.4,88,45.198233,5.728076
2025-10-18T17:15:24+00:00,191,18.576,345.8,88,45.198274,5.728111
2025-10-18T17:15:25+00:00,192,18.576,345.4,88,45.198307,5.728133
2025-10-18T17:15:26+00:00,189,18.432000000000002,344.8,87,45.198353,5.728172
2025-10-18T17:15:27+00:00,189,17.928,344.2,87,45.198383,5.728194
2025-10-18T17:15:28+00:00,190,17.064,343.6,88,45.198423,5.72823
2025-10-18T17:15:29+00:00,189,16.416,343.0,90,45.198457,5.728265
2025-10-18T17:15:30+00:00,189,16.056,342.4,90,45.198488,5.728301
2025-10-18T17:15:31+00:00,190,14.112,342.0,104,45.198483,5.728334
2025-10-18T17:15:32+00:00,189,12.456,341.6,101,45.198461,5.728331
2025-10-18T17:15:33+00:00,191,11.952,341.2,96,45.198425,5.728311
2025-10-18T17:15:34+00:00,190,12.384,340.8,92,45.19838,5.728278
2025-10-18T17:15:35+00:00,190,12.96,340.4,91,45.198348,5.728259
2025-10-18T17:15:36+00:00,190,14.904,340.0,91,45.198303,5.728225
2025-10-18T17:15:37+00:00,188,16.776,339.6,90,45.198264,5.728208
2025-10-18T17:15:38+00:00,191,17.424,339.2,90,45.198227,5.728186
2025-10-18T17:15:39+00:00,191,16.488,338.8,94,45.198195,5.728172
2025-10-18T17:15:40+00:00,190,15.192,338.4,99,45.198166,5.728178
2025-10-18T17:15:41+00:00,190,13.751999999999999,338.0,99,45.19814,5.728194
2025-10-18T17:15:42+00:00,191,12.6,337.6,94,45.198177,5.728221
2025-10-18T17:15:43+00:00,191,13.248000000000001,337.2,94,45.198222,5.728261
2025-10-18T17:15:44+00:00,191,14.4,336.8,90,45.198267,5.728274
2025-10-18T17:15:45+00:00,192,16.128000000000004,336.4,89,45.198315,5.728306
2025-10-18T17:15:46+00:00,193,17.136,336.2,89,45.198355,5.728329
2025-10-18T17:15:47+00:00,191,16.992,335.6,96,45.19836,5.728365
2025-10-18T17:15:48+00:00,191,14.4,335.4,99,45.198357,5.728393
2025-10-18T17:15:49+00:00,190,12.24,335.2,97,45.198325,5.72839
2025-10-18T17:15:50+00:00,191,11.735999999999999,334.8,93,45.19828,5.728371
2025-10-18T17:15:51+00:00,191,11.808,334.2,89,45.198241,5.728346
2025-10-18T17:15:52+00:00,190,13.392000000000001,333.8,88,45.198199,5.728325
2025-10-18T17:15:53+00:00,190,15.768,333.2,88,45.198158,5.728288
2025-10-18T17:15:54+00:00,190,17.64,332.6,87,45.198122,5.728259
2025-10-18T17:15:55+00:00,191,17.784000000000002,332.2,88,45.198085,5.728224
2025-10-18T17:15:56+00:00,190,17.496000000000002,331.6,88,45.198049,5.728202
2025-10-18T17:15:57+00:00,190,17.424,331.2,88,45.198008,5.728161
2025-10-18T17:15:58+00:00,190,16.776,330.8,88,45.197972,5.728139
2025-10-18T17:15:59+00:00,191,16.2,330.4,88,45.197933,5.728116
2025-10-18T17:16:00+00:00,189,14.688,330.0,85,45.197914,5.728132
2025-10-18T17:16:01+00:00,189,12.744,329.8,84,45.197916,5.728159
2025-10-18T17:16:02+00:00,190,11.016,329.4,84,45.19793,5.728192
2025-10-18T17:16:03+00:00,190,10.44,329.2,84,45.197963,5.728215
2025-10-18T17:16:04+00:00,189,10.584,328.8,85,45.197998,5.728242
2025-10-18T17:16:05+00:00,190,11.592,328.6,86,45.198028,5.728271
2025-10-18T17:16:06+00:00,190,14.256,328.2,86,45.198072,5.728305
2025-10-18T17:16:07+00:00,189,15.840000000000002,328.0,86,45.198108,5.728328
2025-10-18T17:16:08+00:00,189,17.352,327.8,87,45.198156,5.728363
2025-10-18T17:16:09+00:00,190,17.64,327.6,87,45.198192,5.728392
2025-10-18T17:16:10+00:00,189,18.144000000000002,327.4,86,45.198226,5.728431
2025-10-18T17:16:11+00:00,189,16.992,327.2,88,45.198242,5.728471
2025-10-18T17:16:12+00:00,188,15.696000000000002,326.8,103,45.198254,5.728514
2025-10-18T17:16:13+00:00,190,12.384,326.8,100,45.198237,5.728523
2025-10-18T17:16:14+00:00,189,10.872,326.4,96,45.198213,5.728508
2025-10-18T17:16:15+00:00,189,9.936,326.0,91,45.198184,5.728479
2025-10-18T17:16:16+00:00,189,10.656,325.6,90,45.198143,5.728455
2025-10-18T17:16:17+00:00,187,12.168,325.0,89,45.198103,5.728429
2025-10-18T17:16:18+00:00,187,15.120000000000001,324.6,89,45.198059,5.728402
2025-10-18T17:16:19+00:00,188,17.136,324.0,89,45.198017,5.728366
2025-10-18T17:16:20+00:00,189,18.503999999999998,323.6,89,45.197976,5.728338
2025-10-18T17:16:21+00:00,190,19.44,323.2,88,45.197928,5.728298
2025-10-18T17:16:22+00:00,188,19.656,322.6,88,45.197887,5.728282
2025-10-18T17:16:23+00:00,188,19.8,322.0,89,45.19784,5.728251
2025-10-18T17:16:24+00:00,190,19.584000000000003,321.6,88,45.197801,5.72823
2025-10-18T17:16:25+00:00,190,19.44,321.0,88,45.197758,5.728198
2025-10-18T17:16:26+00:00,189,18.503999999999998,320.4,88,45.197725,5.728171
2025-10-18T17:16:27+00:00,189,18.144000000000002,320.0,88,45.197682,5.728145
2025-10-18T17:16:28+00:00,190,17.424,319.4,88,45.19765,5.728114
2025-10-18T17:16:29+00:00,190,16.992,319.0,87,45.197611,5.728092
2025-10-18T17:16:30+00:00,190,15.984000000000002,318.4,87,45.197584,5.728079
2025-10-18T17:16:31+00:00,189,14.976,317.8,89,45.197555,5.728085
2025-10-18T17:16:32+00:00,189,13.607999999999999,317.4,95,45.197536,5.72811
2025-10-18T17:16:33+00:00,189,12.456,316.8,92,45.19753,5.728147
2025-10-18T17:16:34+00:00,188,11.952,316.6,91,45.197564,5.728186
2025-10-18T17:16:35+00:00,188,12.672,316.2,90,45.197594,5.728233
2025-10-18T17:16:36+00:00,188,14.616,315.8,89,45.197644,5.728265
2025-10-18T17:16:37+00:00,188,16.704,315.4,89,45.197688,5.728306
2025-10-18T17:16:38+00:00,188,18.503999999999998,314.8,89,45.197725,5.728342
2025-10-18T17:16:39+00:00,187,19.944,314.2,89,45.19777,5.728381
2025-10-18T17:16:40+00:00,187,20.16,313.6,89,45.197808,5.72842
2025-10-18T17:16:41+00:00,188,19.512,313.0,89,45.197845,5.728448
2025-10-18T17:16:42+00:00,188,18.720000000000002,312.4,88,45.197879,5.728483
2025-10-18T17:16:43+00:00,188,18.144000000000002,312.0,89,45.197912,5.72852
2025-10-18T17:16:44+00:00,187,17.424,311.4,89,45.197946,5.728563
2025-10-18T17:16:45+00:00,187,16.992,310.8,89,45.197974,5.728597
2025-10-18T17:16:46+00:00,188,16.848,310.4,89,45.198009,5.728639
2025-10-18T17:16:47+00:00,189,16.704,309.8,88,45.198039,5.728676
2025-10-18T17:16:48+00:00,188,17.136,309.4,88,45.198075,5.728723
2025-10-18T17:16:49+00:00,188,16.704,308.8,88,45.198104,5.72875
2025-10-18T17:16:50+00:00,189,16.2,308.4,89,45.198128,5.728782
2025-10-18T17:16:51+00:00,189,15.120000000000001,307.8,95,45.198128,5.728836
2025-10-18T17:16:52+00:00,188,13.968,307.4,96,45.19812,5.72887
2025-10-18T17:16:53+00:00,187,11.808,307.0,93,45.198093,5.728871
2025-10-18T17:16:54+00:00,188,11.735999999999999,306.6,91,45.198053,5.72885
2025-10-18T17:16:55+00:00,188,12.816,306.2,91,45.198008,5.728827
2025-10-18T17:16:56+00:00,189,14.184,305.8,90,45.197967,5.728798
2025-10-18T17:16:57+00:00,188,16.128000000000004,305.4,89,45.197929,5.728768
2025-10-18T17:16:58+00:00,187,18.432000000000002,304.8,89,45.19789,5.728732
2025-10-18T17:16:59+00:00,187,18.791999999999998,304.2,89,45.197853,5.728709
2025-10-18T17:17:00+00:00,188,18.936,303.8,88,45.197807,5.728669
2025-10-18T17:17:01+00:00,188,18.720000000000002,303.2,88,45.197772,5.728648
2025-10-18T17:17:02+00:00,187,18.432000000000002,302.6,88,45.197728,5.728617
2025-10-18T17:17:03+00:00,187,18.072,302.2,87,45.197692,5.728593
2025-10-18T17:17:04+00:00,188,18.0,301.6,87,45.197656,5.728562
2025-10-18T17:17:05+00:00,189,17.352,301.2,87,45.197619,5.728527
2025-10-18T17:17:06+00:00,187,17.064,300.6,87,45.197587,5.728495
2025-10-18T17:17:07+00:00,187,16.92,300.2,86,45.197552,5.728449
2025-10-18T17:17:08+00:00,188,16.56,299.8,86,45.197521,5.72842
2025-10-18T17:17:09+00:00,188,15.984000000000002,299.4,84,45.197488,5.728399
2025-10-18T17:17:10+00:00,187,14.112,299.0,85,45.197474,5.728407
2025-10-18T17:17:11+00:00,187,12.672,298.6,88,45.197456,5.728424
2025-10-18T17:17:12+00:00,187,11.16,298.2,88,45.197448,5.728464
2025-10-18T17:17:13+00:00,188,9.864,297.6,87,45.197456,5.728496
2025-10-18T17:17:14+00:00,187,9.432,297.2,87,45.197474,5.728537
2025-10-18T17:17:15+00:00,187,10.872,296.6,88,45.1975,5.728575
2025-10-18T17:17:16+00:00,186,12.744,296.2,86,45.197534,5.728627
2025-10-18T17:17:17+00:00,186,13.751999999999999,295.6,86,45.197559,5.728658
2025-10-18T17:17:18+00:00,187,15.48,295.2,86,45.197594,5.728702
2025-10-18T17:17:19+00:00,185,16.848,294.6,87,45.197629,5.728735
2025-10-18T17:17:20+00:00,184,17.568,294.2,86,45.197667,5.728776
2025-10-18T17:17:21+00:00,185,17.496000000000002,293.8,86,45.197702,5.728817
2025-10-18T17:17:22+00:00,186,18.144000000000002,293.4,86,45.197739,5.72886
2025-10-18T17:17:23+00:00,185,18.288,293.0,86,45.197774,5.728902
2025-10-18T17:17:24+00:00,185,18.288,292.6,86,45.197806,5.728937
2025-10-18T17:17:25+00:00,185,18.432000000000002,292.0,86,45.19784,5.72898
2025-10-18T17:17:26+00:00,186,18.144000000000002,291.6,86,45.197873,5.72902
2025-10-18T17:17:27+00:00,186,18.36,291.0,86,45.19791,5.729065
2025-10-18T17:17:28+00:00,186,18.648,290.4,86,45.197947,5.729107
2025-10-18T17:17:29+00:00,185,18.576,289.8,86,45.197981,5.72914
2025-10-18T17:17:30+00:00,185,18.215999999999998,289.4,85,45.198015,5.729179
2025-10-18T17:17:31+00:00,187,17.784000000000002,289.0,86,45.198038,5.729217
2025-10-18T17:17:32+00:00,185,16.056,288.6,92,45.198041,5.729252
2025-10-18T17:17:33+00:00,185,13.248000000000001,288.2,95,45.198033,5.729278
2025-10-18T17:17:34+00:00,185,11.879999999999999,287.8,95,45.198003,5.729265
2025-10-18T17:17:35+00:00,185,11.952,287.4,94,45.197961,5.729234
2025-10-18T17:17:36+00:00,185,12.456,286.8,94,45.197921,5.729213
2025-10-18T17:17:37+00:00,185,13.968,286.4,93,45.19788,5.72919
2025-10-18T17:17:38+00:00,185,16.56,286.0,91,45.197838,5.729169
2025-10-18T17:17:39+00:00,187,18.432000000000002,285.6,89,45.197792,5.729137
2025-10-18T17:17:40+00:00,186,18.936,285.2,90,45.197748,5.729119
2025-10-18T17:17:41+00:00,187,19.224,284.6,90,45.197703,5.729089
2025-10-18T17:17:42+00:00,186,18.864,284.2,90,45.19767,5.729077
2025-10-18T17:17:43+00:00,185,18.576,283.6,89,45.197629,5.729046
2025-10-18T17:17:44+00:00,185,18.0,283.0,89,45.19759,5.729021
2025-10-18T17:17:45+00:00,186,17.64,282.4,91,45.19755,5.728991
2025-10-18T17:17:46+00:00,185,17.352,281.8,91,45.197509,5.728974
2025-10-18T17:17:47+00:00,185,17.712,281.2,90,45.197469,5.728937
2025-10-18T17:17:48+00:00,187,17.568,280.8,90,45.197432,5.728914
2025-10-18T17:17:49+00:00,187,17.784000000000002,280.2,89,45.197387,5.728881
2025-10-18T17:17:50+00:00,187,17.712,279.6,89,45.197349,5.728859
2025-10-18T17:17:51+00:00,186,18.0,279.2,88,45.197302,5.728838
2025-10-18T17:17:52+00:00,186,17.856,278.6,88,45.197261,5.728816
2025-10-18T17:17:53+00:00,187,18.503999999999998,278.0,89,45.197212,5.728783
2025-10-18T17:17:54+00:00,188,18.215999999999998,277.4,90,45.197178,5.72876
2025-10-18T17:17:55+00:00,188,18.503999999999998,276.8,90,45.197131,5.728726
2025-10-18T17:17:56+00:00,188,18.215999999999998,276.4,90,45.197096,5.728697
2025-10-18T17:17:57+00:00,188,18.432000000000002,275.8,89,45.197057,5.728655
2025-10-18T17:17:58+00:00,187,18.144000000000002,275.2,89,45.197022,5.728619
2025-10-18T17:17:59+00:00,187,18.432000000000002,274.8,89,45.196985,5.728579
2025-10-18T17:18:00+00:00,187,17.856,274.4,89,45.196956,5.72854
2025-10-18T17:18:01+00:00,188,18.072,274.0,89,45.196922,5.728496
2025-10-18T17:18:02+00:00,189,17.352,273.8,88,45.1969,5.728455
2025-10-18T17:18:03+00:00,188,16.848,273.8,89,45.196874,5.728414
2025-10-18T17:18:04+00:00,187,15.984000000000002,274.0,89,45.196854,5.728378
2025-10-18T17:18:05+00:00,187,15.408000000000001,274.2,89,45.196829,5.728344
2025-10-18T17:18:06+00:00,188,14.616,274.8,89,45.196808,5.7283
2025-10-18T17:18:07+00:00,189,14.256,275.0,88,45.196783,5.728271
2025-10-18T17:18:08+00:00,188,14.184,275.2,88,45.196757,5.728226
2025-10-18T17:18:09+00:00,188,14.4,275.4,87,45.196735,5.728188
2025-10-18T17:18:10+00:00,189,14.904,275.2,87,45.196707,5.728147
2025-10-18T17:18:11+00:00,189,15.048,275.2,85,45.196678,5.728109
2025-10-18T17:18:12+00:00,188,15.264000000000001,275.0,85,45.19665,5.728081
2025-10-18T17:18:13+00:00,188,15.624,274.8,85,45.196618,5.728036
2025-10-18T17:18:14+00:00,189,15.624,274.6,86,45.196593,5.728005
2025-10-18T17:18:15+00:00,187,15.840000000000002,274.4,86,45.196559,5.727962
2025-10-18T17:18:16+00:00,187,15.840000000000002,274.2,86,45.196529,5.727929
2025-10-18T17:18:17+00:00,187,16.128000000000004,273.8,86,45.196493,5.727901
2025-10-18T17:18:18+00:00,189,15.840000000000002,273.6,86,45.196458,5.727865
2025-10-18T17:18:19+00:00,188,16.2,273.2,86,45.196423,5.727835
2025-10-18T17:18:20+00:00,187,16.488,273.0,86,45.196386,5.727791
2025-10-18T17:18:21+00:00,189,16.848,272.6,86,45.196355,5.727763
2025-10-18T17:18:22+00:00,188,17.352,272.4,86,45.196316,5.727715
2025-10-18T17:18:23+00:00,188,17.64,272.2,86,45.196284,5.727684
2025-10-18T17:18:24+00:00,189,18.072,271.8,86,45.196246,5.727636
2025-10-18T17:18:25+00:00,189,17.928,271.4,87,45.196214,5.727597
2025-10-18T17:18:26+00:00,189,18.215999999999998,271.0,87,45.196179,5.727553
2025-10-18T17:18:27+00:00,189,18.0,270.8,87,45.196149,5.727504
2025-10-18T17:18:28+00:00,188,18.072,270.4,87,45.196122,5.727459
2025-10-18T17:18:29+00:00,189,17.784000000000002,270.2,87,45.196099,5.727402
2025-10-18T17:18:30+00:00,189,17.64,269.8,87,45.196071,5.727362
2025-10-18T17:18:31+00:00,189,17.568,269.6,87,45.196049,5.727298
2025-10-18T17:18:32+00:00,189,17.64,269.2,87,45.196023,5.727252
2025-10-18T17:18:33+00:00,190,18.0,268.8,87,45.195995,5.72719
2025-10-18T17:18:34+00:00,190,17.928,268.6,87,45.195971,5.727143
2025-10-18T17:18:35+00:00,189,18.432000000000002,268.2,87,45.195947,5.727085
2025-10-18T17:18:36+00:00,190,18.215999999999998,267.8,87,45.195926,5.727034
2025-10-18T17:18:37+00:00,190,18.072,267.4,87,45.1959,5.726987
2025-10-18T17:18:38+00:00,189,17.784000000000002,267.0,87,45.195876,5.726927
2025-10-18T17:18:39+00:00,188,17.712,266.6,87,45.195848,5.726889
2025-10-18T17:18:40+00:00,189,17.28,266.2,87,45.195821,5.726832
2025-10-18T17:18:41+00:00,190,16.992,266.0,87,45.195799,5.726799
2025-10-18T17:18:42+00:00,189,16.992,265.6,88,45.195765,5.726751
2025-10-18T17:18:43+00:00,189,16.416,265.4,87,45.195738,5.726718
2025-10-18T17:18:44+00:00,188,16.632,265.2,87,45.195699,5.726679
2025-10-18T17:18:45+00:00,189,16.632,264.8,87,45.195663,5.726645
2025-10-18T17:18:46+00:00,190,16.92,264.6,87,45.195633,5.726608
2025-10-18T17:18:47+00:00,189,16.92,264.2,86,45.195605,5.726559
2025-10-18T17:18:48+00:00,190,16.992,264.0,86,45.195578,5.726524
2025-10-18T17:18:49+00:00,190,16.92,263.8,86,45.195549,5.726469
2025-10-18T17:18:50+00:00,189,16.632,263.4,86,45.195524,5.726429
2025-10-18T17:18:51+00:00,189,16.92,263.2,86,45.195493,5.726374
2025-10-18T17:18:52+00:00,190,16.848,262.8,86,45.195472,5.726325
2025-10-18T17:18:53+00:00,189,17.28,262.4,86,45.195451,5.726273
2025-10-18T17:18:54+00:00,189,17.28,262.2,86,45.195439,5.72621
2025-10-18T17:18:55+00:00,189,17.496000000000002,261.8,86,45.195424,5.72616
2025-10-18T17:18:56+00:00,189,17.712,261.6,86,45.195411,5.726088
2025-10-18T17:18:57+00:00,188,17.568,261.4,86,45.195401,5.726038
2025-10-18T17:18:58+00:00,188,17.64,261.2,86,45.195388,5.725969
2025-10-18T17:18:59+00:00,189,17.568,261.0,86,45.195377,5.725914
2025-10-18T17:19:00+00:00,189,17.64,260.8,86,45.195362,5.725858
2025-10-18T17:19:01+00:00,189,17.352,260.4,86,45.195347,5.725795
2025-10-18T17:19:02+00:00,189,17.496000000000002,260.2,86,45.195332,5.725744
2025-10-18T17:19:03+00:00,189,17.496000000000002,259.8,87,45.195316,5.725678
2025-10-18T17:19:04+00:00,189,17.496000000000002,259.6,86,45.195296,5.725629
2025-10-18T17:19:05+00:00,188,17.64,259.4,86,45.195284,5.725562
2025-10-18T17:19:06+00:00,188,17.28,259.0,87,45.195272,5.725515
2025-10-18T17:19:07+00:00,188,17.352,258.8,87,45.19525,5.725455
2025-10-18T17:19:08+00:00,188,16.92,258.4,87,45.195231,5.725409
2025-10-18T17:19:09+00:00,188,16.704,258.0,86,45.19521,5.72536
2025-10-18T17:19:10+00:00,188,16.344,257.8,86,45.195189,5.725312
2025-10-18T17:19:11+00:00,189,16.344,257.4,86,45.195167,5.725265
2025-10-18T17:19:12+00:00,187,16.272,257.2,86,45.195145,5.725207
2025-10-18T17:19:13+00:00,187,16.344,256.8,86,45.195126,5.725164
2025-10-18T17:19:14+00:00,189,16.488,256.6,86,45.195101,5.725109
2025-10-18T17:19:15+00:00,188,16.416,256.2,85,45.195078,5.725058
2025-10-18T17:19:16+00:00,187,16.056,256.0,85,45.195049,5.725027
2025-10-18T17:19:17+00:00,188,15.624,255.8,84,45.195012,5.724994
2025-10-18T17:19:18+00:00,189,14.472,255.4,85,45.194986,5.724999
2025-10-18T17:19:19+00:00,187,13.824,255.2,84,45.194958,5.725025
2025-10-18T17:19:20+00:00,188,13.464,254.8,84,45.194948,5.725073
2025-10-18T17:19:21+00:00,189,13.895999999999999,254.4,85,45.194945,5.725125
2025-10-18T17:19:22+00:00,187,14.616,253.8,85,45.19496,5.725192
2025-10-18T17:19:23+00:00,188,16.128000000000004,253.4,85,45.194984,5.725247
2025-10-18T17:19:24+00:00,188,17.424,253.0,85,45.195007,5.725318
2025-10-18T17:19:25+00:00,188,17.784000000000002,252.4,85,45.19503,5.725363
2025-10-18T17:19:26+00:00,188,17.856,252.0,85,45.19506,5.725412
2025-10-18T17:19:27+00:00,190,17.568,251.6,85,45.195082,5.72547
2025-10-18T17:19:28+00:00,188,17.28,251.2,85,45.195105,5.725512
2025-10-18T17:19:29+00:00,189,16.776,250.6,84,45.19511,5.725579
2025-10-18T17:19:30+00:00,190,17.136,250.2,84,45.195111,5.72564
2025-10-18T17:19:31+00:00,188,17.496000000000002,249.8,84,45.195116,5.725707
2025-10-18T17:19:32+00:00,189,17.64,249.6,84,45.195112,5.725767
2025-10-18T17:19:33+00:00,190,17.28,249.2,84,45.195111,5.725815
2025-10-18T17:19:34+00:00,188,17.136,248.8,85,45.195102,5.72588
2025-10-18T17:19:35+00:00,189,16.92,248.2,85,45.195101,5.725934
2025-10-18T17:19:36+00:00,189,16.776,247.8,85,45.195092,5.725997
2025-10-18T17:19:37+00:00,187,16.488,247.2,84,45.195086,5.726054
2025-10-18T17:19:38+00:00,187,16.848,246.8,84,45.195082,5.726106
2025-10-18T17:19:39+00:00,188,16.848,246.4,84,45.195073,5.726169
2025-10-18T17:19:40+00:00,187,16.488,246.0,83,45.195065,5.726218
2025-10-18T17:19:41+00:00,187,15.696000000000002,245.6,83,45.195049,5.726266
2025-10-18T17:19:42+00:00,188,15.48,245.2,84,45.195032,5.726315
2025-10-18T17:19:43+00:00,186,14.328,244.8,85,45.195022,5.726348
2025-10-18T17:19:44+00:00,186,13.104000000000001,244.4,84,45.195005,5.726384
2025-10-18T17:19:45+00:00,186,12.24,244.0,87,45.194986,5.726413
2025-10-18T17:19:46+00:00,186,12.384,243.6,91,45.194958,5.726453
2025-10-18T17:19:47+00:00,185,12.24,243.2,94,45.194928,5.726479
2025-10-18T17:19:48+00:00,187,11.879999999999999,242.4,96,45.194912,5.726485
2025-10-18T17:19:49+00:00,186,11.808,241.8,91,45.194892,5.726518
2025-10-18T17:19:50+00:00,186,11.735999999999999,241.0,70,45.194887,5.726556
2025-10-18T17:19:51+00:00,186,10.8,240.4,72,45.194894,5.726591
2025-10-18T17:19:52+00:00,186,10.584,239.8,75,45.194898,5.726645
2025-10-18T17:19:53+00:00,186,11.592,239.2,80,45.1949,5.726688
2025-10-18T17:19:54+00:00,187,12.6,238.6,77,45.194903,5.726751
2025-10-18T17:19:55+00:00,189,13.536,238.0,73,45.194903,5.726795
2025-10-18T17:19:56+00:00,188,14.904,237.6,74,45.194911,5.726853
2025-10-18T17:19:57+00:00,188,15.048,237.0,78,45.194915,5.726902
2025-10-18T17:19:58+00:00,188,15.264000000000001,236.6,80,45.194919,5.726955
2025-10-18T17:19:59+00:00,188,14.76,236.0,83,45.194919,5.726993
2025-10-18T17:20:00+00:00,189,14.184,235.6,84,45.194919,5.727037
2025-10-18T17:20:01+00:00,188,12.888,235.0,85,45.194931,5.727078
2025-10-18T17:20:02+00:00,189,12.384,234.4,83,45.194939,5.727117
2025-10-18T17:20:03+00:00,188,12.312,233.8,80,45.194944,5.727173
2025-10-18T17:20:04+00:00,190,12.096,233.0,80,45.194945,5.727207
2025-10-18T17:20:05+00:00,191,11.520000000000001,232.4,73,45.194942,5.727233
2025-10-18T17:20:06+00:00,190,12.024,231.6,74,45.194941,5.727286
2025-10-18T17:20:07+00:00,191,12.312,231.0,88,45.194946,5.727328
2025-10-18T17:20:08+00:00,191,12.384,230.2,94,45.194949,5.727385
2025-10-18T17:20:09+00:00,191,12.024,229.4,93,45.194958,5.727413
2025-10-18T17:20:10+00:00,192,12.96,229.0,86,45.194969,5.727465
2025-10-18T17:20:11+00:00,193,12.816,228.0,84,45.194969,5.727502
2025-10-18T17:20:12+00:00,192,13.176,227.4,93,45.194968,5.727557
2025-10-18T17:20:13+00:00,192,12.168,226.4,99,45.194979,5.727589
2025-10-18T17:20:14+00:00,193,12.672,225.6,92,45.194978,5.727637
2025-10-18T17:20:15+00:00,192,11.879999999999999,225.2,49,45.194979,5.727671
2025-10-18T17:20:16+00:00,193,11.592,224.4,54,45.194981,5.72771
2025-10-18T17:20:17+00:00,192,10.656,223.8,59,45.194983,5.727746
2025-10-18T17:20:18+00:00,193,10.368,223.0,68,45.194984,5.727779
2025-10-18T17:20:19+00:00,193,9.72,222.4,69,45.194981,5.727816
2025-10-18T17:20:20+00:00,193,9.72,221.6,58,45.194978,5.727848
2025-10-18T17:20:21+00:00,193,9.72,221.0,59,45.194973,5.72788
2025-10-18T17:20:22+00:00,193,9.864,220.4,61,45.194965,5.727909
2025-10-18T17:20:23+00:00,192,10.584,219.8,62,45.194968,5.727949
2025-10-18T17:20:24+00:00,193,10.224,219.0,65,45.194969,5.727975
2025-10-18T17:20:25+00:00,192,10.584,218.4,84,45.194982,5.728015
2025-10-18T17:20:26+00:00,193,10.44,217.8,84,45.194991,5.728053
2025-10-18T17:20:27+00:00,191,10.224,217.0,86,45.195003,5.728089
2025-10-18T17:20:28+00:00,191,9.360000000000001,216.4,86,45.19502,5.728112
2025-10-18T17:20:29+00:00,192,10.08,215.8,86,45.195036,5.728145
2025-10-18T17:20:30+00:00,191,10.224,215.2,87,45.195053,5.728178
2025-10-18T17:20:31+00:00,192,11.088000000000001,214.6,88,45.195073,5.728223
2025-10-18T17:20:32+00:00,192,11.592,214.0,89,45.195094,5.728245
2025-10-18T17:20:33+00:00,191,12.456,213.4,65,45.195119,5.728276
2025-10-18T17:20:34+00:00,191,12.528,212.6,72,45.195142,5.728307
2025-10-18T17:20:35+00:00,193,12.168,211.8,74,45.195159,5.728333
2025-10-18T17:20:36+00:00,192,11.520000000000001,211.2,73,45.19518,5.728364
2025-10-18T17:20:37+00:00,191,10.728,210.6,69,45.195198,5.728387
2025-10-18T17:20:38+00:00,191,10.008,210.0,81,45.195206,5.728419
2025-10-18T17:20:39+00:00,191,9.576,209.6,85,45.195215,5.728455
2025-10-18T17:20:40+00:00,192,9.0,209.2,86,45.195211,5.728479
2025-10-18T17:20:41+00:00,191,8.208,208.8,86,45.195187,5.728496
2025-10-18T17:20:42+00:00,191,8.136,208.4,83,45.195162,5.728504
2025-10-18T17:20:43+00:00,190,8.136,208.0,49,45.195136,5.728507
2025-10-18T17:20:44+00:00,191,8.208,207.6,55,45.195108,5.728512
2025-10-18T17:20:45+00:00,190,8.712,206.8,60,45.195084,5.728521
2025-10-18T17:20:46+00:00,191,9.648000000000001,206.2,84,45.195055,5.728525
2025-10-18T17:20:47+00:00,190,10.728,205.6,77,45.195025,5.728534
2025-10-18T17:20:48+00:00,190,11.016,205.2,79,45.195018,5.728559
2025-10-18T17:20:49+00:00,189,10.152,204.8,80,45.195027,5.728584
2025-10-18T17:20:50+00:00,190,8.856,204.4,79,45.195036,5.728599
2025-10-18T17:20:51+00:00,189,7.272,204.0,79,45.195054,5.728598
2025-10-18T17:20:52+00:00,189,5.688000000000001,203.4,77,45.195075,5.728605
2025-10-18T17:20:53+00:00,191,5.04,202.8,78,45.195097,5.728621
2025-10-18T17:20:54+00:00,190,5.184,202.0,78,45.195083,5.728646
2025-10-18T17:20:55+00:00,190,5.328,201.4,79,45.195067,5.728642
2025-10-18T17:20:56+00:00,191,5.04,200.8,79,45.195049,5.728643
2025-10-18T17:20:57+00:00,191,5.4,200.2,110,45.195034,5.72866
2025-10-18T17:20:58+00:00,191,5.472,199.8,105,45.195034,5.728686
2025-10-18T17:20:59+00:00,191,6.192,199.6,97,45.19504,5.728721
2025-10-18T17:21:00+00:00,189,7.056,199.2,96,45.195066,5.728733
2025-10-18T17:21:01+00:00,191,10.44,198.8,94,45.195104,5.728786
2025-10-18T17:21:02+00:00,191,12.816,198.8,93,45.195143,5.72883
2025-10-18T17:21:03+00:00,191,15.696000000000002,198.6,93,45.195183,5.728878
2025-10-18T17:21:04+00:00,192,17.856,198.8,93,45.195217,5.728924
2025-10-18T17:21:05+00:00,191,20.016,198.6,93,45.195258,5.728959
2025-10-18T17:21:06+00:00,190,20.232,198.6,93,45.195297,5.729006
2025-10-18T17:21:07+00:00,190,20.664,198.6,92,45.195329,5.729056
2025-10-18T17:21:08+00:00,191,20.448,198.6,92,45.195371,5.729103
2025-10-18T17:21:09+00:00,191,19.8,198.4,92,45.195401,5.729143
2025-10-18T17:21:10+00:00,192,19.8,198.4,92,45.195436,5.729199
2025-10-18T17:21:11+00:00,192,19.512,198.2,92,45.19547,5.729237
2025-10-18T17:21:12+00:00,192,19.296000000000003,198.0,92,45.195509,5.729287
2025-10-18T17:21:13+00:00,192,18.936,198.0,92,45.195541,5.72933
2025-10-18T17:21:14+00:00,191,19.368,197.8,92,45.195576,5.72938
2025-10-18T17:21:15+00:00,191,19.296000000000003,197.8,92,45.195613,5.72942
2025-10-18T17:21:16+00:00,192,19.584000000000003,197.8,92,45.195651,5.729467
2025-10-18T17:21:17+00:00,193,19.44,197.6,92,45.195686,5.72951
2025-10-18T17:21:18+00:00,194,19.368,197.6,92,45.195721,5.729552
2025-10-18T17:21:19+00:00,193,19.224,197.6,92,45.195755,5.729593
2025-10-18T17:21:20+00:00,193,18.864,197.6,92,45.195787,5.729637
2025-10-18T17:21:21+00:00,192,18.432000000000002,197.4,92,45.195821,5.729682
2025-10-18T17:21:22+00:00,191,17.784000000000002,197.4,92,45.195853,5.729714
2025-10-18T17:21:23+00:00,192,17.856,197.4,91,45.195891,5.729763
2025-10-18T17:21:24+00:00,193,17.712,197.4,91,45.195922,5.729802
2025-10-18T17:21:25+00:00,193,18.072,197.4,91,45.195957,5.729851
2025-10-18T17:21:26+00:00,193,18.36,197.4,91,45.195996,5.729894
2025-10-18T17:21:27+00:00,192,19.008000000000003,197.4,91,45.196027,5.72994
2025-10-18T17:21:28+00:00,193,18.720000000000002,197.4,91,45.196052,5.729986
2025-10-18T17:21:29+00:00,193,19.152,197.4,92,45.196088,5.730037
2025-10-18T17:21:30+00:00,194,18.936,197.4,91,45.196118,5.730084
2025-10-18T17:21:31+00:00,194,18.864,197.4,92,45.196154,5.730134
2025-10-18T17:21:32+00:00,194,18.36,197.4,92,45.19618,5.730176
2025-10-18T17:21:33+00:00,194,18.576,197.4,92,45.196215,5.730227
2025-10-18T17:21:34+00:00,194,17.928,197.4,92,45.196246,5.730271
2025-10-18T17:21:35+00:00,194,18.215999999999998,197.4,92,45.196284,5.730316
2025-10-18T17:21:36+00:00,198,18.0,197.4,92,45.196312,5.730359
2025-10-18T17:21:37+00:00,197,18.215999999999998,197.4,92,45.196347,5.730405
2025-10-18T17:21:38+00:00,196,18.288,197.6,92,45.196382,5.730446
2025-10-18T17:21:39+00:00,194,18.720000000000002,197.6,91,45.196416,5.730498
2025-10-18T17:21:40+00:00,196,18.720000000000002,197.6,91,45.196451,5.730543
2025-10-18T17:21:41+00:00,196,18.791999999999998,197.6,91,45.196486,5.730584
2025-10-18T17:21:42+00:00,195,19.152,197.6,91,45.196526,5.730631
2025-10-18T17:21:43+00:00,195,19.152,197.6,92,45.196561,5.730668
2025-10-18T17:21:44+00:00,195,19.44,197.6,92,45.196603,5.73072
2025-10-18T17:21:45+00:00,197,19.512,197.6,91,45.196628,5.730775
2025-10-18T17:21:46+00:00,197,20.016,197.6,91,45.196665,5.730831
2025-10-18T17:21:47+00:00,197,19.8,197.6,92,45.196699,5.730872
2025-10-18T17:21:48+00:00,196,20.088,197.4,92,45.19674,5.730924
2025-10-18T17:21:49+00:00,196,19.584000000000003,197.4,92,45.19677,5.730966
2025-10-18T17:21:50+00:00,198,19.368,197.4,92,45.196805,5.731014
2025-10-18T17:21:51+00:00,197,19.008000000000003,197.4,92,45.196839,5.731063
2025-10-18T17:21:52+00:00,199,19.296000000000003,197.6,92,45.196875,5.731115
2025-10-18T17:21:53+00:00,197,19.44,197.6,92,45.196911,5.731164
2025-10-18T17:21:54+00:00,198,19.944,197.6,92,45.196944,5.731216
2025-10-18T17:21:55+00:00,199,20.592,197.6,92,45.196977,5.731279
2025-10-18T17:21:56+00:00,199,21.024,197.6,92,45.19701,5.731334
2025-10-18T17:21:57+00:00,198,21.312,197.6,92,45.197047,5.731392
2025-10-18T17:21:58+00:00,198,21.096,197.6,93,45.197081,5.731438
2025-10-18T17:21:59+00:00,201,21.456,197.6,92,45.197128,5.731492
2025-10-18T17:22:00+00:00,200,21.240000000000002,197.8,92,45.197163,5.731538
2025-10-18T17:22:01+00:00,199,21.096,197.8,92,45.197203,5.73159
2025-10-18T17:22:02+00:00,199,20.304,198.0,92,45.197235,5.731629
2025-10-18T17:22:03+00:00,201,20.088,198.0,91,45.197273,5.731674
2025-10-18T17:22:04+00:00,200,19.296000000000003,198.0,91,45.197306,5.731718
2025-10-18T17:22:05+00:00,200,18.648,198.0,91,45.19735,5.73175
2025-10-18T17:22:06+00:00,201,18.0,198.2,91,45.197397,5.731753
2025-10-18T17:22:07+00:00,201,18.36,198.2,91,45.197451,5.731768
2025-10-18T17:22:08+00:00,200,18.072,198.4,91,45.197488,5.731784
2025-10-18T17:22:09+00:00,200,17.784000000000002,198.8,91,45.19753,5.731805
2025-10-18T17:22:10+00:00,201,17.64,199.2,90,45.197568,5.731822
2025-10-18T17:22:11+00:00,199,18.144000000000002,199.4,89,45.197619,5.73185
2025-10-18T17:22:12+00:00,201,17.928,199.6,88,45.197656,5.731875
2025-10-18T17:22:13+00:00,201,17.784000000000002,199.8,88,45.197693,5.731879
2025-10-18T17:22:14+00:00,198,17.712,199.6,85,45.197729,5.7319
