timestamp,hr,paceKmh,elevationM,cadence,lat,lon
2025-12-11T19:00:41+00:00,103,0.0,0.0,,,
2025-12-11T19:00:42+00:00,104,0.0,0.0,,,
2025-12-11T19:00:43+00:00,105,0.0,0.0,,,
2025-12-11T19:00:44+00:00,106,0.0,0.0,,,
2025-12-11T19:00:45+00:00,108,0.0,0.0,,,
2025-12-11T19:00:46+00:00,112,0.0,0.0,,,
2025-12-11T19:00:47+00:00,119,0.0,0.0,,,
2025-12-11T19:00:48+00:00,121,0.0,0.0,,,
2025-12-11T19:00:49+00:00,122,0.0,0.0,,,
2025-12-11T19:00:50+00:00,123,0.0,0.0,,,
2025-12-11T19:00:51+00:00,124,0.0,0.0,,,
2025-12-11T19:00:52+00:00,125,0.0,0.0,,,
2025-12-11T19:00:53+00:00,127,0.0,0.0,,,
2025-12-11T19:00:54+00:00,128,0.0,0.0,,,
2025-12-11T19:00:55+00:00,129,0.0,0.0,,,
2025-12-11T19:00:56+00:00,130,0.0,0.0,,,
2025-12-11T19:00:57+00:00,131,0.0,0.0,,,
2025-12-11T19:00:58+00:00,132,0.0,0.0,,,
2025-12-11T19:00:59+00:00,133,0.0,0.0,,,
2025-12-11T19:01:00+00:00,134,0.0,0.0,,,
2025-12-11T19:01:01+00:00,135,0.0,0.0,,,
2025-12-11T19:01:02+00:00,135,0.0,0.0,,,
2025-12-11T19:01:03+00:00,136,0.0,0.0,,,
2025-12-11T19:01:04+00:00,136,0.0,0.0,,,
2025-12-11T19:01:05+00:00,137,0.0,0.0,,,
2025-12-11T19:01:06+00:00,137,0.0,0.0,,,
2025-12-11T19:01:07+00:00,137,0.0,0.0,,,
2025-12-11T19:01:08+00:00,138,0.0,0.0,,,
2025-12-11T19:01:09+00:00,137,0.0,0.0,,,
2025-12-11T19:01:10+00:00,136,0.0,0.0,,,
2025-12-11T19:01:11+00:00,135,0.0,0.0,,,
2025-12-11T19:01:13+00:00,134,0.0,0.0,,,
2025-12-11T19:01:15+00:00,133,0.0,0.0,,,
2025-12-11T19:01:16+00:00,132,0.0,0.0,,,
2025-12-11T19:01:17+00:00,131,0.0,0.0,,,
2025-12-11T19:01:18+00:00,130,0.0,0.0,,,
2025-12-11T19:01:19+00:00,129,0.0,0.0,,,
2025-12-11T19:01:20+00:00,128,0.0,0.0,,,
2025-12-11T19:01:21+00:00,129,0.0,0.0,,,
2025-12-11T19:01:22+00:00,130,0.0,0.0,,,
2025-12-11T19:01:23+00:00,130,0.0,0.0,,,
2025-12-11T19:01:24+00:00,131,0.0,0.0,,,
2025-12-11T19:01:25+00:00,132,0.0,0.0,,,
2025-12-11T19:01:26+00:00,133,0.0,0.0,,,
2025-12-11T19:01:27+00:00,133,0.0,0.0,,,
2025-12-11T19:01:28+00:00,133,0.0,0.0,,,
2025-12-11T19:01:29+00:00,129,0.0,0.0,,,
2025-12-11T19:01:30+00:00,127,0.0,0.0,,,
2025-12-11T19:01:31+00:00,126,0.0,0.0,,,
2025-12-11T19:01:32+00:00,127,0.0,0.0,,,
2025-12-11T19:01:33+00:00,127,0.0,0.0,,,
2025-12-11T19:01:34+00:00,128,0.0,0.0,,,
2025-12-11T19:01:35+00:00,127,0.0,0.0,,,
2025-12-11T19:01:36+00:00,126,0.0,0.0,,,
2025-12-11T19:01:37+00:00,123,0.0,0.0,,,
2025-12-11T19:01:38+00:00,121,0.0,0.0,,,
2025-12-11T19:01:39+00:00,121,0.0,0.0,,,
2025-12-11T19:01:40+00:00,120,0.0,0.0,,,
2025-12-11T19:01:43+00:00,119,0.0,0.0,,,
2025-12-11T19:01:45+00:00,118,0.0,0.0,,,
2025-12-11T19:01:47+00:00,117,0.0,0.0,,,
2025-12-11T19:01:50+00:00,116,0.0,0.0,,,
2025-12-11T19:01:51+00:00,117,0.0,0.0,,,
2025-12-11T19:01:52+00:00,119,0.0,0.0,,,
2025-12-11T19:01:53+00:00,123,0.0,0.0,,,
2025-12-11T19:01:54+00:00,125,0.0,0.0,,,
2025-12-11T19:01:55+00:00,126,0.0,0.0,,,
2025-12-11T19:01:57+00:00,125,0.0,0.0,,,
2025-12-11T19:01:58+00:00,124,0.0,0.0,,,
2025-12-11T19:01:59+00:00,123,0.0,0.0,,,
2025-12-11T19:02:04+00:00,124,0.0,0.0,,,
2025-12-11T19:02:05+00:00,125,0.0,0.0,,,
2025-12-11T19:02:06+00:00,126,0.0,0.0,,,
2025-12-11T19:02:09+00:00,125,0.0,0.0,,,
2025-12-11T19:02:12+00:00,124,0.0,0.0,,,
2025-12-11T19:02:14+00:00,123,0.0,0.0,,,
2025-12-11T19:02:15+00:00,123,0.0,0.0,,,
2025-12-11T19:02:16+00:00,124,0.0,0.0,,,
2025-12-11T19:02:17+00:00,124,0.0,0.0,,,
2025-12-11T19:02:18+00:00,124,0.0,0.0,,,
2025-12-11T19:02:19+00:00,124,0.0,0.0,,,
2025-12-11T19:02:20+00:00,124,0.0,0.0,,,
2025-12-11T19:02:21+00:00,125,0.0,0.0,,,
2025-12-11T19:02:22+00:00,125,0.0,0.0,,,
2025-12-11T19:02:23+00:00,126,0.0,0.0,,,
2025-12-11T19:02:24+00:00,126,0.0,0.0,,,
2025-12-11T19:02:25+00:00,126,0.0,0.0,,,
2025-12-11T19:02:26+00:00,126,0.0,0.0,,,
2025-12-11T19:02:27+00:00,126,0.0,0.0,,,
2025-12-11T19:02:28+00:00,127,0.0,0.0,,,
2025-12-11T19:02:29+00:00,127,0.0,0.0,,,
2025-12-11T19:02:30+00:00,128,0.0,0.0,,,
2025-12-11T19:02:31+00:00,128,0.0,0.0,,,
2025-12-11T19:02:32+00:00,129,0.0,0.0,,,
2025-12-11T19:02:33+00:00,130,0.0,0.0,,,
2025-12-11T19:02:34+00:00,131,0.0,0.0,,,
2025-12-11T19:02:35+00:00,131,0.0,0.0,,,
2025-12-11T19:02:36+00:00,132,0.0,0.0,,,
2025-12-11T19:02:37+00:00,131,0.0,0.0,,,
2025-12-11T19:02:40+00:00,130,0.0,0.0,,,
2025-12-11T19:02:41+00:00,129,0.0,0.0,,,
2025-12-11T19:02:43+00:00,128,0.0,0.0,,,
2025-12-11T19:02:44+00:00,126,0.0,0.0,,,
2025-12-11T19:02:45+00:00,125,0.0,0.0,,,
2025-12-11T19:02:46+00:00,124,0.0,0.0,,,
2025-12-11T19:02:47+00:00,123,0.0,0.0,,,
2025-12-11T19:02:48+00:00,122,0.0,0.0,,,
2025-12-11T19:02:49+00:00,121,0.0,0.0,,,
2025-12-11T19:02:50+00:00,122,0.0,0.0,,,
2025-12-11T19:02:51+00:00,128,0.0,0.0,,,
2025-12-11T19:02:52+00:00,136,0.0,0.0,,,
2025-12-11T19:02:53+00:00,137,0.0,0.0,,,
2025-12-11T19:02:55+00:00,138,0.0,0.0,,,
2025-12-11T19:02:58+00:00,139,0.0,0.0,,,
2025-12-11T19:02:59+00:00,140,0.0,0.0,,,
2025-12-11T19:03:01+00:00,141,0.0,0.0,,,
2025-12-11T19:03:02+00:00,142,0.0,0.0,,,
2025-12-11T19:03:03+00:00,143,0.0,0.0,,,
2025-12-11T19:03:04+00:00,144,0.0,0.0,,,
2025-12-11T19:03:08+00:00,143,0.0,0.0,,,
2025-12-11T19:03:09+00:00,144,0.0,0.0,,,
2025-12-11T19:03:12+00:00,145,0.0,0.0,,,
2025-12-11T19:03:15+00:00,144,0.0,0.0,,,
2025-12-11T19:03:18+00:00,143,0.0,0.0,,,
2025-12-11T19:03:22+00:00,144,0.0,0.0,,,
2025-12-11T19:03:23+00:00,143,0.0,0.0,,,
2025-12-11T19:03:25+00:00,142,0.0,0.0,,,
2025-12-11T19:03:28+00:00,134,0.0,0.0,,,
2025-12-11T19:03:29+00:00,131,0.0,0.0,,,
2025-12-11T19:03:30+00:00,130,0.0,0.0,,,
2025-12-11T19:03:31+00:00,129,0.0,0.0,,,
2025-12-11T19:03:33+00:00,128,0.0,0.0,,,
2025-12-11T19:03:35+00:00,127,0.0,0.0,,,
2025-12-11T19:03:37+00:00,126,0.0,0.0,,,
2025-12-11T19:03:41+00:00,127,0.0,0.0,,,
2025-12-11T19:03:42+00:00,126,0.0,0.0,,,
2025-12-11T19:03:51+00:00,124,0.0,0.0,,,
2025-12-11T19:03:52+00:00,122,0.0,0.0,,,
2025-12-11T19:03:53+00:00,121,0.0,0.0,,,
2025-12-11T19:03:54+00:00,120,0.0,0.0,,,
2025-12-11T19:03:55+00:00,119,0.0,0.0,,,
2025-12-11T19:03:56+00:00,118,0.0,0.0,,,
2025-12-11T19:03:58+00:00,117,0.0,0.0,,,
2025-12-11T19:03:59+00:00,118,0.0,0.0,,,
2025-12-11T19:04:04+00:00,117,0.0,0.0,,,
2025-12-11T19:04:06+00:00,116,0.0,0.0,,,
2025-12-11T19:04:07+00:00,115,0.0,0.0,,,
2025-12-11T19:04:08+00:00,114,0.0,0.0,,,
2025-12-11T19:04:10+00:00,115,0.0,0.0,,,
2025-12-11T19:04:11+00:00,117,0.0,0.0,,,
2025-12-11T19:04:12+00:00,122,0.0,0.0,,,
2025-12-11T19:04:13+00:00,126,0.0,0.0,,,
2025-12-11T19:04:14+00:00,127,0.0,0.0,,,
2025-12-11T19:04:15+00:00,128,0.0,0.0,,,
2025-12-11T19:04:16+00:00,128,0.0,0.0,,,
2025-12-11T19:04:17+00:00,128,0.0,0.0,,,
2025-12-11T19:04:18+00:00,129,0.0,0.0,,,
2025-12-11T19:04:19+00:00,130,0.0,0.0,,,
2025-12-11T19:04:20+00:00,130,0.0,0.0,,,
2025-12-11T19:04:21+00:00,131,0.0,0.0,,,
2025-12-11T19:04:22+00:00,132,0.0,0.0,,,
2025-12-11T19:04:23+00:00,133,0.0,0.0,,,
2025-12-11T19:04:24+00:00,134,0.0,0.0,,,
2025-12-11T19:04:25+00:00,135,0.0,0.0,,,
2025-12-11T19:04:26+00:00,136,0.0,0.0,,,
2025-12-11T19:04:27+00:00,136,0.0,0.0,,,
2025-12-11T19:04:28+00:00,137,0.0,0.0,,,
2025-12-11T19:04:29+00:00,138,0.0,0.0,,,
2025-12-11T19:04:30+00:00,139,0.0,0.0,,,
2025-12-11T19:04:31+00:00,141,0.0,0.0,,,
2025-12-11T19:04:32+00:00,142,0.0,0.0,,,
2025-12-11T19:04:33+00:00,142,0.0,0.0,,,
2025-12-11T19:04:34+00:00,143,0.0,0.0,,,
2025-12-11T19:04:35+00:00,145,0.0,0.0,,,
2025-12-11T19:04:36+00:00,145,0.0,0.0,,,
2025-12-11T19:04:37+00:00,145,0.0,0.0,,,
2025-12-11T19:04:38+00:00,145,0.0,0.0,,,
2025-12-11T19:04:39+00:00,145,0.0,0.0,,,
2025-12-11T19:04:40+00:00,145,0.0,0.0,,,
2025-12-11T19:04:41+00:00,146,0.0,0.0,,,
2025-12-11T19:04:42+00:00,145,0.0,0.0,,,
2025-12-11T19:04:43+00:00,144,0.0,0.0,,,
2025-12-11T19:04:44+00:00,144,0.0,0.0,,,
2025-12-11T19:04:45+00:00,144,0.0,0.0,,,
2025-12-11T19:04:46+00:00,145,0.0,0.0,,,
2025-12-11T19:04:47+00:00,144,0.0,0.0,,,
2025-12-11T19:04:50+00:00,143,0.0,0.0,,,
2025-12-11T19:04:51+00:00,142,0.0,0.0,,,
2025-12-11T19:04:53+00:00,141,0.0,0.0,,,
2025-12-11T19:04:54+00:00,140,0.0,0.0,,,
2025-12-11T19:04:58+00:00,141,0.0,0.0,,,
2025-12-11T19:05:00+00:00,142,0.0,0.0,,,
2025-12-11T19:05:01+00:00,143,0.0,0.0,,,
2025-12-11T19:05:02+00:00,144,0.0,0.0,,,
2025-12-11T19:05:05+00:00,143,0.0,0.0,,,
2025-12-11T19:05:06+00:00,142,0.0,0.0,,,
2025-12-11T19:05:07+00:00,140,0.0,0.0,,,
2025-12-11T19:05:09+00:00,139,0.0,0.0,,,
2025-12-11T19:05:11+00:00,138,0.0,0.0,,,
2025-12-11T19:05:15+00:00,137,0.0,0.0,,,
2025-12-11T19:05:16+00:00,136,0.0,0.0,,,
2025-12-11T19:05:17+00:00,135,0.0,0.0,,,
2025-12-11T19:05:18+00:00,134,0.0,0.0,,,
2025-12-11T19:05:19+00:00,133,0.0,0.0,,,
2025-12-11T19:05:20+00:00,132,0.0,0.0,,,
2025-12-11T19:05:21+00:00,131,0.0,0.0,,,
2025-12-11T19:05:22+00:00,130,0.0,0.0,,,
2025-12-11T19:05:23+00:00,129,0.0,0.0,,,
2025-12-11T19:05:25+00:00,128,0.0,0.0,,,
2025-12-11T19:05:28+00:00,129,0.0,0.0,,,
2025-12-11T19:05:32+00:00,128,0.0,0.0,,,
2025-12-11T19:05:34+00:00,127,0.0,0.0,,,
2025-12-11T19:05:35+00:00,126,0.0,0.0,,,
2025-12-11T19:05:37+00:00,125,0.0,0.0,,,
2025-12-11T19:05:39+00:00,124,0.0,0.0,,,
2025-12-11T19:05:40+00:00,122,0.0,0.0,,,
2025-12-11T19:05:41+00:00,118,0.0,0.0,,,
2025-12-11T19:05:42+00:00,115,0.0,0.0,,,
2025-12-11T19:05:43+00:00,113,0.0,0.0,,,
2025-12-11T19:05:44+00:00,111,0.0,0.0,,,
2025-12-11T19:05:45+00:00,110,0.0,0.0,,,
2025-12-11T19:05:46+00:00,109,0.0,0.0,,,
2025-12-11T19:05:47+00:00,106,0.0,0.0,,,
2025-12-11T19:05:48+00:00,103,0.0,0.0,,,
2025-12-11T19:05:49+00:00,101,0.0,0.0,,,
2025-12-11T19:05:51+00:00,100,0.0,0.0,,,
2025-12-11T19:05:55+00:00,99,0.0,0.0,,,
2025-12-11T19:06:00+00:00,100,0.0,0.0,,,
2025-12-11T19:06:01+00:00,99,0.0,0.0,,,
2025-12-11T19:06:02+00:00,100,0.0,0.0,,,
2025-12-11T19:06:05+00:00,101,0.0,0.0,,,
2025-12-11T19:06:07+00:00,102,0.0,0.0,,,
2025-12-11T19:06:11+00:00,103,0.0,0.0,,,
2025-12-11T19:06:12+00:00,104,0.0,0.0,,,
2025-12-11T19:06:13+00:00,105,0.0,0.0,,,
2025-12-11T19:06:16+00:00,106,0.0,0.0,,,
2025-12-11T19:06:20+00:00,105,0.0,0.0,,,
2025-12-11T19:06:21+00:00,106,0.0,0.0,,,
2025-12-11T19:06:23+00:00,105,0.0,0.0,,,
2025-12-11T19:06:29+00:00,104,0.0,0.0,,,
2025-12-11T19:06:32+00:00,102,0.0,0.0,,,
2025-12-11T19:06:33+00:00,101,0.0,0.0,,,
2025-12-11T19:06:34+00:00,100,0.0,0.0,,,
2025-12-11T19:06:35+00:00,98,0.0,0.0,,,
2025-12-11T19:06:36+00:00,95,0.0,0.0,,,
2025-12-11T19:06:37+00:00,93,0.0,0.0,,,
2025-12-11T19:06:38+00:00,91,0.0,0.0,,,
2025-12-11T19:06:39+00:00,90,0.0,0.0,,,
2025-12-11T19:06:43+00:00,89,0.0,0.0,,,
2025-12-11T19:06:44+00:00,90,0.0,0.0,,,
2025-12-11T19:06:46+00:00,89,0.0,0.0,,,
2025-12-11T19:06:47+00:00,90,0.0,0.0,,,
2025-12-11T19:06:49+00:00,89,0.0,0.0,,,
2025-12-11T19:06:53+00:00,90,0.0,0.0,,,
2025-12-11T19:06:55+00:00,89,0.0,0.0,,,
2025-12-11T19:06:56+00:00,88,0.0,0.0,,,
2025-12-11T19:07:01+00:00,87,0.0,0.0,,,
2025-12-11T19:07:05+00:00,88,0.0,0.0,,,
2025-12-11T19:07:06+00:00,87,0.0,0.0,,,
2025-12-11T19:07:14+00:00,86,0.0,0.0,,,
2025-12-11T19:07:19+00:00,88,0.0,0.0,,,
2025-12-11T19:07:20+00:00,89,0.0,0.0,,,
2025-12-11T19:07:23+00:00,90,0.0,0.0,,,
2025-12-11T19:07:25+00:00,91,0.0,0.0,,,
2025-12-11T19:07:26+00:00,92,0.0,0.0,,,
2025-12-11T19:07:28+00:00,93,0.0,0.0,,,
2025-12-11T19:07:29+00:00,94,0.0,0.0,,,
2025-12-11T19:07:30+00:00,95,0.0,0.0,,,
2025-12-11T19:07:31+00:00,96,0.0,0.0,,,
2025-12-11T19:07:33+00:00,97,0.0,0.0,,,
2025-12-11T19:07:34+00:00,98,0.0,0.0,,,
2025-12-11T19:07:41+00:00,97,0.0,0.0,,,
2025-12-11T19:07:43+00:00,96,0.0,0.0,,,
2025-12-11T19:07:44+00:00,95,0.0,0.0,,,
2025-12-11T19:07:45+00:00,94,0.0,0.0,,,
2025-12-11T19:07:47+00:00,93,0.0,0.0,,,
2025-12-11T19:07:48+00:00,92,0.0,0.0,,,
2025-12-11T19:07:50+00:00,93,0.0,0.0,,,
2025-12-11T19:07:52+00:00,93,0.0,0.0,,,
2025-12-11T19:07:53+00:00,95,0.0,0.0,,,
2025-12-11T19:07:54+00:00,98,0.0,0.0,,,
2025-12-11T19:07:55+00:00,101,0.0,0.0,,,
2025-12-11T19:07:56+00:00,103,0.0,0.0,,,
2025-12-11T19:07:57+00:00,104,0.0,0.0,,,
2025-12-11T19:07:58+00:00,105,0.0,0.0,,,
2025-12-11T19:07:59+00:00,105,0.0,0.0,,,
2025-12-11T19:08:00+00:00,106,0.0,0.0,,,
2025-12-11T19:08:01+00:00,107,0.0,0.0,,,
2025-12-11T19:08:02+00:00,109,0.0,0.0,,,
2025-12-11T19:08:03+00:00,110,0.0,0.0,,,
2025-12-11T19:08:04+00:00,111,0.0,0.0,,,
2025-12-11T19:08:05+00:00,112,0.0,0.0,,,
2025-12-11T19:08:06+00:00,114,0.0,0.0,,,
2025-12-11T19:08:07+00:00,114,0.0,0.0,,,
2025-12-11T19:08:08+00:00,117,0.0,0.0,,,
2025-12-11T19:08:09+00:00,120,0.0,0.0,,,
2025-12-11T19:08:10+00:00,122,0.0,0.0,,,
2025-12-11T19:08:11+00:00,123,0.0,0.0,,,
2025-12-11T19:08:12+00:00,123,0.0,0.0,,,
2025-12-11T19:08:13+00:00,122,0.0,0.0,,,
2025-12-11T19:08:14+00:00,123,0.0,0.0,,,
2025-12-11T19:08:15+00:00,122,0.0,0.0,,,
2025-12-11T19:08:16+00:00,123,0.0,0.0,,,
2025-12-11T19:08:17+00:00,122,0.0,0.0,,,
2025-12-11T19:08:19+00:00,121,0.0,0.0,,,
2025-12-11T19:08:21+00:00,120,0.0,0.0,,,
2025-12-11T19:08:24+00:00,119,0.0,0.0,,,
2025-12-11T19:08:29+00:00,118,0.0,0.0,,,
2025-12-11T19:08:32+00:00,117,0.0,0.0,,,
2025-12-11T19:08:36+00:00,116,0.0,0.0,,,
2025-12-11T19:08:41+00:00,115,0.0,0.0,,,
2025-12-11T19:08:42+00:00,114,0.0,0.0,,,
2025-12-11T19:08:43+00:00,113,0.0,0.0,,,
2025-12-11T19:08:44+00:00,112,0.0,0.0,,,
2025-12-11T19:08:45+00:00,111,0.0,0.0,,,
2025-12-11T19:08:49+00:00,112,0.0,0.0,,,
2025-12-11T19:08:51+00:00,113,0.0,0.0,,,
2025-12-11T19:08:55+00:00,112,0.0,0.0,,,
2025-12-11T19:09:00+00:00,113,0.0,0.0,,,
2025-12-11T19:09:03+00:00,114,0.0,0.0,,,
2025-12-11T19:09:13+00:00,113,0.0,0.0,,,
2025-12-11T19:09:20+00:00,112,0.0,0.0,,,
2025-12-11T19:09:23+00:00,113,0.0,0.0,,,
2025-12-11T19:09:25+00:00,112,0.0,0.0,,,
2025-12-11T19:09:29+00:00,113,0.0,0.0,,,
2025-12-11T19:09:30+00:00,116,0.0,0.0,,,
2025-12-11T19:09:31+00:00,125,0.0,0.0,,,
2025-12-11T19:09:32+00:00,133,0.0,0.0,,,
2025-12-11T19:09:33+00:00,136,0.0,0.0,,,
2025-12-11T19:09:34+00:00,136,0.0,0.0,,,
2025-12-11T19:09:35+00:00,135,0.0,0.0,,,
2025-12-11T19:09:41+00:00,136,0.0,0.0,,,
2025-12-11T19:09:44+00:00,137,0.0,0.0,,,
2025-12-11T19:09:49+00:00,136,0.0,0.0,,,
2025-12-11T19:09:53+00:00,135,0.0,0.0,,,
2025-12-11T19:09:55+00:00,134,0.0,0.0,,,
2025-12-11T19:09:56+00:00,133,0.0,0.0,,,
2025-12-11T19:09:57+00:00,132,0.0,0.0,,,
2025-12-11T19:09:58+00:00,130,0.0,0.0,,,
2025-12-11T19:10:01+00:00,129,0.0,0.0,,,
2025-12-11T19:10:04+00:00,128,0.0,0.0,,,
2025-12-11T19:10:06+00:00,127,0.0,0.0,,,
2025-12-11T19:10:07+00:00,126,0.0,0.0,,,
2025-12-11T19:10:08+00:00,127,0.0,0.0,,,
2025-12-11T19:10:09+00:00,126,0.0,0.0,,,
2025-12-11T19:10:12+00:00,125,0.0,0.0,,,
2025-12-11T19:10:13+00:00,124,0.0,0.0,,,
2025-12-11T19:10:14+00:00,123,0.0,0.0,,,
2025-12-11T19:10:16+00:00,124,0.0,0.0,,,
2025-12-11T19:10:19+00:00,123,0.0,0.0,,,
2025-12-11T19:10:21+00:00,122,0.0,0.0,,,
2025-12-11T19:10:27+00:00,123,0.0,0.0,,,
2025-12-11T19:10:31+00:00,122,0.0,0.0,,,
2025-12-11T19:10:35+00:00,123,0.0,0.0,,,
2025-12-11T19:10:36+00:00,126,0.0,0.0,,,
2025-12-11T19:10:38+00:00,124,0.0,0.0,,,
2025-12-11T19:10:40+00:00,123,0.0,0.0,,,
2025-12-11T19:10:42+00:00,122,0.0,0.0,,,
2025-12-11T19:10:43+00:00,123,0.0,0.0,,,
2025-12-11T19:10:45+00:00,124,0.0,0.0,,,
2025-12-11T19:10:48+00:00,125,0.0,0.0,,,
2025-12-11T19:10:50+00:00,124,0.0,0.0,,,
2025-12-11T19:10:54+00:00,123,0.0,0.0,,,
2025-12-11T19:11:00+00:00,122,0.0,0.0,,,
2025-12-11T19:11:06+00:00,123,0.0,0.0,,,
2025-12-11T19:11:09+00:00,124,0.0,0.0,,,
2025-12-11T19:11:18+00:00,123,0.0,0.0,,,
2025-12-11T19:11:21+00:00,122,0.0,0.0,,,
2025-12-11T19:11:25+00:00,121,0.0,0.0,,,
2025-12-11T19:11:27+00:00,120,0.0,0.0,,,
2025-12-11T19:11:29+00:00,119,0.0,0.0,,,
2025-12-11T19:11:31+00:00,118,0.0,0.0,,,
2025-12-11T19:11:35+00:00,117,0.0,0.0,,,
2025-12-11T19:11:37+00:00,116,0.0,0.0,,,
2025-12-11T19:11:38+00:00,115,0.0,0.0,,,
2025-12-11T19:11:39+00:00,112,0.0,0.0,,,
2025-12-11T19:11:40+00:00,111,0.0,0.0,,,
2025-12-11T19:11:41+00:00,109,0.0,0.0,,,
2025-12-11T19:11:43+00:00,108,0.0,0.0,,,
2025-12-11T19:11:48+00:00,109,0.0,0.0,,,
2025-12-11T19:11:49+00:00,111,0.0,0.0,,,
2025-12-11T19:11:50+00:00,113,0.0,0.0,,,
2025-12-11T19:11:51+00:00,114,0.0,0.0,,,
2025-12-11T19:11:55+00:00,115,0.0,0.0,,,
2025-12-11T19:11:57+00:00,114,0.0,0.0,,,
2025-12-11T19:11:58+00:00,115,0.0,0.0,,,
2025-12-11T19:12:00+00:00,114,0.0,0.0,,,
2025-12-11T19:12:09+00:00,115,0.0,0.0,,,
2025-12-11T19:12:11+00:00,116,0.0,0.0,,,
2025-12-11T19:12:15+00:00,117,0.0,0.0,,,
2025-12-11T19:12:16+00:00,119,0.0,0.0,,,
2025-12-11T19:12:18+00:00,120,0.0,0.0,,,
2025-12-11T19:12:23+00:00,121,0.0,0.0,,,
2025-12-11T19:12:25+00:00,122,0.0,0.0,,,
2025-12-11T19:12:26+00:00,123,0.0,0.0,,,
2025-12-11T19:12:27+00:00,124,0.0,0.0,,,
2025-12-11T19:12:28+00:00,125,0.0,0.0,,,
2025-12-11T19:12:33+00:00,124,0.0,0.0,,,
2025-12-11T19:12:34+00:00,124,0.0,0.0,,,
2025-12-11T19:12:35+00:00,124,0.0,0.0,,,
2025-12-11T19:12:36+00:00,122,0.0,0.0,,,
2025-12-11T19:12:37+00:00,120,0.0,0.0,,,
2025-12-11T19:12:38+00:00,120,0.0,0.0,,,
2025-12-11T19:12:39+00:00,119,0.0,0.0,,,
2025-12-11T19:12:40+00:00,119,0.0,0.0,,,
2025-12-11T19:12:41+00:00,120,0.0,0.0,,,
2025-12-11T19:12:42+00:00,121,0.0,0.0,,,
2025-12-11T19:12:43+00:00,120,0.0,0.0,,,
2025-12-11T19:12:44+00:00,120,0.0,0.0,,,
2025-12-11T19:12:45+00:00,122,0.0,0.0,,,
2025-12-11T19:12:46+00:00,124,0.0,0.0,,,
2025-12-11T19:12:47+00:00,126,0.0,0.0,,,
2025-12-11T19:12:48+00:00,127,0.0,0.0,,,
2025-12-11T19:12:49+00:00,128,0.0,0.0,,,
2025-12-11T19:12:50+00:00,128,0.0,0.0,,,
2025-12-11T19:12:51+00:00,128,0.0,0.0,,,
2025-12-11T19:12:52+00:00,127,0.0,0.0,,,
2025-12-11T19:12:53+00:00,125,0.0,0.0,,,
2025-12-11T19:12:55+00:00,123,0.0,0.0,,,
2025-12-11T19:12:57+00:00,122,0.0,0.0,,,
2025-12-11T19:12:59+00:00,121,0.0,0.0,,,
2025-12-11T19:13:02+00:00,120,0.0,0.0,,,
2025-12-11T19:13:05+00:00,119,0.0,0.0,,,
2025-12-11T19:13:11+00:00,120,0.0,0.0,,,
2025-12-11T19:13:12+00:00,119,0.0,0.0,,,
2025-12-11T19:13:19+00:00,120,0.0,0.0,,,
2025-12-11T19:13:22+00:00,121,0.0,0.0,,,
2025-12-11T19:13:23+00:00,124,0.0,0.0,,,
2025-12-11T19:13:24+00:00,125,0.0,0.0,,,
2025-12-11T19:13:27+00:00,124,0.0,0.0,,,
2025-12-11T19:13:29+00:00,123,0.0,0.0,,,
2025-12-11T19:13:32+00:00,122,0.0,0.0,,,
2025-12-11T19:13:33+00:00,122,0.0,0.0,,,
2025-12-11T19:13:34+00:00,123,0.0,0.0,,,
2025-12-11T19:13:35+00:00,124,0.0,0.0,,,
2025-12-11T19:13:36+00:00,126,0.0,0.0,,,
2025-12-11T19:13:38+00:00,128,0.0,0.0,,,
2025-12-11T19:13:39+00:00,129,0.0,0.0,,,
2025-12-11T19:13:40+00:00,130,0.0,0.0,,,
2025-12-11T19:13:41+00:00,131,0.0,0.0,,,
2025-12-11T19:13:42+00:00,132,0.0,0.0,,,
2025-12-11T19:13:43+00:00,133,0.0,0.0,,,
2025-12-11T19:13:44+00:00,132,0.0,0.0,,,
2025-12-11T19:13:45+00:00,133,0.0,0.0,,,
2025-12-11T19:13:46+00:00,133,0.0,0.0,,,
2025-12-11T19:13:47+00:00,134,0.0,0.0,,,
2025-12-11T19:13:48+00:00,131,0.0,0.0,,,
2025-12-11T19:13:49+00:00,130,0.0,0.0,,,
2025-12-11T19:13:50+00:00,129,0.0,0.0,,,
2025-12-11T19:13:51+00:00,129,0.0,0.0,,,
2025-12-11T19:13:52+00:00,129,0.0,0.0,,,
2025-12-11T19:13:53+00:00,130,0.0,0.0,,,
2025-12-11T19:13:54+00:00,130,0.0,0.0,,,
2025-12-11T19:13:55+00:00,130,0.0,0.0,,,
2025-12-11T19:13:56+00:00,130,0.0,0.0,,,
2025-12-11T19:13:57+00:00,131,0.0,0.0,,,
2025-12-11T19:13:58+00:00,129,0.0,0.0,,,
2025-12-11T19:13:59+00:00,124,0.0,0.0,,,
2025-12-11T19:14:00+00:00,116,0.0,0.0,,,
2025-12-11T19:14:01+00:00,113,0.0,0.0,,,
2025-12-11T19:14:02+00:00,111,0.0,0.0,,,
2025-12-11T19:14:03+00:00,111,0.0,0.0,,,
2025-12-11T19:14:04+00:00,109,0.0,0.0,,,
2025-12-11T19:14:05+00:00,124,0.0,0.0,,,
2025-12-11T19:14:06+00:00,136,0.0,0.0,,,
2025-12-11T19:14:07+00:00,137,0.0,0.0,,,
2025-12-11T19:14:08+00:00,137,0.0,0.0,,,
2025-12-11T19:14:09+00:00,138,0.0,0.0,,,
2025-12-11T19:14:10+00:00,138,0.0,0.0,,,
2025-12-11T19:14:13+00:00,137,0.0,0.0,,,
2025-12-11T19:14:16+00:00,136,0.0,0.0,,,
2025-12-11T19:14:17+00:00,135,0.0,0.0,,,
2025-12-11T19:14:18+00:00,134,0.0,0.0,,,
2025-12-11T19:14:19+00:00,133,0.0,0.0,,,
2025-12-11T19:14:20+00:00,131,0.0,0.0,,,
2025-12-11T19:14:21+00:00,130,0.0,0.0,,,
2025-12-11T19:14:22+00:00,129,0.0,0.0,,,
2025-12-11T19:14:24+00:00,128,0.0,0.0,,,
2025-12-11T19:14:25+00:00,128,0.0,0.0,,,
2025-12-11T19:14:26+00:00,129,0.0,0.0,,,
2025-12-11T19:14:27+00:00,129,0.0,0.0,,,
2025-12-11T19:14:28+00:00,130,0.0,0.0,,,
2025-12-11T19:14:29+00:00,130,0.0,0.0,,,
2025-12-11T19:14:30+00:00,130,0.0,0.0,,,
2025-12-11T19:14:31+00:00,130,0.0,0.0,,,
2025-12-11T19:14:32+00:00,130,0.0,0.0,,,
2025-12-11T19:14:33+00:00,129,0.0,0.0,,,
2025-12-11T19:14:34+00:00,129,0.0,0.0,,,
2025-12-11T19:14:35+00:00,129,0.0,0.0,,,
2025-12-11T19:14:36+00:00,130,0.0,0.0,,,
2025-12-11T19:14:37+00:00,131,0.0,0.0,,,
2025-12-11T19:14:38+00:00,132,0.0,0.0,,,
2025-12-11T19:14:39+00:00,132,0.0,0.0,,,
2025-12-11T19:14:40+00:00,132,0.0,0.0,,,
2025-12-11T19:14:41+00:00,132,0.0,0.0,,,
2025-12-11T19:14:42+00:00,132,0.0,0.0,,,
2025-12-11T19:14:43+00:00,132,0.0,0.0,,,
2025-12-11T19:14:44+00:00,133,0.0,0.0,,,
2025-12-11T19:14:45+00:00,133,0.0,0.0,,,
2025-12-11T19:14:46+00:00,134,0.0,0.0,,,
2025-12-11T19:14:47+00:00,134,0.0,0.0,,,
2025-12-11T19:14:48+00:00,134,0.0,0.0,,,
2025-12-11T19:14:49+00:00,135,0.0,0.0,,,
2025-12-11T19:14:50+00:00,136,0.0,0.0,,,
2025-12-11T19:14:51+00:00,135,0.0,0.0,,,
2025-12-11T19:14:53+00:00,134,0.0,0.0,,,
2025-12-11T19:14:55+00:00,133,0.0,0.0,,,
2025-12-11T19:14:57+00:00,132,0.0,0.0,,,
2025-12-11T19:14:58+00:00,131,0.0,0.0,,,
2025-12-11T19:15:00+00:00,130,0.0,0.0,,,
2025-12-11T19:15:02+00:00,129,0.0,0.0,,,
2025-12-11T19:15:04+00:00,128,0.0,0.0,,,
2025-12-11T19:15:06+00:00,127,0.0,0.0,,,
2025-12-11T19:15:09+00:00,126,0.0,0.0,,,
2025-12-11T19:15:12+00:00,127,0.0,0.0,,,
2025-12-11T19:15:13+00:00,128,0.0,0.0,,,
2025-12-11T19:15:16+00:00,127,0.0,0.0,,,
2025-12-11T19:15:17+00:00,128,0.0,0.0,,,
2025-12-11T19:15:19+00:00,127,0.0,0.0,,,
2025-12-11T19:15:20+00:00,128,0.0,0.0,,,
2025-12-11T19:15:21+00:00,127,0.0,0.0,,,
2025-12-11T19:15:24+00:00,126,0.0,0.0,,,
2025-12-11T19:15:26+00:00,125,0.0,0.0,,,
2025-12-11T19:15:28+00:00,124,0.0,0.0,,,
2025-12-11T19:15:32+00:00,123,0.0,0.0,,,
2025-12-11T19:15:34+00:00,122,0.0,0.0,,,
2025-12-11T19:15:37+00:00,121,0.0,0.0,,,
2025-12-11T19:15:40+00:00,120,0.0,0.0,,,
2025-12-11T19:15:42+00:00,121,0.0,0.0,,,
2025-12-11T19:15:43+00:00,123,0.0,0.0,,,
2025-12-11T19:15:45+00:00,122,0.0,0.0,,,
2025-12-11T19:15:46+00:00,123,0.0,0.0,,,
2025-12-11T19:15:48+00:00,122,0.0,0.0,,,
2025-12-11T19:15:50+00:00,121,0.0,0.0,,,
2025-12-11T19:15:53+00:00,120,0.0,0.0,,,
2025-12-11T19:15:55+00:00,119,0.0,0.0,,,
2025-12-11T19:15:57+00:00,118,0.0,0.0,,,
2025-12-11T19:15:59+00:00,117,0.0,0.0,,,
2025-12-11T19:16:00+00:00,116,0.0,0.0,,,
2025-12-11T19:16:01+00:00,114,0.0,0.0,,,
2025-12-11T19:16:02+00:00,113,0.0,0.0,,,
2025-12-11T19:16:03+00:00,113,0.0,0.0,,,
2025-12-11T19:16:04+00:00,112,0.0,0.0,,,
2025-12-11T19:16:05+00:00,113,0.0,0.0,,,
2025-12-11T19:16:06+00:00,113,0.0,0.0,,,
2025-12-11T19:16:07+00:00,113,0.0,0.0,,,
2025-12-11T19:16:08+00:00,112,0.0,0.0,,,
2025-12-11T19:16:09+00:00,113,0.0,0.0,,,
2025-12-11T19:16:10+00:00,113,0.0,0.0,,,
2025-12-11T19:16:11+00:00,115,0.0,0.0,,,
2025-12-11T19:16:12+00:00,115,0.0,0.0,,,
2025-12-11T19:16:13+00:00,116,0.0,0.0,,,
2025-12-11T19:16:14+00:00,119,0.0,0.0,,,
2025-12-11T19:16:15+00:00,122,0.0,0.0,,,
2025-12-11T19:16:16+00:00,123,0.0,0.0,,,
2025-12-11T19:16:17+00:00,124,0.0,0.0,,,
2025-12-11T19:16:18+00:00,125,0.0,0.0,,,
2025-12-11T19:16:19+00:00,126,0.0,0.0,,,
2025-12-11T19:16:20+00:00,128,0.0,0.0,,,
2025-12-11T19:16:21+00:00,129,0.0,0.0,,,
2025-12-11T19:16:22+00:00,132,0.0,0.0,,,
2025-12-11T19:16:23+00:00,137,0.0,0.0,,,
2025-12-11T19:16:24+00:00,142,0.0,0.0,,,
2025-12-11T19:16:25+00:00,145,0.0,0.0,,,
2025-12-11T19:16:26+00:00,146,0.0,0.0,,,
2025-12-11T19:16:27+00:00,146,0.0,0.0,,,
2025-12-11T19:16:28+00:00,146,0.0,0.0,,,
2025-12-11T19:16:29+00:00,145,0.0,0.0,,,
2025-12-11T19:16:30+00:00,143,0.0,0.0,,,
2025-12-11T19:16:32+00:00,142,0.0,0.0,,,
2025-12-11T19:16:34+00:00,141,0.0,0.0,,,
2025-12-11T19:16:35+00:00,139,0.0,0.0,,,
2025-12-11T19:16:36+00:00,138,0.0,0.0,,,
2025-12-11T19:16:38+00:00,137,0.0,0.0,,,
2025-12-11T19:16:44+00:00,138,0.0,0.0,,,
2025-12-11T19:16:45+00:00,141,0.0,0.0,,,
2025-12-11T19:16:46+00:00,142,0.0,0.0,,,
2025-12-11T19:16:48+00:00,141,0.0,0.0,,,
2025-12-11T19:16:52+00:00,140,0.0,0.0,,,
2025-12-11T19:16:54+00:00,139,0.0,0.0,,,
2025-12-11T19:16:55+00:00,139,0.0,0.0,,,
2025-12-11T19:16:56+00:00,138,0.0,0.0,,,
2025-12-11T19:16:57+00:00,138,0.0,0.0,,,
2025-12-11T19:16:58+00:00,139,0.0,0.0,,,
2025-12-11T19:16:59+00:00,138,0.0,0.0,,,
2025-12-11T19:17:00+00:00,139,0.0,0.0,,,
2025-12-11T19:17:01+00:00,141,0.0,0.0,,,
2025-12-11T19:17:02+00:00,142,0.0,0.0,,,
2025-12-11T19:17:03+00:00,142,0.0,0.0,,,
2025-12-11T19:17:04+00:00,142,0.0,0.0,,,
2025-12-11T19:17:05+00:00,141,0.0,0.0,,,
2025-12-11T19:17:06+00:00,141,0.0,0.0,,,
2025-12-11T19:17:07+00:00,141,0.0,0.0,,,
2025-12-11T19:17:08+00:00,140,0.0,0.0,,,
2025-12-11T19:17:09+00:00,139,0.0,0.0,,,
2025-12-11T19:17:10+00:00,138,0.0,0.0,,,
2025-12-11T19:17:12+00:00,137,0.0,0.0,,,
2025-12-11T19:17:13+00:00,136,0.0,0.0,,,
2025-12-11T19:17:15+00:00,135,0.0,0.0,,,
2025-12-11T19:17:17+00:00,134,0.0,0.0,,,
2025-12-11T19:17:19+00:00,132,0.0,0.0,,,
2025-12-11T19:17:21+00:00,131,0.0,0.0,,,
2025-12-11T19:17:22+00:00,129,0.0,0.0,,,
2025-12-11T19:17:23+00:00,130,0.0,0.0,,,
2025-12-11T19:17:24+00:00,133,0.0,0.0,,,
2025-12-11T19:17:25+00:00,140,0.0,0.0,,,
2025-12-11T19:17:26+00:00,142,0.0,0.0,,,
2025-12-11T19:17:28+00:00,143,0.0,0.0,,,
2025-12-11T19:17:29+00:00,142,0.0,0.0,,,
2025-12-11T19:17:30+00:00,141,0.0,0.0,,,
2025-12-11T19:17:31+00:00,140,0.0,0.0,,,
2025-12-11T19:17:33+00:00,139,0.0,0.0,,,
2025-12-11T19:17:35+00:00,138,0.0,0.0,,,
2025-12-11T19:17:37+00:00,137,0.0,0.0,,,
2025-12-11T19:17:40+00:00,136,0.0,0.0,,,
2025-12-11T19:17:45+00:00,135,0.0,0.0,,,
2025-12-11T19:17:46+00:00,136,0.0,0.0,,,
2025-12-11T19:17:49+00:00,137,0.0,0.0,,,
2025-12-11T19:17:55+00:00,137,0.0,0.0,,,
2025-12-11T19:17:56+00:00,137,0.0,0.0,,,
2025-12-11T19:17:57+00:00,138,0.0,0.0,,,
2025-12-11T19:17:58+00:00,139,0.0,0.0,,,
2025-12-11T19:17:59+00:00,139,0.0,0.0,,,
2025-12-11T19:18:00+00:00,140,0.0,0.0,,,
2025-12-11T19:18:01+00:00,140,0.0,0.0,,,
2025-12-11T19:18:02+00:00,141,0.0,0.0,,,
2025-12-11T19:18:03+00:00,141,0.0,0.0,,,
2025-12-11T19:18:04+00:00,136,0.0,0.0,,,
2025-12-11T19:18:05+00:00,129,0.0,0.0,,,
2025-12-11T19:18:06+00:00,127,0.0,0.0,,,
2025-12-11T19:18:07+00:00,126,0.0,0.0,,,
2025-12-11T19:18:08+00:00,127,0.0,0.0,,,
2025-12-11T19:18:09+00:00,128,0.0,0.0,,,
2025-12-11T19:18:10+00:00,129,0.0,0.0,,,
2025-12-11T19:18:11+00:00,129,0.0,0.0,,,
2025-12-11T19:18:12+00:00,129,0.0,0.0,,,
2025-12-11T19:18:13+00:00,130,0.0,0.0,,,
2025-12-11T19:18:14+00:00,130,0.0,0.0,,,
2025-12-11T19:18:15+00:00,130,0.0,0.0,,,
2025-12-11T19:18:16+00:00,130,0.0,0.0,,,
2025-12-11T19:18:17+00:00,130,0.0,0.0,,,
2025-12-11T19:18:18+00:00,130,0.0,0.0,,,
2025-12-11T19:18:19+00:00,131,0.0,0.0,,,
2025-12-11T19:18:20+00:00,131,0.0,0.0,,,
2025-12-11T19:18:21+00:00,131,0.0,0.0,,,
2025-12-11T19:18:22+00:00,131,0.0,0.0,,,
2025-12-11T19:18:23+00:00,130,0.0,0.0,,,
2025-12-11T19:18:24+00:00,131,0.0,0.0,,,
2025-12-11T19:18:25+00:00,132,0.0,0.0,,,
2025-12-11T19:18:26+00:00,132,0.0,0.0,,,
2025-12-11T19:18:27+00:00,131,0.0,0.0,,,
2025-12-11T19:18:28+00:00,131,0.0,0.0,,,
2025-12-11T19:18:29+00:00,132,0.0,0.0,,,
2025-12-11T19:18:30+00:00,134,0.0,0.0,,,
2025-12-11T19:18:31+00:00,136,0.0,0.0,,,
2025-12-11T19:18:32+00:00,137,0.0,0.0,,,
2025-12-11T19:18:33+00:00,138,0.0,0.0,,,
2025-12-11T19:18:34+00:00,137,0.0,0.0,,,
2025-12-11T19:18:35+00:00,137,0.0,0.0,,,
2025-12-11T19:18:36+00:00,138,0.0,0.0,,,
2025-12-11T19:18:37+00:00,139,0.0,0.0,,,
2025-12-11T19:18:38+00:00,139,0.0,0.0,,,
2025-12-11T19:18:39+00:00,140,0.0,0.0,,,
2025-12-11T19:18:40+00:00,140,0.0,0.0,,,
2025-12-11T19:18:41+00:00,140,0.0,0.0,,,
2025-12-11T19:18:42+00:00,140,0.0,0.0,,,
2025-12-11T19:18:43+00:00,141,0.0,0.0,,,
2025-12-11T19:18:44+00:00,141,0.0,0.0,,,
2025-12-11T19:18:45+00:00,141,0.0,0.0,,,
2025-12-11T19:18:46+00:00,142,0.0,0.0,,,
2025-12-11T19:18:47+00:00,143,0.0,0.0,,,
2025-12-11T19:18:48+00:00,143,0.0,0.0,,,
2025-12-11T19:18:49+00:00,144,0.0,0.0,,,
2025-12-11T19:18:50+00:00,144,0.0,0.0,,,
2025-12-11T19:18:51+00:00,144,0.0,0.0,,,
2025-12-11T19:18:52+00:00,144,0.0,0.0,,,
2025-12-11T19:18:53+00:00,145,0.0,0.0,,,
2025-12-11T19:18:54+00:00,151,0.0,0.0,,,
2025-12-11T19:18:55+00:00,162,0.0,0.0,,,
2025-12-11T19:18:56+00:00,162,0.0,0.0,,,
2025-12-11T19:19:12+00:00,161,0.0,0.0,,,
2025-12-11T19:19:15+00:00,160,0.0,0.0,,,
2025-12-11T19:19:17+00:00,159,0.0,0.0,,,
2025-12-11T19:19:20+00:00,158,0.0,0.0,,,
2025-12-11T19:19:22+00:00,157,0.0,0.0,,,
2025-12-11T19:19:24+00:00,156,0.0,0.0,,,
2025-12-11T19:19:27+00:00,155,0.0,0.0,,,
2025-12-11T19:19:28+00:00,154,0.0,0.0,,,
2025-12-11T19:19:32+00:00,153,0.0,0.0,,,
2025-12-11T19:19:38+00:00,152,0.0,0.0,,,
2025-12-11T19:19:42+00:00,151,0.0,0.0,,,
2025-12-11T19:19:43+00:00,151,0.0,0.0,,,
2025-12-11T19:19:44+00:00,152,0.0,0.0,,,
2025-12-11T19:19:45+00:00,152,0.0,0.0,,,
2025-12-11T19:19:46+00:00,153,0.0,0.0,,,
2025-12-11T19:19:47+00:00,155,0.0,0.0,,,
2025-12-11T19:19:48+00:00,156,0.0,0.0,,,
2025-12-11T19:19:49+00:00,156,0.0,0.0,,,
2025-12-11T19:19:50+00:00,157,0.0,0.0,,,
2025-12-11T19:19:51+00:00,158,0.0,0.0,,,
2025-12-11T19:19:52+00:00,158,0.0,0.0,,,
2025-12-11T19:19:53+00:00,158,0.0,0.0,,,
2025-12-11T19:19:54+00:00,157,0.0,0.0,,,
2025-12-11T19:19:55+00:00,157,0.0,0.0,,,
2025-12-11T19:19:56+00:00,155,0.0,0.0,,,
2025-12-11T19:19:57+00:00,153,0.0,0.0,,,
2025-12-11T19:19:58+00:00,152,0.0,0.0,,,
2025-12-11T19:19:59+00:00,151,0.0,0.0,,,
2025-12-11T19:20:00+00:00,148,0.0,0.0,,,
2025-12-11T19:20:01+00:00,148,0.0,0.0,,,
2025-12-11T19:20:02+00:00,147,0.0,0.0,,,
2025-12-11T19:20:03+00:00,147,0.0,0.0,,,
2025-12-11T19:20:04+00:00,146,0.0,0.0,,,
2025-12-11T19:20:05+00:00,143,0.0,0.0,,,
2025-12-11T19:20:06+00:00,135,0.0,0.0,,,
2025-12-11T19:20:07+00:00,131,0.0,0.0,,,
2025-12-11T19:20:08+00:00,128,0.0,0.0,,,
2025-12-11T19:20:09+00:00,127,0.0,0.0,,,
2025-12-11T19:20:10+00:00,126,0.0,0.0,,,
2025-12-11T19:20:11+00:00,125,0.0,0.0,,,
2025-12-11T19:20:12+00:00,124,0.0,0.0,,,
2025-12-11T19:20:13+00:00,124,0.0,0.0,,,
2025-12-11T19:20:14+00:00,124,0.0,0.0,,,
2025-12-11T19:20:15+00:00,125,0.0,0.0,,,
2025-12-11T19:20:16+00:00,125,0.0,0.0,,,
2025-12-11T19:20:17+00:00,125,0.0,0.0,,,
2025-12-11T19:20:18+00:00,125,0.0,0.0,,,
2025-12-11T19:20:19+00:00,126,0.0,0.0,,,
2025-12-11T19:20:20+00:00,126,0.0,0.0,,,
2025-12-11T19:20:21+00:00,126,0.0,0.0,,,
2025-12-11T19:20:22+00:00,126,0.0,0.0,,,
2025-12-11T19:20:23+00:00,127,0.0,0.0,,,
2025-12-11T19:20:24+00:00,127,0.0,0.0,,,
2025-12-11T19:20:25+00:00,127,0.0,0.0,,,
2025-12-11T19:20:26+00:00,127,0.0,0.0,,,
2025-12-11T19:20:27+00:00,127,0.0,0.0,,,
2025-12-11T19:20:28+00:00,127,0.0,0.0,,,
2025-12-11T19:20:29+00:00,127,0.0,0.0,,,
2025-12-11T19:20:30+00:00,126,0.0,0.0,,,
2025-12-11T19:20:31+00:00,125,0.0,0.0,,,
2025-12-11T19:20:32+00:00,124,0.0,0.0,,,
2025-12-11T19:20:33+00:00,123,0.0,0.0,,,
2025-12-11T19:20:36+00:00,124,0.0,0.0,,,
2025-12-11T19:20:40+00:00,123,0.0,0.0,,,
2025-12-11T19:20:43+00:00,122,0.0,0.0,,,
2025-12-11T19:20:45+00:00,124,0.0,0.0,,,
2025-12-11T19:20:46+00:00,128,0.0,0.0,,,
2025-12-11T19:20:47+00:00,130,0.0,0.0,,,
2025-12-11T19:20:48+00:00,129,0.0,0.0,,,
2025-12-11T19:20:49+00:00,123,0.0,0.0,,,
2025-12-11T19:20:50+00:00,118,0.0,0.0,,,
2025-12-11T19:20:51+00:00,116,0.0,0.0,,,
2025-12-11T19:20:52+00:00,116,0.0,0.0,,,
2025-12-11T19:20:53+00:00,116,0.0,0.0,,,
2025-12-11T19:20:54+00:00,116,0.0,0.0,,,
2025-12-11T19:20:55+00:00,116,0.0,0.0,,,
2025-12-11T19:20:56+00:00,115,0.0,0.0,,,
2025-12-11T19:20:57+00:00,114,0.0,0.0,,,
2025-12-11T19:20:58+00:00,114,0.0,0.0,,,
2025-12-11T19:20:59+00:00,113,0.0,0.0,,,
2025-12-11T19:21:00+00:00,114,0.0,0.0,,,
2025-12-11T19:21:01+00:00,115,0.0,0.0,,,
2025-12-11T19:21:02+00:00,117,0.0,0.0,,,
2025-12-11T19:21:03+00:00,120,0.0,0.0,,,
2025-12-11T19:21:04+00:00,122,0.0,0.0,,,
2025-12-11T19:21:05+00:00,123,0.0,0.0,,,
2025-12-11T19:21:06+00:00,124,0.0,0.0,,,
2025-12-11T19:21:07+00:00,125,0.0,0.0,,,
2025-12-11T19:21:08+00:00,126,0.0,0.0,,,
2025-12-11T19:21:09+00:00,128,0.0,0.0,,,
2025-12-11T19:21:10+00:00,126,0.0,0.0,,,
2025-12-11T19:21:11+00:00,125,0.0,0.0,,,
2025-12-11T19:21:12+00:00,124,0.0,0.0,,,
2025-12-11T19:21:13+00:00,124,0.0,0.0,,,
2025-12-11T19:21:14+00:00,124,0.0,0.0,,,
2025-12-11T19:21:15+00:00,123,0.0,0.0,,,
2025-12-11T19:21:16+00:00,123,0.0,0.0,,,
2025-12-11T19:21:17+00:00,124,0.0,0.0,,,
2025-12-11T19:21:18+00:00,124,0.0,0.0,,,
2025-12-11T19:21:19+00:00,124,0.0,0.0,,,
2025-12-11T19:21:20+00:00,125,0.0,0.0,,,
2025-12-11T19:21:21+00:00,125,0.0,0.0,,,
2025-12-11T19:21:22+00:00,125,0.0,0.0,,,
2025-12-11T19:21:23+00:00,125,0.0,0.0,,,
2025-12-11T19:21:24+00:00,126,0.0,0.0,,,
2025-12-11T19:21:25+00:00,127,0.0,0.0,,,
2025-12-11T19:21:26+00:00,127,0.0,0.0,,,
2025-12-11T19:21:27+00:00,127,0.0,0.0,,,
2025-12-11T19:21:28+00:00,127,0.0,0.0,,,
2025-12-11T19:21:29+00:00,128,0.0,0.0,,,
2025-12-11T19:21:30+00:00,126,0.0,0.0,,,
2025-12-11T19:21:31+00:00,126,0.0,0.0,,,
2025-12-11T19:21:32+00:00,126,0.0,0.0,,,
2025-12-11T19:21:33+00:00,125,0.0,0.0,,,
2025-12-11T19:21:34+00:00,124,0.0,0.0,,,
2025-12-11T19:21:35+00:00,123,0.0,0.0,,,
2025-12-11T19:21:36+00:00,122,0.0,0.0,,,
2025-12-11T19:21:37+00:00,122,0.0,0.0,,,
2025-12-11T19:21:38+00:00,122,0.0,0.0,,,
2025-12-11T19:21:39+00:00,122,0.0,0.0,,,
2025-12-11T19:21:40+00:00,122,0.0,0.0,,,
2025-12-11T19:21:41+00:00,123,0.0,0.0,,,
2025-12-11T19:21:42+00:00,123,0.0,0.0,,,
2025-12-11T19:21:43+00:00,123,0.0,0.0,,,
2025-12-11T19:21:44+00:00,123,0.0,0.0,,,
2025-12-11T19:21:45+00:00,122,0.0,0.0,,,
2025-12-11T19:21:46+00:00,123,0.0,0.0,,,
2025-12-11T19:21:47+00:00,123,0.0,0.0,,,
2025-12-11T19:21:48+00:00,124,0.0,0.0,,,
2025-12-11T19:21:49+00:00,124,0.0,0.0,,,
2025-12-11T19:21:50+00:00,124,0.0,0.0,,,
2025-12-11T19:21:51+00:00,125,0.0,0.0,,,
2025-12-11T19:21:52+00:00,125,0.0,0.0,,,
2025-12-11T19:21:53+00:00,125,0.0,0.0,,,
2025-12-11T19:21:54+00:00,125,0.0,0.0,,,
2025-12-11T19:21:55+00:00,125,0.0,0.0,,,
2025-12-11T19:21:56+00:00,124,0.0,0.0,,,
2025-12-11T19:21:57+00:00,117,0.0,0.0,,,
2025-12-11T19:21:58+00:00,113,0.0,0.0,,,
2025-12-11T19:21:59+00:00,113,0.0,0.0,,,
2025-12-11T19:22:00+00:00,113,0.0,0.0,,,
2025-12-11T19:22:01+00:00,112,0.0,0.0,,,
2025-12-11T19:22:02+00:00,112,0.0,0.0,,,
2025-12-11T19:22:03+00:00,111,0.0,0.0,,,
2025-12-11T19:22:04+00:00,110,0.0,0.0,,,
2025-12-11T19:22:05+00:00,110,0.0,0.0,,,
2025-12-11T19:22:06+00:00,109,0.0,0.0,,,
2025-12-11T19:22:07+00:00,109,0.0,0.0,,,
2025-12-11T19:22:08+00:00,109,0.0,0.0,,,
2025-12-11T19:22:09+00:00,109,0.0,0.0,,,
2025-12-11T19:22:10+00:00,108,0.0,0.0,,,
2025-12-11T19:22:11+00:00,109,0.0,0.0,,,
2025-12-11T19:22:12+00:00,109,0.0,0.0,,,
2025-12-11T19:22:13+00:00,109,0.0,0.0,,,
2025-12-11T19:22:14+00:00,109,0.0,0.0,,,
2025-12-11T19:22:15+00:00,110,0.0,0.0,,,
2025-12-11T19:22:16+00:00,110,0.0,0.0,,,
2025-12-11T19:22:17+00:00,111,0.0,0.0,,,
2025-12-11T19:22:18+00:00,111,0.0,0.0,,,
2025-12-11T19:22:19+00:00,110,0.0,0.0,,,
2025-12-11T19:22:20+00:00,110,0.0,0.0,,,
2025-12-11T19:22:21+00:00,110,0.0,0.0,,,
2025-12-11T19:22:22+00:00,110,0.0,0.0,,,
2025-12-11T19:22:23+00:00,111,0.0,0.0,,,
2025-12-11T19:22:24+00:00,111,0.0,0.0,,,
2025-12-11T19:22:25+00:00,112,0.0,0.0,,,
2025-12-11T19:22:26+00:00,113,0.0,0.0,,,
2025-12-11T19:22:27+00:00,114,0.0,0.0,,,
2025-12-11T19:22:28+00:00,114,0.0,0.0,,,
2025-12-11T19:22:29+00:00,114,0.0,0.0,,,
2025-12-11T19:22:30+00:00,115,0.0,0.0,,,
2025-12-11T19:22:31+00:00,116,0.0,0.0,,,
2025-12-11T19:22:32+00:00,117,0.0,0.0,,,
2025-12-11T19:22:33+00:00,117,0.0,0.0,,,
2025-12-11T19:22:34+00:00,117,0.0,0.0,,,
2025-12-11T19:22:35+00:00,115,0.0,0.0,,,
2025-12-11T19:22:36+00:00,115,0.0,0.0,,,
2025-12-11T19:22:37+00:00,116,0.0,0.0,,,
2025-12-11T19:22:38+00:00,116,0.0,0.0,,,
2025-12-11T19:22:39+00:00,117,0.0,0.0,,,
2025-12-11T19:22:40+00:00,118,0.0,0.0,,,
2025-12-11T19:22:43+00:00,119,0.0,0.0,,,
2025-12-11T19:22:44+00:00,118,0.0,0.0,,,
2025-12-11T19:22:47+00:00,120,0.0,0.0,,,
2025-12-11T19:22:48+00:00,122,0.0,0.0,,,
2025-12-11T19:22:50+00:00,123,0.0,0.0,,,
2025-12-11T19:22:52+00:00,124,0.0,0.0,,,
2025-12-11T19:22:53+00:00,125,0.0,0.0,,,
2025-12-11T19:22:54+00:00,126,0.0,0.0,,,
2025-12-11T19:22:55+00:00,127,0.0,0.0,,,
2025-12-11T19:22:59+00:00,126,0.0,0.0,,,
2025-12-11T19:23:01+00:00,127,0.0,0.0,,,
2025-12-11T19:23:02+00:00,128,0.0,0.0,,,
2025-12-11T19:23:03+00:00,131,0.0,0.0,,,
2025-12-11T19:23:04+00:00,133,0.0,0.0,,,
2025-12-11T19:23:05+00:00,136,0.0,0.0,,,
2025-12-11T19:23:06+00:00,138,0.0,0.0,,,
2025-12-11T19:23:08+00:00,137,0.0,0.0,,,
2025-12-11T19:23:10+00:00,138,0.0,0.0,,,
2025-12-11T19:23:14+00:00,140,0.0,0.0,,,
2025-12-11T19:23:15+00:00,142,0.0,0.0,,,
2025-12-11T19:23:16+00:00,143,0.0,0.0,,,
2025-12-11T19:23:19+00:00,144,0.0,0.0,,,
2025-12-11T19:23:22+00:00,143,0.0,0.0,,,
2025-12-11T19:23:23+00:00,144,0.0,0.0,,,
2025-12-11T19:23:24+00:00,143,0.0,0.0,,,
2025-12-11T19:23:25+00:00,142,0.0,0.0,,,
2025-12-11T19:23:29+00:00,141,0.0,0.0,,,
2025-12-11T19:23:31+00:00,140,0.0,0.0,,,
2025-12-11T19:23:32+00:00,139,0.0,0.0,,,
2025-12-11T19:23:33+00:00,138,0.0,0.0,,,
2025-12-11T19:23:34+00:00,136,0.0,0.0,,,
2025-12-11T19:23:35+00:00,133,0.0,0.0,,,
2025-12-11T19:23:36+00:00,124,0.0,0.0,,,
2025-12-11T19:23:37+00:00,121,0.0,0.0,,,
2025-12-11T19:23:38+00:00,121,0.0,0.0,,,
2025-12-11T19:23:39+00:00,120,0.0,0.0,,,
2025-12-11T19:23:40+00:00,121,0.0,0.0,,,
2025-12-11T19:23:44+00:00,122,0.0,0.0,,,
2025-12-11T19:23:45+00:00,123,0.0,0.0,,,
2025-12-11T19:23:47+00:00,124,0.0,0.0,,,
2025-12-11T19:23:50+00:00,125,0.0,0.0,,,
2025-12-11T19:23:52+00:00,124,0.0,0.0,,,
2025-12-11T19:23:54+00:00,123,0.0,0.0,,,
2025-12-11T19:23:58+00:00,124,0.0,0.0,,,
2025-12-11T19:24:01+00:00,123,0.0,0.0,,,
2025-12-11T19:24:02+00:00,122,0.0,0.0,,,
2025-12-11T19:24:05+00:00,121,0.0,0.0,,,
2025-12-11T19:24:09+00:00,122,0.0,0.0,,,
2025-12-11T19:24:10+00:00,121,0.0,0.0,,,
2025-12-11T19:24:24+00:00,122,0.0,0.0,,,
2025-12-11T19:24:26+00:00,123,0.0,0.0,,,
2025-12-11T19:24:28+00:00,124,0.0,0.0,,,
2025-12-11T19:24:29+00:00,125,0.0,0.0,,,
2025-12-11T19:24:32+00:00,126,0.0,0.0,,,
2025-12-11T19:24:36+00:00,125,0.0,0.0,,,
2025-12-11T19:24:39+00:00,124,0.0,0.0,,,
2025-12-11T19:24:45+00:00,126,0.0,0.0,,,
2025-12-11T19:24:47+00:00,127,0.0,0.0,,,
2025-12-11T19:24:48+00:00,128,0.0,0.0,,,
2025-12-11T19:24:51+00:00,129,0.0,0.0,,,
2025-12-11T19:24:54+00:00,130,0.0,0.0,,,
2025-12-11T19:24:55+00:00,129,0.0,0.0,,,
2025-12-11T19:24:56+00:00,128,0.0,0.0,,,
2025-12-11T19:24:59+00:00,127,0.0,0.0,,,
2025-12-11T19:25:03+00:00,126,0.0,0.0,,,
2025-12-11T19:25:04+00:00,125,0.0,0.0,,,
2025-12-11T19:25:06+00:00,126,0.0,0.0,,,
2025-12-11T19:25:14+00:00,127,0.0,0.0,,,
2025-12-11T19:25:18+00:00,128,0.0,0.0,,,
2025-12-11T19:25:25+00:00,127,0.0,0.0,,,
2025-12-11T19:25:27+00:00,128,0.0,0.0,,,
2025-12-11T19:25:31+00:00,127,0.0,0.0,,,
2025-12-11T19:25:32+00:00,128,0.0,0.0,,,
2025-12-11T19:25:34+00:00,127,0.0,0.0,,,
2025-12-11T19:25:39+00:00,126,0.0,0.0,,,
2025-12-11T19:25:40+00:00,125,0.0,0.0,,,
2025-12-11T19:25:42+00:00,124,0.0,0.0,,,
2025-12-11T19:25:43+00:00,123,0.0,0.0,,,
2025-12-11T19:25:46+00:00,122,0.0,0.0,,,
2025-12-11T19:25:48+00:00,121,0.0,0.0,,,
2025-12-11T19:25:50+00:00,120,0.0,0.0,,,
2025-12-11T19:25:52+00:00,118,0.0,0.0,,,
2025-12-11T19:25:53+00:00,117,0.0,0.0,,,
2025-12-11T19:25:55+00:00,116,0.0,0.0,,,
2025-12-11T19:25:59+00:00,115,0.0,0.0,,,
2025-12-11T19:26:00+00:00,116,0.0,0.0,,,
2025-12-11T19:26:01+00:00,115,0.0,0.0,,,
2025-12-11T19:26:02+00:00,114,0.0,0.0,,,
2025-12-11T19:26:06+00:00,113,0.0,0.0,,,
2025-12-11T19:26:07+00:00,114,0.0,0.0,,,
2025-12-11T19:26:10+00:00,115,0.0,0.0,,,
2025-12-11T19:26:12+00:00,114,0.0,0.0,,,
2025-12-11T19:26:20+00:00,115,0.0,0.0,,,
2025-12-11T19:26:21+00:00,116,0.0,0.0,,,
2025-12-11T19:26:24+00:00,115,0.0,0.0,,,
2025-12-11T19:26:27+00:00,114,0.0,0.0,,,
2025-12-11T19:26:29+00:00,113,0.0,0.0,,,
2025-12-11T19:26:31+00:00,112,0.0,0.0,,,
2025-12-11T19:26:33+00:00,111,0.0,0.0,,,
2025-12-11T19:26:38+00:00,110,0.0,0.0,,,
2025-12-11T19:26:39+00:00,111,0.0,0.0,,,
2025-12-11T19:26:40+00:00,110,0.0,0.0,,,
2025-12-11T19:26:41+00:00,109,0.0,0.0,,,
2025-12-11T19:26:42+00:00,108,0.0,0.0,,,
2025-12-11T19:26:45+00:00,107,0.0,0.0,,,
2025-12-11T19:26:48+00:00,109,0.0,0.0,,,
2025-12-11T19:26:49+00:00,111,0.0,0.0,,,
2025-12-11T19:26:50+00:00,112,0.0,0.0,,,
2025-12-11T19:26:51+00:00,113,0.0,0.0,,,
2025-12-11T19:26:52+00:00,113,0.0,0.0,,,
2025-12-11T19:26:53+00:00,115,0.0,0.0,,,
2025-12-11T19:26:54+00:00,116,0.0,0.0,,,
2025-12-11T19:26:55+00:00,117,0.0,0.0,,,
2025-12-11T19:26:56+00:00,119,0.0,0.0,,,
2025-12-11T19:26:57+00:00,122,0.0,0.0,,,
2025-12-11T19:26:58+00:00,125,0.0,0.0,,,
2025-12-11T19:26:59+00:00,131,0.0,0.0,,,
2025-12-11T19:27:00+00:00,132,0.0,0.0,,,
2025-12-11T19:27:01+00:00,133,0.0,0.0,,,
2025-12-11T19:27:02+00:00,134,0.0,0.0,,,
2025-12-11T19:27:03+00:00,135,0.0,0.0,,,
2025-12-11T19:27:04+00:00,136,0.0,0.0,,,
2025-12-11T19:27:05+00:00,137,0.0,0.0,,,
2025-12-11T19:27:06+00:00,138,0.0,0.0,,,
2025-12-11T19:27:07+00:00,139,0.0,0.0,,,
2025-12-11T19:27:08+00:00,140,0.0,0.0,,,
2025-12-11T19:27:09+00:00,141,0.0,0.0,,,
2025-12-11T19:27:10+00:00,140,0.0,0.0,,,
2025-12-11T19:27:11+00:00,140,0.0,0.0,,,
2025-12-11T19:27:12+00:00,140,0.0,0.0,,,
2025-12-11T19:27:13+00:00,139,0.0,0.0,,,
2025-12-11T19:27:14+00:00,139,0.0,0.0,,,
2025-12-11T19:27:15+00:00,139,0.0,0.0,,,
2025-12-11T19:27:16+00:00,139,0.0,0.0,,,
2025-12-11T19:27:17+00:00,138,0.0,0.0,,,
2025-12-11T19:27:18+00:00,138,0.0,0.0,,,
2025-12-11T19:27:19+00:00,138,0.0,0.0,,,
2025-12-11T19:27:20+00:00,137,0.0,0.0,,,
2025-12-11T19:27:21+00:00,138,0.0,0.0,,,
2025-12-11T19:27:22+00:00,138,0.0,0.0,,,
2025-12-11T19:27:23+00:00,138,0.0,0.0,,,
2025-12-11T19:27:24+00:00,137,0.0,0.0,,,
2025-12-11T19:27:25+00:00,138,0.0,0.0,,,
2025-12-11T19:27:26+00:00,139,0.0,0.0,,,
2025-12-11T19:27:27+00:00,140,0.0,0.0,,,
2025-12-11T19:27:28+00:00,140,0.0,0.0,,,
2025-12-11T19:27:29+00:00,141,0.0,0.0,,,
2025-12-11T19:27:30+00:00,142,0.0,0.0,,,
2025-12-11T19:27:34+00:00,141,0.0,0.0,,,
2025-12-11T19:27:35+00:00,139,0.0,0.0,,,
2025-12-11T19:27:36+00:00,138,0.0,0.0,,,
2025-12-11T19:27:39+00:00,139,0.0,0.0,,,
2025-12-11T19:27:41+00:00,138,0.0,0.0,,,
2025-12-11T19:27:44+00:00,137,0.0,0.0,,,
2025-12-11T19:27:47+00:00,138,0.0,0.0,,,
2025-12-11T19:27:49+00:00,140,0.0,0.0,,,
2025-12-11T19:27:50+00:00,146,0.0,0.0,,,
2025-12-11T19:27:51+00:00,150,0.0,0.0,,,
2025-12-11T19:27:52+00:00,153,0.0,0.0,,,
2025-12-11T19:27:53+00:00,156,0.0,0.0,,,
2025-12-11T19:27:54+00:00,158,0.0,0.0,,,
2025-12-11T19:27:55+00:00,159,0.0,0.0,,,
2025-12-11T19:27:56+00:00,160,0.0,0.0,,,
2025-12-11T19:27:58+00:00,159,0.0,0.0,,,
2025-12-11T19:28:00+00:00,158,0.0,0.0,,,
2025-12-11T19:28:01+00:00,157,0.0,0.0,,,
2025-12-11T19:28:02+00:00,149,0.0,0.0,,,
2025-12-11T19:28:03+00:00,144,0.0,0.0,,,
2025-12-11T19:28:04+00:00,143,0.0,0.0,,,
2025-12-11T19:28:05+00:00,142,0.0,0.0,,,
2025-12-11T19:28:06+00:00,141,0.0,0.0,,,
2025-12-11T19:28:07+00:00,140,0.0,0.0,,,
2025-12-11T19:28:12+00:00,139,0.0,0.0,,,
2025-12-11T19:28:14+00:00,138,0.0,0.0,,,
2025-12-11T19:28:16+00:00,137,0.0,0.0,,,
2025-12-11T19:28:19+00:00,136,0.0,0.0,,,
2025-12-11T19:28:26+00:00,135,0.0,0.0,,,
2025-12-11T19:28:27+00:00,136,0.0,0.0,,,
2025-12-11T19:28:28+00:00,135,0.0,0.0,,,
2025-12-11T19:28:32+00:00,134,0.0,0.0,,,
2025-12-11T19:28:36+00:00,133,0.0,0.0,,,
2025-12-11T19:28:40+00:00,132,0.0,0.0,,,
2025-12-11T19:28:44+00:00,131,0.0,0.0,,,
2025-12-11T19:28:52+00:00,130,0.0,0.0,,,
2025-12-11T19:28:57+00:00,129,0.0,0.0,,,
2025-12-11T19:28:58+00:00,129,0.0,0.0,,,
2025-12-11T19:28:59+00:00,128,0.0,0.0,,,
2025-12-11T19:29:00+00:00,128,0.0,0.0,,,
2025-12-11T19:29:01+00:00,130,0.0,0.0,,,
2025-12-11T19:29:02+00:00,131,0.0,0.0,,,
2025-12-11T19:29:03+00:00,132,0.0,0.0,,,
2025-12-11T19:29:04+00:00,133,0.0,0.0,,,
2025-12-11T19:29:05+00:00,133,0.0,0.0,,,
2025-12-11T19:29:06+00:00,133,0.0,0.0,,,
2025-12-11T19:29:07+00:00,136,0.0,0.0,,,
2025-12-11T19:29:08+00:00,137,0.0,0.0,,,
2025-12-11T19:29:09+00:00,139,0.0,0.0,,,
2025-12-11T19:29:10+00:00,141,0.0,0.0,,,
2025-12-11T19:29:11+00:00,143,0.0,0.0,,,
2025-12-11T19:29:12+00:00,144,0.0,0.0,,,
2025-12-11T19:29:13+00:00,145,0.0,0.0,,,
2025-12-11T19:29:14+00:00,145,0.0,0.0,,,
2025-12-11T19:29:15+00:00,146,0.0,0.0,,,
2025-12-11T19:29:16+00:00,146,0.0,0.0,,,
2025-12-11T19:29:17+00:00,146,0.0,0.0,,,
2025-12-11T19:29:18+00:00,145,0.0,0.0,,,
2025-12-11T19:29:19+00:00,145,0.0,0.0,,,
2025-12-11T19:29:20+00:00,145,0.0,0.0,,,
2025-12-11T19:29:21+00:00,145,0.0,0.0,,,
2025-12-11T19:29:22+00:00,145,0.0,0.0,,,
2025-12-11T19:29:23+00:00,146,0.0,0.0,,,
2025-12-11T19:29:24+00:00,147,0.0,0.0,,,
2025-12-11T19:29:25+00:00,148,0.0,0.0,,,
2025-12-11T19:29:26+00:00,149,0.0,0.0,,,
2025-12-11T19:29:27+00:00,149,0.0,0.0,,,
2025-12-11T19:29:28+00:00,149,0.0,0.0,,,
2025-12-11T19:29:31+00:00,148,0.0,0.0,,,
2025-12-11T19:29:33+00:00,147,0.0,0.0,,,
2025-12-11T19:29:38+00:00,146,0.0,0.0,,,
2025-12-11T19:29:42+00:00,147,0.0,0.0,,,
2025-12-11T19:29:43+00:00,150,0.0,0.0,,,
2025-12-11T19:29:44+00:00,153,0.0,0.0,,,
2025-12-11T19:29:45+00:00,156,0.0,0.0,,,
2025-12-11T19:29:46+00:00,157,0.0,0.0,,,
2025-12-11T19:29:55+00:00,156,0.0,0.0,,,
2025-12-11T19:29:56+00:00,154,0.0,0.0,,,
2025-12-11T19:29:57+00:00,145,0.0,0.0,,,
2025-12-11T19:29:58+00:00,130,0.0,0.0,,,
2025-12-11T19:29:59+00:00,126,0.0,0.0,,,
2025-12-11T19:30:00+00:00,124,0.0,0.0,,,
2025-12-11T19:30:01+00:00,123,0.0,0.0,,,
2025-12-11T19:30:03+00:00,122,0.0,0.0,,,
2025-12-11T19:30:05+00:00,121,0.0,0.0,,,
2025-12-11T19:30:10+00:00,120,0.0,0.0,,,
2025-12-11T19:30:13+00:00,119,0.0,0.0,,,
2025-12-11T19:30:16+00:00,118,0.0,0.0,,,
2025-12-11T19:30:18+00:00,119,0.0,0.0,,,
2025-12-11T19:30:19+00:00,121,0.0,0.0,,,
2025-12-11T19:30:20+00:00,123,0.0,0.0,,,
2025-12-11T19:30:21+00:00,125,0.0,0.0,,,
2025-12-11T19:30:22+00:00,127,0.0,0.0,,,
2025-12-11T19:30:24+00:00,128,0.0,0.0,,,
2025-12-11T19:30:26+00:00,127,0.0,0.0,,,
2025-12-11T19:30:28+00:00,126,0.0,0.0,,,
2025-12-11T19:30:32+00:00,125,0.0,0.0,,,
2025-12-11T19:30:35+00:00,124,0.0,0.0,,,
2025-12-11T19:30:39+00:00,123,0.0,0.0,,,
2025-12-11T19:30:41+00:00,124,0.0,0.0,,,
2025-12-11T19:30:43+00:00,123,0.0,0.0,,,
2025-12-11T19:30:44+00:00,124,0.0,0.0,,,
2025-12-11T19:30:45+00:00,125,0.0,0.0,,,
2025-12-11T19:30:46+00:00,126,0.0,0.0,,,
2025-12-11T19:30:47+00:00,127,0.0,0.0,,,
2025-12-11T19:30:51+00:00,126,0.0,0.0,,,
2025-12-11T19:30:53+00:00,125,0.0,0.0,,,
2025-12-11T19:30:55+00:00,124,0.0,0.0,,,
2025-12-11T19:31:00+00:00,123,0.0,0.0,,,
2025-12-11T19:31:01+00:00,124,0.0,0.0,,,
2025-12-11T19:31:03+00:00,123,0.0,0.0,,,
2025-12-11T19:31:06+00:00,124,0.0,0.0,,,
2025-12-11T19:31:10+00:00,125,0.0,0.0,,,
2025-12-11T19:31:12+00:00,126,0.0,0.0,,,
2025-12-11T19:31:13+00:00,127,0.0,0.0,,,
2025-12-11T19:31:14+00:00,128,0.0,0.0,,,
2025-12-11T19:31:17+00:00,129,0.0,0.0,,,
2025-12-11T19:31:20+00:00,128,0.0,0.0,,,
2025-12-11T19:31:21+00:00,129,0.0,0.0,,,
2025-12-11T19:31:28+00:00,130,0.0,0.0,,,
2025-12-11T19:31:29+00:00,131,0.0,0.0,,,
2025-12-11T19:31:32+00:00,132,0.0,0.0,,,
2025-12-11T19:31:36+00:00,131,0.0,0.0,,,
2025-12-11T19:31:38+00:00,130,0.0,0.0,,,
2025-12-11T19:31:39+00:00,129,0.0,0.0,,,
2025-12-11T19:31:40+00:00,128,0.0,0.0,,,
2025-12-11T19:31:41+00:00,126,0.0,0.0,,,
2025-12-11T19:31:42+00:00,125,0.0,0.0,,,
2025-12-11T19:31:46+00:00,124,0.0,0.0,,,
2025-12-11T19:31:49+00:00,123,0.0,0.0,,,
2025-12-11T19:31:51+00:00,122,0.0,0.0,,,
2025-12-11T19:31:52+00:00,121,0.0,0.0,,,
2025-12-11T19:31:53+00:00,120,0.0,0.0,,,
2025-12-11T19:31:54+00:00,119,0.0,0.0,,,
2025-12-11T19:31:59+00:00,120,0.0,0.0,,,
2025-12-11T19:32:01+00:00,119,0.0,0.0,,,
2025-12-11T19:32:03+00:00,118,0.0,0.0,,,
2025-12-11T19:32:04+00:00,119,0.0,0.0,,,
2025-12-11T19:32:05+00:00,119,0.0,0.0,,,
2025-12-11T19:32:06+00:00,120,0.0,0.0,,,
2025-12-11T19:32:07+00:00,120,0.0,0.0,,,
2025-12-11T19:32:08+00:00,121,0.0,0.0,,,
2025-12-11T19:32:09+00:00,122,0.0,0.0,,,
2025-12-11T19:32:10+00:00,123,0.0,0.0,,,
2025-12-11T19:32:11+00:00,123,0.0,0.0,,,
2025-12-11T19:32:12+00:00,124,0.0,0.0,,,
2025-12-11T19:32:13+00:00,124,0.0,0.0,,,
2025-12-11T19:32:14+00:00,124,0.0,0.0,,,
2025-12-11T19:32:15+00:00,125,0.0,0.0,,,
2025-12-11T19:32:16+00:00,126,0.0,0.0,,,
2025-12-11T19:32:17+00:00,128,0.0,0.0,,,
2025-12-11T19:32:18+00:00,130,0.0,0.0,,,
2025-12-11T19:32:19+00:00,132,0.0,0.0,,,
2025-12-11T19:32:20+00:00,133,0.0,0.0,,,
2025-12-11T19:32:21+00:00,134,0.0,0.0,,,
2025-12-11T19:32:22+00:00,134,0.0,0.0,,,
2025-12-11T19:32:23+00:00,134,0.0,0.0,,,
2025-12-11T19:32:24+00:00,134,0.0,0.0,,,
2025-12-11T19:32:25+00:00,133,0.0,0.0,,,
2025-12-11T19:32:26+00:00,133,0.0,0.0,,,
2025-12-11T19:32:27+00:00,133,0.0,0.0,,,
2025-12-11T19:32:28+00:00,133,0.0,0.0,,,
2025-12-11T19:32:29+00:00,132,0.0,0.0,,,
2025-12-11T19:32:30+00:00,132,0.0,0.0,,,
2025-12-11T19:32:31+00:00,132,0.0,0.0,,,
2025-12-11T19:32:32+00:00,132,0.0,0.0,,,
2025-12-11T19:32:33+00:00,132,0.0,0.0,,,
2025-12-11T19:32:34+00:00,132,0.0,0.0,,,
2025-12-11T19:32:35+00:00,132,0.0,0.0,,,
2025-12-11T19:32:36+00:00,132,0.0,0.0,,,
2025-12-11T19:32:37+00:00,130,0.0,0.0,,,
2025-12-11T19:32:38+00:00,128,0.0,0.0,,,
2025-12-11T19:32:39+00:00,128,0.0,0.0,,,
2025-12-11T19:32:40+00:00,127,0.0,0.0,,,
2025-12-11T19:32:41+00:00,128,0.0,0.0,,,
2025-12-11T19:32:42+00:00,128,0.0,0.0,,,
2025-12-11T19:32:43+00:00,130,0.0,0.0,,,
2025-12-11T19:32:44+00:00,130,0.0,0.0,,,
2025-12-11T19:32:45+00:00,130,0.0,0.0,,,
2025-12-11T19:32:46+00:00,130,0.0,0.0,,,
2025-12-11T19:32:47+00:00,130,0.0,0.0,,,
2025-12-11T19:32:48+00:00,129,0.0,0.0,,,
2025-12-11T19:32:49+00:00,129,0.0,0.0,,,
2025-12-11T19:32:50+00:00,130,0.0,0.0,,,
2025-12-11T19:32:51+00:00,130,0.0,0.0,,,
2025-12-11T19:32:52+00:00,130,0.0,0.0,,,
2025-12-11T19:32:53+00:00,129,0.0,0.0,,,
2025-12-11T19:32:54+00:00,129,0.0,0.0,,,
2025-12-11T19:32:55+00:00,128,0.0,0.0,,,
2025-12-11T19:32:56+00:00,128,0.0,0.0,,,
2025-12-11T19:32:57+00:00,128,0.0,0.0,,,
2025-12-11T19:32:58+00:00,127,0.0,0.0,,,
2025-12-11T19:32:59+00:00,125,0.0,0.0,,,
2025-12-11T19:33:00+00:00,122,0.0,0.0,,,
2025-12-11T19:33:01+00:00,120,0.0,0.0,,,
2025-12-11T19:33:02+00:00,118,0.0,0.0,,,
2025-12-11T19:33:03+00:00,117,0.0,0.0,,,
2025-12-11T19:33:04+00:00,116,0.0,0.0,,,
2025-12-11T19:33:05+00:00,116,0.0,0.0,,,
2025-12-11T19:33:06+00:00,115,0.0,0.0,,,
2025-12-11T19:33:07+00:00,116,0.0,0.0,,,
2025-12-11T19:33:08+00:00,116,0.0,0.0,,,
2025-12-11T19:33:09+00:00,118,0.0,0.0,,,
2025-12-11T19:33:10+00:00,120,0.0,0.0,,,
2025-12-11T19:33:11+00:00,122,0.0,0.0,,,
2025-12-11T19:33:12+00:00,124,0.0,0.0,,,
2025-12-11T19:33:13+00:00,127,0.0,0.0,,,
2025-12-11T19:33:14+00:00,128,0.0,0.0,,,
2025-12-11T19:33:15+00:00,132,0.0,0.0,,,
2025-12-11T19:33:16+00:00,134,0.0,0.0,,,
2025-12-11T19:33:17+00:00,135,0.0,0.0,,,
2025-12-11T19:33:18+00:00,135,0.0,0.0,,,
2025-12-11T19:33:19+00:00,135,0.0,0.0,,,
2025-12-11T19:33:20+00:00,135,0.0,0.0,,,
2025-12-11T19:33:21+00:00,136,0.0,0.0,,,
2025-12-11T19:33:22+00:00,136,0.0,0.0,,,
2025-12-11T19:33:23+00:00,137,0.0,0.0,,,
2025-12-11T19:33:24+00:00,137,0.0,0.0,,,
2025-12-11T19:33:25+00:00,139,0.0,0.0,,,
2025-12-11T19:33:26+00:00,141,0.0,0.0,,,
2025-12-11T19:33:27+00:00,142,0.0,0.0,,,
2025-12-11T19:33:28+00:00,142,0.0,0.0,,,
2025-12-11T19:33:29+00:00,143,0.0,0.0,,,
2025-12-11T19:33:30+00:00,143,0.0,0.0,,,
2025-12-11T19:33:31+00:00,144,0.0,0.0,,,
2025-12-11T19:33:32+00:00,144,0.0,0.0,,,
2025-12-11T19:33:33+00:00,144,0.0,0.0,,,
2025-12-11T19:33:34+00:00,145,0.0,0.0,,,
2025-12-11T19:33:38+00:00,144,0.0,0.0,,,
2025-12-11T19:33:40+00:00,143,0.0,0.0,,,
2025-12-11T19:33:42+00:00,142,0.0,0.0,,,
2025-12-11T19:33:43+00:00,141,0.0,0.0,,,
2025-12-11T19:33:45+00:00,140,0.0,0.0,,,
2025-12-11T19:33:48+00:00,139,0.0,0.0,,,
2025-12-11T19:33:52+00:00,138,0.0,0.0,,,
2025-12-11T19:33:55+00:00,137,0.0,0.0,,,
2025-12-11T19:33:58+00:00,136,0.0,0.0,,,
2025-12-11T19:34:00+00:00,135,0.0,0.0,,,
2025-12-11T19:34:08+00:00,134,0.0,0.0,,,
2025-12-11T19:34:11+00:00,133,0.0,0.0,,,
2025-12-11T19:34:12+00:00,132,0.0,0.0,,,
2025-12-11T19:34:14+00:00,130,0.0,0.0,,,
2025-12-11T19:34:16+00:00,131,0.0,0.0,,,
2025-12-11T19:34:17+00:00,135,0.0,0.0,,,
2025-12-11T19:34:18+00:00,143,0.0,0.0,,,
2025-12-11T19:34:19+00:00,146,0.0,0.0,,,
2025-12-11T19:34:20+00:00,147,0.0,0.0,,,
2025-12-11T19:34:21+00:00,148,0.0,0.0,,,
2025-12-11T19:34:24+00:00,149,0.0,0.0,,,
2025-12-11T19:34:25+00:00,148,0.0,0.0,,,
2025-12-11T19:34:27+00:00,149,0.0,0.0,,,
2025-12-11T19:34:31+00:00,148,0.0,0.0,,,
2025-12-11T19:34:32+00:00,147,0.0,0.0,,,
2025-12-11T19:34:33+00:00,146,0.0,0.0,,,
2025-12-11T19:34:34+00:00,145,0.0,0.0,,,
2025-12-11T19:34:35+00:00,144,0.0,0.0,,,
2025-12-11T19:34:36+00:00,143,0.0,0.0,,,
2025-12-11T19:34:37+00:00,144,0.0,0.0,,,
2025-12-11T19:34:39+00:00,143,0.0,0.0,,,
2025-12-11T19:34:40+00:00,142,0.0,0.0,,,
2025-12-11T19:34:41+00:00,141,0.0,0.0,,,
2025-12-11T19:34:43+00:00,140,0.0,0.0,,,
2025-12-11T19:34:48+00:00,141,0.0,0.0,,,
2025-12-11T19:34:54+00:00,140,0.0,0.0,,,
2025-12-11T19:34:55+00:00,139,0.0,0.0,,,
2025-12-11T19:34:56+00:00,137,0.0,0.0,,,
2025-12-11T19:34:57+00:00,136,0.0,0.0,,,
2025-12-11T19:34:59+00:00,135,0.0,0.0,,,
2025-12-11T19:35:00+00:00,134,0.0,0.0,,,
2025-12-11T19:35:03+00:00,133,0.0,0.0,,,
2025-12-11T19:35:05+00:00,132,0.0,0.0,,,
2025-12-11T19:35:07+00:00,131,0.0,0.0,,,
2025-12-11T19:35:09+00:00,130,0.0,0.0,,,
2025-12-11T19:35:10+00:00,129,0.0,0.0,,,
2025-12-11T19:35:12+00:00,128,0.0,0.0,,,
2025-12-11T19:35:14+00:00,127,0.0,0.0,,,
2025-12-11T19:35:15+00:00,126,0.0,0.0,,,
2025-12-11T19:35:17+00:00,125,0.0,0.0,,,
2025-12-11T19:35:18+00:00,124,0.0,0.0,,,
2025-12-11T19:35:21+00:00,123,0.0,0.0,,,
2025-12-11T19:35:24+00:00,124,0.0,0.0,,,
2025-12-11T19:35:27+00:00,123,0.0,0.0,,,
2025-12-11T19:35:28+00:00,121,0.0,0.0,,,
2025-12-11T19:35:29+00:00,120,0.0,0.0,,,
2025-12-11T19:35:32+00:00,119,0.0,0.0,,,
2025-12-11T19:35:38+00:00,120,0.0,0.0,,,
2025-12-11T19:35:39+00:00,121,0.0,0.0,,,
2025-12-11T19:35:40+00:00,122,0.0,0.0,,,
2025-12-11T19:35:44+00:00,121,0.0,0.0,,,
2025-12-11T19:35:45+00:00,122,0.0,0.0,,,
2025-12-11T19:35:49+00:00,123,0.0,0.0,,,
2025-12-11T19:35:53+00:00,123,0.0,0.0,,,
2025-12-11T19:35:54+00:00,124,0.0,0.0,,,
2025-12-11T19:35:55+00:00,125,0.0,0.0,,,
2025-12-11T19:35:56+00:00,126,0.0,0.0,,,
2025-12-11T19:35:57+00:00,127,0.0,0.0,,,
2025-12-11T19:35:58+00:00,128,0.0,0.0,,,
2025-12-11T19:35:59+00:00,130,0.0,0.0,,,
2025-12-11T19:36:00+00:00,131,0.0,0.0,,,
2025-12-11T19:36:01+00:00,131,0.0,0.0,,,
2025-12-11T19:36:02+00:00,132,0.0,0.0,,,
2025-12-11T19:36:03+00:00,133,0.0,0.0,,,
2025-12-11T19:36:04+00:00,134,0.0,0.0,,,
2025-12-11T19:36:05+00:00,135,0.0,0.0,,,
2025-12-11T19:36:06+00:00,135,0.0,0.0,,,
2025-12-11T19:36:07+00:00,136,0.0,0.0,,,
2025-12-11T19:36:08+00:00,136,0.0,0.0,,,
2025-12-11T19:36:09+00:00,137,0.0,0.0,,,
2025-12-11T19:36:10+00:00,137,0.0,0.0,,,
2025-12-11T19:36:11+00:00,137,0.0,0.0,,,
2025-12-11T19:36:12+00:00,137,0.0,0.0,,,
2025-12-11T19:36:13+00:00,138,0.0,0.0,,,
2025-12-11T19:36:14+00:00,139,0.0,0.0,,,
2025-12-11T19:36:15+00:00,139,0.0,0.0,,,
2025-12-11T19:36:16+00:00,140,0.0,0.0,,,
2025-12-11T19:36:17+00:00,140,0.0,0.0,,,
2025-12-11T19:36:18+00:00,141,0.0,0.0,,,
2025-12-11T19:36:19+00:00,141,0.0,0.0,,,
2025-12-11T19:36:20+00:00,142,0.0,0.0,,,
2025-12-11T19:36:21+00:00,142,0.0,0.0,,,
2025-12-11T19:36:22+00:00,143,0.0,0.0,,,
2025-12-11T19:36:23+00:00,143,0.0,0.0,,,
2025-12-11T19:36:24+00:00,142,0.0,0.0,,,
2025-12-11T19:36:25+00:00,143,0.0,0.0,,,
2025-12-11T19:36:26+00:00,142,0.0,0.0,,,
2025-12-11T19:36:27+00:00,141,0.0,0.0,,,
2025-12-11T19:36:28+00:00,140,0.0,0.0,,,
2025-12-11T19:36:29+00:00,140,0.0,0.0,,,
2025-12-11T19:36:30+00:00,140,0.0,0.0,,,
2025-12-11T19:36:31+00:00,141,0.0,0.0,,,
2025-12-11T19:36:32+00:00,140,0.0,0.0,,,
2025-12-11T19:36:33+00:00,141,0.0,0.0,,,
2025-12-11T19:36:34+00:00,141,0.0,0.0,,,
2025-12-11T19:36:35+00:00,141,0.0,0.0,,,
2025-12-11T19:36:36+00:00,141,0.0,0.0,,,
2025-12-11T19:36:37+00:00,140,0.0,0.0,,,
2025-12-11T19:36:38+00:00,140,0.0,0.0,,,
2025-12-11T19:36:39+00:00,140,0.0,0.0,,,
2025-12-11T19:36:40+00:00,139,0.0,0.0,,,
2025-12-11T19:36:41+00:00,140,0.0,0.0,,,
2025-12-11T19:36:42+00:00,140,0.0,0.0,,,
2025-12-11T19:36:43+00:00,140,0.0,0.0,,,
2025-12-11T19:36:44+00:00,140,0.0,0.0,,,
2025-12-11T19:36:45+00:00,141,0.0,0.0,,,
2025-12-11T19:36:46+00:00,141,0.0,0.0,,,
2025-12-11T19:36:47+00:00,142,0.0,0.0,,,
2025-12-11T19:36:48+00:00,142,0.0,0.0,,,
2025-12-11T19:36:49+00:00,142,0.0,0.0,,,
2025-12-11T19:36:50+00:00,142,0.0,0.0,,,
2025-12-11T19:36:51+00:00,143,0.0,0.0,,,
2025-12-11T19:36:52+00:00,143,0.0,0.0,,,
2025-12-11T19:36:53+00:00,143,0.0,0.0,,,
2025-12-11T19:36:54+00:00,143,0.0,0.0,,,
2025-12-11T19:36:55+00:00,143,0.0,0.0,,,
2025-12-11T19:36:56+00:00,143,0.0,0.0,,,
2025-12-11T19:36:57+00:00,143,0.0,0.0,,,
2025-12-11T19:36:58+00:00,143,0.0,0.0,,,
2025-12-11T19:36:59+00:00,143,0.0,0.0,,,
2025-12-11T19:37:00+00:00,144,0.0,0.0,,,
2025-12-11T19:37:01+00:00,144,0.0,0.0,,,
2025-12-11T19:37:02+00:00,145,0.0,0.0,,,
2025-12-11T19:37:03+00:00,144,0.0,0.0,,,
2025-12-11T19:37:04+00:00,144,0.0,0.0,,,
2025-12-11T19:37:05+00:00,143,0.0,0.0,,,
2025-12-11T19:37:06+00:00,143,0.0,0.0,,,
2025-12-11T19:37:07+00:00,143,0.0,0.0,,,
2025-12-11T19:37:08+00:00,143,0.0,0.0,,,
2025-12-11T19:37:09+00:00,143,0.0,0.0,,,
2025-12-11T19:37:10+00:00,143,0.0,0.0,,,
2025-12-11T19:37:11+00:00,142,0.0,0.0,,,
2025-12-11T19:37:12+00:00,142,0.0,0.0,,,
2025-12-11T19:37:13+00:00,142,0.0,0.0,,,
2025-12-11T19:37:14+00:00,142,0.0,0.0,,,
2025-12-11T19:37:15+00:00,142,0.0,0.0,,,
2025-12-11T19:37:16+00:00,142,0.0,0.0,,,
2025-12-11T19:37:17+00:00,143,0.0,0.0,,,
2025-12-11T19:37:18+00:00,142,0.0,0.0,,,
2025-12-11T19:37:19+00:00,142,0.0,0.0,,,
2025-12-11T19:37:20+00:00,142,0.0,0.0,,,
2025-12-11T19:37:21+00:00,141,0.0,0.0,,,
2025-12-11T19:37:22+00:00,141,0.0,0.0,,,
2025-12-11T19:37:23+00:00,140,0.0,0.0,,,
2025-12-11T19:37:24+00:00,139,0.0,0.0,,,
2025-12-11T19:37:25+00:00,139,0.0,0.0,,,
2025-12-11T19:37:26+00:00,138,0.0,0.0,,,
2025-12-11T19:37:27+00:00,138,0.0,0.0,,,
2025-12-11T19:37:28+00:00,138,0.0,0.0,,,
2025-12-11T19:37:29+00:00,138,0.0,0.0,,,
2025-12-11T19:37:30+00:00,138,0.0,0.0,,,
2025-12-11T19:37:31+00:00,138,0.0,0.0,,,
2025-12-11T19:37:32+00:00,138,0.0,0.0,,,
2025-12-11T19:37:33+00:00,137,0.0,0.0,,,
2025-12-11T19:37:34+00:00,137,0.0,0.0,,,
2025-12-11T19:37:35+00:00,136,0.0,0.0,,,
2025-12-11T19:37:36+00:00,135,0.0,0.0,,,
2025-12-11T19:37:37+00:00,135,0.0,0.0,,,
2025-12-11T19:37:38+00:00,134,0.0,0.0,,,
2025-12-11T19:37:39+00:00,134,0.0,0.0,,,
2025-12-11T19:37:40+00:00,134,0.0,0.0,,,
2025-12-11T19:37:41+00:00,134,0.0,0.0,,,
2025-12-11T19:37:42+00:00,134,0.0,0.0,,,
2025-12-11T19:37:43+00:00,134,0.0,0.0,,,
2025-12-11T19:37:44+00:00,134,0.0,0.0,,,
2025-12-11T19:37:45+00:00,135,0.0,0.0,,,
2025-12-11T19:37:46+00:00,135,0.0,0.0,,,
2025-12-11T19:37:47+00:00,134,0.0,0.0,,,
2025-12-11T19:37:48+00:00,135,0.0,0.0,,,
2025-12-11T19:37:49+00:00,135,0.0,0.0,,,
2025-12-11T19:37:50+00:00,135,0.0,0.0,,,
2025-12-11T19:37:51+00:00,135,0.0,0.0,,,
2025-12-11T19:37:52+00:00,136,0.0,0.0,,,
2025-12-11T19:37:53+00:00,136,0.0,0.0,,,
2025-12-11T19:37:54+00:00,136,0.0,0.0,,,
2025-12-11T19:37:55+00:00,138,0.0,0.0,,,
2025-12-11T19:37:56+00:00,140,0.0,0.0,,,
2025-12-11T19:37:57+00:00,141,0.0,0.0,,,
2025-12-11T19:37:58+00:00,142,0.0,0.0,,,
2025-12-11T19:37:59+00:00,142,0.0,0.0,,,
2025-12-11T19:38:03+00:00,141,0.0,0.0,,,
2025-12-11T19:38:07+00:00,140,0.0,0.0,,,
2025-12-11T19:38:09+00:00,141,0.0,0.0,,,
2025-12-11T19:38:10+00:00,143,0.0,0.0,,,
2025-12-11T19:38:11+00:00,145,0.0,0.0,,,
2025-12-11T19:38:12+00:00,147,0.0,0.0,,,
2025-12-11T19:38:13+00:00,148,0.0,0.0,,,
2025-12-11T19:38:17+00:00,147,0.0,0.0,,,
2025-12-11T19:38:18+00:00,145,0.0,0.0,,,
2025-12-11T19:38:19+00:00,142,0.0,0.0,,,
2025-12-11T19:38:20+00:00,142,0.0,0.0,,,
2025-12-11T19:38:21+00:00,141,0.0,0.0,,,
2025-12-11T19:38:22+00:00,140,0.0,0.0,,,
2025-12-11T19:38:23+00:00,138,0.0,0.0,,,
2025-12-11T19:38:24+00:00,137,0.0,0.0,,,
2025-12-11T19:38:25+00:00,136,0.0,0.0,,,
2025-12-11T19:38:26+00:00,134,0.0,0.0,,,
2025-12-11T19:38:27+00:00,133,0.0,0.0,,,
2025-12-11T19:38:28+00:00,132,0.0,0.0,,,
2025-12-11T19:38:29+00:00,131,0.0,0.0,,,
2025-12-11T19:38:37+00:00,130,0.0,0.0,,,
2025-12-11T19:38:42+00:00,129,0.0,0.0,,,
2025-12-11T19:38:43+00:00,128,0.0,0.0,,,
2025-12-11T19:38:44+00:00,127,0.0,0.0,,,
2025-12-11T19:38:45+00:00,126,0.0,0.0,,,
2025-12-11T19:38:46+00:00,125,0.0,0.0,,,
2025-12-11T19:38:52+00:00,124,0.0,0.0,,,
2025-12-11T19:38:54+00:00,123,0.0,0.0,,,
2025-12-11T19:38:57+00:00,122,0.0,0.0,,,
2025-12-11T19:39:01+00:00,121,0.0,0.0,,,
2025-12-11T19:39:05+00:00,120,0.0,0.0,,,
2025-12-11T19:39:10+00:00,119,0.0,0.0,,,
2025-12-11T19:39:12+00:00,118,0.0,0.0,,,
2025-12-11T19:39:13+00:00,117,0.0,0.0,,,
2025-12-11T19:39:14+00:00,116,0.0,0.0,,,
2025-12-11T19:39:15+00:00,109,0.0,0.0,,,
2025-12-11T19:39:16+00:00,105,0.0,0.0,,,
2025-12-11T19:39:17+00:00,104,0.0,0.0,,,
2025-12-11T19:39:18+00:00,103,0.0,0.0,,,
2025-12-11T19:39:19+00:00,104,0.0,0.0,,,
2025-12-11T19:39:22+00:00,105,0.0,0.0,,,
2025-12-11T19:39:24+00:00,106,0.0,0.0,,,
2025-12-11T19:39:25+00:00,107,0.0,0.0,,,
2025-12-11T19:39:26+00:00,108,0.0,0.0,,,
2025-12-11T19:39:27+00:00,109,0.0,0.0,,,
2025-12-11T19:39:30+00:00,108,0.0,0.0,,,
2025-12-11T19:39:33+00:00,106,0.0,0.0,,,
2025-12-11T19:39:36+00:00,107,0.0,0.0,,,
2025-12-11T19:39:43+00:00,108,0.0,0.0,,,
2025-12-11T19:39:44+00:00,109,0.0,0.0,,,
2025-12-11T19:39:45+00:00,108,0.0,0.0,,,
2025-12-11T19:39:46+00:00,109,0.0,0.0,,,
2025-12-11T19:39:47+00:00,111,0.0,0.0,,,
2025-12-11T19:39:49+00:00,110,0.0,0.0,,,
2025-12-11T19:39:50+00:00,111,0.0,0.0,,,
2025-12-11T19:39:51+00:00,110,0.0,0.0,,,
2025-12-11T19:39:52+00:00,109,0.0,0.0,,,
2025-12-11T19:39:53+00:00,108,0.0,0.0,,,
2025-12-11T19:39:54+00:00,107,0.0,0.0,,,
2025-12-11T19:39:55+00:00,106,0.0,0.0,,,
2025-12-11T19:39:56+00:00,105,0.0,0.0,,,
2025-12-11T19:39:57+00:00,104,0.0,0.0,,,
2025-12-11T19:40:03+00:00,105,0.0,0.0,,,
2025-12-11T19:40:04+00:00,107,0.0,0.0,,,
2025-12-11T19:40:07+00:00,106,0.0,0.0,,,
2025-12-11T19:40:09+00:00,102,0.0,0.0,,,
2025-12-11T19:40:10+00:00,101,0.0,0.0,,,
2025-12-11T19:40:14+00:00,102,0.0,0.0,,,
2025-12-11T19:40:15+00:00,103,0.0,0.0,,,
2025-12-11T19:40:16+00:00,104,0.0,0.0,,,
2025-12-11T19:40:18+00:00,105,0.0,0.0,,,
2025-12-11T19:40:22+00:00,104,0.0,0.0,,,
2025-12-11T19:40:24+00:00,103,0.0,0.0,,,
2025-12-11T19:40:27+00:00,102,0.0,0.0,,,
2025-12-11T19:40:28+00:00,101,0.0,0.0,,,
2025-12-11T19:40:29+00:00,100,0.0,0.0,,,
2025-12-11T19:40:35+00:00,103,0.0,0.0,,,
2025-12-11T19:40:36+00:00,104,0.0,0.0,,,
2025-12-11T19:40:39+00:00,103,0.0,0.0,,,
2025-12-11T19:40:41+00:00,102,0.0,0.0,,,
2025-12-11T19:40:42+00:00,101,0.0,0.0,,,
2025-12-11T19:40:43+00:00,98,0.0,0.0,,,
2025-12-11T19:40:44+00:00,96,0.0,0.0,,,
2025-12-11T19:40:45+00:00,97,0.0,0.0,,,
2025-12-11T19:40:46+00:00,98,0.0,0.0,,,
2025-12-11T19:40:47+00:00,99,0.0,0.0,,,
2025-12-11T19:40:49+00:00,100,0.0,0.0,,,
2025-12-11T19:40:51+00:00,101,0.0,0.0,,,
2025-12-11T19:40:55+00:00,100,0.0,0.0,,,
2025-12-11T19:40:57+00:00,99,0.0,0.0,,,
2025-12-11T19:40:59+00:00,100,0.0,0.0,,,
2025-12-11T19:41:01+00:00,101,0.0,0.0,,,
2025-12-11T19:41:02+00:00,100,0.0,0.0,,,
2025-12-11T19:41:03+00:00,100,0.0,0.0,,,
2025-12-11T19:41:04+00:00,101,0.0,0.0,,,
2025-12-11T19:41:05+00:00,102,0.0,0.0,,,
2025-12-11T19:41:06+00:00,103,0.0,0.0,,,
2025-12-11T19:41:07+00:00,104,0.0,0.0,,,
2025-12-11T19:41:08+00:00,105,0.0,0.0,,,
2025-12-11T19:41:09+00:00,107,0.0,0.0,,,
2025-12-11T19:41:10+00:00,108,0.0,0.0,,,
2025-12-11T19:41:11+00:00,109,0.0,0.0,,,
2025-12-11T19:41:12+00:00,110,0.0,0.0,,,
2025-12-11T19:41:13+00:00,111,0.0,0.0,,,
2025-12-11T19:41:14+00:00,112,0.0,0.0,,,
2025-12-11T19:41:15+00:00,113,0.0,0.0,,,
2025-12-11T19:41:16+00:00,114,0.0,0.0,,,
2025-12-11T19:41:17+00:00,115,0.0,0.0,,,
2025-12-11T19:41:18+00:00,117,0.0,0.0,,,
2025-12-11T19:41:19+00:00,118,0.0,0.0,,,
2025-12-11T19:41:20+00:00,120,0.0,0.0,,,
2025-12-11T19:41:21+00:00,121,0.0,0.0,,,
2025-12-11T19:41:22+00:00,121,0.0,0.0,,,
2025-12-11T19:41:23+00:00,122,0.0,0.0,,,
2025-12-11T19:41:24+00:00,122,0.0,0.0,,,
2025-12-11T19:41:25+00:00,122,0.0,0.0,,,
2025-12-11T19:41:26+00:00,118,0.0,0.0,,,
2025-12-11T19:41:27+00:00,117,0.0,0.0,,,
2025-12-11T19:41:28+00:00,117,0.0,0.0,,,
2025-12-11T19:41:29+00:00,118,0.0,0.0,,,
2025-12-11T19:41:30+00:00,119,0.0,0.0,,,
2025-12-11T19:41:31+00:00,119,0.0,0.0,,,
2025-12-11T19:41:32+00:00,120,0.0,0.0,,,
2025-12-11T19:41:33+00:00,119,0.0,0.0,,,
2025-12-11T19:41:34+00:00,120,0.0,0.0,,,
2025-12-11T19:41:35+00:00,120,0.0,0.0,,,
2025-12-11T19:41:36+00:00,121,0.0,0.0,,,
2025-12-11T19:41:37+00:00,121,0.0,0.0,,,
2025-12-11T19:41:38+00:00,125,0.0,0.0,,,
2025-12-11T19:41:39+00:00,127,0.0,0.0,,,
2025-12-11T19:41:43+00:00,128,0.0,0.0,,,
2025-12-11T19:41:44+00:00,127,0.0,0.0,,,
2025-12-11T19:41:45+00:00,128,0.0,0.0,,,
2025-12-11T19:41:46+00:00,127,0.0,0.0,,,
2025-12-11T19:41:49+00:00,126,0.0,0.0,,,
2025-12-11T19:41:51+00:00,125,0.0,0.0,,,
2025-12-11T19:41:53+00:00,124,0.0,0.0,,,
2025-12-11T19:41:54+00:00,122,0.0,0.0,,,
2025-12-11T19:41:56+00:00,121,0.0,0.0,,,
2025-12-11T19:41:57+00:00,120,0.0,0.0,,,
2025-12-11T19:41:58+00:00,119,0.0,0.0,,,
2025-12-11T19:41:59+00:00,118,0.0,0.0,,,
2025-12-11T19:42:01+00:00,117,0.0,0.0,,,
2025-12-11T19:42:04+00:00,116,0.0,0.0,,,
2025-12-11T19:42:06+00:00,115,0.0,0.0,,,
2025-12-11T19:42:07+00:00,114,0.0,0.0,,,
2025-12-11T19:42:08+00:00,115,0.0,0.0,,,
2025-12-11T19:42:09+00:00,115,0.0,0.0,,,
2025-12-11T19:42:10+00:00,115,0.0,0.0,,,
2025-12-11T19:42:11+00:00,116,0.0,0.0,,,
2025-12-11T19:42:12+00:00,120,0.0,0.0,,,
2025-12-11T19:42:13+00:00,124,0.0,0.0,,,
2025-12-11T19:42:14+00:00,129,0.0,0.0,,,
2025-12-11T19:42:15+00:00,129,0.0,0.0,,,
2025-12-11T19:42:16+00:00,130,0.0,0.0,,,
2025-12-11T19:42:17+00:00,130,0.0,0.0,,,
2025-12-11T19:42:18+00:00,130,0.0,0.0,,,
2025-12-11T19:42:19+00:00,130,0.0,0.0,,,
2025-12-11T19:42:20+00:00,131,0.0,0.0,,,
2025-12-11T19:42:21+00:00,131,0.0,0.0,,,
2025-12-11T19:42:22+00:00,131,0.0,0.0,,,
2025-12-11T19:42:23+00:00,132,0.0,0.0,,,
2025-12-11T19:42:24+00:00,130,0.0,0.0,,,
2025-12-11T19:42:25+00:00,126,0.0,0.0,,,
2025-12-11T19:42:26+00:00,124,0.0,0.0,,,
2025-12-11T19:42:27+00:00,123,0.0,0.0,,,
2025-12-11T19:42:28+00:00,123,0.0,0.0,,,
2025-12-11T19:42:29+00:00,122,0.0,0.0,,,
2025-12-11T19:42:30+00:00,123,0.0,0.0,,,
2025-12-11T19:42:31+00:00,123,0.0,0.0,,,
2025-12-11T19:42:32+00:00,122,0.0,0.0,,,
2025-12-11T19:42:33+00:00,122,0.0,0.0,,,
2025-12-11T19:42:34+00:00,121,0.0,0.0,,,
2025-12-11T19:42:35+00:00,120,0.0,0.0,,,
2025-12-11T19:42:36+00:00,121,0.0,0.0,,,
2025-12-11T19:42:37+00:00,121,0.0,0.0,,,
2025-12-11T19:42:38+00:00,122,0.0,0.0,,,
2025-12-11T19:42:39+00:00,123,0.0,0.0,,,
2025-12-11T19:42:40+00:00,123,0.0,0.0,,,
2025-12-11T19:42:41+00:00,123,0.0,0.0,,,
2025-12-11T19:42:42+00:00,123,0.0,0.0,,,
2025-12-11T19:42:43+00:00,124,0.0,0.0,,,
2025-12-11T19:42:44+00:00,124,0.0,0.0,,,
2025-12-11T19:42:45+00:00,125,0.0,0.0,,,
2025-12-11T19:42:46+00:00,125,0.0,0.0,,,
2025-12-11T19:42:47+00:00,126,0.0,0.0,,,
2025-12-11T19:42:48+00:00,125,0.0,0.0,,,
2025-12-11T19:42:49+00:00,123,0.0,0.0,,,
2025-12-11T19:42:50+00:00,121,0.0,0.0,,,
2025-12-11T19:42:51+00:00,123,0.0,0.0,,,
2025-12-11T19:42:52+00:00,125,0.0,0.0,,,
2025-12-11T19:42:53+00:00,126,0.0,0.0,,,
2025-12-11T19:42:54+00:00,127,0.0,0.0,,,
2025-12-11T19:42:55+00:00,127,0.0,0.0,,,
2025-12-11T19:42:56+00:00,126,0.0,0.0,,,
2025-12-11T19:42:57+00:00,126,0.0,0.0,,,
2025-12-11T19:42:58+00:00,125,0.0,0.0,,,
2025-12-11T19:42:59+00:00,124,0.0,0.0,,,
2025-12-11T19:43:00+00:00,124,0.0,0.0,,,
2025-12-11T19:43:01+00:00,124,0.0,0.0,,,
2025-12-11T19:43:02+00:00,124,0.0,0.0,,,
2025-12-11T19:43:03+00:00,123,0.0,0.0,,,
2025-12-11T19:43:04+00:00,124,0.0,0.0,,,
2025-12-11T19:43:05+00:00,123,0.0,0.0,,,
2025-12-11T19:43:06+00:00,123,0.0,0.0,,,
2025-12-11T19:43:07+00:00,122,0.0,0.0,,,
2025-12-11T19:43:08+00:00,122,0.0,0.0,,,
2025-12-11T19:43:09+00:00,122,0.0,0.0,,,
2025-12-11T19:43:10+00:00,121,0.0,0.0,,,
2025-12-11T19:43:11+00:00,121,0.0,0.0,,,
2025-12-11T19:43:12+00:00,121,0.0,0.0,,,
2025-12-11T19:43:13+00:00,118,0.0,0.0,,,
2025-12-11T19:43:14+00:00,116,0.0,0.0,,,
2025-12-11T19:43:15+00:00,109,0.0,0.0,,,
2025-12-11T19:43:16+00:00,106,0.0,0.0,,,
2025-12-11T19:43:17+00:00,105,0.0,0.0,,,
2025-12-11T19:43:18+00:00,106,0.0,0.0,,,
2025-12-11T19:43:19+00:00,106,0.0,0.0,,,
2025-12-11T19:43:20+00:00,106,0.0,0.0,,,
2025-12-11T19:43:21+00:00,107,0.0,0.0,,,
2025-12-11T19:43:22+00:00,106,0.0,0.0,,,
2025-12-11T19:43:23+00:00,106,0.0,0.0,,,
2025-12-11T19:43:24+00:00,106,0.0,0.0,,,
2025-12-11T19:43:25+00:00,105,0.0,0.0,,,
2025-12-11T19:43:26+00:00,105,0.0,0.0,,,
2025-12-11T19:43:27+00:00,104,0.0,0.0,,,
2025-12-11T19:43:28+00:00,103,0.0,0.0,,,
2025-12-11T19:43:29+00:00,102,0.0,0.0,,,
2025-12-11T19:43:30+00:00,101,0.0,0.0,,,
2025-12-11T19:43:31+00:00,101,0.0,0.0,,,
2025-12-11T19:43:32+00:00,100,0.0,0.0,,,
2025-12-11T19:43:33+00:00,100,0.0,0.0,,,
2025-12-11T19:43:34+00:00,100,0.0,0.0,,,
2025-12-11T19:43:35+00:00,100,0.0,0.0,,,
2025-12-11T19:43:36+00:00,99,0.0,0.0,,,
2025-12-11T19:43:37+00:00,99,0.0,0.0,,,
2025-12-11T19:43:38+00:00,98,0.0,0.0,,,
2025-12-11T19:43:39+00:00,98,0.0,0.0,,,
2025-12-11T19:43:40+00:00,97,0.0,0.0,,,
2025-12-11T19:43:41+00:00,96,0.0,0.0,,,
2025-12-11T19:43:42+00:00,96,0.0,0.0,,,
2025-12-11T19:43:43+00:00,97,0.0,0.0,,,
2025-12-11T19:43:44+00:00,97,0.0,0.0,,,
2025-12-11T19:43:45+00:00,99,0.0,0.0,,,
2025-12-11T19:43:46+00:00,99,0.0,0.0,,,
2025-12-11T19:43:47+00:00,100,0.0,0.0,,,
2025-12-11T19:43:48+00:00,102,0.0,0.0,,,
2025-12-11T19:43:49+00:00,104,0.0,0.0,,,
2025-12-11T19:43:50+00:00,105,0.0,0.0,,,
2025-12-11T19:43:51+00:00,106,0.0,0.0,,,
2025-12-11T19:43:52+00:00,108,0.0,0.0,,,
2025-12-11T19:43:53+00:00,110,0.0,0.0,,,
2025-12-11T19:43:54+00:00,111,0.0,0.0,,,
2025-12-11T19:43:55+00:00,112,0.0,0.0,,,
2025-12-11T19:43:56+00:00,112,0.0,0.0,,,
2025-12-11T19:43:57+00:00,113,0.0,0.0,,,
2025-12-11T19:43:58+00:00,113,0.0,0.0,,,
2025-12-11T19:43:59+00:00,114,0.0,0.0,,,
2025-12-11T19:44:00+00:00,114,0.0,0.0,,,
2025-12-11T19:44:09+00:00,113,0.0,0.0,,,
2025-12-11T19:44:10+00:00,114,0.0,0.0,,,
2025-12-11T19:44:11+00:00,113,0.0,0.0,,,
2025-12-11T19:44:16+00:00,114,0.0,0.0,,,
2025-12-11T19:44:17+00:00,113,0.0,0.0,,,
2025-12-11T19:44:18+00:00,112,0.0,0.0,,,
2025-12-11T19:44:21+00:00,114,0.0,0.0,,,
2025-12-11T19:44:22+00:00,118,0.0,0.0,,,
2025-12-11T19:44:23+00:00,144,0.0,0.0,,,
2025-12-11T19:44:24+00:00,154,0.0,0.0,,,
2025-12-11T19:44:25+00:00,155,0.0,0.0,,,
2025-12-11T19:44:26+00:00,154,0.0,0.0,,,
2025-12-11T19:44:27+00:00,153,0.0,0.0,,,
2025-12-11T19:44:28+00:00,152,0.0,0.0,,,
2025-12-11T19:44:29+00:00,151,0.0,0.0,,,
2025-12-11T19:44:32+00:00,152,0.0,0.0,,,
2025-12-11T19:44:39+00:00,153,0.0,0.0,,,
2025-12-11T19:44:40+00:00,152,0.0,0.0,,,
2025-12-11T19:44:46+00:00,151,0.0,0.0,,,
2025-12-11T19:44:49+00:00,150,0.0,0.0,,,
2025-12-11T19:44:55+00:00,149,0.0,0.0,,,
2025-12-11T19:44:56+00:00,148,0.0,0.0,,,
2025-12-11T19:44:57+00:00,147,0.0,0.0,,,
2025-12-11T19:44:58+00:00,144,0.0,0.0,,,
2025-12-11T19:44:59+00:00,137,0.0,0.0,,,
2025-12-11T19:45:00+00:00,128,0.0,0.0,,,
2025-12-11T19:45:01+00:00,123,0.0,0.0,,,
2025-12-11T19:45:02+00:00,121,0.0,0.0,,,
2025-12-11T19:45:03+00:00,120,0.0,0.0,,,
2025-12-11T19:45:04+00:00,118,0.0,0.0,,,
2025-12-11T19:45:06+00:00,117,0.0,0.0,,,
2025-12-11T19:45:11+00:00,116,0.0,0.0,,,
2025-12-11T19:45:14+00:00,115,0.0,0.0,,,
2025-12-11T19:45:15+00:00,116,0.0,0.0,,,
2025-12-11T19:45:21+00:00,115,0.0,0.0,,,
2025-12-11T19:45:22+00:00,116,0.0,0.0,,,
2025-12-11T19:45:25+00:00,115,0.0,0.0,,,
2025-12-11T19:45:26+00:00,116,0.0,0.0,,,
2025-12-11T19:45:29+00:00,115,0.0,0.0,,,
2025-12-11T19:45:30+00:00,114,0.0,0.0,,,
2025-12-11T19:45:32+00:00,113,0.0,0.0,,,
2025-12-11T19:45:35+00:00,112,0.0,0.0,,,
2025-12-11T19:45:37+00:00,111,0.0,0.0,,,
2025-12-11T19:45:39+00:00,110,0.0,0.0,,,
2025-12-11T19:45:41+00:00,109,0.0,0.0,,,
2025-12-11T19:45:43+00:00,108,0.0,0.0,,,
2025-12-11T19:45:44+00:00,107,0.0,0.0,,,
2025-12-11T19:45:45+00:00,106,0.0,0.0,,,
2025-12-11T19:45:46+00:00,104,0.0,0.0,,,
2025-12-11T19:45:53+00:00,105,0.0,0.0,,,
2025-12-11T19:45:55+00:00,104,0.0,0.0,,,
2025-12-11T19:46:04+00:00,105,0.0,0.0,,,
2025-12-11T19:46:05+00:00,104,0.0,0.0,,,
2025-12-11T19:46:08+00:00,105,0.0,0.0,,,
2025-12-11T19:46:12+00:00,106,0.0,0.0,,,
2025-12-11T19:46:14+00:00,107,0.0,0.0,,,
2025-12-11T19:46:16+00:00,108,0.0,0.0,,,
2025-12-11T19:46:20+00:00,109,0.0,0.0,,,
2025-12-11T19:46:23+00:00,108,0.0,0.0,,,
2025-12-11T19:46:27+00:00,107,0.0,0.0,,,
2025-12-11T19:46:29+00:00,106,0.0,0.0,,,
2025-12-11T19:46:30+00:00,105,0.0,0.0,,,
2025-12-11T19:46:31+00:00,104,0.0,0.0,,,
2025-12-11T19:46:34+00:00,103,0.0,0.0,,,
2025-12-11T19:46:35+00:00,102,0.0,0.0,,,
2025-12-11T19:46:36+00:00,100,0.0,0.0,,,
2025-12-11T19:46:37+00:00,99,0.0,0.0,,,
2025-12-11T19:46:42+00:00,98,0.0,0.0,,,
2025-12-11T19:46:43+00:00,99,0.0,0.0,,,
2025-12-11T19:46:46+00:00,100,0.0,0.0,,,
2025-12-11T19:46:49+00:00,103,0.0,0.0,,,
2025-12-11T19:46:50+00:00,104,0.0,0.0,,,
2025-12-11T19:46:51+00:00,103,0.0,0.0,,,
2025-12-11T19:46:52+00:00,104,0.0,0.0,,,
2025-12-11T19:46:54+00:00,105,0.0,0.0,,,
2025-12-11T19:47:03+00:00,104,0.0,0.0,,,
2025-12-11T19:47:04+00:00,105,0.0,0.0,,,
2025-12-11T19:47:05+00:00,104,0.0,0.0,,,
2025-12-11T19:47:06+00:00,102,0.0,0.0,,,
2025-12-11T19:47:08+00:00,101,0.0,0.0,,,
2025-12-11T19:47:10+00:00,100,0.0,0.0,,,
2025-12-11T19:47:13+00:00,99,0.0,0.0,,,
2025-12-11T19:47:15+00:00,98,0.0,0.0,,,
2025-12-11T19:47:17+00:00,99,0.0,0.0,,,
2025-12-11T19:47:18+00:00,100,0.0,0.0,,,
2025-12-11T19:47:20+00:00,101,0.0,0.0,,,
2025-12-11T19:47:21+00:00,102,0.0,0.0,,,
2025-12-11T19:47:23+00:00,104,0.0,0.0,,,
2025-12-11T19:47:24+00:00,106,0.0,0.0,,,
2025-12-11T19:47:25+00:00,107,0.0,0.0,,,
2025-12-11T19:47:26+00:00,109,0.0,0.0,,,
2025-12-11T19:47:27+00:00,110,0.0,0.0,,,
2025-12-11T19:47:28+00:00,112,0.0,0.0,,,
2025-12-11T19:47:29+00:00,113,0.0,0.0,,,
2025-12-11T19:47:30+00:00,114,0.0,0.0,,,
2025-12-11T19:47:31+00:00,114,0.0,0.0,,,
2025-12-11T19:47:32+00:00,116,0.0,0.0,,,
2025-12-11T19:47:33+00:00,116,0.0,0.0,,,
2025-12-11T19:47:34+00:00,117,0.0,0.0,,,
2025-12-11T19:47:35+00:00,118,0.0,0.0,,,
2025-12-11T19:47:36+00:00,118,0.0,0.0,,,
2025-12-11T19:47:37+00:00,118,0.0,0.0,,,
2025-12-11T19:47:38+00:00,119,0.0,0.0,,,
2025-12-11T19:47:39+00:00,119,0.0,0.0,,,
2025-12-11T19:47:40+00:00,119,0.0,0.0,,,
2025-12-11T19:47:41+00:00,120,0.0,0.0,,,
2025-12-11T19:47:42+00:00,121,0.0,0.0,,,
2025-12-11T19:47:43+00:00,122,0.0,0.0,,,
2025-12-11T19:47:44+00:00,122,0.0,0.0,,,
2025-12-11T19:47:45+00:00,122,0.0,0.0,,,
2025-12-11T19:47:46+00:00,122,0.0,0.0,,,
2025-12-11T19:47:47+00:00,122,0.0,0.0,,,
2025-12-11T19:47:48+00:00,122,0.0,0.0,,,
2025-12-11T19:47:49+00:00,121,0.0,0.0,,,
2025-12-11T19:47:50+00:00,121,0.0,0.0,,,
2025-12-11T19:47:51+00:00,120,0.0,0.0,,,
2025-12-11T19:47:52+00:00,120,0.0,0.0,,,
2025-12-11T19:47:53+00:00,119,0.0,0.0,,,
2025-12-11T19:47:54+00:00,120,0.0,0.0,,,
2025-12-11T19:47:55+00:00,119,0.0,0.0,,,
2025-12-11T19:47:56+00:00,119,0.0,0.0,,,
2025-12-11T19:47:57+00:00,118,0.0,0.0,,,
2025-12-11T19:47:58+00:00,116,0.0,0.0,,,
2025-12-11T19:47:59+00:00,113,0.0,0.0,,,
2025-12-11T19:48:00+00:00,111,0.0,0.0,,,
2025-12-11T19:48:01+00:00,110,0.0,0.0,,,
2025-12-11T19:48:02+00:00,110,0.0,0.0,,,
2025-12-11T19:48:03+00:00,110,0.0,0.0,,,
2025-12-11T19:48:04+00:00,110,0.0,0.0,,,
2025-12-11T19:48:05+00:00,110,0.0,0.0,,,
2025-12-11T19:48:06+00:00,110,0.0,0.0,,,
2025-12-11T19:48:07+00:00,110,0.0,0.0,,,
2025-12-11T19:48:08+00:00,111,0.0,0.0,,,
2025-12-11T19:48:09+00:00,110,0.0,0.0,,,
2025-12-11T19:48:10+00:00,110,0.0,0.0,,,
2025-12-11T19:48:11+00:00,111,0.0,0.0,,,
2025-12-11T19:48:12+00:00,111,0.0,0.0,,,
2025-12-11T19:48:13+00:00,111,0.0,0.0,,,
2025-12-11T19:48:14+00:00,111,0.0,0.0,,,
2025-12-11T19:48:15+00:00,112,0.0,0.0,,,
2025-12-11T19:48:16+00:00,112,0.0,0.0,,,
2025-12-11T19:48:17+00:00,112,0.0,0.0,,,
2025-12-11T19:48:18+00:00,112,0.0,0.0,,,
2025-12-11T19:48:19+00:00,113,0.0,0.0,,,
2025-12-11T19:48:21+00:00,114,0.0,0.0,,,
2025-12-11T19:48:22+00:00,118,0.0,0.0,,,
2025-12-11T19:48:23+00:00,123,0.0,0.0,,,
2025-12-11T19:48:24+00:00,124,0.0,0.0,,,
2025-12-11T19:48:25+00:00,123,0.0,0.0,,,
2025-12-11T19:48:29+00:00,122,0.0,0.0,,,
2025-12-11T19:48:30+00:00,120,0.0,0.0,,,
2025-12-11T19:48:31+00:00,118,0.0,0.0,,,
2025-12-11T19:48:32+00:00,115,0.0,0.0,,,
2025-12-11T19:48:33+00:00,114,0.0,0.0,,,
2025-12-11T19:48:36+00:00,113,0.0,0.0,,,
2025-12-11T19:48:39+00:00,112,0.0,0.0,,,
2025-12-11T19:48:42+00:00,113,0.0,0.0,,,
2025-12-11T19:48:46+00:00,114,0.0,0.0,,,
2025-12-11T19:48:47+00:00,115,0.0,0.0,,,
2025-12-11T19:48:48+00:00,114,0.0,0.0,,,
2025-12-11T19:48:51+00:00,115,0.0,0.0,,,
2025-12-11T19:48:53+00:00,116,0.0,0.0,,,
2025-12-11T19:48:54+00:00,117,0.0,0.0,,,
2025-12-11T19:48:55+00:00,118,0.0,0.0,,,
2025-12-11T19:48:56+00:00,120,0.0,0.0,,,
2025-12-11T19:48:57+00:00,121,0.0,0.0,,,
2025-12-11T19:48:58+00:00,122,0.0,0.0,,,
2025-12-11T19:48:59+00:00,123,0.0,0.0,,,
2025-12-11T19:49:00+00:00,124,0.0,0.0,,,
2025-12-11T19:49:01+00:00,125,0.0,0.0,,,
2025-12-11T19:49:07+00:00,124,0.0,0.0,,,
2025-12-11T19:49:08+00:00,122,0.0,0.0,,,
2025-12-11T19:49:09+00:00,118,0.0,0.0,,,
2025-12-11T19:49:10+00:00,116,0.0,0.0,,,
2025-12-11T19:49:11+00:00,114,0.0,0.0,,,
2025-12-11T19:49:12+00:00,112,0.0,0.0,,,
2025-12-11T19:49:14+00:00,111,0.0,0.0,,,
2025-12-11T19:49:16+00:00,110,0.0,0.0,,,
2025-12-11T19:49:19+00:00,109,0.0,0.0,,,
2025-12-11T19:49:23+00:00,108,0.0,0.0,,,
2025-12-11T19:49:28+00:00,107,0.0,0.0,,,
2025-12-11T19:49:34+00:00,106,0.0,0.0,,,
2025-12-11T19:49:38+00:00,107,0.0,0.0,,,
2025-12-11T19:49:39+00:00,106,0.0,0.0,,,
2025-12-11T19:49:41+00:00,107,0.0,0.0,,,
2025-12-11T19:49:42+00:00,106,0.0,0.0,,,
2025-12-11T19:49:44+00:00,105,0.0,0.0,,,
2025-12-11T19:49:46+00:00,104,0.0,0.0,,,
2025-12-11T19:49:47+00:00,102,0.0,0.0,,,
2025-12-11T19:49:50+00:00,101,0.0,0.0,,,
2025-12-11T19:49:54+00:00,102,0.0,0.0,,,
2025-12-11T19:49:55+00:00,101,0.0,0.0,,,
2025-12-11T19:49:56+00:00,100,0.0,0.0,,,
2025-12-11T19:50:06+00:00,99,0.0,0.0,,,
2025-12-11T19:50:08+00:00,98,0.0,0.0,,,
2025-12-11T19:50:10+00:00,97,0.0,0.0,,,
2025-12-11T19:50:12+00:00,96,0.0,0.0,,,
2025-12-11T19:50:15+00:00,95,0.0,0.0,,,
2025-12-11T19:50:16+00:00,96,0.0,0.0,,,
2025-12-11T19:50:20+00:00,97,0.0,0.0,,,
2025-12-11T19:50:21+00:00,98,0.0,0.0,,,
2025-12-11T19:50:23+00:00,96,0.0,0.0,,,
2025-12-11T19:50:24+00:00,95,0.0,0.0,,,
2025-12-11T19:50:25+00:00,93,0.0,0.0,,,
2025-12-11T19:50:26+00:00,92,0.0,0.0,,,
2025-12-11T19:50:27+00:00,91,0.0,0.0,,,
2025-12-11T19:50:33+00:00,92,0.0,0.0,,,
2025-12-11T19:50:34+00:00,91,0.0,0.0,,,
2025-12-11T19:50:36+00:00,92,0.0,0.0,,,
2025-12-11T19:50:37+00:00,91,0.0,0.0,,,
2025-12-11T19:50:38+00:00,92,0.0,0.0,,,
2025-12-11T19:50:41+00:00,93,0.0,0.0,,,
2025-12-11T19:50:42+00:00,94,0.0,0.0,,,
2025-12-11T19:50:45+00:00,95,0.0,0.0,,,
2025-12-11T19:50:48+00:00,96,0.0,0.0,,,
2025-12-11T19:50:49+00:00,101,0.0,0.0,,,
2025-12-11T19:50:50+00:00,107,0.0,0.0,,,
2025-12-11T19:50:51+00:00,111,0.0,0.0,,,
2025-12-11T19:50:52+00:00,114,0.0,0.0,,,
2025-12-11T19:50:53+00:00,115,0.0,0.0,,,
2025-12-11T19:50:55+00:00,116,0.0,0.0,,,
2025-12-11T19:50:56+00:00,118,0.0,0.0,,,
2025-12-11T19:50:57+00:00,119,0.0,0.0,,,
2025-12-11T19:50:58+00:00,120,0.0,0.0,,,
2025-12-11T19:50:59+00:00,120,0.0,0.0,,,
2025-12-11T19:51:00+00:00,121,0.0,0.0,,,
2025-12-11T19:51:01+00:00,121,0.0,0.0,,,
2025-12-11T19:51:02+00:00,122,0.0,0.0,,,
2025-12-11T19:51:03+00:00,121,0.0,0.0,,,
2025-12-11T19:51:04+00:00,120,0.0,0.0,,,
2025-12-11T19:51:05+00:00,120,0.0,0.0,,,
2025-12-11T19:51:06+00:00,119,0.0,0.0,,,
2025-12-11T19:51:07+00:00,119,0.0,0.0,,,
2025-12-11T19:51:08+00:00,118,0.0,0.0,,,
2025-12-11T19:51:09+00:00,119,0.0,0.0,,,
2025-12-11T19:51:10+00:00,119,0.0,0.0,,,
2025-12-11T19:51:11+00:00,119,0.0,0.0,,,
2025-12-11T19:51:12+00:00,119,0.0,0.0,,,
2025-12-11T19:51:13+00:00,120,0.0,0.0,,,
2025-12-11T19:51:14+00:00,119,0.0,0.0,,,
2025-12-11T19:51:15+00:00,119,0.0,0.0,,,
2025-12-11T19:51:16+00:00,120,0.0,0.0,,,
2025-12-11T19:51:17+00:00,120,0.0,0.0,,,
2025-12-11T19:51:18+00:00,120,0.0,0.0,,,
2025-12-11T19:51:19+00:00,121,0.0,0.0,,,
2025-12-11T19:51:20+00:00,120,0.0,0.0,,,
2025-12-11T19:51:21+00:00,120,0.0,0.0,,,
2025-12-11T19:51:22+00:00,120,0.0,0.0,,,
2025-12-11T19:51:23+00:00,121,0.0,0.0,,,
2025-12-11T19:51:24+00:00,121,0.0,0.0,,,
2025-12-11T19:51:25+00:00,121,0.0,0.0,,,
2025-12-11T19:51:26+00:00,121,0.0,0.0,,,
2025-12-11T19:51:27+00:00,122,0.0,0.0,,,
2025-12-11T19:51:28+00:00,122,0.0,0.0,,,
2025-12-11T19:51:29+00:00,122,0.0,0.0,,,
2025-12-11T19:51:30+00:00,122,0.0,0.0,,,
2025-12-11T19:51:31+00:00,122,0.0,0.0,,,
2025-12-11T19:51:32+00:00,122,0.0,0.0,,,
2025-12-11T19:51:33+00:00,122,0.0,0.0,,,
2025-12-11T19:51:34+00:00,121,0.0,0.0,,,
2025-12-11T19:51:36+00:00,122,0.0,0.0,,,
2025-12-11T19:51:37+00:00,124,0.0,0.0,,,
2025-12-11T19:51:38+00:00,125,0.0,0.0,,,
2025-12-11T19:51:41+00:00,126,0.0,0.0,,,
2025-12-11T19:51:43+00:00,125,0.0,0.0,,,
2025-12-11T19:51:44+00:00,128,0.0,0.0,,,
2025-12-11T19:51:49+00:00,127,0.0,0.0,,,
2025-12-11T19:51:52+00:00,128,0.0,0.0,,,
2025-12-11T19:51:53+00:00,127,0.0,0.0,,,
2025-12-11T19:51:55+00:00,128,0.0,0.0,,,
2025-12-11T19:51:56+00:00,129,0.0,0.0,,,
2025-12-11T19:51:57+00:00,128,0.0,0.0,,,
2025-12-11T19:52:01+00:00,127,0.0,0.0,,,
2025-12-11T19:52:02+00:00,126,0.0,0.0,,,
2025-12-11T19:52:04+00:00,125,0.0,0.0,,,
2025-12-11T19:52:06+00:00,124,0.0,0.0,,,
2025-12-11T19:52:09+00:00,123,0.0,0.0,,,
2025-12-11T19:52:10+00:00,124,0.0,0.0,,,
2025-12-11T19:52:12+00:00,125,0.0,0.0,,,
2025-12-11T19:52:13+00:00,126,0.0,0.0,,,
2025-12-11T19:52:14+00:00,131,0.0,0.0,,,
2025-12-11T19:52:15+00:00,132,0.0,0.0,,,
2025-12-11T19:52:16+00:00,131,0.0,0.0,,,
2025-12-11T19:52:18+00:00,132,0.0,0.0,,,
2025-12-11T19:52:19+00:00,134,0.0,0.0,,,
2025-12-11T19:52:20+00:00,136,0.0,0.0,,,
2025-12-11T19:52:21+00:00,137,0.0,0.0,,,
2025-12-11T19:52:25+00:00,138,0.0,0.0,,,
2025-12-11T19:52:26+00:00,137,0.0,0.0,,,
2025-12-11T19:52:33+00:00,136,0.0,0.0,,,
2025-12-11T19:52:34+00:00,137,0.0,0.0,,,
2025-12-11T19:52:35+00:00,136,0.0,0.0,,,
2025-12-11T19:52:38+00:00,137,0.0,0.0,,,
2025-12-11T19:52:41+00:00,136,0.0,0.0,,,
2025-12-11T19:52:43+00:00,134,0.0,0.0,,,
2025-12-11T19:52:45+00:00,133,0.0,0.0,,,
2025-12-11T19:52:46+00:00,132,0.0,0.0,,,
2025-12-11T19:52:48+00:00,129,0.0,0.0,,,
2025-12-11T19:52:49+00:00,126,0.0,0.0,,,
2025-12-11T19:52:50+00:00,124,0.0,0.0,,,
2025-12-11T19:52:52+00:00,123,0.0,0.0,,,
2025-12-11T19:52:53+00:00,123,0.0,0.0,,,
2025-12-11T19:52:54+00:00,123,0.0,0.0,,,
2025-12-11T19:52:55+00:00,124,0.0,0.0,,,
2025-12-11T19:52:56+00:00,124,0.0,0.0,,,
2025-12-11T19:52:57+00:00,124,0.0,0.0,,,
2025-12-11T19:52:58+00:00,124,0.0,0.0,,,
2025-12-11T19:52:59+00:00,123,0.0,0.0,,,
2025-12-11T19:53:00+00:00,123,0.0,0.0,,,
2025-12-11T19:53:01+00:00,122,0.0,0.0,,,
2025-12-11T19:53:02+00:00,122,0.0,0.0,,,
2025-12-11T19:53:03+00:00,122,0.0,0.0,,,
2025-12-11T19:53:04+00:00,122,0.0,0.0,,,
2025-12-11T19:53:05+00:00,122,0.0,0.0,,,
2025-12-11T19:53:06+00:00,122,0.0,0.0,,,
2025-12-11T19:53:07+00:00,122,0.0,0.0,,,
2025-12-11T19:53:08+00:00,122,0.0,0.0,,,
2025-12-11T19:53:09+00:00,121,0.0,0.0,,,
2025-12-11T19:53:10+00:00,121,0.0,0.0,,,
2025-12-11T19:53:11+00:00,121,0.0,0.0,,,
2025-12-11T19:53:12+00:00,121,0.0,0.0,,,
2025-12-11T19:53:13+00:00,120,0.0,0.0,,,
2025-12-11T19:53:14+00:00,121,0.0,0.0,,,
2025-12-11T19:53:15+00:00,121,0.0,0.0,,,
2025-12-11T19:53:16+00:00,122,0.0,0.0,,,
2025-12-11T19:53:17+00:00,122,0.0,0.0,,,
2025-12-11T19:53:18+00:00,123,0.0,0.0,,,
2025-12-11T19:53:19+00:00,123,0.0,0.0,,,
2025-12-11T19:53:20+00:00,122,0.0,0.0,,,
2025-12-11T19:53:21+00:00,121,0.0,0.0,,,
2025-12-11T19:53:22+00:00,121,0.0,0.0,,,
2025-12-11T19:53:23+00:00,120,0.0,0.0,,,
2025-12-11T19:53:24+00:00,120,0.0,0.0,,,
2025-12-11T19:53:25+00:00,120,0.0,0.0,,,
2025-12-11T19:53:26+00:00,120,0.0,0.0,,,
2025-12-11T19:53:27+00:00,119,0.0,0.0,,,
2025-12-11T19:53:28+00:00,120,0.0,0.0,,,
2025-12-11T19:53:29+00:00,120,0.0,0.0,,,
2025-12-11T19:53:30+00:00,119,0.0,0.0,,,
2025-12-11T19:53:31+00:00,119,0.0,0.0,,,
2025-12-11T19:53:32+00:00,118,0.0,0.0,,,
2025-12-11T19:53:33+00:00,118,0.0,0.0,,,
2025-12-11T19:53:34+00:00,118,0.0,0.0,,,
2025-12-11T19:53:35+00:00,117,0.0,0.0,,,
2025-12-11T19:53:36+00:00,116,0.0,0.0,,,
2025-12-11T19:53:37+00:00,116,0.0,0.0,,,
2025-12-11T19:53:38+00:00,115,0.0,0.0,,,
2025-12-11T19:53:39+00:00,116,0.0,0.0,,,
2025-12-11T19:53:40+00:00,116,0.0,0.0,,,
2025-12-11T19:53:41+00:00,115,0.0,0.0,,,
2025-12-11T19:53:42+00:00,115,0.0,0.0,,,
2025-12-11T19:53:43+00:00,116,0.0,0.0,,,
2025-12-11T19:53:44+00:00,116,0.0,0.0,,,
2025-12-11T19:53:45+00:00,115,0.0,0.0,,,
2025-12-11T19:53:46+00:00,114,0.0,0.0,,,
2025-12-11T19:53:47+00:00,116,0.0,0.0,,,
2025-12-11T19:53:48+00:00,118,0.0,0.0,,,
2025-12-11T19:53:49+00:00,118,0.0,0.0,,,
2025-12-11T19:53:50+00:00,118,0.0,0.0,,,
2025-12-11T19:53:51+00:00,117,0.0,0.0,,,
2025-12-11T19:53:52+00:00,116,0.0,0.0,,,
2025-12-11T19:53:53+00:00,115,0.0,0.0,,,
2025-12-11T19:53:54+00:00,115,0.0,0.0,,,
2025-12-11T19:53:55+00:00,117,0.0,0.0,,,
2025-12-11T19:53:56+00:00,116,0.0,0.0,,,
2025-12-11T19:53:57+00:00,108,0.0,0.0,,,
2025-12-11T19:53:58+00:00,106,0.0,0.0,,,
2025-12-11T19:53:59+00:00,105,0.0,0.0,,,
2025-12-11T19:54:00+00:00,105,0.0,0.0,,,
2025-12-11T19:54:01+00:00,104,0.0,0.0,,,
2025-12-11T19:54:02+00:00,103,0.0,0.0,,,
2025-12-11T19:54:03+00:00,102,0.0,0.0,,,
2025-12-11T19:54:04+00:00,103,0.0,0.0,,,
2025-12-11T19:54:05+00:00,103,0.0,0.0,,,
2025-12-11T19:54:06+00:00,103,0.0,0.0,,,
2025-12-11T19:54:07+00:00,103,0.0,0.0,,,
2025-12-11T19:54:08+00:00,104,0.0,0.0,,,
2025-12-11T19:54:09+00:00,105,0.0,0.0,,,
2025-12-11T19:54:10+00:00,116,0.0,0.0,,,
2025-12-11T19:54:11+00:00,117,0.0,0.0,,,
2025-12-11T19:54:12+00:00,117,0.0,0.0,,,
2025-12-11T19:54:13+00:00,118,0.0,0.0,,,
2025-12-11T19:54:14+00:00,118,0.0,0.0,,,
2025-12-11T19:54:15+00:00,113,0.0,0.0,,,
2025-12-11T19:54:16+00:00,107,0.0,0.0,,,
2025-12-11T19:54:17+00:00,105,0.0,0.0,,,
2025-12-11T19:54:18+00:00,105,0.0,0.0,,,
2025-12-11T19:54:19+00:00,106,0.0,0.0,,,
2025-12-11T19:54:20+00:00,107,0.0,0.0,,,
2025-12-11T19:54:21+00:00,108,0.0,0.0,,,
2025-12-11T19:54:22+00:00,108,0.0,0.0,,,
2025-12-11T19:54:23+00:00,107,0.0,0.0,,,
2025-12-11T19:54:24+00:00,106,0.0,0.0,,,
2025-12-11T19:54:27+00:00,107,0.0,0.0,,,
2025-12-11T19:54:30+00:00,108,0.0,0.0,,,
2025-12-11T19:54:31+00:00,107,0.0,0.0,,,
2025-12-11T19:54:33+00:00,106,0.0,0.0,,,
2025-12-11T19:54:35+00:00,107,0.0,0.0,,,
2025-12-11T19:54:36+00:00,108,0.0,0.0,,,
2025-12-11T19:54:37+00:00,113,0.0,0.0,,,
2025-12-11T19:54:38+00:00,114,0.0,0.0,,,
2025-12-11T19:54:41+00:00,115,0.0,0.0,,,
2025-12-11T19:54:43+00:00,113,0.0,0.0,,,
2025-12-11T19:54:44+00:00,107,0.0,0.0,,,
2025-12-11T19:54:45+00:00,106,0.0,0.0,,,
2025-12-11T19:54:46+00:00,107,0.0,0.0,,,
2025-12-11T19:54:48+00:00,108,0.0,0.0,,,
2025-12-11T19:54:49+00:00,109,0.0,0.0,,,
2025-12-11T19:54:50+00:00,111,0.0,0.0,,,
2025-12-11T19:54:51+00:00,112,0.0,0.0,,,
2025-12-11T19:54:54+00:00,113,0.0,0.0,,,
2025-12-11T19:54:55+00:00,114,0.0,0.0,,,
2025-12-11T19:54:57+00:00,113,0.0,0.0,,,
2025-12-11T19:54:58+00:00,110,0.0,0.0,,,
2025-12-11T19:54:59+00:00,109,0.0,0.0,,,
2025-12-11T19:55:00+00:00,109,0.0,0.0,,,
2025-12-11T19:55:01+00:00,109,0.0,0.0,,,
2025-12-11T19:55:02+00:00,109,0.0,0.0,,,
2025-12-11T19:55:03+00:00,109,0.0,0.0,,,
2025-12-11T19:55:04+00:00,110,0.0,0.0,,,
2025-12-11T19:55:05+00:00,110,0.0,0.0,,,
2025-12-11T19:55:06+00:00,109,0.0,0.0,,,
2025-12-11T19:55:07+00:00,109,0.0,0.0,,,
2025-12-11T19:55:08+00:00,110,0.0,0.0,,,
2025-12-11T19:55:09+00:00,110,0.0,0.0,,,
2025-12-11T19:55:10+00:00,111,0.0,0.0,,,
2025-12-11T19:55:11+00:00,112,0.0,0.0,,,
2025-12-11T19:55:12+00:00,113,0.0,0.0,,,
2025-12-11T19:55:13+00:00,114,0.0,0.0,,,
2025-12-11T19:55:14+00:00,115,0.0,0.0,,,
2025-12-11T19:55:15+00:00,116,0.0,0.0,,,
2025-12-11T19:55:16+00:00,117,0.0,0.0,,,
2025-12-11T19:55:17+00:00,117,0.0,0.0,,,
2025-12-11T19:55:18+00:00,118,0.0,0.0,,,
2025-12-11T19:55:19+00:00,118,0.0,0.0,,,
2025-12-11T19:55:20+00:00,119,0.0,0.0,,,
2025-12-11T19:55:22+00:00,120,0.0,0.0,,,
2025-12-11T19:55:23+00:00,121,0.0,0.0,,,
2025-12-11T19:55:24+00:00,122,0.0,0.0,,,
2025-12-11T19:55:25+00:00,123,0.0,0.0,,,
2025-12-11T19:55:26+00:00,124,0.0,0.0,,,
2025-12-11T19:55:27+00:00,125,0.0,0.0,,,
2025-12-11T19:55:31+00:00,124,0.0,0.0,,,
2025-12-11T19:55:32+00:00,123,0.0,0.0,,,
2025-12-11T19:55:33+00:00,124,0.0,0.0,,,
2025-12-11T19:55:37+00:00,125,0.0,0.0,,,
2025-12-11T19:55:39+00:00,129,0.0,0.0,,,
2025-12-11T19:55:40+00:00,130,0.0,0.0,,,
2025-12-11T19:55:41+00:00,131,0.0,0.0,,,
2025-12-11T19:55:42+00:00,132,0.0,0.0,,,
2025-12-11T19:55:43+00:00,133,0.0,0.0,,,
2025-12-11T19:55:45+00:00,134,0.0,0.0,,,
2025-12-11T19:55:48+00:00,135,0.0,0.0,,,
2025-12-11T19:55:51+00:00,134,0.0,0.0,,,
2025-12-11T19:55:52+00:00,135,0.0,0.0,,,
2025-12-11T19:55:56+00:00,134,0.0,0.0,,,
2025-12-11T19:56:00+00:00,133,0.0,0.0,,,
2025-12-11T19:56:02+00:00,132,0.0,0.0,,,
2025-12-11T19:56:03+00:00,131,0.0,0.0,,,
2025-12-11T19:56:05+00:00,130,0.0,0.0,,,
2025-12-11T19:56:06+00:00,129,0.0,0.0,,,
2025-12-11T19:56:07+00:00,127,0.0,0.0,,,
2025-12-11T19:56:08+00:00,124,0.0,0.0,,,
2025-12-11T19:56:09+00:00,119,0.0,0.0,,,
2025-12-11T19:56:10+00:00,111,0.0,0.0,,,
2025-12-11T19:56:11+00:00,109,0.0,0.0,,,
2025-12-11T19:56:12+00:00,107,0.0,0.0,,,
2025-12-11T19:56:15+00:00,106,0.0,0.0,,,
2025-12-11T19:56:22+00:00,103,0.0,0.0,,,
2025-12-11T19:56:23+00:00,101,0.0,0.0,,,
2025-12-11T19:56:24+00:00,99,0.0,0.0,,,
2025-12-11T19:56:25+00:00,97,0.0,0.0,,,
2025-12-11T19:56:26+00:00,96,0.0,0.0,,,
2025-12-11T19:56:27+00:00,95,0.0,0.0,,,
2025-12-11T19:56:28+00:00,94,0.0,0.0,,,
2025-12-11T19:56:31+00:00,95,0.0,0.0,,,
2025-12-11T19:56:32+00:00,98,0.0,0.0,,,
2025-12-11T19:56:33+00:00,103,0.0,0.0,,,
2025-12-11T19:56:34+00:00,103,0.0,0.0,,,
2025-12-11T19:56:35+00:00,102,0.0,0.0,,,
2025-12-11T19:56:36+00:00,101,0.0,0.0,,,
2025-12-11T19:56:37+00:00,100,0.0,0.0,,,
2025-12-11T19:56:38+00:00,99,0.0,0.0,,,
2025-12-11T19:56:40+00:00,100,0.0,0.0,,,
2025-12-11T19:56:42+00:00,101,0.0,0.0,,,
2025-12-11T19:56:43+00:00,102,0.0,0.0,,,
2025-12-11T19:56:44+00:00,103,0.0,0.0,,,
2025-12-11T19:56:45+00:00,105,0.0,0.0,,,
2025-12-11T19:56:47+00:00,104,0.0,0.0,,,
2025-12-11T19:56:48+00:00,103,0.0,0.0,,,
2025-12-11T19:56:50+00:00,102,0.0,0.0,,,
2025-12-11T19:56:51+00:00,101,0.0,0.0,,,
2025-12-11T19:57:00+00:00,100,0.0,0.0,,,
2025-12-11T19:57:01+00:00,99,0.0,0.0,,,
2025-12-11T19:57:02+00:00,96,0.0,0.0,,,
2025-12-11T19:57:05+00:00,97,0.0,0.0,,,
2025-12-11T19:57:06+00:00,98,0.0,0.0,,,
2025-12-11T19:57:08+00:00,99,0.0,0.0,,,
2025-12-11T19:57:09+00:00,98,0.0,0.0,,,
2025-12-11T19:57:12+00:00,97,0.0,0.0,,,
2025-12-11T19:57:15+00:00,98,0.0,0.0,,,
2025-12-11T19:57:21+00:00,100,0.0,0.0,,,
2025-12-11T19:57:22+00:00,101,0.0,0.0,,,
2025-12-11T19:57:23+00:00,102,0.0,0.0,,,
2025-12-11T19:57:24+00:00,103,0.0,0.0,,,
2025-12-11T19:57:27+00:00,102,0.0,0.0,,,
2025-12-11T19:57:30+00:00,101,0.0,0.0,,,
2025-12-11T19:57:35+00:00,100,0.0,0.0,,,
2025-12-11T19:57:37+00:00,101,0.0,0.0,,,
2025-12-11T19:57:40+00:00,100,0.0,0.0,,,
2025-12-11T19:57:43+00:00,101,0.0,0.0,,,
2025-12-11T19:57:44+00:00,100,0.0,0.0,,,
2025-12-11T19:57:45+00:00,101,0.0,0.0,,,
2025-12-11T19:57:46+00:00,100,0.0,0.0,,,
2025-12-11T19:57:50+00:00,101,0.0,0.0,,,
2025-12-11T19:57:51+00:00,100,0.0,0.0,,,
2025-12-11T19:57:57+00:00,101,0.0,0.0,,,
2025-12-11T19:58:02+00:00,102,0.0,0.0,,,
2025-12-11T19:58:04+00:00,103,0.0,0.0,,,
2025-12-11T19:58:05+00:00,104,0.0,0.0,,,
2025-12-11T19:58:06+00:00,105,0.0,0.0,,,
2025-12-11T19:58:09+00:00,104,0.0,0.0,,,
2025-12-11T19:58:13+00:00,105,0.0,0.0,,,
2025-12-11T19:58:19+00:00,107,0.0,0.0,,,
2025-12-11T19:58:21+00:00,108,0.0,0.0,,,
2025-12-11T19:58:23+00:00,109,0.0,0.0,,,
2025-12-11T19:58:28+00:00,110,0.0,0.0,,,
2025-12-11T19:58:30+00:00,109,0.0,0.0,,,
2025-12-11T19:58:31+00:00,105,0.0,0.0,,,
2025-12-11T19:58:32+00:00,102,0.0,0.0,,,
2025-12-11T19:58:33+00:00,100,0.0,0.0,,,
2025-12-11T19:58:34+00:00,97,0.0,0.0,,,
2025-12-11T19:58:35+00:00,96,0.0,0.0,,,
2025-12-11T19:58:39+00:00,95,0.0,0.0,,,
2025-12-11T19:58:44+00:00,96,0.0,0.0,,,
2025-12-11T19:58:53+00:00,97,0.0,0.0,,,
2025-12-11T19:58:56+00:00,98,0.0,0.0,,,
2025-12-11T19:58:57+00:00,99,0.0,0.0,,,
2025-12-11T19:59:01+00:00,100,0.0,0.0,,,
2025-12-11T19:59:03+00:00,102,0.0,0.0,,,
2025-12-11T19:59:04+00:00,103,0.0,0.0,,,
2025-12-11T19:59:05+00:00,104,0.0,0.0,,,
2025-12-11T19:59:07+00:00,105,0.0,0.0,,,
2025-12-11T19:59:10+00:00,102,0.0,0.0,,,
2025-12-11T19:59:11+00:00,101,0.0,0.0,,,
2025-12-11T19:59:12+00:00,99,0.0,0.0,,,
2025-12-11T19:59:17+00:00,98,0.0,0.0,,,
2025-12-11T19:59:20+00:00,97,0.0,0.0,,,
2025-12-11T19:59:22+00:00,95,0.0,0.0,,,
2025-12-11T19:59:26+00:00,94,0.0,0.0,,,
2025-12-11T19:59:28+00:00,93,0.0,0.0,,,
2025-12-11T19:59:29+00:00,91,0.0,0.0,,,
2025-12-11T19:59:30+00:00,91,0.0,0.0,,,
2025-12-11T19:59:31+00:00,91,0.0,0.0,,,
2025-12-11T19:59:32+00:00,91,0.0,0.0,,,
2025-12-11T19:59:33+00:00,92,0.0,0.0,,,
2025-12-11T19:59:34+00:00,91,0.0,0.0,,,
2025-12-11T19:59:35+00:00,90,0.0,0.0,,,
2025-12-11T19:59:36+00:00,89,0.0,0.0,,,
2025-12-11T19:59:37+00:00,88,0.0,0.0,,,
2025-12-11T19:59:38+00:00,87,0.0,0.0,,,
2025-12-11T19:59:39+00:00,87,0.0,0.0,,,
2025-12-11T19:59:40+00:00,86,0.0,0.0,,,
2025-12-11T19:59:41+00:00,86,0.0,0.0,,,
2025-12-11T19:59:42+00:00,86,0.0,0.0,,,
2025-12-11T19:59:43+00:00,86,0.0,0.0,,,
2025-12-11T19:59:44+00:00,88,0.0,0.0,,,
2025-12-11T19:59:45+00:00,89,0.0,0.0,,,
2025-12-11T19:59:46+00:00,90,0.0,0.0,,,
2025-12-11T19:59:47+00:00,90,0.0,0.0,,,
2025-12-11T19:59:48+00:00,90,0.0,0.0,,,
2025-12-11T19:59:49+00:00,90,0.0,0.0,,,
2025-12-11T19:59:50+00:00,89,0.0,0.0,,,
2025-12-11T19:59:51+00:00,87,0.0,0.0,,,
2025-12-11T19:59:52+00:00,87,0.0,0.0,,,
2025-12-11T19:59:53+00:00,87,0.0,0.0,,,
2025-12-11T19:59:54+00:00,88,0.0,0.0,,,
2025-12-11T19:59:55+00:00,88,0.0,0.0,,,
2025-12-11T19:59:56+00:00,92,0.0,0.0,,,
2025-12-11T19:59:57+00:00,93,0.0,0.0,,,
2025-12-11T19:59:58+00:00,93,0.0,0.0,,,
2025-12-11T19:59:59+00:00,92,0.0,0.0,,,
2025-12-11T20:00:00+00:00,93,0.0,0.0,,,
2025-12-11T20:00:01+00:00,95,0.0,0.0,,,
2025-12-11T20:00:02+00:00,96,0.0,0.0,,,
2025-12-11T20:00:03+00:00,98,0.0,0.0,,,
2025-12-11T20:00:04+00:00,101,0.0,0.0,,,
2025-12-11T20:00:05+00:00,104,0.0,0.0,,,
2025-12-11T20:00:06+00:00,109,0.0,0.0,,,
2025-12-11T20:00:07+00:00,112,0.0,0.0,,,
2025-12-11T20:00:08+00:00,113,0.0,0.0,,,
2025-12-11T20:00:09+00:00,112,0.0,0.0,,,
2025-12-11T20:00:10+00:00,113,0.0,0.0,,,
2025-12-11T20:00:11+00:00,114,0.0,0.0,,,
2025-12-11T20:00:12+00:00,115,0.0,0.0,,,
2025-12-11T20:00:13+00:00,115,0.0,0.0,,,
2025-12-11T20:00:14+00:00,116,0.0,0.0,,,
2025-12-11T20:00:15+00:00,116,0.0,0.0,,,
2025-12-11T20:00:16+00:00,116,0.0,0.0,,,
2025-12-11T20:00:17+00:00,116,0.0,0.0,,,
2025-12-11T20:00:18+00:00,117,0.0,0.0,,,
2025-12-11T20:00:19+00:00,117,0.0,0.0,,,
2025-12-11T20:00:20+00:00,117,0.0,0.0,,,
2025-12-11T20:00:21+00:00,116,0.0,0.0,,,
2025-12-11T20:00:22+00:00,116,0.0,0.0,,,
2025-12-11T20:00:23+00:00,116,0.0,0.0,,,
2025-12-11T20:00:24+00:00,116,0.0,0.0,,,
2025-12-11T20:00:25+00:00,117,0.0,0.0,,,
2025-12-11T20:00:26+00:00,116,0.0,0.0,,,
2025-12-11T20:00:27+00:00,116,0.0,0.0,,,
2025-12-11T20:00:28+00:00,116,0.0,0.0,,,
2025-12-11T20:00:29+00:00,115,0.0,0.0,,,
2025-12-11T20:00:30+00:00,115,0.0,0.0,,,
2025-12-11T20:00:31+00:00,115,0.0,0.0,,,
2025-12-11T20:00:32+00:00,116,0.0,0.0,,,
2025-12-11T20:00:33+00:00,116,0.0,0.0,,,
2025-12-11T20:00:34+00:00,116,0.0,0.0,,,
2025-12-11T20:00:35+00:00,116,0.0,0.0,,,
2025-12-11T20:00:36+00:00,117,0.0,0.0,,,
2025-12-11T20:00:37+00:00,117,0.0,0.0,,,
2025-12-11T20:00:38+00:00,116,0.0,0.0,,,
2025-12-11T20:00:39+00:00,116,0.0,0.0,,,
2025-12-11T20:00:40+00:00,115,0.0,0.0,,,
2025-12-11T20:00:41+00:00,116,0.0,0.0,,,
2025-12-11T20:00:42+00:00,116,0.0,0.0,,,
2025-12-11T20:00:43+00:00,116,0.0,0.0,,,
2025-12-11T20:00:44+00:00,115,0.0,0.0,,,
2025-12-11T20:00:45+00:00,123,0.0,0.0,,,
2025-12-11T20:00:46+00:00,133,0.0,0.0,,,
2025-12-11T20:00:47+00:00,140,0.0,0.0,,,
2025-12-11T20:00:48+00:00,143,0.0,0.0,,,
2025-12-11T20:00:49+00:00,143,0.0,0.0,,,
2025-12-11T20:00:50+00:00,143,0.0,0.0,,,
2025-12-11T20:00:51+00:00,143,0.0,0.0,,,
2025-12-11T20:00:52+00:00,143,0.0,0.0,,,
2025-12-11T20:00:53+00:00,142,0.0,0.0,,,
2025-12-11T20:00:54+00:00,141,0.0,0.0,,,
2025-12-11T20:00:55+00:00,141,0.0,0.0,,,
2025-12-11T20:00:56+00:00,140,0.0,0.0,,,
2025-12-11T20:00:57+00:00,140,0.0,0.0,,,
2025-12-11T20:00:58+00:00,140,0.0,0.0,,,
2025-12-11T20:00:59+00:00,139,0.0,0.0,,,
2025-12-11T20:01:00+00:00,140,0.0,0.0,,,
2025-12-11T20:01:01+00:00,140,0.0,0.0,,,
2025-12-11T20:01:02+00:00,139,0.0,0.0,,,
2025-12-11T20:01:03+00:00,139,0.0,0.0,,,
2025-12-11T20:01:04+00:00,138,0.0,0.0,,,
2025-12-11T20:01:05+00:00,138,0.0,0.0,,,
2025-12-11T20:01:06+00:00,138,0.0,0.0,,,
2025-12-11T20:01:07+00:00,137,0.0,0.0,,,
2025-12-11T20:01:08+00:00,135,0.0,0.0,,,
2025-12-11T20:01:09+00:00,135,0.0,0.0,,,
2025-12-11T20:01:10+00:00,134,0.0,0.0,,,
2025-12-11T20:01:11+00:00,135,0.0,0.0,,,
2025-12-11T20:01:14+00:00,136,0.0,0.0,,,
2025-12-11T20:01:18+00:00,135,0.0,0.0,,,
2025-12-11T20:01:23+00:00,134,0.0,0.0,,,
2025-12-11T20:01:27+00:00,133,0.0,0.0,,,
2025-12-11T20:01:29+00:00,132,0.0,0.0,,,
2025-12-11T20:01:30+00:00,131,0.0,0.0,,,
2025-12-11T20:01:31+00:00,130,0.0,0.0,,,
2025-12-11T20:01:32+00:00,129,0.0,0.0,,,
2025-12-11T20:01:33+00:00,128,0.0,0.0,,,
2025-12-11T20:01:34+00:00,126,0.0,0.0,,,
2025-12-11T20:01:35+00:00,125,0.0,0.0,,,
2025-12-11T20:01:40+00:00,126,0.0,0.0,,,
2025-12-11T20:01:41+00:00,127,0.0,0.0,,,
2025-12-11T20:01:42+00:00,128,0.0,0.0,,,
2025-12-11T20:01:44+00:00,129,0.0,0.0,,,
2025-12-11T20:01:46+00:00,130,0.0,0.0,,,
2025-12-11T20:01:47+00:00,129,0.0,0.0,,,
2025-12-11T20:01:49+00:00,128,0.0,0.0,,,
2025-12-11T20:01:51+00:00,129,0.0,0.0,,,
2025-12-11T20:01:52+00:00,128,0.0,0.0,,,
2025-12-11T20:01:55+00:00,129,0.0,0.0,,,
2025-12-11T20:01:56+00:00,128,0.0,0.0,,,
2025-12-11T20:01:59+00:00,127,0.0,0.0,,,
2025-12-11T20:02:00+00:00,126,0.0,0.0,,,
2025-12-11T20:02:01+00:00,124,0.0,0.0,,,
2025-12-11T20:02:02+00:00,123,0.0,0.0,,,
2025-12-11T20:02:03+00:00,122,0.0,0.0,,,
2025-12-11T20:02:04+00:00,121,0.0,0.0,,,
2025-12-11T20:02:05+00:00,120,0.0,0.0,,,
2025-12-11T20:02:08+00:00,119,0.0,0.0,,,
2025-12-11T20:02:09+00:00,118,0.0,0.0,,,
2025-12-11T20:02:10+00:00,116,0.0,0.0,,,
2025-12-11T20:02:11+00:00,113,0.0,0.0,,,
2025-12-11T20:02:12+00:00,112,0.0,0.0,,,
2025-12-11T20:02:14+00:00,111,0.0,0.0,,,
2025-12-11T20:02:15+00:00,110,0.0,0.0,,,
2025-12-11T20:02:17+00:00,108,0.0,0.0,,,
2025-12-11T20:02:18+00:00,107,0.0,0.0,,,
2025-12-11T20:02:19+00:00,105,0.0,0.0,,,
2025-12-11T20:02:20+00:00,103,0.0,0.0,,,
2025-12-11T20:02:21+00:00,102,0.0,0.0,,,
2025-12-11T20:02:22+00:00,101,0.0,0.0,,,
2025-12-11T20:02:23+00:00,100,0.0,0.0,,,
2025-12-11T20:02:25+00:00,99,0.0,0.0,,,
2025-12-11T20:02:27+00:00,98,0.0,0.0,,,
2025-12-11T20:02:31+00:00,97,0.0,0.0,,,
2025-12-11T20:02:39+00:00,96,0.0,0.0,,,
2025-12-11T20:02:40+00:00,97,0.0,0.0,,,
2025-12-11T20:02:41+00:00,97,0.0,0.0,,,
2025-12-11T20:02:42+00:00,99,0.0,0.0,,,
2025-12-11T20:02:43+00:00,98,0.0,0.0,,,
2025-12-11T20:02:46+00:00,99,0.0,0.0,,,
2025-12-11T20:02:47+00:00,98,0.0,0.0,,,
2025-12-11T20:02:51+00:00,100,0.0,0.0,,,
2025-12-11T20:02:53+00:00,105,0.0,0.0,,,
2025-12-11T20:02:54+00:00,112,0.0,0.0,,,
2025-12-11T20:02:55+00:00,130,0.0,0.0,,,
2025-12-11T20:02:56+00:00,131,0.0,0.0,,,
2025-12-11T20:02:57+00:00,132,0.0,0.0,,,
2025-12-11T20:02:58+00:00,131,0.0,0.0,,,
2025-12-11T20:03:03+00:00,130,0.0,0.0,,,
2025-12-11T20:03:05+00:00,129,0.0,0.0,,,
2025-12-11T20:03:06+00:00,127,0.0,0.0,,,
2025-12-11T20:03:08+00:00,126,0.0,0.0,,,
2025-12-11T20:03:09+00:00,125,0.0,0.0,,,
2025-12-11T20:03:11+00:00,124,0.0,0.0,,,
2025-12-11T20:03:13+00:00,123,0.0,0.0,,,
2025-12-11T20:03:14+00:00,122,0.0,0.0,,,
2025-12-11T20:03:15+00:00,121,0.0,0.0,,,
2025-12-11T20:03:16+00:00,120,0.0,0.0,,,
2025-12-11T20:03:17+00:00,119,0.0,0.0,,,
2025-12-11T20:03:18+00:00,117,0.0,0.0,,,
2025-12-11T20:03:19+00:00,116,0.0,0.0,,,
2025-12-11T20:03:21+00:00,115,0.0,0.0,,,
2025-12-11T20:03:24+00:00,114,0.0,0.0,,,
2025-12-11T20:03:26+00:00,113,0.0,0.0,,,
2025-12-11T20:03:27+00:00,110,0.0,0.0,,,
2025-12-11T20:03:28+00:00,101,0.0,0.0,,,
2025-12-11T20:03:29+00:00,95,0.0,0.0,,,
2025-12-11T20:03:30+00:00,95,0.0,0.0,,,
2025-12-11T20:03:32+00:00,94,0.0,0.0,,,
2025-12-11T20:03:35+00:00,93,0.0,0.0,,,
2025-12-11T20:03:38+00:00,92,0.0,0.0,,,
2025-12-11T20:03:41+00:00,93,0.0,0.0,,,
2025-12-11T20:03:43+00:00,95,0.0,0.0,,,
2025-12-11T20:03:44+00:00,115,0.0,0.0,,,
2025-12-11T20:03:45+00:00,119,0.0,0.0,,,
2025-12-11T20:03:46+00:00,121,0.0,0.0,,,
2025-12-11T20:03:48+00:00,122,0.0,0.0,,,
2025-12-11T20:03:49+00:00,123,0.0,0.0,,,
2025-12-11T20:03:53+00:00,124,0.0,0.0,,,
2025-12-11T20:03:57+00:00,125,0.0,0.0,,,
2025-12-11T20:04:00+00:00,126,0.0,0.0,,,
2025-12-11T20:04:03+00:00,127,0.0,0.0,,,
2025-12-11T20:04:06+00:00,126,0.0,0.0,,,
2025-12-11T20:04:07+00:00,127,0.0,0.0,,,
2025-12-11T20:04:08+00:00,126,0.0,0.0,,,
2025-12-11T20:04:11+00:00,127,0.0,0.0,,,
2025-12-11T20:04:12+00:00,126,0.0,0.0,,,
2025-12-11T20:04:15+00:00,127,0.0,0.0,,,
2025-12-11T20:04:16+00:00,126,0.0,0.0,,,
2025-12-11T20:04:17+00:00,127,0.0,0.0,,,
2025-12-11T20:04:18+00:00,128,0.0,0.0,,,
2025-12-11T20:04:19+00:00,129,0.0,0.0,,,
2025-12-11T20:04:22+00:00,128,0.0,0.0,,,
2025-12-11T20:04:23+00:00,127,0.0,0.0,,,
2025-12-11T20:04:24+00:00,125,0.0,0.0,,,
2025-12-11T20:04:25+00:00,122,0.0,0.0,,,
2025-12-11T20:04:26+00:00,119,0.0,0.0,,,
2025-12-11T20:04:27+00:00,118,0.0,0.0,,,
2025-12-11T20:04:29+00:00,119,0.0,0.0,,,
2025-12-11T20:04:30+00:00,120,0.0,0.0,,,
2025-12-11T20:04:31+00:00,122,0.0,0.0,,,
2025-12-11T20:04:32+00:00,123,0.0,0.0,,,
2025-12-11T20:04:35+00:00,124,0.0,0.0,,,
2025-12-11T20:04:38+00:00,123,0.0,0.0,,,
2025-12-11T20:04:42+00:00,124,0.0,0.0,,,
2025-12-11T20:04:46+00:00,123,0.0,0.0,,,
2025-12-11T20:04:54+00:00,122,0.0,0.0,,,
2025-12-11T20:04:55+00:00,123,0.0,0.0,,,
2025-12-11T20:05:05+00:00,124,0.0,0.0,,,
2025-12-11T20:05:06+00:00,127,0.0,0.0,,,
2025-12-11T20:05:07+00:00,130,0.0,0.0,,,
2025-12-11T20:05:08+00:00,133,0.0,0.0,,,
2025-12-11T20:05:09+00:00,136,0.0,0.0,,,
2025-12-11T20:05:10+00:00,137,0.0,0.0,,,
2025-12-11T20:05:12+00:00,138,0.0,0.0,,,
2025-12-11T20:05:13+00:00,139,0.0,0.0,,,
2025-12-11T20:05:23+00:00,140,0.0,0.0,,,
2025-12-11T20:05:24+00:00,141,0.0,0.0,,,
2025-12-11T20:05:27+00:00,140,0.0,0.0,,,
2025-12-11T20:05:29+00:00,139,0.0,0.0,,,
2025-12-11T20:05:32+00:00,138,0.0,0.0,,,
2025-12-11T20:05:35+00:00,137,0.0,0.0,,,
2025-12-11T20:05:38+00:00,136,0.0,0.0,,,
2025-12-11T20:05:43+00:00,137,0.0,0.0,,,
2025-12-11T20:05:48+00:00,138,0.0,0.0,,,
2025-12-11T20:05:51+00:00,139,0.0,0.0,,,
2025-12-11T20:05:52+00:00,140,0.0,0.0,,,
2025-12-11T20:05:55+00:00,139,0.0,0.0,,,
2025-12-11T20:05:56+00:00,137,0.0,0.0,,,
2025-12-11T20:05:57+00:00,136,0.0,0.0,,,
2025-12-11T20:05:58+00:00,134,0.0,0.0,,,
2025-12-11T20:05:59+00:00,133,0.0,0.0,,,
2025-12-11T20:06:00+00:00,129,0.0,0.0,,,
2025-12-11T20:06:01+00:00,127,0.0,0.0,,,
2025-12-11T20:06:02+00:00,126,0.0,0.0,,,
2025-12-11T20:06:05+00:00,125,0.0,0.0,,,
2025-12-11T20:06:06+00:00,126,0.0,0.0,,,
2025-12-11T20:06:10+00:00,127,0.0,0.0,,,
2025-12-11T20:06:14+00:00,126,0.0,0.0,,,
2025-12-11T20:06:17+00:00,125,0.0,0.0,,,
2025-12-11T20:06:28+00:00,126,0.0,0.0,,,
2025-12-11T20:06:29+00:00,125,0.0,0.0,,,
2025-12-11T20:06:31+00:00,126,0.0,0.0,,,
2025-12-11T20:06:32+00:00,125,0.0,0.0,,,
2025-12-11T20:06:35+00:00,126,0.0,0.0,,,
2025-12-11T20:06:36+00:00,127,0.0,0.0,,,
2025-12-11T20:06:38+00:00,128,0.0,0.0,,,
2025-12-11T20:06:40+00:00,129,0.0,0.0,,,
2025-12-11T20:06:42+00:00,128,0.0,0.0,,,
2025-12-11T20:06:43+00:00,125,0.0,0.0,,,
2025-12-11T20:06:44+00:00,122,0.0,0.0,,,
2025-12-11T20:06:45+00:00,117,0.0,0.0,,,
2025-12-11T20:06:46+00:00,115,0.0,0.0,,,
2025-12-11T20:06:47+00:00,114,0.0,0.0,,,
2025-12-11T20:06:50+00:00,115,0.0,0.0,,,
2025-12-11T20:06:52+00:00,116,0.0,0.0,,,
2025-12-11T20:06:55+00:00,115,0.0,0.0,,,
2025-12-11T20:07:05+00:00,114,0.0,0.0,,,
2025-12-11T20:07:06+00:00,115,0.0,0.0,,,
2025-12-11T20:07:07+00:00,116,0.0,0.0,,,
2025-12-11T20:07:08+00:00,117,0.0,0.0,,,
2025-12-11T20:07:10+00:00,118,0.0,0.0,,,
2025-12-11T20:07:12+00:00,119,0.0,0.0,,,
2025-12-11T20:07:13+00:00,120,0.0,0.0,,,
2025-12-11T20:07:14+00:00,121,0.0,0.0,,,
2025-12-11T20:07:16+00:00,120,0.0,0.0,,,
2025-12-11T20:07:17+00:00,119,0.0,0.0,,,
2025-12-11T20:07:18+00:00,118,0.0,0.0,,,
2025-12-11T20:07:22+00:00,117,0.0,0.0,,,
2025-12-11T20:07:27+00:00,118,0.0,0.0,,,
2025-12-11T20:07:28+00:00,117,0.0,0.0,,,
2025-12-11T20:07:29+00:00,118,0.0,0.0,,,
2025-12-11T20:07:30+00:00,117,0.0,0.0,,,
2025-12-11T20:07:32+00:00,118,0.0,0.0,,,
2025-12-11T20:07:35+00:00,119,0.0,0.0,,,
2025-12-11T20:07:36+00:00,118,0.0,0.0,,,
2025-12-11T20:07:37+00:00,117,0.0,0.0,,,
2025-12-11T20:07:38+00:00,116,0.0,0.0,,,
2025-12-11T20:07:39+00:00,115,0.0,0.0,,,
2025-12-11T20:07:42+00:00,114,0.0,0.0,,,
2025-12-11T20:07:43+00:00,113,0.0,0.0,,,
2025-12-11T20:07:46+00:00,112,0.0,0.0,,,
2025-12-11T20:07:48+00:00,113,0.0,0.0,,,
2025-12-11T20:07:51+00:00,112,0.0,0.0,,,
2025-12-11T20:07:56+00:00,113,0.0,0.0,,,
2025-12-11T20:07:57+00:00,112,0.0,0.0,,,
2025-12-11T20:07:58+00:00,113,0.0,0.0,,,
2025-12-11T20:07:59+00:00,114,0.0,0.0,,,
2025-12-11T20:08:00+00:00,113,0.0,0.0,,,
2025-12-11T20:08:01+00:00,113,0.0,0.0,,,
2025-12-11T20:08:02+00:00,113,0.0,0.0,,,
2025-12-11T20:08:03+00:00,111,0.0,0.0,,,
2025-12-11T20:08:04+00:00,111,0.0,0.0,,,
2025-12-11T20:08:05+00:00,111,0.0,0.0,,,
2025-12-11T20:08:06+00:00,112,0.0,0.0,,,
2025-12-11T20:08:07+00:00,112,0.0,0.0,,,
2025-12-11T20:08:08+00:00,113,0.0,0.0,,,
2025-12-11T20:08:09+00:00,113,0.0,0.0,,,
2025-12-11T20:08:10+00:00,114,0.0,0.0,,,
2025-12-11T20:08:11+00:00,114,0.0,0.0,,,
2025-12-11T20:08:12+00:00,114,0.0,0.0,,,
2025-12-11T20:08:13+00:00,113,0.0,0.0,,,
2025-12-11T20:08:14+00:00,113,0.0,0.0,,,
2025-12-11T20:08:15+00:00,114,0.0,0.0,,,
2025-12-11T20:08:16+00:00,116,0.0,0.0,,,
2025-12-11T20:08:17+00:00,120,0.0,0.0,,,
2025-12-11T20:08:18+00:00,121,0.0,0.0,,,
2025-12-11T20:08:19+00:00,122,0.0,0.0,,,
2025-12-11T20:08:20+00:00,124,0.0,0.0,,,
2025-12-11T20:08:21+00:00,127,0.0,0.0,,,
2025-12-11T20:08:22+00:00,128,0.0,0.0,,,
2025-12-11T20:08:23+00:00,130,0.0,0.0,,,
2025-12-11T20:08:24+00:00,132,0.0,0.0,,,
2025-12-11T20:08:25+00:00,132,0.0,0.0,,,
2025-12-11T20:08:26+00:00,133,0.0,0.0,,,
2025-12-11T20:08:27+00:00,134,0.0,0.0,,,
2025-12-11T20:08:28+00:00,134,0.0,0.0,,,
2025-12-11T20:08:29+00:00,134,0.0,0.0,,,
2025-12-11T20:08:30+00:00,135,0.0,0.0,,,
2025-12-11T20:08:31+00:00,135,0.0,0.0,,,
2025-12-11T20:08:33+00:00,136,0.0,0.0,,,
2025-12-11T20:08:35+00:00,135,0.0,0.0,,,
2025-12-11T20:08:41+00:00,134,0.0,0.0,,,
2025-12-11T20:08:44+00:00,135,0.0,0.0,,,
2025-12-11T20:08:45+00:00,137,0.0,0.0,,,
2025-12-11T20:08:46+00:00,141,0.0,0.0,,,
2025-12-11T20:08:47+00:00,144,0.0,0.0,,,
2025-12-11T20:08:48+00:00,146,0.0,0.0,,,
2025-12-11T20:08:49+00:00,150,0.0,0.0,,,
2025-12-11T20:08:50+00:00,152,0.0,0.0,,,
2025-12-11T20:08:51+00:00,152,0.0,0.0,,,
2025-12-11T20:08:52+00:00,152,0.0,0.0,,,
2025-12-11T20:08:53+00:00,152,0.0,0.0,,,
2025-12-11T20:08:54+00:00,151,0.0,0.0,,,
2025-12-11T20:08:55+00:00,151,0.0,0.0,,,
2025-12-11T20:08:56+00:00,150,0.0,0.0,,,
2025-12-11T20:08:57+00:00,150,0.0,0.0,,,
2025-12-11T20:08:58+00:00,150,0.0,0.0,,,
2025-12-11T20:08:59+00:00,149,0.0,0.0,,,
2025-12-11T20:09:00+00:00,149,0.0,0.0,,,
2025-12-11T20:09:01+00:00,149,0.0,0.0,,,
2025-12-11T20:09:02+00:00,145,0.0,0.0,,,
2025-12-11T20:09:03+00:00,144,0.0,0.0,,,
2025-12-11T20:09:04+00:00,148,0.0,0.0,,,
2025-12-11T20:09:05+00:00,147,0.0,0.0,,,
2025-12-11T20:09:06+00:00,150,0.0,0.0,,,
2025-12-11T20:09:07+00:00,151,0.0,0.0,,,
2025-12-11T20:09:08+00:00,152,0.0,0.0,,,
2025-12-11T20:09:09+00:00,152,0.0,0.0,,,
2025-12-11T20:09:10+00:00,151,0.0,0.0,,,
2025-12-11T20:09:16+00:00,152,0.0,0.0,,,
2025-12-11T20:09:24+00:00,151,0.0,0.0,,,
2025-12-11T20:09:26+00:00,150,0.0,0.0,,,
2025-12-11T20:09:27+00:00,149,0.0,0.0,,,
2025-12-11T20:09:29+00:00,148,0.0,0.0,,,
2025-12-11T20:09:32+00:00,147,0.0,0.0,,,
2025-12-11T20:09:33+00:00,145,0.0,0.0,,,
2025-12-11T20:09:34+00:00,143,0.0,0.0,,,
2025-12-11T20:09:35+00:00,139,0.0,0.0,,,
2025-12-11T20:09:36+00:00,138,0.0,0.0,,,
2025-12-11T20:09:37+00:00,136,0.0,0.0,,,
2025-12-11T20:09:38+00:00,135,0.0,0.0,,,
2025-12-11T20:09:40+00:00,134,0.0,0.0,,,
2025-12-11T20:09:45+00:00,135,0.0,0.0,,,
2025-12-11T20:09:46+00:00,134,0.0,0.0,,,
2025-12-11T20:09:50+00:00,135,0.0,0.0,,,
2025-12-11T20:09:54+00:00,134,0.0,0.0,,,
2025-12-11T20:09:55+00:00,135,0.0,0.0,,,
2025-12-11T20:09:58+00:00,136,0.0,0.0,,,
2025-12-11T20:10:03+00:00,137,0.0,0.0,,,
2025-12-11T20:10:04+00:00,140,0.0,0.0,,,
2025-12-11T20:10:05+00:00,142,0.0,0.0,,,
2025-12-11T20:10:06+00:00,144,0.0,0.0,,,
2025-12-11T20:10:10+00:00,145,0.0,0.0,,,
2025-12-11T20:10:11+00:00,144,0.0,0.0,,,
2025-12-11T20:10:16+00:00,143,0.0,0.0,,,
2025-12-11T20:10:17+00:00,144,0.0,0.0,,,
2025-12-11T20:10:19+00:00,145,0.0,0.0,,,
2025-12-11T20:10:20+00:00,146,0.0,0.0,,,
2025-12-11T20:10:26+00:00,145,0.0,0.0,,,
2025-12-11T20:10:30+00:00,144,0.0,0.0,,,
2025-12-11T20:10:34+00:00,145,0.0,0.0,,,
2025-12-11T20:10:37+00:00,146,0.0,0.0,,,
2025-12-11T20:10:41+00:00,147,0.0,0.0,,,
2025-12-11T20:10:46+00:00,146,0.0,0.0,,,
2025-12-11T20:10:48+00:00,145,0.0,0.0,,,
2025-12-11T20:10:49+00:00,144,0.0,0.0,,,
2025-12-11T20:10:50+00:00,140,0.0,0.0,,,
2025-12-11T20:10:51+00:00,135,0.0,0.0,,,
2025-12-11T20:10:52+00:00,132,0.0,0.0,,,
2025-12-11T20:10:53+00:00,131,0.0,0.0,,,
2025-12-11T20:10:57+00:00,130,0.0,0.0,,,
2025-12-11T20:11:01+00:00,129,0.0,0.0,,,
2025-12-11T20:11:02+00:00,130,0.0,0.0,,,
2025-12-11T20:11:04+00:00,130,0.0,0.0,,,
2025-12-11T20:11:05+00:00,129,0.0,0.0,,,
2025-12-11T20:11:06+00:00,130,0.0,0.0,,,
2025-12-11T20:11:07+00:00,130,0.0,0.0,,,
2025-12-11T20:11:08+00:00,130,0.0,0.0,,,
2025-12-11T20:11:09+00:00,131,0.0,0.0,,,
2025-12-11T20:11:10+00:00,131,0.0,0.0,,,
2025-12-11T20:11:11+00:00,131,0.0,0.0,,,
2025-12-11T20:11:12+00:00,131,0.0,0.0,,,
2025-12-11T20:11:13+00:00,131,0.0,0.0,,,
2025-12-11T20:11:14+00:00,130,0.0,0.0,,,
2025-12-11T20:11:15+00:00,130,0.0,0.0,,,
2025-12-11T20:11:16+00:00,131,0.0,0.0,,,
2025-12-11T20:11:17+00:00,131,0.0,0.0,,,
2025-12-11T20:11:18+00:00,132,0.0,0.0,,,
2025-12-11T20:11:19+00:00,133,0.0,0.0,,,
2025-12-11T20:11:20+00:00,134,0.0,0.0,,,
2025-12-11T20:11:21+00:00,134,0.0,0.0,,,
2025-12-11T20:11:22+00:00,134,0.0,0.0,,,
2025-12-11T20:11:23+00:00,134,0.0,0.0,,,
2025-12-11T20:11:24+00:00,134,0.0,0.0,,,
2025-12-11T20:11:25+00:00,133,0.0,0.0,,,
2025-12-11T20:11:26+00:00,133,0.0,0.0,,,
2025-12-11T20:11:27+00:00,134,0.0,0.0,,,
2025-12-11T20:11:28+00:00,134,0.0,0.0,,,
2025-12-11T20:11:29+00:00,134,0.0,0.0,,,
2025-12-11T20:11:30+00:00,134,0.0,0.0,,,
2025-12-11T20:11:31+00:00,135,0.0,0.0,,,
2025-12-11T20:11:32+00:00,134,0.0,0.0,,,
2025-12-11T20:11:33+00:00,135,0.0,0.0,,,
2025-12-11T20:11:34+00:00,135,0.0,0.0,,,
2025-12-11T20:11:35+00:00,135,0.0,0.0,,,
2025-12-11T20:11:36+00:00,135,0.0,0.0,,,
2025-12-11T20:11:37+00:00,135,0.0,0.0,,,
2025-12-11T20:11:38+00:00,136,0.0,0.0,,,
2025-12-11T20:11:39+00:00,136,0.0,0.0,,,
2025-12-11T20:11:40+00:00,136,0.0,0.0,,,
2025-12-11T20:11:41+00:00,136,0.0,0.0,,,
2025-12-11T20:11:42+00:00,136,0.0,0.0,,,
2025-12-11T20:11:43+00:00,136,0.0,0.0,,,
2025-12-11T20:11:44+00:00,136,0.0,0.0,,,
2025-12-11T20:11:54+00:00,134,0.0,0.0,,,
2025-12-11T20:11:55+00:00,133,0.0,0.0,,,
2025-12-11T20:11:57+00:00,134,0.0,0.0,,,
2025-12-11T20:11:58+00:00,138,0.0,0.0,,,
2025-12-11T20:11:59+00:00,146,0.0,0.0,,,
2025-12-11T20:12:00+00:00,156,0.0,0.0,,,
2025-12-11T20:12:01+00:00,159,0.0,0.0,,,
2025-12-11T20:12:02+00:00,159,0.0,0.0,,,
2025-12-11T20:12:07+00:00,160,0.0,0.0,,,
2025-12-11T20:12:08+00:00,159,0.0,0.0,,,
2025-12-11T20:12:13+00:00,160,0.0,0.0,,,
2025-12-11T20:12:18+00:00,159,0.0,0.0,,,
2025-12-11T20:12:19+00:00,158,0.0,0.0,,,
2025-12-11T20:12:21+00:00,157,0.0,0.0,,,
2025-12-11T20:12:23+00:00,158,0.0,0.0,,,
2025-12-11T20:12:28+00:00,157,0.0,0.0,,,
2025-12-11T20:12:29+00:00,158,0.0,0.0,,,
2025-12-11T20:12:30+00:00,157,0.0,0.0,,,
2025-12-11T20:12:31+00:00,158,0.0,0.0,,,
2025-12-11T20:12:32+00:00,161,0.0,0.0,,,
2025-12-11T20:12:33+00:00,163,0.0,0.0,,,
2025-12-11T20:12:34+00:00,164,0.0,0.0,,,
2025-12-11T20:12:39+00:00,165,0.0,0.0,,,
2025-12-11T20:12:40+00:00,164,0.0,0.0,,,
2025-12-11T20:12:46+00:00,163,0.0,0.0,,,
2025-12-11T20:12:47+00:00,164,0.0,0.0,,,
2025-12-11T20:12:49+00:00,163,0.0,0.0,,,
2025-12-11T20:12:51+00:00,164,0.0,0.0,,,
2025-12-11T20:12:59+00:00,163,0.0,0.0,,,
2025-12-11T20:13:03+00:00,162,0.0,0.0,,,
2025-12-11T20:13:09+00:00,161,0.0,0.0,,,
2025-12-11T20:13:14+00:00,160,0.0,0.0,,,
2025-12-11T20:13:15+00:00,159,0.0,0.0,,,
2025-12-11T20:13:17+00:00,158,0.0,0.0,,,
2025-12-11T20:13:20+00:00,157,0.0,0.0,,,
2025-12-11T20:13:23+00:00,156,0.0,0.0,,,
2025-12-11T20:13:26+00:00,155,0.0,0.0,,,
2025-12-11T20:13:27+00:00,155,0.0,0.0,,,
2025-12-11T20:13:28+00:00,155,0.0,0.0,,,
2025-12-11T20:13:29+00:00,155,0.0,0.0,,,
2025-12-11T20:13:30+00:00,156,0.0,0.0,,,
2025-12-11T20:13:31+00:00,156,0.0,0.0,,,
2025-12-11T20:13:32+00:00,157,0.0,0.0,,,
2025-12-11T20:13:33+00:00,158,0.0,0.0,,,
2025-12-11T20:13:34+00:00,158,0.0,0.0,,,
2025-12-11T20:13:35+00:00,159,0.0,0.0,,,
2025-12-11T20:13:36+00:00,159,0.0,0.0,,,
2025-12-11T20:13:37+00:00,158,0.0,0.0,,,
2025-12-11T20:13:38+00:00,159,0.0,0.0,,,
2025-12-11T20:13:39+00:00,160,0.0,0.0,,,
2025-12-11T20:13:40+00:00,161,0.0,0.0,,,
2025-12-11T20:13:41+00:00,161,0.0,0.0,,,
2025-12-11T20:13:42+00:00,161,0.0,0.0,,,
2025-12-11T20:13:43+00:00,162,0.0,0.0,,,
2025-12-11T20:13:44+00:00,162,0.0,0.0,,,
2025-12-11T20:13:45+00:00,162,0.0,0.0,,,
2025-12-11T20:13:46+00:00,162,0.0,0.0,,,
2025-12-11T20:13:47+00:00,160,0.0,0.0,,,
2025-12-11T20:13:48+00:00,161,0.0,0.0,,,
2025-12-11T20:13:49+00:00,161,0.0,0.0,,,
2025-12-11T20:13:50+00:00,161,0.0,0.0,,,
2025-12-11T20:13:51+00:00,161,0.0,0.0,,,
2025-12-11T20:13:52+00:00,164,0.0,0.0,,,
2025-12-11T20:13:53+00:00,171,0.0,0.0,,,
2025-12-11T20:13:54+00:00,173,0.0,0.0,,,
2025-12-11T20:13:55+00:00,174,0.0,0.0,,,
2025-12-11T20:13:56+00:00,176,0.0,0.0,,,
2025-12-11T20:14:00+00:00,175,0.0,0.0,,,
2025-12-11T20:14:01+00:00,176,0.0,0.0,,,
2025-12-11T20:14:02+00:00,175,0.0,0.0,,,
2025-12-11T20:14:08+00:00,174,0.0,0.0,,,
2025-12-11T20:14:11+00:00,173,0.0,0.0,,,
2025-12-11T20:14:13+00:00,172,0.0,0.0,,,
2025-12-11T20:14:14+00:00,171,0.0,0.0,,,
2025-12-11T20:14:15+00:00,170,0.0,0.0,,,
2025-12-11T20:14:16+00:00,169,0.0,0.0,,,
2025-12-11T20:14:17+00:00,167,0.0,0.0,,,
2025-12-11T20:14:18+00:00,165,0.0,0.0,,,
2025-12-11T20:14:20+00:00,164,0.0,0.0,,,
2025-12-11T20:14:22+00:00,163,0.0,0.0,,,
2025-12-11T20:14:27+00:00,162,0.0,0.0,,,
2025-12-11T20:14:28+00:00,163,0.0,0.0,,,
2025-12-11T20:14:31+00:00,162,0.0,0.0,,,
2025-12-11T20:14:35+00:00,163,0.0,0.0,,,
2025-12-11T20:14:45+00:00,164,0.0,0.0,,,
2025-12-11T20:14:49+00:00,165,0.0,0.0,,,
2025-12-11T20:14:51+00:00,166,0.0,0.0,,,
2025-12-11T20:14:52+00:00,165,0.0,0.0,,,
2025-12-11T20:14:54+00:00,164,0.0,0.0,,,
2025-12-11T20:14:55+00:00,161,0.0,0.0,,,
2025-12-11T20:14:56+00:00,159,0.0,0.0,,,
2025-12-11T20:14:57+00:00,158,0.0,0.0,,,
2025-12-11T20:15:02+00:00,157,0.0,0.0,,,
2025-12-11T20:15:03+00:00,157,0.0,0.0,,,
2025-12-11T20:15:04+00:00,157,0.0,0.0,,,
2025-12-11T20:15:05+00:00,157,0.0,0.0,,,
2025-12-11T20:15:06+00:00,156,0.0,0.0,,,
2025-12-11T20:15:07+00:00,156,0.0,0.0,,,
2025-12-11T20:15:08+00:00,155,0.0,0.0,,,
2025-12-11T20:15:09+00:00,153,0.0,0.0,,,
2025-12-11T20:15:10+00:00,151,0.0,0.0,,,
2025-12-11T20:15:11+00:00,150,0.0,0.0,,,
2025-12-11T20:15:12+00:00,150,0.0,0.0,,,
2025-12-11T20:15:13+00:00,149,0.0,0.0,,,
2025-12-11T20:15:14+00:00,150,0.0,0.0,,,
2025-12-11T20:15:15+00:00,150,0.0,0.0,,,
2025-12-11T20:15:16+00:00,151,0.0,0.0,,,
2025-12-11T20:15:17+00:00,152,0.0,0.0,,,
2025-12-11T20:15:18+00:00,154,0.0,0.0,,,
2025-12-11T20:15:19+00:00,155,0.0,0.0,,,
2025-12-11T20:15:20+00:00,156,0.0,0.0,,,
2025-12-11T20:15:21+00:00,155,0.0,0.0,,,
2025-12-11T20:15:22+00:00,155,0.0,0.0,,,
2025-12-11T20:15:23+00:00,154,0.0,0.0,,,
2025-12-11T20:15:24+00:00,154,0.0,0.0,,,
2025-12-11T20:15:25+00:00,153,0.0,0.0,,,
2025-12-11T20:15:26+00:00,154,0.0,0.0,,,
2025-12-11T20:15:27+00:00,154,0.0,0.0,,,
2025-12-11T20:15:28+00:00,155,0.0,0.0,,,
2025-12-11T20:15:29+00:00,156,0.0,0.0,,,
2025-12-11T20:15:30+00:00,157,0.0,0.0,,,
2025-12-11T20:15:31+00:00,157,0.0,0.0,,,
2025-12-11T20:15:32+00:00,157,0.0,0.0,,,
2025-12-11T20:15:33+00:00,157,0.0,0.0,,,
2025-12-11T20:15:34+00:00,158,0.0,0.0,,,
2025-12-11T20:15:35+00:00,157,0.0,0.0,,,
2025-12-11T20:15:36+00:00,157,0.0,0.0,,,
2025-12-11T20:15:37+00:00,158,0.0,0.0,,,
2025-12-11T20:15:38+00:00,158,0.0,0.0,,,
2025-12-11T20:15:39+00:00,157,0.0,0.0,,,
2025-12-11T20:15:40+00:00,157,0.0,0.0,,,
2025-12-11T20:15:41+00:00,156,0.0,0.0,,,
2025-12-11T20:15:42+00:00,157,0.0,0.0,,,
2025-12-11T20:15:43+00:00,157,0.0,0.0,,,
2025-12-11T20:15:44+00:00,157,0.0,0.0,,,
2025-12-11T20:15:45+00:00,158,0.0,0.0,,,
2025-12-11T20:15:46+00:00,158,0.0,0.0,,,
2025-12-11T20:15:47+00:00,158,0.0,0.0,,,
2025-12-11T20:15:48+00:00,158,0.0,0.0,,,
2025-12-11T20:15:49+00:00,157,0.0,0.0,,,
2025-12-11T20:15:50+00:00,156,0.0,0.0,,,
2025-12-11T20:15:51+00:00,156,0.0,0.0,,,
2025-12-11T20:15:52+00:00,156,0.0,0.0,,,
2025-12-11T20:15:53+00:00,155,0.0,0.0,,,
2025-12-11T20:15:54+00:00,155,0.0,0.0,,,
2025-12-11T20:15:55+00:00,154,0.0,0.0,,,
2025-12-11T20:15:56+00:00,153,0.0,0.0,,,
2025-12-11T20:15:57+00:00,153,0.0,0.0,,,
2025-12-11T20:15:58+00:00,153,0.0,0.0,,,
2025-12-11T20:15:59+00:00,154,0.0,0.0,,,
2025-12-11T20:16:00+00:00,153,0.0,0.0,,,
2025-12-11T20:16:01+00:00,153,0.0,0.0,,,
2025-12-11T20:16:02+00:00,151,0.0,0.0,,,
2025-12-11T20:16:03+00:00,150,0.0,0.0,,,
2025-12-11T20:16:04+00:00,149,0.0,0.0,,,
2025-12-11T20:16:05+00:00,148,0.0,0.0,,,
2025-12-11T20:16:06+00:00,147,0.0,0.0,,,
2025-12-11T20:16:07+00:00,146,0.0,0.0,,,
2025-12-11T20:16:08+00:00,146,0.0,0.0,,,
2025-12-11T20:16:09+00:00,145,0.0,0.0,,,
2025-12-11T20:16:10+00:00,145,0.0,0.0,,,
2025-12-11T20:16:11+00:00,145,0.0,0.0,,,
2025-12-11T20:16:12+00:00,145,0.0,0.0,,,
2025-12-11T20:16:13+00:00,144,0.0,0.0,,,
2025-12-11T20:16:14+00:00,144,0.0,0.0,,,
2025-12-11T20:16:15+00:00,141,0.0,0.0,,,
2025-12-11T20:16:16+00:00,140,0.0,0.0,,,
2025-12-11T20:16:17+00:00,141,0.0,0.0,,,
2025-12-11T20:16:18+00:00,142,0.0,0.0,,,
2025-12-11T20:16:19+00:00,141,0.0,0.0,,,
2025-12-11T20:16:20+00:00,141,0.0,0.0,,,
2025-12-11T20:16:21+00:00,141,0.0,0.0,,,
2025-12-11T20:16:22+00:00,142,0.0,0.0,,,
2025-12-11T20:16:23+00:00,143,0.0,0.0,,,
2025-12-11T20:16:24+00:00,143,0.0,0.0,,,
2025-12-11T20:16:25+00:00,144,0.0,0.0,,,
2025-12-11T20:16:26+00:00,142,0.0,0.0,,,
2025-12-11T20:16:27+00:00,139,0.0,0.0,,,
2025-12-11T20:16:28+00:00,135,0.0,0.0,,,
2025-12-11T20:16:29+00:00,135,0.0,0.0,,,
2025-12-11T20:16:30+00:00,135,0.0,0.0,,,
2025-12-11T20:16:31+00:00,134,0.0,0.0,,,
2025-12-11T20:16:32+00:00,134,0.0,0.0,,,
2025-12-11T20:16:33+00:00,134,0.0,0.0,,,
2025-12-11T20:16:34+00:00,133,0.0,0.0,,,
2025-12-11T20:16:35+00:00,134,0.0,0.0,,,
2025-12-11T20:16:36+00:00,134,0.0,0.0,,,
2025-12-11T20:16:37+00:00,134,0.0,0.0,,,
2025-12-11T20:16:38+00:00,134,0.0,0.0,,,
2025-12-11T20:16:39+00:00,134,0.0,0.0,,,
2025-12-11T20:16:40+00:00,134,0.0,0.0,,,
2025-12-11T20:16:41+00:00,135,0.0,0.0,,,
2025-12-11T20:16:42+00:00,136,0.0,0.0,,,
2025-12-11T20:16:43+00:00,136,0.0,0.0,,,
2025-12-11T20:16:44+00:00,137,0.0,0.0,,,
2025-12-11T20:16:45+00:00,138,0.0,0.0,,,
2025-12-11T20:16:46+00:00,139,0.0,0.0,,,
2025-12-11T20:16:47+00:00,139,0.0,0.0,,,
2025-12-11T20:16:48+00:00,140,0.0,0.0,,,
2025-12-11T20:16:49+00:00,140,0.0,0.0,,,
2025-12-11T20:16:50+00:00,138,0.0,0.0,,,
2025-12-11T20:16:51+00:00,134,0.0,0.0,,,
2025-12-11T20:16:52+00:00,132,0.0,0.0,,,
2025-12-11T20:16:53+00:00,132,0.0,0.0,,,
2025-12-11T20:16:54+00:00,133,0.0,0.0,,,
2025-12-11T20:16:55+00:00,135,0.0,0.0,,,
2025-12-11T20:16:56+00:00,138,0.0,0.0,,,
2025-12-11T20:16:57+00:00,140,0.0,0.0,,,
2025-12-11T20:16:58+00:00,141,0.0,0.0,,,
2025-12-11T20:16:59+00:00,142,0.0,0.0,,,
2025-12-11T20:17:00+00:00,142,0.0,0.0,,,
2025-12-11T20:17:01+00:00,143,0.0,0.0,,,
2025-12-11T20:17:02+00:00,143,0.0,0.0,,,
2025-12-11T20:17:03+00:00,142,0.0,0.0,,,
2025-12-11T20:17:04+00:00,138,0.0,0.0,,,
2025-12-11T20:17:05+00:00,128,0.0,0.0,,,
2025-12-11T20:17:06+00:00,126,0.0,0.0,,,
2025-12-11T20:17:07+00:00,122,0.0,0.0,,,
2025-12-11T20:17:08+00:00,122,0.0,0.0,,,
2025-12-11T20:17:09+00:00,120,0.0,0.0,,,
2025-12-11T20:17:10+00:00,118,0.0,0.0,,,
2025-12-11T20:17:11+00:00,118,0.0,0.0,,,
2025-12-11T20:17:12+00:00,118,0.0,0.0,,,
2025-12-11T20:17:13+00:00,119,0.0,0.0,,,
2025-12-11T20:17:14+00:00,118,0.0,0.0,,,
2025-12-11T20:17:15+00:00,119,0.0,0.0,,,
2025-12-11T20:17:16+00:00,119,0.0,0.0,,,
2025-12-11T20:17:17+00:00,121,0.0,0.0,,,
2025-12-11T20:17:19+00:00,120,0.0,0.0,,,
2025-12-11T20:17:24+00:00,119,0.0,0.0,,,
2025-12-11T20:17:27+00:00,118,0.0,0.0,,,
2025-12-11T20:17:31+00:00,117,0.0,0.0,,,
2025-12-11T20:17:34+00:00,116,0.0,0.0,,,
2025-12-11T20:17:35+00:00,115,0.0,0.0,,,
2025-12-11T20:17:36+00:00,114,0.0,0.0,,,
2025-12-11T20:17:37+00:00,113,0.0,0.0,,,
2025-12-11T20:17:38+00:00,112,0.0,0.0,,,
2025-12-11T20:17:39+00:00,111,0.0,0.0,,,
2025-12-11T20:17:40+00:00,109,0.0,0.0,,,
2025-12-11T20:17:42+00:00,109,0.0,0.0,,,
2025-12-11T20:17:43+00:00,109,0.0,0.0,,,
2025-12-11T20:17:44+00:00,108,0.0,0.0,,,
2025-12-11T20:17:45+00:00,109,0.0,0.0,,,
2025-12-11T20:17:46+00:00,109,0.0,0.0,,,
2025-12-11T20:17:47+00:00,109,0.0,0.0,,,
2025-12-11T20:17:48+00:00,109,0.0,0.0,,,
2025-12-11T20:17:49+00:00,109,0.0,0.0,,,
2025-12-11T20:17:50+00:00,109,0.0,0.0,,,
2025-12-11T20:17:51+00:00,109,0.0,0.0,,,
2025-12-11T20:17:52+00:00,110,0.0,0.0,,,
2025-12-11T20:17:53+00:00,111,0.0,0.0,,,
2025-12-11T20:17:54+00:00,111,0.0,0.0,,,
2025-12-11T20:17:55+00:00,112,0.0,0.0,,,
2025-12-11T20:17:56+00:00,112,0.0,0.0,,,
2025-12-11T20:17:57+00:00,113,0.0,0.0,,,
2025-12-11T20:18:01+00:00,114,0.0,0.0,,,
2025-12-11T20:18:02+00:00,113,0.0,0.0,,,
2025-12-11T20:18:04+00:00,112,0.0,0.0,,,
2025-12-11T20:18:07+00:00,113,0.0,0.0,,,
2025-12-11T20:18:08+00:00,112,0.0,0.0,,,
2025-12-11T20:18:09+00:00,113,0.0,0.0,,,
2025-12-11T20:18:11+00:00,112,0.0,0.0,,,
2025-12-11T20:18:12+00:00,113,0.0,0.0,,,
2025-12-11T20:18:14+00:00,115,0.0,0.0,,,
2025-12-11T20:18:15+00:00,114,0.0,0.0,,,
2025-12-11T20:18:16+00:00,114,0.0,0.0,,,
