timestamp,hr,paceKmh,elevationM,cadence,lat,lon
2026-03-15T09:52:53+00:00,87,0.0,2048.0,,45.257854,6.03248
2026-03-15T09:52:56+00:00,85,0.47880000000000006,2048.2,,45.25786,6.032484
2026-03-15T09:53:02+00:00,85,0.15839999999999999,2048.0,,45.25786,6.032484
2026-03-15T09:53:05+00:00,86,0.0,2048.0,,45.25786,6.032484
2026-03-15T09:53:11+00:00,88,0.0,2048.0,,45.25786,6.032484
2026-03-15T09:53:17+00:00,90,0.0,2048.0,,45.25786,6.032484
2026-03-15T09:53:23+00:00,92,0.0,2048.0,,45.25786,6.032484
2026-03-15T09:53:25+00:00,91,0.0,2048.0,,45.25786,6.032484
2026-03-15T09:53:31+00:00,92,0.0,2048.0,,45.25786,6.032484
2026-03-15T09:53:36+00:00,93,0.0,2047.8,,45.25786,6.032484
2026-03-15T09:53:42+00:00,95,0.0,2047.8,,45.25786,6.032484
2026-03-15T09:53:44+00:00,95,0.0432,2047.8,,45.257855,6.032472
2026-03-15T09:53:47+00:00,95,10.44,2047.0,,45.257758,6.032594
2026-03-15T09:53:48+00:00,96,13.6188,2046.2,,45.257707,6.032666
2026-03-15T09:53:49+00:00,96,13.6188,2044.8,,45.257668,6.032774
2026-03-15T09:53:50+00:00,96,25.56,2042.2,,45.257609,6.032882
2026-03-15T09:53:52+00:00,95,34.776,2036.8,,45.257502,6.033087
2026-03-15T09:53:53+00:00,95,36.072,2033.8,,45.257488,6.03321
2026-03-15T09:53:55+00:00,97,35.712,2029.6,,45.257423,6.033437
2026-03-15T09:53:56+00:00,95,35.3988,2028.2,,45.257404,6.033555
2026-03-15T09:53:57+00:00,94,34.92,2025.2,,45.257398,6.033679
2026-03-15T09:53:58+00:00,94,34.848,2022.4,,45.257353,6.033769
2026-03-15T09:53:59+00:00,93,33.5412,2021.4,,45.2573,6.033837
2026-03-15T09:54:00+00:00,95,31.752000000000002,2019.6,,45.25728,6.03393
2026-03-15T09:54:01+00:00,98,30.024,2017.8,,45.2573,6.034018
2026-03-15T09:54:02+00:00,100,29.232,2016.4,,45.257319,6.034123
2026-03-15T09:54:03+00:00,103,29.016000000000002,2015.0,,45.257298,6.034226
2026-03-15T09:54:04+00:00,103,30.528000000000002,2012.6,,45.257274,6.034346
2026-03-15T09:54:05+00:00,105,32.25600000000001,2009.8,,45.257282,6.034478
2026-03-15T09:54:06+00:00,106,34.848,2007.0,,45.257301,6.034612
2026-03-15T09:54:07+00:00,107,35.28,2004.2,,45.257285,6.034729
2026-03-15T09:54:08+00:00,108,35.136,2002.8,,45.25725,6.034814
2026-03-15T09:54:09+00:00,108,34.056000000000004,2001.4,,45.257232,6.034915
2026-03-15T09:54:10+00:00,109,32.184,1999.8,,45.257247,6.035012
2026-03-15T09:54:11+00:00,109,30.096,1998.0,,45.257232,6.035111
2026-03-15T09:54:12+00:00,109,27.791999999999998,1996.4,,45.257191,6.035169
2026-03-15T09:54:13+00:00,109,27.791999999999998,1994.4,,45.257152,6.035252
2026-03-15T09:54:14+00:00,109,26.856,1992.2,,45.257158,6.035343
2026-03-15T09:54:15+00:00,109,25.92,1990.8,,45.257195,6.035409
2026-03-15T09:54:16+00:00,109,25.272,1989.2,,45.257247,6.035466
2026-03-15T09:54:17+00:00,109,26.28,1987.2,,45.257305,6.035515
2026-03-15T09:54:18+00:00,110,25.344,1985.4,,45.257357,6.035554
2026-03-15T09:54:19+00:00,110,25.344,1984.0,,45.257404,6.035621
2026-03-15T09:54:20+00:00,109,24.984,1982.6,,45.2574,6.035696
2026-03-15T09:54:21+00:00,105,23.471999999999998,1980.8,,45.257366,6.035744
2026-03-15T09:54:22+00:00,104,22.896,1979.4,,45.257343,6.03582
2026-03-15T09:54:23+00:00,105,22.392,1977.6,,45.257359,6.035891
2026-03-15T09:54:24+00:00,102,21.744,1975.8,,45.257393,6.035958
2026-03-15T09:54:25+00:00,99,22.608,1974.4,,45.2574,6.03605
2026-03-15T09:54:26+00:00,97,24.048,1973.0,,45.257375,6.036131
2026-03-15T09:54:27+00:00,97,24.696,1971.4,,45.257349,6.036219
2026-03-15T09:54:28+00:00,97,25.56,1970.2,,45.257328,6.036308
2026-03-15T09:54:29+00:00,97,26.352,1968.8,,45.257286,6.03638
2026-03-15T09:54:30+00:00,96,26.136,1967.2,,45.257265,6.036461
2026-03-15T09:54:31+00:00,96,25.488,1965.8,,45.257282,6.036534
2026-03-15T09:54:32+00:00,96,24.192,1964.6,,45.257326,6.036577
2026-03-15T09:54:33+00:00,96,24.336,1963.0,,45.257372,6.036647
2026-03-15T09:54:34+00:00,97,23.616,1961.4,,45.257382,6.036723
2026-03-15T09:54:35+00:00,96,23.400000000000002,1960.0,,45.257406,6.036796
2026-03-15T09:54:36+00:00,96,24.048,1958.4,,45.257447,6.036862
2026-03-15T09:54:37+00:00,95,24.408,1956.6,,45.257458,6.036942
2026-03-15T09:54:38+00:00,95,23.328000000000003,1954.6,,45.257489,6.037004
2026-03-15T09:54:39+00:00,95,23.544,1952.8,,45.257541,6.037048
2026-03-15T09:54:40+00:00,95,23.184,1951.0,,45.257561,6.037117
2026-03-15T09:54:41+00:00,95,22.392,1949.2,,45.25756,6.03719
2026-03-15T09:54:42+00:00,95,21.456,1947.4,,45.257586,6.037245
2026-03-15T09:54:43+00:00,95,21.672,1945.6,,45.257612,6.037309
2026-03-15T09:54:44+00:00,95,20.664,1944.0,,45.257612,6.037372
2026-03-15T09:54:45+00:00,94,19.44,1942.4,,45.257638,6.037415
2026-03-15T09:54:46+00:00,94,19.512,1940.8,,45.257684,6.037456
2026-03-15T09:54:47+00:00,95,19.728,1939.2,,45.257699,6.037515
2026-03-15T09:54:48+00:00,99,19.368,1937.8,,45.257718,6.037578
2026-03-15T09:54:49+00:00,103,20.016,1935.8,,45.25776,6.03763
2026-03-15T09:54:50+00:00,105,21.6,1935.2,,45.257777,6.037708
2026-03-15T09:54:51+00:00,106,19.08,1933.2,,45.257777,6.037733
2026-03-15T09:54:52+00:00,107,15.552000000000001,1931.6,,45.257778,6.037737
2026-03-15T09:54:53+00:00,107,11.664000000000001,1930.4,,45.257775,6.037731
2026-03-15T09:54:57+00:00,108,3.3120000000000003,1930.0,,45.257786,6.037766
2026-03-15T09:54:58+00:00,109,5.184,1929.8,,45.257817,6.037787
2026-03-15T09:54:59+00:00,109,7.138800000000001,1929.0,,45.257864,6.037794
2026-03-15T09:55:00+00:00,109,9.5652,1927.6,,45.257922,6.037817
2026-03-15T09:55:01+00:00,110,10.35,1926.2,,45.257938,6.037868
2026-03-15T09:55:02+00:00,110,10.35,1924.4,,45.257954,6.037925
2026-03-15T09:55:03+00:00,112,19.152,1922.8,,45.257992,6.037975
2026-03-15T09:55:04+00:00,113,19.296000000000003,1921.2,,45.257993,6.03804
2026-03-15T09:55:05+00:00,114,18.288,1919.6,,45.25799,6.03811
2026-03-15T09:55:06+00:00,115,18.36,1918.0,,45.258019,6.038156
2026-03-15T09:55:07+00:00,116,18.864,1916.4,,45.258071,6.038166
2026-03-15T09:55:09+00:00,116,20.16,1914.0,,45.258167,6.038211
2026-03-15T09:55:10+00:00,116,19.368,1912.6,,45.258175,6.038264
2026-03-15T09:55:11+00:00,115,19.8,1911.4,,45.258187,6.03833
2026-03-15T09:55:12+00:00,115,19.728,1910.2,,45.258218,6.038387
2026-03-15T09:55:13+00:00,115,21.1788,1909.4,,45.258237,6.038463
2026-03-15T09:55:14+00:00,115,20.52,1907.6,,45.258258,6.038537
2026-03-15T09:55:15+00:00,115,22.032,1905.8,,45.258298,6.038602
2026-03-15T09:55:16+00:00,116,22.608,1904.2,,45.25831,6.038674
2026-03-15T09:55:17+00:00,115,21.96,1903.2,,45.2583,6.038731
2026-03-15T09:55:19+00:00,114,21.456,1901.0,,45.258336,6.038874
2026-03-15T09:55:20+00:00,115,21.168,1899.8,,45.258372,6.038929
2026-03-15T09:55:21+00:00,115,20.52,1898.6,,45.258375,6.038995
2026-03-15T09:55:22+00:00,115,21.240000000000002,1897.4,,45.258373,6.039065
2026-03-15T09:55:23+00:00,115,21.3588,1895.8,,45.258402,6.039112
2026-03-15T09:55:24+00:00,115,20.808,1894.6,,45.258431,6.039189
2026-03-15T09:55:25+00:00,115,21.024,1893.2,,45.258432,6.03927
2026-03-15T09:55:26+00:00,115,21.528000000000002,1891.4,,45.258456,6.039338
2026-03-15T09:55:27+00:00,115,22.104,1889.4,,45.258509,6.039377
2026-03-15T09:55:28+00:00,115,23.400000000000002,1887.6,,45.258545,6.039438
2026-03-15T09:55:29+00:00,116,22.68,1885.6,,45.258549,6.039513
2026-03-15T09:55:30+00:00,116,23.040000000000003,1883.8,,45.25857,6.039599
2026-03-15T09:55:31+00:00,116,23.400000000000002,1882.2,,45.258621,6.039645
2026-03-15T09:55:32+00:00,116,22.752000000000002,1880.8,,45.258669,6.039644
2026-03-15T09:55:33+00:00,117,22.536,1879.8,,45.258716,6.039618
2026-03-15T09:55:34+00:00,121,22.392,1879.0,,45.258764,6.039591
2026-03-15T09:55:35+00:00,122,21.456,1877.8,,45.258818,6.03958
2026-03-15T09:55:37+00:00,121,17.64,1876.6,,45.258864,6.039624
2026-03-15T09:55:39+00:00,124,9.144,1875.2,,45.258857,6.039622
2026-03-15T09:55:42+00:00,123,0.864,1875.2,,45.258857,6.039622
2026-03-15T09:55:44+00:00,123,0.36000000000000004,1875.4,,45.258861,6.03962
2026-03-15T09:55:47+00:00,121,0.5760000000000001,1875.4,,45.258857,6.039622
2026-03-15T09:55:53+00:00,121,0.1188,1875.2,,45.258857,6.039622
2026-03-15T09:55:54+00:00,125,0.0,1875.2,,45.258857,6.039622
2026-03-15T09:55:55+00:00,135,0.0,1875.2,,45.258857,6.039622
2026-03-15T09:55:56+00:00,144,0.0,1875.2,,45.258857,6.039622
2026-03-15T09:56:02+00:00,144,0.0,1875.2,,45.258857,6.039622
2026-03-15T09:56:05+00:00,143,0.0,1875.2,,45.258857,6.039622
2026-03-15T09:56:10+00:00,139,0.0,1875.4,,45.258857,6.039622
2026-03-15T09:56:11+00:00,135,0.0,1875.4,,45.258857,6.039622
2026-03-15T09:56:12+00:00,132,0.0,1875.4,,45.258857,6.039622
2026-03-15T09:56:14+00:00,134,0.0,1875.2,,45.258857,6.039622
2026-03-15T09:56:20+00:00,134,0.0,1875.4,,45.258857,6.039622
2026-03-15T09:56:26+00:00,134,0.0,1875.2,,45.258857,6.039622
2026-03-15T09:56:29+00:00,134,0.7595999999999999,1875.2,,45.258857,6.039622
2026-03-15T09:56:35+00:00,132,0.7595999999999999,1875.2,,45.258857,6.039622
2026-03-15T09:56:41+00:00,129,0.0,1875.2,,45.258857,6.039622
2026-03-15T09:56:46+00:00,126,0.0,1875.0,,45.258857,6.039622
2026-03-15T09:56:49+00:00,123,0.0,1875.0,,45.258857,6.039622
2026-03-15T09:56:52+00:00,120,0.0,1875.0,,45.258857,6.039622
2026-03-15T09:56:57+00:00,117,0.0,1875.0,,45.258857,6.039622
2026-03-15T09:57:00+00:00,113,0.0,1875.0,,45.258857,6.039622
2026-03-15T09:57:01+00:00,107,0.0,1875.0,,45.258857,6.039622
2026-03-15T09:57:07+00:00,106,0.0,1875.0,,45.258857,6.039622
2026-03-15T09:57:13+00:00,107,0.0,1875.0,,45.258857,6.039622
2026-03-15T09:57:16+00:00,106,0.0,1875.0,,45.258857,6.039622
2026-03-15T09:57:22+00:00,107,0.0,1875.0,,45.258857,6.039622
2026-03-15T09:57:24+00:00,107,0.0,1874.8,,45.258857,6.039622
2026-03-15T09:57:30+00:00,108,0.0,1874.8,,45.258857,6.039622
2026-03-15T09:57:34+00:00,109,0.0,1874.6,,45.258857,6.039622
2026-03-15T09:57:38+00:00,112,0.0,1874.6,,45.258857,6.039622
2026-03-15T09:57:44+00:00,113,0.0,1874.4,,45.258857,6.039622
2026-03-15T09:57:50+00:00,113,0.0,1874.6,,45.258857,6.039622
2026-03-15T09:57:51+00:00,112,0.0,1874.6,,45.258857,6.039622
2026-03-15T09:57:57+00:00,111,0.0,1874.4,,45.258857,6.039622
2026-03-15T09:58:03+00:00,111,0.0,1874.4,,45.258857,6.039622
2026-03-15T09:58:09+00:00,109,0.0,1874.4,,45.258857,6.039622
2026-03-15T09:58:14+00:00,107,0.0,1874.6,,45.258857,6.039622
2026-03-15T09:58:18+00:00,110,0.0,1874.4,,45.258857,6.039622
2026-03-15T09:58:21+00:00,113,0.0,1874.4,,45.258857,6.039622
2026-03-15T09:58:24+00:00,112,0.0,1874.4,,45.258857,6.039622
2026-03-15T09:58:28+00:00,109,0.0,1874.4,,45.258857,6.039622
2026-03-15T09:58:29+00:00,104,0.0,1874.4,,45.258863,6.039616
2026-03-15T09:58:30+00:00,100,0.47880000000000006,1874.4,,45.258857,6.039622
2026-03-15T09:58:33+00:00,99,0.5760000000000001,1874.4,,45.258857,6.039622
2026-03-15T09:58:39+00:00,99,0.0,1874.2,,45.258857,6.039622
2026-03-15T09:58:45+00:00,100,0.0,1874.2,,45.258857,6.039622
2026-03-15T09:58:48+00:00,100,0.1188,1874.2,,45.258857,6.039622
2026-03-15T09:58:54+00:00,100,0.1188,1874.2,,45.258857,6.039622
2026-03-15T09:59:00+00:00,102,0.0,1874.0,,45.258857,6.039622
2026-03-15T09:59:05+00:00,101,0.0,1874.0,,45.258857,6.039622
2026-03-15T09:59:10+00:00,98,0.0,1874.0,,45.258857,6.039622
2026-03-15T09:59:16+00:00,96,0.0,1873.8,,45.258857,6.039622
2026-03-15T09:59:22+00:00,97,0.0,1873.8,,45.258857,6.039622
2026-03-15T09:59:28+00:00,96,0.0,1873.8,,45.258857,6.039622
2026-03-15T09:59:30+00:00,96,0.0,1873.8,,45.258857,6.039622
2026-03-15T09:59:36+00:00,96,0.0,1873.6,,45.258857,6.039622
2026-03-15T09:59:38+00:00,97,2.07,1873.6,,45.258898,6.039649
2026-03-15T09:59:39+00:00,97,3.6,1873.2,,45.258938,6.03966
2026-03-15T09:59:41+00:00,97,12.312,1871.6,,45.259012,6.039688
2026-03-15T09:59:42+00:00,97,12.6612,1870.2,,45.259047,6.039704
2026-03-15T09:59:44+00:00,97,13.392000000000001,1869.2,,45.259098,6.039735
2026-03-15T09:59:45+00:00,97,13.9212,1868.4,,45.259112,6.039793
2026-03-15T09:59:46+00:00,97,15.984000000000002,1866.4,,45.259108,6.039887
2026-03-15T09:59:48+00:00,98,20.16,1862.8,,45.259127,6.040086
2026-03-15T09:59:50+00:00,99,30.816000000000003,1859.0,,45.259222,6.0403
2026-03-15T09:59:51+00:00,100,33.264,1854.8,,45.25928,6.040411
2026-03-15T09:59:52+00:00,100,33.7212,1852.8,,45.259332,6.040518
2026-03-15T09:59:55+00:00,102,35.064,1851.2,,45.259463,6.04079
2026-03-15T09:59:57+00:00,103,28.656,1849.8,,45.259526,6.040913
2026-03-15T09:59:58+00:00,103,26.82,1849.6,,45.259554,6.040961
2026-03-15T09:59:59+00:00,103,25.3548,1849.2,,45.259577,6.041014
2026-03-15T10:00:01+00:00,105,17.8812,1849.4,,45.259616,6.041103
2026-03-15T10:00:02+00:00,106,14.976,1849.6,,45.259619,6.041138
2026-03-15T10:00:06+00:00,104,10.8,1849.4,,45.259686,6.041269
2026-03-15T10:00:10+00:00,103,9.81,1849.2,,45.259728,6.041373
2026-03-15T10:00:12+00:00,102,8.0388,1849.0,,45.259751,6.041415
2026-03-15T10:00:16+00:00,106,10.1988,1847.6,,45.259848,6.041518
2026-03-15T10:00:17+00:00,107,13.464,1846.6,,45.259864,6.041588
2026-03-15T10:00:18+00:00,109,15.001199999999999,1845.4,,45.259878,6.041667
2026-03-15T10:00:19+00:00,112,16.250400000000003,1843.8,,45.259927,6.041726
2026-03-15T10:00:20+00:00,112,18.090000000000003,1840.6,,45.259987,6.041805
2026-03-15T10:00:21+00:00,112,18.090000000000003,1837.0,,45.260011,6.041919
2026-03-15T10:00:22+00:00,114,28.296000000000003,1834.8,,45.260007,6.042013
2026-03-15T10:00:23+00:00,118,29.232,1833.0,,45.260029,6.042108
2026-03-15T10:00:24+00:00,122,30.384,1831.2,,45.26007,6.042204
2026-03-15T10:00:25+00:00,128,29.664,1828.4,,45.260073,6.042302
2026-03-15T10:00:26+00:00,131,25.56,1826.0,,45.260048,6.042356
2026-03-15T10:00:27+00:00,134,24.768,1823.8,,45.260023,6.042381
2026-03-15T10:00:29+00:00,135,13.392000000000001,1823.0,,45.260031,6.042379
2026-03-15T10:00:30+00:00,134,8.424,1823.0,,45.260036,6.042383
2026-03-15T10:00:35+00:00,131,1.1988,1822.8,,45.260037,6.042386
2026-03-15T10:00:36+00:00,129,0.7812,1822.8,,45.260037,6.042386
2026-03-15T10:00:37+00:00,127,0.6696,1822.8,,45.260037,6.042386
2026-03-15T10:00:38+00:00,125,0.5832,1822.8,,45.260037,6.042386
2026-03-15T10:00:40+00:00,120,3.9600000000000004,1822.8,,45.260054,6.042445
2026-03-15T10:00:41+00:00,118,7.848000000000001,1822.0,,45.260055,6.042512
2026-03-15T10:00:42+00:00,117,11.376000000000001,1820.8,,45.260063,6.042576
2026-03-15T10:00:43+00:00,116,15.624,1819.0,,45.260092,6.042647
2026-03-15T10:00:44+00:00,115,16.498800000000003,1816.8,,45.260091,6.042723
2026-03-15T10:00:45+00:00,115,19.944,1814.4,,45.260069,6.042787
2026-03-15T10:00:46+00:00,115,20.088,1812.2,,45.260091,6.042859
2026-03-15T10:00:47+00:00,115,22.392,1809.6,,45.260098,6.042939
2026-03-15T10:00:48+00:00,115,21.96,1807.4,,45.260075,6.042999
2026-03-15T10:00:49+00:00,115,21.816,1805.4,,45.260083,6.043075
2026-03-15T10:00:50+00:00,115,22.32,1802.8,,45.260112,6.04315
2026-03-15T10:00:51+00:00,115,22.32,1800.4,,45.260106,6.043223
2026-03-15T10:00:52+00:00,115,22.896,1798.6,,45.260086,6.043299
2026-03-15T10:00:53+00:00,115,23.328000000000003,1796.4,,45.26011,6.043373
2026-03-15T10:00:54+00:00,116,23.759999999999998,1794.4,,45.260126,6.043453
2026-03-15T10:00:55+00:00,115,21.312,1792.6,,45.260113,6.043488
2026-03-15T10:00:56+00:00,115,20.592,1791.6,,45.260091,6.043541
2026-03-15T10:00:57+00:00,115,19.224,1790.0,,45.260102,6.043603
2026-03-15T10:00:58+00:00,115,19.512,1788.4,,45.260133,6.043676
2026-03-15T10:00:59+00:00,115,19.368,1786.6,,45.260122,6.043754
2026-03-15T10:01:00+00:00,114,21.744,1784.2,,45.26009,6.043824
2026-03-15T10:01:01+00:00,114,22.608,1782.0,,45.260093,6.043901
2026-03-15T10:01:02+00:00,114,23.256,1780.4,,45.260116,6.043972
2026-03-15T10:01:03+00:00,113,22.896,1778.8,,45.260123,6.044047
2026-03-15T10:01:04+00:00,113,22.68,1777.6,,45.260122,6.044119
2026-03-15T10:01:05+00:00,113,21.6,1776.0,,45.260154,6.044168
2026-03-15T10:01:06+00:00,113,21.816,1774.2,,45.26018,6.044238
2026-03-15T10:01:07+00:00,113,20.016,1772.8,,45.260168,6.044282
2026-03-15T10:01:08+00:00,114,19.8,1771.4,,45.26016,6.044355
2026-03-15T10:01:09+00:00,114,18.0,1770.4,,45.260185,6.044384
2026-03-15T10:01:10+00:00,115,16.92,1769.2,,45.260215,6.044376
2026-03-15T10:01:12+00:00,116,12.312,1768.0,,45.260243,6.044356
2026-03-15T10:01:14+00:00,118,6.048,1767.8,,45.260238,6.044362
2026-03-15T10:01:18+00:00,121,0.36000000000000004,1768.2,,45.260236,6.044358
2026-03-15T10:01:19+00:00,128,0.432,1768.2,,45.260236,6.044358
2026-03-15T10:01:20+00:00,137,0.36000000000000004,1768.2,,45.260236,6.044358
2026-03-15T10:01:22+00:00,140,0.27,1768.2,,45.260236,6.044358
2026-03-15T10:01:28+00:00,141,0.0,1768.0,,45.260236,6.044358
2026-03-15T10:01:31+00:00,139,0.0,1768.0,,45.260236,6.044358
2026-03-15T10:01:33+00:00,136,0.0,1768.0,,45.260236,6.044358
2026-03-15T10:01:34+00:00,133,0.0,1767.8,,45.260236,6.044358
2026-03-15T10:01:36+00:00,130,0.0,1767.8,,45.260236,6.044358
2026-03-15T10:01:42+00:00,129,0.0,1768.0,,45.260236,6.044358
2026-03-15T10:01:45+00:00,128,0.0,1768.0,,45.260236,6.044358
2026-03-15T10:01:49+00:00,125,0.0504,1768.0,,45.260236,6.044358
2026-03-15T10:01:51+00:00,124,0.2988,1768.0,,45.260238,6.044369
2026-03-15T10:01:54+00:00,122,8.136,1767.2,,45.260263,6.044502
2026-03-15T10:01:55+00:00,121,9.8388,1766.2,,45.260288,6.044561
2026-03-15T10:01:56+00:00,121,15.768,1764.6,,45.260334,6.044608
2026-03-15T10:01:57+00:00,120,17.0388,1763.0,,45.260356,6.044679
2026-03-15T10:01:58+00:00,119,18.104400000000002,1761.6,,45.260391,6.044754
2026-03-15T10:01:59+00:00,118,23.112000000000002,1759.4,,45.260434,6.044836
2026-03-15T10:02:00+00:00,118,24.552000000000003,1757.6,,45.260459,6.044922
2026-03-15T10:02:01+00:00,118,25.776,1755.0,,45.260516,6.044986
2026-03-15T10:02:02+00:00,117,28.512,1751.8,,45.260575,6.045057
2026-03-15T10:02:03+00:00,116,27.864,1749.0,,45.260585,6.045133
2026-03-15T10:02:04+00:00,116,25.56,1746.6,,45.260577,6.045194
2026-03-15T10:02:05+00:00,116,22.968,1745.2,,45.260605,6.045224
2026-03-15T10:02:06+00:00,116,20.88,1743.4,,45.260649,6.045225
2026-03-15T10:02:07+00:00,116,18.432000000000002,1742.0,,45.260689,6.045221
2026-03-15T10:02:08+00:00,119,17.856,1740.8,,45.260737,6.045242
2026-03-15T10:02:09+00:00,122,17.928,1739.2,,45.26076,6.045294
2026-03-15T10:02:10+00:00,125,19.368,1737.6,,45.260794,6.045349
2026-03-15T10:02:11+00:00,125,21.240000000000002,1735.6,,45.260841,6.045423
2026-03-15T10:02:12+00:00,125,22.68,1733.2,,45.260841,6.045517
2026-03-15T10:02:13+00:00,124,23.400000000000002,1731.6,,45.260824,6.0456
2026-03-15T10:02:14+00:00,123,25.848,1729.0,,45.260844,6.045698
2026-03-15T10:02:15+00:00,124,27.503999999999998,1726.8,,45.26089,6.04578
2026-03-15T10:02:16+00:00,124,27.576,1723.6,,45.2609,6.045877
2026-03-15T10:02:17+00:00,124,27.503999999999998,1720.8,,45.260894,6.045962
2026-03-15T10:02:18+00:00,124,27.215999999999998,1719.0,,45.260928,6.046021
2026-03-15T10:02:19+00:00,124,26.28,1716.6,,45.260988,6.046054
2026-03-15T10:02:20+00:00,123,24.768,1715.2,,45.261021,6.046114
2026-03-15T10:02:21+00:00,123,24.48,1714.0,,45.261065,6.046181
2026-03-15T10:02:22+00:00,116,24.336,1712.2,,45.261122,6.046198
2026-03-15T10:02:23+00:00,110,24.696,1710.2,,45.261168,6.04624
2026-03-15T10:02:24+00:00,107,24.048,1708.4,,45.261203,6.0463
2026-03-15T10:02:25+00:00,106,23.976000000000003,1706.6,,45.261248,6.046328
2026-03-15T10:02:26+00:00,106,22.608,1705.6,,45.261296,6.046311
2026-03-15T10:02:27+00:00,107,22.104,1704.0,,45.261351,6.046293
2026-03-15T10:02:28+00:00,108,22.032,1702.4,,45.261398,6.046339
2026-03-15T10:02:29+00:00,109,22.104,1700.8,,45.261441,6.046393
2026-03-15T10:02:30+00:00,109,22.248,1699.0,,45.261494,6.046399
2026-03-15T10:02:31+00:00,109,22.032,1697.6,,45.261535,6.046373
2026-03-15T10:02:32+00:00,110,21.744,1696.6,,45.261591,6.046361
2026-03-15T10:02:33+00:00,110,21.96,1695.4,,45.261652,6.046381
2026-03-15T10:02:34+00:00,110,22.176000000000002,1694.4,,45.261703,6.04643
2026-03-15T10:02:35+00:00,109,23.544,1693.2,,45.261729,6.046525
2026-03-15T10:02:36+00:00,109,23.976000000000003,1691.6,,45.261705,6.046586
2026-03-15T10:02:37+00:00,108,23.184,1689.8,,45.261705,6.046648
2026-03-15T10:02:38+00:00,107,22.248,1687.8,,45.261724,6.046712
2026-03-15T10:02:39+00:00,105,20.736,1685.8,,45.261722,6.046768
2026-03-15T10:02:40+00:00,105,18.576,1684.2,,45.26171,6.046825
2026-03-15T10:02:41+00:00,106,18.215999999999998,1682.6,,45.261731,6.046885
2026-03-15T10:02:42+00:00,109,19.512,1680.6,,45.261745,6.046963
2026-03-15T10:02:43+00:00,111,20.52,1678.8,,45.261733,6.047049
2026-03-15T10:02:44+00:00,114,23.328000000000003,1676.4,,45.26174,6.047152
2026-03-15T10:02:45+00:00,114,25.92,1675.0,,45.261776,6.047254
2026-03-15T10:02:46+00:00,113,29.232,1671.8,,45.261807,6.047371
2026-03-15T10:02:47+00:00,112,31.392000000000003,1669.6,,45.261796,6.047488
2026-03-15T10:02:48+00:00,113,33.480000000000004,1665.8,,45.261773,6.04761
2026-03-15T10:02:49+00:00,113,33.264,1663.6,,45.261732,6.047696
2026-03-15T10:02:50+00:00,112,32.25600000000001,1663.0,,45.261718,6.047783
2026-03-15T10:02:51+00:00,113,29.16,1662.4,,45.261731,6.047852
2026-03-15T10:02:53+00:00,115,23.759999999999998,1661.8,,45.261718,6.047978
2026-03-15T10:02:55+00:00,116,17.28,1661.2,,45.261682,6.048035
2026-03-15T10:02:56+00:00,115,15.552000000000001,1661.0,,45.261674,6.04807
2026-03-15T10:02:58+00:00,111,8.496,1660.8,,45.261677,6.048109
2026-03-15T10:03:01+00:00,112,4.6080000000000005,1661.0,,45.261686,6.048146
2026-03-15T10:03:02+00:00,115,3.8988,1661.0,,45.261687,6.048147
2026-03-15T10:03:08+00:00,117,0.0504,1661.0,,45.261687,6.048147
2026-03-15T10:03:09+00:00,119,0.0,1661.0,,45.261687,6.048147
2026-03-15T10:03:15+00:00,117,0.0,1661.0,,45.261687,6.048147
2026-03-15T10:03:16+00:00,114,0.0,1661.0,,45.261687,6.048147
2026-03-15T10:03:18+00:00,114,0.0,1661.0,,45.261687,6.048147
2026-03-15T10:03:22+00:00,117,0.0,1661.2,,45.261687,6.048147
2026-03-15T10:03:24+00:00,120,0.0,1661.2,,45.261687,6.048147
2026-03-15T10:03:25+00:00,123,0.0,1661.0,,45.261683,6.048148
2026-03-15T10:03:26+00:00,129,0.09000000000000001,1661.0,,45.261683,6.048147
2026-03-15T10:03:28+00:00,132,1.26,1661.0,,45.26169,6.04812
2026-03-15T10:03:29+00:00,132,2.736,1661.0,,45.261692,6.048099
2026-03-15T10:03:32+00:00,132,4.2588,1661.0,,45.261696,6.048053
2026-03-15T10:03:37+00:00,131,4.0968,1661.2,,45.261704,6.047982
2026-03-15T10:03:42+00:00,131,2.232,1661.4,,45.261712,6.04798
2026-03-15T10:03:48+00:00,131,0.198,1661.4,,45.261712,6.04798
2026-03-15T10:03:50+00:00,130,0.0,1661.4,,45.261712,6.04798
2026-03-15T10:03:56+00:00,128,0.0,1661.4,,45.261712,6.04798
2026-03-15T10:04:01+00:00,127,1.08,1661.8,,45.261736,6.047955
2026-03-15T10:04:05+00:00,128,2.4408000000000003,1662.0,,45.26175,6.047991
2026-03-15T10:04:11+00:00,127,3.492,1662.0,,45.261789,6.048067
2026-03-15T10:04:17+00:00,128,2.4912,1662.0,,45.261793,6.048067
2026-03-15T10:04:22+00:00,127,0.522,1662.2,,45.261793,6.048067
2026-03-15T10:04:28+00:00,128,0.0972,1661.8,,45.261793,6.048067
2026-03-15T10:04:30+00:00,129,0.0432,1661.8,,45.261793,6.048067
2026-03-15T10:04:36+00:00,130,0.0,1661.8,,45.261793,6.048067
2026-03-15T10:04:40+00:00,130,0.0,1661.8,,45.261793,6.048067
2026-03-15T10:04:44+00:00,127,0.0,1661.8,,45.261793,6.048067
2026-03-15T10:04:47+00:00,124,0.0,1662.0,,45.261793,6.048067
2026-03-15T10:04:51+00:00,121,0.5652,1662.2,,45.261803,6.04805
2026-03-15T10:04:52+00:00,121,0.792,1662.2,,45.261805,6.048052
2026-03-15T10:04:57+00:00,119,1.9800000000000002,1662.8,,45.261818,6.048032
2026-03-15T10:05:00+00:00,116,1.4868,1662.6,,45.261818,6.048032
2026-03-15T10:05:05+00:00,117,0.36000000000000004,1662.2,,45.261829,6.04804
2026-03-15T10:05:11+00:00,119,0.3276,1662.6,,45.261829,6.048049
2026-03-15T10:05:12+00:00,119,0.1044,1662.6,,45.261829,6.048049
2026-03-15T10:05:17+00:00,116,0.0,1662.6,,45.261829,6.048049
2026-03-15T10:05:21+00:00,116,0.0,1662.8,,45.261829,6.048049
2026-03-15T10:05:27+00:00,118,0.14400000000000002,1662.8,,45.261844,6.048046
2026-03-15T10:05:33+00:00,119,0.1188,1662.8,,45.261844,6.048046
2026-03-15T10:05:36+00:00,119,0.0,1663.0,,45.261844,6.048046
2026-03-15T10:05:42+00:00,121,0.0,1663.0,,45.261844,6.048046
2026-03-15T10:05:43+00:00,125,0.0,1663.0,,45.261844,6.048046
2026-03-15T10:05:44+00:00,123,0.0,1663.2,,45.261844,6.048046
2026-03-15T10:05:46+00:00,120,0.0,1663.2,,45.261844,6.048046
2026-03-15T10:05:47+00:00,115,0.0,1663.2,,45.261844,6.048046
2026-03-15T10:05:48+00:00,111,0.0,1663.0,,45.261844,6.048046
2026-03-15T10:05:52+00:00,108,0.0,1663.2,,45.261844,6.048046
2026-03-15T10:05:55+00:00,103,0.0,1663.2,,45.261844,6.048046
2026-03-15T10:05:57+00:00,99,0.0,1663.4,,45.261844,6.048046
2026-03-15T10:06:00+00:00,99,0.0,1663.6,,45.261844,6.048046
2026-03-15T10:06:06+00:00,98,0.0,1663.8,,45.261844,6.048046
2026-03-15T10:06:09+00:00,98,0.1188,1663.8,,45.261844,6.048046
2026-03-15T10:06:15+00:00,97,0.1188,1663.6,,45.261844,6.048046
2026-03-15T10:06:20+00:00,101,0.0,1663.8,,45.261844,6.048046
2026-03-15T10:06:22+00:00,105,0.0504,1663.8,,45.261844,6.048046
2026-03-15T10:06:23+00:00,109,0.0468,1663.8,,45.261844,6.048046
2026-03-15T10:06:26+00:00,110,0.061200000000000004,1663.8,,45.261844,6.048046
2026-03-15T10:06:32+00:00,108,0.0,1663.8,,45.261844,6.048046
2026-03-15T10:06:35+00:00,109,0.0,1663.8,,45.261844,6.048046
2026-03-15T10:06:38+00:00,106,0.0,1663.6,,45.261844,6.048046
2026-03-15T10:06:42+00:00,104,1.2348000000000001,1663.6,,45.261822,6.048034
2026-03-15T10:06:47+00:00,105,0.9612,1663.6,,45.261812,6.048017
2026-03-15T10:06:51+00:00,108,0.0,1663.8,,45.261812,6.048017
2026-03-15T10:06:57+00:00,109,0.0,1663.4,,45.261812,6.048017
2026-03-15T10:07:03+00:00,107,0.0,1663.6,,45.261813,6.04802
2026-03-15T10:07:05+00:00,106,0.0,1663.6,,45.261812,6.048017
2026-03-15T10:07:11+00:00,108,1.2168,1663.6,,45.261818,6.048057
2026-03-15T10:07:14+00:00,111,1.08,1663.6,,45.261818,6.048057
2026-03-15T10:07:20+00:00,114,0.0,1663.6,,45.261818,6.048057
2026-03-15T10:07:26+00:00,114,0.45,1663.6,,45.261818,6.048077
2026-03-15T10:07:27+00:00,113,1.3896000000000002,1663.6,,45.26182,6.048093
2026-03-15T10:07:31+00:00,114,1.8,1663.6,,45.261809,6.048104
2026-03-15T10:07:34+00:00,115,3.4956,1663.6,,45.261794,6.048173
2026-03-15T10:07:38+00:00,116,7.1496,1663.4,,45.261768,6.048275
2026-03-15T10:07:43+00:00,118,4.4388000000000005,1663.4,,45.261741,6.048284
2026-03-15T10:07:49+00:00,115,0.882,1663.4,,45.261741,6.048284
2026-03-15T10:07:54+00:00,112,0.0,1663.2,,45.261741,6.048284
2026-03-15T10:07:56+00:00,108,0.0,1663.2,,45.261741,6.048284
2026-03-15T10:08:02+00:00,107,0.0432,1663.4,,45.261742,6.048286
2026-03-15T10:08:05+00:00,108,1.1592,1663.4,,45.26173,6.04832
2026-03-15T10:08:10+00:00,108,2.52,1663.2,,45.26171,6.048339
2026-03-15T10:08:16+00:00,110,0.918,1663.0,,45.261713,6.048337
2026-03-15T10:08:17+00:00,110,0.0,1663.0,,45.261713,6.048337
2026-03-15T10:08:23+00:00,111,0.0,1663.2,,45.261713,6.048337
2026-03-15T10:08:26+00:00,112,0.0,1663.4,,45.261713,6.048337
2026-03-15T10:08:32+00:00,114,0.0,1663.0,,45.261713,6.048337
2026-03-15T10:08:38+00:00,113,0.0,1663.2,,45.261713,6.048337
2026-03-15T10:08:44+00:00,111,0.0,1663.0,,45.261713,6.048337
2026-03-15T10:08:46+00:00,111,0.2268,1663.0,,45.261713,6.048337
2026-03-15T10:08:50+00:00,111,1.6812,1663.0,,45.261704,6.048361
2026-03-15T10:08:56+00:00,110,0.8280000000000001,1663.0,,45.261702,6.048355
2026-03-15T10:09:01+00:00,108,0.0,1663.0,,45.261702,6.048355
2026-03-15T10:09:06+00:00,105,0.0,1663.0,,45.261702,6.048355
2026-03-15T10:09:10+00:00,109,0.0,1663.0,,45.261702,6.048355
2026-03-15T10:09:15+00:00,108,0.0,1663.2,,45.261702,6.048355
2026-03-15T10:09:16+00:00,105,0.0,1663.2,,45.261702,6.048355
2026-03-15T10:09:18+00:00,100,0.0,1663.2,,45.261702,6.048355
2026-03-15T10:09:22+00:00,99,0.8388000000000001,1663.2,,45.261687,6.048354
2026-03-15T10:09:28+00:00,98,0.7200000000000001,1663.2,,45.261683,6.048354
2026-03-15T10:09:30+00:00,98,0.27,1663.2,,45.261683,6.048354
2026-03-15T10:09:36+00:00,98,1.71,1663.2,,45.261647,6.048356
2026-03-15T10:09:37+00:00,98,2.3652,1663.2,,45.26164,6.048352
2026-03-15T10:09:43+00:00,100,1.08,1663.0,,45.261629,6.048349
2026-03-15T10:09:44+00:00,101,0.6696,1663.0,,45.261636,6.048351
2026-03-15T10:09:50+00:00,102,0.0,1663.0,,45.261636,6.048351
2026-03-15T10:09:56+00:00,103,0.0,1663.2,,45.261636,6.048351
2026-03-15T10:09:58+00:00,103,0.0,1663.4,,45.261636,6.048351
2026-03-15T10:10:01+00:00,107,0.0,1663.4,,45.261636,6.048351
2026-03-15T10:10:07+00:00,108,0.0,1663.6,,45.261636,6.048351
2026-03-15T10:10:08+00:00,109,0.0,1663.6,,45.261636,6.048351
2026-03-15T10:10:14+00:00,108,0.9252,1663.6,,45.261622,6.048336
2026-03-15T10:10:15+00:00,108,0.9252,1663.6,,45.261622,6.048336
2026-03-15T10:10:21+00:00,110,0.0,1663.8,,45.261622,6.048336
2026-03-15T10:10:24+00:00,111,0.0,1663.8,,45.261622,6.048336
2026-03-15T10:10:28+00:00,108,0.0,1663.8,,45.261622,6.048336
2026-03-15T10:10:31+00:00,109,0.0,1663.8,,45.261622,6.048336
2026-03-15T10:10:34+00:00,113,0.1188,1663.8,,45.261617,6.048333
2026-03-15T10:10:37+00:00,116,2.52,1663.4,,45.261594,6.048301
2026-03-15T10:10:43+00:00,113,1.5984,1663.6,,45.261596,6.048305
2026-03-15T10:10:46+00:00,110,0.0,1663.8,,45.261596,6.048305
2026-03-15T10:10:51+00:00,113,0.0,1663.6,,45.261596,6.048305
2026-03-15T10:10:54+00:00,110,0.0,1663.6,,45.261596,6.048305
2026-03-15T10:10:58+00:00,114,1.8504,1663.6,,45.261574,6.04827
2026-03-15T10:10:59+00:00,120,2.8080000000000003,1663.6,,45.261572,6.048268
2026-03-15T10:11:05+00:00,121,1.1304,1663.6,,45.261565,6.048246
2026-03-15T10:11:06+00:00,121,0.9756000000000001,1663.8,,45.261565,6.048246
2026-03-15T10:11:12+00:00,120,0.0,1663.6,,45.261565,6.048246
2026-03-15T10:11:18+00:00,120,0.5112,1663.8,,45.261561,6.048225
2026-03-15T10:11:19+00:00,120,1.08,1663.8,,45.261559,6.04822
2026-03-15T10:11:25+00:00,119,0.46440000000000003,1663.8,,45.261558,6.048215
2026-03-15T10:11:26+00:00,119,0.2556,1663.8,,45.261558,6.048215
2026-03-15T10:11:32+00:00,119,1.5948,1663.8,,45.261545,6.048184
2026-03-15T10:11:33+00:00,119,1.7496,1663.8,,45.261543,6.048183
2026-03-15T10:11:37+00:00,116,0.432,1663.6,,45.261537,6.048177
2026-03-15T10:11:38+00:00,115,0.216,1663.8,,45.261538,6.048179
2026-03-15T10:11:39+00:00,112,0.7200000000000001,1663.8,,45.261533,6.048168
2026-03-15T10:11:44+00:00,112,0.7200000000000001,1663.6,,45.261516,6.04818
2026-03-15T10:11:50+00:00,113,0.36000000000000004,1663.4,,45.261504,6.0482
2026-03-15T10:11:56+00:00,111,2.3112,1662.8,,45.261472,6.04811
2026-03-15T10:12:01+00:00,110,9.6552,1664.0,,45.261372,6.047855
2026-03-15T10:12:02+00:00,109,9.6552,1664.8,,45.26134,6.047794
2026-03-15T10:12:03+00:00,110,17.1252,1665.8,,45.261311,6.047748
2026-03-15T10:12:04+00:00,109,16.8768,1667.2,,45.261291,6.047703
2026-03-15T10:12:05+00:00,109,16.5996,1669.2,,45.261269,6.047659
2026-03-15T10:12:06+00:00,110,16.56,1671.4,,45.261243,6.047615
2026-03-15T10:22:20+00:00,99,0.0252,2236.2,,45.253587,6.032737
2026-03-15T10:22:24+00:00,101,0.0036000000000000003,2236.0,,45.253587,6.032737
2026-03-15T10:22:26+00:00,100,0.4212,2236.2,,45.253591,6.032734
2026-03-15T10:22:29+00:00,100,6.912,2236.2,,45.253653,6.032828
2026-03-15T10:22:32+00:00,101,12.3588,2234.6,,45.253711,6.03295
2026-03-15T10:22:34+00:00,103,7.920000000000001,2233.6,,45.253714,6.032948
2026-03-15T10:22:38+00:00,104,0.6012000000000001,2233.2,,45.253714,6.032948
2026-03-15T10:22:44+00:00,105,0.36000000000000004,2233.8,,45.253714,6.032948
2026-03-15T10:22:45+00:00,105,0.0,2234.0,,45.253714,6.032948
2026-03-15T10:22:51+00:00,104,0.0,2233.4,,45.253714,6.032948
2026-03-15T10:22:57+00:00,106,0.0,2233.2,,45.253714,6.032948
2026-03-15T10:23:01+00:00,109,0.0,2233.0,,45.253714,6.032948
2026-03-15T10:23:05+00:00,110,0.0,2233.0,,45.253714,6.032948
2026-03-15T10:23:11+00:00,109,0.0,2232.6,,45.253714,6.032948
2026-03-15T10:23:12+00:00,109,0.0,2232.6,,45.253714,6.032948
2026-03-15T10:23:15+00:00,108,0.0,2232.2,,45.253714,6.032948
2026-03-15T10:23:21+00:00,107,0.15839999999999999,2232.2,,45.253714,6.032948
2026-03-15T10:23:25+00:00,105,0.14400000000000002,2232.4,,45.253714,6.032948
2026-03-15T10:23:31+00:00,103,0.0,2232.2,,45.253714,6.032948
2026-03-15T10:23:32+00:00,100,0.0,2232.0,,45.253714,6.032948
2026-03-15T10:23:36+00:00,97,0.0,2232.0,,45.253714,6.032948
2026-03-15T10:23:39+00:00,98,0.0,2231.8,,45.253714,6.032948
2026-03-15T10:23:42+00:00,101,0.0,2231.8,,45.253714,6.032948
2026-03-15T10:23:47+00:00,104,0.0,2232.0,,45.253714,6.032948
2026-03-15T10:23:49+00:00,107,0.0,2231.8,,45.253714,6.032948
2026-03-15T10:23:52+00:00,110,0.0,2231.8,,45.253714,6.032948
2026-03-15T10:23:55+00:00,105,0.0,2231.8,,45.253714,6.032948
2026-03-15T10:23:56+00:00,102,0.0,2231.8,,45.253714,6.032948
2026-03-15T10:23:57+00:00,99,0.0,2231.8,,45.253714,6.032948
2026-03-15T10:24:03+00:00,97,0.0,2231.8,,45.253714,6.032948
2026-03-15T10:24:05+00:00,100,0.0,2231.8,,45.253714,6.032948
2026-03-15T10:24:09+00:00,95,0.0,2231.6,,45.253714,6.032948
2026-03-15T10:24:13+00:00,93,0.0,2231.6,,45.253714,6.032948
2026-03-15T10:24:19+00:00,96,0.5040000000000001,2231.6,,45.253709,6.03293
2026-03-15T10:24:25+00:00,96,0.4212,2231.6,,45.253709,6.03293
2026-03-15T10:24:30+00:00,98,0.0,2231.6,,45.253709,6.03293
2026-03-15T10:24:32+00:00,101,0.0,2231.6,,45.253709,6.03293
2026-03-15T10:24:38+00:00,101,0.0,2231.4,,45.253709,6.03293
2026-03-15T10:24:42+00:00,104,0.0,2231.6,,45.253709,6.03293
2026-03-15T10:24:45+00:00,105,1.5444,2231.4,,45.253736,6.032915
2026-03-15T10:24:48+00:00,108,2.9988,2230.8,,45.253752,6.032903
2026-03-15T10:24:49+00:00,109,2.5704,2230.8,,45.253752,6.032903
2026-03-15T10:24:55+00:00,108,0.3096,2230.8,,45.253752,6.032903
2026-03-15T10:24:58+00:00,109,1.5191999999999999,2230.6,,45.253753,6.032857
2026-03-15T10:24:59+00:00,109,2.628,2230.4,,45.253766,6.032813
2026-03-15T10:25:00+00:00,108,7.344,2229.8,,45.253796,6.032782
2026-03-15T10:25:01+00:00,109,8.1,2229.0,,45.253828,6.032782
2026-03-15T10:25:02+00:00,109,8.8452,2228.0,,45.253855,6.032757
2026-03-15T10:25:03+00:00,109,11.232000000000001,2227.0,,45.253859,6.032733
2026-03-15T10:25:04+00:00,109,10.008,2226.0,,45.253859,6.032709
2026-03-15T10:25:06+00:00,110,8.064000000000002,2224.4,,45.253861,6.032651
2026-03-15T10:25:08+00:00,110,12.096,2222.8,,45.253914,6.032547
2026-03-15T10:25:09+00:00,110,14.832,2221.6,,45.253947,6.032487
2026-03-15T10:25:10+00:00,110,16.441200000000002,2219.8,,45.253981,6.032405
2026-03-15T10:25:11+00:00,110,20.736,2217.4,,45.254022,6.032362
2026-03-15T10:25:12+00:00,110,21.1212,2215.0,,45.254061,6.032341
2026-03-15T10:25:13+00:00,110,22.464000000000002,2213.2,,45.254119,6.032291
2026-03-15T10:25:14+00:00,110,24.12,2210.2,,45.254186,6.032237
2026-03-15T10:25:15+00:00,109,24.624,2207.6,,45.254256,6.032226
2026-03-15T10:25:16+00:00,110,26.064,2205.2,,45.254316,6.03217
2026-03-15T10:25:17+00:00,111,30.456000000000003,2201.6,,45.254366,6.032078
2026-03-15T10:25:18+00:00,113,31.968000000000004,2198.6,,45.254442,6.032017
2026-03-15T10:25:19+00:00,116,31.248,2195.4,,45.254509,6.032014
2026-03-15T10:25:20+00:00,117,32.472,2192.2,,45.254592,6.031975
2026-03-15T10:25:21+00:00,118,33.696,2188.6,,45.254674,6.031924
2026-03-15T10:25:22+00:00,118,34.632,2184.8,,45.254756,6.031935
2026-03-15T10:25:23+00:00,118,34.416000000000004,2182.4,,45.254837,6.031977
2026-03-15T10:25:24+00:00,119,36.431999999999995,2179.2,,45.254933,6.031967
2026-03-15T10:25:25+00:00,112,36.072,2175.6,,45.255017,6.031972
2026-03-15T10:25:26+00:00,105,32.904,2173.2,,45.255047,6.032023
2026-03-15T10:25:27+00:00,104,28.728,2171.2,,45.255036,6.032057
2026-03-15T10:25:28+00:00,102,22.968,2169.4,,45.255032,6.032067
2026-03-15T10:25:29+00:00,101,15.984000000000002,2168.0,,45.255036,6.032066
2026-03-15T10:25:31+00:00,102,6.264,2167.6,,45.255036,6.032066
2026-03-15T10:25:34+00:00,105,2.088,2168.8,,45.255036,6.032066
2026-03-15T10:25:40+00:00,104,1.1592,2169.0,,45.255036,6.032066
2026-03-15T10:25:41+00:00,105,0.0,2168.8,,45.255036,6.032066
2026-03-15T10:25:46+00:00,106,0.0,2168.4,,45.255036,6.032066
2026-03-15T10:25:48+00:00,109,0.0,2168.8,,45.255036,6.032066
2026-03-15T10:25:52+00:00,112,0.0,2167.0,,45.255036,6.032066
2026-03-15T10:25:53+00:00,111,0.0,2167.0,,45.255036,6.032066
2026-03-15T10:25:54+00:00,110,0.0,2166.8,,45.255036,6.032066
2026-03-15T10:25:57+00:00,113,0.28800000000000003,2167.4,,45.255036,6.032066
2026-03-15T10:25:59+00:00,117,0.28800000000000003,2167.6,,45.255036,6.032066
2026-03-15T10:26:01+00:00,120,0.20520000000000002,2167.6,,45.255036,6.032066
2026-03-15T10:26:06+00:00,120,0.0,2167.4,,45.255036,6.032066
2026-03-15T10:26:09+00:00,116,0.0,2167.4,,45.255036,6.032066
2026-03-15T10:26:10+00:00,113,0.0,2167.4,,45.255036,6.032066
2026-03-15T10:26:15+00:00,110,0.0,2167.6,,45.255036,6.032066
2026-03-15T10:26:18+00:00,107,0.0,2167.8,,45.255036,6.032066
2026-03-15T10:26:20+00:00,107,0.0,2168.0,,45.255036,6.032066
2026-03-15T10:26:21+00:00,107,0.0,2168.0,,45.255036,6.032066
2026-03-15T10:26:27+00:00,106,0.20520000000000002,2168.0,,45.255036,6.032066
2026-03-15T10:26:30+00:00,106,0.15839999999999999,2168.6,,45.255036,6.032066
2026-03-15T10:26:36+00:00,106,0.0,2167.6,,45.255036,6.032066
2026-03-15T10:26:38+00:00,109,0.0,2167.4,,45.255036,6.032066
2026-03-15T10:26:41+00:00,105,0.0,2167.6,,45.255036,6.032066
2026-03-15T10:26:42+00:00,97,0.0,2167.8,,45.255036,6.032066
2026-03-15T10:26:43+00:00,91,0.0,2167.8,,45.255036,6.032066
2026-03-15T10:26:49+00:00,92,0.0,2168.0,,45.255036,6.032066
2026-03-15T10:26:54+00:00,96,0.0,2168.6,,45.255036,6.032066
2026-03-15T10:26:55+00:00,99,0.0,2168.6,,45.255036,6.032066
2026-03-15T10:26:56+00:00,103,0.0,2168.8,,45.255036,6.032066
2026-03-15T10:26:58+00:00,103,0.0,2169.0,,45.255036,6.032066
2026-03-15T10:27:02+00:00,100,0.0,2169.0,,45.255036,6.032066
2026-03-15T10:27:04+00:00,103,0.0,2168.8,,45.255036,6.032066
2026-03-15T10:27:06+00:00,106,0.0,2168.6,,45.255036,6.032066
2026-03-15T10:27:12+00:00,107,0.18000000000000002,2168.0,,45.255029,6.032072
2026-03-15T10:27:14+00:00,107,0.18000000000000002,2168.0,,45.255036,6.032066
2026-03-15T10:27:20+00:00,105,0.9468000000000001,2167.8,,45.25502,6.032086
2026-03-15T10:27:22+00:00,106,3.33,2167.4,,45.254989,6.03214
2026-03-15T10:27:24+00:00,103,5.436,2167.0,,45.254937,6.032218
2026-03-15T10:27:25+00:00,102,5.436,2166.8,,45.254904,6.032266
2026-03-15T10:27:26+00:00,100,14.461200000000002,2165.8,,45.254863,6.032328
2026-03-15T10:27:28+00:00,100,17.7588,2164.0,,45.254807,6.032434
2026-03-15T10:27:29+00:00,101,18.36,2163.4,,45.254785,6.032473
2026-03-15T10:27:30+00:00,100,16.56,2163.0,,45.254767,6.032497
2026-03-15T10:27:32+00:00,101,12.1212,2162.0,,45.254749,6.032532
2026-03-15T10:27:33+00:00,102,7.632000000000001,2161.6,,45.25475,6.032532
2026-03-15T10:27:35+00:00,106,5.112,2161.8,,45.254746,6.032567
2026-03-15T10:27:36+00:00,107,6.0012,2161.8,,45.254739,6.032606
2026-03-15T10:27:39+00:00,108,8.8812,2160.2,,45.254707,6.032722
2026-03-15T10:27:41+00:00,110,10.08,2158.4,,45.25471,6.032787
2026-03-15T10:27:43+00:00,109,13.114799999999999,2156.0,,45.254701,6.032921
2026-03-15T10:27:44+00:00,108,15.912,2155.0,,45.254696,6.033005
2026-03-15T10:27:45+00:00,108,16.2,2153.6,,45.25468,6.033064
2026-03-15T10:27:46+00:00,107,19.008000000000003,2152.4,,45.254671,6.033119
2026-03-15T10:27:47+00:00,106,17.9388,2151.6,,45.254673,6.033168
2026-03-15T10:27:48+00:00,106,17.64,2151.2,,45.254682,6.033226
2026-03-15T10:27:49+00:00,106,17.064,2150.8,,45.254686,6.033295
2026-03-15T10:27:51+00:00,106,14.688,2150.2,,45.254669,6.033367
2026-03-15T10:27:52+00:00,105,14.184,2149.6,,45.254668,6.033407
2026-03-15T10:27:54+00:00,105,8.784,2148.2,,45.254674,6.033443
2026-03-15T10:27:55+00:00,105,7.6788,2147.8,,45.254673,6.033451
2026-03-15T10:27:57+00:00,106,3.168,2147.2,,45.25467,6.033453
2026-03-15T10:28:02+00:00,107,0.5147999999999999,2147.0,,45.25467,6.033453
2026-03-15T10:28:04+00:00,111,0.46440000000000003,2147.0,,45.25467,6.033453
2026-03-15T10:28:05+00:00,114,0.4068,2147.0,,45.25467,6.033453
2026-03-15T10:28:07+00:00,117,0.0,2147.0,,45.25467,6.033453
2026-03-15T10:28:10+00:00,118,3.672,2147.0,,45.254685,6.033519
2026-03-15T10:28:12+00:00,117,8.496,2146.2,,45.254735,6.033568
2026-03-15T10:28:13+00:00,117,10.620000000000001,2145.4,,45.254792,6.033563
2026-03-15T10:28:14+00:00,116,13.114799999999999,2144.2,,45.254866,6.033594
2026-03-15T10:28:15+00:00,116,19.584000000000003,2142.0,,45.254921,6.033639
2026-03-15T10:28:16+00:00,115,18.540000000000003,2140.0,,45.254942,6.033675
2026-03-15T10:28:17+00:00,116,19.44,2138.4,,45.254949,6.033713
2026-03-15T10:28:18+00:00,116,18.215999999999998,2136.8,,45.254948,6.033741
2026-03-15T10:28:20+00:00,117,7.704000000000001,2136.0,,45.254941,6.033731
2026-03-15T10:28:21+00:00,117,5.904,2135.8,,45.254944,6.033745
2026-03-15T10:28:25+00:00,117,2.3040000000000003,2135.6,,45.254944,6.033746
2026-03-15T10:28:28+00:00,114,1.0295999999999998,2135.8,,45.254944,6.033746
2026-03-15T10:28:30+00:00,109,0.0,2135.8,,45.254945,6.033747
2026-03-15T10:28:32+00:00,106,0.8748,2135.6,,45.254951,6.033767
2026-03-15T10:28:35+00:00,104,9.360000000000001,2134.6,,45.25497,6.03392
2026-03-15T10:28:36+00:00,104,10.501199999999999,2133.8,,45.254971,6.033982
2026-03-15T10:28:37+00:00,104,13.536,2133.0,,45.254968,6.034023
2026-03-15T10:28:38+00:00,102,13.741200000000001,2132.2,,45.254967,6.034068
2026-03-15T10:28:39+00:00,100,13.2696,2131.6,,45.254966,6.034105
2026-03-15T10:28:43+00:00,99,8.928,2130.8,,45.254959,6.034221
2026-03-15T10:28:44+00:00,99,7.704000000000001,2130.6,,45.25496,6.034238
2026-03-15T10:28:46+00:00,99,7.610399999999999,2130.0,,45.254957,6.034292
2026-03-15T10:28:50+00:00,96,6.4188,2129.6,,45.25495,6.034381
2026-03-15T10:28:54+00:00,95,9.0432,2128.8,,45.254977,6.034553
2026-03-15T10:28:55+00:00,95,12.744,2128.4,,45.254983,6.034608
2026-03-15T10:28:57+00:00,97,14.5548,2127.4,,45.255006,6.034749
2026-03-15T10:28:58+00:00,97,15.48,2126.8,,45.255013,6.034825
2026-03-15T10:28:59+00:00,97,19.224,2126.2,,45.255017,6.034902
2026-03-15T10:29:00+00:00,99,20.016,2125.6,,45.255012,6.034973
2026-03-15T10:29:01+00:00,100,19.738799999999998,2125.0,,45.255002,6.035039
2026-03-15T10:29:02+00:00,100,18.720000000000002,2124.2,,45.25499,6.035087
2026-03-15T10:29:03+00:00,99,17.928,2123.8,,45.254978,6.03514
2026-03-15T10:29:04+00:00,102,16.848,2123.2,,45.254982,6.035199
2026-03-15T10:29:05+00:00,105,16.128000000000004,2122.6,,45.255009,6.035248
2026-03-15T10:29:06+00:00,102,16.488,2122.0,,45.25505,6.035298
2026-03-15T10:29:07+00:00,100,18.648,2121.4,,45.255094,6.035363
2026-03-15T10:29:08+00:00,102,20.808,2120.4,,45.255122,6.035448
2026-03-15T10:29:09+00:00,103,22.248,2118.8,,45.255144,6.035529
2026-03-15T10:29:10+00:00,104,23.544,2117.4,,45.255169,6.035603
2026-03-15T10:29:11+00:00,104,23.832,2115.8,,45.255193,6.035676
2026-03-15T10:29:12+00:00,104,22.536,2114.2,,45.255211,6.035734
2026-03-15T10:29:13+00:00,103,21.384,2113.0,,45.255225,6.035791
2026-03-15T10:29:14+00:00,101,20.448,2111.6,,45.255232,6.035857
2026-03-15T10:29:16+00:00,99,19.44,2110.0,,45.255262,6.035995
2026-03-15T10:29:17+00:00,96,20.808,2108.6,,45.255296,6.036075
2026-03-15T10:29:18+00:00,93,22.536,2106.8,,45.255327,6.036155
2026-03-15T10:29:19+00:00,92,23.688000000000002,2105.4,,45.255361,6.036231
2026-03-15T10:29:20+00:00,91,23.698800000000002,2104.0,,45.255409,6.036287
2026-03-15T10:29:21+00:00,89,24.696,2102.6,,45.255456,6.036316
2026-03-15T10:29:22+00:00,88,22.392,2101.4,,45.255489,6.03633
2026-03-15T10:29:24+00:00,87,15.192,2100.2,,45.25552,6.036348
2026-03-15T10:29:28+00:00,86,9.0612,2099.2,,45.255553,6.036457
2026-03-15T10:29:29+00:00,86,10.224,2098.4,,45.255531,6.036508
2026-03-15T10:29:30+00:00,86,10.26,2097.4,,45.255502,6.036522
2026-03-15T10:29:31+00:00,90,10.850399999999999,2096.6,,45.255466,6.036538
2026-03-15T10:29:32+00:00,94,11.2068,2095.6,,45.255431,6.036562
2026-03-15T10:29:33+00:00,97,14.904,2094.6,,45.255394,6.036598
2026-03-15T10:29:34+00:00,101,15.120000000000001,2094.0,,45.255369,6.036652
2026-03-15T10:29:35+00:00,104,16.416,2093.4,,45.255367,6.036718
2026-03-15T10:29:37+00:00,105,18.288,2091.6,,45.255445,6.036809
2026-03-15T10:29:38+00:00,106,19.368,2090.2,,45.255494,6.036839
2026-03-15T10:29:39+00:00,106,19.08,2089.0,,45.255533,6.036862
2026-03-15T10:29:40+00:00,104,18.288,2087.4,,45.255565,6.036876
2026-03-15T10:29:41+00:00,104,16.56,2086.4,,45.255581,6.036899
2026-03-15T10:29:42+00:00,104,14.688,2085.6,,45.255581,6.036945
2026-03-15T10:29:43+00:00,104,14.04,2084.8,,45.255555,6.036991
2026-03-15T10:29:44+00:00,104,13.607999999999999,2083.6,,45.255522,6.037015
2026-03-15T10:29:46+00:00,104,13.104000000000001,2081.8,,45.255486,6.037055
2026-03-15T10:29:47+00:00,103,13.176,2080.8,,45.255459,6.037082
2026-03-15T10:29:48+00:00,102,12.384,2080.2,,45.25543,6.037106
2026-03-15T10:29:49+00:00,101,12.312,2079.4,,45.255396,6.037121
2026-03-15T10:29:51+00:00,100,12.888,2077.8,,45.25534,6.03713
2026-03-15T10:29:52+00:00,100,12.168,2076.8,,45.255316,6.037144
2026-03-15T10:29:53+00:00,100,11.952,2076.0,,45.255295,6.037182
2026-03-15T10:29:55+00:00,100,13.860000000000001,2074.6,,45.255329,6.037312
2026-03-15T10:29:56+00:00,100,16.92,2073.2,,45.255377,6.037364
2026-03-15T10:29:57+00:00,101,19.368,2071.4,,45.255424,6.037401
2026-03-15T10:29:58+00:00,102,20.592,2069.6,,45.255465,6.037434
2026-03-15T10:29:59+00:00,102,19.62,2067.2,,45.255501,6.037454
2026-03-15T10:30:00+00:00,104,18.503999999999998,2065.6,,45.25553,6.037465
2026-03-15T10:30:01+00:00,103,15.768,2064.4,,45.255552,6.037482
2026-03-15T10:30:02+00:00,104,14.04,2063.4,,45.25556,6.037532
2026-03-15T10:30:03+00:00,106,14.184,2062.4,,45.255541,6.037576
2026-03-15T10:30:04+00:00,107,13.895999999999999,2061.2,,45.255508,6.037595
2026-03-15T10:30:05+00:00,108,14.184,2060.0,,45.255476,6.037612
2026-03-15T10:30:06+00:00,109,14.544,2058.8,,45.255448,6.037621
2026-03-15T10:30:07+00:00,109,14.256,2057.6,,45.255423,6.037631
2026-03-15T10:30:09+00:00,109,11.088000000000001,2055.8,,45.255387,6.037648
2026-03-15T10:30:11+00:00,110,8.568,2054.6,,45.255357,6.037662
2026-03-15T10:30:13+00:00,110,9.6012,2053.6,,45.255308,6.037692
2026-03-15T10:30:15+00:00,110,9.72,2052.2,,45.255252,6.037714
2026-03-15T10:30:17+00:00,109,12.06,2050.4,,45.255194,6.037761
2026-03-15T10:30:19+00:00,108,12.06,2048.6,,45.255157,6.03782
2026-03-15T10:30:21+00:00,107,11.4588,2047.2,,45.255141,6.037883
2026-03-15T10:30:23+00:00,107,10.620000000000001,2045.8,,45.255132,6.037939
2026-03-15T10:30:25+00:00,106,8.8812,2044.0,,45.25512,6.037991
2026-03-15T10:30:27+00:00,106,5.8212,2042.8,,45.25512,6.037988
2026-03-15T10:30:31+00:00,109,0.7200000000000001,2042.4,,45.255117,6.037989
2026-03-15T10:30:33+00:00,110,4.680000000000001,2042.2,,45.255166,6.038034
2026-03-15T10:30:35+00:00,111,7.829999999999999,2040.6,,45.255255,6.038047
2026-03-15T10:30:36+00:00,110,14.256,2039.2,,45.255284,6.03808
2026-03-15T10:30:37+00:00,109,14.518800000000002,2037.8,,45.255288,6.038143
2026-03-15T10:30:38+00:00,110,17.64,2036.2,,45.255273,6.038222
2026-03-15T10:30:39+00:00,110,18.6012,2035.4,,45.25525,6.038304
2026-03-15T10:30:40+00:00,111,18.432000000000002,2032.6,,45.255236,6.038354
2026-03-15T10:30:41+00:00,111,16.848,2030.2,,45.255238,6.038373
2026-03-15T10:30:42+00:00,111,14.688,2028.4,,45.255246,6.038392
2026-03-15T10:30:43+00:00,111,13.176,2028.0,,45.255262,6.038412
2026-03-15T10:30:45+00:00,110,10.224,2027.4,,45.255323,6.038434
2026-03-15T10:30:47+00:00,110,14.832,2025.8,,45.255407,6.038468
2026-03-15T10:30:48+00:00,110,15.408000000000001,2024.6,,45.255437,6.038507
2026-03-15T10:30:49+00:00,110,14.8788,2023.6,,45.255458,6.038543
2026-03-15T10:30:50+00:00,110,16.632,2022.4,,45.25548,6.038601
2026-03-15T10:30:52+00:00,109,16.2,2020.4,,45.255506,6.038709
2026-03-15T10:30:54+00:00,109,14.904,2018.6,,45.255516,6.038783
2026-03-15T10:30:56+00:00,107,12.06,2017.4,,45.255539,6.038837
2026-03-15T10:30:57+00:00,107,11.232000000000001,2017.0,,45.255579,6.038853
2026-03-15T10:30:58+00:00,106,12.6612,2016.2,,45.255617,6.038834
2026-03-15T10:30:59+00:00,106,12.96,2015.2,,45.255655,6.038817
2026-03-15T10:31:00+00:00,105,12.481200000000001,2014.2,,45.255683,6.038834
2026-03-15T10:31:01+00:00,105,14.04,2013.0,,45.255686,6.038881
2026-03-15T10:31:02+00:00,104,13.68,2011.6,,45.25568,6.038925
2026-03-15T10:31:03+00:00,104,12.6,2010.4,,45.25567,6.038959
2026-03-15T10:31:05+00:00,103,10.008,2008.6,,45.255662,6.039001
2026-03-15T10:31:06+00:00,102,8.208,2007.8,,45.255662,6.039008
2026-03-15T10:31:07+00:00,102,5.6160000000000005,2007.4,,45.255664,6.039007
2026-03-15T10:31:11+00:00,100,1.08,2006.8,,45.255664,6.039003
2026-03-15T10:31:15+00:00,100,1.08,2006.8,,45.255665,6.039001
2026-03-15T10:31:21+00:00,100,0.9,2006.6,,45.255667,6.039009
2026-03-15T10:31:24+00:00,100,3.9996,2005.6,,45.255745,6.039024
2026-03-15T10:31:26+00:00,101,9.648000000000001,2003.8,,45.255791,6.039025
2026-03-15T10:31:27+00:00,102,9.4212,2002.6,,45.255814,6.03903
2026-03-15T10:31:28+00:00,105,9.9252,2001.4,,45.255837,6.039024
2026-03-15T10:31:29+00:00,107,9.288,2000.6,,45.255856,6.039025
2026-03-15T10:31:30+00:00,108,8.7012,1999.8,,45.255871,6.039037
2026-03-15T10:31:32+00:00,108,7.704000000000001,1998.6,,45.2559,6.039055
2026-03-15T10:31:34+00:00,107,4.680000000000001,1997.4,,45.2559,6.039052
2026-03-15T10:31:37+00:00,104,1.0080000000000002,1996.8,,45.2559,6.039052
2026-03-15T10:31:39+00:00,104,3.6,1996.8,,45.255905,6.039106
2026-03-15T10:31:41+00:00,103,6.1704,1995.4,,45.255871,6.039188
2026-03-15T10:31:42+00:00,103,10.368,1994.2,,45.255869,6.039222
2026-03-15T10:31:44+00:00,102,12.24,1991.4,,45.255927,6.03927
2026-03-15T10:31:45+00:00,101,12.3588,1990.4,,45.255952,6.039306
2026-03-15T10:31:46+00:00,101,12.096,1989.0,,45.255957,6.039354
2026-03-15T10:31:47+00:00,102,13.464,1987.2,,45.255949,6.039412
2026-03-15T10:31:48+00:00,101,15.0588,1985.8,,45.255929,6.039461
2026-03-15T10:31:49+00:00,101,14.112,1984.4,,45.255913,6.03948
2026-03-15T10:31:50+00:00,100,11.952,1983.0,,45.255906,6.03948
2026-03-15T10:31:51+00:00,100,9.648000000000001,1982.2,,45.255906,6.039479
2026-03-15T10:31:52+00:00,100,6.5520000000000005,1981.8,,45.255906,6.039479
2026-03-15T10:31:54+00:00,103,1.8,1981.4,,45.255906,6.039479
2026-03-15T10:31:59+00:00,107,1.1844000000000001,1981.2,,45.255906,6.039479
2026-03-15T10:32:03+00:00,110,0.15839999999999999,1981.2,,45.255906,6.039479
2026-03-15T10:32:09+00:00,111,0.0,1981.8,,45.255907,6.039476
2026-03-15T10:32:12+00:00,110,3.6,1979.8,,45.255886,6.039593
2026-03-15T10:32:14+00:00,108,10.512,1978.4,,45.255887,6.039672
2026-03-15T10:32:15+00:00,107,11.2788,1977.0,,45.255916,6.039713
2026-03-15T10:32:16+00:00,106,12.6504,1975.2,,45.255971,6.039737
2026-03-15T10:32:17+00:00,106,15.192,1973.2,,45.256021,6.039753
2026-03-15T10:32:18+00:00,104,16.2,1972.2,,45.256058,6.03976
2026-03-15T10:32:19+00:00,104,17.28,1970.6,,45.256081,6.039764
2026-03-15T10:32:20+00:00,103,15.624,1969.2,,45.256099,6.039768
2026-03-15T10:32:22+00:00,100,10.656,1967.8,,45.25614,6.039774
2026-03-15T10:32:24+00:00,102,6.5520000000000005,1966.8,,45.256145,6.039765
2026-03-15T10:32:25+00:00,103,5.184,1966.6,,45.256143,6.039763
2026-03-15T10:32:28+00:00,107,2.16,1966.4,,45.256144,6.039765
2026-03-15T10:32:31+00:00,108,0.47880000000000006,1966.8,,45.256145,6.039757
2026-03-15T10:32:34+00:00,108,2.7612,1966.2,,45.256179,6.039796
2026-03-15T10:32:35+00:00,109,3.9600000000000004,1965.4,,45.256178,6.039839
2026-03-15T10:32:37+00:00,109,9.7812,1963.2,,45.256231,6.039917
2026-03-15T10:32:38+00:00,108,11.520000000000001,1961.6,,45.256273,6.039964
2026-03-15T10:32:39+00:00,109,16.272,1959.2,,45.256275,6.040032
2026-03-15T10:32:40+00:00,109,16.992,1957.4,,45.256266,6.040086
2026-03-15T10:32:41+00:00,110,16.56,1954.8,,45.256261,6.04014
2026-03-15T10:32:42+00:00,112,15.552000000000001,1952.6,,45.256249,6.040171
2026-03-15T10:32:43+00:00,111,14.112,1951.4,,45.256248,6.040185
2026-03-15T10:32:44+00:00,111,10.656,1950.6,,45.256248,6.040178
2026-03-15T10:32:46+00:00,111,4.824000000000001,1950.2,,45.256248,6.040178
2026-03-15T10:32:51+00:00,109,2.52,1950.4,,45.256241,6.040223
2026-03-15T10:32:52+00:00,109,4.381200000000001,1950.0,,45.256221,6.040242
2026-03-15T10:32:54+00:00,106,5.49,1949.2,,45.256183,6.040285
2026-03-15T10:32:55+00:00,105,5.9616,1948.4,,45.256164,6.04031
2026-03-15T10:32:56+00:00,105,9.288,1947.8,,45.256147,6.04034
2026-03-15T10:32:58+00:00,104,9.360000000000001,1946.4,,45.256145,6.040397
2026-03-15T10:32:59+00:00,104,9.72,1945.8,,45.256169,6.040412
2026-03-15T10:33:00+00:00,104,10.08,1945.0,,45.256201,6.040416
2026-03-15T10:33:01+00:00,107,9.864,1944.2,,45.256224,6.040419
2026-03-15T10:33:02+00:00,109,8.8812,1943.6,,45.256235,6.040417
2026-03-15T10:33:04+00:00,110,7.5600000000000005,1942.4,,45.256258,6.040428
2026-03-15T10:33:07+00:00,113,5.760000000000001,1941.2,,45.256298,6.040438
2026-03-15T10:33:08+00:00,112,5.4612,1941.0,,45.256301,6.040439
2026-03-15T10:33:14+00:00,111,1.5948,1940.4,,45.256317,6.040438
2026-03-15T10:33:17+00:00,110,1.1196,1940.2,,45.256317,6.040446
2026-03-15T10:33:19+00:00,110,0.864,1940.0,,45.256317,6.040447
2026-03-15T10:33:21+00:00,111,3.24,1939.6,,45.256323,6.040507
2026-03-15T10:33:22+00:00,109,6.048,1939.0,,45.256309,6.040542
2026-03-15T10:33:23+00:00,109,6.7212000000000005,1938.0,,45.256319,6.040577
2026-03-15T10:33:24+00:00,108,10.08,1936.6,,45.25635,6.040594
2026-03-15T10:33:25+00:00,106,10.738800000000001,1935.0,,45.256386,6.040603
2026-03-15T10:33:26+00:00,108,11.520000000000001,1933.6,,45.256411,6.040637
2026-03-15T10:33:27+00:00,109,11.376000000000001,1932.2,,45.256405,6.040673
2026-03-15T10:33:28+00:00,110,13.176,1930.6,,45.256386,6.040709
2026-03-15T10:33:29+00:00,110,12.168,1929.2,,45.256373,6.040721
2026-03-15T10:33:30+00:00,111,10.44,1928.2,,45.256362,6.040735
2026-03-15T10:33:31+00:00,111,9.072000000000001,1927.4,,45.256354,6.040751
2026-03-15T10:33:32+00:00,112,9.0,1926.8,,45.256344,6.040781
2026-03-15T10:33:33+00:00,112,8.64,1926.4,,45.256357,6.040817
2026-03-15T10:33:34+00:00,113,10.8,1926.2,,45.256374,6.040881
2026-03-15T10:33:35+00:00,115,12.672,1925.2,,45.25636,6.040932
2026-03-15T10:33:36+00:00,116,14.04,1923.6,,45.25634,6.040967
2026-03-15T10:33:37+00:00,117,13.607999999999999,1921.8,,45.25633,6.04099
2026-03-15T10:33:38+00:00,117,12.96,1920.2,,45.256323,6.041025
2026-03-15T10:33:39+00:00,117,11.735999999999999,1919.4,,45.256341,6.041058
2026-03-15T10:33:40+00:00,116,11.592,1918.6,,45.256375,6.041086
2026-03-15T10:33:41+00:00,116,11.808,1917.4,,45.256385,6.041136
2026-03-15T10:33:42+00:00,116,12.384,1916.2,,45.256368,6.041167
2026-03-15T10:33:43+00:00,117,11.808,1914.6,,45.256355,6.041171
2026-03-15T10:33:44+00:00,117,10.368,1913.4,,45.256346,6.041182
2026-03-15T10:33:45+00:00,117,9.0,1912.0,,45.256338,6.041207
2026-03-15T10:33:46+00:00,118,8.208,1911.2,,45.256344,6.041237
2026-03-15T10:33:47+00:00,119,8.136,1911.0,,45.256367,6.041255
2026-03-15T10:33:49+00:00,120,10.296,1909.2,,45.256381,6.041322
2026-03-15T10:33:50+00:00,120,10.368,1908.0,,45.256364,6.041339
2026-03-15T10:33:51+00:00,120,9.360000000000001,1906.8,,45.256358,6.041348
2026-03-15T10:33:52+00:00,120,8.136,1905.8,,45.25635,6.04136
2026-03-15T10:33:53+00:00,120,8.82,1905.2,,45.256341,6.041381
2026-03-15T10:33:54+00:00,120,7.272,1905.0,,45.256358,6.041414
2026-03-15T10:33:55+00:00,120,8.352,1904.6,,45.256385,6.041438
2026-03-15T10:33:56+00:00,119,8.712,1904.0,,45.2564,6.041439
2026-03-15T10:33:57+00:00,118,9.360000000000001,1903.2,,45.256412,6.04146
2026-03-15T10:33:58+00:00,117,9.864,1902.8,,45.256402,6.041506
2026-03-15T10:33:59+00:00,117,9.72,1901.2,,45.256386,6.041527
2026-03-15T10:34:00+00:00,117,8.784,1899.8,,45.256369,6.041547
2026-03-15T10:34:01+00:00,117,9.072000000000001,1898.6,,45.256351,6.041555
2026-03-15T10:34:02+00:00,118,8.496,1897.4,,45.256343,6.041566
2026-03-15T10:34:03+00:00,117,8.064000000000002,1896.8,,45.256336,6.041591
2026-03-15T10:34:04+00:00,114,8.28,1896.2,,45.256347,6.041621
2026-03-15T10:34:05+00:00,109,9.288,1896.0,,45.256376,6.041657
2026-03-15T10:34:06+00:00,103,11.376000000000001,1894.4,,45.256391,6.041715
2026-03-15T10:34:07+00:00,100,12.672,1893.6,,45.256364,6.041739
2026-03-15T10:34:08+00:00,98,11.879999999999999,1891.0,,45.256363,6.041751
2026-03-15T10:34:09+00:00,97,9.936,1888.8,,45.256368,6.04175
2026-03-15T10:34:10+00:00,97,7.272,1888.4,,45.256368,6.04175
2026-03-15T10:34:11+00:00,97,3.8160000000000003,1887.8,,45.256368,6.04175
2026-03-15T10:34:17+00:00,95,0.9756000000000001,1887.8,,45.256368,6.04175
2026-03-15T10:34:19+00:00,91,0.8568,1888.0,,45.256368,6.04175
2026-03-15T10:34:20+00:00,91,0.7595999999999999,1888.0,,45.256368,6.04175
2026-03-15T10:34:25+00:00,88,2.5812,1887.6,,45.256355,6.041809
2026-03-15T10:34:26+00:00,88,3.6,1887.2,,45.256355,6.041832
2026-03-15T10:34:28+00:00,87,5.6268,1886.0,,45.256402,6.041885
2026-03-15T10:34:29+00:00,87,6.9588,1884.4,,45.256437,6.041931
2026-03-15T10:34:30+00:00,87,12.96,1882.0,,45.256438,6.041997
2026-03-15T10:34:31+00:00,87,14.832,1880.2,,45.256441,6.042055
2026-03-15T10:34:32+00:00,86,15.001199999999999,1878.6,,45.256464,6.042107
2026-03-15T10:34:33+00:00,87,18.288,1876.6,,45.256505,6.042133
2026-03-15T10:34:34+00:00,87,18.215999999999998,1875.0,,45.256548,6.042136
2026-03-15T10:34:35+00:00,87,17.64,1873.6,,45.256586,6.04213
2026-03-15T10:34:36+00:00,87,17.136,1872.2,,45.256621,6.042131
2026-03-15T10:34:37+00:00,86,16.344,1870.6,,45.256652,6.042131
2026-03-15T10:34:39+00:00,87,12.888,1869.0,,45.256693,6.042139
2026-03-15T10:34:41+00:00,91,10.08,1868.2,,45.256709,6.042192
2026-03-15T10:34:42+00:00,92,10.224,1867.6,,45.256691,6.042236
2026-03-15T10:34:44+00:00,98,11.592,1865.8,,45.256679,6.042328
2026-03-15T10:34:46+00:00,102,14.76,1863.6,,45.256736,6.042404
2026-03-15T10:34:47+00:00,102,15.48,1862.0,,45.25674,6.042462
2026-03-15T10:34:48+00:00,103,16.498800000000003,1860.6,,45.25675,6.042519
2026-03-15T10:34:49+00:00,103,16.92,1858.8,,45.256784,6.042566
2026-03-15T10:34:50+00:00,104,17.8812,1857.0,,45.256811,6.042643
2026-03-15T10:34:51+00:00,103,19.08,1855.2,,45.256822,6.042708
2026-03-15T10:34:52+00:00,101,18.720000000000002,1854.0,,45.256853,6.042754
2026-03-15T10:34:54+00:00,101,14.76,1851.8,,45.256881,6.042715
2026-03-15T10:34:55+00:00,98,10.872,1851.6,,45.256884,6.042704
2026-03-15T10:34:57+00:00,94,4.680000000000001,1851.2,,45.256884,6.042699
2026-03-15T10:34:58+00:00,93,4.9212,1851.0,,45.256889,6.042695
2026-03-15T10:34:59+00:00,92,2.088,1850.8,,45.256888,6.042693
2026-03-15T10:35:05+00:00,94,0.0,1850.8,,45.256888,6.042693
2026-03-15T10:35:11+00:00,96,0.0,1850.6,,45.256888,6.042693
2026-03-15T10:35:12+00:00,99,0.0,1850.6,,45.256888,6.042693
2026-03-15T10:35:14+00:00,105,0.0,1850.6,,45.256888,6.042693
2026-03-15T10:35:15+00:00,109,0.0,1850.4,,45.256888,6.042693
2026-03-15T10:35:21+00:00,108,0.0,1850.4,,45.256888,6.042693
2026-03-15T10:35:23+00:00,106,0.13319999999999999,1850.4,,45.256888,6.042693
2026-03-15T10:35:29+00:00,106,2.9268,1850.2,,45.25692,6.042635
2026-03-15T10:35:30+00:00,106,4.3704,1850.0,,45.256941,6.042619
2026-03-15T10:35:31+00:00,107,4.7268,1849.6,,45.256962,6.042619
2026-03-15T10:35:32+00:00,106,5.3208,1849.2,,45.256989,6.042638
2026-03-15T10:35:33+00:00,105,6.228,1848.6,,45.257018,6.042676
2026-03-15T10:35:34+00:00,105,11.592,1847.6,,45.257062,6.042691
2026-03-15T10:35:35+00:00,105,13.248000000000001,1846.4,,45.257105,6.042672
2026-03-15T10:35:36+00:00,104,14.904,1844.6,,45.257148,6.042665
2026-03-15T10:35:37+00:00,105,15.624,1842.6,,45.257174,6.042698
2026-03-15T10:35:38+00:00,106,16.92,1840.8,,45.257192,6.042745
2026-03-15T10:35:39+00:00,106,16.632,1839.2,,45.257232,6.042774
2026-03-15T10:35:40+00:00,106,16.344,1837.4,,45.257272,6.042778
2026-03-15T10:35:41+00:00,105,16.056,1835.8,,45.257308,6.042794
2026-03-15T10:35:42+00:00,104,16.56,1834.0,,45.257332,6.042846
2026-03-15T10:35:43+00:00,101,17.208000000000002,1832.2,,45.25734,6.042897
2026-03-15T10:35:44+00:00,98,17.136,1830.6,,45.257362,6.042952
2026-03-15T10:35:45+00:00,95,17.28,1829.0,,45.257396,6.042994
2026-03-15T10:35:46+00:00,90,17.712,1827.4,,45.257438,6.043001
2026-03-15T10:35:47+00:00,88,17.712,1826.2,,45.25748,6.04299
2026-03-15T10:35:48+00:00,86,17.64,1824.8,,45.257519,6.043004
2026-03-15T10:35:49+00:00,86,17.712,1823.0,,45.257552,6.043047
2026-03-15T10:35:50+00:00,87,18.144000000000002,1822.0,,45.257579,6.043107
2026-03-15T10:35:51+00:00,88,18.864,1820.0,,45.257591,6.04318
2026-03-15T10:35:52+00:00,89,17.712,1818.2,,45.257582,6.043215
2026-03-15T10:35:53+00:00,91,14.616,1817.0,,45.25757,6.043212
2026-03-15T10:35:55+00:00,92,7.704000000000001,1815.8,,45.257582,6.043199
2026-03-15T10:35:56+00:00,92,4.968,1815.8,,45.25759,6.043219
2026-03-15T10:35:57+00:00,92,4.824000000000001,1816.0,,45.25761,6.043243
2026-03-15T10:35:58+00:00,93,6.264,1816.0,,45.257639,6.043251
2026-03-15T10:36:00+00:00,93,8.568,1815.4,,45.257667,6.043241
2026-03-15T10:36:02+00:00,93,6.408,1814.6,,45.257678,6.043229
2026-03-15T10:36:04+00:00,96,2.9412,1814.4,,45.257677,6.043229
2026-03-15T10:36:06+00:00,101,1.1988,1814.4,,45.257679,6.043229
2026-03-15T10:36:07+00:00,104,0.432,1814.6,,45.257679,6.043229
2026-03-15T10:36:09+00:00,108,0.5040000000000001,1814.6,,45.257679,6.043229
2026-03-15T10:36:11+00:00,114,0.28800000000000003,1814.8,,45.257679,6.043229
2026-03-15T10:36:12+00:00,117,0.28800000000000003,1815.0,,45.257679,6.043229
2026-03-15T10:36:13+00:00,117,0.24120000000000003,1815.0,,45.257679,6.043229
2026-03-15T10:36:18+00:00,117,2.2212,1814.6,,45.257683,6.043282
2026-03-15T10:36:22+00:00,114,8.1612,1813.8,,45.257685,6.043505
2026-03-15T10:36:23+00:00,112,15.120000000000001,1812.8,,45.257685,6.04356
2026-03-15T10:36:24+00:00,112,13.9788,1811.8,,45.257707,6.043577
2026-03-15T10:36:25+00:00,111,13.885200000000001,1810.8,,45.257733,6.043612
2026-03-15T10:36:26+00:00,110,13.05,1810.2,,45.257736,6.043639
2026-03-15T10:36:27+00:00,110,9.864,1808.8,,45.257731,6.043657
2026-03-15T10:36:28+00:00,109,7.776000000000001,1808.2,,45.257726,6.043657
2026-03-15T10:36:29+00:00,108,6.192,1807.2,,45.257722,6.043657
2026-03-15T10:36:35+00:00,106,0.5147999999999999,1806.8,,45.257722,6.043657
2026-03-15T10:36:37+00:00,106,0.4068,1807.0,,45.257722,6.043657
2026-03-15T10:36:38+00:00,109,0.36000000000000004,1807.0,,45.257726,6.043659
2026-03-15T10:36:39+00:00,115,0.756,1807.0,,45.257735,6.043659
2026-03-15T10:36:40+00:00,127,2.232,1807.0,,45.257755,6.043669
2026-03-15T10:36:41+00:00,135,3.8411999999999997,1807.0,,45.257785,6.043666
2026-03-15T10:36:42+00:00,140,5.472,1806.6,,45.257792,6.04366
2026-03-15T10:36:43+00:00,142,5.760000000000001,1806.2,,45.257795,6.043653
2026-03-15T10:36:44+00:00,142,5.6160000000000005,1805.6,,45.257805,6.043649
2026-03-15T10:36:45+00:00,142,5.904,1805.0,,45.25783,6.043654
2026-03-15T10:36:46+00:00,135,5.688000000000001,1804.4,,45.257848,6.043688
2026-03-15T10:36:47+00:00,129,7.704000000000001,1803.6,,45.25786,6.043741
2026-03-15T10:36:48+00:00,125,11.520000000000001,1802.6,,45.257899,6.043773
2026-03-15T10:36:49+00:00,124,14.976,1801.6,,45.257948,6.04381
2026-03-15T10:36:50+00:00,123,16.704,1799.4,,45.257963,6.043872
2026-03-15T10:36:51+00:00,122,17.64,1797.4,,45.257982,6.043924
2026-03-15T10:36:52+00:00,123,17.856,1795.6,,45.258023,6.04393
2026-03-15T10:36:53+00:00,122,18.648,1793.4,,45.258067,6.04391
2026-03-15T10:36:54+00:00,123,17.064,1792.0,,45.258099,6.043926
2026-03-15T10:36:55+00:00,124,17.424,1790.8,,45.258144,6.043958
2026-03-15T10:36:56+00:00,125,18.288,1789.8,,45.2582,6.04399
2026-03-15T10:36:57+00:00,125,18.936,1787.4,,45.25821,6.044057
2026-03-15T10:36:58+00:00,126,17.784000000000002,1785.6,,45.258192,6.044084
2026-03-15T10:36:59+00:00,126,15.984000000000002,1784.4,,45.258189,6.044102
2026-03-15T10:37:00+00:00,125,12.24,1783.4,,45.258194,6.044102
2026-03-15T10:37:01+00:00,124,8.424,1783.0,,45.2582,6.044107
2026-03-15T10:37:02+00:00,124,5.04,1783.0,,45.258203,6.044116
2026-03-15T10:37:04+00:00,125,4.896000000000001,1783.0,,45.258243,6.04412
2026-03-15T10:37:05+00:00,124,6.192,1782.8,,45.258255,6.044102
2026-03-15T10:37:08+00:00,122,7.138800000000001,1782.6,,45.258292,6.044075
2026-03-15T10:37:10+00:00,122,6.984,1782.4,,45.258338,6.044112
2026-03-15T10:37:12+00:00,116,9.154800000000002,1780.6,,45.258383,6.044193
2026-03-15T10:37:13+00:00,116,13.968,1779.2,,45.258427,6.044219
2026-03-15T10:37:14+00:00,116,14.821200000000001,1778.2,,45.258455,6.044278
2026-03-15T10:37:15+00:00,116,17.064,1776.8,,45.258467,6.044339
2026-03-15T10:37:16+00:00,115,17.2188,1775.0,,45.258507,6.044374
2026-03-15T10:37:17+00:00,115,19.08,1773.2,,45.258562,6.044398
2026-03-15T10:37:18+00:00,114,20.448,1770.8,,45.258596,6.04445
2026-03-15T10:37:19+00:00,113,19.656,1769.4,,45.2586,6.044507
2026-03-15T10:37:20+00:00,113,19.224,1768.8,,45.258629,6.044547
2026-03-15T10:37:21+00:00,113,19.584000000000003,1766.2,,45.258665,6.044604
2026-03-15T10:37:22+00:00,113,18.36,1764.0,,45.25867,6.04466
2026-03-15T10:37:23+00:00,114,17.28,1762.6,,45.258663,6.044707
2026-03-15T10:37:24+00:00,113,16.272,1761.4,,45.258678,6.044738
2026-03-15T10:37:25+00:00,113,16.272,1760.4,,45.258717,6.044743
2026-03-15T10:37:27+00:00,113,16.128000000000004,1758.8,,45.258789,6.04481
2026-03-15T10:37:28+00:00,112,17.064,1757.8,,45.258807,6.044873
2026-03-15T10:37:29+00:00,112,19.296000000000003,1756.8,,45.258858,6.044905
2026-03-15T10:37:30+00:00,112,20.736,1755.4,,45.258907,6.044948
2026-03-15T10:37:31+00:00,111,20.16,1753.4,,45.258919,6.045014
2026-03-15T10:37:32+00:00,111,21.6,1752.0,,45.25895,6.045078
2026-03-15T10:37:33+00:00,110,22.032,1750.2,,45.258994,6.045133
2026-03-15T10:37:34+00:00,110,21.456,1747.8,,45.259012,6.045195
2026-03-15T10:37:35+00:00,109,20.376,1746.2,,45.259038,6.045248
2026-03-15T10:37:36+00:00,109,20.232,1744.8,,45.25908,6.04526
2026-03-15T10:37:37+00:00,109,19.584000000000003,1743.2,,45.259132,6.045255
2026-03-15T10:37:38+00:00,109,19.512,1741.4,,45.259171,6.045295
2026-03-15T10:37:39+00:00,108,18.288,1740.0,,45.259178,6.045339
2026-03-15T10:37:40+00:00,109,18.0,1738.6,,45.259174,6.0454
2026-03-15T10:37:41+00:00,109,18.144000000000002,1737.2,,45.259189,6.045461
2026-03-15T10:37:42+00:00,109,17.208000000000002,1736.2,,45.259222,6.045471
2026-03-15T10:37:44+00:00,109,17.424,1734.2,,45.259305,6.045497
2026-03-15T10:37:45+00:00,109,17.064,1733.0,,45.25932,6.045545
2026-03-15T10:37:46+00:00,109,17.064,1731.8,,45.259359,6.045577
2026-03-15T10:37:47+00:00,108,18.144000000000002,1730.6,,45.2594,6.045616
2026-03-15T10:37:48+00:00,109,19.3212,1728.6,,45.259431,6.045673
2026-03-15T10:37:49+00:00,108,19.008000000000003,1727.4,,45.259482,6.045703
2026-03-15T10:37:50+00:00,108,19.944,1726.0,,45.259528,6.04569
2026-03-15T10:37:51+00:00,107,20.376,1724.0,,45.259581,6.045695
2026-03-15T10:37:52+00:00,106,19.656,1723.0,,45.259601,6.045747
2026-03-15T10:37:53+00:00,105,19.368,1722.0,,45.259611,6.045807
2026-03-15T10:37:54+00:00,105,19.08,1721.0,,45.25964,6.045867
2026-03-15T10:37:55+00:00,105,19.584000000000003,1719.4,,45.259694,6.045882
2026-03-15T10:37:56+00:00,105,20.16,1718.2,,45.259754,6.045882
2026-03-15T10:37:57+00:00,106,21.168,1716.6,,45.259802,6.045915
2026-03-15T10:37:58+00:00,107,22.392,1714.4,,45.259836,6.045987
2026-03-15T10:37:59+00:00,109,22.464000000000002,1713.8,,45.259859,6.046054
2026-03-15T10:38:00+00:00,110,22.032,1711.6,,45.259904,6.046076
2026-03-15T10:38:01+00:00,110,21.384,1709.8,,45.259954,6.046088
2026-03-15T10:38:02+00:00,111,20.808,1707.8,,45.259982,6.046141
2026-03-15T10:38:03+00:00,113,20.52,1706.8,,45.260014,6.046201
2026-03-15T10:38:04+00:00,114,21.672,1705.4,,45.260069,6.046252
2026-03-15T10:38:05+00:00,113,23.759999999999998,1703.6,,45.260143,6.04628
2026-03-15T10:38:06+00:00,112,26.784000000000002,1701.2,,45.260231,6.046306
2026-03-15T10:38:07+00:00,108,30.024,1698.6,,45.260304,6.046374
2026-03-15T10:38:08+00:00,107,33.12,1697.2,,45.260374,6.046456
2026-03-15T10:38:09+00:00,106,35.208,1695.6,,45.260451,6.046529
2026-03-15T10:38:10+00:00,106,37.296,1693.0,,45.260538,6.046607
2026-03-15T10:38:11+00:00,105,38.592000000000006,1690.6,,45.260628,6.046687
2026-03-15T10:38:12+00:00,105,40.68000000000001,1688.6,,45.260724,6.046778
2026-03-15T10:38:13+00:00,106,42.912,1686.8,,45.26082,6.046867
2026-03-15T10:38:14+00:00,106,44.64,1685.0,,45.260919,6.046958
2026-03-15T10:38:15+00:00,109,46.656000000000006,1683.2,,45.261027,6.047054
2026-03-15T10:38:16+00:00,111,47.952000000000005,1679.8,,45.261125,6.047158
2026-03-15T10:38:17+00:00,114,46.872,1677.0,,45.261194,6.047259
2026-03-15T10:38:18+00:00,118,45.792,1674.4,,45.261272,6.047348
2026-03-15T10:38:19+00:00,122,44.064,1671.0,,45.261335,6.047445
2026-03-15T10:38:20+00:00,125,41.112,1668.6,,45.26141,6.047521
2026-03-15T10:38:21+00:00,124,38.736,1667.0,,45.261479,6.047604
2026-03-15T10:38:22+00:00,121,36.576,1665.8,,45.261518,6.047693
2026-03-15T10:38:23+00:00,120,34.272,1664.4,,45.261564,6.047755
2026-03-15T10:38:24+00:00,118,31.176000000000002,1664.0,,45.261618,6.047769
2026-03-15T10:38:25+00:00,118,27.791999999999998,1662.8,,45.261666,6.047775
2026-03-15T10:38:26+00:00,117,24.552000000000003,1662.4,,45.261711,6.047811
2026-03-15T10:38:28+00:00,117,16.92,1661.4,,45.261744,6.047876
2026-03-15T10:38:29+00:00,117,15.048,1660.6,,45.261763,6.047908
2026-03-15T10:38:30+00:00,116,13.176,1660.0,,45.261773,6.047936
2026-03-15T10:38:33+00:00,106,9.792000000000002,1659.6,,45.261776,6.048038
2026-03-15T10:38:34+00:00,100,8.496,1659.6,,45.261768,6.048049
2026-03-15T10:38:37+00:00,97,5.0904,1659.6,,45.261763,6.048049
2026-03-15T10:38:39+00:00,100,0.28800000000000003,1659.8,,45.261763,6.048049
2026-03-15T10:38:41+00:00,103,0.20520000000000002,1659.8,,45.261763,6.048049
2026-03-15T10:38:44+00:00,106,0.0,1659.6,,45.261763,6.048049
2026-03-15T10:38:46+00:00,108,0.0,1659.4,,45.261763,6.048052
2026-03-15T10:38:49+00:00,111,0.0,1659.4,,45.261763,6.048049
2026-03-15T10:38:50+00:00,121,0.0,1659.4,,45.261763,6.048049
2026-03-15T10:38:54+00:00,118,0.28800000000000003,1659.4,,45.26176,6.048058
2026-03-15T10:38:59+00:00,115,0.15839999999999999,1659.4,,45.261763,6.048049
2026-03-15T10:39:01+00:00,113,0.0,1659.2,,45.261763,6.048049
2026-03-15T10:39:02+00:00,110,0.0,1659.2,,45.261759,6.048055
2026-03-15T10:39:03+00:00,107,0.6804,1659.2,,45.261747,6.048052
2026-03-15T10:39:05+00:00,104,1.08,1659.2,,45.261747,6.048056
2026-03-15T10:39:08+00:00,106,0.07200000000000001,1659.2,,45.261745,6.048058
2026-03-15T10:39:10+00:00,109,0.14400000000000002,1659.4,,45.261745,6.048058
2026-03-15T10:39:15+00:00,104,0.1044,1659.2,,45.261745,6.048058
2026-03-15T10:39:19+00:00,119,0.0,1659.2,,45.261745,6.048058
2026-03-15T10:39:20+00:00,129,0.0,1659.0,,45.261745,6.048058
2026-03-15T10:39:21+00:00,134,0.0,1659.0,,45.261745,6.048058
2026-03-15T10:39:22+00:00,137,0.0,1659.0,,45.261745,6.048058
2026-03-15T10:39:28+00:00,139,1.0295999999999998,1659.2,,45.261748,6.048053
2026-03-15T10:39:33+00:00,137,1.8324,1659.2,,45.261775,6.048038
2026-03-15T10:39:37+00:00,136,2.16,1659.0,,45.261787,6.048022
2026-03-15T10:39:42+00:00,133,2.5992,1659.4,,45.261821,6.047982
2026-03-15T10:39:43+00:00,132,3.42,1659.4,,45.261831,6.047981
2026-03-15T10:39:46+00:00,132,3.2004,1659.4,,45.261849,6.047985
2026-03-15T10:39:51+00:00,131,2.7,1659.2,,45.261882,6.048007
2026-03-15T10:39:53+00:00,127,2.1096,1659.2,,45.261883,6.04801
2026-03-15T10:39:55+00:00,123,1.6416000000000002,1659.2,,45.261883,6.04801
2026-03-15T10:39:58+00:00,120,0.0,1659.2,,45.261883,6.04801
2026-03-15T10:39:59+00:00,120,0.0,1659.4,,45.261883,6.04801
2026-03-15T10:40:01+00:00,116,0.0,1659.4,,45.261883,6.04801
2026-03-15T10:40:07+00:00,118,0.0,1659.2,,45.261883,6.04801
2026-03-15T10:40:13+00:00,115,0.0,1659.2,,45.261883,6.04801
2026-03-15T10:40:14+00:00,112,0.0,1659.2,,45.261883,6.04801
2026-03-15T10:40:16+00:00,108,0.0,1659.2,,45.261883,6.04801
2026-03-15T10:40:19+00:00,105,0.0,1659.2,,45.261883,6.04801
2026-03-15T10:40:20+00:00,102,0.0,1659.2,,45.261883,6.04801
2026-03-15T10:40:22+00:00,98,0.0,1659.2,,45.261883,6.04801
2026-03-15T10:40:24+00:00,98,0.0,1659.2,,45.261883,6.04801
2026-03-15T10:40:29+00:00,102,0.0,1659.2,,45.261883,6.04801
2026-03-15T10:40:30+00:00,105,0.0,1659.4,,45.261883,6.04801
2026-03-15T10:40:32+00:00,109,0.0,1659.4,,45.261883,6.04801
2026-03-15T10:40:34+00:00,113,0.0,1659.2,,45.261883,6.04801
2026-03-15T10:40:35+00:00,115,0.0,1659.2,,45.261883,6.04801
2026-03-15T10:40:41+00:00,113,0.0,1659.2,,45.261883,6.04801
2026-03-15T10:40:45+00:00,111,0.0,1659.2,,45.261883,6.04801
2026-03-15T10:40:51+00:00,109,0.0,1659.0,,45.261883,6.04801
2026-03-15T10:40:52+00:00,109,0.0,1659.0,,45.261884,6.048013
2026-03-15T10:40:58+00:00,112,3.1896,1659.2,,45.261852,6.048072
2026-03-15T10:41:02+00:00,114,2.664,1659.6,,45.261857,6.04809
2026-03-15T10:41:08+00:00,116,1.296,1659.6,,45.261858,6.048121
2026-03-15T10:41:14+00:00,116,0.7200000000000001,1659.4,,45.261858,6.048121
2026-03-15T10:41:20+00:00,115,0.0,1659.2,,45.261858,6.048121
2026-03-15T10:41:26+00:00,109,0.0,1659.0,,45.261858,6.048121
2026-03-15T10:41:27+00:00,107,0.0,1659.2,,45.261858,6.048121
2026-03-15T10:41:29+00:00,104,0.0,1659.2,,45.261858,6.048121
2026-03-15T10:41:32+00:00,101,0.0,1659.2,,45.261858,6.048121
2026-03-15T10:41:34+00:00,105,0.0,1659.2,,45.261858,6.048121
2026-03-15T10:41:35+00:00,109,0.0,1659.2,,45.261858,6.048121
2026-03-15T10:41:36+00:00,114,0.0,1659.2,,45.261858,6.048121
2026-03-15T10:41:37+00:00,117,0.0,1659.2,,45.261858,6.048121
2026-03-15T10:41:38+00:00,117,0.0,1659.2,,45.261858,6.048121
2026-03-15T10:41:42+00:00,116,0.0,1659.2,,45.261858,6.048121
2026-03-15T10:41:48+00:00,115,0.07200000000000001,1659.0,,45.261858,6.048121
2026-03-15T10:41:51+00:00,114,0.07919999999999999,1659.0,,45.261858,6.048121
2026-03-15T10:41:57+00:00,112,0.0,1659.0,,45.261851,6.048124
2026-03-15T10:41:58+00:00,106,0.0,1659.0,,45.261847,6.048132
2026-03-15T10:41:59+00:00,103,0.63,1659.0,,45.261858,6.048121
2026-03-15T10:42:01+00:00,101,0.5040000000000001,1659.0,,45.261858,6.048121
2026-03-15T10:42:07+00:00,102,0.0,1659.0,,45.261847,6.048131
2026-03-15T10:42:12+00:00,102,0.0,1659.0,,45.261847,6.048131
2026-03-15T10:42:18+00:00,103,0.0,1659.0,,45.261847,6.048131
2026-03-15T10:42:24+00:00,102,0.0,1659.0,,45.261847,6.048131
2026-03-15T10:42:25+00:00,102,0.0,1659.0,,45.261847,6.048131
2026-03-15T10:42:31+00:00,101,0.0,1659.0,,45.261847,6.048131
2026-03-15T10:42:35+00:00,99,0.0,1659.0,,45.261847,6.048131
2026-03-15T10:42:41+00:00,98,0.0,1658.8,,45.261847,6.048131
2026-03-15T10:42:45+00:00,96,0.0,1658.8,,45.261847,6.048131
2026-03-15T10:42:47+00:00,99,0.0,1658.8,,45.261847,6.048131
2026-03-15T10:42:49+00:00,105,0.0,1658.8,,45.261847,6.048131
2026-03-15T10:42:51+00:00,109,0.0,1658.8,,45.261847,6.048131
2026-03-15T10:42:57+00:00,110,0.0,1658.8,,45.261847,6.048131
2026-03-15T10:42:58+00:00,111,0.0,1658.8,,45.261847,6.048131
2026-03-15T10:43:04+00:00,109,0.0,1658.8,,45.261847,6.048131
2026-03-15T10:43:06+00:00,107,0.0,1658.8,,45.261847,6.048131
2026-03-15T10:43:12+00:00,107,0.0,1658.8,,45.261847,6.048131
2026-03-15T10:43:17+00:00,106,0.0,1658.8,,45.261847,6.048131
2026-03-15T10:43:23+00:00,106,0.0,1658.6,,45.261847,6.048131
2026-03-15T10:43:24+00:00,105,0.0,1658.6,,45.261847,6.048131
2026-03-15T10:43:30+00:00,103,0.0,1658.8,,45.261847,6.048131
2026-03-15T10:43:32+00:00,94,0.0,1658.6,,45.261847,6.048131
2026-03-15T10:43:33+00:00,91,0.0,1658.6,,45.261847,6.048131
2026-03-15T10:43:35+00:00,89,0.0,1658.8,,45.261847,6.048131
2026-03-15T10:43:40+00:00,84,0.0,1658.8,,45.261847,6.048131
2026-03-15T10:43:41+00:00,77,0.0,1658.8,,45.261847,6.048131
2026-03-15T10:43:43+00:00,72,0.0,1658.6,,45.261847,6.048131
2026-03-15T10:43:44+00:00,69,0.0,1658.6,,45.261847,6.048131
2026-03-15T10:43:48+00:00,71,0.0,1658.6,,45.261847,6.048131
2026-03-15T10:43:50+00:00,78,0.0,1658.6,,45.261847,6.048131
2026-03-15T10:43:51+00:00,78,0.0,1658.6,,45.261847,6.048131
2026-03-15T10:43:53+00:00,84,0.0,1658.6,,45.261847,6.048131
2026-03-15T10:43:54+00:00,91,0.0,1658.4,,45.261847,6.048131
2026-03-15T10:43:55+00:00,94,0.0,1658.4,,45.261847,6.048131
2026-03-15T10:43:56+00:00,98,0.0,1658.4,,45.261847,6.048131
2026-03-15T10:43:57+00:00,102,0.0,1658.4,,45.261847,6.048131
2026-03-15T10:44:03+00:00,104,0.0,1658.4,,45.261847,6.048131
2026-03-15T10:44:09+00:00,106,0.0,1658.4,,45.261847,6.048131
2026-03-15T10:44:14+00:00,106,0.4572,1658.6,,45.261847,6.048131
2026-03-15T10:44:20+00:00,107,0.4572,1658.4,,45.261847,6.048131
2026-03-15T10:44:25+00:00,104,0.0,1658.4,,45.261847,6.048131
2026-03-15T10:44:26+00:00,101,0.0,1658.4,,45.261847,6.048131
2026-03-15T10:44:27+00:00,101,0.0,1658.4,,45.261847,6.048131
2026-03-15T10:44:33+00:00,102,0.0,1658.4,,45.261847,6.048131
2026-03-15T10:44:38+00:00,102,0.0,1658.4,,45.261847,6.048131
2026-03-15T10:44:44+00:00,103,0.0,1658.2,,45.261847,6.048131
2026-03-15T10:44:49+00:00,104,0.0,1658.4,,45.261847,6.048131
2026-03-15T10:44:55+00:00,105,0.0,1658.2,,45.261847,6.048131
2026-03-15T10:45:01+00:00,106,0.0,1658.4,,45.261847,6.048131
2026-03-15T10:45:07+00:00,106,0.0,1658.2,,45.261847,6.048131
2026-03-15T10:45:13+00:00,104,0.0,1658.2,,45.261847,6.048131
2026-03-15T10:45:17+00:00,103,0.0,1658.2,,45.261847,6.048131
2026-03-15T10:45:20+00:00,100,0.0,1658.2,,45.261847,6.048131
2026-03-15T10:45:26+00:00,99,0.0,1658.0,,45.261847,6.048131
2026-03-15T10:45:32+00:00,99,0.0,1658.0,,45.261847,6.048131
2026-03-15T10:45:38+00:00,99,0.0,1658.2,,45.261847,6.048131
2026-03-15T10:45:43+00:00,102,0.0,1658.4,,45.261847,6.048131
2026-03-15T10:45:49+00:00,104,0.0,1658.4,,45.261847,6.048131
2026-03-15T10:45:52+00:00,99,0.0,1658.4,,45.261847,6.048131
2026-03-15T10:45:54+00:00,98,0.0,1658.4,,45.261847,6.048131
2026-03-15T10:46:00+00:00,97,0.0,1658.2,,45.261847,6.048131
2026-03-15T10:46:06+00:00,96,0.0,1658.4,,45.261847,6.048131
2026-03-15T10:46:09+00:00,98,0.0,1658.0,,45.261847,6.048131
2026-03-15T10:46:15+00:00,101,0.0,1658.2,,45.261847,6.048131
2026-03-15T10:46:21+00:00,103,0.0,1658.4,,45.261847,6.048131
2026-03-15T10:46:22+00:00,104,0.0,1658.4,,45.261847,6.048131
2026-03-15T10:46:28+00:00,104,0.0,1658.4,,45.261847,6.048131
2026-03-15T10:46:31+00:00,101,0.0,1658.4,,45.261847,6.048131
2026-03-15T10:46:32+00:00,98,0.0,1658.4,,45.261847,6.048131
2026-03-15T10:46:38+00:00,97,0.0,1658.4,,45.261847,6.048131
2026-03-15T10:46:39+00:00,98,0.0,1658.4,,45.261847,6.048131
2026-03-15T10:46:41+00:00,101,0.0,1658.4,,45.261847,6.048131
2026-03-15T10:46:47+00:00,100,0.0,1658.6,,45.261847,6.048131
2026-03-15T10:46:53+00:00,101,0.0,1658.6,,45.261847,6.048131
2026-03-15T10:46:56+00:00,100,0.0,1658.4,,45.261847,6.048131
2026-03-15T10:47:02+00:00,101,0.0,1658.4,,45.261847,6.048131
2026-03-15T10:47:07+00:00,98,0.0,1658.4,,45.261847,6.048131
2026-03-15T10:47:10+00:00,95,0.0,1658.6,,45.261847,6.048131
2026-03-15T10:47:15+00:00,93,0.0,1658.4,,45.261847,6.048131
2026-03-15T10:47:19+00:00,96,0.0,1658.6,,45.261847,6.048131
2026-03-15T10:47:25+00:00,94,0.0,1658.6,,45.261847,6.048131
2026-03-15T10:47:30+00:00,98,0.0,1658.6,,45.261847,6.048131
2026-03-15T10:47:33+00:00,101,0.0,1658.6,,45.261847,6.048131
2026-03-15T10:47:35+00:00,101,0.0,1658.6,,45.261847,6.048131
2026-03-15T10:47:41+00:00,99,0.0,1658.6,,45.261847,6.048131
2026-03-15T10:47:47+00:00,99,0.0,1658.8,,45.261847,6.048131
2026-03-15T10:47:53+00:00,99,0.0,1658.8,,45.261847,6.048131
2026-03-15T10:47:55+00:00,98,0.0,1658.8,,45.261847,6.048131
2026-03-15T10:48:01+00:00,98,0.0,1659.0,,45.261847,6.048131
2026-03-15T10:48:05+00:00,99,0.0,1659.0,,45.261847,6.048131
2026-03-15T10:48:11+00:00,97,0.0,1659.2,,45.261847,6.048131
2026-03-15T10:48:17+00:00,98,0.0,1659.0,,45.261847,6.048131
2026-03-15T10:48:20+00:00,99,0.0,1659.0,,45.261847,6.048131
2026-03-15T10:48:26+00:00,100,0.0,1659.2,,45.261847,6.048131
2026-03-15T10:48:32+00:00,99,0.0,1659.0,,45.261847,6.048131
2026-03-15T10:48:38+00:00,101,0.0,1659.0,,45.261847,6.048131
2026-03-15T10:48:43+00:00,101,0.0,1659.0,,45.261847,6.048131
2026-03-15T10:48:49+00:00,100,0.0,1659.2,,45.261847,6.048131
2026-03-15T10:48:55+00:00,99,0.0,1659.0,,45.261847,6.048131
2026-03-15T10:48:56+00:00,98,0.0,1659.0,,45.261847,6.048131
2026-03-15T10:49:02+00:00,98,0.0,1659.0,,45.261847,6.048131
2026-03-15T10:49:05+00:00,96,0.0,1659.2,,45.261847,6.048131
2026-03-15T10:49:11+00:00,98,0.0,1659.0,,45.261847,6.048131
2026-03-15T10:49:12+00:00,101,0.0,1659.0,,45.261847,6.048131
2026-03-15T10:49:13+00:00,105,0.0,1659.0,,45.261847,6.048131
2026-03-15T10:49:14+00:00,114,0.0,1659.0,,45.261847,6.048131
2026-03-15T10:49:18+00:00,117,0.0,1659.2,,45.261847,6.048131
2026-03-15T10:49:20+00:00,117,0.0,1659.0,,45.261847,6.048131
2026-03-15T10:49:25+00:00,115,0.0504,1659.4,,45.261847,6.048131
2026-03-15T10:49:27+00:00,112,0.0504,1659.4,,45.261847,6.048131
2026-03-15T10:49:31+00:00,113,0.0,1659.0,,45.261847,6.048131
2026-03-15T10:49:37+00:00,115,0.0,1659.4,,45.261847,6.048131
2026-03-15T10:49:40+00:00,116,0.3996,1659.2,,45.261847,6.048131
2026-03-15T10:49:46+00:00,117,0.3996,1658.8,,45.261847,6.048131
2026-03-15T10:49:48+00:00,117,0.0,1659.2,,45.261847,6.048131
2026-03-15T10:49:54+00:00,114,0.0,1659.4,,45.261847,6.048131
2026-03-15T10:49:57+00:00,115,0.07919999999999999,1659.2,,45.261845,6.048121
2026-03-15T10:50:03+00:00,115,0.07919999999999999,1659.0,,45.261847,6.048131
2026-03-15T10:50:04+00:00,115,0.0,1659.0,,45.261847,6.048131
2026-03-15T10:50:10+00:00,119,0.0,1659.0,,45.261847,6.048131
2026-03-15T10:50:12+00:00,122,0.0,1659.0,,45.261847,6.048131
2026-03-15T10:50:16+00:00,119,0.0,1659.0,,45.261847,6.048131
2026-03-15T10:50:17+00:00,114,0.0,1659.0,,45.261847,6.048131
2026-03-15T10:50:18+00:00,110,0.0,1659.0,,45.261847,6.048131
2026-03-15T10:50:19+00:00,108,0.0,1659.0,,45.261847,6.048131
2026-03-15T10:50:22+00:00,104,0.0,1659.0,,45.261847,6.048131
2026-03-15T10:50:25+00:00,101,0.0,1659.0,,45.261847,6.048131
2026-03-15T10:50:31+00:00,100,0.0,1659.0,,45.261847,6.048131
2026-03-15T10:50:32+00:00,99,0.0,1659.0,,45.261847,6.048131
2026-03-15T10:50:38+00:00,98,0.0,1659.0,,45.261841,6.048118
2026-03-15T10:50:42+00:00,97,0.36000000000000004,1659.0,,45.261847,6.048131
2026-03-15T10:50:48+00:00,98,0.9,1659.2,,45.261845,6.048109
2026-03-15T10:50:54+00:00,102,0.45,1659.2,,45.261845,6.048109
2026-03-15T10:50:56+00:00,105,0.0,1659.2,,45.261845,6.048109
2026-03-15T10:51:00+00:00,108,0.0,1659.0,,45.261845,6.048109
2026-03-15T10:51:01+00:00,108,0.0,1659.0,,45.261845,6.048109
2026-03-15T10:51:07+00:00,107,0.0,1659.2,,45.261845,6.048109
2026-03-15T10:51:12+00:00,106,0.0,1659.2,,45.261845,6.048109
2026-03-15T10:51:18+00:00,107,0.6228,1659.0,,45.261867,6.048108
2026-03-15T10:51:20+00:00,107,1.8900000000000001,1659.0,,45.261889,6.048099
2026-03-15T10:51:25+00:00,107,3.0348,1658.2,,45.261918,6.048086
2026-03-15T10:51:29+00:00,106,5.1984,1658.0,,45.262004,6.048061
2026-03-15T10:51:30+00:00,107,10.08,1657.8,,45.262047,6.048047
2026-03-15T10:51:32+00:00,108,12.549600000000002,1657.0,,45.262145,6.048075
2026-03-15T10:51:33+00:00,109,13.6368,1656.4,,45.26219,6.048121
2026-03-15T10:51:35+00:00,110,21.168,1655.0,,45.262283,6.048226
2026-03-15T10:51:37+00:00,111,23.759999999999998,1653.2,,45.262392,6.048331
2026-03-15T10:51:38+00:00,110,24.48,1652.0,,45.262451,6.04837
2026-03-15T10:51:39+00:00,109,24.840000000000003,1651.4,,45.262495,6.048426
2026-03-15T10:51:40+00:00,107,25.272,1650.8,,45.262549,6.048474
2026-03-15T10:51:41+00:00,104,25.1388,1650.2,,45.262608,6.048507
2026-03-15T10:51:42+00:00,102,25.128000000000004,1649.2,,45.262669,6.048542
2026-03-15T10:51:43+00:00,102,24.984,1648.4,,45.262717,6.048597
2026-03-15T10:51:44+00:00,101,24.840000000000003,1647.0,,45.262761,6.048651
2026-03-15T10:51:45+00:00,102,24.552000000000003,1646.0,,45.262818,6.048684
2026-03-15T10:51:46+00:00,103,24.624,1645.2,,45.262882,6.048699
2026-03-15T10:51:47+00:00,104,24.624,1644.0,,45.262949,6.048693
2026-03-15T10:51:48+00:00,104,24.840000000000003,1643.2,,45.263017,6.048705
2026-03-15T10:51:49+00:00,105,26.208000000000002,1642.8,,45.263087,6.048716
2026-03-15T10:51:50+00:00,107,26.496000000000002,1641.6,,45.263148,6.048691
2026-03-15T10:51:51+00:00,109,26.424,1640.2,,45.263211,6.048655
2026-03-15T10:51:52+00:00,110,26.496000000000002,1639.2,,45.263275,6.048656
2026-03-15T10:51:53+00:00,110,25.632,1638.4,,45.263328,6.048683
2026-03-15T10:51:54+00:00,110,24.768,1638.2,,45.263386,6.048704
2026-03-15T10:51:55+00:00,111,24.336,1637.4,,45.263445,6.048719
2026-03-15T10:51:57+00:00,111,23.400000000000002,1636.8,,45.263564,6.048726
2026-03-15T10:51:58+00:00,110,23.976000000000003,1636.4,,45.263625,6.048706
2026-03-15T10:51:59+00:00,110,23.832,1635.8,,45.263687,6.048675
2026-03-15T10:52:00+00:00,112,24.48,1635.2,,45.263752,6.048645
2026-03-15T10:52:01+00:00,115,25.1388,1634.6,,45.263818,6.048607
2026-03-15T10:52:02+00:00,117,26.136,1633.8,,45.26387,6.048551
2026-03-15T10:52:04+00:00,120,26.568,1632.2,,45.263982,6.048446
2026-03-15T10:52:06+00:00,122,26.712,1630.6,,45.264124,6.048395
2026-03-15T10:52:07+00:00,123,27.144000000000002,1629.6,,45.264196,6.04839
2026-03-15T10:52:08+00:00,124,27.2988,1628.8,,45.26427,6.048405
2026-03-15T10:52:09+00:00,124,28.584000000000003,1627.8,,45.264339,6.048442
2026-03-15T10:52:10+00:00,126,28.62,1627.2,,45.264403,6.048494
2026-03-15T10:52:11+00:00,125,28.584000000000003,1626.8,,45.264457,6.048549
2026-03-15T10:52:12+00:00,120,28.152,1626.2,,45.264512,6.0486
2026-03-15T10:52:13+00:00,110,27.0,1625.8,,45.26456,6.048648
2026-03-15T10:52:14+00:00,103,25.632,1625.6,,45.264614,6.048683
2026-03-15T10:52:15+00:00,102,24.840000000000003,1625.2,,45.264678,6.048714
2026-03-15T10:52:17+00:00,109,23.256,1624.6,,45.264783,6.048771
2026-03-15T10:52:18+00:00,113,23.400000000000002,1624.4,,45.264838,6.048799
2026-03-15T10:52:19+00:00,114,23.832,1623.6,,45.264911,6.04883
2026-03-15T10:52:20+00:00,115,23.688000000000002,1623.0,,45.264966,6.048835
2026-03-15T10:52:21+00:00,116,23.518800000000002,1622.6,,45.265025,6.048854
2026-03-15T10:52:22+00:00,116,24.336,1622.2,,45.26509,6.048862
2026-03-15T10:52:24+00:00,117,25.2,1621.4,,45.265226,6.048852
2026-03-15T10:52:25+00:00,117,25.056,1621.2,,45.265288,6.04884
2026-03-15T10:52:26+00:00,120,25.344,1620.8,,45.265349,6.048828
2026-03-15T10:52:27+00:00,124,25.416,1620.2,,45.265409,6.048815
2026-03-15T10:52:29+00:00,127,23.400000000000002,1619.4,,45.265517,6.048774
2026-03-15T10:52:30+00:00,125,22.464000000000002,1619.0,,45.265565,6.048751
2026-03-15T10:52:31+00:00,128,21.528000000000002,1618.6,,45.265615,6.048732
2026-03-15T10:52:33+00:00,129,21.7188,1617.8,,45.265734,6.048689
2026-03-15T10:52:35+00:00,131,23.976000000000003,1616.4,,45.265865,6.048674
2026-03-15T10:52:36+00:00,132,24.912,1615.6,,45.265931,6.048681
2026-03-15T10:52:37+00:00,132,25.981199999999998,1614.6,,45.26601,6.048694
2026-03-15T10:52:38+00:00,132,28.584000000000003,1613.4,,45.266099,6.048707
2026-03-15T10:52:39+00:00,131,29.638800000000003,1612.2,,45.266178,6.048729
2026-03-15T10:52:40+00:00,130,31.392000000000003,1611.2,,45.26626,6.048755
2026-03-15T10:52:41+00:00,129,33.048,1610.0,,45.266346,6.048775
2026-03-15T10:52:42+00:00,128,33.480000000000004,1608.8,,45.266431,6.048787
2026-03-15T10:52:44+00:00,118,34.344,1607.0,,45.266607,6.048806
2026-03-15T10:52:45+00:00,113,34.848,1605.8,,45.266696,6.048823
2026-03-15T10:52:46+00:00,109,35.208,1604.6,,45.266788,6.048821
2026-03-15T10:52:47+00:00,106,35.784,1603.6,,45.266881,6.048796
2026-03-15T10:52:48+00:00,105,35.3988,1602.4,,45.266967,6.048767
2026-03-15T10:52:49+00:00,106,35.712,1601.2,,45.267058,6.048761
2026-03-15T10:52:50+00:00,108,35.136,1599.6,,45.267137,6.04881
2026-03-15T10:52:51+00:00,111,35.352000000000004,1598.0,,45.267217,6.048872
2026-03-15T10:52:53+00:00,113,32.4,1596.2,,45.267351,6.048929
2026-03-15T10:52:54+00:00,113,31.607999999999997,1595.0,,45.267419,6.048979
2026-03-15T10:52:55+00:00,112,31.031999999999996,1593.8,,45.267481,6.049044
2026-03-15T10:52:56+00:00,112,29.952,1592.2,,45.267552,6.049096
2026-03-15T10:52:57+00:00,112,30.6,1591.2,,45.267636,6.049128
2026-03-15T10:52:58+00:00,112,32.328,1590.0,,45.267719,6.049147
2026-03-15T10:52:59+00:00,113,32.112,1588.8,,45.267792,6.04917
2026-03-15T10:53:00+00:00,117,31.895999999999997,1588.0,,45.267865,6.049172
2026-03-15T10:53:01+00:00,119,31.680000000000003,1586.8,,45.26794,6.04919
2026-03-15T10:53:02+00:00,120,30.312,1585.8,,45.268008,6.049206
2026-03-15T10:53:04+00:00,120,30.6,1583.8,,45.26817,6.049262
2026-03-15T10:53:06+00:00,119,32.112,1582.4,,45.268331,6.049334
2026-03-15T10:53:08+00:00,119,32.641200000000005,1580.6,,45.268478,6.049434
2026-03-15T10:53:09+00:00,119,32.976,1579.6,,45.268549,6.049501
2026-03-15T10:53:10+00:00,118,32.1012,1578.8,,45.268608,6.049559
2026-03-15T10:53:13+00:00,120,28.656,1577.2,,45.268758,6.049751
2026-03-15T10:53:14+00:00,123,26.928,1576.8,,45.268804,6.049816
2026-03-15T10:53:15+00:00,123,26.496000000000002,1576.2,,45.268843,6.04989
2026-03-15T10:53:17+00:00,122,27.2052,1574.4,,45.268939,6.050052
2026-03-15T10:53:18+00:00,123,29.088,1573.4,,45.269008,6.050125
2026-03-15T10:53:19+00:00,122,30.888,1572.0,,45.269078,6.050204
2026-03-15T10:53:20+00:00,123,33.624,1570.0,,45.269162,6.050294
2026-03-15T10:53:21+00:00,126,35.0388,1568.2,,45.269255,6.050376
2026-03-15T10:53:22+00:00,128,38.304,1565.2,,45.269352,6.050426
2026-03-15T10:53:23+00:00,126,39.672,1564.2,,45.269455,6.050431
2026-03-15T10:53:24+00:00,121,41.25600000000001,1562.6,,45.269555,6.050428
2026-03-15T10:53:25+00:00,120,40.248,1561.2,,45.269644,6.050419
2026-03-15T10:53:26+00:00,123,39.456,1560.8,,45.269743,6.050405
2026-03-15T10:53:27+00:00,125,39.312,1559.6,,45.269841,6.050421
2026-03-15T10:53:28+00:00,126,38.88,1556.6,,45.269939,6.05043
2026-03-15T10:53:29+00:00,127,38.88,1553.4,,45.27004,6.050439
2026-03-15T10:53:30+00:00,128,39.24,1551.0,,45.270122,6.050502
2026-03-15T10:53:31+00:00,129,37.943999999999996,1550.2,,45.270182,6.050582
2026-03-15T10:53:32+00:00,130,36.288000000000004,1549.2,,45.270249,6.050642
2026-03-15T10:53:33+00:00,131,34.776,1548.2,,45.270321,6.050686
2026-03-15T10:53:34+00:00,131,32.76,1547.6,,45.27038,6.050746
2026-03-15T10:53:35+00:00,132,31.248,1546.8,,45.270436,6.050809
2026-03-15T10:53:36+00:00,133,29.592000000000002,1545.4,,45.27049,6.050857
2026-03-15T10:53:37+00:00,133,27.288,1543.4,,45.270513,6.050916
2026-03-15T10:53:38+00:00,132,21.744,1541.6,,45.2705,6.050932
2026-03-15T10:53:39+00:00,130,15.624,1540.2,,45.270491,6.050935
2026-03-15T10:53:41+00:00,128,5.5440000000000005,1539.0,,45.270491,6.050939
2026-03-15T10:53:43+00:00,128,1.368,1539.0,,45.27049,6.050941
2026-03-15T10:53:45+00:00,130,3.6611999999999996,1539.2,,45.270506,6.050994
2026-03-15T10:53:46+00:00,130,5.904,1539.0,,45.270528,6.051012
2026-03-15T10:53:48+00:00,132,10.872,1537.8,,45.27055,6.051093
2026-03-15T10:53:49+00:00,133,10.141200000000001,1537.0,,45.270537,6.051112
2026-03-15T10:53:50+00:00,134,10.44,1536.0,,45.270533,6.051153
2026-03-15T10:53:52+00:00,134,11.879999999999999,1534.4,,45.270574,6.051242
2026-03-15T10:53:54+00:00,134,16.056,1532.0,,45.270588,6.051367
2026-03-15T10:53:55+00:00,133,16.848,1530.0,,45.270617,6.051415
2026-03-15T10:53:56+00:00,131,16.981199999999998,1527.6,,45.270623,6.051478
2026-03-15T10:53:57+00:00,131,18.36,1526.6,,45.270643,6.051541
2026-03-15T10:53:58+00:00,131,18.6588,1525.6,,45.270683,6.051592
2026-03-15T10:53:59+00:00,132,19.728,1524.2,,45.270734,6.05161
2026-03-15T10:54:00+00:00,132,19.584000000000003,1522.6,,45.270773,6.05163
2026-03-15T10:54:01+00:00,131,18.936,1521.4,,45.270784,6.051678
2026-03-15T10:54:02+00:00,129,18.503999999999998,1520.2,,45.270787,6.051733
2026-03-15T10:54:03+00:00,129,17.568,1519.0,,45.270814,6.051778
2026-03-15T10:54:04+00:00,129,17.064,1517.2,,45.270839,6.051836
2026-03-15T10:54:05+00:00,128,16.344,1516.8,,45.27083,6.05188
2026-03-15T10:54:06+00:00,127,16.704,1514.6,,45.27083,6.051937
2026-03-15T10:54:07+00:00,127,17.28,1513.8,,45.270861,6.051996
2026-03-15T10:54:08+00:00,126,18.36,1511.0,,45.270881,6.052065
2026-03-15T10:54:09+00:00,126,17.64,1509.4,,45.270902,6.052137
2026-03-15T10:54:10+00:00,125,21.096,1507.6,,45.270942,6.052195
2026-03-15T10:54:11+00:00,125,22.104,1502.8,,45.270968,6.052262
2026-03-15T10:54:12+00:00,124,22.608,1500.2,,45.270993,6.052333
2026-03-15T10:54:13+00:00,123,23.832,1498.6,,45.271047,6.052402
2026-03-15T10:54:14+00:00,122,24.840000000000003,1497.4,,45.271082,6.052479
2026-03-15T10:54:15+00:00,121,27.0,1495.8,,45.271123,6.052557
2026-03-15T10:54:16+00:00,121,28.008000000000003,1494.0,,45.271179,6.05262
2026-03-15T10:54:17+00:00,121,28.44,1491.2,,45.27121,6.052692
2026-03-15T10:54:18+00:00,120,27.503999999999998,1489.6,,45.271239,6.052762
2026-03-15T10:54:19+00:00,120,25.92,1488.6,,45.271277,6.052801
2026-03-15T10:54:20+00:00,121,24.408,1487.4,,45.271336,6.052834
2026-03-15T10:54:21+00:00,120,24.264000000000003,1485.8,,45.271399,6.052868
2026-03-15T10:54:22+00:00,120,24.768,1484.6,,45.271456,6.052919
2026-03-15T10:54:23+00:00,119,23.256,1483.2,,45.271458,6.052977
2026-03-15T10:54:24+00:00,119,23.904,1481.8,,45.271466,6.053054
2026-03-15T10:54:25+00:00,118,23.688000000000002,1480.2,,45.2715,6.05313
2026-03-15T10:54:26+00:00,117,23.328000000000003,1478.6,,45.271541,6.053199
2026-03-15T10:54:27+00:00,116,22.248,1477.0,,45.271545,6.053275
2026-03-15T10:54:28+00:00,116,22.176000000000002,1475.8,,45.271524,6.053319
2026-03-15T10:54:29+00:00,118,21.672,1474.6,,45.271524,6.053386
2026-03-15T10:54:30+00:00,118,20.376,1473.0,,45.271541,6.053449
2026-03-15T10:54:31+00:00,118,19.44,1472.0,,45.271529,6.053516
2026-03-15T10:54:32+00:00,119,19.368,1471.4,,45.271522,6.053588
2026-03-15T10:54:33+00:00,119,20.736,1470.6,,45.271534,6.053668
2026-03-15T10:54:34+00:00,118,21.672,1467.6,,45.271522,6.053753
2026-03-15T10:54:35+00:00,117,21.816,1464.8,,45.27149,6.053809
2026-03-15T10:54:36+00:00,117,22.176000000000002,1463.6,,45.271471,6.053882
2026-03-15T10:54:37+00:00,116,22.392,1462.2,,45.27144,6.053947
2026-03-15T10:54:38+00:00,116,21.96,1460.6,,45.271402,6.053995
2026-03-15T10:54:39+00:00,116,20.376,1459.8,,45.271393,6.054051
2026-03-15T10:54:40+00:00,117,19.8,1458.8,,45.271415,6.054099
2026-03-15T10:54:41+00:00,117,19.296000000000003,1457.6,,45.271434,6.054163
2026-03-15T10:54:42+00:00,114,18.503999999999998,1456.4,,45.271416,6.054227
2026-03-15T10:54:43+00:00,111,18.791999999999998,1455.2,,45.271379,6.054283
2026-03-15T10:54:44+00:00,108,20.592,1454.2,,45.271332,6.054341
2026-03-15T10:54:45+00:00,107,22.68,1452.8,,45.271283,6.054418
2026-03-15T10:54:46+00:00,106,25.56,1451.8,,45.271234,6.054515
2026-03-15T10:54:47+00:00,106,29.088,1450.8,,45.271189,6.054629
2026-03-15T10:54:48+00:00,106,32.25600000000001,1448.6,,45.271137,6.054745
2026-03-15T10:54:49+00:00,106,33.336,1446.6,,45.271076,6.054802
2026-03-15T10:54:50+00:00,106,31.104000000000003,1445.0,,45.271038,6.054787
2026-03-15T10:54:51+00:00,105,26.136,1443.8,,45.271016,6.054796
2026-03-15T10:54:55+00:00,105,8.28,1443.8,,45.270966,6.054877
2026-03-15T10:54:59+00:00,105,5.266800000000001,1443.6,,45.270951,6.054891
2026-03-15T10:55:04+00:00,108,1.08,1443.6,,45.270955,6.054893
2026-03-15T10:55:07+00:00,114,0.13319999999999999,1443.6,,45.270955,6.054893
2026-03-15T10:55:08+00:00,119,0.1188,1443.6,,45.270955,6.054893
2026-03-15T10:55:11+00:00,122,0.0,1443.8,,45.270955,6.054893
2026-03-15T10:55:12+00:00,134,0.0,1444.0,,45.270955,6.054893
2026-03-15T10:55:13+00:00,139,0.0,1444.0,,45.270955,6.054893
2026-03-15T10:55:15+00:00,140,0.0,1444.0,,45.270955,6.054893
2026-03-15T10:55:19+00:00,135,0.0,1444.2,,45.270955,6.054893
2026-03-15T10:55:25+00:00,134,0.0,1444.0,,45.270955,6.054893
2026-03-15T10:55:26+00:00,133,0.0,1444.0,,45.270955,6.054893
2026-03-15T10:55:29+00:00,136,0.0,1444.0,,45.270955,6.054893
2026-03-15T10:55:33+00:00,139,0.0,1444.0,,45.270955,6.054893
2026-03-15T10:55:36+00:00,139,0.0,1444.0,,45.270955,6.054893
2026-03-15T10:55:42+00:00,141,0.0,1444.2,,45.270955,6.054893
2026-03-15T10:55:48+00:00,140,0.0,1444.2,,45.270955,6.054893
2026-03-15T10:55:49+00:00,138,0.0,1444.2,,45.270955,6.054893
2026-03-15T10:55:51+00:00,135,0.0,1444.4,,45.270955,6.054893
2026-03-15T10:55:52+00:00,132,0.0,1444.4,,45.270955,6.054893
2026-03-15T10:55:53+00:00,129,0.0,1444.4,,45.270955,6.054893
2026-03-15T10:55:56+00:00,126,0.0,1444.2,,45.270955,6.054893
2026-03-15T10:55:59+00:00,129,0.0,1444.2,,45.270955,6.054893
2026-03-15T10:56:02+00:00,129,0.0,1444.4,,45.27095,6.054891
2026-03-15T10:56:04+00:00,126,0.5040000000000001,1444.4,,45.270944,6.054885
2026-03-15T10:56:07+00:00,122,1.0080000000000002,1444.4,,45.270955,6.054893
2026-03-15T10:56:09+00:00,125,0.5040000000000001,1444.4,,45.270955,6.054893
2026-03-15T10:56:13+00:00,128,0.0,1444.2,,45.270955,6.054893
2026-03-15T10:56:16+00:00,131,0.0,1444.4,,45.270955,6.054893
2026-03-15T10:56:18+00:00,136,0.0,1444.4,,45.270955,6.054893
2026-03-15T10:56:24+00:00,135,0.0,1444.2,,45.270944,6.054882
2026-03-15T10:56:25+00:00,135,0.0,1444.2,,45.270944,6.054882
2026-03-15T10:56:30+00:00,134,0.47880000000000006,1444.4,,45.270944,6.054882
2026-03-15T10:56:36+00:00,135,0.2628,1444.6,,45.270944,6.054882
2026-03-15T10:56:40+00:00,136,0.0,1444.6,,45.270944,6.054882
2026-03-15T10:56:46+00:00,138,0.0,1444.6,,45.270944,6.054882
2026-03-15T10:56:49+00:00,139,0.0,1444.6,,45.270944,6.054882
2026-03-15T10:56:51+00:00,142,0.0,1444.6,,45.270944,6.054882
2026-03-15T10:56:57+00:00,144,0.0,1444.6,,45.270944,6.054882
2026-03-15T10:57:01+00:00,142,0.0,1444.6,,45.270944,6.054882
2026-03-15T10:57:06+00:00,139,0.0,1444.6,,45.270944,6.054882
2026-03-15T10:57:10+00:00,142,0.0,1444.4,,45.270944,6.054882
2026-03-15T10:57:11+00:00,145,0.0,1444.4,,45.270944,6.054882
2026-03-15T10:57:12+00:00,146,0.0,1444.4,,45.270944,6.054882
2026-03-15T10:57:15+00:00,143,0.0,1444.6,,45.270944,6.054882
2026-03-15T10:57:18+00:00,140,0.0,1444.4,,45.270944,6.054882
2026-03-15T10:57:21+00:00,137,0.0,1444.4,,45.270944,6.054882
2026-03-15T10:57:23+00:00,131,0.0,1444.6,,45.270944,6.054882
2026-03-15T10:57:24+00:00,128,0.0,1444.6,,45.270944,6.054882
2026-03-15T10:57:26+00:00,123,0.0,1444.4,,45.270944,6.054882
2026-03-15T10:57:29+00:00,120,0.0,1444.4,,45.270944,6.054882
2026-03-15T10:57:30+00:00,116,0.0,1444.4,,45.270944,6.054882
2026-03-15T10:57:31+00:00,116,0.0,1444.6,,45.270944,6.054882
2026-03-15T10:57:37+00:00,114,0.0,1444.6,,45.270944,6.054882
2026-03-15T10:57:41+00:00,111,0.0,1444.6,,45.270944,6.054882
2026-03-15T10:57:42+00:00,107,0.0,1444.6,,45.270944,6.054882
2026-03-15T10:57:43+00:00,104,0.0,1444.6,,45.270944,6.054882
2026-03-15T10:57:44+00:00,100,0.0,1444.6,,45.270944,6.054882
2026-03-15T10:57:45+00:00,100,0.0,1444.6,,45.270944,6.054882
2026-03-15T10:57:46+00:00,103,0.0,1444.6,,45.270944,6.054882
2026-03-15T10:57:51+00:00,101,0.0,1444.6,,45.270944,6.054882
2026-03-15T10:57:57+00:00,100,0.0,1444.4,,45.270944,6.054882
2026-03-15T10:57:59+00:00,100,0.0,1444.4,,45.270944,6.054882
2026-03-15T10:58:05+00:00,102,0.0,1444.6,,45.270944,6.054882
2026-03-15T10:58:09+00:00,102,0.0,1444.6,,45.270944,6.054882
2026-03-15T10:58:15+00:00,103,0.0,1444.6,,45.270944,6.054882
2026-03-15T10:58:19+00:00,106,0.0,1444.6,,45.270944,6.054882
2026-03-15T10:58:25+00:00,106,0.0,1444.8,,45.270944,6.054882
2026-03-15T10:58:30+00:00,105,0.0972,1444.8,,45.270944,6.054882
2026-03-15T10:58:36+00:00,104,0.0972,1444.6,,45.270944,6.054882
2026-03-15T10:58:40+00:00,104,0.0,1444.8,,45.270933,6.054869
2026-03-15T10:58:46+00:00,104,0.0,1444.6,,45.270933,6.054869
2026-03-15T10:58:52+00:00,103,0.4212,1444.6,,45.270933,6.054869
2026-03-15T10:58:53+00:00,102,0.7200000000000001,1444.6,,45.270933,6.054869
2026-03-15T10:58:58+00:00,105,0.0,1444.8,,45.270933,6.054869
2026-03-15T10:59:00+00:00,108,0.0,1444.8,,45.270933,6.054869
2026-03-15T10:59:03+00:00,108,0.0,1444.8,,45.270933,6.054869
2026-03-15T10:59:09+00:00,99,0.0,1444.8,,45.270933,6.054869
2026-03-15T10:59:10+00:00,99,0.0,1444.8,,45.270933,6.054869
2026-03-15T10:59:16+00:00,99,0.0,1444.8,,45.270933,6.054869
2026-03-15T10:59:20+00:00,95,0.0,1444.8,,45.270933,6.054869
2026-03-15T10:59:24+00:00,93,0.0,1444.8,,45.270933,6.054869
2026-03-15T10:59:26+00:00,90,0.0,1444.8,,45.270933,6.054869
2026-03-15T10:59:27+00:00,87,0.0,1444.8,,45.270933,6.054869
2026-03-15T10:59:28+00:00,84,0.0,1444.8,,45.270933,6.054869
2026-03-15T10:59:29+00:00,81,0.0,1444.8,,45.270933,6.054869
2026-03-15T10:59:32+00:00,77,0.0,1444.8,,45.270933,6.054869
2026-03-15T10:59:34+00:00,74,0.0,1444.8,,45.270933,6.054869
2026-03-15T10:59:36+00:00,69,0.0,1444.8,,45.270933,6.054869
2026-03-15T10:59:37+00:00,63,0.0,1444.8,,45.270933,6.054869
2026-03-15T10:59:38+00:00,57,0.0,1444.8,,45.270933,6.054869
2026-03-15T10:59:44+00:00,59,0.0,1444.8,,45.270933,6.054869
2026-03-15T10:59:47+00:00,62,0.0,1444.8,,45.270933,6.054869
2026-03-15T10:59:49+00:00,67,0.0,1444.8,,45.270933,6.054869
2026-03-15T10:59:50+00:00,71,0.0,1444.8,,45.270933,6.054869
2026-03-15T10:59:51+00:00,79,0.0,1444.8,,45.270933,6.054869
2026-03-15T10:59:52+00:00,82,0.0,1444.8,,45.270933,6.054869
2026-03-15T10:59:53+00:00,86,0.0,1444.8,,45.270933,6.054869
2026-03-15T10:59:55+00:00,90,0.0,1444.8,,45.270933,6.054869
2026-03-15T10:59:57+00:00,94,0.0,1445.0,,45.270933,6.054869
2026-03-15T11:00:01+00:00,98,0.0,1444.8,,45.270922,6.054859
2026-03-15T11:00:04+00:00,101,0.0,1444.8,,45.270922,6.054859
2026-03-15T11:00:06+00:00,102,1.0080000000000002,1444.8,,45.270922,6.054859
2026-03-15T11:00:10+00:00,105,0.8388000000000001,1444.8,,45.270922,6.054859
2026-03-15T11:00:14+00:00,108,0.0,1444.8,,45.270922,6.054859
2026-03-15T11:00:16+00:00,108,0.0,1444.8,,45.270922,6.054859
2026-03-15T11:00:21+00:00,111,0.0,1444.8,,45.270922,6.054859
2026-03-15T11:00:23+00:00,114,0.0,1444.6,,45.270922,6.054859
2026-03-15T11:00:27+00:00,112,0.0,1444.8,,45.270922,6.054859
2026-03-15T11:00:33+00:00,112,0.0,1444.8,,45.270922,6.054859
2026-03-15T11:00:35+00:00,109,0.0,1444.6,,45.270922,6.054859
2026-03-15T11:00:41+00:00,106,0.0,1444.6,,45.270922,6.054859
2026-03-15T11:00:44+00:00,103,0.0,1444.6,,45.270922,6.054859
2026-03-15T11:00:46+00:00,103,0.0,1444.6,,45.270922,6.054859
2026-03-15T11:00:51+00:00,106,0.0,1444.6,,45.270922,6.054859
2026-03-15T11:00:56+00:00,105,0.0,1444.6,,45.27091,6.054849
2026-03-15T11:01:02+00:00,103,0.48960000000000004,1444.6,,45.27091,6.054849
2026-03-15T11:01:07+00:00,101,0.48960000000000004,1444.6,,45.27091,6.054849
2026-03-15T11:01:13+00:00,104,0.0,1444.8,,45.27091,6.054849
2026-03-15T11:01:16+00:00,105,0.0,1444.4,,45.27091,6.054849
2026-03-15T11:01:22+00:00,106,0.0,1444.8,,45.27091,6.054849
2026-03-15T11:01:25+00:00,106,0.0,1444.6,,45.27091,6.054849
2026-03-15T11:01:31+00:00,108,0.0,1444.8,,45.27091,6.054849
2026-03-15T11:01:34+00:00,110,0.0,1444.6,,45.27091,6.054849
2026-03-15T11:01:39+00:00,104,0.0,1444.6,,45.27091,6.054849
2026-03-15T11:01:41+00:00,99,0.0,1444.6,,45.270898,6.05484
2026-03-15T11:01:47+00:00,97,0.63,1444.6,,45.270897,6.05484
2026-03-15T11:01:49+00:00,98,0.63,1444.6,,45.270897,6.05484
2026-03-15T11:01:55+00:00,102,0.0,1444.6,,45.270897,6.05484
2026-03-15T11:01:57+00:00,103,0.2268,1444.6,,45.270875,6.054841
2026-03-15T11:02:03+00:00,103,4.7268,1444.6,,45.270801,6.0548
2026-03-15T11:02:06+00:00,106,3.9996,1444.6,,45.270801,6.0548
2026-03-15T11:02:11+00:00,109,0.0,1444.8,,45.270801,6.0548
2026-03-15T11:02:14+00:00,110,0.0,1444.6,,45.270801,6.0548
2026-03-15T11:02:16+00:00,113,0.0,1444.8,,45.270801,6.0548
2026-03-15T11:02:18+00:00,110,0.0,1444.8,,45.270801,6.0548
2026-03-15T11:02:21+00:00,108,0.0,1444.8,,45.270801,6.0548
2026-03-15T11:02:27+00:00,110,0.07919999999999999,1444.8,,45.270794,6.054802
2026-03-15T11:02:30+00:00,109,1.0008000000000001,1444.6,,45.270778,6.054796
2026-03-15T11:02:36+00:00,108,0.9216000000000001,1444.6,,45.270778,6.054796
2026-03-15T11:02:39+00:00,105,0.0,1444.6,,45.270778,6.054796
2026-03-15T11:02:45+00:00,108,0.0,1444.8,,45.270778,6.054796
2026-03-15T11:02:47+00:00,107,0.0,1444.8,,45.270778,6.054796
2026-03-15T11:02:52+00:00,110,0.0,1444.6,,45.270778,6.054796
2026-03-15T11:02:58+00:00,111,0.0,1444.8,,45.270778,6.054796
2026-03-15T11:03:00+00:00,108,0.0,1444.8,,45.270778,6.054796
2026-03-15T11:03:01+00:00,105,0.0,1444.6,,45.270778,6.054796
2026-03-15T11:03:03+00:00,100,0.0,1444.6,,45.270778,6.054796
2026-03-15T11:03:04+00:00,100,0.0,1444.6,,45.270778,6.054796
2026-03-15T11:03:08+00:00,102,0.0,1444.8,,45.270778,6.054796
2026-03-15T11:03:09+00:00,108,0.0,1444.8,,45.270778,6.054796
2026-03-15T11:03:15+00:00,100,0.0,1444.6,,45.270778,6.054796
2026-03-15T11:03:16+00:00,94,0.0,1444.6,,45.270778,6.054796
2026-03-15T11:03:17+00:00,88,0.0,1444.6,,45.270778,6.054796
2026-03-15T11:03:18+00:00,84,0.0,1444.8,,45.270778,6.054796
2026-03-15T11:03:23+00:00,88,0.0,1444.6,,45.270778,6.054796
2026-03-15T11:03:24+00:00,93,0.0,1444.6,,45.270778,6.054796
2026-03-15T11:03:29+00:00,92,0.0,1444.6,,45.270778,6.054796
2026-03-15T11:03:35+00:00,91,0.0,1444.6,,45.270778,6.054796
2026-03-15T11:03:38+00:00,91,0.0,1444.6,,45.270778,6.054796
2026-03-15T11:03:41+00:00,94,0.0,1444.6,,45.270778,6.054796
2026-03-15T11:03:46+00:00,97,0.0,1444.8,,45.270778,6.054796
2026-03-15T11:03:49+00:00,93,0.0,1444.8,,45.270778,6.054796
2026-03-15T11:03:53+00:00,90,0.0,1444.8,,45.270778,6.054796
2026-03-15T11:03:59+00:00,91,0.5040000000000001,1444.8,,45.270767,6.054783
2026-03-15T11:04:04+00:00,88,0.4572,1444.8,,45.270767,6.054783
2026-03-15T11:04:08+00:00,88,0.0,1445.0,,45.270767,6.054783
2026-03-15T11:04:14+00:00,84,0.0,1444.8,,45.270767,6.054783
2026-03-15T11:04:20+00:00,85,0.0,1444.8,,45.270767,6.054783
2026-03-15T11:04:26+00:00,87,0.0,1444.8,,45.270767,6.054783
2026-03-15T11:04:28+00:00,90,0.0,1444.8,,45.270767,6.054783
2026-03-15T11:04:34+00:00,92,0.0,1444.8,,45.270767,6.054783
2026-03-15T11:04:36+00:00,93,0.0,1444.8,,45.270767,6.054783
2026-03-15T11:04:42+00:00,94,2.2032,1444.8,,45.270743,6.054727
2026-03-15T11:04:43+00:00,94,2.52,1444.8,,45.270743,6.054727
2026-03-15T11:04:46+00:00,91,1.764,1444.8,,45.270736,6.054726
2026-03-15T11:04:48+00:00,86,1.8,1444.8,,45.27072,6.05471
2026-03-15T11:04:49+00:00,86,2.0987999999999998,1444.8,,45.270712,6.054703
2026-03-15T11:04:55+00:00,88,1.3896000000000002,1445.0,,45.270711,6.054685
2026-03-15T11:04:56+00:00,89,0.9756000000000001,1444.8,,45.270714,6.0547
2026-03-15T11:04:58+00:00,93,0.7595999999999999,1444.6,,45.270714,6.0547
2026-03-15T11:05:02+00:00,96,0.0,1444.6,,45.270709,6.054682
2026-03-15T11:05:07+00:00,95,1.0008000000000001,1444.6,,45.270704,6.054651
2026-03-15T11:05:13+00:00,96,0.8172,1444.6,,45.270704,6.054651
2026-03-15T11:05:15+00:00,94,0.0,1444.6,,45.270704,6.054651
2026-03-15T11:05:17+00:00,98,0.0,1444.4,,45.270704,6.054651
2026-03-15T11:05:18+00:00,101,0.0,1444.4,,45.270704,6.054651
2026-03-15T11:05:19+00:00,104,0.0,1444.2,,45.270704,6.054651
2026-03-15T11:05:21+00:00,105,0.0,1444.4,,45.270699,6.054648
2026-03-15T11:05:24+00:00,108,1.584,1444.6,,45.270693,6.054625
2026-03-15T11:05:27+00:00,107,2.3400000000000003,1444.8,,45.270683,6.054606
2026-03-15T11:05:30+00:00,103,1.62,1444.8,,45.270679,6.054592
2026-03-15T11:05:31+00:00,100,1.7496,1444.8,,45.270678,6.054587
2026-03-15T11:05:32+00:00,99,1.4400000000000002,1444.6,,45.270679,6.054581
2026-03-15T11:05:37+00:00,97,1.9800000000000002,1444.0,,45.270673,6.054543
2026-03-15T11:05:40+00:00,99,5.04,1443.8,,45.27065,6.054432
2026-03-15T11:05:44+00:00,101,15.944400000000002,1445.6,,45.27054,6.054178
2026-03-15T11:05:45+00:00,103,20.592,1447.0,,45.270512,6.054115
2026-03-15T11:05:46+00:00,105,20.5812,1448.6,,45.270487,6.054056
2026-03-15T11:05:47+00:00,105,20.005200000000002,1450.4,,45.270465,6.054003
2026-03-15T11:05:48+00:00,105,19.5768,1452.2,,45.27044,6.053954
2026-03-15T11:05:49+00:00,105,17.784000000000002,1453.6,,45.270418,6.053911
2026-03-15T11:21:59+00:00,109,0.039599999999999996,2049.6,,45.268058,6.036465
2026-03-15T11:22:00+00:00,106,0.036000000000000004,2049.4,,45.268083,6.036444
2026-03-15T11:22:02+00:00,103,0.057600000000000005,2048.8,,45.268139,6.036416
2026-03-15T11:22:03+00:00,101,0.061200000000000004,2048.6,,45.268148,6.036417
2026-03-15T11:22:04+00:00,100,0.061200000000000004,2048.6,,45.268148,6.036417
2026-03-15T11:22:06+00:00,95,4.6188,2048.6,,45.268148,6.036417
2026-03-15T11:22:10+00:00,99,0.36000000000000004,2048.6,,45.268148,6.036417
2026-03-15T11:22:14+00:00,103,0.0,2048.4,,45.268148,6.036417
2026-03-15T11:22:15+00:00,106,0.0,2048.4,,45.268148,6.036417
2026-03-15T11:22:17+00:00,109,0.0,2048.4,,45.268148,6.036417
2026-03-15T11:22:20+00:00,106,0.0,2048.2,,45.268148,6.036417
2026-03-15T11:22:26+00:00,105,0.0,2048.2,,45.268148,6.036417
2026-03-15T11:22:29+00:00,104,0.0,2048.0,,45.268145,6.036415
2026-03-15T11:22:34+00:00,101,0.0432,2048.0,,45.268148,6.036417
2026-03-15T11:22:36+00:00,99,0.0504,2048.0,,45.268148,6.036417
2026-03-15T11:22:41+00:00,102,0.0,2047.8,,45.268148,6.036417
2026-03-15T11:22:44+00:00,104,0.0,2047.8,,45.268148,6.036417
2026-03-15T11:22:50+00:00,106,2.4408000000000003,2047.8,,45.268201,6.036392
2026-03-15T11:22:52+00:00,105,5.3100000000000005,2047.4,,45.26825,6.036362
2026-03-15T11:22:54+00:00,103,6.768,2046.8,,45.268317,6.036383
2026-03-15T11:22:55+00:00,102,12.096,2046.2,,45.26835,6.036357
2026-03-15T11:22:57+00:00,102,14.04,2044.2,,45.26842,6.036334
2026-03-15T11:22:58+00:00,102,14.1588,2043.0,,45.268456,6.036326
2026-03-15T11:22:59+00:00,102,15.624,2041.4,,45.2685,6.036285
2026-03-15T11:23:00+00:00,102,16.272,2039.6,,45.268546,6.036289
2026-03-15T11:23:01+00:00,101,14.58,2038.0,,45.268559,6.036303
2026-03-15T11:23:02+00:00,101,14.544,2036.8,,45.26858,6.036316
2026-03-15T11:23:03+00:00,100,14.256,2035.4,,45.268616,6.036304
2026-03-15T11:23:04+00:00,99,14.832,2034.2,,45.268672,6.036284
2026-03-15T11:23:05+00:00,99,14.04,2032.8,,45.268705,6.036287
2026-03-15T11:23:06+00:00,99,15.48,2031.6,,45.268737,6.036314
2026-03-15T11:23:07+00:00,99,16.128000000000004,2030.4,,45.268766,6.03632
2026-03-15T11:23:08+00:00,99,17.208000000000002,2029.0,,45.268817,6.036311
2026-03-15T11:23:09+00:00,99,17.568,2028.0,,45.268876,6.036307
2026-03-15T11:23:10+00:00,99,19.296000000000003,2027.2,,45.268934,6.036281
2026-03-15T11:23:11+00:00,99,21.168,2026.0,,45.268993,6.036261
2026-03-15T11:23:12+00:00,98,22.824,2025.0,,45.269045,6.036266
2026-03-15T11:23:13+00:00,98,23.184,2023.8,,45.269097,6.036241
2026-03-15T11:23:14+00:00,97,22.032,2022.6,,45.269144,6.036236
2026-03-15T11:23:15+00:00,95,19.8,2021.6,,45.269168,6.03626
2026-03-15T11:23:16+00:00,94,17.568,2020.8,,45.269201,6.036268
2026-03-15T11:23:17+00:00,91,16.848,2020.0,,45.269243,6.036255
2026-03-15T11:23:18+00:00,89,15.264000000000001,2019.2,,45.269274,6.036229
2026-03-15T11:23:19+00:00,88,14.112,2018.2,,45.269306,6.036233
2026-03-15T11:23:20+00:00,89,14.904,2017.6,,45.269344,6.03624
2026-03-15T11:23:21+00:00,92,15.984000000000002,2016.8,,45.269385,6.036219
2026-03-15T11:23:22+00:00,94,14.472,2015.8,,45.269419,6.036222
2026-03-15T11:23:24+00:00,97,15.120000000000001,2014.2,,45.269483,6.036216
2026-03-15T11:23:26+00:00,98,13.464,2012.2,,45.269548,6.036214
2026-03-15T11:23:27+00:00,98,14.76,2011.6,,45.269593,6.036207
2026-03-15T11:23:28+00:00,98,14.1012,2010.8,,45.269612,6.036178
2026-03-15T11:23:30+00:00,98,13.5612,2009.2,,45.269668,6.036135
2026-03-15T11:23:32+00:00,98,12.96,2008.0,,45.269731,6.03612
2026-03-15T11:23:34+00:00,97,12.6612,2006.8,,45.269786,6.036116
2026-03-15T11:23:36+00:00,97,12.24,2006.0,,45.269836,6.036099
2026-03-15T11:23:37+00:00,97,11.808,2005.6,,45.269859,6.036066
2026-03-15T11:23:38+00:00,98,12.06,2004.8,,45.269893,6.036038
2026-03-15T11:23:39+00:00,98,11.879999999999999,2004.2,,45.269915,6.036046
2026-03-15T11:23:40+00:00,98,10.501199999999999,2003.6,,45.269925,6.036058
2026-03-15T11:23:41+00:00,98,10.656,2003.0,,45.269954,6.036058
2026-03-15T11:23:43+00:00,99,8.28,2002.2,,45.269986,6.036031
2026-03-15T11:23:44+00:00,99,7.272,2001.8,,45.269995,6.036046
2026-03-15T11:23:46+00:00,100,8.784,2001.0,,45.270053,6.036044
2026-03-15T11:23:47+00:00,100,9.360000000000001,2000.4,,45.270071,6.036019
2026-03-15T11:23:49+00:00,99,11.952,1998.8,,45.270128,6.035981
2026-03-15T11:23:51+00:00,100,13.104000000000001,1997.4,,45.2702,6.03598
2026-03-15T11:23:52+00:00,100,13.895999999999999,1996.4,,45.270232,6.03596
2026-03-15T11:23:53+00:00,99,13.3812,1995.6,,45.270261,6.035975
2026-03-15T11:23:55+00:00,98,13.5,1993.8,,45.270315,6.035953
2026-03-15T11:23:56+00:00,97,12.456,1992.8,,45.27034,6.035929
2026-03-15T11:23:57+00:00,96,11.16,1992.0,,45.270354,6.035937
2026-03-15T11:23:58+00:00,96,10.656,1991.4,,45.270366,6.035962
2026-03-15T11:24:00+00:00,96,10.08,1990.0,,45.270416,6.036012
2026-03-15T11:24:01+00:00,95,9.72,1989.4,,45.270428,6.035986
2026-03-15T11:24:02+00:00,95,10.08,1988.8,,45.27043,6.03596
2026-03-15T11:24:05+00:00,95,5.688000000000001,1987.6,,45.270436,6.035929
2026-03-15T11:24:06+00:00,95,4.032000000000001,1987.6,,45.270436,6.035929
2026-03-15T11:24:09+00:00,99,1.5444,1987.6,,45.270436,6.035929
2026-03-15T11:24:10+00:00,102,0.432,1987.6,,45.270436,6.035927
2026-03-15T11:24:11+00:00,102,2.52,1987.4,,45.270464,6.035923
2026-03-15T11:24:12+00:00,103,3.1212,1987.0,,45.270477,6.035932
2026-03-15T11:24:13+00:00,103,2.9844,1986.4,,45.270481,6.035942
2026-03-15T11:24:15+00:00,102,7.5600000000000005,1985.4,,45.270528,6.035929
2026-03-15T11:24:16+00:00,100,7.776000000000001,1984.4,,45.270559,6.035923
2026-03-15T11:24:17+00:00,98,8.856,1983.8,,45.270579,6.035943
2026-03-15T11:24:19+00:00,97,11.7612,1981.6,,45.270641,6.035899
2026-03-15T11:24:20+00:00,97,12.888,1980.4,,45.270673,6.035876
2026-03-15T11:24:21+00:00,97,12.6,1979.4,,45.270702,6.035889
2026-03-15T11:24:22+00:00,98,14.688,1978.6,,45.270743,6.035876
2026-03-15T11:24:23+00:00,99,14.821200000000001,1977.6,,45.270774,6.035834
2026-03-15T11:24:24+00:00,100,14.616,1976.6,,45.270806,6.035821
2026-03-15T11:24:25+00:00,100,14.832,1975.6,,45.270845,6.035829
2026-03-15T11:24:26+00:00,101,16.272,1974.8,,45.270883,6.035803
2026-03-15T11:24:27+00:00,101,15.624,1973.8,,45.270914,6.035769
2026-03-15T11:24:28+00:00,102,15.048,1972.8,,45.270948,6.035773
2026-03-15T11:24:29+00:00,102,15.624,1972.4,,45.270985,6.035797
2026-03-15T11:24:30+00:00,101,15.264000000000001,1971.4,,45.271013,6.035781
2026-03-15T11:24:31+00:00,99,14.184,1970.4,,45.271038,6.035747
2026-03-15T11:24:32+00:00,98,14.184,1969.8,,45.271074,6.035735
2026-03-15T11:24:33+00:00,97,14.4,1969.0,,45.271109,6.035735
2026-03-15T11:24:34+00:00,97,14.04,1968.4,,45.271141,6.035708
2026-03-15T11:24:35+00:00,97,14.328,1967.4,,45.271177,6.035693
2026-03-15T11:24:36+00:00,98,14.112,1966.8,,45.271202,6.035711
2026-03-15T11:24:37+00:00,97,13.536,1966.4,,45.271231,6.035719
2026-03-15T11:24:38+00:00,98,12.888,1965.8,,45.271257,6.035697
2026-03-15T11:24:39+00:00,98,12.672,1965.4,,45.271291,6.035691
2026-03-15T11:24:40+00:00,97,12.672,1965.0,,45.271327,6.035705
2026-03-15T11:24:41+00:00,97,13.895999999999999,1964.4,,45.271368,6.035689
2026-03-15T11:24:42+00:00,98,13.895999999999999,1963.6,,45.271396,6.035664
2026-03-15T11:24:43+00:00,99,13.68,1962.8,,45.271423,6.035669
2026-03-15T11:24:44+00:00,98,13.968,1962.2,,45.271458,6.035684
2026-03-15T11:24:47+00:00,97,15.120000000000001,1961.0,,45.271582,6.035644
2026-03-15T11:24:50+00:00,97,18.8388,1959.6,,45.271738,6.035594
2026-03-15T11:24:52+00:00,98,21.672,1958.2,,45.271856,6.035579
2026-03-15T11:24:54+00:00,101,21.7548,1956.8,,45.271971,6.035559
2026-03-15T11:24:56+00:00,105,23.040000000000003,1955.6,,45.272095,6.035558
2026-03-15T11:24:57+00:00,105,22.536,1955.0,,45.27213,6.035605
2026-03-15T11:24:58+00:00,105,20.5812,1954.2,,45.272137,6.035643
2026-03-15T11:25:00+00:00,104,14.518800000000002,1953.4,,45.272136,6.035673
2026-03-15T11:25:01+00:00,103,8.064000000000002,1953.0,,45.272131,6.035665
2026-03-15T11:25:05+00:00,103,0.792,1953.2,,45.272136,6.035665
2026-03-15T11:25:11+00:00,104,0.396,1953.2,,45.272136,6.035665
2026-03-15T11:25:12+00:00,105,0.0,1953.2,,45.272136,6.035665
2026-03-15T11:25:15+00:00,102,0.0,1953.2,,45.272136,6.035665
2026-03-15T11:25:20+00:00,103,0.0,1953.0,,45.272136,6.035665
2026-03-15T11:25:22+00:00,107,0.0,1953.0,,45.272136,6.035665
2026-03-15T11:25:23+00:00,110,0.0,1953.2,,45.272136,6.035665
2026-03-15T11:25:24+00:00,113,0.0,1953.2,,45.272136,6.035665
2026-03-15T11:25:25+00:00,113,0.0,1953.2,,45.272136,6.035665
2026-03-15T11:25:31+00:00,114,0.0,1953.0,,45.272136,6.035665
2026-03-15T11:25:37+00:00,111,0.0,1953.0,,45.272136,6.035665
2026-03-15T11:25:42+00:00,108,0.0,1953.2,,45.272136,6.035665
2026-03-15T11:25:46+00:00,106,0.0,1953.0,,45.272136,6.035665
2026-03-15T11:25:52+00:00,104,0.0,1953.2,,45.272136,6.035665
2026-03-15T11:25:55+00:00,103,0.0,1953.2,,45.272136,6.035661
2026-03-15T11:26:01+00:00,102,0.0,1952.8,,45.272136,6.035665
2026-03-15T11:26:03+00:00,101,0.0,1952.8,,45.272136,6.035665
2026-03-15T11:26:09+00:00,100,0.0,1952.8,,45.272136,6.035665
2026-03-15T11:26:14+00:00,100,0.0,1952.8,,45.272136,6.035665
2026-03-15T11:26:20+00:00,99,0.0,1952.8,,45.272136,6.035665
2026-03-15T11:26:22+00:00,97,0.0,1952.6,,45.272136,6.035665
2026-03-15T11:26:28+00:00,96,0.0,1952.6,,45.272136,6.035665
2026-03-15T11:26:34+00:00,96,0.0,1952.4,,45.272136,6.035665
2026-03-15T11:26:37+00:00,96,0.47880000000000006,1952.6,,45.272129,6.035662
2026-03-15T11:26:43+00:00,95,0.7200000000000001,1952.4,,45.272136,6.035665
2026-03-15T11:26:48+00:00,98,0.198,1952.4,,45.272136,6.035665
2026-03-15T11:26:54+00:00,97,0.0,1952.2,,45.272136,6.035665
2026-03-15T11:27:00+00:00,98,0.0,1952.2,,45.272136,6.035665
2026-03-15T11:27:05+00:00,96,0.2952,1952.2,,45.272134,6.035673
2026-03-15T11:27:06+00:00,93,1.1988,1952.4,,45.272135,6.035688
2026-03-15T11:27:08+00:00,90,0.9,1952.4,,45.272134,6.035687
2026-03-15T11:27:09+00:00,89,1.6812,1952.4,,45.272146,6.035711
2026-03-15T11:27:13+00:00,90,3.168,1952.6,,45.27215,6.035741
2026-03-15T11:27:15+00:00,93,1.3212,1952.6,,45.272148,6.035739
2026-03-15T11:27:17+00:00,97,0.9900000000000001,1952.4,,45.272148,6.035739
2026-03-15T11:27:19+00:00,98,0.0,1952.4,,45.272148,6.035739
2026-03-15T11:27:24+00:00,99,2.7252,1952.4,,45.272191,6.035772
2026-03-15T11:27:25+00:00,99,3.7188,1952.2,,45.272189,6.035784
2026-03-15T11:27:26+00:00,98,3.5496,1952.0,,45.272192,6.035796
2026-03-15T11:27:28+00:00,98,3.7188,1952.0,,45.272189,6.035829
2026-03-15T11:27:30+00:00,99,4.392,1952.2,,45.272194,6.035868
2026-03-15T11:27:32+00:00,100,3.8988,1952.6,,45.272185,6.035882
2026-03-15T11:27:33+00:00,101,3.9600000000000004,1952.6,,45.272185,6.035903
2026-03-15T11:27:36+00:00,101,3.7188,1952.6,,45.27217,6.035947
2026-03-15T11:27:40+00:00,101,6.2244,1952.8,,45.272128,6.036038
2026-03-15T11:27:45+00:00,103,6.5196,1952.4,,45.272091,6.036129
2026-03-15T11:27:46+00:00,106,5.58,1952.4,,45.272089,6.036148
2026-03-15T11:27:47+00:00,110,5.2452000000000005,1952.2,,45.272089,6.03616
2026-03-15T11:27:48+00:00,110,4.8132,1952.2,,45.272095,6.036163
2026-03-15T11:27:50+00:00,111,2.3760000000000003,1952.2,,45.272095,6.036172
2026-03-15T11:27:52+00:00,114,0.7200000000000001,1952.4,,45.272095,6.036171
2026-03-15T11:27:55+00:00,114,2.4480000000000004,1952.4,,45.272125,6.036158
2026-03-15T11:27:59+00:00,115,4.6296,1953.0,,45.272168,6.036119
2026-03-15T11:28:00+00:00,116,4.392,1953.0,,45.272174,6.036119
2026-03-15T11:28:01+00:00,116,3.6611999999999996,1953.2,,45.272174,6.036121
2026-03-15T11:28:03+00:00,116,3.6,1953.4,,45.272191,6.036109
2026-03-15T11:28:07+00:00,116,5.8212,1953.4,,45.272262,6.036089
2026-03-15T11:28:12+00:00,115,8.121599999999999,1953.2,,45.272362,6.036002
2026-03-15T11:28:13+00:00,118,9.72,1953.0,,45.272381,6.035961
2026-03-15T11:28:14+00:00,121,10.6956,1952.6,,45.272403,6.035911
2026-03-15T11:28:16+00:00,124,11.361600000000001,1951.8,,45.272463,6.035849
2026-03-15T11:28:18+00:00,122,13.32,1950.4,,45.272513,6.035893
2026-03-15T11:28:19+00:00,115,10.8,1950.0,,45.272517,6.035909
2026-03-15T11:28:20+00:00,112,10.620000000000001,1949.8,,45.272525,6.035943
2026-03-15T11:28:21+00:00,109,9.360000000000001,1949.8,,45.272538,6.035976
2026-03-15T11:28:24+00:00,106,10.44,1949.6,,45.272584,6.036064
2026-03-15T11:28:25+00:00,105,10.656,1949.4,,45.272599,6.0361
2026-03-15T11:28:28+00:00,105,11.2644,1948.4,,45.272621,6.036229
2026-03-15T11:28:29+00:00,105,11.232000000000001,1948.0,,45.272636,6.036257
2026-03-15T11:28:32+00:00,106,12.4452,1947.2,,45.2727,6.036371
2026-03-15T11:28:35+00:00,112,15.001199999999999,1945.2,,45.272723,6.036547
2026-03-15T11:28:36+00:00,115,15.0696,1944.8,,45.272716,6.036601
2026-03-15T11:28:37+00:00,118,16.128000000000004,1944.4,,45.27271,6.036655
2026-03-15T11:28:38+00:00,118,15.7788,1944.2,,45.272705,6.036706
2026-03-15T11:28:42+00:00,120,16.272,1943.8,,45.272748,6.03694
2026-03-15T11:28:44+00:00,123,15.5988,1943.0,,45.272744,6.037034
2026-03-15T11:28:45+00:00,125,15.584399999999999,1942.4,,45.272744,6.037089
2026-03-15T11:28:46+00:00,125,15.436800000000002,1941.8,,45.272765,6.037138
2026-03-15T11:28:48+00:00,124,15.5988,1940.6,,45.272779,6.037265
2026-03-15T11:28:50+00:00,119,17.928,1939.0,,45.272824,6.037384
2026-03-15T11:28:51+00:00,117,19.008000000000003,1938.6,,45.272863,6.037436
2026-03-15T11:28:52+00:00,116,19.198800000000002,1937.0,,45.272872,6.037497
2026-03-15T11:28:53+00:00,115,19.152,1936.0,,45.272866,6.037563
2026-03-15T11:28:54+00:00,113,19.198800000000002,1934.8,,45.272884,6.037629
2026-03-15T11:28:55+00:00,110,19.08,1933.6,,45.272911,6.037686
2026-03-15T11:28:56+00:00,109,19.944,1932.8,,45.272953,6.037755
2026-03-15T11:28:57+00:00,107,22.464000000000002,1932.0,,45.273011,6.037817
2026-03-15T11:28:58+00:00,106,24.192,1931.0,,45.273073,6.037863
2026-03-15T11:28:59+00:00,105,24.696,1929.8,,45.273111,6.037918
2026-03-15T11:29:00+00:00,104,23.616,1929.2,,45.273127,6.037959
2026-03-15T11:29:01+00:00,105,20.952,1928.6,,45.273149,6.037986
2026-03-15T11:29:02+00:00,105,16.92,1928.2,,45.273164,6.038006
2026-03-15T11:29:07+00:00,106,8.2188,1928.0,,45.27322,6.038108
2026-03-15T11:29:10+00:00,108,7.426800000000001,1928.0,,45.273245,6.038183
2026-03-15T11:29:15+00:00,108,7.11,1928.0,,45.273288,6.038292
2026-03-15T11:29:19+00:00,109,6.9984,1927.8,,45.273333,6.038379
2026-03-15T11:29:22+00:00,111,6.84,1927.6,,45.273367,6.038427
2026-03-15T11:29:24+00:00,116,5.5440000000000005,1927.4,,45.273383,6.038454
2026-03-15T11:29:25+00:00,119,5.5188,1927.4,,45.273391,6.038469
2026-03-15T11:29:26+00:00,122,5.5548,1927.2,,45.2734,6.038485
2026-03-15T11:29:27+00:00,125,4.464,1927.2,,45.273404,6.038492
2026-03-15T11:29:28+00:00,128,3.7188,1927.0,,45.2734,6.038486
2026-03-15T11:29:30+00:00,130,1.6560000000000001,1927.2,,45.2734,6.038486
2026-03-15T11:29:36+00:00,129,0.1368,1927.2,,45.2734,6.038486
2026-03-15T11:29:39+00:00,124,0.1188,1927.0,,45.2734,6.038486
2026-03-15T11:29:40+00:00,120,0.108,1926.8,,45.2734,6.038486
2026-03-15T11:29:42+00:00,118,0.0,1926.8,,45.2734,6.038486
2026-03-15T11:29:48+00:00,114,0.0,1926.8,,45.2734,6.038486
2026-03-15T11:29:53+00:00,109,0.0,1926.8,,45.2734,6.038486
2026-03-15T11:29:56+00:00,110,0.0,1926.6,,45.2734,6.038486
2026-03-15T11:29:58+00:00,111,0.0,1926.2,,45.2734,6.038486
2026-03-15T11:30:04+00:00,112,0.0,1926.2,,45.2734,6.038486
2026-03-15T11:30:06+00:00,115,0.0,1926.2,,45.2734,6.038486
2026-03-15T11:30:10+00:00,116,0.0,1926.0,,45.2734,6.038486
2026-03-15T11:30:14+00:00,112,0.4932,1926.0,,45.273395,6.038504
2026-03-15T11:30:16+00:00,104,1.08,1926.2,,45.273388,6.038503
2026-03-15T11:30:17+00:00,105,0.9252,1926.2,,45.273389,6.038502
2026-03-15T11:30:23+00:00,106,0.0,1926.2,,45.273389,6.038502
2026-03-15T11:30:26+00:00,104,0.0,1926.0,,45.273389,6.038502
2026-03-15T11:30:30+00:00,101,0.0,1926.2,,45.273389,6.038502
2026-03-15T11:30:36+00:00,100,0.0,1926.0,,45.273389,6.038502
2026-03-15T11:30:38+00:00,103,0.0,1926.2,,45.273389,6.038502
2026-03-15T11:30:39+00:00,107,0.0,1926.2,,45.273389,6.038502
2026-03-15T11:30:41+00:00,108,0.0,1926.2,,45.273389,6.038502
2026-03-15T11:30:47+00:00,106,0.0,1926.0,,45.273389,6.038502
2026-03-15T11:30:52+00:00,109,0.0,1926.0,,45.273389,6.038502
2026-03-15T11:30:56+00:00,106,0.0,1925.8,,45.273389,6.038502
2026-03-15T11:31:02+00:00,105,0.0,1925.8,,45.273391,6.038501
2026-03-15T11:31:08+00:00,107,0.0,1926.0,,45.273389,6.038502
2026-03-15T11:31:12+00:00,109,0.6120000000000001,1925.8,,45.273394,6.038529
2026-03-15T11:31:16+00:00,113,1.0332,1925.8,,45.273391,6.038533
2026-03-15T11:31:17+00:00,115,0.432,1925.8,,45.273391,6.038533
2026-03-15T11:31:18+00:00,118,0.36000000000000004,1925.8,,45.273391,6.038533
2026-03-15T11:31:19+00:00,121,0.3096,1925.8,,45.273391,6.038533
2026-03-15T11:31:20+00:00,121,0.27,1925.8,,45.273391,6.038533
2026-03-15T11:31:25+00:00,118,1.8612000000000002,1926.0,,45.27342,6.038541
2026-03-15T11:31:26+00:00,117,2.4588,1926.0,,45.273427,6.038551
2026-03-15T11:31:28+00:00,114,3.69,1926.0,,45.273459,6.03858
2026-03-15T11:31:30+00:00,114,7.416,1926.0,,45.273502,6.038615
2026-03-15T11:31:31+00:00,111,9.288,1925.8,,45.273532,6.038638
2026-03-15T11:31:32+00:00,108,10.3788,1925.4,,45.27357,6.038662
2026-03-15T11:31:33+00:00,104,12.744,1924.8,,45.273605,6.038695
2026-03-15T11:31:34+00:00,102,13.0212,1924.4,,45.27362,6.038743
2026-03-15T11:31:36+00:00,101,14.832,1923.2,,45.273651,6.038825
2026-03-15T11:31:38+00:00,102,13.895999999999999,1922.6,,45.273699,6.038894
2026-03-15T11:31:39+00:00,104,13.68,1922.2,,45.273711,6.038939
2026-03-15T11:31:40+00:00,107,13.798800000000002,1921.6,,45.273741,6.038972
2026-03-15T11:31:41+00:00,110,14.256,1921.2,,45.273773,6.039001
2026-03-15T11:31:42+00:00,114,14.461200000000002,1920.6,,45.273795,6.039049
2026-03-15T11:31:43+00:00,113,15.192,1920.0,,45.273817,6.039097
2026-03-15T11:31:45+00:00,109,15.912,1918.8,,45.273878,6.039178
2026-03-15T11:31:46+00:00,108,16.704,1918.0,,45.273884,6.039243
2026-03-15T11:31:47+00:00,106,17.064,1917.4,,45.273903,6.039299
2026-03-15T11:31:49+00:00,105,17.3412,1915.4,,45.273959,6.0394
2026-03-15T11:31:51+00:00,107,15.552000000000001,1913.8,,45.273984,6.039463
2026-03-15T11:31:52+00:00,107,14.4,1913.0,,45.274015,6.039465
2026-03-15T11:31:53+00:00,107,13.9212,1912.6,,45.274046,6.03946
2026-03-15T11:31:54+00:00,107,11.952,1912.2,,45.274072,6.039484
2026-03-15T11:31:55+00:00,108,10.98,1911.8,,45.274075,6.039507
2026-03-15T11:31:56+00:00,108,10.512,1911.4,,45.27408,6.03954
2026-03-15T11:31:58+00:00,109,10.08,1911.0,,45.274113,6.039598
2026-03-15T11:32:00+00:00,109,10.944,1910.4,,45.274162,6.039643
2026-03-15T11:32:02+00:00,108,11.16,1909.8,,45.274202,6.039704
2026-03-15T11:32:04+00:00,108,10.738800000000001,1909.4,,45.274215,6.039769
2026-03-15T11:32:09+00:00,106,11.879999999999999,1908.0,,45.274288,6.039977
2026-03-15T11:32:10+00:00,105,13.4388,1907.8,,45.274311,6.040025
2026-03-15T11:32:12+00:00,104,14.4,1906.8,,45.274367,6.040118
2026-03-15T11:32:14+00:00,105,17.28,1905.8,,45.274435,6.040208
2026-03-15T11:32:15+00:00,108,18.0,1905.2,,45.274474,6.040255
2026-03-15T11:32:16+00:00,109,18.4212,1904.4,,45.274507,6.040304
2026-03-15T11:32:18+00:00,110,15.7212,1903.4,,45.27452,6.040367
2026-03-15T11:32:19+00:00,112,12.456,1903.2,,45.27452,6.040383
2026-03-15T11:32:21+00:00,116,6.84,1903.2,,45.27453,6.040413
2026-03-15T11:32:22+00:00,119,6.3,1903.0,,45.274533,6.040426
2026-03-15T11:32:23+00:00,122,4.464,1903.0,,45.274531,6.040439
2026-03-15T11:32:25+00:00,121,4.4388000000000005,1902.6,,45.274529,6.040469
2026-03-15T11:32:27+00:00,120,3.6,1902.6,,45.274537,6.040491
2026-03-15T11:32:31+00:00,119,6.1812000000000005,1902.4,,45.274612,6.040529
2026-03-15T11:32:33+00:00,119,8.7012,1902.0,,45.274669,6.040521
2026-03-15T11:32:35+00:00,118,9.9,1901.4,,45.274737,6.040504
2026-03-15T11:32:37+00:00,119,13.798800000000002,1900.6,,45.274821,6.040489
2026-03-15T11:32:38+00:00,119,15.768,1900.4,,45.274868,6.040492
2026-03-15T11:32:40+00:00,118,18.720000000000002,1899.4,,45.274977,6.040493
2026-03-15T11:32:42+00:00,118,21.096,1897.4,,45.275086,6.04053
2026-03-15T11:32:43+00:00,118,20.016,1896.2,,45.275102,6.040573
2026-03-15T11:32:44+00:00,117,18.36,1895.2,,45.275111,6.040608
2026-03-15T11:32:45+00:00,116,15.912,1894.4,,45.27513,6.040639
2026-03-15T11:32:46+00:00,116,16.02,1894.0,,45.27516,6.04066
2026-03-15T11:32:47+00:00,116,12.672,1893.6,,45.275192,6.04068
2026-03-15T11:32:48+00:00,116,13.464,1893.2,,45.275233,6.0407
2026-03-15T11:32:50+00:00,115,14.76,1892.0,,45.275285,6.040767
2026-03-15T11:32:53+00:00,115,6.696000000000001,1891.0,,45.275281,6.040775
2026-03-15T11:32:59+00:00,115,0.7992,1891.0,,45.275281,6.040775
2026-03-15T11:33:05+00:00,112,0.1188,1890.8,,45.275284,6.040775
2026-03-15T11:33:07+00:00,109,1.9332000000000003,1890.8,,45.275296,6.040833
2026-03-15T11:33:08+00:00,109,3.0816,1890.6,,45.275292,6.040877
2026-03-15T11:33:10+00:00,108,9.936,1889.6,,45.275262,6.040948
2026-03-15T11:33:12+00:00,108,10.512,1888.8,,45.27523,6.040994
2026-03-15T11:33:13+00:00,108,9.144,1888.6,,45.275221,6.04101
2026-03-15T11:33:17+00:00,107,6.984,1888.2,,45.275213,6.041106
2026-03-15T11:33:19+00:00,107,5.2812,1887.8,,45.27523,6.041104
2026-03-15T11:33:21+00:00,106,4.14,1887.6,,45.275233,6.041106
2026-03-15T11:33:22+00:00,102,0.7200000000000001,1887.4,,45.275233,6.041106
2026-03-15T11:33:23+00:00,99,0.6012000000000001,1887.4,,45.275233,6.041106
2026-03-15T11:33:24+00:00,95,0.28800000000000003,1887.4,,45.275233,6.041106
2026-03-15T11:33:28+00:00,92,0.216,1887.6,,45.275234,6.041108
2026-03-15T11:33:30+00:00,94,4.978800000000001,1887.4,,45.275236,6.041212
2026-03-15T11:33:32+00:00,94,8.5968,1886.2,,45.275267,6.041347
2026-03-15T11:33:33+00:00,93,8.5968,1884.8,,45.27529,6.041439
2026-03-15T11:33:34+00:00,93,20.7,1883.0,,45.275331,6.041535
2026-03-15T11:33:35+00:00,92,25.2,1881.0,,45.275381,6.041625
2026-03-15T11:33:36+00:00,92,26.2188,1879.4,,45.275392,6.04172
2026-03-15T11:33:37+00:00,91,28.08,1877.8,,45.275391,6.041805
2026-03-15T11:33:38+00:00,91,27.432000000000002,1876.2,,45.275358,6.041878
2026-03-15T11:33:39+00:00,90,26.208000000000002,1874.4,,45.275308,6.041932
2026-03-15T11:33:40+00:00,90,25.344,1872.8,,45.275242,6.041961
2026-03-15T11:33:41+00:00,90,25.128000000000004,1871.2,,45.275179,6.041958
2026-03-15T11:33:42+00:00,90,25.2,1869.8,,45.275124,6.041962
2026-03-15T11:33:44+00:00,94,21.672,1869.4,,45.27505,6.04195
2026-03-15T11:33:46+00:00,98,16.416,1869.8,,45.274984,6.041928
2026-03-15T11:33:48+00:00,99,15.541200000000002,1869.2,,45.274906,6.041877
2026-03-15T11:33:49+00:00,101,17.136,1868.6,,45.274855,6.041845
2026-03-15T11:33:51+00:00,103,19.512,1867.4,,45.274749,6.041812
2026-03-15T11:33:53+00:00,103,22.464000000000002,1866.4,,45.274626,6.04182
2026-03-15T11:33:54+00:00,103,23.040000000000003,1865.6,,45.274584,6.041888
2026-03-15T11:33:55+00:00,103,23.94,1864.0,,45.274557,6.041986
2026-03-15T11:33:56+00:00,105,26.928,1862.2,,45.27454,6.042094
2026-03-15T11:33:57+00:00,109,28.3212,1860.0,,45.274525,6.042222
2026-03-15T11:33:58+00:00,108,31.968000000000004,1857.4,,45.274508,6.042359
2026-03-15T11:33:59+00:00,108,34.56,1854.6,,45.274461,6.042483
2026-03-15T11:34:00+00:00,107,36.648,1852.0,,45.274392,6.042591
2026-03-15T11:34:01+00:00,106,39.024,1849.4,,45.274304,6.042641
2026-03-15T11:34:02+00:00,108,38.016000000000005,1847.2,,45.274228,6.042627
2026-03-15T11:34:03+00:00,112,35.424,1846.0,,45.274164,6.042611
2026-03-15T11:34:04+00:00,121,31.824,1844.8,,45.274111,6.042616
2026-03-15T11:34:05+00:00,131,28.656,1844.0,,45.274054,6.04261
2026-03-15T11:34:06+00:00,134,24.768,1844.0,,45.274013,6.042581
2026-03-15T11:34:07+00:00,137,22.752000000000002,1844.0,,45.273965,6.042554
2026-03-15T11:34:08+00:00,139,21.672,1843.8,,45.273915,6.042539
2026-03-15T11:34:10+00:00,142,18.936,1843.8,,45.27384,6.042523
2026-03-15T11:34:11+00:00,142,17.496000000000002,1843.8,,45.273796,6.042525
2026-03-15T11:34:13+00:00,143,19.368,1842.4,,45.273667,6.042516
2026-03-15T11:34:15+00:00,143,27.144000000000002,1840.2,,45.273494,6.042492
2026-03-15T11:34:16+00:00,143,30.743999999999996,1838.6,,45.273407,6.042483
2026-03-15T11:34:17+00:00,143,31.5612,1837.0,,45.273313,6.042491
2026-03-15T11:34:18+00:00,142,35.064,1835.2,,45.273222,6.042507
2026-03-15T11:34:19+00:00,141,34.8012,1833.4,,45.273137,6.042534
2026-03-15T11:34:20+00:00,137,33.12,1832.6,,45.273076,6.042532
2026-03-15T11:34:21+00:00,135,29.304000000000002,1832.0,,45.273046,6.042527
2026-03-15T11:34:22+00:00,134,22.176000000000002,1831.8,,45.273048,6.042546
2026-03-15T11:34:23+00:00,132,15.768,1831.8,,45.273044,6.042566
2026-03-15T11:34:24+00:00,129,9.216000000000001,1832.2,,45.273042,6.042569
2026-03-15T11:34:25+00:00,126,4.5360000000000005,1832.4,,45.273039,6.04257
2026-03-15T11:34:26+00:00,123,1.368,1832.4,,45.273038,6.04257
2026-03-15T11:34:27+00:00,120,1.368,1832.4,,45.273038,6.04257
2026-03-15T11:34:28+00:00,113,0.7200000000000001,1832.4,,45.273038,6.04257
2026-03-15T11:34:34+00:00,112,0.0,1832.2,,45.273038,6.04257
2026-03-15T11:34:38+00:00,111,2.232,1832.4,,45.27308,6.042628
2026-03-15T11:34:41+00:00,112,11.725200000000001,1830.2,,45.27316,6.042807
2026-03-15T11:34:42+00:00,112,13.41,1828.8,,45.273193,6.042886
2026-03-15T11:34:43+00:00,110,13.41,1826.8,,45.273244,6.042953
2026-03-15T11:34:44+00:00,109,23.040000000000003,1825.8,,45.273303,6.043006
2026-03-15T11:34:45+00:00,109,23.8104,1824.2,,45.273362,6.043073
2026-03-15T11:34:46+00:00,109,28.656,1822.4,,45.273398,6.043178
2026-03-15T11:34:47+00:00,108,29.304000000000002,1820.4,,45.273384,6.043281
2026-03-15T11:34:48+00:00,109,28.872,1819.0,,45.273352,6.043358
2026-03-15T11:34:49+00:00,109,27.791999999999998,1818.0,,45.273336,6.043432
2026-03-15T11:34:50+00:00,110,25.92,1817.4,,45.273335,6.043504
2026-03-15T11:34:51+00:00,110,23.328000000000003,1816.6,,45.27335,6.043564
2026-03-15T11:34:52+00:00,111,20.664,1815.8,,45.273376,6.043605
2026-03-15T11:34:53+00:00,110,17.784000000000002,1815.0,,45.273394,6.043626
2026-03-15T11:34:54+00:00,109,15.984000000000002,1814.4,,45.27342,6.043654
2026-03-15T11:34:56+00:00,107,13.607999999999999,1813.6,,45.273475,6.043725
2026-03-15T11:34:57+00:00,107,15.264000000000001,1813.2,,45.273526,6.04377
2026-03-15T11:34:59+00:00,107,22.896,1811.4,,45.273669,6.04385
2026-03-15T11:35:00+00:00,107,23.759999999999998,1810.4,,45.27374,6.043872
2026-03-15T11:35:02+00:00,106,27.720000000000002,1809.2,,45.273857,6.043919
2026-03-15T11:35:03+00:00,106,26.5788,1809.2,,45.273908,6.043944
2026-03-15T11:35:04+00:00,106,24.048,1809.0,,45.273956,6.043977
2026-03-15T11:35:06+00:00,105,22.5,1808.6,,45.274039,6.04407
2026-03-15T11:35:07+00:00,106,21.888,1808.0,,45.274081,6.044138
2026-03-15T11:35:08+00:00,106,23.904,1806.8,,45.274134,6.04422
2026-03-15T11:35:09+00:00,105,25.92,1805.6,,45.274195,6.044297
2026-03-15T11:35:10+00:00,105,27.0,1804.4,,45.274266,6.044361
2026-03-15T11:35:11+00:00,105,30.888,1803.2,,45.274343,6.044409
2026-03-15T11:35:12+00:00,104,32.4,1802.0,,45.274419,6.044451
2026-03-15T11:35:13+00:00,108,32.184,1801.0,,45.274493,6.044481
2026-03-15T11:35:14+00:00,110,32.112,1799.6,,45.274571,6.044518
2026-03-15T11:35:15+00:00,112,32.544,1798.2,,45.274655,6.044567
2026-03-15T11:35:16+00:00,113,32.616,1797.0,,45.274714,6.044643
2026-03-15T11:35:17+00:00,113,31.824,1796.2,,45.274747,6.04474
2026-03-15T11:35:18+00:00,115,31.968000000000004,1795.4,,45.274731,6.04485
2026-03-15T11:35:19+00:00,116,31.104000000000003,1794.4,,45.274696,6.044934
2026-03-15T11:35:20+00:00,117,28.584000000000003,1794.0,,45.274638,6.044955
2026-03-15T11:35:21+00:00,118,27.791999999999998,1793.4,,45.274567,6.044979
2026-03-15T11:35:22+00:00,118,28.224,1792.4,,45.274501,6.045041
2026-03-15T11:35:24+00:00,119,27.648,1790.4,,45.274467,6.045232
2026-03-15T11:35:25+00:00,121,28.656,1789.0,,45.274497,6.045322
2026-03-15T11:35:26+00:00,122,27.936,1787.6,,45.274553,6.045366
2026-03-15T11:35:27+00:00,123,27.432000000000002,1786.0,,45.274621,6.045395
2026-03-15T11:35:28+00:00,123,25.981199999999998,1784.6,,45.274651,6.045455
2026-03-15T11:35:29+00:00,124,24.192,1783.4,,45.274641,6.045526
2026-03-15T11:35:30+00:00,124,23.544,1782.0,,45.274606,6.045598
2026-03-15T11:35:31+00:00,124,24.912,1780.8,,45.274586,6.045706
2026-03-15T11:35:32+00:00,125,26.784000000000002,1779.2,,45.274596,6.045841
2026-03-15T11:35:33+00:00,125,29.952,1776.8,,45.274635,6.045958
2026-03-15T11:35:34+00:00,125,33.624,1774.4,,45.274705,6.046053
2026-03-15T11:35:35+00:00,126,36.144,1772.2,,45.274789,6.046108
2026-03-15T11:35:36+00:00,126,37.583999999999996,1770.2,,45.274871,6.046163
2026-03-15T11:35:37+00:00,130,37.296,1769.0,,45.274948,6.046233
2026-03-15T11:35:38+00:00,131,36.72,1767.8,,45.275012,6.046301
2026-03-15T11:35:39+00:00,131,36.431999999999995,1766.8,,45.275085,6.046384
2026-03-15T11:35:40+00:00,131,36.72,1765.6,,45.275163,6.04647
2026-03-15T11:35:41+00:00,130,36.216,1764.2,,45.275245,6.046556
2026-03-15T11:35:43+00:00,130,39.024,1762.6,,45.275397,6.046717
2026-03-15T11:35:44+00:00,127,38.232,1761.2,,45.275461,6.046784
2026-03-15T11:35:45+00:00,124,37.007999999999996,1759.8,,45.275525,6.046855
2026-03-15T11:35:46+00:00,118,34.992000000000004,1759.0,,45.275587,6.046919
2026-03-15T11:35:47+00:00,113,34.678799999999995,1758.4,,45.275643,6.04698
2026-03-15T11:35:48+00:00,113,30.528000000000002,1758.0,,45.275696,6.047042
2026-03-15T11:35:49+00:00,113,29.232,1757.8,,45.275748,6.047099
2026-03-15T11:35:52+00:00,113,24.048,1757.0,,45.275908,6.047216
2026-03-15T11:35:53+00:00,113,23.328000000000003,1756.4,,45.275956,6.047253
2026-03-15T11:35:54+00:00,113,23.256,1755.8,,45.276009,6.047291
2026-03-15T11:35:56+00:00,114,23.450400000000002,1754.6,,45.276115,6.04738
2026-03-15T11:35:57+00:00,115,24.552000000000003,1753.4,,45.276172,6.047438
2026-03-15T11:35:58+00:00,115,25.992,1752.2,,45.276235,6.047499
2026-03-15T11:36:00+00:00,120,27.4788,1751.2,,45.276362,6.047603
2026-03-15T11:36:01+00:00,123,30.096,1749.6,,45.27644,6.047661
2026-03-15T11:36:02+00:00,124,31.968000000000004,1748.2,,45.276524,6.047722
2026-03-15T11:36:03+00:00,131,33.408,1746.4,,45.276604,6.04779
2026-03-15T11:36:04+00:00,133,34.318799999999996,1744.4,,45.276666,6.047885
2026-03-15T11:36:05+00:00,136,36.144,1743.2,,45.276705,6.048004
2026-03-15T11:36:06+00:00,136,36.072,1742.0,,45.276725,6.048118
2026-03-15T11:36:07+00:00,130,35.28,1741.4,,45.276743,6.048233
2026-03-15T11:36:08+00:00,123,34.056000000000004,1741.0,,45.276768,6.048341
2026-03-15T11:36:09+00:00,109,33.12,1740.2,,45.276808,6.048433
2026-03-15T11:36:10+00:00,109,30.456000000000003,1740.2,,45.276834,6.048503
2026-03-15T11:36:11+00:00,109,27.648,1740.4,,45.276861,6.048562
2026-03-15T11:36:13+00:00,114,22.68,1740.4,,45.276918,6.048671
2026-03-15T11:36:15+00:00,117,19.44,1740.4,,45.276996,6.048759
2026-03-15T11:36:16+00:00,121,20.448,1739.8,,45.277049,6.048806
2026-03-15T11:36:17+00:00,125,22.2588,1738.4,,45.277115,6.048869
2026-03-15T11:36:18+00:00,128,26.064,1736.2,,45.277194,6.048934
2026-03-15T11:36:19+00:00,129,28.6812,1734.2,,45.277286,6.049003
2026-03-15T11:36:20+00:00,133,34.92,1731.8,,45.277381,6.049082
2026-03-15T11:36:21+00:00,137,38.232,1729.6,,45.27747,6.04916
2026-03-15T11:36:22+00:00,139,39.456,1727.4,,45.27754,6.049262
2026-03-15T11:36:23+00:00,141,40.032,1725.8,,45.27757,6.049394
2026-03-15T11:36:24+00:00,143,39.024,1725.0,,45.277538,6.049492
2026-03-15T11:36:25+00:00,143,35.712,1724.0,,45.277479,6.049543
2026-03-15T11:36:26+00:00,143,32.832,1723.2,,45.277415,6.049557
2026-03-15T11:36:27+00:00,143,30.888,1722.8,,45.277342,6.049569
2026-03-15T11:36:29+00:00,143,31.031999999999996,1720.6,,45.277164,6.049634
2026-03-15T11:36:30+00:00,144,33.768,1719.6,,45.277064,6.049661
2026-03-15T11:36:31+00:00,146,36.072,1717.6,,45.276967,6.049662
2026-03-15T11:36:32+00:00,149,38.448,1715.8,,45.276867,6.049649
2026-03-15T11:36:33+00:00,153,38.0412,1714.2,,45.276776,6.049628
2026-03-15T11:36:34+00:00,154,39.024,1712.6,,45.276682,6.049606
2026-03-15T11:36:36+00:00,154,38.448,1710.6,,45.276494,6.049576
2026-03-15T11:36:37+00:00,154,37.872,1708.6,,45.276408,6.049523
2026-03-15T11:36:38+00:00,154,37.943999999999996,1707.6,,45.276324,6.049463
2026-03-15T11:36:39+00:00,152,38.304,1706.4,,45.276228,6.049418
2026-03-15T11:36:40+00:00,150,38.4012,1704.6,,45.276131,6.049384
2026-03-15T11:36:41+00:00,148,38.952000000000005,1703.4,,45.276035,6.049353
2026-03-15T11:36:42+00:00,146,38.736,1702.4,,45.275954,6.049298
2026-03-15T11:36:43+00:00,142,38.16,1701.6,,45.275884,6.049229
2026-03-15T11:36:44+00:00,141,37.656000000000006,1700.0,,45.275796,6.049183
2026-03-15T11:36:45+00:00,138,36.792,1698.2,,45.27571,6.049143
2026-03-15T11:36:46+00:00,138,36.936,1696.8,,45.275622,6.049077
2026-03-15T11:36:47+00:00,137,37.296,1695.0,,45.275527,6.049045
2026-03-15T11:36:48+00:00,136,37.872,1693.4,,45.275434,6.049035
2026-03-15T11:36:49+00:00,135,38.088,1691.0,,45.275347,6.048992
2026-03-15T11:36:50+00:00,134,38.736,1689.6,,45.275254,6.048955
2026-03-15T11:36:51+00:00,132,37.872,1687.6,,45.275163,6.048939
2026-03-15T11:36:52+00:00,132,37.368,1685.6,,45.275079,6.048902
2026-03-15T11:36:53+00:00,130,37.368,1684.6,,45.274986,6.048883
2026-03-15T11:36:54+00:00,127,36.648,1683.6,,45.274901,6.048891
2026-03-15T11:36:55+00:00,125,36.431999999999995,1682.0,,45.27481,6.04887
2026-03-15T11:36:57+00:00,122,35.784,1680.2,,45.274639,6.048872
2026-03-15T11:36:58+00:00,121,35.064,1679.0,,45.274555,6.048869
2026-03-15T11:36:59+00:00,120,35.064,1677.8,,45.274469,6.048878
2026-03-15T11:37:00+00:00,120,33.696,1677.0,,45.274392,6.048902
2026-03-15T11:37:01+00:00,120,33.238800000000005,1675.4,,45.274313,6.04889
2026-03-15T11:37:03+00:00,120,33.048,1673.6,,45.274148,6.048869
2026-03-15T11:37:04+00:00,117,32.04,1672.0,,45.27407,6.048858
2026-03-15T11:37:05+00:00,112,33.12,1671.2,,45.273986,6.048824
2026-03-15T11:37:06+00:00,110,33.552,1670.8,,45.2739,6.048813
2026-03-15T11:37:07+00:00,110,33.300000000000004,1669.2,,45.273818,6.0488
2026-03-15T11:37:08+00:00,111,33.552,1667.8,,45.273737,6.048767
2026-03-15T11:37:09+00:00,114,34.272,1667.0,,45.273651,6.048766
2026-03-15T11:37:10+00:00,120,33.12,1665.6,,45.273574,6.048769
2026-03-15T11:37:11+00:00,120,32.976,1664.2,,45.273494,6.048753
2026-03-15T11:37:13+00:00,124,31.752000000000002,1662.8,,45.273343,6.048789
2026-03-15T11:37:14+00:00,125,30.96,1661.6,,45.273269,6.048779
2026-03-15T11:37:16+00:00,127,30.240000000000002,1660.2,,45.273118,6.048798
2026-03-15T11:37:17+00:00,128,30.4812,1658.6,,45.273039,6.048771
2026-03-15T11:37:19+00:00,129,31.319999999999997,1657.0,,45.272878,6.048734
2026-03-15T11:37:20+00:00,130,32.04,1655.0,,45.272794,6.0487
2026-03-15T11:37:21+00:00,130,33.192,1653.6,,45.272722,6.048643
2026-03-15T11:37:22+00:00,130,33.624,1652.6,,45.272637,6.048617
2026-03-15T11:37:23+00:00,130,33.3612,1651.4,,45.272555,6.048608
2026-03-15T11:37:24+00:00,131,33.984,1649.8,,45.272478,6.048573
2026-03-15T11:37:25+00:00,131,33.192,1649.2,,45.272397,6.048554
2026-03-15T11:37:26+00:00,131,33.408,1648.2,,45.27231,6.048561
2026-03-15T11:37:27+00:00,132,33.336,1646.6,,45.272226,6.048541
2026-03-15T11:37:28+00:00,129,33.768,1645.8,,45.272141,6.048515
2026-03-15T11:37:29+00:00,129,34.128,1645.6,,45.272052,6.048516
2026-03-15T11:37:30+00:00,129,34.344,1643.0,,45.27197,6.048494
2026-03-15T11:37:31+00:00,129,34.416000000000004,1640.8,,45.271887,6.048472
2026-03-15T11:37:32+00:00,128,34.128,1639.8,,45.271801,6.048478
2026-03-15T11:37:33+00:00,127,34.128,1637.6,,45.271716,6.048461
2026-03-15T11:37:34+00:00,127,34.416000000000004,1636.8,,45.271634,6.048432
2026-03-15T11:37:36+00:00,127,33.624,1634.8,,45.271478,6.048382
2026-03-15T11:37:37+00:00,126,33.480000000000004,1633.6,,45.271403,6.048344
2026-03-15T11:37:38+00:00,126,33.12,1633.2,,45.27132,6.04832
2026-03-15T11:37:39+00:00,124,32.04,1631.4,,45.271253,6.048273
2026-03-15T11:37:40+00:00,123,31.319999999999997,1631.0,,45.271191,6.048221
2026-03-15T11:37:42+00:00,123,29.592000000000002,1629.8,,45.271068,6.048135
2026-03-15T11:37:43+00:00,123,28.656,1629.2,,45.271017,6.048066
2026-03-15T11:37:44+00:00,122,28.08,1629.0,,45.270981,6.047977
2026-03-15T11:37:45+00:00,122,27.0,1628.4,,45.27095,6.047906
2026-03-15T11:37:47+00:00,122,26.424,1627.8,,45.270855,6.047784
2026-03-15T11:37:48+00:00,115,24.696,1627.6,,45.270805,6.047769
2026-03-15T11:37:49+00:00,118,23.112000000000002,1627.2,,45.270751,6.047758
2026-03-15T11:37:51+00:00,117,25.981199999999998,1624.8,,45.270593,6.047719
2026-03-15T11:37:52+00:00,116,27.503999999999998,1622.8,,45.270517,6.047678
2026-03-15T11:37:53+00:00,115,30.6,1621.4,,45.270434,6.047628
2026-03-15T11:37:54+00:00,115,34.344,1620.2,,45.270336,6.047593
2026-03-15T11:37:55+00:00,115,33.958800000000004,1618.4,,45.270255,6.047603
2026-03-15T11:37:56+00:00,114,33.408,1617.0,,45.270208,6.047668
2026-03-15T11:37:57+00:00,113,31.464000000000002,1615.0,,45.27016,6.047716
2026-03-15T11:37:58+00:00,114,28.368,1613.6,,45.270112,6.047743
2026-03-15T11:37:59+00:00,121,25.128000000000004,1612.8,,45.270088,6.047808
2026-03-15T11:38:00+00:00,126,23.112000000000002,1611.6,,45.270061,6.047884
2026-03-15T11:38:01+00:00,133,22.68,1610.6,,45.270046,6.047964
2026-03-15T11:38:02+00:00,140,22.104,1608.4,,45.270066,6.04803
2026-03-15T11:38:03+00:00,141,22.104,1606.0,,45.270074,6.0481
2026-03-15T11:38:04+00:00,137,23.544,1602.8,,45.27009,6.048195
2026-03-15T11:38:05+00:00,132,24.48,1600.4,,45.270121,6.048285
2026-03-15T11:38:06+00:00,126,25.344,1598.6,,45.270121,6.048387
2026-03-15T11:38:07+00:00,121,28.008000000000003,1596.2,,45.270145,6.048506
2026-03-15T11:38:08+00:00,114,30.96,1593.8,,45.270164,6.048623
2026-03-15T11:38:09+00:00,111,33.192,1592.2,,45.270191,6.048748
2026-03-15T11:38:10+00:00,111,34.056000000000004,1589.6,,45.270205,6.048856
2026-03-15T11:38:11+00:00,111,34.416000000000004,1587.4,,45.27022,6.048963
2026-03-15T11:38:12+00:00,111,34.056000000000004,1584.4,,45.270242,6.049074
2026-03-15T11:38:13+00:00,112,33.480000000000004,1582.6,,45.270245,6.049185
2026-03-15T11:38:14+00:00,112,32.904,1580.4,,45.270271,6.049301
2026-03-15T11:38:15+00:00,113,33.048,1577.8,,45.270282,6.049413
2026-03-15T11:38:16+00:00,113,33.84,1575.4,,45.270318,6.049527
2026-03-15T11:38:17+00:00,114,33.84,1573.0,,45.270337,6.049634
2026-03-15T11:38:18+00:00,115,34.56,1570.6,,45.270367,6.049754
2026-03-15T11:38:19+00:00,116,34.2,1567.6,,45.270379,6.049864
2026-03-15T11:38:20+00:00,116,34.488,1565.0,,45.270383,6.049983
2026-03-15T11:38:21+00:00,117,34.056000000000004,1562.8,,45.27039,6.050099
2026-03-15T11:38:22+00:00,117,34.128,1561.4,,45.270373,6.050209
2026-03-15T11:38:23+00:00,117,32.976,1560.0,,45.270387,6.050312
2026-03-15T11:38:24+00:00,118,32.544,1557.6,,45.270397,6.05042
2026-03-15T11:38:25+00:00,117,31.968000000000004,1555.0,,45.270394,6.050523
2026-03-15T11:38:26+00:00,117,30.528000000000002,1553.0,,45.270418,6.050612
2026-03-15T11:38:27+00:00,117,28.656,1551.0,,45.270426,6.050694
2026-03-15T11:38:28+00:00,117,27.791999999999998,1549.6,,45.270459,6.050771
2026-03-15T11:38:29+00:00,118,26.424,1548.6,,45.270512,6.050809
2026-03-15T11:38:30+00:00,118,23.832,1547.6,,45.270557,6.050824
2026-03-15T11:38:32+00:00,116,23.040000000000003,1546.0,,45.270666,6.050856
2026-03-15T11:38:33+00:00,117,22.464000000000002,1545.0,,45.270716,6.050895
2026-03-15T11:38:34+00:00,119,21.312,1544.0,,45.270742,6.05096
2026-03-15T11:38:35+00:00,120,21.744,1543.4,,45.27074,6.051035
2026-03-15T11:38:36+00:00,120,22.32,1542.8,,45.270755,6.051121
2026-03-15T11:38:37+00:00,120,21.744,1541.8,,45.270787,6.05117
2026-03-15T11:38:38+00:00,121,20.952,1540.6,,45.270818,6.051215
2026-03-15T11:38:39+00:00,122,17.712,1539.6,,45.27082,6.051233
2026-03-15T11:38:40+00:00,123,14.634000000000002,1538.6,,45.270814,6.051245
2026-03-15T11:38:43+00:00,118,3.3480000000000003,1537.8,,45.270809,6.051257
2026-03-15T11:38:44+00:00,115,2.43,1537.8,,45.270804,6.051268
2026-03-15T11:38:45+00:00,111,2.43,1538.0,,45.270799,6.051279
2026-03-15T11:38:46+00:00,111,2.7,1538.0,,45.270794,6.05129
2026-03-15T11:38:48+00:00,114,3.24,1537.8,,45.270789,6.051302
2026-03-15T11:38:52+00:00,118,1.35,1537.6,,45.270784,6.051313
2026-03-15T11:38:53+00:00,121,1.62,1537.4,,45.270779,6.051324
2026-03-15T11:38:54+00:00,121,4.888800000000001,1536.2,,45.270734,6.051375
2026-03-15T11:38:55+00:00,121,7.844399999999999,1534.4,,45.270717,6.051458
2026-03-15T11:38:56+00:00,119,9.9216,1531.4,,45.270706,6.051547
2026-03-15T11:38:57+00:00,119,9.9216,1528.2,,45.270702,6.051638
2026-03-15T11:38:58+00:00,118,9.9216,1526.2,,45.270732,6.051722
2026-03-15T11:38:59+00:00,118,26.208000000000002,1523.6,,45.27075,6.051804
2026-03-15T11:39:00+00:00,116,25.416,1521.0,,45.270725,6.051881
2026-03-15T11:39:01+00:00,115,23.256,1519.0,,45.270691,6.051899
2026-03-15T11:39:02+00:00,114,19.584000000000003,1517.2,,45.270673,6.051898
2026-03-15T11:39:04+00:00,112,11.088000000000001,1516.0,,45.270657,6.051893
2026-03-15T11:39:06+00:00,114,4.752000000000001,1516.0,,45.270652,6.051894
2026-03-15T11:39:08+00:00,116,3.4812,1516.2,,45.270656,6.051906
2026-03-15T11:39:13+00:00,119,0.8748,1516.2,,45.270656,6.051906
2026-03-15T11:39:16+00:00,119,0.18000000000000002,1516.2,,45.270656,6.051906
2026-03-15T11:39:22+00:00,116,0.15839999999999999,1516.4,,45.270656,6.051906
2026-03-15T11:39:23+00:00,115,0.20520000000000002,1516.2,,45.270656,6.051906
2026-03-15T11:39:25+00:00,107,0.15839999999999999,1516.0,,45.270656,6.051906
2026-03-15T11:39:26+00:00,103,0.14400000000000002,1516.0,,45.270656,6.051906
2026-03-15T11:39:27+00:00,100,0.0,1516.0,,45.270656,6.051906
2026-03-15T11:39:29+00:00,107,0.24120000000000003,1516.0,,45.270662,6.051917
2026-03-15T11:39:30+00:00,113,0.864,1516.0,,45.270658,6.051928
2026-03-15T11:39:31+00:00,116,1.6560000000000001,1516.0,,45.270649,6.05194
2026-03-15T11:39:32+00:00,116,2.592,1515.8,,45.270637,6.051951
2026-03-15T11:39:34+00:00,113,3.096,1515.2,,45.270633,6.051961
2026-03-15T11:39:35+00:00,111,2.52,1515.0,,45.27064,6.051964
2026-03-15T11:39:40+00:00,114,0.7200000000000001,1514.2,,45.270641,6.051975
2026-03-15T11:39:42+00:00,113,0.6156,1514.0,,45.270641,6.051975
2026-03-15T11:39:46+00:00,118,0.0,1514.2,,45.270641,6.051975
2026-03-15T11:39:52+00:00,120,0.0,1514.4,,45.270641,6.051975
2026-03-15T11:39:56+00:00,117,0.0,1514.2,,45.270641,6.051975
2026-03-15T11:39:57+00:00,114,0.0,1514.2,,45.270641,6.051975
2026-03-15T11:39:59+00:00,111,0.0,1514.2,,45.270641,6.051975
2026-03-15T11:40:00+00:00,108,0.0,1514.2,,45.270641,6.051975
2026-03-15T11:40:02+00:00,108,0.648,1514.2,,45.270636,6.051989
2026-03-15T11:40:04+00:00,111,5.328,1514.0,,45.270646,6.05207
2026-03-15T11:40:05+00:00,113,7.848000000000001,1513.6,,45.270676,6.052095
2026-03-15T11:40:07+00:00,113,13.68,1511.4,,45.270723,6.052186
2026-03-15T11:40:08+00:00,112,12.8412,1510.0,,45.27071,6.05221
2026-03-15T11:40:09+00:00,112,11.735999999999999,1508.6,,45.2707,6.052223
2026-03-15T11:40:10+00:00,111,10.512,1507.6,,45.270684,6.052236
2026-03-15T11:40:11+00:00,110,10.6812,1506.6,,45.270675,6.052277
2026-03-15T11:40:12+00:00,110,10.008,1506.0,,45.270692,6.052325
2026-03-15T11:40:13+00:00,110,11.232000000000001,1505.0,,45.270692,6.052383
2026-03-15T11:40:14+00:00,110,11.952,1503.6,,45.270672,6.052402
2026-03-15T11:40:15+00:00,111,11.592,1502.4,,45.27066,6.052402
2026-03-15T11:40:17+00:00,111,7.632000000000001,1500.8,,45.270648,6.052405
2026-03-15T11:40:19+00:00,112,5.976,1500.4,,45.270609,6.052411
2026-03-15T11:40:21+00:00,113,9.6012,1499.2,,45.270563,6.052517
2026-03-15T11:40:22+00:00,113,13.104000000000001,1497.6,,45.270524,6.052527
2026-03-15T11:40:23+00:00,114,13.2012,1496.2,,45.27049,6.052535
2026-03-15T11:40:24+00:00,114,16.056,1494.4,,45.270461,6.052583
2026-03-15T11:40:25+00:00,114,16.02,1492.8,,45.270424,6.052608
2026-03-15T11:40:27+00:00,115,16.992,1490.6,,45.270364,6.052685
2026-03-15T11:40:28+00:00,116,17.784000000000002,1489.0,,45.270362,6.052752
2026-03-15T11:40:29+00:00,116,17.496000000000002,1487.0,,45.270336,6.052793
2026-03-15T11:40:30+00:00,116,16.992,1485.6,,45.270315,6.052827
2026-03-15T11:40:31+00:00,115,16.8588,1483.8,,45.270336,6.052885
2026-03-15T11:40:32+00:00,115,17.64,1481.8,,45.270351,6.052958
2026-03-15T11:40:33+00:00,114,17.208000000000002,1480.0,,45.270323,6.052999
2026-03-15T11:40:34+00:00,114,17.568,1478.6,,45.27028,6.053019
2026-03-15T11:40:35+00:00,114,18.36,1476.8,,45.270235,6.053026
2026-03-15T11:40:36+00:00,114,18.144000000000002,1475.2,,45.270197,6.053047
2026-03-15T11:40:37+00:00,115,17.28,1474.2,,45.270191,6.053107
2026-03-15T11:40:38+00:00,116,18.864,1472.8,,45.270209,6.053186
2026-03-15T11:40:39+00:00,117,19.8,1471.6,,45.270246,6.053249
2026-03-15T11:40:40+00:00,122,20.952,1470.4,,45.270263,6.053326
2026-03-15T11:40:41+00:00,129,21.024,1469.6,,45.270251,6.053379
2026-03-15T11:40:42+00:00,131,21.6,1467.4,,45.270259,6.053453
2026-03-15T11:40:43+00:00,134,22.176000000000002,1465.8,,45.270289,6.05354
2026-03-15T11:40:44+00:00,136,23.328000000000003,1463.4,,45.270329,6.053619
2026-03-15T11:40:45+00:00,138,25.776,1462.4,,45.270384,6.053725
2026-03-15T11:40:46+00:00,139,29.880000000000003,1460.4,,45.270447,6.053816
2026-03-15T11:40:47+00:00,139,32.25600000000001,1458.8,,45.270506,6.053888
2026-03-15T11:40:48+00:00,139,32.544,1457.2,,45.270556,6.053958
2026-03-15T11:40:50+00:00,140,30.384,1456.2,,45.270656,6.054082
2026-03-15T11:40:51+00:00,140,28.224,1455.8,,45.270697,6.054152
2026-03-15T11:40:53+00:00,140,26.208000000000002,1455.0,,45.270771,6.054297
2026-03-15T11:40:54+00:00,139,26.0388,1454.6,,45.270807,6.054375
2026-03-15T11:40:55+00:00,137,26.352,1454.2,,45.27086,6.05444
2026-03-15T11:40:56+00:00,134,26.784000000000002,1453.8,,45.270925,6.054486
2026-03-15T11:40:57+00:00,133,27.18,1453.4,,45.270993,6.054528
2026-03-15T11:40:58+00:00,132,26.856,1452.2,,45.27103,6.054605
2026-03-15T11:40:59+00:00,130,25.416,1451.2,,45.271024,6.054673
2026-03-15T11:41:00+00:00,128,23.759999999999998,1449.8,,45.270993,6.054731
2026-03-15T11:41:01+00:00,127,21.96,1448.4,,45.270954,6.054767
2026-03-15T11:41:02+00:00,126,20.592,1447.8,,45.270909,6.054805
2026-03-15T11:41:03+00:00,126,18.144000000000002,1447.4,,45.270879,6.054811
2026-03-15T11:41:04+00:00,126,15.624,1447.0,,45.270863,6.054808
2026-03-15T11:41:08+00:00,126,4.248,1447.2,,45.27083,6.054801
2026-03-15T11:41:10+00:00,121,3.5388,1447.0,,45.270817,6.054796
2026-03-15T11:41:15+00:00,120,0.8244,1446.8,,45.270818,6.054797
2026-03-15T11:41:20+00:00,120,0.324,1447.2,,45.270816,6.054787
2026-03-15T11:41:24+00:00,119,1.4004,1447.2,,45.27079,6.054791
2026-03-15T11:41:25+00:00,119,1.9440000000000002,1447.2,,45.270787,6.054798
2026-03-15T11:41:28+00:00,119,2.3400000000000003,1447.2,,45.27081,6.054807
2026-03-15T11:41:32+00:00,118,3.6,1447.2,,45.270851,6.054823
2026-03-15T11:41:34+00:00,119,5.8212,1447.2,,45.270898,6.054842
2026-03-15T11:41:38+00:00,117,4.978800000000001,1447.4,,45.270919,6.054865
2026-03-15T11:41:44+00:00,116,1.116,1447.4,,45.270916,6.054865
2026-03-15T11:41:46+00:00,116,0.0,1447.4,,45.270916,6.054865
2026-03-15T11:41:50+00:00,113,0.1188,1447.6,,45.270916,6.054865
2026-03-15T11:41:51+00:00,113,0.14400000000000002,1447.6,,45.270916,6.054865
2026-03-15T11:41:57+00:00,115,0.0,1447.6,,45.270916,6.054865
2026-03-15T11:41:58+00:00,118,0.0,1447.6,,45.270916,6.054865
2026-03-15T11:42:01+00:00,119,0.0,1447.6,,45.270916,6.054865
2026-03-15T11:42:07+00:00,119,0.0,1447.8,,45.270916,6.054865
2026-03-15T11:42:10+00:00,126,0.0,1447.8,,45.270916,6.054865
2026-03-15T11:42:11+00:00,129,0.0,1447.8,,45.270916,6.054865
2026-03-15T11:42:12+00:00,129,0.0,1447.8,,45.270916,6.054865
2026-03-15T11:42:18+00:00,128,0.0,1447.8,,45.270916,6.054865
2026-03-15T11:42:21+00:00,127,0.0,1447.8,,45.270916,6.054865
2026-03-15T11:42:27+00:00,126,0.0,1447.8,,45.270916,6.054865
2026-03-15T11:42:33+00:00,122,0.0,1447.8,,45.270916,6.054865
2026-03-15T11:42:34+00:00,109,0.0,1447.8,,45.270916,6.054865
2026-03-15T11:42:35+00:00,106,0.0,1447.6,,45.270916,6.054865
2026-03-15T11:42:40+00:00,109,0.0,1447.6,,45.270916,6.054865
2026-03-15T11:42:42+00:00,112,0.0,1447.6,,45.270916,6.054865
2026-03-15T11:42:45+00:00,115,0.0,1447.6,,45.270916,6.054865
2026-03-15T11:42:51+00:00,117,0.0,1447.8,,45.270916,6.054865
2026-03-15T11:42:55+00:00,119,0.0,1447.8,,45.270916,6.054865
2026-03-15T11:43:01+00:00,115,0.5760000000000001,1448.0,,45.270908,6.054847
2026-03-15T11:43:02+00:00,112,0.8244,1447.8,,45.270909,6.054846
2026-03-15T11:43:04+00:00,109,0.6408,1448.0,,45.270908,6.054846
2026-03-15T11:43:08+00:00,106,3.3588000000000005,1448.0,,45.270861,6.054819
2026-03-15T11:43:13+00:00,107,7.081200000000001,1448.0,,45.270764,6.054744
2026-03-15T11:43:18+00:00,106,6.12,1447.4,,45.270728,6.054715
2026-03-15T11:43:23+00:00,105,2.484,1447.4,,45.270726,6.05469
2026-03-15T11:43:28+00:00,103,1.872,1447.2,,45.270716,6.054656
2026-03-15T11:43:32+00:00,106,2.2392,1447.2,,45.270706,6.054633
2026-03-15T11:43:35+00:00,104,2.0556,1447.2,,45.270695,6.054615
2026-03-15T11:43:41+00:00,108,0.8388000000000001,1446.8,,45.270694,6.054613
2026-03-15T11:43:43+00:00,111,0.2268,1446.8,,45.270698,6.054611
2026-03-15T11:43:47+00:00,115,1.62,1447.2,,45.270684,6.054584
2026-03-15T11:43:52+00:00,116,1.5588,1447.2,,45.27069,6.054568
2026-03-15T11:43:55+00:00,119,1.2168,1446.8,,45.270686,6.05455
2026-03-15T11:43:58+00:00,119,1.8612000000000002,1446.6,,45.270678,6.054535
2026-03-15T11:44:02+00:00,120,6.7356,1446.6,,45.270625,6.054402
2026-03-15T11:44:06+00:00,128,12.870000000000001,1447.6,,45.270544,6.054213
2026-03-15T11:44:07+00:00,132,14.832,1448.6,,45.270528,6.054174
2026-03-15T11:44:08+00:00,135,14.22,1449.8,,45.270513,6.054136
2026-03-15T11:44:09+00:00,136,14.2956,1451.2,,45.270494,6.054091
2026-03-15T11:44:10+00:00,137,14.0868,1452.8,,45.270479,6.054051
2026-03-15T11:44:11+00:00,137,12.96,1454.2,,45.270461,6.054009
2026-03-15T11:44:12+00:00,136,14.184,1455.4,,45.270443,6.053962
2026-03-15T11:44:13+00:00,137,14.76,1456.6,,45.270425,6.053918
2026-03-15T11:52:11+00:00,98,0.0468,1926.4,,45.264463,6.0388
2026-03-15T11:52:12+00:00,99,0.0432,1925.8,,45.264487,6.038795
2026-03-15T11:52:14+00:00,98,0.054,1924.6,,45.264504,6.03881
2026-03-15T11:52:18+00:00,95,1.5011999999999999,1923.8,,45.264502,6.038807
2026-03-15T11:52:20+00:00,95,2.16,1923.8,,45.26453,6.038827
2026-03-15T11:52:21+00:00,95,4.1148,1923.6,,45.264568,6.038809
2026-03-15T11:52:23+00:00,95,10.944,1922.2,,45.264639,6.038772
2026-03-15T11:52:25+00:00,96,13.895999999999999,1920.4,,45.26469,6.038827
2026-03-15T11:52:26+00:00,96,12.816,1919.4,,45.264721,6.038813
2026-03-15T11:52:27+00:00,96,13.9212,1918.6,,45.264761,6.038821
2026-03-15T11:52:29+00:00,96,12.96,1917.0,,45.264812,6.038837
2026-03-15T11:52:31+00:00,96,13.176,1915.2,,45.264872,6.038846
2026-03-15T11:52:32+00:00,96,12.312,1914.4,,45.264886,6.038884
2026-03-15T11:52:33+00:00,96,12.6,1913.8,,45.264923,6.038903
2026-03-15T11:52:35+00:00,96,13.258799999999999,1912.4,,45.26497,6.038833
2026-03-15T11:52:37+00:00,95,14.4,1911.0,,45.265021,6.038753
2026-03-15T11:52:38+00:00,96,13.464,1910.6,,45.265044,6.038768
2026-03-15T11:52:40+00:00,96,11.879999999999999,1910.0,,45.26509,6.038782
2026-03-15T11:52:41+00:00,95,10.98,1909.8,,45.265107,6.038775
2026-03-15T11:52:43+00:00,96,8.352,1909.6,,45.265144,6.038783
2026-03-15T11:52:47+00:00,99,10.321200000000001,1909.0,,45.265265,6.038788
2026-03-15T11:52:48+00:00,100,11.735999999999999,1908.4,,45.265303,6.038796
2026-03-15T11:52:49+00:00,101,11.9412,1908.0,,45.265321,6.038836
2026-03-15T11:52:50+00:00,102,11.5704,1907.4,,45.265324,6.038871
2026-03-15T11:52:52+00:00,102,12.744,1906.0,,45.265372,6.038935
2026-03-15T11:52:53+00:00,103,12.528,1905.2,,45.265389,6.038971
2026-03-15T11:52:54+00:00,103,11.735999999999999,1904.6,,45.265398,6.038999
2026-03-15T11:52:55+00:00,103,11.735999999999999,1904.0,,45.265425,6.039011
2026-03-15T11:52:56+00:00,103,11.879999999999999,1903.2,,45.265447,6.03905
2026-03-15T11:52:57+00:00,104,11.808,1902.2,,45.265443,6.039098
2026-03-15T11:52:58+00:00,104,11.448,1901.6,,45.26544,6.039137
2026-03-15T11:52:59+00:00,105,12.024,1900.8,,45.265462,6.039168
2026-03-15T11:53:00+00:00,104,12.816,1899.8,,45.265495,6.039193
2026-03-15T11:53:01+00:00,104,12.528,1898.8,,45.265504,6.039231
2026-03-15T11:53:02+00:00,105,10.44,1898.2,,45.265502,6.039234
2026-03-15T11:53:03+00:00,105,8.424,1897.4,,45.265504,6.039239
2026-03-15T11:53:04+00:00,105,7.920000000000001,1896.8,,45.265504,6.039274
2026-03-15T11:53:06+00:00,105,6.696000000000001,1896.0,,45.265487,6.039342
2026-03-15T11:53:07+00:00,104,9.144,1895.4,,45.26549,6.039393
2026-03-15T11:53:09+00:00,103,12.528,1894.6,,45.265562,6.039415
2026-03-15T11:53:10+00:00,103,12.8412,1893.8,,45.265597,6.039444
2026-03-15T11:53:11+00:00,102,14.76,1893.0,,45.265607,6.0395
2026-03-15T11:53:12+00:00,102,13.968,1892.2,,45.265587,6.039536
2026-03-15T11:53:13+00:00,103,13.860000000000001,1891.2,,45.265574,6.039581
2026-03-15T11:53:14+00:00,104,13.751999999999999,1890.4,,45.265593,6.039623
2026-03-15T11:53:16+00:00,110,12.312,1888.6,,45.265593,6.039705
2026-03-15T11:53:17+00:00,114,13.751999999999999,1887.8,,45.265606,6.039761
2026-03-15T11:53:18+00:00,114,13.536,1886.8,,45.26562,6.039802
2026-03-15T11:53:19+00:00,116,12.888,1885.6,,45.265605,6.039832
2026-03-15T11:53:21+00:00,120,13.464,1884.2,,45.265582,6.03992
2026-03-15T11:53:23+00:00,122,13.32,1882.8,,45.265534,6.039997
2026-03-15T11:53:25+00:00,122,15.418800000000001,1881.8,,45.265479,6.040101
2026-03-15T11:53:26+00:00,120,16.776,1881.4,,45.265441,6.040135
2026-03-15T11:53:28+00:00,116,17.712,1880.6,,45.265378,6.04022
2026-03-15T11:53:29+00:00,115,17.3988,1880.2,,45.265354,6.040269
2026-03-15T11:53:31+00:00,113,17.712,1879.4,,45.265297,6.040377
2026-03-15T11:53:32+00:00,112,18.1188,1879.0,,45.265255,6.04041
2026-03-15T11:53:33+00:00,111,16.776,1878.4,,45.265223,6.040414
2026-03-15T11:53:34+00:00,110,16.488,1878.0,,45.265194,6.040439
2026-03-15T11:53:36+00:00,109,14.112,1876.6,,45.265155,6.040512
2026-03-15T11:53:37+00:00,109,12.744,1875.8,,45.265125,6.040521
2026-03-15T11:53:38+00:00,109,12.96,1875.2,,45.265099,6.040551
2026-03-15T11:53:39+00:00,109,11.952,1874.2,,45.265092,6.040583
2026-03-15T11:53:40+00:00,109,11.700000000000001,1873.6,,45.265102,6.040622
2026-03-15T11:53:42+00:00,110,12.672,1872.4,,45.265077,6.040714
2026-03-15T11:53:44+00:00,110,13.104000000000001,1870.8,,45.265047,6.040787
2026-03-15T11:53:45+00:00,110,13.68,1870.0,,45.265043,6.040835
2026-03-15T11:53:46+00:00,111,12.78,1869.4,,45.265029,6.040864
2026-03-15T11:53:48+00:00,111,11.5812,1868.6,,45.265043,6.040928
2026-03-15T11:53:49+00:00,111,11.232000000000001,1868.2,,45.265071,6.04095
2026-03-15T11:53:52+00:00,110,14.1588,1866.4,,45.26516,6.041066
2026-03-15T11:53:54+00:00,110,13.751999999999999,1865.0,,45.265156,6.041134
2026-03-15T11:53:55+00:00,113,13.5612,1864.6,,45.265172,6.041177
2026-03-15T11:53:57+00:00,114,13.68,1863.8,,45.265211,6.041292
2026-03-15T11:53:59+00:00,117,17.352,1862.2,,45.26523,6.041421
2026-03-15T11:54:01+00:00,115,13.14,1860.6,,45.265222,6.041435
2026-03-15T11:54:02+00:00,115,8.928,1860.2,,45.265216,6.041432
2026-03-15T11:54:07+00:00,115,5.9399999999999995,1860.0,,45.26515,6.041495
2026-03-15T11:54:09+00:00,114,7.920000000000001,1859.6,,45.265129,6.041574
2026-03-15T11:54:11+00:00,117,8.5608,1858.8,,45.26509,6.041632
2026-03-15T11:54:12+00:00,118,11.735999999999999,1858.6,,45.26506,6.041663
2026-03-15T11:54:13+00:00,121,11.879999999999999,1858.4,,45.265043,6.0417
2026-03-15T11:54:15+00:00,122,12.6612,1857.6,,45.26499,6.041772
2026-03-15T11:54:16+00:00,120,14.04,1857.2,,45.26497,6.041825
2026-03-15T11:54:18+00:00,113,16.776,1855.6,,45.264938,6.041951
2026-03-15T11:54:19+00:00,111,17.0388,1854.4,,45.26493,6.042017
2026-03-15T11:54:20+00:00,110,18.0,1853.4,,45.264904,6.042062
2026-03-15T11:54:22+00:00,110,18.4212,1851.8,,45.264846,6.042147
2026-03-15T11:54:23+00:00,111,17.568,1850.6,,45.264815,6.042197
2026-03-15T11:54:24+00:00,112,17.136,1849.4,,45.264779,6.042228
2026-03-15T11:54:25+00:00,114,17.208000000000002,1848.4,,45.26474,6.042248
2026-03-15T11:54:26+00:00,116,17.0388,1847.6,,45.264701,6.042269
2026-03-15T11:54:27+00:00,119,17.424,1846.6,,45.264662,6.042267
2026-03-15T11:54:28+00:00,121,16.416,1845.4,,45.26463,6.042293
2026-03-15T11:54:29+00:00,122,16.488,1844.4,,45.264587,6.042304
2026-03-15T11:54:30+00:00,124,16.992,1843.2,,45.264542,6.042333
2026-03-15T11:54:31+00:00,124,17.64,1841.8,,45.264497,6.042359
2026-03-15T11:54:32+00:00,125,16.776,1840.6,,45.264468,6.042362
2026-03-15T11:54:33+00:00,126,17.424,1839.4,,45.264434,6.042397
2026-03-15T11:54:34+00:00,126,16.776,1838.4,,45.264403,6.042415
2026-03-15T11:54:35+00:00,124,16.632,1837.2,,45.264363,6.042454
2026-03-15T11:54:36+00:00,121,15.984000000000002,1835.8,,45.264326,6.042483
2026-03-15T11:54:37+00:00,118,16.848,1834.6,,45.264289,6.042487
2026-03-15T11:54:38+00:00,119,16.704,1833.4,,45.264251,6.042513
2026-03-15T11:54:39+00:00,120,16.632,1832.2,,45.264216,6.042517
2026-03-15T11:54:40+00:00,122,16.416,1830.8,,45.264189,6.042563
2026-03-15T11:54:41+00:00,121,16.56,1829.0,,45.264167,6.042621
2026-03-15T11:54:42+00:00,120,15.624,1827.0,,45.264138,6.042665
2026-03-15T11:54:43+00:00,119,18.072,1826.0,,45.264123,6.042733
2026-03-15T11:54:44+00:00,119,18.791999999999998,1824.0,,45.264087,6.042773
2026-03-15T11:54:45+00:00,120,18.0,1822.4,,45.264054,6.042769
2026-03-15T11:54:46+00:00,121,16.272,1821.2,,45.264034,6.042759
2026-03-15T11:54:47+00:00,122,14.112,1820.6,,45.264018,6.042762
2026-03-15T11:54:48+00:00,120,11.808,1820.0,,45.263995,6.042775
2026-03-15T11:54:50+00:00,119,9.144,1819.6,,45.263958,6.042794
2026-03-15T11:54:51+00:00,119,9.864,1819.4,,45.263947,6.042836
2026-03-15T11:54:52+00:00,118,11.376000000000001,1819.0,,45.26397,6.042874
2026-03-15T11:54:54+00:00,115,11.998800000000001,1817.4,,45.263994,6.042966
2026-03-15T11:54:55+00:00,114,14.256,1816.4,,45.264005,6.043024
2026-03-15T11:54:56+00:00,112,15.192,1814.8,,45.263998,6.043082
2026-03-15T11:54:57+00:00,111,14.904,1813.2,,45.26398,6.043118
2026-03-15T11:54:58+00:00,112,15.5988,1811.8,,45.263989,6.043174
2026-03-15T11:54:59+00:00,113,15.408000000000001,1810.0,,45.263973,6.043224
2026-03-15T11:55:00+00:00,114,15.768,1808.4,,45.263957,6.04328
2026-03-15T11:55:01+00:00,115,15.984000000000002,1807.2,,45.263969,6.043345
2026-03-15T11:55:02+00:00,116,16.272,1805.2,,45.26396,6.043392
2026-03-15T11:55:03+00:00,117,16.848,1803.4,,45.263927,6.043427
2026-03-15T11:55:04+00:00,118,17.28,1802.2,,45.263899,6.043471
2026-03-15T11:55:05+00:00,112,16.704,1801.0,,45.263911,6.043524
2026-03-15T11:55:06+00:00,107,17.136,1799.6,,45.263954,6.043563
2026-03-15T11:55:07+00:00,107,17.496000000000002,1798.0,,45.263978,6.043614
2026-03-15T11:55:08+00:00,109,16.992,1796.8,,45.263963,6.043656
2026-03-15T11:55:09+00:00,111,16.272,1795.4,,45.263935,6.043691
2026-03-15T11:55:10+00:00,111,17.064,1794.4,,45.263913,6.043747
2026-03-15T11:55:11+00:00,111,16.488,1793.2,,45.263929,6.04381
2026-03-15T11:55:12+00:00,111,16.632,1792.0,,45.263926,6.04387
2026-03-15T11:55:13+00:00,111,17.424,1790.6,,45.2639,6.043923
2026-03-15T11:55:14+00:00,112,18.720000000000002,1789.4,,45.263896,6.043993
2026-03-15T11:55:15+00:00,113,19.368,1787.4,,45.26392,6.044067
2026-03-15T11:55:16+00:00,114,19.8,1785.4,,45.263909,6.044135
2026-03-15T11:55:17+00:00,115,21.312,1784.2,,45.263916,6.044222
2026-03-15T11:55:18+00:00,116,22.392,1782.4,,45.263941,6.044296
2026-03-15T11:55:19+00:00,116,22.896,1780.4,,45.263925,6.044374
2026-03-15T11:55:20+00:00,116,21.6,1778.6,,45.263888,6.044398
2026-03-15T11:55:21+00:00,116,21.744,1777.4,,45.263861,6.044458
2026-03-15T11:55:22+00:00,115,20.16,1776.0,,45.263862,6.044517
2026-03-15T11:55:23+00:00,115,19.008000000000003,1774.6,,45.263847,6.044571
2026-03-15T11:55:25+00:00,113,16.272,1773.0,,45.263791,6.044606
2026-03-15T11:55:27+00:00,112,9.288,1771.6,,45.263797,6.04461
2026-03-15T11:55:29+00:00,111,4.7988,1771.6,,45.263796,6.04461
2026-03-15T11:55:31+00:00,107,0.9612,1771.4,,45.263796,6.044608
2026-03-15T11:55:36+00:00,108,0.0,1771.4,,45.263796,6.044608
2026-03-15T11:55:40+00:00,113,0.1188,1771.4,,45.263796,6.044608
2026-03-15T11:55:41+00:00,122,0.216,1771.4,,45.263796,6.044608
2026-03-15T11:55:42+00:00,135,0.18000000000000002,1771.4,,45.263796,6.044608
2026-03-15T11:55:43+00:00,139,0.1548,1771.4,,45.263796,6.044608
2026-03-15T11:55:45+00:00,142,0.07200000000000001,1771.2,,45.2638,6.044617
2026-03-15T11:55:48+00:00,146,0.28800000000000003,1771.4,,45.263796,6.044608
2026-03-15T11:55:54+00:00,142,0.1188,1771.2,,45.263796,6.044608
2026-03-15T11:55:57+00:00,137,0.0,1771.2,,45.263796,6.044608
2026-03-15T11:55:59+00:00,127,0.0,1771.2,,45.263796,6.044608
2026-03-15T11:56:00+00:00,119,0.0,1771.2,,45.263796,6.044608
2026-03-15T11:56:01+00:00,124,0.0,1771.2,,45.263796,6.044608
2026-03-15T11:56:02+00:00,128,0.0,1771.2,,45.263796,6.044608
2026-03-15T11:56:07+00:00,128,0.0,1771.0,,45.263796,6.044608
2026-03-15T11:56:09+00:00,125,0.0,1771.0,,45.263796,6.044608
2026-03-15T11:56:10+00:00,120,0.0,1771.0,,45.263796,6.044608
2026-03-15T11:56:11+00:00,113,0.0,1771.0,,45.263796,6.044608
2026-03-15T11:56:12+00:00,104,0.0,1771.0,,45.263796,6.044608
2026-03-15T11:56:13+00:00,97,0.0,1771.0,,45.263796,6.044608
2026-03-15T11:56:14+00:00,94,0.0,1771.0,,45.263796,6.044608
2026-03-15T11:56:16+00:00,91,0.0,1771.0,,45.263796,6.044608
2026-03-15T11:56:21+00:00,96,0.0,1771.0,,45.263796,6.044608
2026-03-15T11:56:22+00:00,96,0.0,1771.0,,45.263796,6.044608
2026-03-15T11:56:24+00:00,99,0.54,1770.8,,45.263795,6.044626
2026-03-15T11:56:25+00:00,101,1.3212,1770.8,,45.263786,6.044651
2026-03-15T11:56:26+00:00,101,4.6080000000000005,1770.6,,45.263783,6.04469
2026-03-15T11:56:27+00:00,102,7.416,1770.4,,45.263764,6.044739
2026-03-15T11:56:28+00:00,104,8.64,1769.8,,45.263736,6.044776
2026-03-15T11:56:29+00:00,104,13.104000000000001,1769.0,,45.263713,6.044831
2026-03-15T11:56:30+00:00,105,15.336,1768.0,,45.26368,6.044883
2026-03-15T11:56:31+00:00,107,16.92,1766.6,,45.263657,6.044947
2026-03-15T11:56:33+00:00,107,20.304,1763.8,,45.263596,6.045092
2026-03-15T11:56:35+00:00,106,22.968,1759.8,,45.263525,6.045229
2026-03-15T11:56:36+00:00,106,23.688000000000002,1757.6,,45.263497,6.045298
2026-03-15T11:56:37+00:00,106,23.220000000000002,1756.0,,45.263487,6.045379
2026-03-15T11:56:38+00:00,104,23.688000000000002,1753.2,,45.263475,6.045466
2026-03-15T11:56:39+00:00,104,25.8012,1751.8,,45.263497,6.045562
2026-03-15T11:56:40+00:00,103,25.848,1749.2,,45.2635,6.045653
2026-03-15T11:56:41+00:00,103,27.432000000000002,1748.0,,45.263503,6.045763
2026-03-15T11:56:42+00:00,103,28.08,1744.8,,45.263513,6.045855
2026-03-15T11:56:43+00:00,102,29.16,1742.2,,45.263501,6.045961
2026-03-15T11:56:44+00:00,101,29.232,1739.6,,45.263502,6.04606
2026-03-15T11:56:45+00:00,100,29.592000000000002,1737.2,,45.263489,6.046152
2026-03-15T11:56:46+00:00,100,29.016000000000002,1737.2,,45.263485,6.046258
2026-03-15T11:56:47+00:00,100,29.52,1734.6,,45.263468,6.046352
2026-03-15T11:56:48+00:00,100,28.8,1731.8,,45.26349,6.046448
2026-03-15T11:56:49+00:00,99,28.512,1728.8,,45.263501,6.046537
2026-03-15T11:56:50+00:00,99,28.656,1727.0,,45.263494,6.046634
2026-03-15T11:56:51+00:00,99,28.512,1725.2,,45.263513,6.046733
2026-03-15T11:56:52+00:00,99,27.864,1722.2,,45.263511,6.046819
2026-03-15T11:56:53+00:00,99,29.304000000000002,1719.2,,45.263503,6.046942
2026-03-15T11:56:54+00:00,98,30.816000000000003,1715.6,,45.263486,6.047057
2026-03-15T11:56:55+00:00,98,32.76,1713.4,,45.263427,6.047167
2026-03-15T11:56:56+00:00,98,35.064,1710.6,,45.263355,6.047272
2026-03-15T11:56:57+00:00,98,39.888,1707.0,,45.263258,6.047387
2026-03-15T11:56:58+00:00,97,43.416000000000004,1702.4,,45.263135,6.047467
2026-03-15T11:56:59+00:00,96,48.24,1699.0,,45.263007,6.047521
2026-03-15T11:57:00+00:00,95,51.192,1695.4,,45.262875,6.047564
2026-03-15T11:57:01+00:00,94,53.208,1694.4,,45.262751,6.047564
2026-03-15T11:57:02+00:00,92,52.272,1689.0,,45.262638,6.047574
2026-03-15T11:57:03+00:00,90,50.04,1686.2,,45.26254,6.047543
2026-03-15T11:57:04+00:00,90,47.664,1685.0,,45.262442,6.047509
2026-03-15T11:57:05+00:00,91,44.352000000000004,1681.0,,45.262359,6.047455
2026-03-15T11:57:06+00:00,92,40.824,1679.6,,45.262276,6.047452
2026-03-15T11:57:07+00:00,93,38.016000000000005,1677.6,,45.262201,6.047449
2026-03-15T11:57:08+00:00,95,35.352000000000004,1676.4,,45.262129,6.047444
2026-03-15T11:57:09+00:00,96,31.176000000000002,1675.4,,45.262077,6.047484
2026-03-15T11:57:10+00:00,97,28.8,1674.2,,45.26203,6.04754
2026-03-15T11:57:12+00:00,98,27.215999999999998,1672.0,,45.261939,6.04768
2026-03-15T11:57:13+00:00,99,27.864,1670.4,,45.261895,6.047774
2026-03-15T11:57:14+00:00,100,28.512,1668.2,,45.26185,6.047872
2026-03-15T11:57:15+00:00,101,30.528000000000002,1666.4,,45.261797,6.047969
2026-03-15T11:57:16+00:00,101,29.7,1665.6,,45.261742,6.048028
2026-03-15T11:57:17+00:00,101,29.880000000000003,1665.2,,45.261692,6.04808
2026-03-15T11:57:18+00:00,102,28.008000000000003,1665.0,,45.261662,6.048141
2026-03-15T11:57:20+00:00,102,21.096,1665.2,,45.261688,6.048247
2026-03-15T11:57:22+00:00,102,15.984000000000002,1664.8,,45.261685,6.04833
2026-03-15T11:57:23+00:00,102,13.032,1664.8,,45.261671,6.048349
2026-03-15T11:57:25+00:00,103,6.912,1664.6,,45.261662,6.048353
2026-03-15T11:57:26+00:00,103,5.8788,1664.8,,45.261659,6.048351
2026-03-15T11:57:32+00:00,102,0.1548,1664.8,,45.261658,6.048351
2026-03-15T11:57:35+00:00,100,0.039599999999999996,1664.6,,45.261658,6.048351
2026-03-15T11:57:41+00:00,96,0.0,1664.6,,45.261658,6.048351
2026-03-15T11:57:43+00:00,90,0.0,1664.6,,45.261658,6.048351
2026-03-15T11:57:44+00:00,96,0.0,1664.6,,45.261658,6.048351
2026-03-15T11:57:45+00:00,105,0.0,1664.6,,45.261658,6.048351
2026-03-15T11:57:46+00:00,117,0.0,1664.6,,45.261658,6.048351
2026-03-15T11:57:47+00:00,121,0.0,1664.6,,45.261658,6.048351
2026-03-15T11:57:48+00:00,129,0.0,1664.6,,45.261658,6.048351
2026-03-15T11:57:49+00:00,132,0.0,1664.6,,45.261658,6.048351
2026-03-15T11:57:50+00:00,132,0.0,1664.6,,45.261658,6.048351
2026-03-15T11:57:56+00:00,130,0.0,1664.8,,45.261658,6.048351
2026-03-15T11:57:58+00:00,127,0.0,1664.8,,45.261658,6.048351
2026-03-15T11:57:59+00:00,126,0.0,1665.0,,45.261658,6.048351
2026-03-15T11:58:05+00:00,123,0.0,1665.2,,45.261658,6.048351
2026-03-15T11:58:06+00:00,120,0.0,1665.0,,45.261658,6.048351
2026-03-15T11:58:07+00:00,116,0.0,1665.0,,45.261658,6.048351
2026-03-15T11:58:08+00:00,112,0.0,1664.8,,45.261655,6.048348
2026-03-15T11:58:09+00:00,112,0.0,1664.8,,45.261658,6.048351
2026-03-15T11:58:12+00:00,109,0.0,1664.6,,45.261658,6.048351
2026-03-15T11:58:13+00:00,106,0.0,1664.6,,45.261658,6.048351
2026-03-15T11:58:14+00:00,103,0.0,1664.6,,45.261655,6.048348
2026-03-15T11:58:16+00:00,104,0.0504,1664.6,,45.261658,6.048351
2026-03-15T11:58:22+00:00,103,0.0468,1664.6,,45.261658,6.048351
2026-03-15T11:58:26+00:00,99,0.0,1664.6,,45.261658,6.048351
2026-03-15T11:58:27+00:00,96,0.0,1664.6,,45.261658,6.048351
2026-03-15T11:58:30+00:00,99,0.0,1664.6,,45.261658,6.048351
2026-03-15T11:58:31+00:00,104,0.28800000000000003,1664.6,,45.261652,6.048348
2026-03-15T11:58:33+00:00,108,1.8,1664.6,,45.26163,6.048335
2026-03-15T11:58:35+00:00,111,2.8800000000000003,1664.4,,45.261623,6.048327
2026-03-15T11:58:38+00:00,107,3.9600000000000004,1664.4,,45.261592,6.048286
2026-03-15T11:58:39+00:00,105,4.7412,1664.4,,45.261574,6.048271
2026-03-15T11:58:41+00:00,102,5.04,1664.2,,45.261568,6.048258
2026-03-15T11:58:43+00:00,102,3.8160000000000003,1664.2,,45.261561,6.048239
2026-03-15T11:58:48+00:00,103,2.2644,1664.2,,45.261548,6.048206
2026-03-15T11:58:52+00:00,105,1.5191999999999999,1664.4,,45.261537,6.048197
2026-03-15T11:58:56+00:00,107,0.7668,1664.0,,45.261526,6.048191
2026-03-15T11:58:57+00:00,107,0.936,1664.0,,45.261522,6.048194
2026-03-15T11:59:01+00:00,108,1.296,1664.2,,45.261512,6.048187
2026-03-15T11:59:05+00:00,104,1.26,1664.0,,45.261499,6.048174
2026-03-15T11:59:07+00:00,101,1.3788,1664.0,,45.261495,6.048167
2026-03-15T11:59:08+00:00,101,1.2852,1664.0,,45.261494,6.048165
2026-03-15T11:59:12+00:00,98,3.096,1663.8,,45.261479,6.048116
2026-03-15T11:59:14+00:00,97,3.8411999999999997,1663.6,,45.261467,6.048091
2026-03-15T11:59:18+00:00,96,7.02,1662.8,,45.261407,6.048001
2026-03-15T11:59:19+00:00,95,10.08,1662.8,,45.261387,6.047957
2026-03-15T11:59:22+00:00,93,13.23,1665.2,,45.261308,6.047787
2026-03-15T11:59:23+00:00,91,17.28,1666.8,,45.261288,6.047743
2026-03-15T11:59:24+00:00,89,17.568,1668.8,,45.261266,6.047695
2026-03-15T11:59:25+00:00,87,16.981199999999998,1671.0,,45.261244,6.047653
2026-03-15T11:59:26+00:00,85,16.4556,1673.0,,45.261223,6.047613
2026-03-15T12:08:16+00:00,88,0.07919999999999999,2237.8,,45.253578,6.032854
2026-03-15T12:08:17+00:00,89,0.0756,2237.6,,45.2536,6.032888
2026-03-15T12:08:18+00:00,91,0.1008,2237.0,,45.253639,6.032879
2026-03-15T12:08:19+00:00,91,0.1368,2236.0,,45.253685,6.032873
2026-03-15T12:08:20+00:00,91,0.1728,2234.8,,45.253735,6.032893
2026-03-15T12:08:21+00:00,92,0.1728,2233.2,,45.253774,6.032855
2026-03-15T12:08:22+00:00,98,0.1728,2231.4,,45.253815,6.032799
2026-03-15T12:08:23+00:00,105,19.8,2229.8,,45.253861,6.032739
2026-03-15T12:08:24+00:00,106,21.744,2227.6,,45.25388,6.032668
2026-03-15T12:08:25+00:00,108,20.88,2225.6,,45.253875,6.032614
2026-03-15T12:08:26+00:00,111,19.152,2223.8,,45.253879,6.032579
2026-03-15T12:08:27+00:00,112,17.208000000000002,2222.4,,45.253905,6.032549
2026-03-15T12:08:28+00:00,112,14.4,2221.6,,45.253926,6.032544
2026-03-15T12:08:29+00:00,112,11.520000000000001,2220.6,,45.253935,6.032535
2026-03-15T12:08:31+00:00,113,7.2,2219.2,,45.25394,6.032542
2026-03-15T12:08:32+00:00,114,5.04,2218.8,,45.25394,6.032542
2026-03-15T12:08:38+00:00,112,0.6696,2218.4,,45.25394,6.032542
2026-03-15T12:08:42+00:00,116,0.468,2218.4,,45.25394,6.032542
2026-03-15T12:08:44+00:00,117,0.0,2218.4,,45.253942,6.032542
2026-03-15T12:08:46+00:00,123,2.0267999999999997,2218.2,,45.253985,6.032549
2026-03-15T12:08:48+00:00,126,6.4188,2216.8,,45.254034,6.032516
2026-03-15T12:08:50+00:00,127,8.9388,2215.0,,45.254037,6.03247
2026-03-15T12:08:52+00:00,126,9.0612,2213.6,,45.25404,6.032405
2026-03-15T12:08:54+00:00,125,10.44,2211.8,,45.254081,6.032327
2026-03-15T12:08:55+00:00,125,11.232000000000001,2210.8,,45.254106,6.03234
2026-03-15T12:08:56+00:00,125,11.700000000000001,2209.6,,45.254135,6.032312
2026-03-15T12:08:57+00:00,125,13.824,2208.2,,45.254148,6.032251
2026-03-15T12:08:58+00:00,125,13.798800000000002,2206.6,,45.254181,6.03222
2026-03-15T12:08:59+00:00,124,13.968,2205.4,,45.254209,6.032237
2026-03-15T12:09:00+00:00,124,13.824,2204.0,,45.254229,6.032252
2026-03-15T12:09:01+00:00,123,13.248000000000001,2203.0,,45.254258,6.032244
2026-03-15T12:09:02+00:00,123,12.24,2202.0,,45.254276,6.032211
2026-03-15T12:09:03+00:00,123,11.376000000000001,2201.0,,45.254298,6.032193
2026-03-15T12:09:04+00:00,123,10.44,2200.2,,45.254313,6.032207
2026-03-15T12:09:05+00:00,122,11.376000000000001,2199.4,,45.254344,6.032194
2026-03-15T12:09:06+00:00,122,11.879999999999999,2198.2,,45.254365,6.032149
2026-03-15T12:09:07+00:00,122,12.456,2197.0,,45.254399,6.032126
2026-03-15T12:09:08+00:00,120,13.464,2195.8,,45.254435,6.032107
2026-03-15T12:09:09+00:00,119,14.904,2194.4,,45.254452,6.032062
2026-03-15T12:09:10+00:00,119,14.904,2192.8,,45.254475,6.032019
2026-03-15T12:09:11+00:00,119,13.32,2191.4,,45.25449,6.032032
2026-03-15T12:09:13+00:00,118,11.16,2189.6,,45.254536,6.032037
2026-03-15T12:09:14+00:00,116,11.808,2188.4,,45.254563,6.031992
2026-03-15T12:09:15+00:00,117,11.448,2187.2,,45.254594,6.031977
2026-03-15T12:09:16+00:00,116,11.376000000000001,2186.2,,45.254607,6.031983
2026-03-15T12:09:17+00:00,117,9.4788,2185.0,,45.254608,6.031977
2026-03-15T12:09:18+00:00,116,7.920000000000001,2183.8,,45.254609,6.031976
2026-03-15T12:09:19+00:00,115,4.752000000000001,2183.2,,45.254611,6.031974
2026-03-15T12:09:20+00:00,115,3.024,2182.8,,45.254614,6.031967
2026-03-15T12:09:24+00:00,112,0.936,2183.0,,45.254613,6.031967
2026-03-15T12:09:27+00:00,110,0.36000000000000004,2183.0,,45.254613,6.031967
2026-03-15T12:09:32+00:00,113,0.0,2183.2,,45.254613,6.031967
2026-03-15T12:09:34+00:00,116,0.0,2183.2,,45.254613,6.031967
2026-03-15T12:09:39+00:00,116,0.36000000000000004,2183.0,,45.254613,6.031967
2026-03-15T12:09:42+00:00,115,0.31679999999999997,2182.8,,45.254613,6.031967
2026-03-15T12:09:45+00:00,111,0.0,2182.8,,45.254613,6.031967
2026-03-15T12:09:48+00:00,108,0.0,2182.8,,45.254613,6.031967
2026-03-15T12:09:49+00:00,111,0.0,2182.8,,45.254613,6.031967
2026-03-15T12:09:50+00:00,114,0.0,2183.0,,45.254613,6.031967
2026-03-15T12:09:51+00:00,116,0.0,2183.0,,45.254616,6.031955
2026-03-15T12:09:55+00:00,116,5.832000000000001,2181.6,,45.254647,6.03205
2026-03-15T12:09:58+00:00,114,7.354800000000001,2180.4,,45.25468,6.032126
2026-03-15T12:09:59+00:00,113,8.19,2180.4,,45.254711,6.032143
2026-03-15T12:10:01+00:00,113,10.620000000000001,2178.8,,45.254768,6.03207
2026-03-15T12:10:02+00:00,113,10.645199999999999,2177.4,,45.254793,6.032079
2026-03-15T12:10:04+00:00,115,11.376000000000001,2174.6,,45.254837,6.032119
2026-03-15T12:10:05+00:00,116,12.6,2174.0,,45.254868,6.032099
2026-03-15T12:10:06+00:00,115,11.879999999999999,2172.6,,45.254902,6.032102
2026-03-15T12:10:07+00:00,115,11.448,2171.2,,45.254898,6.032137
2026-03-15T12:10:08+00:00,115,10.98,2170.2,,45.254887,6.032169
2026-03-15T12:10:09+00:00,116,12.168,2169.2,,45.254907,6.032213
2026-03-15T12:10:10+00:00,116,12.888,2168.0,,45.254932,6.032258
2026-03-15T12:10:11+00:00,115,12.816,2166.6,,45.254923,6.032298
2026-03-15T12:10:12+00:00,115,14.256,2165.2,,45.254928,6.032358
2026-03-15T12:10:13+00:00,116,15.408000000000001,2163.6,,45.254918,6.032413
2026-03-15T12:10:14+00:00,116,15.264000000000001,2161.8,,45.254889,6.032446
2026-03-15T12:10:15+00:00,117,15.552000000000001,2160.6,,45.254873,6.032497
2026-03-15T12:10:16+00:00,118,16.704,2159.4,,45.254872,6.03256
2026-03-15T12:10:17+00:00,118,15.552000000000001,2158.6,,45.254859,6.032594
2026-03-15T12:10:18+00:00,118,15.984000000000002,2157.2,,45.254851,6.032657
2026-03-15T12:10:19+00:00,118,16.56,2156.0,,45.254835,6.032711
2026-03-15T12:10:20+00:00,118,15.984000000000002,2154.6,,45.254814,6.032749
2026-03-15T12:10:21+00:00,118,15.552000000000001,2153.6,,45.254803,6.032801
2026-03-15T12:10:23+00:00,118,15.696000000000002,2152.0,,45.254768,6.032893
2026-03-15T12:10:24+00:00,120,15.840000000000002,2151.4,,45.25476,6.032955
2026-03-15T12:10:25+00:00,121,16.776,2150.6,,45.254754,6.033028
2026-03-15T12:10:27+00:00,123,16.740000000000002,2149.6,,45.254719,6.033131
2026-03-15T12:10:28+00:00,124,15.840000000000002,2149.2,,45.254705,6.033145
2026-03-15T12:10:32+00:00,124,2.664,2149.2,,45.254713,6.033161
2026-03-15T12:10:34+00:00,121,2.8188,2149.2,,45.25471,6.033199
2026-03-15T12:10:36+00:00,120,4.0032000000000005,2148.2,,45.254703,6.033256
2026-03-15T12:10:38+00:00,120,5.1588,2147.6,,45.254718,6.033272
2026-03-15T12:10:39+00:00,121,4.32,2147.4,,45.254718,6.033273
2026-03-15T12:10:42+00:00,122,6.0012,2147.2,,45.254738,6.033376
2026-03-15T12:10:44+00:00,120,11.232000000000001,2145.8,,45.254738,6.033474
2026-03-15T12:10:46+00:00,115,10.645199999999999,2144.4,,45.254738,6.033538
2026-03-15T12:10:47+00:00,113,10.656,2143.8,,45.254741,6.03357
2026-03-15T12:10:49+00:00,114,8.712,2143.2,,45.254781,6.03361
2026-03-15T12:10:50+00:00,113,9.4788,2142.8,,45.254802,6.033595
2026-03-15T12:10:51+00:00,112,10.368,2142.2,,45.254827,6.033561
2026-03-15T12:10:52+00:00,112,11.304,2141.4,,45.254863,6.033539
2026-03-15T12:10:53+00:00,111,11.700000000000001,2140.4,,45.254893,6.033564
2026-03-15T12:10:55+00:00,111,12.816,2138.6,,45.254935,6.033627
2026-03-15T12:10:56+00:00,111,13.464,2137.8,,45.254978,6.033628
2026-03-15T12:10:57+00:00,111,13.104000000000001,2137.0,,45.254999,6.033601
2026-03-15T12:10:59+00:00,112,9.8388,2135.8,,45.255012,6.033581
2026-03-15T12:11:01+00:00,113,5.04,2135.0,,45.255018,6.033577
2026-03-15T12:11:03+00:00,111,4.4388000000000005,2134.6,,45.255035,6.033537
2026-03-15T12:11:05+00:00,108,6.1812000000000005,2134.2,,45.255041,6.033481
2026-03-15T12:11:06+00:00,107,7.488,2134.0,,45.255041,6.033452
2026-03-15T12:11:07+00:00,105,7.38,2133.6,,45.255038,6.033424
2026-03-15T12:11:08+00:00,102,8.424,2133.4,,45.255034,6.033387
2026-03-15T12:11:10+00:00,99,7.920000000000001,2133.0,,45.255054,6.033335
2026-03-15T12:11:11+00:00,99,8.352,2132.6,,45.255086,6.033329
2026-03-15T12:11:13+00:00,100,8.928,2131.2,,45.255128,6.033366
2026-03-15T12:11:14+00:00,101,8.28,2130.6,,45.255138,6.033384
2026-03-15T12:11:15+00:00,103,8.928,2129.8,,45.255162,6.033395
2026-03-15T12:11:17+00:00,105,8.9388,2129.2,,45.255182,6.033341
2026-03-15T12:11:19+00:00,108,8.928,2128.6,,45.255163,6.033289
2026-03-15T12:11:21+00:00,108,6.3612,2128.2,,45.255166,6.033292
2026-03-15T12:11:26+00:00,109,3.0348,2128.0,,45.255158,6.033224
2026-03-15T12:11:30+00:00,109,3.0816,2127.6,,45.255147,6.033198
2026-03-15T12:11:31+00:00,108,2.0160000000000005,2127.6,,45.255148,6.033195
2026-03-15T12:11:37+00:00,109,0.0,2127.4,,45.255148,6.033195
2026-03-15T12:11:39+00:00,108,0.0,2127.4,,45.255148,6.033195
2026-03-15T12:11:43+00:00,111,0.0,2127.6,,45.255148,6.033195
2026-03-15T12:11:46+00:00,112,0.1044,2127.2,,45.255146,6.033187
2026-03-15T12:11:48+00:00,113,6.192,2126.2,,45.255224,6.033159
2026-03-15T12:11:49+00:00,113,6.84,2125.6,,45.255248,6.03317
2026-03-15T12:11:50+00:00,114,6.994800000000001,2125.0,,45.255263,6.033177
2026-03-15T12:11:51+00:00,117,10.368,2124.6,,45.255272,6.033174
2026-03-15T12:11:53+00:00,119,5.256,2124.0,,45.255286,6.033178
2026-03-15T12:11:54+00:00,119,3.24,2124.0,,45.255286,6.033177
2026-03-15T12:11:58+00:00,120,2.664,2123.6,,45.255309,6.033149
2026-03-15T12:12:00+00:00,119,6.4188,2123.0,,45.255301,6.033051
2026-03-15T12:12:01+00:00,119,7.8156,2122.4,,45.255305,6.032991
2026-03-15T12:12:02+00:00,119,8.3268,2121.6,,45.25533,6.032959
2026-03-15T12:12:04+00:00,119,13.9212,2120.2,,45.255388,6.032883
2026-03-15T12:12:06+00:00,118,14.904,2118.4,,45.255427,6.032794
2026-03-15T12:12:08+00:00,117,14.58,2117.0,,45.255443,6.032705
2026-03-15T12:12:10+00:00,116,14.641200000000001,2115.8,,45.255464,6.032609
2026-03-15T12:12:13+00:00,115,14.616,2114.4,,45.255506,6.032464
2026-03-15T12:12:16+00:00,111,14.1012,2113.4,,45.255559,6.032336
2026-03-15T12:12:17+00:00,110,14.1444,2113.0,,45.255586,6.032299
2026-03-15T12:12:19+00:00,108,13.860000000000001,2112.4,,45.255614,6.032209
2026-03-15T12:12:21+00:00,106,15.192,2111.2,,45.255669,6.032113
2026-03-15T12:12:23+00:00,105,17.0388,2109.8,,45.255744,6.032002
2026-03-15T12:12:24+00:00,105,19.584000000000003,2108.6,,45.255789,6.031952
2026-03-15T12:12:25+00:00,104,20.88,2107.4,,45.255827,6.03188
2026-03-15T12:12:26+00:00,104,22.248,2106.2,,45.255869,6.03183
2026-03-15T12:12:27+00:00,104,21.8988,2105.0,,45.255912,6.031785
2026-03-15T12:12:28+00:00,105,22.176000000000002,2104.0,,45.255952,6.031727
2026-03-15T12:12:30+00:00,105,21.6,2102.2,,45.256016,6.031609
2026-03-15T12:12:31+00:00,105,21.6,2101.4,,45.256033,6.031536
2026-03-15T12:12:32+00:00,108,21.312,2101.0,,45.256046,6.031468
2026-03-15T12:12:33+00:00,109,21.168,2100.6,,45.256051,6.031395
2026-03-15T12:12:35+00:00,110,18.864,2100.2,,45.256072,6.031284
2026-03-15T12:12:37+00:00,111,10.944,2100.0,,45.256062,6.031292
2026-03-15T12:12:39+00:00,112,5.8788,2100.2,,45.256062,6.031292
2026-03-15T12:12:43+00:00,116,0.0,2100.8,,45.256062,6.031292
2026-03-15T12:12:44+00:00,121,0.0,2100.8,,45.256062,6.031292
2026-03-15T12:12:48+00:00,117,0.432,2100.4,,45.256068,6.031283
2026-03-15T12:12:50+00:00,113,1.4400000000000002,2100.4,,45.256087,6.031285
2026-03-15T12:12:52+00:00,113,1.35,2100.2,,45.256091,6.031286
2026-03-15T12:12:54+00:00,117,1.4400000000000002,2100.0,,45.256091,6.031286
2026-03-15T12:13:00+00:00,119,0.0,2099.8,,45.256091,6.031286
2026-03-15T12:13:04+00:00,116,0.0,2100.0,,45.256091,6.031286
2026-03-15T12:13:06+00:00,116,0.0,2100.0,,45.256091,6.031286
2026-03-15T12:13:12+00:00,118,0.0,2099.6,,45.256091,6.031286
2026-03-15T12:13:14+00:00,117,0.0,2099.6,,45.256091,6.031286
2026-03-15T12:13:20+00:00,115,0.1368,2099.8,,45.256091,6.031286
2026-03-15T12:13:22+00:00,113,0.1368,2099.6,,45.256091,6.031286
2026-03-15T12:13:25+00:00,116,0.0,2099.2,,45.256091,6.031286
2026-03-15T12:13:29+00:00,120,0.0,2099.6,,45.256091,6.031286
2026-03-15T12:13:30+00:00,120,0.0,2099.6,,45.256091,6.031286
2026-03-15T12:13:33+00:00,116,0.0,2099.6,,45.256091,6.031286
2026-03-15T12:13:36+00:00,113,0.0,2100.0,,45.256091,6.031286
2026-03-15T12:13:38+00:00,110,0.0,2099.8,,45.256091,6.031286
2026-03-15T12:13:39+00:00,109,0.0,2099.6,,45.256091,6.031286
2026-03-15T12:13:45+00:00,109,0.0,2099.8,,45.256091,6.031286
2026-03-15T12:13:47+00:00,109,0.0,2100.0,,45.256091,6.031286
2026-03-15T12:13:49+00:00,106,0.0,2100.0,,45.256091,6.031286
2026-03-15T12:13:55+00:00,105,0.0,2099.8,,45.256091,6.031286
2026-03-15T12:13:58+00:00,103,0.0,2099.4,,45.256091,6.031286
2026-03-15T12:14:02+00:00,103,0.0,2098.8,,45.256091,6.031286
2026-03-15T12:14:07+00:00,99,0.0,2099.2,,45.256091,6.031286
2026-03-15T12:14:09+00:00,96,0.0,2099.8,,45.256091,6.031286
2026-03-15T12:14:10+00:00,96,0.0,2100.0,,45.256091,6.031286
2026-03-15T12:14:16+00:00,99,0.0,2099.2,,45.256091,6.031286
2026-03-15T12:14:19+00:00,100,0.0,2099.0,,45.256091,6.031286
2026-03-15T12:14:21+00:00,101,0.0,2099.0,,45.256091,6.031286
2026-03-15T12:14:27+00:00,102,0.0,2099.0,,45.256091,6.031286
2026-03-15T12:14:33+00:00,101,0.0,2098.8,,45.256091,6.031286
2026-03-15T12:14:39+00:00,102,0.0,2098.8,,45.256091,6.031286
2026-03-15T12:14:40+00:00,103,0.0,2098.8,,45.256091,6.031286
2026-03-15T12:14:46+00:00,104,0.0,2099.0,,45.256091,6.031286
2026-03-15T12:14:50+00:00,100,0.0,2099.0,,45.256091,6.031286
2026-03-15T12:14:52+00:00,97,0.0,2099.2,,45.256091,6.031286
2026-03-15T12:14:54+00:00,97,0.36000000000000004,2099.4,,45.256099,6.031298
2026-03-15T12:14:59+00:00,100,5.760000000000001,2098.6,,45.256126,6.031427
2026-03-15T12:15:01+00:00,99,7.8696,2097.4,,45.256141,6.031487
2026-03-15T12:15:03+00:00,99,9.4392,2095.6,,45.256177,6.031588
2026-03-15T12:15:05+00:00,102,11.9412,2094.0,,45.256174,6.031661
2026-03-15T12:15:06+00:00,103,11.879999999999999,2093.2,,45.256173,6.031681
2026-03-15T12:15:07+00:00,104,11.2212,2092.8,,45.256187,6.031706
2026-03-15T12:15:09+00:00,99,9.360000000000001,2092.8,,45.256241,6.031701
2026-03-15T12:15:10+00:00,99,8.568,2092.4,,45.256247,6.031731
2026-03-15T12:15:11+00:00,100,8.208,2091.6,,45.256246,6.031747
2026-03-15T12:15:13+00:00,102,6.5988,2090.0,,45.256251,6.031767
2026-03-15T12:15:16+00:00,105,5.760000000000001,2089.6,,45.256299,6.031811
2026-03-15T12:15:17+00:00,106,6.1812000000000005,2089.2,,45.256303,6.03184
2026-03-15T12:15:18+00:00,108,6.768,2088.4,,45.256298,6.031851
2026-03-15T12:15:19+00:00,111,6.3612,2087.6,,45.256288,6.031866
2026-03-15T12:15:20+00:00,112,7.1496,2086.4,,45.256266,6.031889
2026-03-15T12:15:22+00:00,113,5.688000000000001,2085.2,,45.256251,6.031912
2026-03-15T12:15:23+00:00,115,5.976,2084.6,,45.256245,6.031929
2026-03-15T12:15:24+00:00,116,6.48,2084.0,,45.256229,6.031946
2026-03-15T12:15:26+00:00,119,5.1012,2083.2,,45.256219,6.031964
2026-03-15T12:15:27+00:00,121,5.256,2082.8,,45.256216,6.031986
2026-03-15T12:15:28+00:00,123,5.4,2082.4,,45.256228,6.032001
2026-03-15T12:15:30+00:00,125,6.4188,2081.4,,45.256269,6.031999
2026-03-15T12:15:32+00:00,126,6.12,2080.6,,45.256285,6.032022
2026-03-15T12:15:33+00:00,125,6.12,2080.0,,45.256274,6.03204
2026-03-15T12:15:34+00:00,124,5.5188,2079.4,,45.256266,6.032046
2026-03-15T12:15:35+00:00,122,5.112,2078.8,,45.256252,6.032068
2026-03-15T12:15:37+00:00,118,5.328,2077.6,,45.256233,6.032082
2026-03-15T12:15:38+00:00,117,5.04,2077.4,,45.25623,6.032098
2026-03-15T12:15:39+00:00,116,6.192,2077.0,,45.25624,6.032125
2026-03-15T12:15:40+00:00,115,6.192,2076.6,,45.256262,6.032131
2026-03-15T12:15:42+00:00,113,7.272,2075.4,,45.256284,6.032164
2026-03-15T12:15:44+00:00,112,6.6240000000000006,2073.4,,45.256264,6.03219
2026-03-15T12:15:45+00:00,112,7.056,2072.6,,45.256242,6.032209
2026-03-15T12:15:46+00:00,114,6.5412,2071.8,,45.256236,6.03222
2026-03-15T12:15:48+00:00,115,6.3,2071.0,,45.256241,6.032267
2026-03-15T12:15:49+00:00,116,7.488,2070.6,,45.256263,6.032284
2026-03-15T12:15:52+00:00,117,7.081200000000001,2069.2,,45.256308,6.032291
2026-03-15T12:15:55+00:00,119,5.5188,2068.2,,45.256332,6.032314
2026-03-15T12:15:56+00:00,119,5.9148000000000005,2067.8,,45.256326,6.032346
2026-03-15T12:15:57+00:00,120,5.328,2067.2,,45.256305,6.032362
2026-03-15T12:15:59+00:00,120,5.7096,2065.6,,45.256279,6.032398
2026-03-15T12:16:00+00:00,120,7.272,2064.6,,45.256284,6.032424
2026-03-15T12:16:01+00:00,120,7.416,2064.4,,45.256301,6.032423
2026-03-15T12:16:03+00:00,120,7.6212,2063.2,,45.256326,6.032462
2026-03-15T12:16:04+00:00,120,7.5600000000000005,2062.4,,45.256317,6.03248
2026-03-15T12:16:05+00:00,119,7.344,2061.4,,45.256304,6.032503
2026-03-15T12:16:07+00:00,119,7.38,2059.6,,45.256288,6.032544
2026-03-15T12:16:08+00:00,120,6.912,2059.0,,45.256287,6.032569
2026-03-15T12:16:09+00:00,117,7.920000000000001,2058.8,,45.256305,6.032605
2026-03-15T12:16:10+00:00,116,8.424,2058.2,,45.256327,6.032597
2026-03-15T12:16:11+00:00,117,9.1188,2057.6,,45.256346,6.032582
2026-03-15T12:16:12+00:00,117,9.072000000000001,2057.0,,45.25637,6.032584
2026-03-15T12:16:14+00:00,118,8.496,2055.2,,45.256381,6.032633
2026-03-15T12:16:16+00:00,119,6.5520000000000005,2053.6,,45.256381,6.032667
2026-03-15T12:16:17+00:00,119,6.696000000000001,2052.8,,45.25639,6.032697
2026-03-15T12:16:18+00:00,120,6.9012,2052.2,,45.256414,6.032709
2026-03-15T12:16:21+00:00,121,7.632000000000001,2050.8,,45.256462,6.0327
2026-03-15T12:16:22+00:00,122,7.704000000000001,2050.2,,45.256462,6.032734
2026-03-15T12:16:23+00:00,121,7.632000000000001,2049.2,,45.256449,6.032761
2026-03-15T12:16:25+00:00,121,7.5096,2048.2,,45.256456,6.03281
2026-03-15T12:16:27+00:00,121,8.424,2047.0,,45.256498,6.032794
2026-03-15T12:16:28+00:00,120,8.496,2046.8,,45.256521,6.032801
2026-03-15T12:16:29+00:00,119,8.1612,2046.0,,45.256519,6.032827
2026-03-15T12:16:31+00:00,117,8.1,2044.6,,45.256528,6.032868
2026-03-15T12:16:33+00:00,113,6.768,2043.4,,45.256561,6.032856
2026-03-15T12:16:34+00:00,111,6.5520000000000005,2043.2,,45.256579,6.032862
2026-03-15T12:16:36+00:00,109,6.768,2042.4,,45.256574,6.032906
2026-03-15T12:16:40+00:00,110,5.4,2041.2,,45.25654,6.032948
2026-03-15T12:16:42+00:00,111,4.7988,2041.0,,45.256532,6.032985
2026-03-15T12:16:43+00:00,111,5.3496,2040.6,,45.256552,6.033007
2026-03-15T12:16:45+00:00,112,8.856,2039.6,,45.256589,6.033069
2026-03-15T12:16:46+00:00,113,8.82,2038.8,,45.256571,6.033081
2026-03-15T12:16:47+00:00,115,9.504000000000001,2038.0,,45.256553,6.033087
2026-03-15T12:16:49+00:00,117,9.9,2036.6,,45.256535,6.033152
2026-03-15T12:16:50+00:00,117,9.216000000000001,2036.0,,45.256558,6.03318
2026-03-15T12:16:51+00:00,117,9.576,2035.6,,45.256574,6.033194
2026-03-15T12:16:53+00:00,117,7.5600000000000005,2034.8,,45.256573,6.033197
2026-03-15T12:16:56+00:00,114,1.08,2035.2,,45.256573,6.033188
2026-03-15T12:16:58+00:00,113,2.16,2035.0,,45.256571,6.033218
2026-03-15T12:16:59+00:00,112,3.1788000000000003,2034.4,,45.256546,6.03323
2026-03-15T12:17:01+00:00,115,6.984,2033.2,,45.2565,6.033238
2026-03-15T12:17:02+00:00,114,7.081200000000001,2032.8,,45.256484,6.033259
2026-03-15T12:17:04+00:00,112,9.072000000000001,2032.0,,45.256477,6.033334
2026-03-15T12:17:05+00:00,111,9.9,2031.6,,45.256504,6.033376
2026-03-15T12:17:06+00:00,110,12.312,2030.8,,45.256545,6.033404
2026-03-15T12:17:08+00:00,109,14.1588,2029.2,,45.256615,6.033463
2026-03-15T12:17:09+00:00,110,15.912,2028.4,,45.256632,6.033508
2026-03-15T12:17:10+00:00,111,14.616,2028.0,,45.256639,6.033537
2026-03-15T12:17:12+00:00,108,12.1212,2027.8,,45.25665,6.033594
2026-03-15T12:17:14+00:00,108,8.28,2027.6,,45.256668,6.03364
2026-03-15T12:17:17+00:00,113,5.472,2027.6,,45.256674,6.033682
2026-03-15T12:17:19+00:00,115,3.8160000000000003,2027.8,,45.256673,6.033704
2026-03-15T12:17:22+00:00,119,4.104,2027.4,,45.256679,6.033758
2026-03-15T12:17:24+00:00,120,6.192,2026.8,,45.256692,6.033818
2026-03-15T12:17:25+00:00,120,6.7212000000000005,2026.4,,45.256703,6.033851
2026-03-15T12:17:27+00:00,121,8.928,2025.8,,45.25673,6.033909
2026-03-15T12:17:29+00:00,121,11.304,2024.6,,45.256762,6.034005
2026-03-15T12:17:30+00:00,120,11.304,2023.8,,45.256744,6.034034
2026-03-15T12:17:31+00:00,119,10.8,2023.4,,45.256735,6.034046
2026-03-15T12:17:33+00:00,119,9.6012,2022.2,,45.256716,6.034082
2026-03-15T12:17:35+00:00,118,7.632000000000001,2022.0,,45.256717,6.034149
2026-03-15T12:17:37+00:00,118,8.578800000000001,2021.4,,45.256697,6.034211
2026-03-15T12:17:38+00:00,118,9.0,2020.8,,45.256681,6.034213
2026-03-15T12:17:41+00:00,119,8.28,2019.8,,45.256636,6.034255
2026-03-15T12:17:44+00:00,125,9.6588,2018.2,,45.25662,6.034373
2026-03-15T12:17:45+00:00,136,8.64,2017.4,,45.256614,6.034379
2026-03-15T12:17:46+00:00,142,8.568,2016.6,,45.256612,6.034388
2026-03-15T12:17:48+00:00,144,8.1756,2015.8,,45.256587,6.034432
2026-03-15T12:17:49+00:00,144,5.256,2015.4,,45.256581,6.03444
2026-03-15T12:17:52+00:00,143,4.7412,2014.4,,45.256573,6.034469
2026-03-15T12:17:53+00:00,141,4.032000000000001,2014.4,,45.25657,6.03449
2026-03-15T12:17:55+00:00,139,6.12,2013.8,,45.256571,6.034567
2026-03-15T12:17:56+00:00,138,5.9148000000000005,2013.4,,45.25657,6.034578
2026-03-15T12:17:58+00:00,135,7.272,2012.6,,45.256589,6.034618
2026-03-15T12:17:59+00:00,135,7.74,2012.2,,45.256618,6.034609
2026-03-15T12:18:01+00:00,132,7.920000000000001,2011.6,,45.256651,6.034574
2026-03-15T12:18:02+00:00,130,7.2612,2011.2,,45.25666,6.034563
2026-03-15T12:18:03+00:00,129,7.5600000000000005,2011.0,,45.256679,6.034571
2026-03-15T12:18:05+00:00,124,7.8588,2009.8,,45.256663,6.034645
2026-03-15T12:18:07+00:00,122,7.416,2008.4,,45.256645,6.034675
2026-03-15T12:18:08+00:00,122,7.5600000000000005,2008.0,,45.256645,6.034701
2026-03-15T12:18:10+00:00,121,9.144,2007.2,,45.256716,6.034738
2026-03-15T12:18:11+00:00,120,10.501199999999999,2006.6,,45.256752,6.034728
2026-03-15T12:18:13+00:00,120,11.448,2005.8,,45.256781,6.034715
2026-03-15T12:18:14+00:00,119,9.54,2005.4,,45.25678,6.034718
2026-03-15T12:18:15+00:00,119,7.056,2005.4,,45.256789,6.034741
2026-03-15T12:18:17+00:00,119,5.8788,2004.6,,45.256767,6.034788
2026-03-15T12:18:19+00:00,118,7.920000000000001,2002.6,,45.256762,6.034849
2026-03-15T12:18:20+00:00,119,8.136,2001.4,,45.256779,6.034857
2026-03-15T12:18:23+00:00,116,7.2,2000.6,,45.256821,6.034852
2026-03-15T12:18:24+00:00,117,6.5520000000000005,2000.0,,45.256822,6.034878
2026-03-15T12:18:26+00:00,117,5.760000000000001,1998.8,,45.25681,6.034909
2026-03-15T12:18:27+00:00,117,6.8904,1998.2,,45.256807,6.034952
2026-03-15T12:18:28+00:00,116,7.2,1997.6,,45.256825,6.034967
2026-03-15T12:18:31+00:00,116,9.648000000000001,1996.2,,45.256897,6.034956
2026-03-15T12:18:32+00:00,116,8.856,1995.8,,45.256904,6.034982
2026-03-15T12:18:34+00:00,117,8.9388,1995.2,,45.256881,6.03504
2026-03-15T12:18:35+00:00,118,8.1756,1994.8,,45.256873,6.035049
2026-03-15T12:18:37+00:00,118,5.904,1994.2,,45.256871,6.035078
2026-03-15T12:18:39+00:00,115,4.752000000000001,1993.8,,45.256897,6.035094
2026-03-15T12:18:40+00:00,115,5.112,1993.8,,45.256912,6.03509
2026-03-15T12:18:44+00:00,114,5.472,1993.2,,45.256962,6.035071
2026-03-15T12:18:45+00:00,113,5.256,1993.0,,45.256974,6.035074
2026-03-15T12:18:49+00:00,113,3.6,1992.6,,45.257005,6.035095
2026-03-15T12:18:54+00:00,110,4.1616,1992.2,,45.257059,6.035134
2026-03-15T12:18:55+00:00,109,4.5611999999999995,1992.0,,45.257069,6.035141
2026-03-15T12:18:58+00:00,107,5.6016,1991.2,,45.257085,6.035219
2026-03-15T12:18:59+00:00,107,7.2,1990.8,,45.257069,6.035246
2026-03-15T12:19:00+00:00,109,8.64,1990.0,,45.257077,6.035286
2026-03-15T12:19:01+00:00,111,9.4788,1989.0,,45.257091,6.035334
2026-03-15T12:19:02+00:00,118,9.8244,1987.8,,45.25708,6.035368
2026-03-15T12:19:03+00:00,130,11.376000000000001,1987.0,,45.257065,6.035404
2026-03-15T12:19:04+00:00,135,11.304,1986.2,,45.257077,6.035434
2026-03-15T12:19:05+00:00,138,10.44,1985.8,,45.257096,6.035432
2026-03-15T12:19:06+00:00,140,9.576,1985.4,,45.257118,6.035448
2026-03-15T12:19:07+00:00,144,9.648000000000001,1984.8,,45.257121,6.035477
2026-03-15T12:19:09+00:00,147,9.216000000000001,1983.8,,45.257117,6.035539
2026-03-15T12:19:11+00:00,145,9.864,1982.2,,45.25713,6.035606
2026-03-15T12:19:12+00:00,143,10.08,1981.4,,45.257114,6.03564
2026-03-15T12:19:13+00:00,142,9.7812,1981.0,,45.257128,6.035665
2026-03-15T12:19:15+00:00,139,9.6012,1980.0,,45.257141,6.035725
2026-03-15T12:19:17+00:00,133,10.008,1978.8,,45.257167,6.035788
2026-03-15T12:19:18+00:00,130,10.008,1978.0,,45.257174,6.035822
2026-03-15T12:19:19+00:00,125,9.360000000000001,1977.2,,45.257172,6.035844
2026-03-15T12:19:20+00:00,117,9.360000000000001,1976.6,,45.257167,6.035873
2026-03-15T12:19:21+00:00,114,9.4212,1976.0,,45.257178,6.035905
2026-03-15T12:19:23+00:00,113,9.0,1975.0,,45.25721,6.035953
2026-03-15T12:19:24+00:00,113,9.576,1974.4,,45.257211,6.035986
2026-03-15T12:19:25+00:00,114,10.296,1973.8,,45.257233,6.036018
2026-03-15T12:19:27+00:00,115,10.6812,1972.6,,45.257231,6.036087
2026-03-15T12:19:29+00:00,117,9.432,1971.4,,45.257241,6.036124
2026-03-15T12:19:30+00:00,117,8.208,1971.0,,45.257257,6.036125
2026-03-15T12:19:32+00:00,118,6.336,1970.4,,45.257283,6.036126
2026-03-15T12:19:35+00:00,118,4.104,1970.2,,45.257304,6.036125
2026-03-15T12:19:36+00:00,113,4.4388000000000005,1970.2,,45.257317,6.036122
2026-03-15T12:19:37+00:00,109,3.24,1970.2,,45.257324,6.036119
2026-03-15T12:19:38+00:00,106,3.1788000000000003,1970.0,,45.257331,6.036114
2026-03-15T12:19:39+00:00,105,3.4956,1970.0,,45.257346,6.036121
2026-03-15T12:19:41+00:00,104,5.760000000000001,1969.8,,45.257393,6.036137
2026-03-15T12:19:43+00:00,106,9.288,1968.8,,45.257434,6.036181
2026-03-15T12:19:44+00:00,107,10.152,1968.2,,45.257449,6.036211
2026-03-15T12:19:45+00:00,107,10.3788,1967.4,,45.257477,6.036235
2026-03-15T12:19:46+00:00,107,11.088000000000001,1966.4,,45.257489,6.03627
2026-03-15T12:19:47+00:00,108,11.5812,1965.6,,45.257499,6.03631
2026-03-15T12:19:48+00:00,109,11.232000000000001,1965.0,,45.257523,6.036323
2026-03-15T12:19:49+00:00,110,10.8,1964.4,,45.257541,6.036338
2026-03-15T12:19:50+00:00,112,10.44,1963.6,,45.257543,6.036376
2026-03-15T12:19:51+00:00,113,10.44,1963.0,,45.257565,6.036405
2026-03-15T12:19:53+00:00,115,10.584,1961.2,,45.257582,6.036468
2026-03-15T12:19:55+00:00,115,11.664000000000001,1959.6,,45.257604,6.036539
2026-03-15T12:19:56+00:00,114,11.592,1959.0,,45.257635,6.036543
2026-03-15T12:19:57+00:00,114,12.3012,1958.2,,45.257656,6.036574
2026-03-15T12:19:59+00:00,112,11.0988,1956.6,,45.257659,6.03664
2026-03-15T12:20:01+00:00,111,11.088000000000001,1954.6,,45.25769,6.036709
2026-03-15T12:20:03+00:00,111,11.34,1953.0,,45.25773,6.036776
2026-03-15T12:20:05+00:00,112,11.2212,1951.0,,45.257732,6.036836
2026-03-15T12:20:06+00:00,113,11.088000000000001,1950.4,,45.257753,6.036869
2026-03-15T12:20:07+00:00,113,12.1212,1949.4,,45.257767,6.03691
2026-03-15T12:20:08+00:00,112,11.088000000000001,1948.4,,45.25777,6.036951
2026-03-15T12:20:09+00:00,111,11.041200000000002,1947.4,,45.257793,6.036977
2026-03-15T12:20:10+00:00,110,11.520000000000001,1946.6,,45.257818,6.036977
2026-03-15T12:20:11+00:00,108,11.520000000000001,1945.6,,45.257838,6.037003
2026-03-15T12:20:12+00:00,107,10.944,1944.8,,45.257836,6.037038
2026-03-15T12:20:13+00:00,107,10.152,1944.0,,45.257829,6.037064
2026-03-15T12:20:14+00:00,106,9.72,1943.2,,45.257844,6.037088
2026-03-15T12:20:16+00:00,106,9.792000000000002,1941.6,,45.257874,6.037139
2026-03-15T12:20:18+00:00,106,9.432,1940.2,,45.257892,6.037184
2026-03-15T12:20:19+00:00,106,10.08,1939.4,,45.257924,6.037196
2026-03-15T12:20:20+00:00,106,9.7812,1938.4,,45.257928,6.037228
2026-03-15T12:20:22+00:00,106,10.8612,1936.8,,45.257925,6.037306
2026-03-15T12:20:23+00:00,107,10.296,1936.0,,45.257944,6.037308
2026-03-15T12:20:24+00:00,106,8.928,1935.4,,45.257958,6.037301
2026-03-15T12:20:25+00:00,107,7.272,1935.0,,45.257958,6.037298
2026-03-15T12:20:30+00:00,107,3.24,1934.6,,45.257975,6.037355
2026-03-15T12:20:31+00:00,107,4.86,1934.0,,45.257973,6.037389
2026-03-15T12:20:33+00:00,111,6.84,1932.4,,45.258006,6.037473
2026-03-15T12:20:34+00:00,116,7.1604,1931.2,,45.258015,6.037505
2026-03-15T12:20:35+00:00,119,11.232000000000001,1930.2,,45.258014,6.037547
2026-03-15T12:20:36+00:00,120,11.735999999999999,1929.2,,45.25804,6.037584
2026-03-15T12:20:37+00:00,120,13.0212,1928.0,,45.258055,6.037628
2026-03-15T12:20:38+00:00,121,12.96,1926.8,,45.258057,6.037673
2026-03-15T12:20:39+00:00,122,14.688,1925.6,,45.258084,6.037731
2026-03-15T12:20:40+00:00,122,14.832,1924.4,,45.258094,6.03777
2026-03-15T12:20:41+00:00,122,14.4,1923.2,,45.258098,6.037808
2026-03-15T12:20:42+00:00,122,14.472,1922.0,,45.258124,6.037847
2026-03-15T12:20:43+00:00,123,14.4,1921.0,,45.258126,6.037893
2026-03-15T12:20:44+00:00,121,12.816,1919.8,,45.258115,6.037928
2026-03-15T12:20:45+00:00,119,12.312,1918.8,,45.258133,6.03796
2026-03-15T12:20:46+00:00,119,12.6,1918.0,,45.258151,6.037994
2026-03-15T12:20:47+00:00,120,11.952,1916.8,,45.25815,6.038036
2026-03-15T12:20:48+00:00,120,12.168,1915.8,,45.258158,6.038079
2026-03-15T12:20:49+00:00,121,12.384,1914.8,,45.258174,6.038116
2026-03-15T12:20:50+00:00,121,12.312,1913.8,,45.258169,6.038152
2026-03-15T12:20:51+00:00,121,12.744,1912.8,,45.258176,6.0382
2026-03-15T12:20:52+00:00,122,13.464,1911.8,,45.258195,6.038252
2026-03-15T12:20:53+00:00,122,13.176,1910.6,,45.258197,6.038293
2026-03-15T12:20:55+00:00,117,14.184,1908.8,,45.258221,6.038374
2026-03-15T12:20:56+00:00,114,13.824,1907.8,,45.258232,6.038416
2026-03-15T12:20:57+00:00,112,13.032,1906.8,,45.258228,6.038455
2026-03-15T12:20:58+00:00,110,12.672,1906.2,,45.258248,6.038484
2026-03-15T12:20:59+00:00,108,13.0212,1905.4,,45.258271,6.038527
2026-03-15T12:21:01+00:00,109,13.104000000000001,1903.6,,45.258298,6.03861
2026-03-15T12:21:02+00:00,111,12.888,1903.0,,45.258306,6.038647
2026-03-15T12:21:03+00:00,112,13.32,1902.2,,45.25831,6.03869
2026-03-15T12:21:04+00:00,112,12.528,1901.4,,45.258335,6.038716
2026-03-15T12:21:05+00:00,115,12.6612,1900.8,,45.258357,6.038753
2026-03-15T12:21:06+00:00,117,12.24,1900.2,,45.258361,6.038789
2026-03-15T12:21:07+00:00,118,12.456,1899.4,,45.258381,6.038824
2026-03-15T12:21:09+00:00,118,12.816,1897.8,,45.258419,6.038894
2026-03-15T12:21:11+00:00,118,14.544,1896.2,,45.258483,6.038976
2026-03-15T12:21:12+00:00,117,14.688,1895.4,,45.258474,6.039032
2026-03-15T12:21:13+00:00,114,12.6612,1894.4,,45.258463,6.039036
2026-03-15T12:21:14+00:00,114,10.584,1893.8,,45.25846,6.039041
2026-03-15T12:21:15+00:00,115,8.82,1893.2,,45.258461,6.039041
2026-03-15T12:21:17+00:00,118,4.176,1892.6,,45.258484,6.039079
2026-03-15T12:21:18+00:00,119,6.336,1892.2,,45.258509,6.039111
2026-03-15T12:21:19+00:00,120,7.632000000000001,1891.6,,45.25851,6.039141
2026-03-15T12:21:21+00:00,121,11.2212,1889.6,,45.258557,6.03923
2026-03-15T12:21:23+00:00,123,11.088000000000001,1887.8,,45.258578,6.039277
2026-03-15T12:21:24+00:00,123,11.735999999999999,1886.8,,45.258605,6.039299
2026-03-15T12:21:25+00:00,124,11.7612,1885.6,,45.258622,6.039333
2026-03-15T12:21:27+00:00,124,12.3012,1883.6,,45.258683,6.039388
2026-03-15T12:21:28+00:00,124,13.824,1882.4,,45.258703,6.039428
2026-03-15T12:21:29+00:00,124,12.384,1881.4,,45.258697,6.039445
2026-03-15T12:21:31+00:00,123,11.7612,1879.8,,45.258715,6.039514
2026-03-15T12:21:33+00:00,122,10.368,1878.6,,45.258764,6.03955
2026-03-15T12:21:34+00:00,122,11.304,1877.8,,45.258769,6.039584
2026-03-15T12:21:35+00:00,122,11.5812,1877.0,,45.258791,6.039619
2026-03-15T12:21:36+00:00,124,12.096,1876.2,,45.258824,6.039622
2026-03-15T12:21:37+00:00,126,13.2012,1875.4,,45.258853,6.039663
2026-03-15T12:21:38+00:00,126,12.024,1874.4,,45.25885,6.039696
2026-03-15T12:21:39+00:00,126,10.656,1873.8,,45.25884,6.039702
2026-03-15T12:21:41+00:00,128,6.336,1872.8,,45.258852,6.039705
2026-03-15T12:21:42+00:00,128,3.528,1872.6,,45.258852,6.039711
2026-03-15T12:21:43+00:00,128,3.3120000000000003,1872.6,,45.258867,6.03973
2026-03-15T12:21:46+00:00,129,8.352,1872.0,,45.258942,6.039703
2026-03-15T12:21:47+00:00,129,7.704000000000001,1871.6,,45.25894,6.039696
2026-03-15T12:21:50+00:00,127,4.6296,1871.2,,45.258943,6.039694
2026-03-15T12:21:52+00:00,121,0.216,1871.2,,45.258941,6.039696
2026-03-15T12:21:55+00:00,120,0.07200000000000001,1871.4,,45.258934,6.039696
2026-03-15T12:22:00+00:00,117,0.0468,1871.0,,45.258943,6.039694
2026-03-15T12:22:02+00:00,116,0.1548,1871.0,,45.258943,6.039694
2026-03-15T12:22:06+00:00,112,0.18000000000000002,1871.0,,45.258943,6.039694
2026-03-15T12:22:07+00:00,108,0.0,1871.0,,45.258943,6.039694
2026-03-15T12:22:09+00:00,105,0.0,1871.0,,45.258943,6.039694
2026-03-15T12:22:13+00:00,104,0.0,1871.0,,45.258943,6.039694
2026-03-15T12:22:19+00:00,103,0.0,1871.2,,45.258943,6.039694
2026-03-15T12:22:20+00:00,137,0.0,1871.2,,45.258943,6.039694
2026-03-15T12:22:21+00:00,143,0.0,1871.2,,45.258943,6.039694
2026-03-15T12:22:25+00:00,140,0.0,1871.2,,45.258943,6.039694
2026-03-15T12:22:28+00:00,136,0.0,1871.2,,45.258943,6.039694
2026-03-15T12:22:31+00:00,133,0.0,1871.2,,45.258943,6.039694
2026-03-15T12:22:37+00:00,132,0.0,1871.2,,45.258943,6.039694
2026-03-15T12:22:42+00:00,128,0.0,1871.2,,45.258943,6.039694
2026-03-15T12:22:45+00:00,125,0.0,1871.4,,45.258943,6.039694
2026-03-15T12:22:51+00:00,123,0.0,1871.4,,45.258943,6.039694
2026-03-15T12:22:57+00:00,122,0.0,1871.2,,45.258943,6.039694
2026-03-15T12:23:00+00:00,119,0.0,1871.4,,45.258943,6.039694
2026-03-15T12:23:01+00:00,116,0.0,1871.4,,45.258943,6.039694
2026-03-15T12:23:07+00:00,116,0.0,1871.4,,45.258943,6.039694
2026-03-15T12:23:11+00:00,115,0.0,1871.4,,45.258943,6.039694
2026-03-15T12:23:17+00:00,116,0.0,1871.6,,45.258943,6.039694
2026-03-15T12:23:18+00:00,116,0.0,1871.6,,45.258943,6.039694
2026-03-15T12:23:24+00:00,116,0.0,1871.8,,45.258943,6.039694
2026-03-15T12:23:29+00:00,115,0.0,1871.6,,45.258943,6.039694
2026-03-15T12:23:35+00:00,116,0.1296,1871.4,,45.258935,6.039692
2026-03-15T12:23:38+00:00,115,0.6012000000000001,1871.0,,45.258933,6.039705
2026-03-15T12:23:41+00:00,117,1.3212,1870.8,,45.258928,6.039692
2026-03-15T12:23:47+00:00,118,0.5184,1871.4,,45.258928,6.039693
2026-03-15T12:23:53+00:00,116,0.061200000000000004,1872.2,,45.258928,6.039693
2026-03-15T12:23:57+00:00,119,0.14400000000000002,1872.6,,45.258928,6.039693
2026-03-15T12:24:00+00:00,122,0.20520000000000002,1872.6,,45.258928,6.039693
2026-03-15T12:24:06+00:00,120,0.0,1872.8,,45.258928,6.039693
2026-03-15T12:24:10+00:00,118,0.0,1872.4,,45.258928,6.039693
2026-03-15T12:24:15+00:00,115,0.0,1872.6,,45.25893,6.039705
2026-03-15T12:24:17+00:00,110,0.41040000000000004,1872.6,,45.258928,6.039693
2026-03-15T12:24:18+00:00,107,0.36000000000000004,1872.8,,45.258928,6.039693
2026-03-15T12:24:24+00:00,106,0.6696,1873.0,,45.258936,6.039712
2026-03-15T12:24:27+00:00,109,1.08,1873.2,,45.258928,6.039693
2026-03-15T12:24:29+00:00,111,1.0080000000000002,1873.2,,45.258928,6.039693
2026-03-15T12:24:32+00:00,115,0.216,1872.8,,45.258932,6.039706
2026-03-15T12:24:33+00:00,118,0.36000000000000004,1872.8,,45.258929,6.039707
2026-03-15T12:24:35+00:00,123,0.47880000000000006,1872.6,,45.258936,6.039709
2026-03-15T12:24:36+00:00,124,1.3896000000000002,1872.6,,45.258939,6.039737
2026-03-15T12:24:38+00:00,125,5.256,1871.6,,45.25893,6.039806
2026-03-15T12:24:39+00:00,125,5.760000000000001,1871.0,,45.258937,6.039835
2026-03-15T12:24:40+00:00,125,8.856,1870.2,,45.258965,6.039852
2026-03-15T12:24:42+00:00,126,10.9188,1868.2,,45.258995,6.039935
2026-03-15T12:24:43+00:00,126,12.024,1867.2,,45.259035,6.039949
2026-03-15T12:24:44+00:00,126,13.536,1865.8,,45.259068,6.039976
2026-03-15T12:24:45+00:00,127,13.536,1864.4,,45.259074,6.040015
2026-03-15T12:24:46+00:00,127,13.078800000000001,1863.2,,45.259088,6.040048
2026-03-15T12:24:47+00:00,127,13.607999999999999,1861.8,,45.259117,6.04007
2026-03-15T12:24:48+00:00,127,13.104000000000001,1860.6,,45.259133,6.040105
2026-03-15T12:24:49+00:00,128,12.744,1859.6,,45.259157,6.040143
2026-03-15T12:24:51+00:00,128,13.536,1857.6,,45.259195,6.040216
2026-03-15T12:24:52+00:00,128,13.968,1856.8,,45.259223,6.040249
2026-03-15T12:24:53+00:00,130,14.328,1856.0,,45.25924,6.040287
2026-03-15T12:24:54+00:00,134,14.184,1855.6,,45.25926,6.040328
2026-03-15T12:24:55+00:00,137,13.6188,1855.0,,45.259285,6.04035
2026-03-15T12:24:56+00:00,141,13.895999999999999,1854.4,,45.259312,6.040379
2026-03-15T12:24:58+00:00,142,13.176,1854.0,,45.259359,6.040443
2026-03-15T12:25:01+00:00,142,13.464,1853.0,,45.259435,6.040538
2026-03-15T12:25:02+00:00,141,12.96,1852.6,,45.259446,6.040565
2026-03-15T12:25:06+00:00,142,3.9600000000000004,1852.2,,45.259454,6.040598
2026-03-15T12:25:09+00:00,138,2.0556,1852.4,,45.259452,6.040611
2026-03-15T12:25:11+00:00,135,2.8800000000000003,1852.4,,45.259448,6.040645
2026-03-15T12:25:14+00:00,133,3.8160000000000003,1852.2,,45.259444,6.040678
2026-03-15T12:25:15+00:00,131,3.8988,1852.2,,45.259451,6.040693
2026-03-15T12:25:17+00:00,128,3.8411999999999997,1852.0,,45.259455,6.040724
2026-03-15T12:25:19+00:00,126,4.680000000000001,1852.0,,45.259458,6.04076
2026-03-15T12:25:24+00:00,124,5.194800000000001,1852.0,,45.259446,6.04086
2026-03-15T12:25:28+00:00,123,4.881600000000001,1852.0,,45.259453,6.040922
2026-03-15T12:25:32+00:00,125,4.0068,1851.8,,45.259486,6.040948
2026-03-15T12:25:33+00:00,128,4.464,1851.8,,45.259503,6.040958
2026-03-15T12:25:34+00:00,131,4.978800000000001,1851.8,,45.25952,6.040972
2026-03-15T12:25:36+00:00,135,5.2632,1851.8,,45.259543,6.041005
2026-03-15T12:25:37+00:00,135,7.2,1851.8,,45.259558,6.041024
2026-03-15T12:25:41+00:00,136,6.984,1851.8,,45.259606,6.041096
2026-03-15T12:25:46+00:00,138,6.7212000000000005,1851.6,,45.259659,6.041196
2026-03-15T12:25:50+00:00,137,6.8004,1851.6,,45.259697,6.041283
2026-03-15T12:25:54+00:00,135,6.703200000000001,1851.4,,45.259731,6.041366
2026-03-15T12:25:58+00:00,135,7.5600000000000005,1850.8,,45.259797,6.04145
2026-03-15T12:25:59+00:00,135,9.648000000000001,1850.4,,45.259826,6.041481
2026-03-15T12:26:00+00:00,134,9.4788,1849.6,,45.259833,6.041512
2026-03-15T12:26:02+00:00,133,10.0368,1848.2,,45.259833,6.041588
2026-03-15T12:26:04+00:00,132,11.735999999999999,1846.4,,45.259861,6.041677
2026-03-15T12:26:05+00:00,131,13.32,1845.2,,45.259893,6.041719
2026-03-15T12:26:06+00:00,131,13.14,1843.4,,45.259912,6.041756
2026-03-15T12:26:07+00:00,130,12.744,1841.4,,45.259913,6.04179
2026-03-15T12:26:08+00:00,130,14.04,1841.0,,45.259929,6.041835
2026-03-15T12:26:09+00:00,130,13.968,1839.8,,45.259959,6.041858
2026-03-15T12:26:10+00:00,129,12.528,1838.6,,45.259966,6.041893
2026-03-15T12:26:11+00:00,129,11.952,1837.8,,45.259964,6.041928
2026-03-15T12:26:12+00:00,129,12.528,1836.8,,45.25999,6.041957
2026-03-15T12:26:13+00:00,129,12.168,1835.8,,45.26001,6.041992
2026-03-15T12:26:14+00:00,129,11.735999999999999,1834.8,,45.260017,6.042029
2026-03-15T12:26:15+00:00,128,11.879999999999999,1834.0,,45.260041,6.042048
2026-03-15T12:26:17+00:00,127,11.952,1832.2,,45.260091,6.04208
2026-03-15T12:26:19+00:00,124,11.592,1830.8,,45.260102,6.042163
2026-03-15T12:26:20+00:00,123,12.384,1829.8,,45.260112,6.042212
2026-03-15T12:26:21+00:00,123,12.24,1828.8,,45.260103,6.042254
2026-03-15T12:26:22+00:00,123,13.68,1827.6,,45.260115,6.042309
2026-03-15T12:26:23+00:00,124,14.2812,1826.4,,45.260118,6.042357
2026-03-15T12:26:24+00:00,124,13.751999999999999,1825.2,,45.26011,6.042394
2026-03-15T12:26:25+00:00,124,14.04,1824.2,,45.260127,6.042446
2026-03-15T12:26:26+00:00,124,15.552000000000001,1822.8,,45.260155,6.042507
2026-03-15T12:26:27+00:00,124,15.192,1821.2,,45.260159,6.042558
2026-03-15T12:26:28+00:00,124,16.416,1819.8,,45.260172,6.042618
2026-03-15T12:26:29+00:00,125,17.136,1818.0,,45.260203,6.042651
2026-03-15T12:26:30+00:00,126,16.488,1816.2,,45.26021,6.042695
2026-03-15T12:26:31+00:00,127,15.408000000000001,1814.8,,45.260206,6.042746
2026-03-15T12:26:32+00:00,128,15.336,1813.2,,45.260223,6.042792
2026-03-15T12:26:33+00:00,128,15.624,1811.8,,45.26024,6.042851
2026-03-15T12:26:34+00:00,129,14.76,1810.2,,45.260235,6.042886
2026-03-15T12:26:35+00:00,129,14.904,1809.4,,45.260229,6.042933
2026-03-15T12:26:36+00:00,129,15.408000000000001,1807.6,,45.260251,6.042988
2026-03-15T12:26:37+00:00,126,16.272,1805.8,,45.26025,6.043054
2026-03-15T12:26:38+00:00,124,15.264000000000001,1804.2,,45.260234,6.043095
2026-03-15T12:26:39+00:00,122,16.056,1802.8,,45.260249,6.043142
2026-03-15T12:26:40+00:00,123,17.208000000000002,1801.2,,45.260265,6.043208
2026-03-15T12:26:41+00:00,124,17.064,1800.0,,45.260256,6.043266
2026-03-15T12:26:42+00:00,123,17.208000000000002,1798.8,,45.260269,6.043333
2026-03-15T12:26:43+00:00,122,18.648,1797.2,,45.26028,6.043404
2026-03-15T12:26:44+00:00,121,19.296000000000003,1795.6,,45.260262,6.043461
2026-03-15T12:26:45+00:00,120,19.584000000000003,1794.0,,45.260266,6.043536
2026-03-15T12:26:46+00:00,119,21.240000000000002,1792.2,,45.260282,6.043621
2026-03-15T12:26:47+00:00,119,20.808,1790.2,,45.260269,6.043681
2026-03-15T12:26:48+00:00,118,20.304,1788.6,,45.260246,6.043738
2026-03-15T12:26:49+00:00,120,21.096,1786.6,,45.26025,6.043811
2026-03-15T12:26:50+00:00,122,21.312,1784.6,,45.260275,6.043884
2026-03-15T12:26:51+00:00,123,20.16,1782.8,,45.260257,6.043949
2026-03-15T12:26:52+00:00,122,19.008000000000003,1781.2,,45.260235,6.043975
2026-03-15T12:26:53+00:00,120,19.224,1780.0,,45.260208,6.044027
2026-03-15T12:26:54+00:00,119,18.720000000000002,1778.4,,45.26022,6.044089
2026-03-15T12:26:55+00:00,118,18.36,1776.8,,45.260241,6.044157
2026-03-15T12:26:56+00:00,117,17.568,1775.6,,45.260237,6.04421
2026-03-15T12:26:57+00:00,117,18.648,1774.2,,45.260249,6.044264
2026-03-15T12:26:58+00:00,116,18.36,1772.6,,45.260279,6.044314
2026-03-15T12:26:59+00:00,116,17.64,1771.4,,45.260281,6.044368
2026-03-15T12:27:00+00:00,116,16.632,1770.4,,45.260286,6.04442
2026-03-15T12:27:01+00:00,116,16.992,1769.4,,45.260323,6.044453
2026-03-15T12:27:02+00:00,115,16.704,1768.0,,45.260348,6.044497
2026-03-15T12:27:03+00:00,115,15.552000000000001,1766.8,,45.260345,6.044544
2026-03-15T12:27:05+00:00,116,15.840000000000002,1764.4,,45.260375,6.04464
2026-03-15T12:27:06+00:00,117,15.696000000000002,1763.2,,45.260395,6.044686
2026-03-15T12:27:08+00:00,117,15.984000000000002,1761.0,,45.26043,6.044773
2026-03-15T12:27:09+00:00,116,16.0812,1759.4,,45.260462,6.044814
2026-03-15T12:27:10+00:00,117,15.768,1758.2,,45.260474,6.044859
2026-03-15T12:27:11+00:00,117,15.768,1757.0,,45.260503,6.044897
2026-03-15T12:27:12+00:00,117,15.659999999999998,1755.2,,45.260518,6.044948
2026-03-15T12:27:13+00:00,118,16.776,1753.6,,45.260549,6.044996
2026-03-15T12:27:14+00:00,118,16.2,1752.2,,45.260557,6.04505
2026-03-15T12:27:15+00:00,118,17.568,1750.6,,45.260583,6.045113
2026-03-15T12:27:16+00:00,117,18.072,1748.8,,45.260628,6.045135
2026-03-15T12:27:17+00:00,119,19.08,1746.8,,45.260676,6.045162
2026-03-15T12:27:18+00:00,119,18.36,1745.0,,45.260689,6.045206
2026-03-15T12:27:19+00:00,118,19.152,1743.2,,45.260726,6.045249
2026-03-15T12:27:20+00:00,118,18.215999999999998,1741.2,,45.260749,6.045289
2026-03-15T12:27:21+00:00,118,18.072,1739.6,,45.26077,6.045346
2026-03-15T12:27:22+00:00,117,18.215999999999998,1737.8,,45.260816,6.04539
2026-03-15T12:27:23+00:00,116,19.584000000000003,1735.8,,45.260842,6.045447
2026-03-15T12:27:24+00:00,115,18.432000000000002,1734.0,,45.260844,6.045493
2026-03-15T12:27:25+00:00,115,18.864,1732.8,,45.260867,6.045545
2026-03-15T12:27:26+00:00,115,19.08,1730.6,,45.2609,6.045595
2026-03-15T12:27:27+00:00,115,17.856,1728.6,,45.260902,6.04565
2026-03-15T12:27:28+00:00,114,17.568,1727.0,,45.260913,6.045712
2026-03-15T12:27:29+00:00,114,18.936,1725.2,,45.260936,6.045773
2026-03-15T12:27:30+00:00,114,18.36,1723.8,,45.260944,6.045824
2026-03-15T12:27:31+00:00,115,18.215999999999998,1722.4,,45.260978,6.045869
2026-03-15T12:27:32+00:00,116,18.144000000000002,1721.0,,45.260995,6.045912
2026-03-15T12:27:33+00:00,116,16.92,1719.6,,45.261002,6.045957
2026-03-15T12:27:34+00:00,116,16.92,1718.0,,45.261033,6.046014
2026-03-15T12:27:35+00:00,115,17.496000000000002,1716.4,,45.261049,6.046072
2026-03-15T12:27:36+00:00,116,17.64,1715.0,,45.261074,6.046128
2026-03-15T12:27:37+00:00,116,18.720000000000002,1713.6,,45.261114,6.046179
2026-03-15T12:27:38+00:00,115,20.16,1712.0,,45.261143,6.046241
2026-03-15T12:27:39+00:00,117,20.448,1710.4,,45.261189,6.046275
2026-03-15T12:27:40+00:00,122,21.456,1708.8,,45.261247,6.046287
2026-03-15T12:27:41+00:00,127,21.888,1707.0,,45.261291,6.046327
2026-03-15T12:27:42+00:00,127,22.536,1705.4,,45.261352,6.046352
2026-03-15T12:27:43+00:00,127,22.68,1703.6,,45.261397,6.046382
2026-03-15T12:27:44+00:00,126,21.96,1702.0,,45.261439,6.046394
2026-03-15T12:27:45+00:00,126,20.664,1700.6,,45.261479,6.046409
2026-03-15T12:27:46+00:00,125,19.512,1699.4,,45.261507,6.046444
2026-03-15T12:27:47+00:00,125,18.144000000000002,1698.0,,45.261552,6.04646
2026-03-15T12:27:48+00:00,125,17.424,1696.6,,45.261589,6.046489
2026-03-15T12:27:49+00:00,125,16.992,1695.4,,45.261618,6.046525
2026-03-15T12:27:50+00:00,125,17.352,1693.6,,45.261645,6.046578
2026-03-15T12:27:51+00:00,125,18.648,1692.0,,45.261667,6.046647
2026-03-15T12:27:52+00:00,125,19.368,1690.0,,45.261704,6.046701
2026-03-15T12:27:53+00:00,127,19.584000000000003,1688.2,,45.261713,6.046765
2026-03-15T12:27:54+00:00,127,19.656,1686.2,,45.26172,6.046819
2026-03-15T12:27:55+00:00,128,19.728,1684.8,,45.261732,6.046882
2026-03-15T12:27:56+00:00,129,18.936,1682.6,,45.26174,6.046944
2026-03-15T12:27:57+00:00,129,19.584000000000003,1680.6,,45.261754,6.047026
2026-03-15T12:27:58+00:00,130,21.384,1679.2,,45.261751,6.047119
2026-03-15T12:27:59+00:00,131,24.840000000000003,1677.2,,45.261746,6.047239
2026-03-15T12:28:00+00:00,133,28.728,1675.8,,45.261738,6.047376
2026-03-15T12:28:01+00:00,135,33.696,1674.4,,45.261733,6.047529
2026-03-15T12:28:02+00:00,135,37.440000000000005,1672.6,,45.261734,6.047682
2026-03-15T12:28:03+00:00,135,40.104000000000006,1671.6,,45.261739,6.04783
2026-03-15T12:28:04+00:00,136,42.264,1668.2,,45.261757,6.047986
2026-03-15T12:28:05+00:00,136,41.832,1664.8,,45.261772,6.048116
2026-03-15T12:28:06+00:00,136,38.376000000000005,1663.6,,45.261761,6.048202
2026-03-15T12:28:07+00:00,135,30.743999999999996,1662.4,,45.261754,6.048214
2026-03-15T12:28:09+00:00,134,14.76,1661.8,,45.261751,6.048207
2026-03-15T12:28:11+00:00,133,3.672,1662.4,,45.261759,6.048201
2026-03-15T12:28:13+00:00,130,2.9412,1662.2,,45.26175,6.048208
2026-03-15T12:28:17+00:00,127,0.47880000000000006,1662.2,,45.26175,6.048208
2026-03-15T12:28:23+00:00,127,0.0,1662.0,,45.261762,6.048197
2026-03-15T12:28:29+00:00,125,0.0,1662.0,,45.261762,6.048197
2026-03-15T12:28:32+00:00,128,0.3204,1662.0,,45.261768,6.048187
2026-03-15T12:28:37+00:00,128,0.7668,1662.0,,45.261769,6.048174
2026-03-15T12:28:42+00:00,123,0.5760000000000001,1662.0,,45.261778,6.048174
2026-03-15T12:28:43+00:00,120,1.0188,1662.0,,45.261785,6.04817
2026-03-15T12:28:46+00:00,124,0.6804,1662.0,,45.26179,6.048168
2026-03-15T12:28:48+00:00,127,0.0,1662.0,,45.26179,6.048168
2026-03-15T12:28:52+00:00,130,0.0,1662.0,,45.26179,6.048168
2026-03-15T12:28:55+00:00,133,0.0,1662.0,,45.26179,6.048168
2026-03-15T12:28:59+00:00,136,0.0,1662.0,,45.26179,6.048168
2026-03-15T12:29:02+00:00,137,0.0,1662.0,,45.26179,6.048168
2026-03-15T12:29:08+00:00,137,0.6804,1662.0,,45.261795,6.04817
2026-03-15T12:29:09+00:00,137,0.9252,1662.0,,45.261794,6.048176
2026-03-15T12:29:15+00:00,136,0.1548,1661.6,,45.261793,6.048177
2026-03-15T12:29:18+00:00,138,0.07919999999999999,1661.4,,45.26179,6.048168
2026-03-15T12:29:22+00:00,133,0.0,1661.4,,45.26179,6.048168
2026-03-15T12:29:23+00:00,130,0.0,1661.4,,45.26179,6.048168
2026-03-15T12:29:24+00:00,127,0.0,1661.2,,45.26179,6.048168
2026-03-15T12:29:27+00:00,124,0.0,1661.2,,45.26179,6.048168
2026-03-15T12:29:30+00:00,121,0.0,1661.2,,45.26179,6.048168
2026-03-15T12:29:35+00:00,119,0.0,1661.2,,45.26179,6.048168
2026-03-15T12:29:41+00:00,119,0.0,1661.6,,45.26179,6.048168
2026-03-15T12:29:42+00:00,119,0.0,1661.6,,45.26179,6.048168
2026-03-15T12:29:45+00:00,122,0.0,1661.2,,45.26179,6.048168
2026-03-15T12:29:50+00:00,122,0.0,1661.4,,45.26179,6.048168
2026-03-15T12:29:56+00:00,121,0.0,1661.6,,45.26179,6.048168
2026-03-15T12:29:58+00:00,119,0.0,1661.4,,45.26179,6.048168
2026-03-15T12:30:00+00:00,116,0.0,1661.4,,45.26179,6.048168
2026-03-15T12:30:02+00:00,120,0.0,1661.4,,45.26179,6.048168
2026-03-15T12:30:08+00:00,117,0.0,1661.4,,45.26179,6.048168
2026-03-15T12:30:09+00:00,116,0.0,1661.4,,45.26179,6.048168
2026-03-15T12:30:13+00:00,113,0.0,1661.8,,45.26179,6.048168
2026-03-15T12:30:19+00:00,112,0.036000000000000004,1662.0,,45.26179,6.048168
2026-03-15T12:30:22+00:00,116,0.039599999999999996,1662.4,,45.26179,6.048168
2026-03-15T12:30:27+00:00,117,0.0,1662.2,,45.26179,6.048168
2026-03-15T12:30:30+00:00,120,0.0,1662.2,,45.26179,6.048168
2026-03-15T12:30:31+00:00,123,0.0,1662.2,,45.26179,6.048168
2026-03-15T12:30:32+00:00,126,0.0,1662.4,,45.26179,6.048168
2026-03-15T12:30:36+00:00,122,0.0,1662.6,,45.26179,6.048168
2026-03-15T12:30:38+00:00,120,0.18000000000000002,1662.2,,45.261794,6.048178
2026-03-15T12:30:44+00:00,119,0.13319999999999999,1662.2,,45.26179,6.048168
2026-03-15T12:30:46+00:00,119,0.0,1662.4,,45.26179,6.048168
2026-03-15T12:30:52+00:00,118,0.0,1662.4,,45.26179,6.048168
2026-03-15T12:30:54+00:00,117,0.0,1662.2,,45.26179,6.048168
2026-03-15T12:30:59+00:00,114,0.0,1662.4,,45.26179,6.048168
2026-03-15T12:31:02+00:00,113,0.0,1662.2,,45.26179,6.048168
2026-03-15T12:31:08+00:00,112,0.0,1662.2,,45.26179,6.048168
2026-03-15T12:31:11+00:00,112,0.0,1662.2,,45.26179,6.048168
2026-03-15T12:31:17+00:00,112,0.0,1662.4,,45.26179,6.048168
2026-03-15T12:31:21+00:00,111,0.0,1662.4,,45.26179,6.048168
2026-03-15T12:31:24+00:00,114,0.0,1662.4,,45.26179,6.048168
2026-03-15T12:31:26+00:00,118,0.432,1662.4,,45.26179,6.048168
2026-03-15T12:31:28+00:00,119,0.3096,1662.4,,45.26179,6.048168
2026-03-15T12:31:34+00:00,118,0.0,1662.2,,45.26179,6.048168
2026-03-15T12:31:35+00:00,115,0.0,1662.2,,45.26179,6.048168
2026-03-15T12:31:37+00:00,112,0.0,1662.2,,45.26179,6.048168
2026-03-15T12:31:41+00:00,109,0.0,1662.2,,45.26179,6.048168
2026-03-15T12:31:42+00:00,106,0.0,1662.2,,45.26179,6.048168
2026-03-15T12:31:44+00:00,102,0.0,1662.2,,45.26179,6.048168
2026-03-15T12:31:45+00:00,99,0.0,1662.2,,45.26179,6.048168
2026-03-15T12:31:46+00:00,96,0.0,1662.2,,45.26179,6.048168
2026-03-15T12:31:47+00:00,96,0.0,1662.2,,45.26179,6.048168
2026-03-15T12:31:53+00:00,95,0.0,1662.2,,45.26179,6.048168
2026-03-15T12:31:56+00:00,100,0.0,1662.2,,45.26179,6.048168
2026-03-15T12:32:02+00:00,100,0.0,1662.2,,45.26179,6.048168
2026-03-15T12:32:08+00:00,99,0.0,1662.0,,45.26179,6.048168
2026-03-15T12:32:14+00:00,96,0.0,1662.0,,45.26179,6.048168
2026-03-15T12:32:16+00:00,93,0.0,1662.0,,45.26179,6.048168
2026-03-15T12:32:17+00:00,96,0.0,1662.0,,45.26179,6.048168
2026-03-15T12:32:19+00:00,99,0.0,1662.0,,45.26179,6.048168
2026-03-15T12:32:24+00:00,99,0.0,1662.2,,45.26179,6.048168
2026-03-15T12:32:30+00:00,98,0.0,1662.4,,45.26179,6.048168
2026-03-15T12:32:36+00:00,98,0.1188,1662.2,,45.26179,6.048168
2026-03-15T12:32:42+00:00,97,0.1188,1662.0,,45.26179,6.048168
2026-03-15T12:32:48+00:00,98,0.0,1662.2,,45.26179,6.048168
2026-03-15T12:32:50+00:00,99,0.0,1662.2,,45.26179,6.048168
2026-03-15T12:32:55+00:00,103,0.0,1662.2,,45.26179,6.048168
2026-03-15T12:33:01+00:00,105,0.0,1662.2,,45.26179,6.048168
2026-03-15T12:33:03+00:00,108,0.0,1662.2,,45.26179,6.048168
2026-03-15T12:33:05+00:00,102,0.0,1662.2,,45.26179,6.048168
2026-03-15T12:33:06+00:00,96,0.0,1662.4,,45.26179,6.048168
2026-03-15T12:33:07+00:00,88,0.0,1662.4,,45.26179,6.048168
2026-03-15T12:33:08+00:00,81,0.0,1662.4,,45.26179,6.048168
2026-03-15T12:33:09+00:00,70,0.0,1662.4,,45.26179,6.048168
2026-03-15T12:33:10+00:00,60,0.0,1662.4,,45.26179,6.048168
2026-03-15T12:33:11+00:00,55,0.0,1662.2,,45.26179,6.048168
2026-03-15T12:33:12+00:00,50,0.0,1662.2,,45.26179,6.048168
2026-03-15T12:33:14+00:00,47,0.0,1662.2,,45.26179,6.048168
2026-03-15T12:33:16+00:00,44,0.0,1662.4,,45.26179,6.048168
2026-03-15T12:33:17+00:00,44,0.0,1662.4,,45.26179,6.048168
2026-03-15T12:33:23+00:00,43,0.0,1662.2,,45.26179,6.048168
2026-03-15T12:33:29+00:00,42,0.0,1662.2,,45.26179,6.048168
2026-03-15T12:33:35+00:00,44,0.0,1662.4,,45.26179,6.048168
2026-03-15T12:33:36+00:00,44,0.0,1662.4,,45.26179,6.048168
2026-03-15T12:33:42+00:00,48,0.0,1662.4,,45.26179,6.048168
2026-03-15T12:33:45+00:00,51,0.0,1662.4,,45.26179,6.048168
2026-03-15T12:33:51+00:00,53,0.0,1662.4,,45.26179,6.048168
2026-03-15T12:33:53+00:00,59,0.0,1662.4,,45.26179,6.048168
2026-03-15T12:33:54+00:00,62,0.0,1662.4,,45.26179,6.048168
2026-03-15T12:33:56+00:00,66,0.0,1662.4,,45.26179,6.048168
2026-03-15T12:33:57+00:00,71,0.0,1662.4,,45.26179,6.048168
2026-03-15T12:33:58+00:00,75,0.0,1662.4,,45.26179,6.048168
2026-03-15T12:33:59+00:00,78,0.0,1662.4,,45.26179,6.048168
2026-03-15T12:34:00+00:00,81,0.0,1662.4,,45.26179,6.048168
2026-03-15T12:34:01+00:00,85,0.0,1662.4,,45.26179,6.048168
2026-03-15T12:34:02+00:00,88,0.0,1662.4,,45.26179,6.048168
2026-03-15T12:34:04+00:00,91,0.0,1662.4,,45.26179,6.048168
2026-03-15T12:34:06+00:00,95,0.0,1662.4,,45.26179,6.048168
2026-03-15T12:34:08+00:00,98,0.0,1662.4,,45.26179,6.048168
2026-03-15T12:34:11+00:00,95,0.0,1662.4,,45.26179,6.048168
2026-03-15T12:34:16+00:00,94,0.0,1662.6,,45.26179,6.048168
2026-03-15T12:34:22+00:00,97,0.0,1662.6,,45.26179,6.048168
2026-03-15T12:34:27+00:00,100,0.0,1662.6,,45.26179,6.048168
2026-03-15T12:34:33+00:00,100,0.0,1662.6,,45.26179,6.048168
2026-03-15T12:34:39+00:00,100,0.0,1662.6,,45.26179,6.048168
2026-03-15T12:34:40+00:00,99,0.0,1662.6,,45.26179,6.048168
2026-03-15T12:34:46+00:00,98,0.0,1662.6,,45.26179,6.048168
2026-03-15T12:34:52+00:00,100,0.0,1662.8,,45.26179,6.048168
2026-03-15T12:34:54+00:00,105,0.0,1662.8,,45.26179,6.048168
2026-03-15T12:34:56+00:00,109,0.0,1662.8,,45.26179,6.048168
2026-03-15T12:34:58+00:00,110,0.0,1662.6,,45.26179,6.048168
2026-03-15T12:35:04+00:00,107,0.0,1662.8,,45.26179,6.048168
2026-03-15T12:35:05+00:00,108,0.0,1662.8,,45.26179,6.048168
2026-03-15T12:35:10+00:00,111,0.0,1662.8,,45.26179,6.048168
2026-03-15T12:35:15+00:00,108,0.0,1663.0,,45.26179,6.048168
2026-03-15T12:35:17+00:00,106,0.0,1662.8,,45.26179,6.048168
2026-03-15T12:35:23+00:00,105,0.0,1663.0,,45.26179,6.048168
2026-03-15T12:35:28+00:00,108,0.0,1662.8,,45.26179,6.048168
2026-03-15T12:35:29+00:00,108,0.0,1662.8,,45.26179,6.048168
2026-03-15T12:35:32+00:00,104,0.0,1663.0,,45.26179,6.048168
2026-03-15T12:35:33+00:00,101,0.0,1663.0,,45.26179,6.048168
2026-03-15T12:35:36+00:00,96,0.0,1662.8,,45.26179,6.048168
2026-03-15T12:35:37+00:00,93,0.0,1662.8,,45.26179,6.048168
2026-03-15T12:35:38+00:00,93,0.0,1663.0,,45.26179,6.048168
2026-03-15T12:35:40+00:00,96,0.0,1663.0,,45.26179,6.048168
2026-03-15T12:35:42+00:00,99,0.0,1663.0,,45.26179,6.048168
2026-03-15T12:35:45+00:00,96,0.0,1662.8,,45.26179,6.048168
2026-03-15T12:35:47+00:00,88,0.0,1662.8,,45.26179,6.048168
2026-03-15T12:35:48+00:00,85,0.0,1662.8,,45.26179,6.048168
2026-03-15T12:35:49+00:00,84,0.0,1662.8,,45.26179,6.048168
2026-03-15T12:35:51+00:00,89,0.0,1662.8,,45.26179,6.048168
2026-03-15T12:35:55+00:00,92,0.0,1663.0,,45.26179,6.048168
2026-03-15T12:35:58+00:00,95,0.0,1663.2,,45.26179,6.048168
2026-03-15T12:36:04+00:00,96,0.0,1663.2,,45.26179,6.048168
2026-03-15T12:36:10+00:00,97,0.0,1663.2,,45.26179,6.048168
2026-03-15T12:36:13+00:00,100,0.1188,1663.2,,45.26179,6.048168
2026-03-15T12:36:16+00:00,103,0.18000000000000002,1663.2,,45.26179,6.048168
2026-03-15T12:36:20+00:00,106,0.20520000000000002,1663.2,,45.261796,6.048173
2026-03-15T12:36:21+00:00,105,0.28800000000000003,1663.2,,45.261794,6.048175
2026-03-15T12:36:22+00:00,104,0.24120000000000003,1663.4,,45.261797,6.048172
2026-03-15T12:36:26+00:00,103,0.216,1663.6,,45.26179,6.048168
2026-03-15T12:36:31+00:00,103,0.2808,1663.4,,45.26179,6.048168
2026-03-15T12:36:34+00:00,106,0.18000000000000002,1663.2,,45.26179,6.048168
2026-03-15T12:36:37+00:00,108,0.0,1663.0,,45.26179,6.048168
2026-03-15T12:36:40+00:00,111,0.0,1662.8,,45.261795,6.048154
2026-03-15T12:36:41+00:00,112,0.1548,1662.8,,45.261798,6.04815
2026-03-15T12:36:47+00:00,113,0.2556,1663.0,,45.261799,6.04815
2026-03-15T12:36:49+00:00,114,0.09000000000000001,1663.0,,45.261801,6.048154
2026-03-15T12:36:51+00:00,117,0.5760000000000001,1663.0,,45.261811,6.048154
2026-03-15T12:36:56+00:00,120,1.2348000000000001,1663.2,,45.261817,6.048155
2026-03-15T12:36:59+00:00,123,0.45,1663.4,,45.261817,6.048155
2026-03-15T12:37:04+00:00,125,0.0,1663.4,,45.261817,6.048155
2026-03-15T12:37:10+00:00,123,0.0,1663.8,,45.261817,6.048155
2026-03-15T12:37:13+00:00,120,0.0,1663.6,,45.261817,6.048155
2026-03-15T12:37:14+00:00,120,0.036000000000000004,1663.6,,45.261822,6.048154
2026-03-15T12:37:18+00:00,119,6.048,1663.6,,45.261888,6.048097
2026-03-15T12:37:21+00:00,118,10.749600000000001,1662.8,,45.262003,6.048051
2026-03-15T12:37:22+00:00,117,12.103200000000001,1662.6,,45.262062,6.048056
2026-03-15T12:37:23+00:00,116,18.144000000000002,1662.0,,45.262122,6.048075
2026-03-15T12:37:24+00:00,114,19.378800000000002,1661.0,,45.262182,6.048118
2026-03-15T12:37:25+00:00,114,20.7252,1660.2,,45.262243,6.048177
2026-03-15T12:37:26+00:00,113,25.776,1659.0,,45.262301,6.048235
2026-03-15T12:37:27+00:00,114,27.144000000000002,1657.8,,45.262361,6.048295
2026-03-15T12:37:28+00:00,115,28.296000000000003,1656.6,,45.262424,6.048358
2026-03-15T12:37:29+00:00,116,29.16,1655.6,,45.262489,6.048418
2026-03-15T12:37:30+00:00,117,29.232,1654.8,,45.262551,6.048477
2026-03-15T12:37:32+00:00,117,30.6,1653.4,,45.262685,6.048587
2026-03-15T12:37:34+00:00,118,31.031999999999996,1651.8,,45.262833,6.048671
2026-03-15T12:37:35+00:00,119,31.248,1650.4,,45.262912,6.048701
2026-03-15T12:37:36+00:00,119,32.1588,1649.0,,45.262997,6.048717
2026-03-15T12:37:37+00:00,119,32.184,1647.6,,45.263085,6.048702
2026-03-15T12:37:38+00:00,120,32.5188,1646.0,,45.263173,6.048692
2026-03-15T12:37:39+00:00,119,33.048,1644.8,,45.263253,6.048707
2026-03-15T12:37:41+00:00,117,32.76,1643.2,,45.263402,6.048763
2026-03-15T12:37:42+00:00,117,32.04,1642.4,,45.263478,6.048764
2026-03-15T12:37:43+00:00,116,30.888,1641.8,,45.263553,6.048746
2026-03-15T12:37:44+00:00,116,30.384,1641.0,,45.263624,6.048715
2026-03-15T12:37:45+00:00,115,30.1788,1640.2,,45.263694,6.048676
2026-03-15T12:37:47+00:00,115,29.376,1638.6,,45.26382,6.048575
2026-03-15T12:37:48+00:00,115,29.376,1637.8,,45.263886,6.04852
2026-03-15T12:37:49+00:00,115,29.304000000000002,1637.0,,45.263953,6.048471
2026-03-15T12:37:50+00:00,115,29.304000000000002,1636.0,,45.26403,6.048445
2026-03-15T12:37:51+00:00,115,30.06,1635.0,,45.264109,6.048427
2026-03-15T12:37:52+00:00,112,30.024,1633.8,,45.264188,6.048439
2026-03-15T12:37:54+00:00,111,30.384,1632.6,,45.264331,6.048515
2026-03-15T12:37:55+00:00,110,30.096,1631.8,,45.264393,6.04856
2026-03-15T12:37:57+00:00,111,28.224,1631.0,,45.264517,6.048632
2026-03-15T12:37:59+00:00,110,24.984,1629.8,,45.26462,6.048681
2026-03-15T12:38:02+00:00,111,24.048,1628.4,,45.264806,6.048751
2026-03-15T12:38:05+00:00,113,24.66,1627.2,,45.264982,6.048832
2026-03-15T12:38:06+00:00,113,24.994799999999998,1627.0,,45.265045,6.048848
2026-03-15T12:38:08+00:00,114,24.12,1625.8,,45.265165,6.048864
2026-03-15T12:38:09+00:00,116,23.6556,1625.4,,45.265221,6.048859
2026-03-15T12:38:10+00:00,119,23.400000000000002,1625.4,,45.26528,6.048856
2026-03-15T12:38:11+00:00,119,23.256,1624.4,,45.265345,6.048844
2026-03-15T12:38:13+00:00,118,23.040000000000003,1623.6,,45.265457,6.048803
2026-03-15T12:38:14+00:00,120,23.328000000000003,1623.2,,45.265512,6.048781
2026-03-15T12:38:15+00:00,124,22.824,1622.8,,45.26556,6.048752
2026-03-15T12:38:16+00:00,124,22.608,1622.4,,45.265618,6.048728
2026-03-15T12:38:17+00:00,123,22.9788,1621.6,,45.265678,6.048701
2026-03-15T12:38:18+00:00,122,23.256,1620.8,,45.265744,6.048694
2026-03-15T12:38:19+00:00,121,23.904,1620.4,,45.265811,6.048692
2026-03-15T12:38:20+00:00,120,25.488,1619.8,,45.265883,6.048703
2026-03-15T12:38:21+00:00,120,27.072,1619.0,,45.265959,6.048716
2026-03-15T12:38:22+00:00,120,28.584000000000003,1618.2,,45.266043,6.04873
2026-03-15T12:38:23+00:00,120,30.672,1617.2,,45.266133,6.048746
2026-03-15T12:38:24+00:00,120,32.832,1615.8,,45.266224,6.048764
2026-03-15T12:38:25+00:00,121,34.2,1614.4,,45.266312,6.048782
2026-03-15T12:38:26+00:00,121,35.424,1613.0,,45.266401,6.048802
2026-03-15T12:38:27+00:00,120,36.072,1611.8,,45.266495,6.048817
2026-03-15T12:38:29+00:00,119,35.496,1610.0,,45.266671,6.048835
2026-03-15T12:38:30+00:00,119,35.064,1608.8,,45.266755,6.048838
2026-03-15T12:38:31+00:00,118,34.992000000000004,1607.6,,45.266843,6.048834
2026-03-15T12:38:32+00:00,119,34.56,1606.8,,45.266928,6.048841
2026-03-15T12:38:33+00:00,121,34.9812,1605.0,,45.267022,6.048867
2026-03-15T12:38:34+00:00,123,35.064,1604.0,,45.267105,6.048906
2026-03-15T12:38:35+00:00,123,35.928000000000004,1602.8,,45.267193,6.048946
2026-03-15T12:38:36+00:00,123,36.0,1601.4,,45.267278,6.048985
2026-03-15T12:38:37+00:00,124,37.296,1600.4,,45.267377,6.049021
2026-03-15T12:38:38+00:00,124,37.512,1599.2,,45.267473,6.049056
2026-03-15T12:38:39+00:00,124,38.304,1598.0,,45.267567,6.049089
2026-03-15T12:38:40+00:00,125,38.232,1596.6,,45.267662,6.049112
2026-03-15T12:38:41+00:00,125,38.88,1595.2,,45.267755,6.049135
2026-03-15T12:38:42+00:00,126,37.943999999999996,1594.0,,45.267846,6.04916
2026-03-15T12:38:43+00:00,127,37.224000000000004,1593.0,,45.267933,6.049183
2026-03-15T12:38:44+00:00,127,36.288000000000004,1591.6,,45.268018,6.0492
2026-03-15T12:38:46+00:00,125,36.072,1589.4,,45.268199,6.049262
2026-03-15T12:38:47+00:00,123,35.712,1587.8,,45.26828,6.049308
2026-03-15T12:38:48+00:00,120,35.64,1586.0,,45.268362,6.049359
2026-03-15T12:38:50+00:00,116,36.0,1584.6,,45.26852,6.049486
2026-03-15T12:38:51+00:00,116,34.992000000000004,1583.4,,45.268584,6.049552
2026-03-15T12:38:54+00:00,112,31.2012,1582.0,,45.268743,6.049736
2026-03-15T12:38:55+00:00,111,28.656,1581.8,,45.268795,6.049804
2026-03-15T12:38:56+00:00,111,27.720000000000002,1580.8,,45.268852,6.049873
2026-03-15T12:38:58+00:00,111,28.1844,1578.2,,45.268947,6.050032
2026-03-15T12:38:59+00:00,117,29.52,1576.6,,45.269005,6.050107
2026-03-15T12:39:00+00:00,130,30.743999999999996,1575.8,,45.269076,6.050181
2026-03-15T12:39:01+00:00,138,32.688,1574.8,,45.26915,6.050268
2026-03-15T12:39:02+00:00,138,34.74,1572.4,,45.269246,6.05036
2026-03-15T12:39:03+00:00,136,37.224000000000004,1569.8,,45.269335,6.050411
2026-03-15T12:39:04+00:00,133,38.304,1568.0,,45.269431,6.050417
2026-03-15T12:39:05+00:00,128,39.096,1566.4,,45.269528,6.050405
2026-03-15T12:39:06+00:00,122,40.464,1565.2,,45.269631,6.050384
2026-03-15T12:39:07+00:00,121,38.88,1563.8,,45.269727,6.050388
2026-03-15T12:39:09+00:00,120,39.168000000000006,1561.0,,45.269914,6.050437
2026-03-15T12:39:10+00:00,120,39.168000000000006,1559.4,,45.270013,6.050433
2026-03-15T12:39:11+00:00,120,39.096,1557.4,,45.270121,6.050442
2026-03-15T12:39:13+00:00,120,37.5012,1554.8,,45.270278,6.05052
2026-03-15T12:39:14+00:00,120,36.216,1553.2,,45.270315,6.050611
2026-03-15T12:39:15+00:00,122,34.344,1551.6,,45.27036,6.05069
2026-03-15T12:39:17+00:00,121,30.661199999999997,1550.4,,45.270477,6.0508
2026-03-15T12:39:18+00:00,121,30.312,1549.0,,45.270529,6.050902
2026-03-15T12:39:19+00:00,121,28.944,1547.4,,45.270529,6.050984
2026-03-15T12:39:20+00:00,120,27.432000000000002,1545.8,,45.270534,6.051059
2026-03-15T12:39:21+00:00,121,25.0812,1544.4,,45.270566,6.051087
2026-03-15T12:39:22+00:00,120,21.240000000000002,1543.0,,45.270591,6.051081
2026-03-15T12:39:23+00:00,121,15.192,1541.8,,45.270603,6.05108
2026-03-15T12:39:25+00:00,124,7.344,1541.0,,45.270604,6.051083
2026-03-15T12:39:26+00:00,125,4.680000000000001,1541.0,,45.2706,6.051077
2026-03-15T12:39:30+00:00,122,0.792,1541.0,,45.2706,6.051077
2026-03-15T12:39:35+00:00,119,0.4392,1541.2,,45.2706,6.051077
2026-03-15T12:39:36+00:00,119,0.0,1541.2,,45.2706,6.051077
2026-03-15T12:39:42+00:00,121,0.0,1541.0,,45.2706,6.051077
2026-03-15T12:39:44+00:00,121,0.0,1541.0,,45.270601,6.051079
2026-03-15T12:39:47+00:00,120,5.760000000000001,1540.6,,45.270652,6.051154
2026-03-15T12:39:48+00:00,121,7.2,1540.2,,45.270652,6.051207
2026-03-15T12:39:49+00:00,121,12.384,1538.8,,45.270669,6.051275
2026-03-15T12:39:50+00:00,121,13.798800000000002,1537.2,,45.270674,6.051349
2026-03-15T12:39:51+00:00,121,15.325199999999999,1535.2,,45.270687,6.051436
2026-03-15T12:39:52+00:00,121,21.6,1532.4,,45.27071,6.051526
2026-03-15T12:39:54+00:00,119,25.488,1527.8,,45.270661,6.051712
2026-03-15T12:39:55+00:00,119,26.928,1525.4,,45.270673,6.051814
2026-03-15T12:39:56+00:00,119,27.576,1522.2,,45.270724,6.051892
2026-03-15T12:39:57+00:00,119,29.808,1519.0,,45.270781,6.051966
2026-03-15T12:39:58+00:00,118,29.0988,1517.2,,45.2708,6.052056
2026-03-15T12:39:59+00:00,118,29.880000000000003,1514.8,,45.270835,6.052142
2026-03-15T12:40:00+00:00,118,30.384,1512.2,,45.270891,6.052221
2026-03-15T12:40:01+00:00,117,30.456000000000003,1509.2,,45.270922,6.052315
2026-03-15T12:40:02+00:00,117,30.6,1506.6,,45.270964,6.052407
2026-03-15T12:40:03+00:00,118,31.464000000000002,1504.6,,45.271033,6.052461
2026-03-15T12:40:04+00:00,119,32.328,1501.6,,45.271103,6.052527
2026-03-15T12:40:05+00:00,117,32.112,1500.0,,45.271143,6.052619
2026-03-15T12:40:06+00:00,118,32.976,1497.0,,45.271192,6.052714
2026-03-15T12:40:07+00:00,118,32.472,1494.4,,45.271255,6.052767
2026-03-15T12:40:08+00:00,119,32.25600000000001,1492.4,,45.271301,6.052848
2026-03-15T12:40:09+00:00,120,31.319999999999997,1490.6,,45.271338,6.05293
2026-03-15T12:40:10+00:00,120,31.752000000000002,1488.8,,45.271406,6.053002
2026-03-15T12:40:11+00:00,120,32.25600000000001,1486.6,,45.271484,6.053069
2026-03-15T12:40:12+00:00,120,31.464000000000002,1484.6,,45.271519,6.053151
2026-03-15T12:40:13+00:00,120,30.743999999999996,1482.8,,45.271515,6.053242
2026-03-15T12:40:14+00:00,120,30.312,1481.6,,45.271507,6.053334
2026-03-15T12:40:15+00:00,121,28.44,1479.8,,45.271502,6.053414
2026-03-15T12:40:16+00:00,120,26.064,1478.2,,45.271488,6.053496
2026-03-15T12:40:17+00:00,120,26.424,1476.2,,45.271499,6.053599
2026-03-15T12:40:18+00:00,120,25.416,1474.4,,45.271474,6.05367
2026-03-15T12:40:19+00:00,120,25.272,1471.8,,45.271456,6.053753
2026-03-15T12:40:20+00:00,120,26.208000000000002,1469.6,,45.271471,6.053852
2026-03-15T12:40:21+00:00,120,26.424,1467.0,,45.271479,6.053941
2026-03-15T12:40:22+00:00,120,24.840000000000003,1465.6,,45.271465,6.054013
2026-03-15T12:40:23+00:00,120,25.776,1464.2,,45.271423,6.054087
2026-03-15T12:40:24+00:00,120,25.344,1462.6,,45.271379,6.054135
2026-03-15T12:40:25+00:00,119,23.904,1461.4,,45.271364,6.054204
2026-03-15T12:40:26+00:00,119,24.984,1460.0,,45.27134,6.05431
2026-03-15T12:40:27+00:00,119,25.776,1458.0,,45.271302,6.054389
2026-03-15T12:40:28+00:00,119,26.712,1456.6,,45.271269,6.05449
2026-03-15T12:40:29+00:00,119,28.368,1454.6,,45.271266,6.054605
2026-03-15T12:40:30+00:00,118,30.528000000000002,1452.6,,45.2713,6.054708
2026-03-15T12:40:31+00:00,117,29.232,1451.6,,45.271357,6.054741
2026-03-15T12:40:33+00:00,116,26.784000000000002,1449.6,,45.271467,6.054739
2026-03-15T12:40:34+00:00,116,24.696,1449.2,,45.271517,6.05473
2026-03-15T12:40:38+00:00,117,14.832,1450.2,,45.271647,6.0547
2026-03-15T12:40:42+00:00,118,12.376800000000001,1450.4,,45.27176,6.054716
2026-03-15T12:40:44+00:00,119,9.9612,1450.6,,45.271799,6.054725
2026-03-15T12:40:46+00:00,120,8.01,1450.8,,45.271809,6.05473
2026-03-15T12:40:48+00:00,129,3.3588000000000005,1450.8,,45.271807,6.054728
2026-03-15T12:40:49+00:00,134,1.0080000000000002,1450.8,,45.271806,6.054729
2026-03-15T12:40:50+00:00,137,0.8388000000000001,1450.8,,45.271807,6.054728
2026-03-15T12:40:51+00:00,138,0.216,1450.6,,45.271801,6.054728
2026-03-15T12:40:55+00:00,140,2.088,1450.4,,45.271831,6.054738
2026-03-15T12:40:59+00:00,140,2.8800000000000003,1450.8,,45.271865,6.054746
2026-03-15T12:41:05+00:00,138,2.9160000000000004,1450.8,,45.271898,6.05476
2026-03-15T12:41:06+00:00,136,2.6244,1450.8,,45.271903,6.054758
2026-03-15T12:41:10+00:00,133,2.232,1450.6,,45.271925,6.054755
2026-03-15T12:41:11+00:00,132,1.8,1450.6,,45.271925,6.054752
2026-03-15T12:41:15+00:00,129,0.864,1451.0,,45.271933,6.054747
2026-03-15T12:41:17+00:00,128,1.1412,1451.0,,45.271934,6.054746
2026-03-15T12:41:21+00:00,124,0.4212,1450.8,,45.271936,6.054757
2026-03-15T12:41:23+00:00,128,0.061200000000000004,1450.8,,45.271938,6.054755
2026-03-15T12:41:24+00:00,131,0.3096,1450.8,,45.271938,6.054744
2026-03-15T12:41:26+00:00,135,1.872,1450.6,,45.271936,6.054721
2026-03-15T12:41:28+00:00,132,2.664,1450.6,,45.271932,6.054705
2026-03-15T12:41:29+00:00,130,2.3040000000000003,1450.8,,45.271936,6.05471
2026-03-15T12:41:35+00:00,127,0.0,1451.0,,45.271936,6.05471
2026-03-15T12:41:36+00:00,128,0.0,1451.0,,45.271936,6.05471
2026-03-15T12:41:42+00:00,126,0.0,1450.6,,45.271936,6.05471
2026-03-15T12:41:44+00:00,129,0.0,1450.6,,45.271936,6.05471
2026-03-15T12:41:45+00:00,134,0.0,1450.8,,45.271936,6.05471
2026-03-15T12:41:46+00:00,137,0.0,1450.8,,45.271936,6.05471
2026-03-15T12:41:52+00:00,138,0.0,1451.0,,45.271936,6.05471
2026-03-15T12:41:55+00:00,137,0.0,1451.0,,45.271936,6.05471
2026-03-15T12:42:01+00:00,135,0.0,1451.0,,45.271936,6.05471
2026-03-15T12:42:04+00:00,132,0.0,1451.0,,45.271936,6.05471
2026-03-15T12:42:06+00:00,129,0.0,1451.0,,45.271936,6.05471
2026-03-15T12:42:07+00:00,129,0.0,1451.0,,45.271936,6.05471
2026-03-15T12:42:10+00:00,126,0.0,1451.0,,45.271936,6.05471
2026-03-15T12:42:12+00:00,122,0.0,1451.0,,45.271936,6.05471
2026-03-15T12:42:13+00:00,119,0.0,1451.0,,45.271936,6.05471
2026-03-15T12:42:14+00:00,116,0.0,1451.0,,45.271936,6.05471
2026-03-15T12:42:17+00:00,113,0.0,1450.8,,45.271936,6.05471
2026-03-15T12:42:21+00:00,110,0.0,1450.8,,45.271936,6.05471
2026-03-15T12:42:24+00:00,108,0.0,1450.8,,45.271936,6.05471
2026-03-15T12:42:30+00:00,106,0.0,1450.8,,45.271936,6.05471
2026-03-15T12:42:36+00:00,105,0.0,1450.8,,45.271936,6.05471
2026-03-15T12:42:42+00:00,107,0.0,1450.8,,45.271936,6.05471
2026-03-15T12:42:48+00:00,108,0.0,1450.8,,45.271936,6.05471
2026-03-15T12:42:53+00:00,108,0.0,1451.0,,45.271936,6.05471
2026-03-15T12:42:57+00:00,104,0.0,1450.8,,45.271936,6.05471
2026-03-15T12:42:59+00:00,100,0.0,1451.0,,45.271936,6.05471
2026-03-15T12:43:01+00:00,93,0.0,1451.0,,45.271936,6.05471
2026-03-15T12:43:02+00:00,88,0.0,1451.0,,45.271936,6.05471
2026-03-15T12:43:04+00:00,87,0.0,1450.8,,45.271936,6.05471
2026-03-15T12:43:10+00:00,90,0.0,1450.8,,45.271936,6.05471
2026-03-15T12:43:13+00:00,93,0.0,1451.0,,45.271936,6.05471
2026-03-15T12:43:15+00:00,96,0.0,1451.0,,45.271936,6.05471
2026-03-15T12:43:19+00:00,93,0.0,1451.0,,45.271936,6.05471
2026-03-15T12:43:21+00:00,93,0.0,1451.0,,45.271936,6.05471
2026-03-15T12:43:25+00:00,96,0.0,1451.0,,45.271936,6.05471
2026-03-15T12:43:28+00:00,100,0.0,1451.0,,45.271936,6.05471
2026-03-15T12:43:30+00:00,103,0.0,1451.0,,45.271936,6.05471
2026-03-15T12:43:32+00:00,106,0.0,1451.0,,45.271936,6.05471
2026-03-15T12:43:34+00:00,108,0.0,1451.0,,45.271936,6.05471
2026-03-15T12:43:40+00:00,111,0.0,1451.0,,45.271936,6.05471
2026-03-15T12:43:46+00:00,110,0.0,1451.2,,45.271936,6.05471
2026-03-15T12:43:48+00:00,106,0.0,1451.0,,45.271936,6.05471
2026-03-15T12:43:49+00:00,103,0.0,1451.0,,45.271936,6.05471
2026-03-15T12:43:50+00:00,102,0.0,1451.0,,45.271936,6.05471
2026-03-15T12:43:52+00:00,99,0.0,1451.0,,45.271936,6.05471
2026-03-15T12:43:56+00:00,95,0.0,1451.2,,45.271936,6.05471
2026-03-15T12:44:01+00:00,99,0.0,1451.0,,45.271936,6.05471
2026-03-15T12:44:04+00:00,102,0.0,1451.0,,45.271936,6.05471
2026-03-15T12:44:07+00:00,104,0.7812,1451.2,,45.271936,6.05469
2026-03-15T12:44:10+00:00,107,2.16,1451.2,,45.27195,6.054698
2026-03-15T12:44:11+00:00,107,2.0556,1451.2,,45.271954,6.0547
2026-03-15T12:44:15+00:00,113,1.8,1451.2,,45.271974,6.054694
2026-03-15T12:44:18+00:00,112,2.4696000000000002,1451.2,,45.272,6.054694
2026-03-15T12:44:19+00:00,109,2.43,1451.2,,45.272004,6.054691
2026-03-15T12:44:22+00:00,106,1.6956,1451.2,,45.271999,6.054691
2026-03-15T12:44:25+00:00,105,0.8388000000000001,1451.0,,45.272012,6.054681
2026-03-15T12:44:27+00:00,102,1.368,1451.0,,45.272014,6.054678
2026-03-15T12:44:31+00:00,100,0.2988,1451.4,,45.272017,6.054676
2026-03-15T12:44:36+00:00,104,0.8784,1451.2,,45.272029,6.054661
2026-03-15T12:44:38+00:00,109,1.1304,1451.2,,45.272029,6.054661
2026-03-15T12:44:40+00:00,112,0.8784,1451.2,,45.272029,6.054661
2026-03-15T12:44:45+00:00,116,1.1304,1451.2,,45.272044,6.05464
2026-03-15T12:44:46+00:00,117,1.3212,1451.2,,45.272044,6.05464
2026-03-15T12:44:52+00:00,118,0.0,1451.2,,45.272044,6.05464
2026-03-15T12:44:56+00:00,120,0.0,1451.2,,45.272042,6.054639
2026-03-15T12:44:59+00:00,123,0.46440000000000003,1451.2,,45.272045,6.054626
2026-03-15T12:45:03+00:00,121,1.6452,1451.0,,45.272051,6.054594
2026-03-15T12:45:06+00:00,124,2.4156000000000004,1451.0,,45.272058,6.054565
2026-03-15T12:45:09+00:00,124,4.6188,1450.8,,45.272077,6.054498
2026-03-15T12:45:12+00:00,119,6.3,1450.6,,45.272096,6.054432
2026-03-15T12:45:13+00:00,118,6.48,1450.6,,45.272101,6.05441
2026-03-15T12:45:15+00:00,121,5.8788,1450.6,,45.272113,6.054381
2026-03-15T12:45:18+00:00,115,5.832000000000001,1451.8,,45.272133,6.054315
2026-03-15T12:45:19+00:00,111,6.48,1452.4,,45.272141,6.054281
2026-03-15T12:45:20+00:00,108,7.848000000000001,1453.4,,45.272148,6.054249
2026-03-15T12:45:21+00:00,108,7.38,1454.4,,45.272152,6.054233
2026-03-15T12:45:22+00:00,106,7.2,1455.4,,45.272154,6.054209
2026-03-15T12:45:23+00:00,107,7.776000000000001,1456.6,,45.272159,6.054178
2026-03-15T12:45:24+00:00,106,7.632000000000001,1457.6,,45.272162,6.054164
2026-03-15T12:45:25+00:00,100,6.192,1458.4,,45.272165,6.054155
2026-03-15T12:45:26+00:00,99,6.84,1459.2,,45.27217,6.054123
2026-03-15T12:57:39+00:00,109,0.0468,1885.0,,45.27528,6.041466
2026-03-15T12:57:40+00:00,107,0.0504,1882.8,,45.2753,6.04148
2026-03-15T12:57:42+00:00,104,0.07919999999999999,1881.4,,45.275318,6.041549
2026-03-15T12:57:43+00:00,104,0.0828,1880.4,,45.275317,6.041559
2026-03-15T12:57:44+00:00,105,6.84,1880.2,,45.275317,6.041563
2026-03-15T12:57:50+00:00,103,1.1304,1880.0,,45.275317,6.041563
2026-03-15T12:57:56+00:00,104,0.7488,1879.8,,45.275317,6.041563
2026-03-15T12:57:57+00:00,104,0.3096,1880.0,,45.275318,6.041563
2026-03-15T12:58:03+00:00,106,0.1548,1879.8,,45.275317,6.041563
2026-03-15T12:58:07+00:00,103,0.25200000000000006,1879.8,,45.275315,6.04156
2026-03-15T12:58:08+00:00,96,0.432,1880.0,,45.275317,6.041563
2026-03-15T12:58:09+00:00,87,0.36000000000000004,1880.0,,45.275317,6.041563
2026-03-15T12:58:10+00:00,84,0.3096,1879.8,,45.275315,6.041559
2026-03-15T12:58:14+00:00,84,3.168,1879.6,,45.275339,6.041611
2026-03-15T12:58:17+00:00,88,4.9356,1880.0,,45.275364,6.041673
2026-03-15T12:58:19+00:00,93,8.568,1879.6,,45.27538,6.041761
2026-03-15T12:58:20+00:00,96,8.8812,1878.6,,45.275363,6.041796
2026-03-15T12:58:21+00:00,99,10.285200000000001,1877.4,,45.27535,6.041863
2026-03-15T12:58:22+00:00,100,14.688,1876.0,,45.275316,6.04193
2026-03-15T12:58:23+00:00,101,14.821200000000001,1874.2,,45.275278,6.041942
2026-03-15T12:58:24+00:00,102,16.272,1873.4,,45.275231,6.041955
2026-03-15T12:58:26+00:00,101,18.648,1871.8,,45.275139,6.041969
2026-03-15T12:58:27+00:00,100,16.848,1872.0,,45.275111,6.041974
2026-03-15T12:58:28+00:00,100,14.832,1872.2,,45.275095,6.041967
2026-03-15T12:58:31+00:00,98,7.2,1872.0,,45.275055,6.041959
2026-03-15T12:58:34+00:00,104,5.58,1871.8,,45.275019,6.041941
2026-03-15T12:58:35+00:00,107,6.12,1871.8,,45.274996,6.041934
2026-03-15T12:58:36+00:00,110,6.48,1871.6,,45.274973,6.041923
2026-03-15T12:58:37+00:00,110,7.498800000000001,1871.4,,45.274946,6.041896
2026-03-15T12:58:39+00:00,109,13.032,1870.6,,45.274864,6.041837
2026-03-15T12:58:41+00:00,104,17.424,1869.4,,45.274767,6.041795
2026-03-15T12:58:42+00:00,105,18.720000000000002,1868.4,,45.274716,6.041797
2026-03-15T12:58:43+00:00,106,17.8812,1867.4,,45.27468,6.041785
2026-03-15T12:58:44+00:00,107,17.424,1867.0,,45.274641,6.041792
2026-03-15T12:58:46+00:00,106,16.56,1866.0,,45.274576,6.041874
2026-03-15T12:58:47+00:00,106,15.264000000000001,1865.8,,45.274557,6.041913
2026-03-15T12:58:48+00:00,107,15.840000000000002,1864.4,,45.274555,6.041976
2026-03-15T12:58:49+00:00,110,15.552000000000001,1862.4,,45.274567,6.042017
2026-03-15T12:58:51+00:00,110,10.296,1860.8,,45.274562,6.042035
2026-03-15T12:58:52+00:00,109,7.848000000000001,1860.6,,45.274554,6.042031
2026-03-15T12:58:53+00:00,110,4.680000000000001,1860.4,,45.274549,6.042027
2026-03-15T12:58:56+00:00,113,7.2,1860.2,,45.274529,6.042145
2026-03-15T12:58:57+00:00,114,9.72,1859.4,,45.274512,6.042188
2026-03-15T12:58:58+00:00,115,13.032,1858.2,,45.274512,6.042252
2026-03-15T12:58:59+00:00,115,13.4388,1856.4,,45.274502,6.042311
2026-03-15T12:59:01+00:00,115,16.344,1854.8,,45.274469,6.042415
2026-03-15T12:59:02+00:00,115,18.0,1853.8,,45.274447,6.042489
2026-03-15T12:59:03+00:00,115,18.648,1852.8,,45.274403,6.042545
2026-03-15T12:59:04+00:00,115,20.736,1851.4,,45.27434,6.042587
2026-03-15T12:59:05+00:00,116,21.7188,1849.8,,45.274271,6.042593
2026-03-15T12:59:07+00:00,116,24.48,1847.6,,45.274157,6.042592
2026-03-15T12:59:08+00:00,116,24.624,1846.6,,45.274101,6.042587
2026-03-15T12:59:10+00:00,116,22.968,1846.4,,45.273987,6.042563
2026-03-15T12:59:12+00:00,117,21.096,1846.0,,45.273896,6.042536
2026-03-15T12:59:13+00:00,114,20.304,1845.6,,45.273854,6.042532
2026-03-15T12:59:14+00:00,112,19.3212,1845.6,,45.273815,6.042529
2026-03-15T12:59:17+00:00,112,20.808,1844.8,,45.273625,6.042506
2026-03-15T12:59:18+00:00,112,24.12,1842.8,,45.273538,6.042491
2026-03-15T12:59:20+00:00,110,28.259999999999998,1839.4,,45.27337,6.042496
2026-03-15T12:59:21+00:00,109,29.16,1836.2,,45.27328,6.042506
2026-03-15T12:59:22+00:00,112,32.4,1833.8,,45.273221,6.042492
2026-03-15T12:59:23+00:00,115,29.736,1833.0,,45.273165,6.042506
2026-03-15T12:59:24+00:00,115,27.7812,1833.2,,45.27312,6.042524
2026-03-15T12:59:25+00:00,114,22.752000000000002,1833.4,,45.273092,6.042526
2026-03-15T12:59:26+00:00,114,17.352,1833.6,,45.273071,6.042527
2026-03-15T12:59:28+00:00,115,10.512,1833.8,,45.27306,6.042563
2026-03-15T12:59:29+00:00,113,8.352,1833.8,,45.273064,6.042589
2026-03-15T12:59:32+00:00,115,12.7188,1833.0,,45.273108,6.042776
2026-03-15T12:59:33+00:00,115,17.496000000000002,1831.6,,45.273141,6.042868
2026-03-15T12:59:34+00:00,115,21.6,1829.8,,45.273198,6.042934
2026-03-15T12:59:35+00:00,114,22.9788,1828.2,,45.273268,6.042991
2026-03-15T12:59:36+00:00,115,24.4296,1826.4,,45.273344,6.043056
2026-03-15T12:59:37+00:00,117,24.4296,1825.2,,45.273408,6.04315
2026-03-15T12:59:38+00:00,118,31.464000000000002,1823.4,,45.273417,6.043248
2026-03-15T12:59:39+00:00,116,30.456000000000003,1822.6,,45.273386,6.043323
2026-03-15T12:59:40+00:00,115,28.728,1821.8,,45.27337,6.043399
2026-03-15T12:59:41+00:00,114,27.0,1819.6,,45.273381,6.04349
2026-03-15T12:59:42+00:00,115,26.352,1818.4,,45.273409,6.043592
2026-03-15T12:59:43+00:00,115,27.432000000000002,1816.8,,45.27346,6.04369
2026-03-15T12:59:44+00:00,115,29.880000000000003,1815.6,,45.273531,6.043773
2026-03-15T12:59:45+00:00,115,32.76,1814.6,,45.273616,6.043831
2026-03-15T12:59:46+00:00,116,34.56,1813.6,,45.2737,6.043867
2026-03-15T12:59:48+00:00,119,34.344,1812.0,,45.273853,6.043928
2026-03-15T12:59:49+00:00,124,32.4,1811.2,,45.273915,6.043956
2026-03-15T12:59:50+00:00,126,30.168000000000003,1810.6,,45.273975,6.043989
2026-03-15T12:59:51+00:00,126,28.08,1810.2,,45.27402,6.044045
2026-03-15T12:59:53+00:00,124,26.496000000000002,1808.4,,45.274116,6.044201
2026-03-15T12:59:54+00:00,124,28.08,1806.2,,45.274184,6.044286
2026-03-15T12:59:55+00:00,123,29.376,1804.8,,45.274232,6.044373
2026-03-15T12:59:56+00:00,123,28.008000000000003,1803.2,,45.274246,6.044425
2026-03-15T12:59:57+00:00,123,25.6212,1802.2,,45.27424,6.044454
2026-03-15T12:59:58+00:00,122,21.6,1801.2,,45.274244,6.044508
2026-03-15T12:59:59+00:00,122,18.503999999999998,1801.0,,45.274255,6.04457
2026-03-15T13:00:01+00:00,121,18.072,1799.2,,45.274297,6.044727
2026-03-15T13:00:02+00:00,122,20.808,1798.0,,45.274337,6.044786
2026-03-15T13:00:03+00:00,122,23.328000000000003,1797.0,,45.274391,6.04485
2026-03-15T13:00:04+00:00,123,24.624,1795.4,,45.274426,6.04493
2026-03-15T13:00:05+00:00,122,23.4612,1793.6,,45.274419,6.044994
2026-03-15T13:00:07+00:00,122,19.008000000000003,1791.8,,45.274419,6.045064
2026-03-15T13:00:08+00:00,119,14.4,1791.4,,45.274432,6.045068
2026-03-15T13:00:10+00:00,114,6.12,1791.2,,45.274427,6.045068
2026-03-15T13:00:13+00:00,113,1.584,1791.2,,45.274411,6.04508
2026-03-15T13:00:15+00:00,113,7.128,1790.2,,45.274387,6.045175
2026-03-15T13:00:16+00:00,113,8.28,1789.6,,45.274395,6.045223
2026-03-15T13:00:17+00:00,113,8.1756,1788.2,,45.274397,6.045252
2026-03-15T13:00:18+00:00,113,11.952,1786.6,,45.274379,6.045277
2026-03-15T13:00:19+00:00,113,11.520000000000001,1785.6,,45.274355,6.045292
2026-03-15T13:00:20+00:00,113,11.016,1785.2,,45.274345,6.04534
2026-03-15T13:00:21+00:00,112,10.8,1784.6,,45.274358,6.045384
2026-03-15T13:00:23+00:00,110,10.872,1782.6,,45.27437,6.045433
2026-03-15T13:00:24+00:00,110,11.232000000000001,1781.4,,45.274342,6.045456
2026-03-15T13:00:26+00:00,110,10.296,1779.4,,45.274288,6.045486
2026-03-15T13:00:28+00:00,106,12.456,1777.6,,45.274305,6.045565
2026-03-15T13:00:29+00:00,105,12.744,1776.4,,45.274302,6.045613
2026-03-15T13:00:30+00:00,104,12.6,1775.2,,45.274283,6.045651
2026-03-15T13:00:31+00:00,104,14.04,1773.8,,45.274275,6.045712
2026-03-15T13:00:32+00:00,104,14.3388,1772.8,,45.274272,6.045769
2026-03-15T13:00:33+00:00,104,15.48,1772.2,,45.274248,6.045815
2026-03-15T13:00:34+00:00,104,17.28,1771.8,,45.274219,6.045882
2026-03-15T13:00:35+00:00,104,16.992,1770.6,,45.274218,6.045921
2026-03-15T13:00:38+00:00,107,15.984000000000002,1769.2,,45.274202,6.046078
2026-03-15T13:00:39+00:00,108,14.184,1768.4,,45.274211,6.046126
2026-03-15T13:00:40+00:00,108,14.688,1767.6,,45.274195,6.046174
2026-03-15T13:00:41+00:00,107,13.741200000000001,1766.4,,45.274172,6.046189
2026-03-15T13:00:42+00:00,107,12.2904,1765.0,,45.274164,6.046192
2026-03-15T13:00:44+00:00,106,6.984,1763.4,,45.274151,6.046201
2026-03-15T13:00:46+00:00,106,3.528,1762.6,,45.274142,6.046217
2026-03-15T13:00:47+00:00,106,4.680000000000001,1762.4,,45.274145,6.046247
2026-03-15T13:00:49+00:00,107,5.760000000000001,1760.8,,45.27414,6.046286
2026-03-15T13:00:50+00:00,107,6.3,1759.6,,45.274125,6.046317
2026-03-15T13:00:51+00:00,108,6.696000000000001,1758.2,,45.274126,6.046316
2026-03-15T13:00:52+00:00,109,4.896000000000001,1756.8,,45.274127,6.046319
2026-03-15T13:00:53+00:00,109,5.1588,1755.8,,45.274124,6.046325
2026-03-15T13:00:54+00:00,109,4.248,1755.2,,45.274107,6.046331
2026-03-15T13:00:55+00:00,109,4.32,1754.6,,45.274086,6.046346
2026-03-15T13:00:56+00:00,109,6.48,1754.6,,45.274089,6.046386
2026-03-15T13:00:58+00:00,108,9.0,1753.0,,45.274101,6.04644
2026-03-15T13:00:59+00:00,108,9.504000000000001,1752.0,,45.274078,6.046451
2026-03-15T13:01:00+00:00,108,9.648000000000001,1750.6,,45.274056,6.046473
2026-03-15T13:01:01+00:00,108,9.360000000000001,1749.8,,45.274058,6.046509
2026-03-15T13:01:02+00:00,109,10.08,1748.8,,45.27408,6.046554
2026-03-15T13:01:03+00:00,109,10.584,1747.8,,45.27407,6.046582
2026-03-15T13:01:04+00:00,109,10.224,1746.8,,45.274058,6.0466
2026-03-15T13:01:05+00:00,110,10.728,1745.8,,45.274061,6.046643
2026-03-15T13:01:06+00:00,110,10.872,1745.0,,45.27407,6.046679
2026-03-15T13:01:07+00:00,110,9.936,1744.0,,45.274056,6.04671
2026-03-15T13:01:08+00:00,110,11.376000000000001,1743.0,,45.274044,6.046758
2026-03-15T13:01:09+00:00,110,13.392000000000001,1741.8,,45.27405,6.046816
2026-03-15T13:01:10+00:00,111,13.895999999999999,1740.8,,45.274032,6.04687
2026-03-15T13:01:11+00:00,111,14.256,1739.8,,45.274002,6.046886
2026-03-15T13:01:13+00:00,112,13.895999999999999,1738.4,,45.273947,6.046915
2026-03-15T13:01:14+00:00,113,13.751999999999999,1737.8,,45.273933,6.046966
2026-03-15T13:01:15+00:00,113,12.6,1736.4,,45.273936,6.047001
2026-03-15T13:01:16+00:00,114,10.512,1735.6,,45.27394,6.047008
2026-03-15T13:01:17+00:00,114,8.758799999999999,1734.8,,45.273943,6.047008
2026-03-15T13:01:20+00:00,114,1.2240000000000002,1734.2,,45.273942,6.047008
2026-03-15T13:01:22+00:00,114,2.592,1733.8,,45.273962,6.047027
2026-03-15T13:01:23+00:00,114,2.6388,1733.6,,45.273963,6.047031
2026-03-15T13:01:26+00:00,113,3.9600000000000004,1732.6,,45.27398,6.047077
2026-03-15T13:01:27+00:00,112,5.472,1732.2,,45.273951,6.047114
2026-03-15T13:01:29+00:00,109,7.498800000000001,1730.2,,45.273903,6.047124
2026-03-15T13:01:30+00:00,102,7.0956,1729.2,,45.273892,6.047127
2026-03-15T13:01:31+00:00,90,7.488,1728.4,,45.273893,6.047135
2026-03-15T13:01:32+00:00,89,5.112,1728.0,,45.273894,6.047138
2026-03-15T13:01:34+00:00,93,4.680000000000001,1727.8,,45.273866,6.047176
2026-03-15T13:01:35+00:00,95,5.4,1727.2,,45.273857,6.047204
2026-03-15T13:01:37+00:00,98,9.216000000000001,1725.6,,45.273892,6.047256
2026-03-15T13:01:39+00:00,100,6.048,1724.0,,45.273892,6.047261
2026-03-15T13:01:40+00:00,101,7.056,1723.8,,45.273879,6.047313
2026-03-15T13:01:41+00:00,102,7.498800000000001,1722.2,,45.273855,6.047321
2026-03-15T13:01:43+00:00,104,7.081200000000001,1720.2,,45.273829,6.047349
2026-03-15T13:01:44+00:00,105,10.08,1718.6,,45.273843,6.047383
2026-03-15T13:01:46+00:00,109,8.64,1717.0,,45.273864,6.047435
2026-03-15T13:01:47+00:00,110,8.8812,1716.4,,45.273841,6.04746
2026-03-15T13:01:48+00:00,111,9.72,1715.4,,45.273823,6.047463
2026-03-15T13:01:50+00:00,112,7.081200000000001,1713.6,,45.273814,6.047474
2026-03-15T13:01:52+00:00,113,3.3120000000000003,1712.8,,45.273814,6.047475
2026-03-15T13:01:54+00:00,112,3.1788000000000003,1712.6,,45.273824,6.047515
2026-03-15T13:01:55+00:00,111,4.752000000000001,1712.4,,45.273841,6.047537
2026-03-15T13:01:56+00:00,111,5.1588,1712.0,,45.273855,6.047552
2026-03-15T13:01:58+00:00,111,7.5600000000000005,1711.0,,45.273853,6.047604
2026-03-15T13:01:59+00:00,112,8.496,1710.0,,45.27382,6.047621
2026-03-15T13:02:00+00:00,113,10.368,1708.6,,45.273774,6.047621
2026-03-15T13:02:01+00:00,115,9.72,1707.6,,45.273768,6.047627
2026-03-15T13:02:02+00:00,117,8.1,1707.0,,45.273787,6.047633
2026-03-15T13:02:03+00:00,120,8.424,1706.4,,45.273796,6.047635
2026-03-15T13:02:08+00:00,123,3.9600000000000004,1705.8,,45.273796,6.047675
2026-03-15T13:02:09+00:00,125,4.32,1705.2,,45.27381,6.04771
2026-03-15T13:02:10+00:00,126,5.7096,1704.6,,45.273826,6.047757
2026-03-15T13:02:11+00:00,127,5.49,1703.4,,45.273817,6.047768
2026-03-15T13:02:12+00:00,128,4.881600000000001,1701.8,,45.273816,6.047769
2026-03-15T13:02:16+00:00,126,1.368,1700.8,,45.273813,6.047777
2026-03-15T13:02:17+00:00,123,1.368,1700.8,,45.273813,6.047777
2026-03-15T13:02:20+00:00,120,1.08,1701.0,,45.273813,6.047777
2026-03-15T13:02:24+00:00,117,0.2556,1701.0,,45.273813,6.047777
2026-03-15T13:02:27+00:00,114,0.0,1700.8,,45.273813,6.047777
2026-03-15T13:02:28+00:00,114,0.0,1700.8,,45.273813,6.047777
2026-03-15T13:02:31+00:00,112,0.1044,1700.8,,45.273813,6.047777
2026-03-15T13:02:34+00:00,109,0.1188,1700.6,,45.273813,6.047777
2026-03-15T13:02:39+00:00,108,0.0,1700.2,,45.273813,6.047777
2026-03-15T13:02:42+00:00,107,0.0,1699.6,,45.273813,6.047777
2026-03-15T13:02:48+00:00,105,0.15839999999999999,1699.2,,45.273813,6.047777
2026-03-15T13:02:53+00:00,104,0.558,1699.6,,45.273798,6.047769
2026-03-15T13:02:58+00:00,104,1.26,1700.0,,45.273784,6.047785
2026-03-15T13:03:03+00:00,104,1.476,1699.8,,45.273766,6.047798
2026-03-15T13:03:07+00:00,103,1.0008000000000001,1699.6,,45.273763,6.0478
2026-03-15T13:03:13+00:00,101,0.216,1699.6,,45.273762,6.047799
2026-03-15T13:03:14+00:00,100,1.5948,1699.6,,45.273732,6.047804
2026-03-15T13:03:16+00:00,100,2.52,1699.2,,45.273717,6.047835
2026-03-15T13:03:17+00:00,100,2.988,1698.6,,45.273723,6.047858
2026-03-15T13:03:18+00:00,101,6.5520000000000005,1698.0,,45.273723,6.047866
2026-03-15T13:03:19+00:00,102,5.256,1697.2,,45.273714,6.047883
2026-03-15T13:03:20+00:00,103,5.338800000000001,1696.8,,45.273697,6.047882
2026-03-15T13:03:21+00:00,103,4.6080000000000005,1696.2,,45.273693,6.047891
2026-03-15T13:03:22+00:00,104,3.6,1695.6,,45.27369,6.047899
2026-03-15T13:03:25+00:00,103,2.736,1694.4,,45.27368,6.047908
2026-03-15T13:03:27+00:00,104,3.384,1694.0,,45.273657,6.04792
2026-03-15T13:03:28+00:00,103,4.0212,1693.8,,45.273658,6.047951
2026-03-15T13:03:29+00:00,104,6.0696,1693.2,,45.273691,6.047999
2026-03-15T13:03:30+00:00,105,10.8,1692.2,,45.273737,6.048049
2026-03-15T13:03:31+00:00,106,11.998800000000001,1691.4,,45.273768,6.048097
2026-03-15T13:03:32+00:00,106,14.4,1690.6,,45.273771,6.048125
2026-03-15T13:03:33+00:00,105,13.32,1689.8,,45.273759,6.048125
2026-03-15T13:03:35+00:00,108,11.376000000000001,1689.2,,45.273688,6.048127
2026-03-15T13:03:37+00:00,109,9.0,1688.2,,45.27366,6.048154
2026-03-15T13:03:39+00:00,110,10.0188,1686.6,,45.273622,6.048169
2026-03-15T13:03:41+00:00,111,5.4612,1686.2,,45.273627,6.048186
2026-03-15T13:03:45+00:00,112,1.9800000000000002,1685.4,,45.27364,6.048208
2026-03-15T13:03:46+00:00,111,3.24,1685.0,,45.273657,6.048214
2026-03-15T13:03:48+00:00,112,5.2956,1683.8,,45.273682,6.048274
2026-03-15T13:03:49+00:00,112,6.4368,1683.0,,45.273654,6.048301
2026-03-15T13:03:50+00:00,112,10.368,1681.8,,45.273629,6.048308
2026-03-15T13:03:51+00:00,112,9.576,1680.6,,45.273623,6.048302
2026-03-15T13:03:52+00:00,111,7.9812,1679.8,,45.273625,6.048297
2026-03-15T13:03:53+00:00,111,6.264,1679.2,,45.273612,6.048296
2026-03-15T13:03:55+00:00,110,4.5360000000000005,1679.0,,45.273589,6.048318
2026-03-15T13:03:56+00:00,110,5.688000000000001,1679.0,,45.27359,6.048349
2026-03-15T13:03:59+00:00,111,7.498800000000001,1677.4,,45.273619,6.048406
2026-03-15T13:04:00+00:00,111,6.768,1676.6,,45.273627,6.048418
2026-03-15T13:04:01+00:00,110,5.472,1676.2,,45.273631,6.048422
2026-03-15T13:04:02+00:00,110,5.5188,1675.8,,45.273633,6.048447
2026-03-15T13:04:03+00:00,110,6.0156,1675.0,,45.273606,6.048467
2026-03-15T13:04:05+00:00,111,7.056,1673.2,,45.273567,6.048468
2026-03-15T13:04:07+00:00,111,7.776000000000001,1672.0,,45.273539,6.048479
2026-03-15T13:04:08+00:00,111,7.128,1671.6,,45.273533,6.0485
2026-03-15T13:04:11+00:00,114,8.398800000000001,1670.4,,45.273569,6.048597
2026-03-15T13:04:12+00:00,114,11.808,1669.6,,45.273551,6.048673
2026-03-15T13:04:13+00:00,113,15.120000000000001,1668.2,,45.273511,6.04874
2026-03-15T13:04:14+00:00,112,15.840000000000002,1666.4,,45.273495,6.048792
2026-03-15T13:04:15+00:00,113,14.4,1665.2,,45.273497,6.048812
2026-03-15T13:04:17+00:00,116,9.936,1663.6,,45.273495,6.048819
2026-03-15T13:04:19+00:00,117,1.8,1663.6,,45.2735,6.048825
2026-03-15T13:04:21+00:00,116,2.5812,1663.6,,45.273507,6.048849
2026-03-15T13:04:23+00:00,116,6.7788,1662.8,,45.273564,6.048911
2026-03-15T13:04:24+00:00,114,9.144,1662.2,,45.273579,6.048918
2026-03-15T13:04:25+00:00,113,9.0,1661.4,,45.273578,6.048945
2026-03-15T13:04:26+00:00,111,9.936,1660.4,,45.273559,6.048964
2026-03-15T13:04:27+00:00,111,10.141200000000001,1659.2,,45.273538,6.048993
2026-03-15T13:04:28+00:00,110,9.0,1658.0,,45.273543,6.049036
2026-03-15T13:04:29+00:00,109,9.648000000000001,1656.8,,45.273562,6.049058
2026-03-15T13:04:30+00:00,108,10.728,1655.4,,45.27356,6.049093
2026-03-15T13:04:31+00:00,108,11.448,1654.0,,45.273532,6.049119
2026-03-15T13:04:32+00:00,107,11.735999999999999,1652.6,,45.273498,6.049126
2026-03-15T13:04:33+00:00,106,10.728,1651.2,,45.273483,6.049125
2026-03-15T13:04:35+00:00,108,8.856,1649.4,,45.273465,6.049135
2026-03-15T13:04:36+00:00,108,7.416,1648.8,,45.273458,6.049149
2026-03-15T13:04:38+00:00,106,7.344,1648.4,,45.273446,6.04921
2026-03-15T13:04:39+00:00,105,7.74,1647.8,,45.273462,6.049237
2026-03-15T13:04:41+00:00,104,10.152,1645.6,,45.273456,6.049307
2026-03-15T13:04:42+00:00,106,10.501199999999999,1643.8,,45.273423,6.049319
2026-03-15T13:04:43+00:00,108,10.512,1642.2,,45.273403,6.049316
2026-03-15T13:04:44+00:00,109,9.864,1641.0,,45.273384,6.049327
2026-03-15T13:04:45+00:00,107,11.041200000000002,1640.2,,45.273369,6.049362
2026-03-15T13:04:46+00:00,107,11.088000000000001,1639.0,,45.273382,6.049401
2026-03-15T13:04:47+00:00,106,10.008,1638.0,,45.273396,6.04942
2026-03-15T13:04:48+00:00,106,9.864,1637.2,,45.273409,6.049444
2026-03-15T13:04:49+00:00,106,10.224,1636.0,,45.273392,6.049472
2026-03-15T13:04:50+00:00,107,10.296,1634.6,,45.273362,6.049475
2026-03-15T13:04:51+00:00,109,9.504000000000001,1633.2,,45.273344,6.049478
2026-03-15T13:04:53+00:00,111,8.352,1631.4,,45.273322,6.049482
2026-03-15T13:04:54+00:00,111,7.416,1630.8,,45.273312,6.049483
2026-03-15T13:04:56+00:00,112,4.5360000000000005,1630.6,,45.273301,6.049494
2026-03-15T13:04:57+00:00,112,4.5611999999999995,1630.4,,45.273286,6.049494
2026-03-15T13:04:58+00:00,112,3.744,1630.0,,45.273291,6.049493
2026-03-15T13:04:59+00:00,110,3.024,1629.6,,45.27329,6.049495
2026-03-15T13:05:00+00:00,110,3.3588000000000005,1629.2,,45.273291,6.049506
2026-03-15T13:05:01+00:00,111,3.528,1628.8,,45.27329,6.049534
2026-03-15T13:05:02+00:00,111,5.5440000000000005,1628.6,,45.273309,6.049588
2026-03-15T13:05:03+00:00,110,8.784,1627.4,,45.273336,6.049634
2026-03-15T13:05:04+00:00,108,11.016,1626.2,,45.273359,6.049649
2026-03-15T13:05:05+00:00,105,12.168,1625.0,,45.273379,6.049657
2026-03-15T13:05:06+00:00,103,11.808,1623.8,,45.273391,6.049675
2026-03-15T13:05:08+00:00,99,7.416,1623.2,,45.273376,6.049703
2026-03-15T13:05:09+00:00,98,7.416,1622.8,,45.273347,6.049716
2026-03-15T13:05:11+00:00,96,9.216000000000001,1620.6,,45.273293,6.049715
2026-03-15T13:05:12+00:00,96,8.5212,1619.6,,45.273282,6.049729
2026-03-15T13:05:13+00:00,96,9.936,1618.4,,45.27329,6.049757
2026-03-15T13:05:14+00:00,96,9.504000000000001,1617.0,,45.273303,6.049785
2026-03-15T13:05:16+00:00,98,8.424,1615.2,,45.273327,6.049831
2026-03-15T13:05:18+00:00,97,7.056,1614.4,,45.273338,6.049844
2026-03-15T13:05:19+00:00,97,5.760000000000001,1613.8,,45.273332,6.049855
2026-03-15T13:05:21+00:00,97,5.6160000000000005,1612.8,,45.273286,6.049871
2026-03-15T13:05:23+00:00,97,8.28,1610.8,,45.27326,6.049917
2026-03-15T13:05:24+00:00,97,9.648000000000001,1609.4,,45.273272,6.049946
2026-03-15T13:05:25+00:00,97,9.9612,1608.0,,45.27328,6.04997
2026-03-15T13:05:26+00:00,98,9.216000000000001,1606.8,,45.273264,6.049985
2026-03-15T13:05:27+00:00,98,9.0612,1605.8,,45.27324,6.049989
2026-03-15T13:05:28+00:00,99,8.208,1604.6,,45.273226,6.049996
2026-03-15T13:05:29+00:00,99,7.848000000000001,1603.6,,45.273219,6.050026
2026-03-15T13:05:30+00:00,99,8.856,1602.6,,45.273235,6.050055
2026-03-15T13:05:31+00:00,98,8.424,1602.2,,45.273239,6.050068
2026-03-15T13:05:32+00:00,99,7.488,1601.2,,45.273237,6.050085
2026-03-15T13:05:34+00:00,98,8.784,1599.2,,45.273183,6.050108
2026-03-15T13:05:35+00:00,99,7.704000000000001,1598.2,,45.273167,6.050115
2026-03-15T13:05:36+00:00,99,8.28,1597.6,,45.273162,6.050138
2026-03-15T13:05:37+00:00,99,9.216000000000001,1596.6,,45.273175,6.050164
2026-03-15T13:05:39+00:00,99,7.992000000000001,1595.2,,45.273197,6.0502
2026-03-15T13:05:40+00:00,100,7.632000000000001,1594.6,,45.273193,6.050222
2026-03-15T13:05:41+00:00,101,8.28,1593.6,,45.27317,6.050246
2026-03-15T13:05:42+00:00,101,7.776000000000001,1592.4,,45.273156,6.050255
2026-03-15T13:05:43+00:00,102,8.0388,1591.4,,45.273147,6.05029
2026-03-15T13:05:44+00:00,104,8.568,1590.4,,45.273163,6.050311
2026-03-15T13:05:45+00:00,105,9.504000000000001,1589.4,,45.273178,6.050338
2026-03-15T13:05:46+00:00,106,9.072000000000001,1588.6,,45.273156,6.050361
2026-03-15T13:05:47+00:00,105,10.008,1587.8,,45.273127,6.050367
2026-03-15T13:05:49+00:00,106,9.288,1586.4,,45.273093,6.050359
2026-03-15T13:05:50+00:00,106,8.136,1585.8,,45.273083,6.05036
2026-03-15T13:05:51+00:00,106,6.696000000000001,1585.2,,45.273081,6.050367
2026-03-15T13:05:52+00:00,108,6.192,1585.0,,45.273083,6.050401
2026-03-15T13:05:53+00:00,110,6.84,1584.6,,45.273091,6.050435
2026-03-15T13:05:54+00:00,110,5.832000000000001,1583.8,,45.27309,6.05044
2026-03-15T13:05:56+00:00,109,4.6080000000000005,1582.8,,45.273092,6.050441
2026-03-15T13:05:58+00:00,110,2.8800000000000003,1581.6,,45.273089,6.050477
2026-03-15T13:06:00+00:00,110,4.4388000000000005,1581.0,,45.273061,6.050489
2026-03-15T13:06:01+00:00,110,5.256,1580.4,,45.27305,6.050486
2026-03-15T13:06:03+00:00,108,5.112,1579.4,,45.273038,6.050521
2026-03-15T13:06:05+00:00,106,5.976,1578.4,,45.273051,6.050576
2026-03-15T13:06:06+00:00,105,6.5520000000000005,1578.0,,45.273062,6.050589
2026-03-15T13:06:08+00:00,103,6.336,1576.8,,45.273081,6.050606
2026-03-15T13:06:10+00:00,102,5.328,1576.0,,45.273078,6.050652
2026-03-15T13:06:11+00:00,102,4.680000000000001,1575.4,,45.273069,6.050653
2026-03-15T13:06:13+00:00,103,6.192,1574.4,,45.273026,6.050652
2026-03-15T13:06:14+00:00,102,7.02,1573.6,,45.272997,6.050672
2026-03-15T13:06:15+00:00,104,8.568,1572.8,,45.272998,6.050714
2026-03-15T13:06:16+00:00,107,10.008,1572.2,,45.273003,6.050745
2026-03-15T13:06:17+00:00,105,8.9388,1571.6,,45.273009,6.050755
2026-03-15T13:06:19+00:00,105,8.64,1569.8,,45.273012,6.050817
2026-03-15T13:06:20+00:00,107,8.784,1568.6,,45.272988,6.050839
2026-03-15T13:06:21+00:00,108,10.008,1567.4,,45.272975,6.050893
2026-03-15T13:06:22+00:00,108,12.96,1566.2,,45.27299,6.050957
2026-03-15T13:06:23+00:00,107,13.2012,1565.0,,45.273002,6.051009
2026-03-15T13:06:24+00:00,106,15.768,1563.4,,45.27297,6.051062
2026-03-15T13:06:25+00:00,107,17.856,1561.8,,45.272917,6.051069
2026-03-15T13:06:26+00:00,108,16.632,1560.2,,45.272899,6.051049
2026-03-15T13:06:27+00:00,109,13.536,1559.2,,45.272894,6.051038
2026-03-15T13:06:29+00:00,110,7.5600000000000005,1557.8,,45.272899,6.051047
2026-03-15T13:06:30+00:00,110,4.824000000000001,1557.8,,45.272898,6.051062
2026-03-15T13:06:36+00:00,110,1.8504,1557.6,,45.272897,6.051064
2026-03-15T13:06:39+00:00,109,0.1188,1557.8,,45.272897,6.051064
2026-03-15T13:06:43+00:00,107,3.1896,1557.6,,45.272892,6.051145
2026-03-15T13:06:45+00:00,110,3.9600000000000004,1557.0,,45.272895,6.051139
2026-03-15T13:06:46+00:00,111,3.9096,1556.6,,45.272882,6.05115
2026-03-15T13:06:47+00:00,112,4.86,1556.6,,45.27285,6.051163
2026-03-15T13:06:49+00:00,113,9.4788,1555.2,,45.272747,6.051161
2026-03-15T13:06:50+00:00,114,14.688,1554.0,,45.272702,6.051163
2026-03-15T13:06:51+00:00,114,17.928,1552.8,,45.272654,6.051145
2026-03-15T13:06:53+00:00,114,17.1612,1551.2,,45.27259,6.051135
2026-03-15T13:06:56+00:00,115,8.64,1550.2,,45.272559,6.051125
2026-03-15T13:06:57+00:00,114,7.2,1550.0,,45.272559,6.051125
2026-03-15T13:07:03+00:00,114,0.2556,1549.8,,45.272559,6.051125
2026-03-15T13:07:07+00:00,116,1.4040000000000001,1549.8,,45.272536,6.051158
2026-03-15T13:07:09+00:00,117,8.46,1548.0,,45.272468,6.051263
2026-03-15T13:07:10+00:00,116,10.749600000000001,1546.4,,45.272421,6.051321
2026-03-15T13:07:11+00:00,116,12.870000000000001,1544.2,,45.272404,6.05142
2026-03-15T13:07:12+00:00,116,12.870000000000001,1542.0,,45.272416,6.051523
2026-03-15T13:07:13+00:00,108,25.02,1540.0,,45.272451,6.051625
2026-03-15T13:07:14+00:00,99,27.144000000000002,1538.2,,45.272458,6.051718
2026-03-15T13:07:15+00:00,96,29.376,1535.4,,45.272426,6.051813
2026-03-15T13:07:16+00:00,93,28.296000000000003,1532.8,,45.272369,6.051852
2026-03-15T13:07:17+00:00,92,26.712,1530.6,,45.272317,6.051848
2026-03-15T13:07:18+00:00,92,22.176000000000002,1529.2,,45.272299,6.051832
2026-03-15T13:07:19+00:00,91,18.864,1528.6,,45.272282,6.051818
2026-03-15T13:07:24+00:00,90,3.3012,1528.6,,45.272279,6.051821
2026-03-15T13:07:27+00:00,93,4.23,1528.4,,45.27223,6.051848
2026-03-15T13:07:28+00:00,95,4.759200000000001,1528.0,,45.272213,6.051864
2026-03-15T13:07:30+00:00,99,9.0,1526.8,,45.272158,6.051909
2026-03-15T13:07:31+00:00,102,10.08,1526.2,,45.272119,6.051934
2026-03-15T13:07:32+00:00,103,13.536,1524.8,,45.272074,6.051953
2026-03-15T13:07:33+00:00,105,15.912,1523.6,,45.272018,6.051968
2026-03-15T13:07:34+00:00,107,18.2988,1522.8,,45.271938,6.051988
2026-03-15T13:07:35+00:00,107,22.896,1521.2,,45.271873,6.052012
2026-03-15T13:07:36+00:00,107,22.608,1519.8,,45.271868,6.052066
2026-03-15T13:07:38+00:00,107,20.592,1518.2,,45.271924,6.052145
2026-03-15T13:07:39+00:00,107,19.008000000000003,1517.0,,45.271967,6.052201
2026-03-15T13:07:40+00:00,107,17.928,1515.8,,45.271981,6.05226
2026-03-15T13:07:41+00:00,107,17.856,1515.0,,45.271973,6.052318
2026-03-15T13:07:42+00:00,108,17.64,1514.4,,45.271971,6.052377
2026-03-15T13:07:43+00:00,108,18.503999999999998,1513.6,,45.271995,6.052427
2026-03-15T13:07:44+00:00,109,17.568,1512.8,,45.272027,6.052477
2026-03-15T13:07:45+00:00,109,17.64,1512.0,,45.272042,6.052545
2026-03-15T13:07:46+00:00,110,18.864,1511.2,,45.27207,6.052606
2026-03-15T13:07:47+00:00,111,19.224,1510.2,,45.272115,6.052639
2026-03-15T13:07:48+00:00,111,20.088,1508.8,,45.272146,6.052702
2026-03-15T13:07:49+00:00,111,19.728,1507.8,,45.272158,6.052758
2026-03-15T13:07:50+00:00,112,19.872,1506.8,,45.272187,6.052815
2026-03-15T13:07:51+00:00,112,19.224,1505.8,,45.272233,6.052835
2026-03-15T13:07:52+00:00,113,19.368,1504.6,,45.272282,6.052862
2026-03-15T13:07:53+00:00,117,19.152,1503.8,,45.272312,6.05292
2026-03-15T13:07:54+00:00,121,19.224,1502.8,,45.272325,6.052979
2026-03-15T13:07:55+00:00,124,19.008000000000003,1501.8,,45.272352,6.053026
2026-03-15T13:07:56+00:00,126,18.144000000000002,1500.8,,45.272389,6.053042
2026-03-15T13:07:57+00:00,127,17.712,1500.2,,45.272419,6.05309
2026-03-15T13:07:58+00:00,127,14.904,1499.6,,45.272428,6.053102
2026-03-15T13:07:59+00:00,127,11.735999999999999,1499.0,,45.272432,6.053101
2026-03-15T13:08:00+00:00,124,8.064000000000002,1498.4,,45.272433,6.053095
2026-03-15T13:08:03+00:00,121,0.936,1497.8,,45.272433,6.053096
2026-03-15T13:08:05+00:00,117,0.36000000000000004,1498.0,,45.272432,6.0531
2026-03-15T13:08:07+00:00,114,1.5948,1498.0,,45.272442,6.053129
2026-03-15T13:08:12+00:00,110,1.4400000000000002,1497.4,,45.27244,6.053134
2026-03-15T13:08:13+00:00,106,0.1188,1497.4,,45.27244,6.053134
2026-03-15T13:08:14+00:00,102,0.1044,1497.4,,45.27244,6.053134
2026-03-15T13:08:15+00:00,98,0.09000000000000001,1497.4,,45.27244,6.053134
2026-03-15T13:08:17+00:00,95,0.0,1497.4,,45.27244,6.053134
2026-03-15T13:08:19+00:00,113,0.0,1497.4,,45.27244,6.053134
2026-03-15T13:08:20+00:00,142,0.07200000000000001,1497.4,,45.272442,6.053131
2026-03-15T13:08:21+00:00,156,2.2788,1497.4,,45.272414,6.053164
2026-03-15T13:08:22+00:00,162,7.632000000000001,1496.8,,45.272363,6.053225
2026-03-15T13:08:23+00:00,165,12.6612,1496.2,,45.272279,6.0533
2026-03-15T13:08:24+00:00,165,12.6612,1495.6,,45.272191,6.053367
2026-03-15T13:08:25+00:00,165,12.6612,1490.0,,45.272099,6.053442
2026-03-15T13:08:26+00:00,164,12.6612,1485.6,,45.272004,6.0535
2026-03-15T13:08:27+00:00,162,35.568000000000005,1481.0,,45.271957,6.053536
2026-03-15T13:08:28+00:00,158,30.456000000000003,1479.2,,45.271951,6.053532
2026-03-15T13:08:29+00:00,156,22.824,1478.0,,45.27196,6.053523
2026-03-15T13:08:31+00:00,152,7.056,1477.6,,45.271962,6.053526
2026-03-15T13:08:33+00:00,148,2.3040000000000003,1477.4,,45.27197,6.053532
2026-03-15T13:08:35+00:00,145,2.52,1477.2,,45.27196,6.053524
2026-03-15T13:08:37+00:00,142,2.52,1477.0,,45.27196,6.053524
2026-03-15T13:08:38+00:00,141,0.7200000000000001,1477.0,,45.27196,6.053524
2026-03-15T13:08:39+00:00,140,0.6012000000000001,1477.0,,45.271972,6.053534
2026-03-15T13:08:42+00:00,137,0.648,1477.2,,45.271964,6.053539
2026-03-15T13:08:46+00:00,134,2.4156000000000004,1477.6,,45.271939,6.053573
2026-03-15T13:08:48+00:00,130,7.081200000000001,1477.2,,45.271868,6.053602
2026-03-15T13:08:49+00:00,129,8.434800000000001,1476.8,,45.271827,6.053614
2026-03-15T13:08:51+00:00,127,16.416,1475.8,,45.271734,6.053661
2026-03-15T13:08:52+00:00,127,17.28,1474.2,,45.271683,6.053694
2026-03-15T13:08:53+00:00,126,20.376,1473.0,,45.271637,6.05376
2026-03-15T13:08:54+00:00,125,23.184,1471.6,,45.271607,6.053862
2026-03-15T13:08:55+00:00,124,24.1812,1469.6,,45.271555,6.053947
2026-03-15T13:08:56+00:00,124,26.856,1468.2,,45.271492,6.053986
2026-03-15T13:08:57+00:00,123,27.648,1466.6,,45.271427,6.054016
2026-03-15T13:08:58+00:00,122,28.8,1465.0,,45.271379,6.054075
2026-03-15T13:08:59+00:00,120,27.432000000000002,1463.2,,45.271357,6.054157
2026-03-15T13:09:00+00:00,117,25.776,1461.8,,45.271321,6.054217
2026-03-15T13:09:01+00:00,116,25.488,1460.8,,45.271277,6.054282
2026-03-15T13:09:02+00:00,116,26.064,1459.4,,45.271241,6.054376
2026-03-15T13:09:03+00:00,116,27.720000000000002,1457.8,,45.271195,6.054482
2026-03-15T13:09:04+00:00,117,29.664,1456.0,,45.271136,6.054572
2026-03-15T13:09:05+00:00,117,32.688,1454.6,,45.271083,6.054681
2026-03-15T13:09:06+00:00,117,33.912,1452.6,,45.271032,6.054773
2026-03-15T13:09:07+00:00,117,32.904,1451.0,,45.270976,6.054802
2026-03-15T13:09:08+00:00,116,29.664,1449.8,,45.270932,6.054793
2026-03-15T13:09:10+00:00,119,22.104,1448.8,,45.270848,6.054789
2026-03-15T13:09:12+00:00,123,16.2,1448.8,,45.270799,6.054845
2026-03-15T13:09:13+00:00,123,13.464,1448.8,,45.270796,6.05487
2026-03-15T13:09:17+00:00,123,3.6,1449.2,,45.270804,6.054893
2026-03-15T13:09:21+00:00,120,1.08,1449.2,,45.270809,6.054889
2026-03-15T13:09:22+00:00,120,0.5040000000000001,1449.2,,45.27081,6.05489
2026-03-15T13:09:26+00:00,115,0.14400000000000002,1448.8,,45.27081,6.05489
2026-03-15T13:09:29+00:00,113,0.0,1448.8,,45.27081,6.05489
2026-03-15T13:09:33+00:00,110,0.0,1448.8,,45.27081,6.05489
2026-03-15T13:09:37+00:00,113,0.0,1448.8,,45.27081,6.05489
2026-03-15T13:09:38+00:00,121,0.0,1448.8,,45.27081,6.05489
2026-03-15T13:09:40+00:00,123,0.0,1448.8,,45.27081,6.05489
2026-03-15T13:09:44+00:00,128,0.0,1448.8,,45.27081,6.05489
2026-03-15T13:09:45+00:00,139,0.0,1448.8,,45.27081,6.05489
2026-03-15T13:09:46+00:00,146,0.0,1448.8,,45.27081,6.05489
2026-03-15T13:09:47+00:00,149,0.0,1448.8,,45.27081,6.05489
2026-03-15T13:09:48+00:00,149,0.0432,1449.0,,45.270809,6.054885
2026-03-15T13:09:50+00:00,149,0.432,1449.0,,45.27081,6.05489
2026-03-15T13:09:56+00:00,148,0.36000000000000004,1449.2,,45.27081,6.05489
2026-03-15T13:09:57+00:00,147,0.1548,1449.2,,45.27081,6.05489
2026-03-15T13:10:03+00:00,144,0.0,1449.2,,45.27081,6.05489
2026-03-15T13:10:06+00:00,145,0.0,1449.0,,45.27081,6.05489
2026-03-15T13:10:12+00:00,145,0.0,1449.2,,45.27081,6.05489
2026-03-15T13:10:17+00:00,149,0.0,1449.2,,45.27081,6.05489
2026-03-15T13:10:20+00:00,151,0.0,1449.4,,45.27081,6.05489
2026-03-15T13:10:26+00:00,150,0.0,1449.4,,45.27081,6.05489
2026-03-15T13:10:27+00:00,150,0.0,1449.4,,45.27081,6.05489
2026-03-15T13:10:33+00:00,148,0.20520000000000002,1449.6,,45.27081,6.05489
2026-03-15T13:10:39+00:00,148,0.1188,1449.2,,45.27081,6.05489
2026-03-15T13:10:41+00:00,147,0.0,1449.2,,45.27081,6.05489
2026-03-15T13:10:47+00:00,144,0.0,1449.0,,45.27081,6.05489
2026-03-15T13:10:48+00:00,143,0.0,1449.0,,45.27081,6.05489
2026-03-15T13:10:50+00:00,140,0.0,1448.8,,45.27081,6.05489
2026-03-15T13:10:52+00:00,137,0.0,1448.8,,45.27081,6.05489
2026-03-15T13:10:57+00:00,134,0.0,1449.0,,45.27081,6.05489
2026-03-15T13:11:03+00:00,132,0.0,1449.2,,45.27081,6.05489
2026-03-15T13:11:04+00:00,132,0.0,1449.2,,45.27081,6.05489
2026-03-15T13:11:10+00:00,132,0.0,1448.8,,45.27081,6.05489
2026-03-15T13:11:13+00:00,130,0.0,1449.0,,45.27081,6.05489
2026-03-15T13:11:17+00:00,127,0.0,1449.4,,45.27081,6.05489
2026-03-15T13:11:23+00:00,126,0.0,1449.6,,45.27081,6.05489
2026-03-15T13:11:29+00:00,126,0.0,1449.6,,45.27081,6.05489
2026-03-15T13:11:32+00:00,127,0.0,1449.6,,45.27081,6.05489
2026-03-15T13:11:34+00:00,130,0.0,1449.6,,45.27081,6.05489
2026-03-15T13:11:36+00:00,131,0.0,1449.8,,45.27081,6.05489
2026-03-15T13:11:41+00:00,132,0.0,1449.6,,45.27081,6.05489
2026-03-15T13:11:47+00:00,129,0.0,1449.8,,45.27081,6.05489
2026-03-15T13:11:49+00:00,126,0.0,1449.6,,45.27081,6.05489
2026-03-15T13:11:54+00:00,123,0.0,1449.6,,45.27081,6.05489
2026-03-15T13:11:55+00:00,120,0.0,1449.6,,45.27081,6.05489
2026-03-15T13:11:56+00:00,115,0.0,1449.6,,45.27081,6.05489
2026-03-15T13:11:58+00:00,112,0.0,1449.6,,45.27081,6.05489
2026-03-15T13:11:59+00:00,112,0.0,1449.6,,45.27081,6.05489
2026-03-15T13:12:05+00:00,110,0.0,1449.6,,45.27081,6.05489
2026-03-15T13:12:09+00:00,113,0.0,1449.8,,45.27081,6.05489
2026-03-15T13:12:11+00:00,113,0.0,1449.8,,45.27081,6.05489
2026-03-15T13:12:14+00:00,116,0.0,1449.6,,45.27081,6.05489
2026-03-15T13:12:20+00:00,117,0.0,1449.6,,45.27081,6.05489
2026-03-15T13:12:21+00:00,117,0.0,1449.6,,45.27081,6.05489
2026-03-15T13:12:27+00:00,118,0.0,1449.6,,45.27081,6.05489
2026-03-15T13:12:32+00:00,118,0.0,1449.6,,45.27081,6.05489
2026-03-15T13:12:35+00:00,121,0.0,1449.6,,45.27081,6.05489
2026-03-15T13:12:41+00:00,124,0.0,1449.6,,45.27081,6.05489
2026-03-15T13:12:45+00:00,121,0.036000000000000004,1449.4,,45.27081,6.05489
2026-03-15T13:12:47+00:00,119,0.061200000000000004,1449.4,,45.27081,6.05489
2026-03-15T13:12:52+00:00,116,0.0,1449.4,,45.27081,6.05489
2026-03-15T13:12:58+00:00,115,0.0,1449.4,,45.27081,6.05489
2026-03-15T13:13:01+00:00,115,0.0,1449.4,,45.27081,6.05489
2026-03-15T13:13:04+00:00,112,0.0,1449.4,,45.27081,6.05489
2026-03-15T13:13:06+00:00,108,0.0,1449.4,,45.27081,6.05489
2026-03-15T13:13:12+00:00,110,0.0,1449.6,,45.27081,6.05489
2026-03-15T13:13:17+00:00,110,0.0,1449.4,,45.27081,6.05489
2026-03-15T13:13:23+00:00,108,0.0,1449.6,,45.27081,6.05489
2026-03-15T13:13:26+00:00,105,0.0,1449.6,,45.27081,6.05489
2026-03-15T13:13:27+00:00,103,0.0,1449.6,,45.27081,6.05489
2026-03-15T13:13:29+00:00,99,0.0,1449.6,,45.27081,6.05489
2026-03-15T13:13:31+00:00,103,0.0,1449.6,,45.27081,6.05489
2026-03-15T13:13:35+00:00,103,0.0,1449.4,,45.27081,6.05489
2026-03-15T13:13:39+00:00,106,0.0,1448.8,,45.27081,6.05489
2026-03-15T13:13:40+00:00,109,0.0,1448.8,,45.27081,6.05489
2026-03-15T13:13:41+00:00,113,0.0,1448.8,,45.27081,6.05489
2026-03-15T13:13:42+00:00,116,0.0,1449.0,,45.27081,6.05489
2026-03-15T13:13:44+00:00,117,0.0,1449.2,,45.27081,6.05489
2026-03-15T13:13:46+00:00,120,0.0,1449.2,,45.27081,6.05489
2026-03-15T13:13:49+00:00,123,0.0,1449.0,,45.27081,6.05489
2026-03-15T13:13:54+00:00,124,0.9468000000000001,1449.4,,45.270815,6.054894
2026-03-15T13:13:57+00:00,121,1.3068,1449.6,,45.270826,6.054898
2026-03-15T13:13:58+00:00,121,1.4400000000000002,1449.6,,45.270826,6.054885
2026-03-15T13:14:01+00:00,124,2.8296,1449.6,,45.270859,6.054864
2026-03-15T13:14:02+00:00,126,4.680000000000001,1449.6,,45.270873,6.05485
2026-03-15T13:14:03+00:00,128,4.968,1449.6,,45.270886,6.054852
2026-03-15T13:14:06+00:00,130,6.408,1449.6,,45.270941,6.054842
2026-03-15T13:14:10+00:00,131,6.994800000000001,1449.8,,45.27101,6.054845
2026-03-15T13:14:12+00:00,134,5.9399999999999995,1449.8,,45.271033,6.054855
2026-03-15T13:14:15+00:00,137,7.2,1449.8,,45.2711,6.054876
2026-03-15T13:14:19+00:00,140,6.7356,1449.6,,45.271147,6.054907
2026-03-15T13:14:20+00:00,140,3.8880000000000003,1449.6,,45.271143,6.05491
2026-03-15T13:14:26+00:00,137,0.0,1449.8,,45.271143,6.05491
2026-03-15T13:14:29+00:00,135,0.0,1449.6,,45.271143,6.05491
2026-03-15T13:14:31+00:00,132,0.0,1449.6,,45.271143,6.05491
2026-03-15T13:14:37+00:00,130,0.0,1449.6,,45.271143,6.05491
2026-03-15T13:14:43+00:00,130,0.0,1449.8,,45.271143,6.05491
2026-03-15T13:14:44+00:00,129,0.0,1449.8,,45.271143,6.05491
2026-03-15T13:14:50+00:00,129,0.1548,1449.8,,45.271143,6.05491
2026-03-15T13:14:52+00:00,128,0.1368,1449.6,,45.271143,6.05491
2026-03-15T13:14:58+00:00,129,0.0,1449.6,,45.271143,6.05491
2026-03-15T13:15:01+00:00,129,0.0,1449.6,,45.271143,6.05491
2026-03-15T13:15:07+00:00,131,0.0,1449.6,,45.271143,6.05491
2026-03-15T13:15:13+00:00,131,0.0,1449.6,,45.271143,6.05491
2026-03-15T13:15:16+00:00,134,0.0,1449.4,,45.271143,6.05491
2026-03-15T13:15:22+00:00,136,0.0,1449.6,,45.271143,6.05491
2026-03-15T13:15:26+00:00,133,0.0,1449.6,,45.271143,6.05491
2026-03-15T13:15:28+00:00,132,0.0,1449.6,,45.271143,6.05491
2026-03-15T13:15:34+00:00,132,0.0,1449.4,,45.271143,6.05491
2026-03-15T13:15:36+00:00,132,0.0,1449.6,,45.271143,6.05491
2026-03-15T13:15:42+00:00,133,0.0,1449.4,,45.271143,6.05491
2026-03-15T13:15:45+00:00,133,0.0,1449.6,,45.271143,6.05491
2026-03-15T13:15:51+00:00,133,0.0,1449.4,,45.271143,6.05491
2026-03-15T13:15:57+00:00,132,0.0,1449.4,,45.271143,6.05491
2026-03-15T13:16:00+00:00,131,0.0,1449.6,,45.271143,6.05491
2026-03-15T13:16:05+00:00,121,0.0,1449.6,,45.271143,6.05491
2026-03-15T13:16:06+00:00,112,0.0,1449.6,,45.271143,6.05491
2026-03-15T13:16:07+00:00,109,0.0,1449.6,,45.271143,6.05491
2026-03-15T13:16:09+00:00,106,0.0,1449.6,,45.271143,6.05491
2026-03-15T13:16:15+00:00,106,0.0,1449.4,,45.271143,6.05491
2026-03-15T13:16:18+00:00,106,0.0,1449.4,,45.271143,6.05491
2026-03-15T13:16:24+00:00,109,0.0,1449.4,,45.271143,6.05491
2026-03-15T13:16:25+00:00,112,0.1044,1449.6,,45.271145,6.054905
2026-03-15T13:16:27+00:00,115,0.24120000000000003,1449.6,,45.27114,6.054902
2026-03-15T13:16:28+00:00,115,0.432,1449.6,,45.271134,6.054902
2026-03-15T13:16:30+00:00,118,1.296,1449.6,,45.271126,6.054911
2026-03-15T13:16:34+00:00,116,0.9612,1449.6,,45.271123,6.05492
2026-03-15T13:16:38+00:00,113,0.36000000000000004,1449.4,,45.271123,6.05492
2026-03-15T13:16:44+00:00,114,0.0,1449.4,,45.271123,6.05492
2026-03-15T13:16:50+00:00,116,0.0,1449.4,,45.271123,6.05492
2026-03-15T13:16:55+00:00,115,0.0,1449.6,,45.271123,6.05492
2026-03-15T13:17:01+00:00,115,0.0,1449.4,,45.271123,6.05492
2026-03-15T13:17:04+00:00,114,0.0,1449.6,,45.271123,6.05492
2026-03-15T13:17:08+00:00,111,0.0,1449.6,,45.271123,6.05492
2026-03-15T13:17:13+00:00,109,0.0,1449.4,,45.271123,6.05492
2026-03-15T13:17:19+00:00,109,0.0,1449.6,,45.271123,6.05492
2026-03-15T13:17:25+00:00,108,0.0,1449.6,,45.271123,6.05492
2026-03-15T13:17:31+00:00,106,0.0,1449.6,,45.271123,6.05492
2026-03-15T13:17:35+00:00,106,0.0,1449.6,,45.271123,6.05492
2026-03-15T13:17:41+00:00,106,0.0,1449.6,,45.271123,6.05492
2026-03-15T13:17:44+00:00,105,0.0,1449.8,,45.271123,6.05492
2026-03-15T13:17:50+00:00,105,0.0,1449.6,,45.271123,6.05492
2026-03-15T13:17:56+00:00,104,0.0,1449.6,,45.271123,6.05492
2026-03-15T13:18:02+00:00,106,0.0,1449.6,,45.271123,6.05492
2026-03-15T13:18:06+00:00,105,0.0,1449.6,,45.271136,6.054926
2026-03-15T13:18:12+00:00,105,0.0,1449.4,,45.271136,6.054926
2026-03-15T13:18:15+00:00,105,0.0,1449.6,,45.271136,6.054926
2026-03-15T13:18:21+00:00,105,0.0,1449.6,,45.271136,6.054926
2026-03-15T13:18:23+00:00,105,0.0,1449.6,,45.271136,6.054926
2026-03-15T13:18:27+00:00,102,0.0,1449.6,,45.271136,6.054926
2026-03-15T13:18:29+00:00,99,0.0,1449.6,,45.271136,6.054926
2026-03-15T13:18:33+00:00,102,0.0,1449.6,,45.271136,6.054926
2026-03-15T13:18:37+00:00,104,0.0,1449.8,,45.271136,6.054926
2026-03-15T13:18:43+00:00,106,0.0,1449.6,,45.271136,6.054926
2026-03-15T13:18:49+00:00,105,0.0,1449.8,,45.271136,6.054926
2026-03-15T13:18:53+00:00,104,0.036000000000000004,1449.8,,45.271136,6.054926
2026-03-15T13:18:59+00:00,104,0.036000000000000004,1449.8,,45.271136,6.054926
2026-03-15T13:19:05+00:00,103,0.0,1449.8,,45.271136,6.054926
2026-03-15T13:19:07+00:00,103,0.0,1449.8,,45.271136,6.054926
2026-03-15T13:19:13+00:00,101,0.0,1449.8,,45.271136,6.054926
2026-03-15T13:19:14+00:00,98,0.0,1449.8,,45.271136,6.054926
2026-03-15T13:19:15+00:00,91,0.0,1449.8,,45.271136,6.054926
2026-03-15T13:19:21+00:00,89,0.0,1449.8,,45.271136,6.054926
2026-03-15T13:19:27+00:00,89,0.0,1449.8,,45.271136,6.054926
2026-03-15T13:19:29+00:00,90,0.0,1449.8,,45.271136,6.054926
2026-03-15T13:19:35+00:00,91,0.0,1449.8,,45.271136,6.054926
2026-03-15T13:19:41+00:00,94,0.0,1449.8,,45.271136,6.054926
2026-03-15T13:19:44+00:00,99,0.0,1449.8,,45.271136,6.054926
2026-03-15T13:19:50+00:00,101,0.0,1449.8,,45.271136,6.054926
2026-03-15T13:19:56+00:00,100,0.0,1449.8,,45.271136,6.054926
2026-03-15T13:20:02+00:00,100,0.0,1449.8,,45.271136,6.054926
2026-03-15T13:20:08+00:00,102,0.0,1449.8,,45.271136,6.054926
2026-03-15T13:20:14+00:00,103,0.0,1449.8,,45.271136,6.054926
2026-03-15T13:20:19+00:00,102,0.0,1449.8,,45.271136,6.054926
2026-03-15T13:20:25+00:00,102,0.0,1449.8,,45.271136,6.054926
2026-03-15T13:20:29+00:00,102,0.5040000000000001,1449.8,,45.27115,6.054933
2026-03-15T13:20:35+00:00,100,0.5040000000000001,1449.8,,45.27115,6.054933
2026-03-15T13:20:40+00:00,104,0.0,1449.8,,45.27115,6.054933
2026-03-15T13:20:43+00:00,107,0.0,1449.8,,45.27115,6.054933
2026-03-15T13:20:49+00:00,104,0.0,1449.6,,45.27115,6.054933
2026-03-15T13:20:54+00:00,104,0.0,1450.0,,45.27115,6.054933
2026-03-15T13:21:00+00:00,104,0.0,1449.8,,45.27115,6.054933
2026-03-15T13:21:04+00:00,103,0.0,1449.8,,45.27115,6.054933
2026-03-15T13:21:10+00:00,102,0.0,1449.6,,45.27115,6.054933
2026-03-15T13:21:12+00:00,103,0.0,1449.6,,45.27115,6.054933
2026-03-15T13:21:15+00:00,99,0.0,1449.8,,45.27115,6.054933
2026-03-15T13:21:17+00:00,94,0.0,1449.8,,45.27115,6.054933
2026-03-15T13:21:18+00:00,94,0.0,1449.8,,45.27115,6.054933
2026-03-15T13:21:20+00:00,100,0.0,1449.8,,45.27115,6.054933
2026-03-15T13:21:21+00:00,103,0.0,1449.8,,45.27115,6.054933
2026-03-15T13:21:25+00:00,97,0.0,1449.8,,45.27115,6.054933
2026-03-15T13:21:26+00:00,94,0.0,1449.8,,45.27115,6.054933
2026-03-15T13:21:28+00:00,90,0.0,1449.6,,45.27115,6.054933
2026-03-15T13:21:31+00:00,94,0.0,1449.6,,45.27115,6.054933
2026-03-15T13:21:32+00:00,97,0.0,1449.8,,45.27115,6.054933
2026-03-15T13:21:33+00:00,100,0.0,1449.8,,45.27115,6.054933
2026-03-15T13:21:35+00:00,104,0.0,1449.6,,45.27115,6.054933
2026-03-15T13:21:40+00:00,106,0.0,1449.8,,45.27115,6.054933
2026-03-15T13:21:46+00:00,107,0.0,1449.8,,45.27115,6.054933
2026-03-15T13:21:52+00:00,107,0.061200000000000004,1449.8,,45.271153,6.054933
2026-03-15T13:21:58+00:00,105,2.7288,1450.4,,45.271233,6.054943
2026-03-15T13:22:02+00:00,103,7.092,1450.6,,45.271333,6.054906
2026-03-15T13:22:04+00:00,105,9.6012,1450.8,,45.271372,6.054873
2026-03-15T13:22:05+00:00,106,9.9252,1450.8,,45.271398,6.054846
2026-03-15T13:22:09+00:00,109,10.08,1451.2,,45.271484,6.054795
2026-03-15T13:22:12+00:00,112,9.615599999999999,1451.6,,45.271552,6.054752
2026-03-15T13:22:15+00:00,114,9.9612,1452.0,,45.271629,6.054718
2026-03-15T13:22:19+00:00,113,9.8748,1452.2,,45.271726,6.054709
2026-03-15T13:22:23+00:00,113,9.09,1453.0,,45.271813,6.054709
2026-03-15T13:22:24+00:00,113,8.352,1453.0,,45.271832,6.05472
2026-03-15T13:22:26+00:00,115,7.5096,1453.0,,45.271861,6.054721
2026-03-15T13:22:29+00:00,116,5.472,1453.0,,45.271902,6.054707
2026-03-15T13:22:31+00:00,116,5.6160000000000005,1453.0,,45.271931,6.054698
2026-03-15T13:22:35+00:00,117,5.2812,1453.0,,45.271985,6.054699
2026-03-15T13:22:40+00:00,120,3.9204,1452.8,,45.272022,6.054674
2026-03-15T13:22:41+00:00,119,2.5812,1452.6,,45.272022,6.054679
2026-03-15T13:22:45+00:00,117,2.52,1452.6,,45.272042,6.054647
2026-03-15T13:22:50+00:00,115,2.0412,1452.6,,45.272054,6.054643
2026-03-15T13:22:56+00:00,113,0.558,1452.4,,45.272054,6.054643
2026-03-15T13:22:58+00:00,110,0.0,1452.6,,45.272054,6.054643
2026-03-15T13:23:02+00:00,107,0.0,1452.6,,45.272054,6.054643
2026-03-15T13:23:05+00:00,110,0.0,1452.6,,45.272054,6.054643
2026-03-15T13:23:08+00:00,110,0.0,1452.4,,45.272054,6.054643
2026-03-15T13:23:14+00:00,113,0.0,1452.6,,45.272054,6.054643
2026-03-15T13:23:20+00:00,114,0.0,1452.4,,45.272054,6.054643
2026-03-15T13:23:25+00:00,114,0.0,1452.6,,45.272054,6.054643
2026-03-15T13:23:31+00:00,112,0.0,1452.6,,45.272054,6.054643
2026-03-15T13:23:37+00:00,111,0.0,1452.4,,45.272054,6.054643
2026-03-15T13:23:39+00:00,114,0.0,1452.4,,45.272054,6.054643
2026-03-15T13:23:44+00:00,111,0.0,1452.4,,45.272054,6.054643
2026-03-15T13:23:45+00:00,107,0.0,1452.4,,45.272054,6.054643
2026-03-15T13:23:48+00:00,103,0.0,1452.4,,45.272054,6.054643
2026-03-15T13:23:51+00:00,100,0.0,1452.4,,45.272054,6.054643
2026-03-15T13:23:52+00:00,97,0.0,1452.4,,45.272054,6.054643
2026-03-15T13:23:53+00:00,94,0.0,1452.4,,45.272054,6.054643
2026-03-15T13:23:55+00:00,91,0.0,1452.4,,45.272054,6.054643
2026-03-15T13:23:57+00:00,90,0.0,1452.4,,45.272054,6.054643
2026-03-15T13:24:02+00:00,86,0.0,1452.4,,45.272052,6.054645
2026-03-15T13:24:05+00:00,87,0.4032,1452.4,,45.272054,6.054643
2026-03-15T13:24:10+00:00,87,1.9800000000000002,1452.2,,45.272061,6.054593
2026-03-15T13:24:16+00:00,89,2.3904,1452.4,,45.272072,6.054549
2026-03-15T13:24:19+00:00,93,2.5992,1452.2,,45.272091,6.05452
2026-03-15T13:24:20+00:00,96,3.42,1452.0,,45.272096,6.054498
2026-03-15T13:24:21+00:00,106,5.472,1451.8,,45.272101,6.054464
2026-03-15T13:24:22+00:00,110,5.58,1451.6,,45.272106,6.054437
2026-03-15T13:24:24+00:00,113,7.416,1451.4,,45.272113,6.05439
2026-03-15T13:24:25+00:00,115,6.048,1451.4,,45.272116,6.054376
2026-03-15T13:24:29+00:00,114,6.12,1452.8,,45.272134,6.054282
2026-03-15T13:24:30+00:00,115,7.2,1453.8,,45.272141,6.054248
2026-03-15T13:24:31+00:00,116,7.081200000000001,1455.0,,45.272148,6.054228
2026-03-15T13:24:32+00:00,116,6.6852,1456.2,,45.272153,6.054215
2026-03-15T13:24:33+00:00,116,6.793200000000001,1457.0,,45.272159,6.054195
2026-03-15T13:24:34+00:00,114,7.704000000000001,1458.0,,45.272168,6.054159
2026-03-15T13:24:35+00:00,106,6.984,1459.0,,45.272173,6.054143
2026-03-15T13:40:34+00:00,102,0.0468,1924.4,,45.273054,6.037166
2026-03-15T13:40:35+00:00,102,0.057600000000000005,1924.0,,45.273055,6.037111
2026-03-15T13:40:38+00:00,105,0.1116,1922.8,,45.27306,6.036918
2026-03-15T13:40:39+00:00,109,0.1116,1922.2,,45.273064,6.036849
2026-03-15T13:40:40+00:00,112,0.1116,1921.8,,45.273067,6.036772
2026-03-15T13:40:41+00:00,113,19.1412,1921.2,,45.273071,6.036694
2026-03-15T13:40:43+00:00,113,21.96,1920.2,,45.273081,6.03652
2026-03-15T13:40:45+00:00,109,24.984,1918.6,,45.273083,6.036321
2026-03-15T13:40:46+00:00,108,25.416,1917.6,,45.273093,6.036234
2026-03-15T13:40:47+00:00,107,25.38,1916.6,,45.273098,6.036143
2026-03-15T13:40:48+00:00,106,25.416,1915.6,,45.273095,6.036067
2026-03-15T13:40:49+00:00,106,24.9012,1914.8,,45.273106,6.035989
2026-03-15T13:40:50+00:00,106,22.608,1914.0,,45.273104,6.03592
2026-03-15T13:40:51+00:00,106,21.384,1913.4,,45.273111,6.035856
2026-03-15T13:40:52+00:00,105,20.808,1912.8,,45.273107,6.035775
2026-03-15T13:40:53+00:00,104,20.232,1912.4,,45.273102,6.035713
2026-03-15T13:40:54+00:00,103,19.872,1911.8,,45.273108,6.035636
2026-03-15T13:40:55+00:00,102,21.096,1911.0,,45.27311,6.035544
2026-03-15T13:40:56+00:00,101,23.112000000000002,1910.4,,45.273101,6.035445
2026-03-15T13:40:57+00:00,101,23.976000000000003,1909.8,,45.273087,6.03535
2026-03-15T13:40:58+00:00,101,25.488,1909.0,,45.273068,6.035261
2026-03-15T13:40:59+00:00,100,26.496000000000002,1907.8,,45.273048,6.03517
2026-03-15T13:41:01+00:00,100,26.64,1905.8,,45.273031,6.034979
2026-03-15T13:41:02+00:00,100,25.848,1905.0,,45.273049,6.034898
2026-03-15T13:41:03+00:00,100,25.2,1904.0,,45.273041,6.034822
2026-03-15T13:41:05+00:00,100,23.4612,1903.0,,45.272998,6.034686
2026-03-15T13:41:07+00:00,100,22.464000000000002,1901.8,,45.272983,6.034518
2026-03-15T13:41:08+00:00,100,21.888,1901.2,,45.272962,6.034453
2026-03-15T13:41:09+00:00,100,21.6612,1900.6,,45.272953,6.034377
2026-03-15T13:41:11+00:00,100,23.1012,1899.2,,45.272925,6.034202
2026-03-15T13:41:12+00:00,100,22.896,1898.8,,45.272901,6.034125
2026-03-15T13:41:14+00:00,101,24.336,1897.6,,45.272837,6.033977
2026-03-15T13:41:16+00:00,101,23.976000000000003,1896.6,,45.272748,6.033857
2026-03-15T13:41:17+00:00,101,24.12,1896.2,,45.272693,6.033821
2026-03-15T13:41:19+00:00,98,23.400000000000002,1895.2,,45.272587,6.033763
2026-03-15T13:41:20+00:00,97,23.58,1894.8,,45.272524,6.03374
2026-03-15T13:41:22+00:00,95,25.632,1893.0,,45.272378,6.03371
2026-03-15T13:41:23+00:00,95,27.18,1891.6,,45.272292,6.033707
2026-03-15T13:41:24+00:00,94,29.52,1890.2,,45.272217,6.033672
2026-03-15T13:41:25+00:00,93,30.672,1888.6,,45.272143,6.033642
2026-03-15T13:41:26+00:00,93,29.7,1887.2,,45.272077,6.033648
2026-03-15T13:41:27+00:00,94,29.088,1885.6,,45.272021,6.033615
2026-03-15T13:41:28+00:00,94,27.864,1884.4,,45.271969,6.033574
2026-03-15T13:41:29+00:00,94,25.488,1883.0,,45.271916,6.033587
2026-03-15T13:41:30+00:00,94,23.544,1882.0,,45.271864,6.033587
2026-03-15T13:41:31+00:00,93,22.248,1881.0,,45.27182,6.033565
2026-03-15T13:41:32+00:00,92,20.88,1879.8,,45.271771,6.033574
2026-03-15T13:41:33+00:00,91,20.016,1878.8,,45.271724,6.033563
2026-03-15T13:41:35+00:00,90,19.8,1876.6,,45.271626,6.033545
2026-03-15T13:41:37+00:00,91,19.08,1875.0,,45.27155,6.033498
2026-03-15T13:41:38+00:00,92,18.432000000000002,1874.0,,45.271505,6.033499
2026-03-15T13:41:39+00:00,92,18.4212,1873.2,,45.271458,6.033486
2026-03-15T13:41:40+00:00,93,17.856,1872.6,,45.271417,6.033468
2026-03-15T13:41:41+00:00,93,18.0,1872.0,,45.271366,6.033477
2026-03-15T13:41:43+00:00,93,19.368,1870.4,,45.271268,6.033465
2026-03-15T13:41:45+00:00,95,20.88,1869.4,,45.27116,6.033508
2026-03-15T13:41:46+00:00,97,21.96,1868.0,,45.271098,6.033531
2026-03-15T13:41:47+00:00,98,22.561200000000003,1866.6,,45.271032,6.03355
2026-03-15T13:41:48+00:00,98,24.264000000000003,1865.4,,45.270969,6.033538
2026-03-15T13:41:50+00:00,99,25.776,1863.8,,45.270841,6.033496
2026-03-15T13:41:52+00:00,102,26.208000000000002,1862.4,,45.270715,6.033431
2026-03-15T13:41:53+00:00,102,26.28,1861.6,,45.270664,6.033381
2026-03-15T13:41:54+00:00,102,25.92,1860.2,,45.270606,6.033344
2026-03-15T13:41:55+00:00,103,25.2,1859.4,,45.270562,6.033299
2026-03-15T13:41:56+00:00,103,24.5412,1858.6,,45.270515,6.033255
2026-03-15T13:41:57+00:00,103,23.400000000000002,1857.8,,45.270477,6.033199
2026-03-15T13:41:58+00:00,104,22.32,1857.0,,45.270451,6.033137
2026-03-15T13:41:59+00:00,108,22.104,1856.2,,45.270407,6.033077
2026-03-15T13:42:00+00:00,112,22.104,1855.4,,45.270374,6.033018
2026-03-15T13:42:01+00:00,113,22.032,1854.4,,45.27033,6.032971
2026-03-15T13:42:02+00:00,114,21.6,1853.4,,45.270296,6.032918
2026-03-15T13:42:03+00:00,115,21.744,1852.4,,45.270256,6.032872
2026-03-15T13:42:05+00:00,117,19.584000000000003,1850.8,,45.270186,6.032797
2026-03-15T13:42:06+00:00,117,19.656,1850.2,,45.27016,6.032729
2026-03-15T13:42:07+00:00,117,20.592,1849.2,,45.270131,6.032652
2026-03-15T13:42:08+00:00,117,20.736,1848.4,,45.270098,6.032591
2026-03-15T13:42:09+00:00,116,20.4588,1847.6,,45.27008,6.032526
2026-03-15T13:42:10+00:00,116,22.032,1846.8,,45.270042,6.032469
2026-03-15T13:42:11+00:00,115,21.816,1846.0,,45.270007,6.032415
2026-03-15T13:42:13+00:00,112,22.464000000000002,1844.4,,45.269905,6.032309
2026-03-15T13:42:14+00:00,111,23.832,1843.4,,45.269841,6.032278
2026-03-15T13:42:15+00:00,111,24.696,1842.4,,45.269788,6.032227
2026-03-15T13:42:16+00:00,111,26.136,1841.2,,45.269728,6.032179
2026-03-15T13:42:17+00:00,110,26.3412,1839.6,,45.26966,6.032142
2026-03-15T13:42:18+00:00,109,27.576,1838.6,,45.269607,6.032076
2026-03-15T13:42:19+00:00,108,28.08,1837.2,,45.269551,6.03201
2026-03-15T13:42:20+00:00,108,28.296000000000003,1836.0,,45.269484,6.031983
2026-03-15T13:42:21+00:00,108,27.503999999999998,1834.6,,45.269433,6.031941
2026-03-15T13:42:22+00:00,108,27.36,1833.6,,45.269388,6.031869
2026-03-15T13:42:23+00:00,107,27.0,1832.2,,45.269329,6.031828
2026-03-15T13:42:24+00:00,108,25.776,1831.2,,45.269273,6.031804
2026-03-15T13:42:25+00:00,107,25.128000000000004,1830.2,,45.269234,6.031741
2026-03-15T13:42:26+00:00,107,25.704,1829.0,,45.269178,6.031686
2026-03-15T13:42:27+00:00,106,24.840000000000003,1827.6,,45.269128,6.031643
2026-03-15T13:42:28+00:00,106,23.976000000000003,1826.6,,45.269102,6.031576
2026-03-15T13:42:29+00:00,105,24.408,1825.4,,45.269066,6.031503
2026-03-15T13:42:30+00:00,104,23.832,1824.2,,45.269036,6.031442
2026-03-15T13:42:32+00:00,105,23.976000000000003,1822.2,,45.268954,6.031307
2026-03-15T13:42:33+00:00,106,24.696,1821.0,,45.268915,6.031236
2026-03-15T13:42:34+00:00,108,25.056,1820.0,,45.268862,6.031173
2026-03-15T13:42:35+00:00,110,26.568,1818.8,,45.268819,6.031093
2026-03-15T13:42:36+00:00,110,26.5788,1817.8,,45.268779,6.031016
2026-03-15T13:42:37+00:00,110,26.784000000000002,1816.8,,45.268732,6.03096
2026-03-15T13:42:38+00:00,110,26.496000000000002,1816.0,,45.268694,6.030892
2026-03-15T13:42:39+00:00,111,26.28,1815.2,,45.268653,6.030823
2026-03-15T13:42:40+00:00,113,25.056,1814.4,,45.268607,6.030778
2026-03-15T13:42:41+00:00,113,24.12,1813.8,,45.268573,6.030713
2026-03-15T13:42:42+00:00,114,24.264000000000003,1813.2,,45.268527,6.030653
2026-03-15T13:42:43+00:00,114,23.616,1812.6,,45.268477,6.030616
2026-03-15T13:42:44+00:00,114,22.968,1812.0,,45.268436,6.030561
2026-03-15T13:42:45+00:00,113,23.616,1811.4,,45.268384,6.03051
2026-03-15T13:42:46+00:00,111,22.968,1810.6,,45.268341,6.030479
2026-03-15T13:42:47+00:00,111,21.744,1810.2,,45.268301,6.030444
2026-03-15T13:42:49+00:00,106,20.232,1809.4,,45.268217,6.030382
2026-03-15T13:42:50+00:00,102,19.296000000000003,1809.0,,45.26817,6.030349
2026-03-15T13:42:51+00:00,101,19.512,1808.8,,45.268121,6.030331
2026-03-15T13:42:53+00:00,100,19.1412,1808.0,,45.26804,6.03028
2026-03-15T13:42:54+00:00,100,18.648,1807.6,,45.267998,6.030255
2026-03-15T13:42:55+00:00,101,19.44,1807.4,,45.267943,6.030215
2026-03-15T13:42:57+00:00,102,19.9188,1806.6,,45.267858,6.030121
2026-03-15T13:43:00+00:00,103,20.16,1805.0,,45.267759,6.029969
2026-03-15T13:43:01+00:00,103,20.6388,1804.6,,45.267718,6.029906
2026-03-15T13:43:02+00:00,103,21.528000000000002,1803.8,,45.267673,6.02984
2026-03-15T13:43:04+00:00,104,23.1948,1802.6,,45.267579,6.029698
2026-03-15T13:43:05+00:00,104,26.208000000000002,1801.6,,45.267533,6.029624
2026-03-15T13:43:06+00:00,104,27.432000000000002,1800.8,,45.267485,6.029541
2026-03-15T13:43:07+00:00,104,27.648,1800.0,,45.267455,6.029453
2026-03-15T13:43:08+00:00,103,28.08,1799.0,,45.267422,6.029367
2026-03-15T13:43:09+00:00,104,28.008000000000003,1798.2,,45.267372,6.029301
2026-03-15T13:43:10+00:00,104,26.928,1797.4,,45.267338,6.029238
2026-03-15T13:43:11+00:00,104,25.776,1796.6,,45.267313,6.02916
2026-03-15T13:43:12+00:00,103,25.344,1796.2,,45.267273,6.029091
2026-03-15T13:43:14+00:00,104,24.408,1795.0,,45.267192,6.028955
2026-03-15T13:43:16+00:00,103,27.072,1793.6,,45.26712,6.02877
2026-03-15T13:43:18+00:00,101,28.8612,1791.6,,45.26706,6.028571
2026-03-15T13:43:20+00:00,99,30.8412,1789.6,,45.266986,6.028363
2026-03-15T13:43:21+00:00,99,31.464000000000002,1788.4,,45.266958,6.028257
2026-03-15T13:43:23+00:00,101,32.544,1787.0,,45.2669,6.028041
2026-03-15T13:43:24+00:00,103,31.86,1786.2,,45.266885,6.027939
2026-03-15T13:43:25+00:00,104,31.607999999999997,1785.6,,45.266871,6.027831
2026-03-15T13:43:26+00:00,104,31.319999999999997,1785.0,,45.26684,6.027733
2026-03-15T13:43:27+00:00,103,30.538800000000002,1784.2,,45.266824,6.027637
2026-03-15T13:43:28+00:00,103,29.376,1783.6,,45.266818,6.027532
2026-03-15T13:43:29+00:00,103,29.52,1783.0,,45.266796,6.027434
2026-03-15T13:43:30+00:00,103,28.512,1782.2,,45.266769,6.027348
2026-03-15T13:43:31+00:00,103,27.215999999999998,1781.6,,45.266753,6.027266
2026-03-15T13:43:33+00:00,103,26.064,1780.8,,45.266703,6.0271
2026-03-15T13:43:34+00:00,104,24.912,1780.2,,45.266685,6.027018
2026-03-15T13:43:35+00:00,104,24.984,1779.8,,45.266688,6.026921
2026-03-15T13:43:36+00:00,105,26.352,1779.0,,45.266693,6.026814
2026-03-15T13:43:37+00:00,105,26.7588,1778.2,,45.266681,6.026708
2026-03-15T13:43:38+00:00,105,28.368,1777.4,,45.266649,6.026602
2026-03-15T13:43:39+00:00,105,29.880000000000003,1776.2,,45.266602,6.026509
2026-03-15T13:43:40+00:00,105,31.536,1774.8,,45.266533,6.026426
2026-03-15T13:43:41+00:00,104,33.048,1773.6,,45.266444,6.026371
2026-03-15T13:43:42+00:00,103,35.064,1772.2,,45.266344,6.026353
2026-03-15T13:43:43+00:00,103,36.72,1770.8,,45.266245,6.026364
2026-03-15T13:43:44+00:00,99,38.376000000000005,1769.4,,45.266148,6.0264
2026-03-15T13:43:45+00:00,95,39.096,1768.2,,45.266058,6.026451
2026-03-15T13:43:47+00:00,94,38.664,1766.2,,45.265878,6.026528
2026-03-15T13:43:48+00:00,93,38.376000000000005,1764.8,,45.265799,6.026598
2026-03-15T13:43:49+00:00,91,37.872,1763.4,,45.265718,6.026667
2026-03-15T13:43:50+00:00,90,38.016000000000005,1762.4,,45.265628,6.026715
2026-03-15T13:43:51+00:00,89,37.3788,1761.2,,45.265551,6.026775
2026-03-15T13:43:53+00:00,90,36.864000000000004,1759.6,,45.2654,6.026914
2026-03-15T13:43:55+00:00,92,35.712,1757.8,,45.265245,6.027039
2026-03-15T13:43:57+00:00,94,35.64,1755.6,,45.265093,6.027168
2026-03-15T13:43:58+00:00,93,34.848,1754.4,,45.265021,6.027221
2026-03-15T13:43:59+00:00,92,34.38,1753.6,,45.264941,6.027257
2026-03-15T13:44:00+00:00,91,34.128,1752.6,,45.264856,6.027278
2026-03-15T13:44:01+00:00,91,33.7212,1751.6,,45.264775,6.027294
2026-03-15T13:44:03+00:00,91,32.4,1750.0,,45.264622,6.027299
2026-03-15T13:44:04+00:00,92,31.392000000000003,1749.2,,45.264551,6.027293
2026-03-15T13:44:05+00:00,89,29.664,1748.6,,45.264487,6.027287
2026-03-15T13:44:07+00:00,89,27.8388,1747.4,,45.264357,6.02728
2026-03-15T13:44:09+00:00,90,25.344,1746.2,,45.264233,6.02726
2026-03-15T13:44:10+00:00,92,25.416,1745.6,,45.264171,6.027229
2026-03-15T13:44:11+00:00,94,24.7212,1745.2,,45.26413,6.027176
2026-03-15T13:44:12+00:00,97,25.056,1744.6,,45.264083,6.027101
2026-03-15T13:44:13+00:00,99,26.28,1744.0,,45.264033,6.027014
2026-03-15T13:44:14+00:00,100,27.432000000000002,1743.2,,45.264002,6.02691
2026-03-15T13:44:15+00:00,100,28.368,1741.4,,45.264019,6.026798
2026-03-15T13:44:16+00:00,100,29.880000000000003,1739.0,,45.264072,6.026725
2026-03-15T13:44:17+00:00,101,30.312,1736.4,,45.264123,6.026646
2026-03-15T13:44:18+00:00,100,31.392000000000003,1734.0,,45.264147,6.02653
2026-03-15T13:44:19+00:00,100,31.464000000000002,1731.6,,45.264179,6.026427
2026-03-15T13:44:20+00:00,101,32.04,1729.4,,45.264243,6.026346
2026-03-15T13:44:21+00:00,101,32.112,1728.2,,45.264282,6.026256
2026-03-15T13:44:22+00:00,101,32.976,1725.6,,45.264314,6.026141
2026-03-15T13:44:23+00:00,101,34.92,1724.2,,45.264342,6.026004
2026-03-15T13:44:24+00:00,101,36.72,1723.0,,45.26437,6.025864
2026-03-15T13:44:25+00:00,102,38.952000000000005,1721.6,,45.264401,6.02571
2026-03-15T13:44:26+00:00,103,42.552,1720.6,,45.264432,6.025546
2026-03-15T13:44:27+00:00,103,44.568000000000005,1718.8,,45.264461,6.025393
2026-03-15T13:44:28+00:00,103,43.92,1716.6,,45.264489,6.02526
2026-03-15T13:44:29+00:00,103,43.2,1714.4,,45.264513,6.025132
2026-03-15T13:44:30+00:00,103,41.04,1712.6,,45.264534,6.025015
2026-03-15T13:44:31+00:00,103,38.664,1711.0,,45.264555,6.024892
2026-03-15T13:44:33+00:00,103,33.12,1709.4,,45.264588,6.024702
2026-03-15T13:44:35+00:00,104,29.736,1708.4,,45.264617,6.024515
2026-03-15T13:44:36+00:00,103,28.656,1708.2,,45.26463,6.024412
2026-03-15T13:44:39+00:00,103,26.5212,1706.6,,45.264658,6.024148
2026-03-15T13:44:42+00:00,103,23.58,1705.6,,45.264682,6.023915
2026-03-15T13:44:43+00:00,103,23.5044,1704.8,,45.264695,6.023838
2026-03-15T13:44:44+00:00,103,21.888,1704.6,,45.264719,6.023768
2026-03-15T13:44:46+00:00,103,22.370400000000004,1703.2,,45.264768,6.023613
2026-03-15T13:44:47+00:00,104,23.976000000000003,1702.6,,45.264784,6.023512
2026-03-15T13:44:48+00:00,104,26.136,1701.6,,45.264795,6.023397
2026-03-15T13:44:50+00:00,104,28.198800000000002,1699.6,,45.264829,6.023189
2026-03-15T13:44:52+00:00,103,28.584000000000003,1698.2,,45.264899,6.023035
2026-03-15T13:44:53+00:00,102,28.152,1697.2,,45.264914,6.022937
2026-03-15T13:44:54+00:00,102,27.720000000000002,1695.6,,45.264898,6.022844
2026-03-15T13:44:55+00:00,102,27.072,1693.8,,45.264899,6.022739
2026-03-15T13:44:56+00:00,101,27.720000000000002,1691.6,,45.264891,6.022628
2026-03-15T13:44:57+00:00,101,29.016000000000002,1689.4,,45.264855,6.022539
2026-03-15T13:44:58+00:00,101,28.44,1687.6,,45.264842,6.022456
2026-03-15T13:44:59+00:00,103,28.224,1685.8,,45.264813,6.022376
2026-03-15T13:45:00+00:00,102,27.36,1684.0,,45.264796,6.022292
2026-03-15T13:45:01+00:00,104,25.488,1682.6,,45.264794,6.022216
2026-03-15T13:45:02+00:00,107,23.759999999999998,1681.2,,45.264765,6.022152
2026-03-15T13:45:03+00:00,112,23.688000000000002,1679.8,,45.264743,6.02208
2026-03-15T13:45:04+00:00,116,22.32,1678.6,,45.264713,6.022032
2026-03-15T13:45:05+00:00,118,20.952,1677.6,,45.264673,6.021999
2026-03-15T13:45:06+00:00,120,18.791999999999998,1676.4,,45.264678,6.021958
2026-03-15T13:45:07+00:00,121,16.272,1675.4,,45.264693,6.021939
2026-03-15T13:45:08+00:00,124,14.544,1674.4,,45.264691,6.021886
2026-03-15T13:45:09+00:00,127,13.968,1673.2,,45.264679,6.021833
2026-03-15T13:45:10+00:00,126,12.312,1672.0,,45.264682,6.021798
2026-03-15T13:45:11+00:00,125,13.968,1670.8,,45.264677,6.021729
2026-03-15T13:45:12+00:00,123,15.696000000000002,1669.2,,45.264645,6.021695
2026-03-15T13:45:13+00:00,121,15.336,1667.6,,45.26462,6.021659
2026-03-15T13:45:14+00:00,118,15.264000000000001,1666.2,,45.26461,6.021611
2026-03-15T13:45:15+00:00,116,17.136,1664.4,,45.264584,6.021554
2026-03-15T13:45:16+00:00,114,15.624,1662.6,,45.264584,6.02151
2026-03-15T13:45:17+00:00,113,16.2,1660.6,,45.264575,6.021445
2026-03-15T13:45:18+00:00,112,18.648,1658.6,,45.264541,6.021367
2026-03-15T13:45:19+00:00,112,20.232,1656.0,,45.264542,6.021285
2026-03-15T13:45:20+00:00,113,21.312,1653.2,,45.264564,6.021203
2026-03-15T13:45:21+00:00,111,25.056,1650.2,,45.264582,6.021092
2026-03-15T13:45:22+00:00,111,28.584000000000003,1647.2,,45.264627,6.020974
2026-03-15T13:45:23+00:00,111,32.04,1644.8,,45.264697,6.020873
2026-03-15T13:45:24+00:00,111,35.28,1642.6,,45.264788,6.020811
2026-03-15T13:45:25+00:00,111,37.080000000000005,1640.2,,45.264875,6.020801
2026-03-15T13:45:26+00:00,111,37.512,1638.6,,45.264949,6.020762
2026-03-15T13:45:27+00:00,113,34.344,1637.2,,45.264972,6.020693
2026-03-15T13:45:28+00:00,115,30.743999999999996,1636.2,,45.264995,6.020623
2026-03-15T13:45:29+00:00,120,26.784000000000002,1635.8,,45.265027,6.020569
2026-03-15T13:45:30+00:00,117,24.192,1635.2,,45.265042,6.020503
2026-03-15T13:45:31+00:00,113,21.168,1634.6,,45.265032,6.020439
2026-03-15T13:45:32+00:00,111,21.168,1633.6,,45.26503,6.020369
2026-03-15T13:45:33+00:00,112,20.088,1632.2,,45.265025,6.020292
2026-03-15T13:45:34+00:00,111,19.368,1631.0,,45.265041,6.02024
2026-03-15T13:45:35+00:00,111,19.44,1629.8,,45.265053,6.020169
2026-03-15T13:45:36+00:00,111,19.728,1628.4,,45.265029,6.020109
2026-03-15T13:45:37+00:00,111,19.008000000000003,1627.0,,45.265023,6.020048
2026-03-15T13:45:38+00:00,111,17.424,1625.6,,45.265039,6.020009
2026-03-15T13:45:39+00:00,111,17.352,1624.4,,45.265051,6.019954
2026-03-15T13:45:40+00:00,111,16.92,1623.0,,45.265035,6.019894
2026-03-15T13:45:41+00:00,111,16.272,1621.6,,45.264995,6.019871
2026-03-15T13:45:42+00:00,112,16.632,1620.2,,45.264956,6.019829
2026-03-15T13:45:43+00:00,112,16.92,1618.8,,45.264956,6.019782
2026-03-15T13:45:44+00:00,114,16.344,1617.2,,45.264965,6.019739
2026-03-15T13:45:45+00:00,116,16.416,1615.4,,45.26495,6.019676
2026-03-15T13:45:46+00:00,117,17.28,1613.6,,45.264921,6.019615
2026-03-15T13:45:47+00:00,118,17.712,1611.8,,45.264921,6.019539
2026-03-15T13:45:48+00:00,120,19.368,1609.8,,45.264933,6.01947
2026-03-15T13:45:49+00:00,121,21.528000000000002,1607.6,,45.264914,6.01939
2026-03-15T13:45:50+00:00,119,22.464000000000002,1605.2,,45.264909,6.019304
2026-03-15T13:45:51+00:00,117,23.471999999999998,1603.0,,45.264927,6.019218
2026-03-15T13:45:52+00:00,113,25.2,1600.6,,45.264924,6.019112
2026-03-15T13:45:53+00:00,111,27.36,1598.2,,45.264923,6.019005
2026-03-15T13:45:54+00:00,109,29.664,1595.8,,45.264946,6.018888
2026-03-15T13:45:55+00:00,108,31.680000000000003,1594.6,,45.264954,6.018767
2026-03-15T13:45:56+00:00,107,33.336,1592.4,,45.264955,6.018646
2026-03-15T13:45:57+00:00,107,35.64,1590.6,,45.264967,6.018497
2026-03-15T13:45:58+00:00,106,38.448,1588.4,,45.265,6.018353
2026-03-15T13:45:59+00:00,106,40.104000000000006,1586.0,,45.265031,6.018206
2026-03-15T13:46:01+00:00,106,44.424,1583.0,,45.26508,6.017893
2026-03-15T13:46:02+00:00,106,45.288000000000004,1581.6,,45.265086,6.017728
2026-03-15T13:46:03+00:00,106,46.368,1580.0,,45.265088,6.01755
2026-03-15T13:46:04+00:00,106,47.736,1578.0,,45.265084,6.017371
2026-03-15T13:46:05+00:00,105,47.818799999999996,1575.0,,45.265079,6.017197
2026-03-15T13:46:06+00:00,106,49.104000000000006,1572.2,,45.265073,6.017029
2026-03-15T13:46:07+00:00,106,48.384,1570.6,,45.265072,6.01688
2026-03-15T13:46:08+00:00,105,46.368,1569.0,,45.26507,6.016741
2026-03-15T13:46:10+00:00,106,41.184,1567.4,,45.265068,6.016479
2026-03-15T13:46:11+00:00,106,38.448,1567.0,,45.265047,6.016361
2026-03-15T13:46:12+00:00,107,36.864000000000004,1566.0,,45.264997,6.016259
2026-03-15T13:46:13+00:00,107,35.28,1564.8,,45.264937,6.01617
2026-03-15T13:46:15+00:00,110,34.2,1563.2,,45.264815,6.016006
2026-03-15T13:46:17+00:00,112,32.112,1562.0,,45.264703,6.01588
2026-03-15T13:46:19+00:00,112,28.198800000000002,1561.8,,45.264618,6.015776
2026-03-15T13:46:20+00:00,115,24.192,1561.8,,45.26459,6.015724
2026-03-15T13:46:21+00:00,118,22.2588,1562.0,,45.264561,6.015702
2026-03-15T13:46:22+00:00,121,17.784000000000002,1561.8,,45.264536,6.01568
2026-03-15T13:46:25+00:00,121,5.976,1561.8,,45.264525,6.015666
2026-03-15T13:46:30+00:00,118,2.6532,1562.0,,45.264489,6.015663
2026-03-15T13:46:31+00:00,118,2.8800000000000003,1561.8,,45.264486,6.01567
2026-03-15T13:46:37+00:00,115,2.1096,1561.8,,45.264472,6.015701
2026-03-15T13:46:38+00:00,113,2.0052000000000003,1561.8,,45.264472,6.015705
2026-03-15T13:46:44+00:00,115,0.2556,1561.6,,45.264487,6.015697
2026-03-15T13:46:45+00:00,121,1.1304,1561.6,,45.264476,6.015717
2026-03-15T13:46:46+00:00,127,1.5768,1561.6,,45.26447,6.015731
2026-03-15T13:46:47+00:00,127,1.5588,1561.4,,45.264468,6.015737
2026-03-15T13:46:48+00:00,124,1.4040000000000001,1561.6,,45.264463,6.015742
2026-03-15T13:46:49+00:00,120,2.8800000000000003,1561.6,,45.264468,6.015743
2026-03-15T13:46:50+00:00,116,1.4400000000000002,1561.6,,45.264472,6.015743
2026-03-15T13:46:51+00:00,106,0.5040000000000001,1561.6,,45.264471,6.015745
2026-03-15T13:46:52+00:00,103,0.216,1561.6,,45.264473,6.015747
2026-03-15T13:46:53+00:00,103,0.432,1561.6,,45.264469,6.015754
2026-03-15T13:46:56+00:00,101,0.864,1561.4,,45.264464,6.015778
2026-03-15T13:46:58+00:00,100,1.9440000000000002,1561.0,,45.264451,6.015788
2026-03-15T13:47:01+00:00,98,4.464,1560.8,,45.264435,6.015838
2026-03-15T13:47:05+00:00,99,8.434800000000001,1560.8,,45.264348,6.015945
2026-03-15T13:47:08+00:00,95,13.1652,1561.6,,45.264272,6.016084
2026-03-15T13:47:09+00:00,94,13.9968,1562.4,,45.264242,6.01614
2026-03-15T13:47:10+00:00,93,16.92,1563.8,,45.264216,6.016184
2026-03-15T13:47:11+00:00,92,17.0388,1565.0,,45.264191,6.016238
2026-03-15T13:47:12+00:00,92,17.485200000000003,1566.0,,45.264163,6.016299
2026-03-15T13:47:14+00:00,92,19.08,1567.4,,45.264105,6.016416
2026-03-15T13:47:16+00:00,90,20.16,1568.6,,45.264051,6.016533
2026-03-15T13:47:17+00:00,87,19.8,1569.4,,45.264024,6.016586
2026-03-15T13:47:18+00:00,82,20.0988,1570.2,,45.263996,6.01664
2026-03-15T13:52:31+00:00,109,0.1656,2116.2,,45.256784,6.030952
2026-03-15T13:52:33+00:00,109,0.1872,2115.4,,45.256724,6.030904
2026-03-15T13:52:34+00:00,109,0.2268,2114.8,,45.256688,6.030912
2026-03-15T13:52:35+00:00,109,0.26639999999999997,2114.2,,45.256657,6.030888
2026-03-15T13:52:36+00:00,108,0.26639999999999997,2113.4,,45.256616,6.030876
2026-03-15T13:52:37+00:00,108,13.860000000000001,2112.4,,45.256581,6.030894
2026-03-15T13:52:38+00:00,108,15.120000000000001,2111.2,,45.256537,6.030887
2026-03-15T13:52:40+00:00,108,15.840000000000002,2109.4,,45.256462,6.030884
2026-03-15T13:52:41+00:00,107,15.192,2108.4,,45.256443,6.030927
2026-03-15T13:52:42+00:00,108,15.408000000000001,2107.6,,45.256409,6.030953
2026-03-15T13:52:43+00:00,108,15.408000000000001,2106.6,,45.256372,6.030977
2026-03-15T13:52:44+00:00,107,15.2388,2105.4,,45.256331,6.03099
2026-03-15T13:52:45+00:00,106,15.408000000000001,2104.4,,45.256301,6.031026
2026-03-15T13:52:47+00:00,110,14.112,2102.4,,45.256299,6.031104
2026-03-15T13:52:48+00:00,113,12.6,2101.8,,45.256283,6.03112
2026-03-15T13:52:49+00:00,115,12.096,2101.4,,45.256266,6.031156
2026-03-15T13:52:50+00:00,117,10.872,2100.8,,45.25627,6.031189
2026-03-15T13:52:51+00:00,118,10.0188,2100.2,,45.256259,6.031213
2026-03-15T13:52:52+00:00,119,9.360000000000001,2099.6,,45.256241,6.031224
2026-03-15T13:52:53+00:00,121,9.576,2099.2,,45.25622,6.03125
2026-03-15T13:52:54+00:00,122,9.432,2098.6,,45.256216,6.03129
2026-03-15T13:52:56+00:00,122,9.432,2097.6,,45.256212,6.031346
2026-03-15T13:52:57+00:00,121,10.944,2097.2,,45.256214,6.031399
2026-03-15T13:52:58+00:00,120,10.584,2096.2,,45.256236,6.031419
2026-03-15T13:52:59+00:00,119,10.872,2095.2,,45.256258,6.031455
2026-03-15T13:53:01+00:00,115,12.384,2093.8,,45.256279,6.031533
2026-03-15T13:53:02+00:00,113,11.520000000000001,2092.8,,45.256308,6.03154
2026-03-15T13:53:03+00:00,110,12.312,2092.0,,45.256332,6.031565
2026-03-15T13:53:05+00:00,107,12.8412,2090.2,,45.256385,6.031631
2026-03-15T13:53:06+00:00,106,13.751999999999999,2088.8,,45.256426,6.031625
2026-03-15T13:53:07+00:00,105,14.256,2087.6,,45.256453,6.031646
2026-03-15T13:53:08+00:00,104,13.104000000000001,2086.6,,45.256458,6.031665
2026-03-15T13:53:09+00:00,103,12.6,2085.8,,45.256479,6.031688
2026-03-15T13:53:10+00:00,102,11.664000000000001,2085.2,,45.256509,6.031698
2026-03-15T13:53:11+00:00,102,11.016,2084.4,,45.256532,6.031719
2026-03-15T13:53:13+00:00,104,10.944,2083.0,,45.256566,6.031758
2026-03-15T13:53:14+00:00,104,10.296,2082.0,,45.256586,6.031753
2026-03-15T13:53:15+00:00,105,9.648000000000001,2081.6,,45.256604,6.031772
2026-03-15T13:53:16+00:00,105,10.08,2080.8,,45.256637,6.03177
2026-03-15T13:53:17+00:00,106,10.08,2080.0,,45.256664,6.031757
2026-03-15T13:53:18+00:00,106,10.08,2079.0,,45.256683,6.031778
2026-03-15T13:53:20+00:00,106,11.735999999999999,2077.6,,45.25674,6.031795
2026-03-15T13:53:22+00:00,106,12.456,2076.2,,45.256807,6.031821
2026-03-15T13:53:23+00:00,106,13.104000000000001,2075.4,,45.256839,6.031808
2026-03-15T13:53:24+00:00,107,13.0212,2074.4,,45.256871,6.031823
2026-03-15T13:53:26+00:00,106,13.9788,2072.4,,45.256946,6.031832
2026-03-15T13:53:28+00:00,106,14.688,2070.8,,45.257015,6.031844
2026-03-15T13:53:30+00:00,105,14.3388,2069.4,,45.257077,6.031882
2026-03-15T13:53:31+00:00,105,13.895999999999999,2068.6,,45.25711,6.031876
2026-03-15T13:53:32+00:00,104,13.5612,2067.8,,45.257139,6.031902
2026-03-15T13:53:34+00:00,103,13.3812,2066.0,,45.257205,6.031913
2026-03-15T13:53:36+00:00,103,13.824,2064.4,,45.257269,6.03194
2026-03-15T13:53:37+00:00,104,13.464,2063.6,,45.257298,6.031926
2026-03-15T13:53:38+00:00,105,13.9788,2062.8,,45.257325,6.03194
2026-03-15T13:53:40+00:00,107,12.78,2061.4,,45.257384,6.031952
2026-03-15T13:53:42+00:00,109,10.8,2060.4,,45.257419,6.031924
2026-03-15T13:53:44+00:00,109,10.6812,2059.4,,45.257475,6.031951
2026-03-15T13:53:45+00:00,109,10.656,2059.0,,45.25751,6.031946
2026-03-15T13:53:47+00:00,109,12.312,2058.0,,45.25757,6.031932
2026-03-15T13:53:48+00:00,109,13.078800000000001,2057.4,,45.257603,6.031955
2026-03-15T13:53:50+00:00,108,13.104000000000001,2056.2,,45.257661,6.032011
2026-03-15T13:53:51+00:00,109,12.1788,2055.6,,45.257681,6.031998
2026-03-15T13:53:53+00:00,108,12.744,2054.6,,45.257753,6.031989
2026-03-15T13:53:54+00:00,109,13.32,2054.0,,45.257791,6.032017
2026-03-15T13:53:55+00:00,109,13.104000000000001,2053.6,,45.257817,6.032052
2026-03-15T13:53:56+00:00,109,15.624,2052.8,,45.257864,6.032089
2026-03-15T13:53:57+00:00,109,14.461200000000002,2052.0,,45.257887,6.032085
2026-03-15T13:53:58+00:00,109,14.472,2051.4,,45.257909,6.032065
2026-03-15T13:53:59+00:00,108,12.384,2050.8,,45.257923,6.032047
2026-03-15T13:54:00+00:00,108,11.232000000000001,2050.0,,45.257941,6.032047
2026-03-15T13:54:01+00:00,107,8.136,2049.6,,45.25795,6.03206
2026-03-15T13:54:02+00:00,107,7.632000000000001,2049.2,,45.257966,6.032076
2026-03-15T13:54:04+00:00,107,8.064000000000002,2048.4,,45.258012,6.032074
2026-03-15T13:54:05+00:00,107,7.920000000000001,2048.0,,45.258012,6.032049
2026-03-15T13:54:08+00:00,108,8.46,2047.2,,45.257996,6.03198
2026-03-15T13:54:10+00:00,109,7.056,2046.8,,45.25801,6.03193
2026-03-15T13:54:11+00:00,110,7.081200000000001,2046.4,,45.258032,6.031926
2026-03-15T13:54:12+00:00,112,7.8156,2045.8,,45.258061,6.03192
2026-03-15T13:54:13+00:00,113,8.784,2045.0,,45.258068,6.031884
2026-03-15T13:54:14+00:00,115,9.54,2044.2,,45.258068,6.031834
2026-03-15T13:54:15+00:00,117,10.8,2043.2,,45.258087,6.031805
2026-03-15T13:54:16+00:00,120,10.656,2042.4,,45.258106,6.031806
2026-03-15T13:54:17+00:00,120,10.008,2041.6,,45.25812,6.031778
2026-03-15T13:54:18+00:00,119,10.8,2040.6,,45.258112,6.031742
2026-03-15T13:54:20+00:00,119,9.792000000000002,2039.4,,45.258113,6.031673
2026-03-15T13:54:22+00:00,119,9.864,2037.8,,45.258154,6.031654
2026-03-15T13:54:23+00:00,119,9.648000000000001,2037.0,,45.258153,6.031617
2026-03-15T13:54:24+00:00,118,9.4212,2036.2,,45.258146,6.031589
2026-03-15T13:54:26+00:00,119,7.498800000000001,2035.2,,45.258137,6.031566
2026-03-15T13:54:27+00:00,118,6.6240000000000006,2034.8,,45.25814,6.031547
2026-03-15T13:54:30+00:00,118,5.6411999999999995,2033.8,,45.258184,6.031514
2026-03-15T13:54:32+00:00,115,7.776000000000001,2032.6,,45.258191,6.031451
2026-03-15T13:54:33+00:00,113,8.2188,2031.8,,45.258211,6.031439
2026-03-15T13:54:34+00:00,114,7.5096,2031.2,,45.258221,6.031442
2026-03-15T13:54:36+00:00,113,6.9012,2030.2,,45.258246,6.031466
2026-03-15T13:54:37+00:00,113,5.832000000000001,2029.8,,45.258256,6.031473
2026-03-15T13:54:39+00:00,114,5.976,2029.2,,45.258286,6.031455
2026-03-15T13:54:40+00:00,113,6.5412,2028.8,,45.258285,6.031422
2026-03-15T13:54:41+00:00,110,6.5520000000000005,2028.4,,45.258277,6.031404
2026-03-15T13:54:43+00:00,109,6.0012,2027.6,,45.258272,6.031389
2026-03-15T13:54:45+00:00,109,3.6,2027.0,,45.258271,6.031365
2026-03-15T13:54:47+00:00,111,4.0212,2026.4,,45.2583,6.03135
2026-03-15T13:54:48+00:00,112,5.472,2025.8,,45.258324,6.031353
2026-03-15T13:54:49+00:00,113,6.2388,2025.2,,45.258341,6.031327
2026-03-15T13:54:51+00:00,115,7.081200000000001,2023.8,,45.258337,6.031289
2026-03-15T13:54:54+00:00,115,4.176,2022.6,,45.258334,6.031263
2026-03-15T13:54:57+00:00,113,3.7188,2021.6,,45.258364,6.031249
2026-03-15T13:54:58+00:00,112,4.0644,2021.0,,45.258376,6.031255
2026-03-15T13:54:59+00:00,112,6.192,2020.4,,45.25841,6.031245
2026-03-15T13:55:00+00:00,113,6.5412,2019.6,,45.258418,6.031216
2026-03-15T13:55:01+00:00,113,6.274800000000001,2018.8,,45.258416,6.031198
2026-03-15T13:55:02+00:00,113,6.984,2018.0,,45.258415,6.031185
2026-03-15T13:55:05+00:00,113,2.8800000000000003,2017.0,,45.258412,6.031175
2026-03-15T13:55:07+00:00,118,1.296,2017.2,,45.258412,6.031175
2026-03-15T13:55:10+00:00,121,0.432,2017.0,,45.258412,6.031173
2026-03-15T13:55:12+00:00,119,2.664,2016.6,,45.258423,6.031137
2026-03-15T13:55:14+00:00,119,3.4452,2015.8,,45.258429,6.031098
2026-03-15T13:55:16+00:00,123,5.2812,2015.0,,45.258428,6.031062
2026-03-15T13:55:17+00:00,124,5.4,2014.6,,45.25845,6.031046
2026-03-15T13:55:19+00:00,123,5.6160000000000005,2013.6,,45.258471,6.031064
2026-03-15T13:55:20+00:00,123,6.12,2013.0,,45.258496,6.031063
2026-03-15T13:55:21+00:00,123,7.488,2012.4,,45.25851,6.031032
2026-03-15T13:55:23+00:00,123,8.46,2011.0,,45.258533,6.030974
2026-03-15T13:55:25+00:00,127,8.424,2009.6,,45.258554,6.031005
2026-03-15T13:55:26+00:00,128,7.488,2009.2,,45.258564,6.031026
2026-03-15T13:55:27+00:00,129,8.2188,2008.6,,45.258591,6.031042
2026-03-15T13:55:29+00:00,127,9.0612,2007.2,,45.258641,6.030997
2026-03-15T13:55:30+00:00,128,9.648000000000001,2006.4,,45.258647,6.031019
2026-03-15T13:55:31+00:00,127,9.288,2005.8,,45.258647,6.031037
2026-03-15T13:55:32+00:00,125,8.64,2005.2,,45.258665,6.031056
2026-03-15T13:55:33+00:00,126,9.4788,2004.6,,45.258691,6.031062
2026-03-15T13:55:34+00:00,126,8.424,2004.0,,45.258708,6.031091
2026-03-15T13:55:35+00:00,125,8.784,2003.2,,45.258709,6.03112
2026-03-15T13:55:36+00:00,125,10.656,2002.2,,45.258738,6.031153
2026-03-15T13:55:37+00:00,126,11.16,2001.0,,45.258754,6.031188
2026-03-15T13:55:38+00:00,125,10.728,2000.0,,45.258752,6.031217
2026-03-15T13:55:40+00:00,125,10.872,1998.2,,45.258793,6.031246
2026-03-15T13:55:41+00:00,124,10.152,1997.4,,45.258805,6.031279
2026-03-15T13:55:42+00:00,124,10.008,1996.8,,45.258819,6.031312
2026-03-15T13:55:43+00:00,123,10.656,1996.0,,45.258843,6.031328
2026-03-15T13:55:44+00:00,121,10.44,1995.2,,45.258851,6.031361
2026-03-15T13:55:45+00:00,120,10.656,1994.4,,45.258859,6.031393
2026-03-15T13:55:46+00:00,120,10.224,1993.8,,45.258878,6.031405
2026-03-15T13:55:48+00:00,119,8.928,1992.4,,45.258903,6.031444
2026-03-15T13:55:50+00:00,119,9.648000000000001,1991.0,,45.258947,6.031493
2026-03-15T13:55:51+00:00,122,10.152,1990.4,,45.258962,6.031525
2026-03-15T13:55:52+00:00,124,10.44,1989.8,,45.258992,6.031541
2026-03-15T13:55:54+00:00,126,11.16,1988.2,,45.259031,6.031585
2026-03-15T13:55:55+00:00,127,12.096,1987.8,,45.259065,6.031615
2026-03-15T13:55:56+00:00,127,12.384,1987.0,,45.259096,6.031626
2026-03-15T13:55:57+00:00,128,12.456,1986.2,,45.259119,6.03166
2026-03-15T13:55:58+00:00,128,13.32,1985.4,,45.259148,6.031686
2026-03-15T13:56:00+00:00,128,13.248000000000001,1983.4,,45.259209,6.031721
2026-03-15T13:56:01+00:00,128,12.456,1982.6,,45.259226,6.031735
2026-03-15T13:56:02+00:00,128,11.808,1982.0,,45.259252,6.031735
2026-03-15T13:56:04+00:00,128,11.16,1980.6,,45.259286,6.031797
2026-03-15T13:56:05+00:00,127,11.088000000000001,1980.0,,45.259318,6.031815
2026-03-15T13:56:06+00:00,127,11.376000000000001,1979.2,,45.259345,6.031821
2026-03-15T13:56:07+00:00,128,12.096,1978.4,,45.25937,6.031852
2026-03-15T13:56:08+00:00,128,11.998800000000001,1977.8,,45.259382,6.03187
2026-03-15T13:56:09+00:00,129,10.8,1977.6,,45.259403,6.031873
2026-03-15T13:56:10+00:00,127,10.872,1977.0,,45.25944,6.031875
2026-03-15T13:56:11+00:00,126,11.16,1976.4,,45.259462,6.0319
2026-03-15T13:56:13+00:00,125,9.504000000000001,1975.2,,45.259491,6.031919
2026-03-15T13:56:15+00:00,125,9.288,1974.0,,45.259536,6.031959
2026-03-15T13:56:16+00:00,126,9.792000000000002,1973.8,,45.259555,6.032001
2026-03-15T13:56:18+00:00,126,12.24,1972.6,,45.259612,6.032028
2026-03-15T13:56:19+00:00,127,11.4588,1971.8,,45.25963,6.032044
2026-03-15T13:56:20+00:00,127,11.520000000000001,1971.4,,45.259645,6.032071
2026-03-15T13:56:22+00:00,127,11.6388,1970.2,,45.259713,6.032089
2026-03-15T13:56:23+00:00,128,11.088000000000001,1969.8,,45.259727,6.032059
2026-03-15T13:56:24+00:00,128,11.232000000000001,1969.2,,45.259747,6.032043
2026-03-15T13:56:25+00:00,128,10.512,1968.4,,45.259764,6.032045
2026-03-15T13:56:26+00:00,127,10.620000000000001,1967.8,,45.259793,6.032043
2026-03-15T13:56:27+00:00,126,9.72,1967.2,,45.25981,6.032013
2026-03-15T13:56:28+00:00,126,10.296,1966.4,,45.25983,6.031972
2026-03-15T13:56:29+00:00,126,10.584,1965.6,,45.259856,6.031958
2026-03-15T13:56:30+00:00,127,12.096,1964.8,,45.259889,6.031949
2026-03-15T13:56:31+00:00,127,11.879999999999999,1963.8,,45.259903,6.031915
2026-03-15T13:56:32+00:00,127,12.528,1963.0,,45.259917,6.031872
2026-03-15T13:56:33+00:00,126,11.952,1962.2,,45.259942,6.031857
2026-03-15T13:56:34+00:00,124,12.888,1961.4,,45.259967,6.031818
2026-03-15T13:56:35+00:00,121,13.248000000000001,1960.4,,45.259977,6.031763
2026-03-15T13:56:36+00:00,117,13.464,1959.4,,45.259995,6.031733
2026-03-15T13:56:37+00:00,114,12.384,1958.6,,45.260018,6.03172
2026-03-15T13:56:39+00:00,110,11.592,1957.2,,45.260068,6.031707
2026-03-15T13:56:40+00:00,109,10.8,1956.8,,45.260076,6.031664
2026-03-15T13:56:41+00:00,109,11.232000000000001,1956.0,,45.260101,6.031628
2026-03-15T13:56:42+00:00,109,11.232000000000001,1955.2,,45.260126,6.03163
2026-03-15T13:56:43+00:00,109,11.4012,1954.4,,45.260148,6.03163
2026-03-15T13:56:44+00:00,109,10.872,1953.6,,45.260165,6.031602
2026-03-15T13:56:45+00:00,108,10.584,1952.6,,45.260162,6.031565
2026-03-15T13:56:46+00:00,108,9.792000000000002,1951.8,,45.260178,6.031534
2026-03-15T13:56:47+00:00,109,9.504000000000001,1950.8,,45.26019,6.031519
2026-03-15T13:56:49+00:00,109,9.216000000000001,1949.2,,45.260193,6.03146
2026-03-15T13:56:50+00:00,109,9.432,1948.2,,45.260208,6.031425
2026-03-15T13:56:51+00:00,109,8.928,1947.4,,45.260228,6.031416
2026-03-15T13:56:53+00:00,109,9.18,1945.8,,45.260253,6.031392
2026-03-15T13:56:54+00:00,109,8.64,1945.0,,45.260252,6.031357
2026-03-15T13:56:55+00:00,108,9.360000000000001,1944.0,,45.260258,6.031305
2026-03-15T13:56:56+00:00,108,9.216000000000001,1943.2,,45.26027,6.031287
2026-03-15T13:56:57+00:00,108,8.64,1942.2,,45.260287,6.031279
2026-03-15T13:56:58+00:00,109,9.936,1941.2,,45.260302,6.031249
2026-03-15T13:56:59+00:00,110,10.008,1940.2,,45.260294,6.031215
2026-03-15T13:57:00+00:00,110,8.712,1939.6,,45.260295,6.031186
2026-03-15T13:57:01+00:00,111,7.920000000000001,1938.8,,45.260304,6.031183
2026-03-15T13:57:02+00:00,112,7.416,1938.0,,45.260315,6.03119
2026-03-15T13:57:03+00:00,114,5.5440000000000005,1937.6,,45.260319,6.03119
2026-03-15T13:57:05+00:00,116,5.184,1937.0,,45.260338,6.031154
2026-03-15T13:57:06+00:00,117,7.056,1936.6,,45.26034,6.031109
2026-03-15T13:57:07+00:00,118,7.776000000000001,1935.8,,45.260352,6.031089
2026-03-15T13:57:08+00:00,117,8.712,1935.2,,45.260369,6.031073
2026-03-15T13:57:09+00:00,115,9.18,1934.4,,45.260365,6.031031
2026-03-15T13:57:10+00:00,114,10.512,1933.2,,45.26037,6.030982
2026-03-15T13:57:11+00:00,110,9.864,1932.2,,45.26039,6.030963
2026-03-15T13:57:12+00:00,107,10.8,1931.4,,45.260391,6.030922
2026-03-15T13:57:13+00:00,107,12.6,1930.2,,45.260399,6.030868
2026-03-15T13:57:14+00:00,108,11.592,1929.2,,45.260415,6.030853
2026-03-15T13:57:15+00:00,113,11.879999999999999,1928.2,,45.260426,6.030805
2026-03-15T13:57:16+00:00,117,12.024,1927.2,,45.260421,6.03077
2026-03-15T13:57:17+00:00,118,11.952,1926.2,,45.260435,6.030731
2026-03-15T13:57:18+00:00,119,12.456,1925.2,,45.260431,6.030673
2026-03-15T13:57:19+00:00,120,14.688,1924.0,,45.260417,6.030608
2026-03-15T13:57:20+00:00,119,14.688,1922.8,,45.260426,6.030559
2026-03-15T13:57:21+00:00,118,14.904,1921.6,,45.260446,6.030528
2026-03-15T13:57:22+00:00,117,15.624,1920.8,,45.260444,6.030472
2026-03-15T13:57:23+00:00,116,15.048,1919.8,,45.260449,6.030426
2026-03-15T13:57:25+00:00,115,12.672,1918.4,,45.260444,6.030357
2026-03-15T13:57:26+00:00,114,12.024,1917.8,,45.260436,6.030333
2026-03-15T13:57:28+00:00,112,10.728,1917.2,,45.260424,6.030251
2026-03-15T13:57:31+00:00,111,11.952,1916.6,,45.260396,6.030136
2026-03-15T13:57:32+00:00,111,12.481200000000001,1916.2,,45.260395,6.030079
2026-03-15T13:57:35+00:00,110,14.965200000000001,1915.0,,45.260422,6.029876
2026-03-15T13:57:37+00:00,110,16.704,1913.8,,45.260469,6.029803
2026-03-15T13:57:38+00:00,110,16.261200000000002,1913.4,,45.260492,6.029772
2026-03-15T13:57:39+00:00,110,16.2,1912.8,,45.260519,6.029729
2026-03-15T13:57:40+00:00,110,14.184,1912.2,,45.260528,6.029675
2026-03-15T13:57:41+00:00,110,14.641200000000001,1911.6,,45.260542,6.029616
2026-03-15T13:57:42+00:00,110,15.336,1911.0,,45.260569,6.029571
2026-03-15T13:57:43+00:00,110,16.488,1910.2,,45.260584,6.029513
2026-03-15T13:57:44+00:00,110,17.424,1909.6,,45.260596,6.029438
2026-03-15T13:57:45+00:00,110,18.864,1908.8,,45.260628,6.029367
2026-03-15T13:57:46+00:00,110,18.720000000000002,1908.0,,45.260663,6.02933
2026-03-15T13:57:47+00:00,110,19.728,1907.2,,45.260686,6.029265
2026-03-15T13:57:48+00:00,110,19.368,1906.2,,45.260689,6.029213
2026-03-15T13:57:49+00:00,110,17.208000000000002,1905.4,,45.260707,6.029183
2026-03-15T13:57:51+00:00,111,15.408000000000001,1903.6,,45.260733,6.029093
2026-03-15T13:57:52+00:00,111,14.256,1902.6,,45.260739,6.029036
2026-03-15T13:57:53+00:00,111,13.607999999999999,1901.6,,45.260758,6.029009
2026-03-15T13:57:54+00:00,111,12.24,1900.6,,45.260765,6.029006
2026-03-15T13:57:55+00:00,112,10.738800000000001,1899.8,,45.260777,6.029006
2026-03-15T13:57:57+00:00,107,8.136,1898.6,,45.260827,6.028982
2026-03-15T13:57:58+00:00,107,8.424,1898.0,,45.260826,6.028944
2026-03-15T13:57:59+00:00,108,9.576,1897.4,,45.260822,6.028909
2026-03-15T13:58:00+00:00,108,10.728,1896.6,,45.260843,6.028888
2026-03-15T13:58:01+00:00,107,11.0988,1895.8,,45.260873,6.028869
2026-03-15T13:58:02+00:00,104,11.952,1894.8,,45.260869,6.02882
2026-03-15T13:58:03+00:00,102,12.024,1893.8,,45.260875,6.028772
2026-03-15T13:58:04+00:00,100,12.816,1892.8,,45.260901,6.028737
2026-03-15T13:58:05+00:00,99,14.832,1891.6,,45.260912,6.02867
2026-03-15T13:58:06+00:00,99,15.840000000000002,1890.2,,45.260909,6.028601
2026-03-15T13:58:07+00:00,99,16.128000000000004,1888.6,,45.260932,6.028558
2026-03-15T13:58:08+00:00,98,15.624,1887.4,,45.260954,6.028549
2026-03-15T13:58:09+00:00,97,15.264000000000001,1886.2,,45.260951,6.028509
2026-03-15T13:58:10+00:00,97,13.968,1885.0,,45.260939,6.028462
2026-03-15T13:58:11+00:00,97,12.528,1883.8,,45.260951,6.028424
2026-03-15T13:58:13+00:00,99,12.672,1881.8,,45.260949,6.028357
2026-03-15T13:58:14+00:00,99,12.672,1880.8,,45.260935,6.028316
2026-03-15T13:58:15+00:00,99,13.032,1879.6,,45.260946,6.028264
2026-03-15T13:58:16+00:00,100,13.32,1878.4,,45.260968,6.028225
2026-03-15T13:58:17+00:00,100,13.6188,1877.4,,45.260956,6.028173
2026-03-15T13:58:18+00:00,100,14.544,1876.2,,45.260926,6.028141
2026-03-15T13:58:19+00:00,99,15.264000000000001,1875.0,,45.260916,6.028087
2026-03-15T13:58:20+00:00,98,13.895999999999999,1874.0,,45.260926,6.02806
2026-03-15T13:58:21+00:00,97,14.544,1872.8,,45.26092,6.028004
2026-03-15T13:58:22+00:00,96,14.184,1871.6,,45.260904,6.027958
2026-03-15T13:58:23+00:00,98,13.104000000000001,1870.6,,45.260913,6.027926
2026-03-15T13:58:24+00:00,99,13.104000000000001,1869.6,,45.260916,6.027875
2026-03-15T13:58:25+00:00,101,14.328,1868.6,,45.260898,6.027829
2026-03-15T13:58:26+00:00,102,13.464,1867.4,,45.260898,6.027787
2026-03-15T13:58:27+00:00,102,13.68,1866.4,,45.260905,6.027735
2026-03-15T13:58:28+00:00,98,14.832,1865.4,,45.260883,6.02769
2026-03-15T13:58:29+00:00,99,14.4,1864.2,,45.260872,6.027644
2026-03-15T13:58:30+00:00,99,13.464,1863.2,,45.260886,6.027613
2026-03-15T13:58:32+00:00,101,14.4,1861.2,,45.260881,6.027501
2026-03-15T13:58:33+00:00,103,14.544,1860.0,,45.260885,6.027447
2026-03-15T13:58:34+00:00,104,14.688,1859.0,,45.260896,6.027401
2026-03-15T13:58:35+00:00,104,15.984000000000002,1857.8,,45.260887,6.027341
2026-03-15T13:58:36+00:00,105,16.6212,1856.4,,45.260899,6.02727
2026-03-15T13:58:37+00:00,106,17.136,1855.2,,45.260927,6.027223
2026-03-15T13:58:38+00:00,106,17.712,1854.0,,45.260932,6.027158
2026-03-15T13:58:39+00:00,107,18.791999999999998,1853.0,,45.260921,6.027091
2026-03-15T13:58:41+00:00,108,20.376,1850.8,,45.260926,6.026925
2026-03-15T13:58:42+00:00,108,20.88,1849.8,,45.260964,6.026876
2026-03-15T13:58:43+00:00,107,20.016,1848.8,,45.261002,6.026871
2026-03-15T13:58:44+00:00,107,19.368,1847.8,,45.261036,6.026896
2026-03-15T13:58:45+00:00,106,18.36,1847.0,,45.26106,6.026935
2026-03-15T13:58:46+00:00,106,17.64,1846.0,,45.261107,6.026975
2026-03-15T13:58:47+00:00,106,18.36,1844.4,,45.261154,6.027027
2026-03-15T13:58:48+00:00,107,19.656,1842.6,,45.261176,6.027097
2026-03-15T13:58:49+00:00,108,21.168,1840.4,,45.261223,6.027152
2026-03-15T13:58:50+00:00,110,23.904,1837.6,,45.261288,6.0272
2026-03-15T13:58:51+00:00,110,24.408,1834.8,,45.261321,6.027276
2026-03-15T13:58:52+00:00,112,22.536,1832.8,,45.261325,6.027323
2026-03-15T13:58:53+00:00,114,19.872,1831.2,,45.261322,6.027331
2026-03-15T13:58:54+00:00,115,15.336,1830.0,,45.261325,6.027327
2026-03-15T13:58:56+00:00,117,7.488,1829.4,,45.261351,6.027351
2026-03-15T13:58:57+00:00,118,7.344,1829.0,,45.261385,6.027354
2026-03-15T13:58:58+00:00,119,9.792000000000002,1828.0,,45.261429,6.027382
2026-03-15T13:58:59+00:00,120,13.176,1826.6,,45.261464,6.02742
2026-03-15T13:59:00+00:00,121,14.4,1825.0,,45.261518,6.027436
2026-03-15T13:59:01+00:00,120,19.224,1823.0,,45.261572,6.027459
2026-03-15T13:59:02+00:00,120,21.384,1822.0,,45.261625,6.027495
2026-03-15T13:59:03+00:00,120,22.104,1820.0,,45.261685,6.027502
2026-03-15T13:59:04+00:00,119,22.608,1818.0,,45.261731,6.027537
2026-03-15T13:59:05+00:00,119,23.256,1816.2,,45.261781,6.027584
2026-03-15T13:59:06+00:00,118,24.048,1814.0,,45.26185,6.027596
2026-03-15T13:59:07+00:00,117,24.912,1812.0,,45.261915,6.027639
2026-03-15T13:59:08+00:00,116,25.344,1810.2,,45.26195,6.0277
2026-03-15T13:59:09+00:00,114,25.848,1808.4,,45.262002,6.027738
2026-03-15T13:59:10+00:00,113,26.208000000000002,1806.0,,45.262068,6.027765
2026-03-15T13:59:11+00:00,113,25.632,1804.0,,45.262111,6.027817
2026-03-15T13:59:12+00:00,112,23.832,1802.2,,45.262144,6.027866
2026-03-15T13:59:13+00:00,112,23.112000000000002,1800.2,,45.26219,6.027871
2026-03-15T13:59:14+00:00,111,22.392,1798.4,,45.262238,6.027886
2026-03-15T13:59:15+00:00,112,19.944,1797.0,,45.262264,6.027924
2026-03-15T13:59:16+00:00,112,17.712,1795.8,,45.26227,6.027963
2026-03-15T13:59:17+00:00,113,14.4,1794.6,,45.262274,6.02797
2026-03-15T13:59:19+00:00,114,7.416,1793.6,,45.262286,6.027963
2026-03-15T13:59:22+00:00,117,2.3760000000000003,1793.2,,45.262288,6.027964
2026-03-15T13:59:25+00:00,119,5.9399999999999995,1792.2,,45.262371,6.027987
2026-03-15T13:59:27+00:00,119,12.6,1790.6,,45.262415,6.028071
2026-03-15T13:59:28+00:00,119,13.32,1789.4,,45.26242,6.028125
2026-03-15T13:59:29+00:00,120,11.4156,1788.4,,45.262422,6.028124
2026-03-15T13:59:30+00:00,119,9.072000000000001,1788.0,,45.262426,6.028114
2026-03-15T13:59:31+00:00,119,8.64,1787.8,,45.26244,6.028132
2026-03-15T13:59:32+00:00,119,6.6240000000000006,1787.4,,45.262463,6.028115
2026-03-15T13:59:33+00:00,120,6.336,1786.8,,45.262481,6.028079
2026-03-15T13:59:34+00:00,120,8.928,1786.2,,45.262507,6.028043
2026-03-15T13:59:35+00:00,120,11.088000000000001,1785.4,,45.262539,6.028051
2026-03-15T13:59:36+00:00,120,11.952,1784.2,,45.262556,6.028084
2026-03-15T13:59:37+00:00,120,12.456,1783.2,,45.262571,6.028125
2026-03-15T13:59:38+00:00,120,13.392000000000001,1782.2,,45.262609,6.028153
2026-03-15T13:59:39+00:00,120,14.328,1780.6,,45.262657,6.028162
2026-03-15T13:59:40+00:00,121,15.120000000000001,1779.2,,45.262689,6.028187
2026-03-15T13:59:41+00:00,121,16.56,1778.0,,45.262736,6.028195
2026-03-15T13:59:42+00:00,121,17.424,1776.4,,45.262779,6.028211
2026-03-15T13:59:43+00:00,121,17.784000000000002,1775.0,,45.262809,6.028247
2026-03-15T13:59:44+00:00,121,18.36,1773.2,,45.262864,6.028256
2026-03-15T13:59:45+00:00,121,19.728,1771.2,,45.26292,6.028262
2026-03-15T13:59:46+00:00,120,20.304,1769.4,,45.262971,6.028291
2026-03-15T13:59:47+00:00,121,21.6,1767.2,,45.26303,6.028277
2026-03-15T13:59:48+00:00,121,23.544,1765.8,,45.263089,6.028255
2026-03-15T13:59:49+00:00,121,24.840000000000003,1763.8,,45.263161,6.028269
2026-03-15T13:59:50+00:00,120,26.496000000000002,1761.6,,45.263234,6.028234
2026-03-15T13:59:51+00:00,120,28.008000000000003,1760.2,,45.263293,6.028168
2026-03-15T13:59:53+00:00,119,33.624,1757.4,,45.263436,6.027986
2026-03-15T13:59:54+00:00,119,36.072,1755.4,,45.263511,6.027884
2026-03-15T13:59:55+00:00,119,38.448,1753.8,,45.263586,6.02777
2026-03-15T13:59:56+00:00,119,41.25600000000001,1751.4,,45.263656,6.027648
2026-03-15T13:59:57+00:00,120,40.86,1749.6,,45.263724,6.027541
2026-03-15T13:59:58+00:00,120,40.68000000000001,1748.0,,45.263782,6.02746
2026-03-15T13:59:59+00:00,122,38.519999999999996,1746.2,,45.263809,6.027361
2026-03-15T14:00:00+00:00,121,35.712,1744.6,,45.263817,6.027259
2026-03-15T14:00:01+00:00,116,30.096,1744.0,,45.263831,6.027209
2026-03-15T14:00:02+00:00,114,25.2,1743.8,,45.263861,6.027174
2026-03-15T14:00:04+00:00,117,19.008000000000003,1743.4,,45.263916,6.027089
2026-03-15T14:00:06+00:00,120,14.184,1743.0,,45.263959,6.027063
2026-03-15T14:00:09+00:00,121,4.968,1742.4,,45.263965,6.027069
2026-03-15T14:00:10+00:00,121,4.14,1742.4,,45.263961,6.027073
2026-03-15T14:00:16+00:00,119,0.0,1742.8,,45.263961,6.027073
2026-03-15T14:00:17+00:00,118,0.0,1742.8,,45.263961,6.027073
2026-03-15T14:00:19+00:00,114,0.0,1742.8,,45.263961,6.027073
2026-03-15T14:00:22+00:00,110,0.0,1742.8,,45.263961,6.027073
2026-03-15T14:00:24+00:00,105,0.0,1742.6,,45.263961,6.027073
2026-03-15T14:00:25+00:00,102,0.0,1742.8,,45.263961,6.027073
2026-03-15T14:00:28+00:00,127,0.0,1742.6,,45.263961,6.027073
2026-03-15T14:00:29+00:00,137,0.0,1742.6,,45.263961,6.027073
2026-03-15T14:00:30+00:00,141,0.0,1742.6,,45.263961,6.027073
2026-03-15T14:00:32+00:00,145,0.0,1742.6,,45.263961,6.027073
2026-03-15T14:00:38+00:00,146,0.0,1742.6,,45.263961,6.027073
2026-03-15T14:00:44+00:00,144,0.0,1742.6,,45.263961,6.027073
2026-03-15T14:00:47+00:00,141,0.0,1742.6,,45.263961,6.027073
2026-03-15T14:00:49+00:00,137,0.0,1742.6,,45.263961,6.027073
2026-03-15T14:00:50+00:00,134,0.0,1742.6,,45.263961,6.027073
2026-03-15T14:00:51+00:00,134,0.0,1742.6,,45.263961,6.027073
2026-03-15T14:00:56+00:00,131,0.0,1742.6,,45.263961,6.027073
2026-03-15T14:00:59+00:00,128,0.0,1742.6,,45.263961,6.027073
2026-03-15T14:01:05+00:00,127,0.0,1742.6,,45.263961,6.027073
2026-03-15T14:01:11+00:00,125,0.0,1742.6,,45.263961,6.027073
2026-03-15T14:01:14+00:00,122,0.0,1742.6,,45.263961,6.027073
2026-03-15T14:01:16+00:00,123,0.0,1742.6,,45.263961,6.027073
2026-03-15T14:01:22+00:00,124,0.0,1742.6,,45.263961,6.027073
2026-03-15T14:01:28+00:00,124,0.0,1742.6,,45.263961,6.027073
2026-03-15T14:01:34+00:00,125,0.0,1742.4,,45.263961,6.027073
2026-03-15T14:01:35+00:00,125,0.0,1742.4,,45.263961,6.027073
2026-03-15T14:01:41+00:00,126,0.0,1742.4,,45.263961,6.027073
2026-03-15T14:01:45+00:00,126,0.0,1742.4,,45.263961,6.027073
2026-03-15T14:01:51+00:00,127,0.0,1742.4,,45.263961,6.027073
2026-03-15T14:01:53+00:00,124,0.0,1742.4,,45.263961,6.027073
2026-03-15T14:01:55+00:00,118,0.0,1742.4,,45.263961,6.027073
2026-03-15T14:01:58+00:00,115,0.0,1742.4,,45.263961,6.027073
2026-03-15T14:02:00+00:00,114,0.0,1742.4,,45.263961,6.027073
2026-03-15T14:02:06+00:00,113,0.0,1742.4,,45.263961,6.027073
2026-03-15T14:02:11+00:00,113,0.0648,1742.6,,45.263961,6.027073
2026-03-15T14:02:17+00:00,113,0.0648,1742.4,,45.263961,6.027073
2026-03-15T14:02:21+00:00,116,0.0,1742.4,,45.263961,6.027073
2026-03-15T14:02:26+00:00,119,0.0,1742.6,,45.263961,6.027073
2026-03-15T14:02:29+00:00,120,0.0,1742.6,,45.263961,6.027073
2026-03-15T14:02:35+00:00,120,0.0,1742.6,,45.263961,6.027073
2026-03-15T14:02:41+00:00,118,0.0,1742.6,,45.263961,6.027073
2026-03-15T14:02:43+00:00,114,0.0,1742.6,,45.263961,6.027073
2026-03-15T14:02:44+00:00,111,0.0,1742.6,,45.263961,6.027073
2026-03-15T14:02:45+00:00,108,0.0,1742.6,,45.263961,6.027073
2026-03-15T14:02:46+00:00,108,0.0,1742.6,,45.263961,6.027073
2026-03-15T14:02:52+00:00,107,0.0,1742.4,,45.263961,6.027073
2026-03-15T14:02:58+00:00,108,0.0,1742.4,,45.263961,6.027073
2026-03-15T14:03:01+00:00,112,0.0,1742.4,,45.263961,6.027073
2026-03-15T14:03:07+00:00,109,0.0,1742.4,,45.263961,6.027073
2026-03-15T14:03:13+00:00,109,0.0,1742.4,,45.263961,6.027073
2026-03-15T14:03:19+00:00,112,0.0,1742.4,,45.263961,6.027073
2026-03-15T14:03:25+00:00,109,0.0,1742.4,,45.263961,6.027073
2026-03-15T14:03:31+00:00,108,0.0,1742.4,,45.263961,6.027073
2026-03-15T14:03:36+00:00,112,0.0,1742.4,,45.263961,6.027073
2026-03-15T14:03:42+00:00,113,0.0,1742.4,,45.263961,6.027073
2026-03-15T14:03:43+00:00,112,0.0,1742.4,,45.263961,6.027073
2026-03-15T14:03:49+00:00,112,0.0,1742.6,,45.263961,6.027073
2026-03-15T14:03:55+00:00,112,0.0,1742.6,,45.263961,6.027073
2026-03-15T14:03:56+00:00,112,0.0,1742.6,,45.263961,6.027073
2026-03-15T14:04:02+00:00,110,0.0,1742.6,,45.263961,6.027073
2026-03-15T14:04:06+00:00,110,0.0,1742.6,,45.263961,6.027073
2026-03-15T14:04:12+00:00,110,0.0,1742.8,,45.263961,6.027073
2026-03-15T14:04:18+00:00,110,0.0,1742.8,,45.263961,6.027073
2026-03-15T14:04:20+00:00,107,0.0,1742.8,,45.263961,6.027073
2026-03-15T14:04:21+00:00,106,0.0,1742.8,,45.263961,6.027073
2026-03-15T14:04:27+00:00,105,0.0,1742.8,,45.263961,6.027073
2026-03-15T14:04:33+00:00,104,0.0,1742.8,,45.263961,6.027073
2026-03-15T14:04:39+00:00,106,0.0,1743.0,,45.263961,6.027073
2026-03-15T14:04:41+00:00,106,0.0,1743.0,,45.263961,6.027073
2026-03-15T14:04:47+00:00,105,0.0,1743.0,,45.263961,6.027073
2026-03-15T14:04:48+00:00,105,0.0,1743.0,,45.263961,6.027073
2026-03-15T14:04:54+00:00,104,0.0,1742.8,,45.263961,6.027073
2026-03-15T14:04:58+00:00,106,0.0,1742.8,,45.263961,6.027073
2026-03-15T14:05:04+00:00,107,0.0,1742.8,,45.263961,6.027073
2026-03-15T14:05:09+00:00,104,0.0,1742.8,,45.263961,6.027073
2026-03-15T14:05:10+00:00,101,0.0,1742.8,,45.263961,6.027073
2026-03-15T14:05:12+00:00,98,0.0,1742.8,,45.263961,6.027073
2026-03-15T14:05:18+00:00,98,0.0,1742.8,,45.263961,6.027073
2026-03-15T14:05:24+00:00,101,0.0,1742.8,,45.263961,6.027073
2026-03-15T14:05:30+00:00,104,0.0,1742.8,,45.263961,6.027073
2026-03-15T14:05:34+00:00,107,0.0,1742.6,,45.263961,6.027073
2026-03-15T14:05:35+00:00,108,0.0,1742.6,,45.263963,6.027056
2026-03-15T14:05:40+00:00,108,1.9188,1742.8,,45.263968,6.02703
2026-03-15T14:05:45+00:00,109,5.004,1741.8,,45.263911,6.026913
2026-03-15T14:05:47+00:00,111,9.0,1741.4,,45.263884,6.026831
2026-03-15T14:05:50+00:00,112,13.536,1740.2,,45.263826,6.026699
2026-03-15T14:05:54+00:00,114,13.3704,1739.2,,45.263766,6.026543
2026-03-15T14:05:59+00:00,116,6.5988,1739.0,,45.26377,6.026528
2026-03-15T14:06:03+00:00,119,1.0008000000000001,1739.0,,45.26377,6.026528
2026-03-15T14:06:07+00:00,119,0.31679999999999997,1739.0,,45.263768,6.026515
2026-03-15T14:06:11+00:00,120,3.4668,1738.8,,45.263717,6.026455
2026-03-15T14:06:16+00:00,118,8.64,1738.2,,45.263631,6.02631
2026-03-15T14:06:22+00:00,117,11.322000000000001,1737.2,,45.263505,6.026109
2026-03-15T14:06:23+00:00,118,12.6504,1736.8,,45.263476,6.026074
2026-03-15T14:06:26+00:00,120,13.860000000000001,1736.0,,45.263379,6.02595
2026-03-15T14:06:27+00:00,120,16.776,1735.8,,45.263345,6.025909
2026-03-15T14:06:30+00:00,117,17.229599999999998,1734.8,,45.263233,6.0258
2026-03-15T14:06:31+00:00,98,17.568,1734.4,,45.263192,6.025771
2026-03-15T14:06:32+00:00,80,18.144000000000002,1734.0,,45.263146,6.025735
2026-03-15T14:06:33+00:00,68,18.7812,1733.6,,45.263103,6.025692
2026-03-15T14:06:34+00:00,64,19.08,1733.2,,45.263062,6.025642
2026-03-15T14:06:35+00:00,65,20.376,1732.6,,45.263018,6.02559
2026-03-15T14:06:36+00:00,69,21.528000000000002,1732.2,,45.262973,6.025533
2026-03-15T14:06:37+00:00,72,22.104,1731.6,,45.262927,6.025478
2026-03-15T14:06:38+00:00,74,23.040000000000003,1731.0,,45.262877,6.025423
2026-03-15T14:06:39+00:00,77,23.832,1730.6,,45.262827,6.025363
2026-03-15T14:06:40+00:00,81,24.624,1730.0,,45.262778,6.025299
2026-03-15T14:06:41+00:00,85,25.128000000000004,1729.4,,45.262729,6.025233
2026-03-15T14:06:42+00:00,88,25.992,1728.8,,45.26268,6.02516
2026-03-15T14:06:44+00:00,91,27.288,1727.6,,45.26259,6.025
2026-03-15T14:06:46+00:00,93,29.448,1726.0,,45.262503,6.024809
2026-03-15T14:06:48+00:00,93,31.319999999999997,1724.2,,45.26244,6.024588
2026-03-15T14:06:49+00:00,92,32.832,1723.2,,45.262413,6.024468
2026-03-15T14:06:50+00:00,93,33.181200000000004,1721.8,,45.262383,6.024346
2026-03-15T14:06:51+00:00,95,34.56,1720.4,,45.26235,6.024222
2026-03-15T14:06:52+00:00,96,34.8588,1719.2,,45.26231,6.024101
2026-03-15T14:06:54+00:00,93,36.36,1716.8,,45.262224,6.023876
2026-03-15T14:06:55+00:00,90,36.288000000000004,1715.8,,45.262207,6.02375
2026-03-15T14:06:56+00:00,93,36.288000000000004,1714.8,,45.262189,6.023623
2026-03-15T14:06:57+00:00,95,36.0,1713.8,,45.262164,6.023497
2026-03-15T14:06:58+00:00,97,36.6588,1712.6,,45.262151,6.023372
2026-03-15T14:06:59+00:00,98,36.936,1711.0,,45.262132,6.023228
2026-03-15T14:07:00+00:00,100,37.583999999999996,1709.0,,45.262106,6.023092
2026-03-15T14:07:01+00:00,101,37.080000000000005,1707.0,,45.262113,6.022969
2026-03-15T14:07:02+00:00,103,35.928000000000004,1705.4,,45.262104,6.022867
2026-03-15T14:07:03+00:00,104,33.696,1703.4,,45.262064,6.022807
2026-03-15T14:07:04+00:00,105,29.088,1701.8,,45.262048,6.022752
2026-03-15T14:07:05+00:00,106,23.544,1700.6,,45.262065,6.022716
2026-03-15T14:07:06+00:00,107,20.808,1699.6,,45.262066,6.022643
2026-03-15T14:07:07+00:00,107,19.152,1698.2,,45.262038,6.022576
2026-03-15T14:07:08+00:00,107,20.376,1696.8,,45.262,6.022492
2026-03-15T14:07:09+00:00,109,22.176000000000002,1695.6,,45.26198,6.022402
2026-03-15T14:07:10+00:00,108,26.568,1694.4,,45.261965,6.022284
2026-03-15T14:07:11+00:00,109,30.6,1692.8,,45.261952,6.022138
2026-03-15T14:07:12+00:00,112,35.208,1691.2,,45.261939,6.021979
2026-03-15T14:07:13+00:00,114,38.448,1687.6,,45.261926,6.021818
2026-03-15T14:07:14+00:00,112,42.048,1685.2,,45.261907,6.021659
2026-03-15T14:07:15+00:00,112,44.352000000000004,1683.8,,45.261895,6.021501
2026-03-15T14:07:16+00:00,113,44.928000000000004,1682.6,,45.261883,6.021344
2026-03-15T14:07:18+00:00,114,43.848,1680.2,,45.261867,6.021051
2026-03-15T14:07:19+00:00,114,42.480000000000004,1679.2,,45.261856,6.020917
2026-03-15T14:07:20+00:00,114,41.04,1678.4,,45.261854,6.020783
2026-03-15T14:07:21+00:00,114,39.168000000000006,1677.6,,45.261849,6.02066
2026-03-15T14:07:22+00:00,115,38.16,1676.4,,45.261837,6.020541
2026-03-15T14:07:23+00:00,115,35.208,1675.4,,45.261818,6.020426
2026-03-15T14:07:24+00:00,115,34.488,1674.2,,45.261798,6.020306
2026-03-15T14:07:25+00:00,115,33.336,1672.8,,45.261813,6.020195
2026-03-15T14:07:26+00:00,115,32.544,1671.6,,45.261839,6.020093
2026-03-15T14:07:27+00:00,116,33.192,1670.0,,45.261856,6.019962
2026-03-15T14:07:28+00:00,116,33.984,1668.6,,45.261872,6.019832
2026-03-15T14:07:29+00:00,116,35.136,1665.8,,45.261933,6.01971
2026-03-15T14:07:30+00:00,116,36.792,1662.8,,45.262022,6.019637
2026-03-15T14:07:31+00:00,117,38.952000000000005,1659.4,,45.262128,6.019621
2026-03-15T14:07:32+00:00,117,41.04,1655.8,,45.26225,6.019632
2026-03-15T14:07:33+00:00,117,44.712,1654.6,,45.262373,6.019646
2026-03-15T14:07:34+00:00,118,46.728,1649.6,,45.262503,6.019634
2026-03-15T14:07:35+00:00,118,47.232,1647.4,,45.262603,6.019671
2026-03-15T14:07:36+00:00,121,46.800000000000004,1643.0,,45.262701,6.019708
2026-03-15T14:07:37+00:00,125,44.352000000000004,1638.8,,45.262794,6.019689
2026-03-15T14:07:38+00:00,128,42.624,1636.6,,45.262861,6.019606
2026-03-15T14:07:39+00:00,128,38.88,1633.4,,45.262913,6.019523
2026-03-15T14:07:40+00:00,128,36.648,1631.0,,45.262967,6.01944
2026-03-15T14:07:41+00:00,129,35.856,1628.8,,45.26299,6.019319
2026-03-15T14:07:42+00:00,130,34.632,1628.0,,45.263007,6.019217
2026-03-15T14:07:43+00:00,130,32.76,1624.8,,45.263061,6.019146
2026-03-15T14:07:44+00:00,129,32.25600000000001,1622.2,,45.263106,6.019069
2026-03-15T14:07:45+00:00,128,31.248,1621.0,,45.263122,6.018978
2026-03-15T14:07:46+00:00,127,30.312,1618.2,,45.263132,6.018871
2026-03-15T14:07:47+00:00,127,30.312,1616.6,,45.26317,6.018776
2026-03-15T14:07:48+00:00,126,28.584000000000003,1614.4,,45.263227,6.018744
2026-03-15T14:07:49+00:00,125,28.728,1612.6,,45.263299,6.018728
2026-03-15T14:07:50+00:00,122,30.6,1610.8,,45.263382,6.018674
2026-03-15T14:07:51+00:00,121,31.752000000000002,1608.4,,45.263469,6.018635
2026-03-15T14:07:52+00:00,120,33.480000000000004,1605.0,,45.263555,6.018575
2026-03-15T14:07:53+00:00,120,36.072,1601.8,,45.263616,6.018476
2026-03-15T14:07:54+00:00,119,38.016000000000005,1600.4,,45.263683,6.01837
2026-03-15T14:07:55+00:00,119,38.448,1597.2,,45.263735,6.018256
2026-03-15T14:07:56+00:00,119,39.096,1595.4,,45.263749,6.018116
2026-03-15T14:07:57+00:00,119,39.744,1593.4,,45.26375,6.017969
2026-03-15T14:07:58+00:00,118,39.24,1591.4,,45.263754,6.017811
2026-03-15T14:07:59+00:00,118,43.272,1589.2,,45.263747,6.017643
2026-03-15T14:08:00+00:00,117,45.576,1586.6,,45.263731,6.017467
2026-03-15T14:08:01+00:00,117,47.376000000000005,1584.6,,45.263737,6.017293
2026-03-15T14:08:02+00:00,117,48.528000000000006,1582.2,,45.263775,6.017131
2026-03-15T14:08:03+00:00,116,48.672,1580.2,,45.263821,6.016984
2026-03-15T14:08:04+00:00,116,48.528000000000006,1577.8,,45.26387,6.01683
2026-03-15T14:08:05+00:00,116,49.104000000000006,1575.2,,45.263924,6.016658
2026-03-15T14:08:06+00:00,117,49.608,1572.2,,45.263991,6.016501
2026-03-15T14:08:07+00:00,118,49.608,1568.2,,45.26408,6.01639
2026-03-15T14:08:08+00:00,118,48.096,1567.2,,45.264159,6.016316
2026-03-15T14:08:09+00:00,117,46.368,1564.8,,45.264243,6.016248
2026-03-15T14:08:10+00:00,116,43.488,1564.4,,45.264329,6.016189
2026-03-15T14:08:12+00:00,115,36.144,1563.8,,45.26446,6.016079
2026-03-15T14:08:14+00:00,114,28.944,1562.4,,45.264545,6.015975
2026-03-15T14:08:16+00:00,115,24.5988,1562.4,,45.26461,6.015864
2026-03-15T14:08:19+00:00,115,17.352,1563.0,,45.264674,6.015717
2026-03-15T14:08:20+00:00,116,16.261200000000002,1562.8,,45.264684,6.01568
2026-03-15T14:08:22+00:00,116,11.998800000000001,1562.4,,45.264703,6.015636
2026-03-15T14:08:23+00:00,115,10.5444,1562.6,,45.264709,6.015644
2026-03-15T14:08:27+00:00,120,0.432,1563.0,,45.264705,6.015649
2026-03-15T14:08:29+00:00,117,0.061200000000000004,1563.0,,45.264705,6.015649
2026-03-15T14:08:31+00:00,114,0.0432,1562.8,,45.264705,6.015649
2026-03-15T14:08:34+00:00,118,0.0,1562.6,,45.264705,6.015649
2026-03-15T14:08:36+00:00,121,0.0,1562.6,,45.264705,6.015649
2026-03-15T14:08:37+00:00,124,0.0,1562.6,,45.264705,6.015649
2026-03-15T14:08:40+00:00,126,0.0,1562.6,,45.264705,6.015649
