timestamp,hr,paceKmh,elevationM,cadence,lat,lon
2026-04-27T17:46:55+00:00,113,0.0,1781.4,,45.112001,5.878855
2026-04-27T17:46:56+00:00,113,0.0,1781.4,,45.112001,5.878855
2026-04-27T17:47:02+00:00,108,0.0,1781.8,,45.112001,5.878855
2026-04-27T17:47:03+00:00,108,0.0,1781.8,,45.112001,5.878855
2026-04-27T17:47:07+00:00,111,0.0,1781.6,,45.112001,5.878855
2026-04-27T17:47:08+00:00,114,1.872,1781.4,,45.112016,5.878882
2026-04-27T17:47:10+00:00,121,1.3356000000000001,1781.8,,45.112016,5.878882
2026-04-27T17:47:13+00:00,123,4.464,1782.6,,45.112028,5.878961
2026-04-27T17:47:15+00:00,128,6.408,1783.0,,45.112015,5.878992
2026-04-27T17:47:16+00:00,134,6.12,1783.2,,45.112014,5.879009
2026-04-27T17:47:17+00:00,138,5.8104000000000005,1783.2,,45.112014,5.879023
2026-04-27T17:47:21+00:00,141,4.680000000000001,1783.6,,45.11202,5.879089
2026-04-27T17:47:22+00:00,141,4.680000000000001,1783.8,,45.112021,5.879104
2026-04-27T17:47:27+00:00,141,3.1212,1784.4,,45.112037,5.87915
2026-04-27T17:47:30+00:00,140,2.25,1784.8,,45.112038,5.87916
2026-04-27T17:47:33+00:00,142,1.4400000000000002,1785.0,,45.112029,5.879177
2026-04-27T17:47:39+00:00,143,2.4408000000000003,1785.0,,45.112025,5.879231
2026-04-27T17:47:40+00:00,143,2.3652,1785.0,,45.112023,5.879226
2026-04-27T17:47:46+00:00,145,0.0,1785.2,,45.112024,5.879227
2026-04-27T17:47:48+00:00,147,0.4968000000000001,1785.2,,45.112026,5.879236
2026-04-27T17:47:54+00:00,146,0.4968000000000001,1784.6,,45.112023,5.879226
2026-04-27T17:47:55+00:00,146,0.0,1784.6,,45.112023,5.879226
2026-04-27T17:48:01+00:00,148,0.0,1785.2,,45.112023,5.879226
2026-04-27T17:48:03+00:00,147,0.0468,1785.2,,45.112023,5.879226
2026-04-27T17:48:09+00:00,148,0.0468,1785.2,,45.112023,5.879226
2026-04-27T17:48:13+00:00,148,0.0,1785.4,,45.112023,5.879226
2026-04-27T17:48:16+00:00,148,0.0,1785.2,,45.112023,5.879226
2026-04-27T17:48:18+00:00,144,0.0,1785.2,,45.112023,5.879226
2026-04-27T17:48:19+00:00,140,0.0,1785.2,,45.112023,5.879226
2026-04-27T17:48:20+00:00,134,0.0,1785.2,,45.112023,5.879226
2026-04-27T17:48:21+00:00,129,0.0,1785.2,,45.112023,5.879226
2026-04-27T17:48:24+00:00,121,0.0,1785.2,,45.112029,5.879244
2026-04-27T17:48:25+00:00,119,0.864,1785.2,,45.112023,5.879226
2026-04-27T17:48:27+00:00,116,0.7200000000000001,1785.4,,45.112023,5.879226
2026-04-27T17:48:30+00:00,121,0.0,1785.2,,45.112023,5.879226
2026-04-27T17:48:32+00:00,129,0.0,1785.2,,45.112023,5.879226
2026-04-27T17:48:33+00:00,126,0.0,1785.0,,45.112023,5.879226
2026-04-27T17:48:34+00:00,123,0.0,1785.0,,45.112023,5.879226
2026-04-27T17:48:36+00:00,119,0.0,1785.2,,45.112023,5.879226
2026-04-27T17:48:39+00:00,114,0.0,1785.2,,45.112023,5.879226
2026-04-27T17:48:40+00:00,110,0.0,1785.2,,45.112023,5.879226
2026-04-27T17:48:41+00:00,110,0.0,1785.2,,45.112023,5.879226
2026-04-27T17:48:46+00:00,105,0.0,1785.2,,45.112023,5.879226
2026-04-27T17:48:47+00:00,102,0.0,1785.2,,45.112023,5.879226
2026-04-27T17:48:48+00:00,98,0.0,1785.2,,45.112023,5.879226
2026-04-27T17:48:51+00:00,104,0.864,1785.2,,45.112023,5.879226
2026-04-27T17:48:52+00:00,107,0.864,1785.2,,45.112023,5.879226
2026-04-27T17:48:53+00:00,102,0.864,1785.2,,45.11203,5.87924
2026-04-27T17:48:55+00:00,99,1.0295999999999998,1785.4,,45.112033,5.879248
2026-04-27T17:48:59+00:00,108,3.3012,1785.8,,45.112053,5.879299
2026-04-27T17:49:00+00:00,111,4.176,1786.0,,45.112054,5.879313
2026-04-27T17:49:01+00:00,115,3.7800000000000002,1786.2,,45.112054,5.879319
2026-04-27T17:49:02+00:00,119,3.3948,1786.4,,45.112053,5.879323
2026-04-27T17:49:03+00:00,122,2.9699999999999998,1786.4,,45.112052,5.879324
2026-04-27T17:49:04+00:00,122,1.6560000000000001,1786.6,,45.112051,5.87933
2026-04-27T17:49:06+00:00,123,1.728,1786.8,,45.112048,5.879351
2026-04-27T17:49:07+00:00,127,1.584,1787.0,,45.112049,5.879352
2026-04-27T17:49:11+00:00,128,1.584,1787.2,,45.112048,5.87938
2026-04-27T17:49:17+00:00,127,0.9,1787.2,,45.112047,5.879383
2026-04-27T17:49:18+00:00,124,0.20520000000000002,1787.2,,45.112047,5.879383
2026-04-27T17:49:22+00:00,127,0.0,1787.4,,45.112047,5.879383
2026-04-27T17:49:28+00:00,128,0.0,1787.4,,45.112047,5.879383
2026-04-27T17:49:29+00:00,127,0.0,1787.4,,45.112047,5.879383
2026-04-27T17:49:32+00:00,124,0.0,1787.2,,45.112047,5.879383
2026-04-27T17:49:34+00:00,120,0.0,1787.4,,45.112047,5.879383
2026-04-27T17:49:36+00:00,117,0.0,1787.4,,45.112047,5.879383
2026-04-27T17:49:37+00:00,114,0.0,1787.4,,45.112047,5.879383
2026-04-27T17:49:38+00:00,111,0.0,1787.4,,45.112047,5.879383
2026-04-27T17:49:39+00:00,111,0.0,1787.4,,45.112047,5.879383
2026-04-27T17:49:42+00:00,108,0.0,1787.4,,45.112047,5.879383
2026-04-27T17:49:43+00:00,107,0.0,1787.4,,45.112047,5.879383
2026-04-27T17:49:44+00:00,104,0.0,1787.2,,45.112047,5.879383
2026-04-27T17:49:48+00:00,108,0.07200000000000001,1787.2,,45.112049,5.879387
2026-04-27T17:49:51+00:00,104,2.4696000000000002,1787.2,,45.112069,5.879433
2026-04-27T17:49:52+00:00,103,2.4768,1787.4,,45.112076,5.87944
2026-04-27T17:49:53+00:00,98,4.896000000000001,1787.4,,45.112085,5.879452
2026-04-27T17:49:57+00:00,98,4.824000000000001,1788.0,,45.112112,5.879507
2026-04-27T17:49:58+00:00,102,4.392,1788.0,,45.112117,5.879516
2026-04-27T17:50:00+00:00,108,4.8852,1788.4,,45.112134,5.879548
2026-04-27T17:50:01+00:00,111,5.04,1788.4,,45.11214,5.879567
2026-04-27T17:50:02+00:00,113,4.6080000000000005,1788.6,,45.112145,5.879574
2026-04-27T17:50:05+00:00,114,4.176,1789.2,,45.112163,5.879609
2026-04-27T17:50:07+00:00,114,3.3120000000000003,1789.8,,45.112166,5.87962
2026-04-27T17:50:08+00:00,92,3.3012,1789.8,,45.112172,5.87963
2026-04-27T17:50:09+00:00,92,3.24,1790.0,,45.112175,5.879636
2026-04-27T17:50:11+00:00,93,2.52,1790.2,,45.112176,5.879656
2026-04-27T17:50:12+00:00,95,2.8800000000000003,1790.2,,45.112173,5.879665
2026-04-27T17:50:14+00:00,99,2.0160000000000005,1790.4,,45.112177,5.879666
2026-04-27T17:50:17+00:00,99,0.7200000000000001,1790.4,,45.112179,5.879672
2026-04-27T17:50:20+00:00,71,0.2988,1790.4,,45.112179,5.879672
2026-04-27T17:50:21+00:00,87,0.2556,1790.4,,45.112179,5.879672
2026-04-27T17:50:22+00:00,111,0.0,1790.4,,45.11218,5.879672
2026-04-27T17:50:23+00:00,111,0.7200000000000001,1790.4,,45.112185,5.879685
2026-04-27T17:50:24+00:00,118,1.08,1790.6,,45.11219,5.879694
2026-04-27T17:50:25+00:00,121,1.9440000000000002,1790.6,,45.112193,5.879701
2026-04-27T17:50:26+00:00,124,2.232,1790.8,,45.112195,5.879706
2026-04-27T17:50:27+00:00,127,2.736,1790.8,,45.112199,5.879713
2026-04-27T17:50:28+00:00,134,2.664,1790.8,,45.112203,5.879726
2026-04-27T17:50:32+00:00,134,2.16,1791.0,,45.112213,5.879744
2026-04-27T17:50:38+00:00,133,0.7200000000000001,1791.0,,45.112217,5.87974
2026-04-27T17:50:40+00:00,132,1.1268,1791.2,,45.112217,5.879776
2026-04-27T17:50:41+00:00,133,1.5191999999999999,1791.2,,45.112216,5.879791
2026-04-27T17:50:47+00:00,135,2.8800000000000003,1791.8,,45.112214,5.879846
2026-04-27T17:50:49+00:00,135,2.61,1792.0,,45.11221,5.879864
2026-04-27T17:50:50+00:00,132,2.7612,1792.0,,45.11221,5.879877
2026-04-27T17:50:52+00:00,130,3.024,1792.4,,45.112207,5.879897
2026-04-27T17:50:53+00:00,129,3.06,1792.4,,45.112207,5.879909
2026-04-27T17:50:56+00:00,133,3.3012,1792.6,,45.112206,5.879948
2026-04-27T17:51:00+00:00,131,3.24,1792.8,,45.112212,5.879988
2026-04-27T17:51:04+00:00,134,2.7,1792.8,,45.112215,5.880023
2026-04-27T17:51:06+00:00,135,2.7612,1792.8,,45.112213,5.880044
2026-04-27T17:51:12+00:00,139,2.61,1793.0,,45.11222,5.880094
2026-04-27T17:51:18+00:00,140,1.5912,1793.2,,45.112227,5.880111
2026-04-27T17:51:22+00:00,139,2.3400000000000003,1793.0,,45.112263,5.880146
2026-04-27T17:51:24+00:00,135,3.06,1792.8,,45.112254,5.880136
2026-04-27T17:51:27+00:00,132,1.6560000000000001,1792.8,,45.112274,5.880143
2026-04-27T17:51:28+00:00,135,1.4400000000000002,1792.8,,45.112275,5.880137
2026-04-27T17:51:29+00:00,139,2.232,1793.0,,45.11228,5.880136
2026-04-27T17:51:30+00:00,139,2.4588,1792.8,,45.112289,5.880132
2026-04-27T17:51:34+00:00,140,3.024,1792.8,,45.112318,5.880127
2026-04-27T17:51:38+00:00,133,2.9268,1793.0,,45.112346,5.880143
2026-04-27T17:51:39+00:00,133,3.168,1793.0,,45.112351,5.880157
2026-04-27T17:51:41+00:00,136,3.0852,1793.2,,45.112353,5.880181
2026-04-27T17:51:42+00:00,138,3.5568,1793.2,,45.112356,5.880202
2026-04-27T17:51:43+00:00,138,4.176,1793.4,,45.112358,5.880217
2026-04-27T17:51:48+00:00,138,3.8411999999999997,1794.4,,45.112361,5.880284
2026-04-27T17:51:49+00:00,138,3.6,1794.6,,45.112364,5.880293
2026-04-27T17:51:50+00:00,141,3.7043999999999997,1794.8,,45.112364,5.880307
2026-04-27T17:51:51+00:00,145,3.69,1794.8,,45.112366,5.88032
2026-04-27T17:51:53+00:00,147,3.456,1795.2,,45.112368,5.880343
2026-04-27T17:51:58+00:00,148,4.2696,1795.6,,45.112387,5.88042
2026-04-27T17:51:59+00:00,148,4.2012,1795.8,,45.112388,5.880427
2026-04-27T17:52:01+00:00,144,4.14,1796.0,,45.112394,5.880452
2026-04-27T17:52:04+00:00,145,4.176,1796.4,,45.112407,5.880494
2026-04-27T17:52:05+00:00,146,3.7800000000000002,1796.8,,45.112409,5.880502
2026-04-27T17:52:07+00:00,149,3.42,1797.4,,45.112409,5.880521
2026-04-27T17:52:09+00:00,150,2.4480000000000004,1797.8,,45.112409,5.880539
2026-04-27T17:52:10+00:00,151,3.168,1798.0,,45.112408,5.880556
2026-04-27T17:52:14+00:00,154,3.672,1798.8,,45.112411,5.8806
2026-04-27T17:52:15+00:00,155,3.024,1799.0,,45.112412,5.880607
2026-04-27T17:52:20+00:00,159,2.3400000000000003,1799.8,,45.112415,5.880648
2026-04-27T17:52:21+00:00,158,2.0412,1799.8,,45.112415,5.880651
2026-04-27T17:52:22+00:00,158,2.4156000000000004,1800.0,,45.112419,5.880666
2026-04-27T17:52:28+00:00,159,2.9303999999999997,1801.0,,45.112446,5.880703
2026-04-27T17:52:31+00:00,156,2.7216,1801.6,,45.112463,5.880722
2026-04-27T17:52:34+00:00,156,2.7612,1802.2,,45.112476,5.88074
2026-04-27T17:52:40+00:00,158,3.2004,1803.0,,45.112521,5.880778
2026-04-27T17:52:42+00:00,158,3.1968,1803.2,,45.11253,5.880789
2026-04-27T17:52:46+00:00,155,3.3012,1803.6,,45.112556,5.880825
2026-04-27T17:52:48+00:00,155,3.7188,1803.8,,45.112567,5.880845
2026-04-27T17:52:51+00:00,154,3.24,1804.0,,45.112585,5.880866
2026-04-27T17:52:53+00:00,154,3.8880000000000003,1804.2,,45.112599,5.880897
2026-04-27T17:52:57+00:00,155,3.42,1804.8,,45.112614,5.880925
2026-04-27T17:53:01+00:00,151,2.52,1805.2,,45.112624,5.880956
2026-04-27T17:53:02+00:00,153,2.232,1805.4,,45.112626,5.880961
2026-04-27T17:53:03+00:00,153,2.8188,1805.6,,45.112634,5.880977
2026-04-27T17:53:08+00:00,153,3.6611999999999996,1806.2,,45.112654,5.881026
2026-04-27T17:53:11+00:00,153,3.2832000000000003,1806.4,,45.112664,5.881058
2026-04-27T17:53:13+00:00,153,3.168,1806.6,,45.112672,5.881073
2026-04-27T17:53:18+00:00,151,2.8296,1807.2,,45.112693,5.881115
2026-04-27T17:53:21+00:00,154,3.06,1807.6,,45.11271,5.881141
2026-04-27T17:53:23+00:00,153,3.456,1807.8,,45.112715,5.881164
2026-04-27T17:53:28+00:00,154,2.7756000000000003,1808.4,,45.112737,5.881201
2026-04-27T17:53:30+00:00,154,3.0852,1808.6,,45.112747,5.881224
2026-04-27T17:53:33+00:00,156,3.528,1809.0,,45.112764,5.881244
2026-04-27T17:53:38+00:00,154,2.43,1809.6,,45.11278,5.881275
2026-04-27T17:53:39+00:00,155,2.7612,1809.6,,45.112788,5.881285
2026-04-27T17:53:43+00:00,154,2.8800000000000003,1810.2,,45.112806,5.881306
2026-04-27T17:53:46+00:00,153,2.16,1810.6,,45.112817,5.881323
2026-04-27T17:53:49+00:00,152,3.1212,1811.2,,45.112833,5.881355
2026-04-27T17:53:52+00:00,151,3.8988,1811.8,,45.112855,5.88138
2026-04-27T17:53:54+00:00,151,2.8800000000000003,1812.0,,45.112862,5.881387
2026-04-27T17:53:57+00:00,154,2.088,1812.6,,45.112876,5.881405
2026-04-27T17:53:58+00:00,153,1.7388,1812.8,,45.112876,5.881404
2026-04-27T17:54:01+00:00,154,2.8296,1813.4,,45.112895,5.881431
2026-04-27T17:54:04+00:00,153,3.24,1814.0,,45.112908,5.881446
2026-04-27T17:54:06+00:00,156,2.232,1814.6,,45.112918,5.881456
2026-04-27T17:54:08+00:00,156,2.5704,1815.0,,45.112933,5.881472
2026-04-27T17:54:10+00:00,159,3.06,1815.4,,45.112947,5.881483
2026-04-27T17:54:11+00:00,160,3.528,1815.8,,45.112953,5.881489
2026-04-27T17:54:13+00:00,161,2.52,1816.2,,45.112957,5.881494
2026-04-27T17:54:15+00:00,162,2.592,1816.6,,45.112968,5.881512
2026-04-27T17:54:17+00:00,162,2.4012000000000002,1817.2,,45.11298,5.88152
2026-04-27T17:54:18+00:00,164,2.8800000000000003,1817.4,,45.112984,5.881522
2026-04-27T17:54:21+00:00,161,2.4588,1818.0,,45.113,5.881534
2026-04-27T17:54:22+00:00,163,2.52,1818.2,,45.113004,5.881543
2026-04-27T17:54:23+00:00,163,2.232,1818.4,,45.113003,5.881544
2026-04-27T17:54:27+00:00,164,1.9440000000000002,1819.2,,45.113022,5.881564
2026-04-27T17:54:28+00:00,165,2.4480000000000004,1819.4,,45.113027,5.881565
2026-04-27T17:54:34+00:00,164,1.6452,1820.0,,45.113047,5.881574
2026-04-27T17:54:37+00:00,164,1.6812,1820.4,,45.113063,5.881583
2026-04-27T17:54:39+00:00,164,2.3760000000000003,1820.6,,45.113073,5.881594
2026-04-27T17:54:43+00:00,162,2.2212,1821.0,,45.113089,5.881609
2026-04-27T17:54:46+00:00,163,2.4696000000000002,1821.2,,45.11311,5.881627
2026-04-27T17:54:48+00:00,162,3.672,1821.4,,45.11313,5.881641
2026-04-27T17:54:52+00:00,162,4.2588,1822.0,,45.113168,5.881663
2026-04-27T17:54:56+00:00,162,3.6,1822.6,,45.113188,5.881697
2026-04-27T17:55:01+00:00,164,3.8016,1823.6,,45.113211,5.881765
2026-04-27T17:55:02+00:00,164,4.2012,1823.8,,45.113216,5.881776
2026-04-27T17:55:06+00:00,165,3.528,1824.4,,45.113228,5.88182
2026-04-27T17:55:09+00:00,166,3.7548,1824.8,,45.113241,5.881862
2026-04-27T17:55:11+00:00,166,4.464,1825.0,,45.113253,5.881889
2026-04-27T17:55:16+00:00,167,4.1148,1825.8,,45.113275,5.881945
2026-04-27T17:55:20+00:00,167,3.8016,1826.4,,45.113294,5.881994
2026-04-27T17:55:23+00:00,167,3.6504000000000003,1826.8,,45.113301,5.882027
2026-04-27T17:55:25+00:00,168,2.664,1827.2,,45.113304,5.882043
2026-04-27T17:55:28+00:00,169,3.384,1828.0,,45.113307,5.882087
2026-04-27T17:55:29+00:00,168,3.5388,1828.2,,45.113307,5.8821
2026-04-27T17:55:33+00:00,171,3.456,1829.0,,45.113311,5.882146
2026-04-27T17:55:34+00:00,171,3.744,1829.2,,45.113313,5.882165
2026-04-27T17:55:38+00:00,171,4.752000000000001,1830.4,,45.11332,5.882226
2026-04-27T17:55:39+00:00,172,4.176,1830.6,,45.113319,5.882234
2026-04-27T17:55:42+00:00,173,3.69,1831.4,,45.11332,5.882267
2026-04-27T17:55:43+00:00,175,2.952,1831.6,,45.113319,5.88228
2026-04-27T17:55:44+00:00,174,3.8160000000000003,1832.0,,45.113325,5.882302
2026-04-27T17:55:46+00:00,176,3.9096,1832.6,,45.11333,5.882328
2026-04-27T17:55:48+00:00,176,4.464,1833.2,,45.113334,5.882352
2026-04-27T17:55:50+00:00,177,3.8411999999999997,1833.8,,45.113338,5.882377
2026-04-27T17:55:52+00:00,179,2.9412,1834.2,,45.11334,5.882384
2026-04-27T17:55:55+00:00,178,2.16,1834.8,,45.113347,5.882408
2026-04-27T17:55:58+00:00,178,2.9412,1836.0,,45.113352,5.882441
2026-04-27T17:55:59+00:00,179,3.24,1836.2,,45.113356,5.882462
2026-04-27T17:56:02+00:00,180,4.6296,1837.0,,45.113362,5.882517
2026-04-27T17:56:05+00:00,179,4.0788,1837.8,,45.113368,5.882542
2026-04-27T17:56:06+00:00,180,4.5756,1838.0,,45.113372,5.882563
2026-04-27T17:56:09+00:00,180,3.1896,1839.2,,45.11338,5.882589
2026-04-27T17:56:10+00:00,180,3.8160000000000003,1839.4,,45.113385,5.8826
2026-04-27T17:56:13+00:00,181,3.4452,1840.2,,45.113398,5.882638
2026-04-27T17:56:15+00:00,181,3.456,1840.8,,45.113404,5.882655
2026-04-27T17:56:17+00:00,181,3.8051999999999997,1841.2,,45.113411,5.882681
2026-04-27T17:56:20+00:00,181,3.3120000000000003,1842.2,,45.113412,5.882708
2026-04-27T17:56:21+00:00,182,3.7800000000000002,1842.4,,45.113413,5.882726
2026-04-27T17:56:24+00:00,183,3.3948,1843.4,,45.113418,5.882767
2026-04-27T17:56:25+00:00,183,4.5360000000000005,1843.8,,45.113421,5.882785
2026-04-27T17:56:28+00:00,183,3.3948,1844.8,,45.113423,5.88281
2026-04-27T17:56:29+00:00,183,3.384,1845.0,,45.113421,5.882823
2026-04-27T17:56:33+00:00,183,4.104,1846.2,,45.113432,5.882879
2026-04-27T17:56:36+00:00,184,4.5252,1847.2,,45.11344,5.882926
2026-04-27T17:56:37+00:00,184,4.41,1847.6,,45.113442,5.882938
2026-04-27T17:56:40+00:00,186,4.3704,1848.2,,45.113446,5.882979
2026-04-27T17:56:41+00:00,186,3.6,1848.6,,45.113448,5.882986
2026-04-27T17:56:44+00:00,186,3.9096,1849.4,,45.113452,5.883028
2026-04-27T17:56:45+00:00,186,3.6,1849.8,,45.113458,5.883039
2026-04-27T17:56:48+00:00,187,3.6504000000000003,1850.6,,45.113455,5.883073
2026-04-27T17:56:49+00:00,188,3.9600000000000004,1851.0,,45.11346,5.883095
2026-04-27T17:56:52+00:00,187,3.9096,1852.0,,45.113462,5.883129
2026-04-27T17:56:54+00:00,186,3.024,1852.6,,45.113466,5.883144
2026-04-27T17:56:56+00:00,186,2.7252,1853.2,,45.113468,5.883156
2026-04-27T17:56:58+00:00,185,3.42,1853.8,,45.113472,5.883197
2026-04-27T17:57:00+00:00,185,4.14,1854.4,,45.113478,5.883225
2026-04-27T17:57:02+00:00,185,4.4388000000000005,1854.8,,45.113483,5.883243
2026-04-27T17:57:04+00:00,186,3.06,1855.4,,45.113486,5.883256
2026-04-27T17:57:06+00:00,186,2.9988,1856.0,,45.113492,5.883282
2026-04-27T17:57:08+00:00,186,2.5812,1856.6,,45.113496,5.883293
2026-04-27T17:57:10+00:00,186,4.2588,1857.2,,45.113508,5.883337
2026-04-27T17:57:12+00:00,187,2.9988,1857.8,,45.113508,5.883338
2026-04-27T17:57:13+00:00,186,4.752000000000001,1858.2,,45.113512,5.883367
2026-04-27T17:57:16+00:00,187,3.5388,1859.0,,45.113517,5.883402
2026-04-27T17:57:17+00:00,187,4.032000000000001,1859.4,,45.113518,5.883403
2026-04-27T17:57:20+00:00,188,3.5496,1860.2,,45.113523,5.88345
2026-04-27T17:57:21+00:00,188,3.24,1860.4,,45.11353,5.883457
2026-04-27T17:57:25+00:00,187,3.24,1861.4,,45.113541,5.883498
2026-04-27T17:57:29+00:00,185,2.79,1862.2,,45.11354,5.883521
2026-04-27T17:57:30+00:00,186,2.592,1862.4,,45.11354,5.883535
2026-04-27T17:57:34+00:00,184,2.52,1863.2,,45.113542,5.883564
2026-04-27T17:57:35+00:00,184,2.592,1863.4,,45.113541,5.883579
2026-04-27T17:57:39+00:00,184,3.096,1864.2,,45.113547,5.883617
2026-04-27T17:57:41+00:00,184,2.5812,1864.6,,45.113549,5.883636
2026-04-27T17:57:44+00:00,181,3.024,1865.0,,45.113555,5.883672
2026-04-27T17:57:49+00:00,182,1.5768,1865.6,,45.113553,5.883677
2026-04-27T17:57:52+00:00,179,0.27,1865.6,,45.113551,5.883676
2026-04-27T17:57:56+00:00,177,1.3356000000000001,1866.0,,45.113548,5.883712
2026-04-27T17:58:00+00:00,176,2.4768,1866.8,,45.113544,5.883748
2026-04-27T17:58:05+00:00,176,2.8008,1867.6,,45.11355,5.883799
2026-04-27T17:58:06+00:00,176,3.4812,1867.8,,45.113551,5.883818
2026-04-27T17:58:10+00:00,176,3.024,1868.6,,45.113552,5.883854
2026-04-27T17:58:11+00:00,174,2.52,1868.8,,45.113549,5.883861
2026-04-27T17:58:14+00:00,173,2.5632,1869.4,,45.113551,5.883886
2026-04-27T17:58:17+00:00,173,2.8188,1869.8,,45.113557,5.883918
2026-04-27T17:58:18+00:00,173,2.9303999999999997,1870.0,,45.113559,5.883933
2026-04-27T17:58:23+00:00,174,4.0212,1871.0,,45.113569,5.883998
2026-04-27T17:58:26+00:00,175,3.6468,1871.6,,45.113573,5.884024
2026-04-27T17:58:28+00:00,176,2.4480000000000004,1872.0,,45.113571,5.884037
2026-04-27T17:58:29+00:00,175,2.8188,1872.2,,45.113575,5.884052
2026-04-27T17:58:34+00:00,173,3.3012,1873.2,,45.11357,5.884101
2026-04-27T17:58:39+00:00,174,2.988,1874.2,,45.11357,5.884156
2026-04-27T17:58:40+00:00,173,2.9412,1874.2,,45.113569,5.884165
2026-04-27T17:58:44+00:00,174,3.168,1875.0,,45.113572,5.884209
2026-04-27T17:58:46+00:00,174,3.6,1875.6,,45.113575,5.884236
2026-04-27T17:58:49+00:00,174,3.8160000000000003,1876.0,,45.113581,5.884271
2026-04-27T17:58:52+00:00,173,2.2212,1876.6,,45.113581,5.88428
2026-04-27T17:58:53+00:00,173,2.8800000000000003,1877.0,,45.113585,5.884302
2026-04-27T17:58:56+00:00,172,3.1356,1877.6,,45.113594,5.884342
2026-04-27T17:58:57+00:00,172,4.896000000000001,1877.8,,45.113596,5.884359
2026-04-27T17:58:58+00:00,172,3.8160000000000003,1878.0,,45.113598,5.884365
2026-04-27T17:59:02+00:00,172,2.592,1878.8,,45.113597,5.884404
2026-04-27T17:59:03+00:00,172,3.24,1879.0,,45.113599,5.884419
2026-04-27T17:59:08+00:00,173,3.3588000000000005,1880.0,,45.113608,5.884472
2026-04-27T17:59:12+00:00,173,3.3984,1880.6,,45.113613,5.88452
2026-04-27T17:59:15+00:00,174,3.7043999999999997,1881.0,,45.113614,5.884559
2026-04-27T17:59:17+00:00,174,3.9600000000000004,1881.2,,45.113617,5.884586
2026-04-27T17:59:21+00:00,174,4.0788,1881.8,,45.113622,5.884642
2026-04-27T17:59:23+00:00,173,3.1788000000000003,1882.0,,45.113624,5.884654
2026-04-27T17:59:26+00:00,172,1.584,1882.6,,45.113624,5.884658
2026-04-27T17:59:27+00:00,168,1.3212,1882.6,,45.113625,5.884658
2026-04-27T17:59:29+00:00,167,1.5011999999999999,1882.6,,45.113629,5.884676
2026-04-27T17:59:31+00:00,168,3.024,1882.6,,45.113637,5.88471
2026-04-27T17:59:35+00:00,167,3.06,1883.0,,45.113642,5.884738
2026-04-27T17:59:36+00:00,167,3.024,1883.2,,45.113646,5.884761
2026-04-27T17:59:41+00:00,167,3.8411999999999997,1884.0,,45.113657,5.884812
2026-04-27T17:59:42+00:00,166,2.9988,1884.2,,45.113659,5.884822
2026-04-27T17:59:45+00:00,167,2.9988,1884.6,,45.113659,5.884856
2026-04-27T17:59:49+00:00,166,3.24,1885.2,,45.113666,5.884902
2026-04-27T17:59:50+00:00,166,3.8160000000000003,1885.4,,45.113669,5.884922
2026-04-27T17:59:51+00:00,163,3.9600000000000004,1885.6,,45.113671,5.884936
2026-04-27T17:59:54+00:00,164,3.9600000000000004,1886.4,,45.113676,5.884969
2026-04-27T17:59:55+00:00,164,3.672,1886.4,,45.113675,5.884982
2026-04-27T17:59:59+00:00,162,3.8160000000000003,1887.0,,45.113686,5.885033
2026-04-27T18:00:02+00:00,162,3.6,1887.4,,45.113692,5.885068
2026-04-27T18:00:04+00:00,163,3.672,1887.8,,45.113696,5.885096
2026-04-27T18:00:08+00:00,163,3.42,1888.4,,45.113707,5.885137
2026-04-27T18:00:10+00:00,166,3.42,1888.8,,45.113714,5.885163
2026-04-27T18:00:13+00:00,166,3.6,1889.4,,45.113719,5.885198
2026-04-27T18:00:14+00:00,166,3.5388,1889.6,,45.113719,5.885208
2026-04-27T18:00:17+00:00,166,3.3948,1890.0,,45.113727,5.885242
2026-04-27T18:00:20+00:00,166,3.5388,1890.6,,45.113737,5.885276
2026-04-27T18:00:22+00:00,166,3.24,1891.2,,45.113744,5.885295
2026-04-27T18:00:25+00:00,166,3.384,1891.8,,45.113753,5.885334
2026-04-27T18:00:27+00:00,166,3.8160000000000003,1892.2,,45.11376,5.885354
2026-04-27T18:00:30+00:00,166,3.8880000000000003,1892.8,,45.113769,5.885394
2026-04-27T18:00:32+00:00,167,3.456,1893.2,,45.113773,5.88541
2026-04-27T18:00:36+00:00,166,3.24,1893.8,,45.11379,5.885456
2026-04-27T18:00:41+00:00,166,3.4415999999999998,1894.8,,45.113807,5.885506
2026-04-27T18:00:42+00:00,165,3.24,1895.0,,45.11381,5.885513
2026-04-27T18:00:45+00:00,166,3.24,1895.6,,45.113823,5.885543
2026-04-27T18:00:46+00:00,166,2.8080000000000003,1895.6,,45.113826,5.88555
2026-04-27T18:00:49+00:00,167,3.2904,1896.2,,45.113842,5.885582
2026-04-27T18:00:50+00:00,168,3.3120000000000003,1896.4,,45.113846,5.885594
2026-04-27T18:00:54+00:00,169,3.168,1896.8,,45.11386,5.885629
2026-04-27T18:00:57+00:00,166,3.2904,1897.0,,45.113879,5.885655
2026-04-27T18:00:58+00:00,166,3.15,1897.2,,45.113882,5.885663
2026-04-27T18:00:59+00:00,166,3.024,1897.4,,45.113886,5.885669
2026-04-27T18:01:04+00:00,165,2.9412,1898.0,,45.113906,5.885712
2026-04-27T18:01:06+00:00,163,3.24,1898.4,,45.113919,5.885733
2026-04-27T18:01:08+00:00,161,3.4415999999999998,1898.4,,45.113933,5.885756
2026-04-27T18:01:13+00:00,163,3.7548,1898.8,,45.113963,5.885798
2026-04-27T18:01:18+00:00,164,3.528,1899.4,,45.113992,5.885844
2026-04-27T18:01:19+00:00,164,3.3588000000000005,1899.4,,45.113996,5.885855
2026-04-27T18:01:22+00:00,164,3.4812,1899.6,,45.114013,5.885886
2026-04-27T18:01:27+00:00,165,4.0932,1900.2,,45.114049,5.88594
2026-04-27T18:01:30+00:00,166,4.32,1900.4,,45.114075,5.885968
2026-04-27T18:01:32+00:00,166,4.176,1900.6,,45.114088,5.885992
2026-04-27T18:01:35+00:00,166,3.8880000000000003,1900.8,,45.114114,5.886013
2026-04-27T18:01:37+00:00,165,4.392,1901.0,,45.114135,5.886036
2026-04-27T18:01:41+00:00,165,5.1012,1901.2,,45.114176,5.886076
2026-04-27T18:01:46+00:00,163,4.680000000000001,1901.4,,45.114225,5.886111
2026-04-27T18:01:47+00:00,164,3.9600000000000004,1901.4,,45.11423,5.886115
2026-04-27T18:01:51+00:00,163,4.32,1901.6,,45.114266,5.886161
2026-04-27T18:01:54+00:00,160,4.5756,1902.0,,45.114291,5.886188
2026-04-27T18:01:55+00:00,159,4.59,1902.0,,45.114301,5.886198
2026-04-27T18:01:59+00:00,161,4.176,1902.4,,45.114329,5.886241
2026-04-27T18:02:00+00:00,160,3.9600000000000004,1902.4,,45.114335,5.88625
2026-04-27T18:02:03+00:00,161,4.2768,1902.6,,45.114357,5.886286
2026-04-27T18:02:07+00:00,164,4.32,1903.0,,45.114387,5.886322
2026-04-27T18:02:10+00:00,167,4.1148,1903.4,,45.114411,5.886356
2026-04-27T18:02:11+00:00,166,4.0968,1903.6,,45.114418,5.886367
2026-04-27T18:02:12+00:00,167,4.032000000000001,1903.6,,45.114424,5.886376
2026-04-27T18:02:17+00:00,166,4.2588,1904.0,,45.114463,5.886428
2026-04-27T18:02:22+00:00,165,4.32,1904.4,,45.114506,5.886474
2026-04-27T18:02:24+00:00,164,4.2696,1904.6,,45.114524,5.88649
2026-04-27T18:02:27+00:00,163,4.464,1904.8,,45.114552,5.886516
2026-04-27T18:02:32+00:00,163,4.05,1905.2,,45.114583,5.886571
2026-04-27T18:02:36+00:00,163,4.0392,1905.6,,45.114608,5.886617
2026-04-27T18:02:37+00:00,163,4.248,1905.8,,45.114613,5.886631
2026-04-27T18:02:42+00:00,166,4.2012,1906.6,,45.114648,5.886689
2026-04-27T18:02:43+00:00,166,4.381200000000001,1906.8,,45.114656,5.886701
2026-04-27T18:02:47+00:00,168,3.744,1907.6,,45.114679,5.886738
2026-04-27T18:02:48+00:00,168,3.744,1907.8,,45.114688,5.886749
2026-04-27T18:02:52+00:00,169,3.9600000000000004,1908.8,,45.114713,5.886784
2026-04-27T18:02:53+00:00,169,4.032000000000001,1909.0,,45.11472,5.886796
2026-04-27T18:02:57+00:00,169,4.104,1910.2,,45.114746,5.886833
2026-04-27T18:03:00+00:00,172,3.5496,1911.0,,45.114763,5.88686
2026-04-27T18:03:01+00:00,173,3.7800000000000002,1911.2,,45.114771,5.88687
2026-04-27T18:03:02+00:00,173,3.8160000000000003,1911.6,,45.114778,5.886879
2026-04-27T18:03:04+00:00,174,3.5496,1912.2,,45.11479,5.886895
2026-04-27T18:03:05+00:00,173,3.8880000000000003,1912.4,,45.114797,5.886904
2026-04-27T18:03:07+00:00,175,3.456,1912.8,,45.114809,5.886925
2026-04-27T18:03:09+00:00,178,3.8880000000000003,1913.4,,45.11482,5.886944
2026-04-27T18:03:12+00:00,178,3.672,1914.4,,45.114836,5.886973
2026-04-27T18:03:13+00:00,179,3.4812,1914.6,,45.11484,5.886979
2026-04-27T18:03:16+00:00,181,3.9096,1915.8,,45.11486,5.887017
2026-04-27T18:03:20+00:00,181,3.9096,1917.0,,45.114883,5.887051
2026-04-27T18:03:24+00:00,182,3.8268,1918.2,,45.114908,5.887098
2026-04-27T18:03:25+00:00,183,4.32,1918.4,,45.114914,5.887109
2026-04-27T18:03:28+00:00,183,4.1868,1919.2,,45.114933,5.887142
2026-04-27T18:03:30+00:00,184,4.464,1919.8,,45.114951,5.887167
2026-04-27T18:03:32+00:00,185,4.4748,1920.4,,45.114965,5.88719
2026-04-27T18:03:36+00:00,186,4.4388000000000005,1921.4,,45.114992,5.887235
2026-04-27T18:03:40+00:00,187,4.23,1922.4,,45.115017,5.88728
2026-04-27T18:03:41+00:00,187,4.176,1922.8,,45.115022,5.887291
2026-04-27T18:03:44+00:00,187,4.0032000000000005,1923.6,,45.115038,5.887325
2026-04-27T18:03:45+00:00,188,4.032000000000001,1923.8,,45.115047,5.887336
2026-04-27T18:03:48+00:00,187,3.9600000000000004,1924.6,,45.115067,5.887367
2026-04-27T18:03:51+00:00,187,4.4388000000000005,1925.4,,45.115088,5.887405
2026-04-27T18:03:52+00:00,187,4.0644,1925.8,,45.115092,5.887411
2026-04-27T18:03:55+00:00,187,3.5496,1926.6,,45.115106,5.887432
2026-04-27T18:03:56+00:00,188,2.8080000000000003,1927.0,,45.115112,5.887441
2026-04-27T18:04:00+00:00,186,4.032000000000001,1927.8,,45.115138,5.887488
2026-04-27T18:04:01+00:00,186,4.5360000000000005,1928.0,,45.115146,5.8875
2026-04-27T18:04:05+00:00,186,4.104,1929.0,,45.11517,5.887539
2026-04-27T18:04:06+00:00,186,3.384,1929.2,,45.115171,5.887547
2026-04-27T18:04:11+00:00,185,3.4812,1930.4,,45.115198,5.887595
2026-04-27T18:04:16+00:00,185,2.952,1931.6,,45.115214,5.887626
2026-04-27T18:04:17+00:00,186,2.6388,1931.8,,45.11522,5.88764
2026-04-27T18:04:21+00:00,186,3.8160000000000003,1932.6,,45.115245,5.887678
2026-04-27T18:04:22+00:00,186,3.744,1932.8,,45.115252,5.887688
2026-04-27T18:04:26+00:00,187,3.3120000000000003,1933.8,,45.115268,5.887723
2026-04-27T18:04:27+00:00,186,3.456,1934.0,,45.115273,5.887738
2026-04-27T18:04:31+00:00,186,3.744,1934.8,,45.115289,5.88778
2026-04-27T18:04:32+00:00,186,3.096,1935.0,,45.115291,5.887787
2026-04-27T18:04:34+00:00,186,3.5496,1935.6,,45.115303,5.887814
2026-04-27T18:04:35+00:00,186,3.24,1935.8,,45.115306,5.887819
2026-04-27T18:04:38+00:00,185,4.0212,1936.8,,45.115324,5.887857
2026-04-27T18:04:39+00:00,185,3.3120000000000003,1937.0,,45.115328,5.887864
2026-04-27T18:04:42+00:00,186,3.4956,1937.6,,45.115336,5.887889
2026-04-27T18:04:44+00:00,186,3.9600000000000004,1938.2,,45.115349,5.887921
2026-04-27T18:04:46+00:00,186,3.7548,1938.6,,45.115357,5.887943
2026-04-27T18:04:49+00:00,186,3.3120000000000003,1939.2,,45.115367,5.887975
2026-04-27T18:04:50+00:00,186,3.6611999999999996,1939.4,,45.115372,5.88799
2026-04-27T18:04:54+00:00,187,4.032000000000001,1940.4,,45.11539,5.888033
2026-04-27T18:04:58+00:00,186,3.5532,1941.6,,45.1154,5.888077
2026-04-27T18:04:59+00:00,186,3.024,1941.8,,45.115402,5.888082
2026-04-27T18:05:04+00:00,186,2.8188,1942.8,,45.11542,5.88813
2026-04-27T18:05:08+00:00,186,3.1608,1943.6,,45.11543,5.888173
2026-04-27T18:05:09+00:00,186,2.592,1944.0,,45.115431,5.888175
2026-04-27T18:05:12+00:00,185,3.3768,1944.4,,45.115444,5.888213
2026-04-27T18:05:15+00:00,186,3.5388,1945.0,,45.115451,5.888236
2026-04-27T18:05:16+00:00,186,3.6,1945.2,,45.115454,5.888248
2026-04-27T18:05:20+00:00,184,2.736,1946.2,,45.115464,5.888283
2026-04-27T18:05:22+00:00,183,3.3012,1946.6,,45.115473,5.888308
2026-04-27T18:05:25+00:00,183,3.8160000000000003,1947.4,,45.115481,5.88834
2026-04-27T18:05:30+00:00,183,2.9268,1948.4,,45.115493,5.888386
2026-04-27T18:05:31+00:00,183,2.52,1948.4,,45.115493,5.888388
2026-04-27T18:05:35+00:00,183,2.8080000000000003,1949.2,,45.1155,5.888433
2026-04-27T18:05:37+00:00,183,2.9988,1949.6,,45.1155,5.888448
2026-04-27T18:05:40+00:00,182,1.584,1950.2,,45.115499,5.888455
2026-04-27T18:05:43+00:00,182,0.7200000000000001,1950.6,,45.115499,5.888452
2026-04-27T18:05:47+00:00,180,0.1548,1950.4,,45.115499,5.888452
2026-04-27T18:05:53+00:00,178,0.0,1950.6,,45.115499,5.888452
2026-04-27T18:05:54+00:00,177,0.0,1950.6,,45.115499,5.888452
2026-04-27T18:05:55+00:00,173,0.0,1950.8,,45.115499,5.888452
2026-04-27T18:05:57+00:00,172,0.0,1950.8,,45.115499,5.888452
2026-04-27T18:06:02+00:00,167,0.0,1950.6,,45.115502,5.888453
2026-04-27T18:06:04+00:00,167,0.1548,1950.6,,45.115499,5.888452
2026-04-27T18:06:06+00:00,164,0.5184,1950.6,,45.115507,5.88846
2026-04-27T18:06:10+00:00,162,0.6012000000000001,1950.4,,45.115499,5.888452
2026-04-27T18:06:16+00:00,162,1.1880000000000002,1950.8,,45.115499,5.888495
2026-04-27T18:06:18+00:00,159,2.1168,1951.4,,45.115498,5.888514
2026-04-27T18:06:20+00:00,157,2.3400000000000003,1951.8,,45.115501,5.888536
2026-04-27T18:06:22+00:00,157,2.9412,1952.0,,45.115504,5.888557
2026-04-27T18:06:26+00:00,157,2.8800000000000003,1952.6,,45.115514,5.888589
2026-04-27T18:06:28+00:00,158,2.4012000000000002,1953.0,,45.11551,5.888601
2026-04-27T18:06:32+00:00,161,2.4588,1953.8,,45.115502,5.888636
2026-04-27T18:06:33+00:00,161,2.952,1954.0,,45.115503,5.888647
2026-04-27T18:06:39+00:00,162,2.9844,1955.0,,45.11549,5.888709
2026-04-27T18:06:40+00:00,162,3.0348,1955.2,,45.115492,5.888723
2026-04-27T18:06:44+00:00,163,3.456,1956.0,,45.115504,5.888761
2026-04-27T18:06:46+00:00,164,2.7,1956.2,,45.115503,5.888772
2026-04-27T18:06:48+00:00,162,2.9268,1956.6,,45.115504,5.8888
2026-04-27T18:06:52+00:00,164,3.8411999999999997,1957.2,,45.115496,5.888848
2026-04-27T18:06:57+00:00,163,3.0816,1958.2,,45.115493,5.888894
2026-04-27T18:06:58+00:00,163,2.9412,1958.4,,45.115493,5.888914
2026-04-27T18:07:02+00:00,164,3.6,1959.0,,45.115496,5.888953
2026-04-27T18:07:04+00:00,163,3.1212,1959.4,,45.115496,5.88898
2026-04-27T18:07:06+00:00,163,3.87,1959.8,,45.115498,5.88902
2026-04-27T18:07:11+00:00,160,3.7548,1960.4,,45.115502,5.889068
2026-04-27T18:07:12+00:00,162,3.24,1960.8,,45.115505,5.889086
2026-04-27T18:07:16+00:00,164,2.232,1961.2,,45.115509,5.889105
2026-04-27T18:07:19+00:00,167,2.2644,1961.6,,45.115513,5.889139
2026-04-27T18:07:21+00:00,167,3.744,1961.8,,45.115513,5.889167
2026-04-27T18:07:25+00:00,170,3.1788000000000003,1962.4,,45.115516,5.889207
2026-04-27T18:07:28+00:00,168,3.2904,1962.6,,45.115526,5.889249
2026-04-27T18:07:34+00:00,166,3.0816,1963.6,,45.115531,5.8893
2026-04-27T18:07:35+00:00,167,2.4156000000000004,1963.8,,45.115533,5.889306
2026-04-27T18:07:40+00:00,168,2.9412,1964.6,,45.115537,5.889363
2026-04-27T18:07:43+00:00,167,3.3768,1964.8,,45.115539,5.889399
2026-04-27T18:07:46+00:00,166,3.1788000000000003,1965.2,,45.115542,5.889425
2026-04-27T18:07:50+00:00,167,2.9303999999999997,1966.0,,45.115546,5.889471
2026-04-27T18:07:53+00:00,169,2.6244,1966.4,,45.115552,5.889488
2026-04-27T18:07:58+00:00,168,3.4668,1967.0,,45.115565,5.889564
2026-04-27T18:07:59+00:00,167,3.9600000000000004,1967.0,,45.115566,5.889568
2026-04-27T18:08:02+00:00,168,3.6792000000000002,1967.8,,45.115573,5.889597
2026-04-27T18:08:04+00:00,168,2.592,1968.2,,45.115575,5.889609
2026-04-27T18:08:06+00:00,168,3.4956,1968.4,,45.115579,5.889648
2026-04-27T18:08:10+00:00,170,3.8988,1969.2,,45.115586,5.889691
2026-04-27T18:08:11+00:00,169,3.3120000000000003,1969.4,,45.115586,5.889703
2026-04-27T18:08:15+00:00,168,3.456,1970.0,,45.115589,5.88975
2026-04-27T18:08:17+00:00,169,3.42,1970.4,,45.115592,5.889777
2026-04-27T18:08:19+00:00,167,3.1068000000000002,1970.8,,45.115594,5.889793
2026-04-27T18:08:23+00:00,167,4.2012,1971.4,,45.115611,5.889858
2026-04-27T18:08:28+00:00,168,3.9204,1972.4,,45.115619,5.889908
2026-04-27T18:08:29+00:00,168,3.1788000000000003,1972.6,,45.115623,5.889923
2026-04-27T18:08:33+00:00,169,4.032000000000001,1973.2,,45.115635,5.889971
2026-04-27T18:08:36+00:00,170,3.1356,1973.8,,45.115644,5.889991
2026-04-27T18:08:38+00:00,169,2.52,1974.0,,45.115652,5.890011
2026-04-27T18:08:42+00:00,170,3.7188,1974.6,,45.115666,5.890061
2026-04-27T18:08:43+00:00,170,3.8880000000000003,1974.8,,45.115667,5.890071
2026-04-27T18:08:47+00:00,170,2.952,1975.4,,45.115675,5.890111
2026-04-27T18:08:49+00:00,170,2.6388,1975.8,,45.115678,5.890127
2026-04-27T18:08:51+00:00,170,3.06,1976.0,,45.115687,5.890153
2026-04-27T18:08:55+00:00,169,4.2588,1976.8,,45.115699,5.890209
2026-04-27T18:08:56+00:00,169,3.672,1977.0,,45.115704,5.890214
2026-04-27T18:09:00+00:00,169,2.3760000000000003,1977.8,,45.115715,5.890245
2026-04-27T18:09:01+00:00,169,2.952,1978.0,,45.115719,5.890257
2026-04-27T18:09:06+00:00,169,3.8411999999999997,1978.8,,45.115733,5.890321
2026-04-27T18:09:11+00:00,169,3.708,1980.0,,45.115748,5.890379
2026-04-27T18:09:15+00:00,169,3.6792000000000002,1981.2,,45.115757,5.890428
2026-04-27T18:09:16+00:00,170,3.456,1981.4,,45.115761,5.890433
2026-04-27T18:09:20+00:00,170,3.024,1982.2,,45.115774,5.890476
2026-04-27T18:09:25+00:00,170,3.2796000000000003,1983.2,,45.115788,5.89053
2026-04-27T18:09:30+00:00,170,3.2760000000000002,1984.2,,45.115799,5.89058
2026-04-27T18:09:31+00:00,170,3.06,1984.4,,45.115803,5.890588
2026-04-27T18:09:35+00:00,170,2.8800000000000003,1985.2,,45.115822,5.89062
2026-04-27T18:09:36+00:00,170,3.384,1985.4,,45.115827,5.89063
2026-04-27T18:09:40+00:00,170,2.952,1986.0,,45.115843,5.890659
2026-04-27T18:09:44+00:00,171,2.61,1986.6,,45.115857,5.890692
2026-04-27T18:09:45+00:00,172,3.096,1986.6,,45.115862,5.890706
2026-04-27T18:09:48+00:00,173,3.2832000000000003,1987.2,,45.115872,5.890738
2026-04-27T18:09:50+00:00,173,3.744,1987.6,,45.115879,5.890764
2026-04-27T18:09:55+00:00,174,3.0852,1988.4,,45.115895,5.890809
2026-04-27T18:09:57+00:00,175,3.1356,1988.6,,45.115903,5.890833
2026-04-27T18:09:59+00:00,176,3.3192000000000004,1989.0,,45.115909,5.89086
2026-04-27T18:10:03+00:00,175,3.42,1989.8,,45.115917,5.890903
2026-04-27T18:10:08+00:00,175,2.7612,1990.6,,45.11592,5.890943
2026-04-27T18:10:10+00:00,175,2.8800000000000003,1991.0,,45.115922,5.890971
2026-04-27T18:10:12+00:00,174,2.7216,1991.4,,45.115924,5.890989
2026-04-27T18:10:16+00:00,175,2.9988,1992.0,,45.115924,5.891031
2026-04-27T18:10:22+00:00,174,3.42,1993.2,,45.115922,5.891105
2026-04-27T18:10:24+00:00,172,3.1932,1993.6,,45.115921,5.891126
2026-04-27T18:10:28+00:00,172,3.5388,1994.4,,45.115911,5.891176
2026-04-27T18:10:32+00:00,171,3.6432,1995.0,,45.115914,5.891226
2026-04-27T18:10:35+00:00,171,3.7043999999999997,1995.6,,45.115917,5.891271
2026-04-27T18:10:36+00:00,172,3.9600000000000004,1995.6,,45.115915,5.891285
2026-04-27T18:10:41+00:00,173,3.3588000000000005,1996.6,,45.115914,5.891338
2026-04-27T18:10:45+00:00,172,2.9988,1997.0,,45.11591,5.891382
2026-04-27T18:10:49+00:00,173,3.33,1997.6,,45.115909,5.891428
2026-04-27T18:10:50+00:00,173,3.168,1997.8,,45.115909,5.891436
2026-04-27T18:10:54+00:00,173,2.8800000000000003,1998.6,,45.115913,5.891479
2026-04-27T18:10:55+00:00,173,3.096,1998.8,,45.115915,5.891491
2026-04-27T18:10:58+00:00,173,3.33,1999.2,,45.115922,5.891526
2026-04-27T18:11:02+00:00,174,3.6,1999.6,,45.115931,5.891574
2026-04-27T18:11:03+00:00,173,3.096,1999.8,,45.115933,5.891581
2026-04-27T18:11:07+00:00,173,3.3120000000000003,2000.4,,45.115941,5.891629
2026-04-27T18:11:09+00:00,173,3.42,2000.8,,45.115947,5.891646
2026-04-27T18:11:12+00:00,174,2.8800000000000003,2001.2,,45.115954,5.891679
2026-04-27T18:11:15+00:00,172,2.8188,2001.8,,45.115963,5.891704
2026-04-27T18:11:18+00:00,170,1.5011999999999999,2001.8,,45.115962,5.891701
2026-04-27T18:11:20+00:00,167,2.088,2002.0,,45.115969,5.89173
2026-04-27T18:11:22+00:00,166,2.1096,2002.4,,45.115974,5.891746
2026-04-27T18:11:25+00:00,164,2.952,2002.8,,45.115991,5.891773
2026-04-27T18:11:27+00:00,164,3.744,2003.0,,45.116003,5.891792
2026-04-27T18:11:32+00:00,167,3.1896,2003.8,,45.116026,5.891831
2026-04-27T18:11:33+00:00,167,2.5812,2004.0,,45.11603,5.891837
2026-04-27T18:11:37+00:00,169,2.8080000000000003,2004.6,,45.116051,5.891864
2026-04-27T18:11:39+00:00,169,3.1788000000000003,2005.0,,45.116065,5.891877
2026-04-27T18:11:43+00:00,169,3.1212,2005.8,,45.116084,5.891911
2026-04-27T18:11:44+00:00,170,2.8800000000000003,2006.0,,45.11609,5.891917
2026-04-27T18:11:48+00:00,172,3.3120000000000003,2007.2,,45.116115,5.891947
2026-04-27T18:11:49+00:00,173,3.9600000000000004,2007.4,,45.116125,5.891959
2026-04-27T18:11:52+00:00,173,3.69,2008.2,,45.116141,5.891982
2026-04-27T18:11:53+00:00,174,3.9600000000000004,2008.4,,45.116151,5.891991
2026-04-27T18:11:56+00:00,175,3.6504000000000003,2009.4,,45.116172,5.892015
2026-04-27T18:11:57+00:00,176,4.392,2009.8,,45.116184,5.892026
2026-04-27T18:12:00+00:00,178,3.7043999999999997,2010.4,,45.116202,5.892047
2026-04-27T18:12:02+00:00,179,3.8880000000000003,2011.0,,45.116218,5.892074
2026-04-27T18:12:04+00:00,179,3.7043999999999997,2011.6,,45.116229,5.892091
2026-04-27T18:12:06+00:00,180,4.381200000000001,2012.0,,45.116245,5.892111
2026-04-27T18:12:08+00:00,180,4.0212,2012.6,,45.116264,5.892126
2026-04-27T18:12:09+00:00,180,4.6080000000000005,2012.8,,45.116277,5.892128
2026-04-27T18:12:10+00:00,181,4.5,2013.2,,45.116287,5.892134
2026-04-27T18:12:11+00:00,182,4.176,2013.6,,45.116292,5.892136
2026-04-27T18:12:14+00:00,182,3.672,2014.4,,45.11632,5.892151
2026-04-27T18:12:16+00:00,183,4.032000000000001,2014.8,,45.116338,5.892158
2026-04-27T18:12:18+00:00,183,3.8556,2015.4,,45.116354,5.892171
2026-04-27T18:12:20+00:00,185,3.06,2016.0,,45.11636,5.892175
2026-04-27T18:12:22+00:00,186,3.4812,2016.6,,45.116384,5.892193
2026-04-27T18:12:24+00:00,186,3.9600000000000004,2017.2,,45.116405,5.892206
2026-04-27T18:12:26+00:00,187,4.86,2017.8,,45.116421,5.892222
2026-04-27T18:12:28+00:00,187,4.5,2018.2,,45.116442,5.892233
2026-04-27T18:12:32+00:00,188,4.32,2019.4,,45.116477,5.892263
2026-04-27T18:12:36+00:00,188,4.41,2020.6,,45.116516,5.892293
2026-04-27T18:12:37+00:00,189,4.680000000000001,2020.8,,45.116527,5.892299
2026-04-27T18:12:40+00:00,189,4.0968,2021.6,,45.11655,5.892317
2026-04-27T18:12:42+00:00,189,4.032000000000001,2022.2,,45.11657,5.892336
2026-04-27T18:12:45+00:00,189,4.5360000000000005,2022.8,,45.116591,5.892363
2026-04-27T18:12:46+00:00,189,4.5611999999999995,2023.0,,45.116597,5.892375
2026-04-27T18:12:49+00:00,189,4.010400000000001,2024.0,,45.116621,5.892397
2026-04-27T18:12:51+00:00,189,3.8160000000000003,2024.6,,45.11663,5.892421
2026-04-27T18:12:53+00:00,190,4.32,2025.0,,45.116651,5.892445
2026-04-27T18:12:56+00:00,190,4.104,2025.8,,45.116673,5.89246
2026-04-27T18:12:57+00:00,190,4.32,2026.2,,45.116683,5.892467
2026-04-27T18:13:00+00:00,191,3.7548,2027.0,,45.116704,5.892498
2026-04-27T18:13:01+00:00,191,4.6080000000000005,2027.2,,45.116713,5.89251
2026-04-27T18:13:05+00:00,191,4.104,2028.2,,45.116738,5.892549
2026-04-27T18:13:09+00:00,191,4.0032000000000005,2029.6,,45.116769,5.892588
2026-04-27T18:13:10+00:00,191,4.176,2029.8,,45.116774,5.892597
2026-04-27T18:13:13+00:00,191,4.0932,2030.6,,45.116795,5.892625
2026-04-27T18:13:14+00:00,192,4.032000000000001,2031.0,,45.116806,5.892633
2026-04-27T18:13:17+00:00,192,3.9600000000000004,2031.8,,45.116827,5.892658
2026-04-27T18:13:18+00:00,192,4.392,2032.0,,45.116837,5.892672
2026-04-27T18:13:21+00:00,192,4.2696,2033.0,,45.116858,5.892707
2026-04-27T18:13:22+00:00,193,4.752000000000001,2033.2,,45.116865,5.892718
2026-04-27T18:13:25+00:00,193,4.32,2034.2,,45.116884,5.892756
2026-04-27T18:13:27+00:00,194,4.5360000000000005,2034.8,,45.116901,5.892776
2026-04-27T18:13:29+00:00,193,4.7304,2035.4,,45.116918,5.892803
2026-04-27T18:13:31+00:00,193,4.5,2036.2,,45.116927,5.89282
2026-04-27T18:13:33+00:00,194,4.381200000000001,2036.8,,45.116941,5.892845
2026-04-27T18:13:36+00:00,194,4.5360000000000005,2037.6,,45.116961,5.892881
2026-04-27T18:13:37+00:00,195,4.680000000000001,2038.0,,45.116971,5.892892
2026-04-27T18:13:41+00:00,196,4.464,2039.2,,45.116994,5.89294
2026-04-27T18:13:44+00:00,196,4.5252,2040.2,,45.117015,5.892984
2026-04-27T18:13:45+00:00,196,4.0968,2040.6,,45.117017,5.892989
2026-04-27T18:13:48+00:00,195,4.5756,2041.4,,45.117037,5.893032
2026-04-27T18:13:49+00:00,196,4.5360000000000005,2041.6,,45.117047,5.893048
2026-04-27T18:13:52+00:00,196,4.9356,2042.6,,45.117069,5.893075
2026-04-27T18:13:53+00:00,196,4.464,2042.8,,45.117072,5.893088
2026-04-27T18:13:55+00:00,196,3.8988,2043.6,,45.117081,5.893111
2026-04-27T18:13:56+00:00,196,4.2696,2044.0,,45.117091,5.893124
2026-04-27T18:13:58+00:00,196,4.968,2044.4,,45.117108,5.893155
2026-04-27T18:13:59+00:00,196,4.14,2044.6,,45.117109,5.893159
2026-04-27T18:14:03+00:00,196,4.248,2045.8,,45.117134,5.893219
2026-04-27T18:14:06+00:00,196,3.9600000000000004,2047.0,,45.117144,5.893238
2026-04-27T18:14:07+00:00,197,4.59,2047.2,,45.117152,5.893265
2026-04-27T18:14:11+00:00,197,5.760000000000001,2048.2,,45.117178,5.89332
2026-04-27T18:14:12+00:00,197,4.5360000000000005,2048.4,,45.117183,5.893332
2026-04-27T18:14:15+00:00,196,3.7800000000000002,2049.2,,45.117194,5.893355
2026-04-27T18:14:16+00:00,196,3.8880000000000003,2049.4,,45.117204,5.89338
2026-04-27T18:14:19+00:00,195,4.4748,2050.4,,45.117225,5.893421
2026-04-27T18:14:20+00:00,195,5.328,2050.6,,45.117229,5.89343
2026-04-27T18:14:23+00:00,195,4.2696,2051.4,,45.117246,5.893465
2026-04-27T18:14:24+00:00,195,3.024,2051.6,,45.117246,5.893466
2026-04-27T18:14:28+00:00,195,4.824000000000001,2052.6,,45.117282,5.893528
2026-04-27T18:14:29+00:00,196,5.904,2052.8,,45.11729,5.893544
2026-04-27T18:14:32+00:00,195,4.95,2053.8,,45.117299,5.893576
2026-04-27T18:14:33+00:00,196,3.096,2054.0,,45.1173,5.893577
2026-04-27T18:14:37+00:00,195,4.968,2055.0,,45.117337,5.893642
2026-04-27T18:14:42+00:00,196,5.1588,2056.0,,45.117362,5.893709
2026-04-27T18:14:46+00:00,196,3.8808000000000002,2056.8,,45.117377,5.89375
2026-04-27T18:14:47+00:00,195,3.24,2057.2,,45.11738,5.89376
2026-04-27T18:14:50+00:00,195,3.51,2058.0,,45.117394,5.893795
2026-04-27T18:14:51+00:00,195,3.528,2058.2,,45.117398,5.893803
2026-04-27T18:14:55+00:00,193,3.456,2058.8,,45.117422,5.89384
2026-04-27T18:14:58+00:00,193,3.4452,2059.4,,45.117433,5.893868
2026-04-27T18:15:00+00:00,193,3.24,2059.6,,45.11744,5.89389
2026-04-27T18:15:01+00:00,190,2.7,2059.8,,45.11744,5.893891
2026-04-27T18:15:04+00:00,190,2.8800000000000003,2060.2,,45.117453,5.893925
2026-04-27T18:15:05+00:00,190,2.3760000000000003,2060.4,,45.117457,5.893925
2026-04-27T18:15:08+00:00,190,3.24,2060.8,,45.117467,5.893958
2026-04-27T18:15:12+00:00,188,3.0852,2061.4,,45.117482,5.893991
2026-04-27T18:15:13+00:00,187,2.8800000000000003,2061.6,,45.117483,5.894002
2026-04-27T18:15:18+00:00,188,3.4812,2062.6,,45.117498,5.894057
2026-04-27T18:15:22+00:00,187,3.2004,2063.2,,45.117513,5.894095
2026-04-27T18:15:25+00:00,187,2.5704,2063.6,,45.117518,5.894119
2026-04-27T18:15:27+00:00,187,2.664,2064.2,,45.117523,5.894138
2026-04-27T18:15:30+00:00,186,3.168,2064.8,,45.117537,5.894165
2026-04-27T18:15:31+00:00,186,3.4812,2065.0,,45.117539,5.894177
2026-04-27T18:15:35+00:00,186,3.384,2065.6,,45.117554,5.894217
2026-04-27T18:15:36+00:00,186,2.8800000000000003,2065.8,,45.117557,5.894224
2026-04-27T18:15:40+00:00,186,2.8800000000000003,2066.6,,45.117571,5.894261
2026-04-27T18:15:42+00:00,184,3.6611999999999996,2067.0,,45.117582,5.894287
2026-04-27T18:15:45+00:00,184,3.744,2067.6,,45.117595,5.894313
2026-04-27T18:15:48+00:00,186,3.1212,2068.0,,45.117597,5.894349
2026-04-27T18:15:49+00:00,184,2.9844,2068.2,,45.117598,5.894358
2026-04-27T18:15:54+00:00,184,2.9412,2069.2,,45.117616,5.894404
2026-04-27T18:15:59+00:00,184,2.988,2070.0,,45.117641,5.894441
2026-04-27T18:16:01+00:00,182,3.24,2070.2,,45.117653,5.894459
2026-04-27T18:16:04+00:00,182,3.24,2070.8,,45.117665,5.894483
2026-04-27T18:16:08+00:00,182,2.4696000000000002,2071.4,,45.117673,5.894517
2026-04-27T18:16:13+00:00,180,2.4804,2072.4,,45.117688,5.894555
2026-04-27T18:16:14+00:00,180,3.24,2072.6,,45.117695,5.894573
2026-04-27T18:16:17+00:00,179,3.3588000000000005,2073.2,,45.117708,5.894605
2026-04-27T18:16:21+00:00,178,3.5496,2073.6,,45.117722,5.894648
2026-04-27T18:16:22+00:00,178,3.24,2073.8,,45.117725,5.894655
2026-04-27T18:16:26+00:00,178,3.3120000000000003,2074.6,,45.117742,5.894701
2026-04-27T18:16:27+00:00,178,3.24,2074.8,,45.117745,5.894707
2026-04-27T18:16:31+00:00,177,2.952,2075.4,,45.117755,5.894746
2026-04-27T18:16:34+00:00,177,2.8800000000000003,2075.8,,45.117763,5.89477
2026-04-27T18:16:36+00:00,176,2.664,2076.4,,45.117772,5.894788
2026-04-27T18:16:39+00:00,176,3.024,2077.0,,45.117785,5.894816
2026-04-27T18:16:41+00:00,174,3.24,2077.2,,45.117788,5.894837
2026-04-27T18:16:45+00:00,175,3.1212,2078.0,,45.117798,5.894875
2026-04-27T18:16:46+00:00,174,2.952,2078.2,,45.117801,5.894886
2026-04-27T18:16:48+00:00,173,2.1096,2078.4,,45.117802,5.894895
2026-04-27T18:16:50+00:00,175,2.4480000000000004,2078.8,,45.117812,5.894921
2026-04-27T18:16:53+00:00,174,3.384,2079.2,,45.117822,5.894942
2026-04-27T18:16:55+00:00,174,2.8800000000000003,2079.6,,45.117828,5.894964
2026-04-27T18:17:00+00:00,173,2.7756000000000003,2080.4,,45.117841,5.895005
2026-04-27T18:17:04+00:00,173,3.0816,2081.0,,45.117851,5.89505
2026-04-27T18:17:07+00:00,172,2.4696000000000002,2081.4,,45.117852,5.895065
2026-04-27T18:17:08+00:00,171,3.06,2081.6,,45.117856,5.895087
2026-04-27T18:17:12+00:00,173,3.168,2082.2,,45.117863,5.895115
2026-04-27T18:17:14+00:00,172,3.4812,2082.4,,45.11788,5.895148
2026-04-27T18:17:16+00:00,173,2.79,2082.8,,45.117879,5.895154
2026-04-27T18:17:20+00:00,171,2.3400000000000003,2083.4,,45.117892,5.895197
2026-04-27T18:17:21+00:00,171,3.672,2083.6,,45.117898,5.895211
2026-04-27T18:17:25+00:00,170,3.672,2084.0,,45.117913,5.89525
2026-04-27T18:17:28+00:00,171,3.1356,2084.6,,45.117924,5.89528
2026-04-27T18:17:29+00:00,172,3.1032,2084.6,,45.117926,5.895289
2026-04-27T18:17:33+00:00,172,3.096,2085.2,,45.117937,5.895328
2026-04-27T18:17:35+00:00,171,3.24,2085.6,,45.117947,5.895348
2026-04-27T18:17:38+00:00,170,1.368,2086.0,,45.117948,5.895345
2026-04-27T18:17:42+00:00,167,0.1548,2086.0,,45.117948,5.895345
2026-04-27T18:17:48+00:00,165,0.108,2086.0,,45.117948,5.895345
2026-04-27T18:17:52+00:00,162,0.0,2086.0,,45.117948,5.895345
2026-04-27T18:17:54+00:00,159,0.0,2086.0,,45.117948,5.895345
2026-04-27T18:17:57+00:00,158,0.0,2086.2,,45.117948,5.895345
2026-04-27T18:17:58+00:00,155,0.0,2086.2,,45.117948,5.895345
2026-04-27T18:18:00+00:00,153,0.0,2086.2,,45.117948,5.895345
2026-04-27T18:18:03+00:00,151,0.0,2086.2,,45.117948,5.895345
2026-04-27T18:18:09+00:00,153,1.4796,2086.2,,45.117962,5.895388
2026-04-27T18:18:10+00:00,152,2.0052000000000003,2086.4,,45.117966,5.895389
2026-04-27T18:18:12+00:00,152,2.2392,2086.8,,45.11797,5.895409
2026-04-27T18:18:15+00:00,151,3.384,2087.4,,45.117979,5.895447
2026-04-27T18:18:19+00:00,151,4.2696,2088.0,,45.118,5.895504
2026-04-27T18:18:23+00:00,152,3.9168000000000003,2088.8,,45.118011,5.895548
2026-04-27T18:18:25+00:00,151,3.6,2089.0,,45.118023,5.895576
2026-04-27T18:18:28+00:00,153,4.32,2089.6,,45.118035,5.895611
2026-04-27T18:18:32+00:00,152,3.5496,2090.2,,45.118051,5.895652
2026-04-27T18:18:34+00:00,154,3.4812,2090.6,,45.11806,5.895677
2026-04-27T18:18:38+00:00,156,3.7188,2091.2,,45.118077,5.89572
2026-04-27T18:18:39+00:00,156,3.456,2091.4,,45.118079,5.89573
2026-04-27T18:18:43+00:00,157,3.384,2092.0,,45.118089,5.895777
2026-04-27T18:18:46+00:00,158,3.4956,2092.4,,45.1181,5.895809
2026-04-27T18:18:48+00:00,158,3.384,2092.8,,45.11811,5.895826
2026-04-27T18:18:53+00:00,159,3.6,2093.6,,45.118137,5.895881
2026-04-27T18:18:58+00:00,160,3.528,2094.2,,45.118159,5.895924
2026-04-27T18:19:00+00:00,161,3.24,2094.6,,45.118169,5.895944
2026-04-27T18:19:02+00:00,161,3.5208,2094.8,,45.11818,5.895969
2026-04-27T18:19:07+00:00,161,3.9600000000000004,2095.6,,45.118202,5.896025
2026-04-27T18:19:12+00:00,163,3.564,2096.4,,45.118226,5.896076
2026-04-27T18:19:13+00:00,164,3.6611999999999996,2096.6,,45.118235,5.896088
2026-04-27T18:19:17+00:00,165,3.8160000000000003,2097.2,,45.118258,5.896125
2026-04-27T18:19:21+00:00,166,3.3768,2097.8,,45.118277,5.896163
2026-04-27T18:19:25+00:00,167,3.5532,2098.6,,45.118297,5.896211
2026-04-27T18:19:27+00:00,167,4.4388000000000005,2098.8,,45.118312,5.896237
2026-04-27T18:19:30+00:00,168,4.392,2099.4,,45.118328,5.896268
2026-04-27T18:19:33+00:00,167,2.7612,2100.0,,45.118341,5.896286
2026-04-27T18:19:37+00:00,166,2.9844,2100.6,,45.118363,5.896322
2026-04-27T18:19:41+00:00,165,3.6468,2101.0,,45.11838,5.896369
2026-04-27T18:19:45+00:00,166,3.51,2101.6,,45.118401,5.896408
2026-04-27T18:19:48+00:00,167,3.9600000000000004,2102.0,,45.118423,5.89644
2026-04-27T18:19:51+00:00,167,3.6611999999999996,2102.4,,45.118437,5.896465
2026-04-27T18:19:55+00:00,167,2.9303999999999997,2103.2,,45.118456,5.896501
2026-04-27T18:19:56+00:00,167,3.9600000000000004,2103.4,,45.118464,5.89652
2026-04-27T18:20:01+00:00,167,3.7800000000000002,2104.2,,45.118489,5.896564
2026-04-27T18:20:07+00:00,169,3.7296,2105.0,,45.118529,5.89663
2026-04-27T18:20:09+00:00,168,4.41,2105.4,,45.118545,5.896656
2026-04-27T18:20:12+00:00,169,3.9600000000000004,2106.0,,45.118563,5.896684
2026-04-27T18:20:15+00:00,170,3.5388,2106.4,,45.11858,5.896714
2026-04-27T18:20:18+00:00,171,4.0212,2107.0,,45.118601,5.896745
2026-04-27T18:20:21+00:00,171,4.14,2107.6,,45.11862,5.896779
2026-04-27T18:20:22+00:00,172,4.3704,2107.8,,45.118631,5.896791
2026-04-27T18:20:27+00:00,172,4.2012,2108.6,,45.118665,5.896833
2026-04-27T18:20:28+00:00,172,3.5388,2108.8,,45.118669,5.896839
2026-04-27T18:20:32+00:00,173,2.952,2109.4,,45.118692,5.896872
2026-04-27T18:20:36+00:00,174,3.6432,2109.8,,45.118721,5.896909
2026-04-27T18:20:37+00:00,174,3.744,2110.0,,45.118725,5.896916
2026-04-27T18:20:42+00:00,174,3.4812,2111.0,,45.118756,5.896966
2026-04-27T18:20:47+00:00,175,3.9240000000000004,2112.2,,45.118792,5.897014
2026-04-27T18:20:52+00:00,173,3.6,2113.2,,45.118821,5.897048
2026-04-27T18:20:53+00:00,173,3.4812,2113.4,,45.118832,5.89706
2026-04-27T18:20:57+00:00,174,3.384,2114.0,,45.118854,5.897089
2026-04-27T18:21:00+00:00,174,3.0348,2114.4,,45.118874,5.897111
2026-04-27T18:21:01+00:00,173,3.33,2114.6,,45.118881,5.897119
2026-04-27T18:21:06+00:00,173,3.7800000000000002,2115.4,,45.118919,5.897154
2026-04-27T18:21:07+00:00,173,3.3588000000000005,2115.6,,45.118925,5.897158
2026-04-27T18:21:10+00:00,173,3.4812,2116.2,,45.118949,5.897182
2026-04-27T18:21:13+00:00,175,3.7800000000000002,2116.8,,45.11897,5.897203
2026-04-27T18:21:15+00:00,174,3.744,2117.2,,45.118986,5.897217
2026-04-27T18:21:19+00:00,174,3.7188,2117.8,,45.119016,5.897247
2026-04-27T18:21:20+00:00,174,3.456,2118.0,,45.119023,5.897246
2026-04-27T18:21:24+00:00,174,3.528,2119.0,,45.119054,5.897277
2026-04-27T18:21:25+00:00,174,3.9600000000000004,2119.2,,45.119063,5.897286
2026-04-27T18:21:30+00:00,174,1.62,2120.0,,45.119068,5.897289
2026-04-27T18:21:31+00:00,173,0.9,2120.0,,45.119068,5.897289
2026-04-27T18:21:35+00:00,173,3.384,2120.4,,45.119108,5.897318
2026-04-27T18:21:38+00:00,173,4.3704,2121.2,,45.119138,5.897332
2026-04-27T18:21:40+00:00,173,4.176,2121.4,,45.119154,5.897342
2026-04-27T18:21:45+00:00,174,3.24,2122.2,,45.119185,5.897374
2026-04-27T18:21:46+00:00,174,3.3012,2122.4,,45.119194,5.897378
2026-04-27T18:21:49+00:00,174,3.3984,2123.0,,45.119218,5.897396
2026-04-27T18:21:51+00:00,174,3.384,2123.4,,45.119234,5.897403
2026-04-27T18:21:54+00:00,174,4.248,2123.8,,45.119269,5.897423
2026-04-27T18:21:59+00:00,175,4.2768,2124.4,,45.119312,5.897446
2026-04-27T18:22:00+00:00,174,3.8411999999999997,2124.6,,45.119322,5.897452
2026-04-27T18:22:04+00:00,173,3.456,2125.0,,45.119348,5.897482
2026-04-27T18:22:10+00:00,172,1.584,2125.2,,45.11935,5.897488
2026-04-27T18:22:12+00:00,170,0.31679999999999997,2125.4,,45.11935,5.897488
2026-04-27T18:22:17+00:00,170,2.4696000000000002,2125.4,,45.119391,5.897509
2026-04-27T18:22:18+00:00,169,3.6,2125.6,,45.1194,5.897514
2026-04-27T18:22:21+00:00,168,3.9996,2125.8,,45.119434,5.897535
2026-04-27T18:22:27+00:00,167,2.0016000000000003,2126.2,,45.119432,5.897531
2026-04-27T18:22:32+00:00,167,1.278,2126.2,,45.119459,5.897541
2026-04-27T18:22:35+00:00,166,2.79,2126.6,,45.119488,5.89755
2026-04-27T18:22:37+00:00,164,3.8880000000000003,2126.8,,45.119508,5.897549
2026-04-27T18:22:42+00:00,162,2.7252,2126.8,,45.119536,5.897562
2026-04-27T18:22:48+00:00,159,1.7352,2127.4,,45.119553,5.89757
2026-04-27T18:22:49+00:00,159,1.08,2127.6,,45.119553,5.89757
2026-04-27T18:22:53+00:00,160,2.3040000000000003,2127.6,,45.119581,5.897583
2026-04-27T18:22:56+00:00,159,3.7548,2127.8,,45.119608,5.897611
2026-04-27T18:23:00+00:00,157,3.9096,2128.4,,45.119628,5.897648
2026-04-27T18:23:03+00:00,157,3.2904,2128.6,,45.119645,5.897674
2026-04-27T18:23:06+00:00,156,3.7188,2128.6,,45.119666,5.897704
2026-04-27T18:23:10+00:00,157,4.2696,2128.8,,45.119707,5.897732
2026-04-27T18:23:16+00:00,156,2.16,2128.8,,45.119714,5.897737
2026-04-27T18:23:17+00:00,156,0.7200000000000001,2128.6,,45.119717,5.897741
2026-04-27T18:23:21+00:00,154,3.8880000000000003,2129.0,,45.119754,5.897778
2026-04-27T18:23:26+00:00,154,3.4415999999999998,2129.2,,45.119778,5.897814
2026-04-27T18:23:30+00:00,151,3.4415999999999998,2129.4,,45.119815,5.897848
2026-04-27T18:23:32+00:00,152,3.8411999999999997,2129.4,,45.119826,5.897857
2026-04-27T18:23:35+00:00,151,1.368,2129.8,,45.119829,5.897863
2026-04-27T18:23:37+00:00,151,0.36000000000000004,2130.0,,45.119829,5.897863
2026-04-27T18:23:40+00:00,152,0.07200000000000001,2129.8,,45.119832,5.897863
2026-04-27T18:23:43+00:00,154,3.1212,2129.8,,45.119867,5.897897
2026-04-27T18:23:48+00:00,151,4.680000000000001,2130.4,,45.11991,5.897931
2026-04-27T18:23:52+00:00,151,3.4415999999999998,2130.8,,45.119929,5.897952
2026-04-27T18:23:58+00:00,151,3.168,2131.2,,45.119968,5.897979
2026-04-27T18:24:04+00:00,151,3.33,2131.6,,45.120011,5.89802
2026-04-27T18:24:05+00:00,151,3.5496,2131.8,,45.120022,5.898025
2026-04-27T18:24:09+00:00,150,3.9600000000000004,2132.2,,45.120052,5.898055
2026-04-27T18:24:14+00:00,151,3.7584000000000004,2132.4,,45.12009,5.898091
2026-04-27T18:24:18+00:00,149,3.5604,2132.8,,45.120113,5.898129
2026-04-27T18:24:22+00:00,151,3.7800000000000002,2132.8,,45.120149,5.898164
2026-04-27T18:24:28+00:00,152,3.9600000000000004,2133.6,,45.120195,5.89821
2026-04-27T18:24:29+00:00,153,3.7548,2133.8,,45.120202,5.898222
2026-04-27T18:24:30+00:00,153,3.6432,2133.8,,45.120207,5.898228
2026-04-27T18:24:32+00:00,150,4.212,2134.0,,45.120228,5.898257
2026-04-27T18:24:35+00:00,150,4.896000000000001,2134.2,,45.120246,5.89829
2026-04-27T18:24:37+00:00,152,3.384,2134.2,,45.120256,5.898304
2026-04-27T18:24:41+00:00,154,3.8988,2134.6,,45.120286,5.898354
2026-04-27T18:24:44+00:00,153,4.010400000000001,2134.8,,45.120301,5.89838
2026-04-27T18:24:47+00:00,156,3.8988,2135.0,,45.120322,5.898416
2026-04-27T18:24:49+00:00,155,4.464,2135.2,,45.120339,5.898436
2026-04-27T18:24:50+00:00,152,4.4388000000000005,2135.2,,45.120347,5.898448
2026-04-27T18:24:53+00:00,151,3.9600000000000004,2135.4,,45.120361,5.898482
2026-04-27T18:24:57+00:00,154,3.9600000000000004,2135.8,,45.120387,5.898528
2026-04-27T18:24:58+00:00,154,3.672,2136.0,,45.120387,5.898533
2026-04-27T18:25:01+00:00,155,3.4668,2136.2,,45.120399,5.898558
2026-04-27T18:25:05+00:00,154,3.4452,2136.4,,45.120422,5.8986
2026-04-27T18:25:10+00:00,155,3.2796000000000003,2137.0,,45.120441,5.898646
2026-04-27T18:25:16+00:00,155,2.9772,2137.6,,45.120464,5.898693
2026-04-27T18:25:20+00:00,154,3.204,2137.6,,45.120484,5.898735
2026-04-27T18:25:25+00:00,154,3.6395999999999997,2138.0,,45.120512,5.89879
2026-04-27T18:25:29+00:00,154,3.9204,2138.6,,45.120537,5.898837
2026-04-27T18:25:33+00:00,154,4.5,2138.4,,45.120568,5.898892
2026-04-27T18:25:38+00:00,153,4.0392,2139.0,,45.120595,5.89894
2026-04-27T18:25:40+00:00,152,3.4452,2139.2,,45.120606,5.898963
2026-04-27T18:25:42+00:00,154,3.7188,2139.4,,45.12062,5.898982
2026-04-27T18:25:46+00:00,155,3.6611999999999996,2140.0,,45.120639,5.89902
2026-04-27T18:25:47+00:00,155,3.8160000000000003,2140.2,,45.120646,5.899037
2026-04-27T18:25:51+00:00,154,4.248,2140.6,,45.120664,5.899084
2026-04-27T18:25:57+00:00,154,3.8160000000000003,2141.0,,45.120701,5.899148
2026-04-27T18:25:58+00:00,155,3.6,2141.2,,45.120704,5.899156
2026-04-27T18:26:01+00:00,154,3.456,2141.6,,45.120718,5.899182
2026-04-27T18:26:02+00:00,154,3.168,2141.8,,45.120723,5.899198
2026-04-27T18:26:04+00:00,155,3.3012,2142.2,,45.120728,5.899216
2026-04-27T18:26:06+00:00,154,3.744,2142.4,,45.120736,5.899238
2026-04-27T18:26:10+00:00,155,3.6,2142.2,,45.120754,5.89928
2026-04-27T18:26:15+00:00,154,3.3192000000000004,2142.8,,45.120779,5.899328
2026-04-27T18:26:20+00:00,155,3.456,2143.0,,45.120808,5.899376
2026-04-27T18:26:22+00:00,155,3.0348,2143.4,,45.120811,5.899387
2026-04-27T18:26:25+00:00,152,2.232,2143.8,,45.120829,5.899404
2026-04-27T18:26:30+00:00,154,2.52,2144.2,,45.120833,5.899439
2026-04-27T18:26:36+00:00,152,1.1124,2144.0,,45.120833,5.899439
2026-04-27T18:26:39+00:00,150,0.0,2144.0,,45.120833,5.899439
2026-04-27T18:26:44+00:00,152,0.9432,2144.6,,45.120836,5.899468
2026-04-27T18:26:45+00:00,152,2.0412,2144.6,,45.120836,5.899482
2026-04-27T18:26:47+00:00,149,1.8432000000000002,2144.6,,45.120841,5.899485
2026-04-27T18:26:49+00:00,146,1.4400000000000002,2144.4,,45.120841,5.899485
2026-04-27T18:26:52+00:00,143,0.0,2145.0,,45.120841,5.899485
2026-04-27T18:26:54+00:00,140,0.14400000000000002,2144.6,,45.120845,5.899485
2026-04-27T18:26:58+00:00,141,2.0987999999999998,2144.0,,45.120866,5.899508
2026-04-27T18:27:04+00:00,141,2.556,2144.8,,45.120896,5.899522
2026-04-27T18:27:10+00:00,142,3.0312,2145.0,,45.120947,5.899554
2026-04-27T18:27:13+00:00,143,3.6,2145.4,,45.120972,5.899569
2026-04-27T18:27:14+00:00,143,3.672,2145.6,,45.120982,5.899572
2026-04-27T18:27:16+00:00,145,3.06,2145.6,,45.120991,5.899582
2026-04-27T18:27:20+00:00,142,0.7812,2145.4,,45.120992,5.899581
2026-04-27T18:27:23+00:00,142,0.0504,2145.2,,45.120992,5.899581
2026-04-27T18:27:29+00:00,145,1.4400000000000002,2145.2,,45.121025,5.899587
2026-04-27T18:27:35+00:00,144,2.7612,2145.8,,45.121075,5.899597
2026-04-27T18:27:41+00:00,142,3.8988,2146.4,,45.12114,5.899623
2026-04-27T18:27:42+00:00,142,4.5756,2146.6,,45.121151,5.899626
2026-04-27T18:27:43+00:00,143,4.77,2146.6,,45.121166,5.89963
2026-04-27T18:27:45+00:00,143,5.076,2146.8,,45.121199,5.899635
2026-04-27T18:27:48+00:00,146,5.832000000000001,2146.4,,45.121242,5.899641
2026-04-27T18:27:50+00:00,150,4.824000000000001,2146.6,,45.12126,5.899645
2026-04-27T18:27:51+00:00,151,4.0212,2146.8,,45.12126,5.899645
2026-04-27T18:27:57+00:00,152,0.1044,2147.2,,45.121259,5.899643
2026-04-27T18:27:59+00:00,152,1.4400000000000002,2147.4,,45.121284,5.899656
2026-04-27T18:28:01+00:00,153,2.3760000000000003,2147.8,,45.121314,5.89967
2026-04-27T18:28:05+00:00,155,6.4188,2148.2,,45.121382,5.899685
2026-04-27T18:28:10+00:00,158,6.6816,2148.8,,45.121465,5.89969
2026-04-27T18:28:11+00:00,159,6.5412,2149.0,,45.121479,5.899692
2026-04-27T18:28:14+00:00,162,6.2784,2150.0,,45.121525,5.899692
2026-04-27T18:28:16+00:00,164,6.192,2150.4,,45.121559,5.899693
2026-04-27T18:28:19+00:00,167,6.696000000000001,2150.4,,45.121604,5.899703
2026-04-27T18:28:22+00:00,170,5.8788,2151.2,,45.121643,5.899713
2026-04-27T18:28:26+00:00,173,4.989599999999999,2151.4,,45.121691,5.899713
2026-04-27T18:28:31+00:00,171,4.4388000000000005,2152.2,,45.121744,5.899714
2026-04-27T18:28:36+00:00,171,4.284,2153.2,,45.121799,5.899717
2026-04-27T18:28:37+00:00,172,4.7412,2153.2,,45.121811,5.899719
2026-04-27T18:28:41+00:00,174,3.744,2154.0,,45.121845,5.899724
2026-04-27T18:28:43+00:00,174,3.6611999999999996,2154.4,,45.121867,5.899722
2026-04-27T18:28:46+00:00,176,3.744,2155.0,,45.121893,5.899722
2026-04-27T18:28:48+00:00,175,4.464,2155.4,,45.12192,5.899724
2026-04-27T18:28:49+00:00,176,4.2012,2155.6,,45.121929,5.899727
2026-04-27T18:28:51+00:00,176,5.6160000000000005,2156.0,,45.12196,5.899729
2026-04-27T18:28:53+00:00,176,6.264,2156.8,,45.121999,5.899728
2026-04-27T18:28:56+00:00,179,7.704000000000001,2158.2,,45.122056,5.899732
2026-04-27T18:28:57+00:00,180,7.8012,2158.6,,45.122072,5.899723
2026-04-27T18:29:00+00:00,183,6.5844,2159.4,,45.12211,5.899725
2026-04-27T18:29:02+00:00,184,6.048,2159.8,,45.122144,5.89974
2026-04-27T18:29:04+00:00,187,6.1704,2160.2,,45.122174,5.899756
2026-04-27T18:29:05+00:00,188,6.984,2160.6,,45.122193,5.899765
2026-04-27T18:29:07+00:00,188,6.768,2161.8,,45.122223,5.89978
2026-04-27T18:29:09+00:00,189,7.416,2163.2,,45.122259,5.899801
2026-04-27T18:29:12+00:00,190,8.136,2164.8,,45.12231,5.899841
2026-04-27T18:29:14+00:00,193,7.344,2165.6,,45.122341,5.899857
2026-04-27T18:29:15+00:00,193,7.081200000000001,2165.8,,45.122355,5.899864
2026-04-27T18:29:17+00:00,193,6.768,2166.6,,45.122387,5.899887
2026-04-27T18:29:18+00:00,193,6.9588,2167.0,,45.122404,5.899893
2026-04-27T18:29:20+00:00,194,7.2,2168.2,,45.122435,5.899913
2026-04-27T18:29:21+00:00,195,6.9588,2168.6,,45.122446,5.899924
2026-04-27T18:29:22+00:00,196,7.056,2169.2,,45.122462,5.899939
2026-04-27T18:29:25+00:00,195,5.256,2170.0,,45.122478,5.899973
2026-04-27T18:29:27+00:00,195,4.032000000000001,2170.4,,45.122498,5.899985
2026-04-27T18:29:30+00:00,193,3.168,2171.0,,45.122513,5.899984
2026-04-27T18:29:32+00:00,191,1.512,2171.4,,45.12251,5.899984
2026-04-27T18:29:36+00:00,188,0.1188,2171.2,,45.12251,5.899984
2026-04-27T18:29:40+00:00,188,0.0,2171.2,,45.12251,5.899984
2026-04-27T18:29:43+00:00,185,0.0,2171.2,,45.12251,5.899984
2026-04-27T18:29:48+00:00,183,1.53,2171.6,,45.122538,5.900002
2026-04-27T18:29:52+00:00,181,2.52,2172.4,,45.12256,5.900023
2026-04-27T18:29:53+00:00,181,2.8800000000000003,2172.6,,45.12257,5.900028
2026-04-27T18:29:58+00:00,181,3.42,2173.4,,45.122605,5.900054
2026-04-27T18:29:59+00:00,181,3.42,2173.4,,45.122613,5.900062
2026-04-27T18:30:04+00:00,181,3.4812,2174.2,,45.122648,5.900094
2026-04-27T18:30:06+00:00,181,3.1356,2174.6,,45.12266,5.900103
2026-04-27T18:30:09+00:00,181,3.528,2175.0,,45.122684,5.900126
2026-04-27T18:30:13+00:00,180,3.2904,2175.6,,45.122711,5.900136
2026-04-27T18:30:15+00:00,181,2.9412,2176.0,,45.122726,5.900144
2026-04-27T18:30:20+00:00,179,3.4956,2176.6,,45.12276,5.900177
2026-04-27T18:30:25+00:00,178,3.2760000000000002,2177.6,,45.122795,5.900204
2026-04-27T18:30:26+00:00,178,3.1788000000000003,2177.8,,45.122803,5.90021
2026-04-27T18:30:30+00:00,180,2.952,2178.2,,45.122828,5.900225
2026-04-27T18:30:34+00:00,179,2.61,2178.8,,45.122845,5.900246
2026-04-27T18:30:35+00:00,178,1.9440000000000002,2179.0,,45.122844,5.900239
2026-04-27T18:30:41+00:00,177,1.1304,2179.2,,45.122857,5.900256
2026-04-27T18:30:45+00:00,176,2.232,2179.4,,45.122886,5.900291
2026-04-27T18:30:47+00:00,176,3.8411999999999997,2180.0,,45.1229,5.90031
2026-04-27T18:30:49+00:00,173,3.51,2180.2,,45.122913,5.90032
2026-04-27T18:30:51+00:00,173,3.3588000000000005,2180.4,,45.122926,5.900332
2026-04-27T18:30:55+00:00,172,3.06,2181.2,,45.122951,5.900351
2026-04-27T18:30:56+00:00,172,3.384,2181.2,,45.122961,5.900362
2026-04-27T18:31:01+00:00,171,3.4812,2181.8,,45.122994,5.900395
2026-04-27T18:31:03+00:00,172,3.0348,2182.2,,45.123005,5.9004
2026-04-27T18:31:06+00:00,169,3.384,2182.6,,45.123027,5.900425
2026-04-27T18:31:07+00:00,168,3.24,2182.8,,45.123032,5.900432
2026-04-27T18:31:10+00:00,169,3.5496,2183.2,,45.123055,5.900456
2026-04-27T18:31:13+00:00,169,3.24,2183.4,,45.123069,5.900473
2026-04-27T18:31:19+00:00,168,0.9612,2183.8,,45.123064,5.900466
2026-04-27T18:31:20+00:00,167,0.0,2183.8,,45.123064,5.900466
2026-04-27T18:31:23+00:00,164,0.0,2183.8,,45.123064,5.900466
2026-04-27T18:31:27+00:00,163,2.4156000000000004,2183.8,,45.123098,5.900502
2026-04-27T18:31:29+00:00,162,3.6611999999999996,2184.2,,45.12311,5.900511
2026-04-27T18:31:32+00:00,161,3.528,2184.8,,45.123133,5.900538
2026-04-27T18:31:34+00:00,158,4.248,2185.0,,45.123149,5.900559
2026-04-27T18:31:36+00:00,157,4.1652000000000005,2185.2,,45.123167,5.900571
2026-04-27T18:31:37+00:00,158,4.032000000000001,2185.4,,45.123175,5.90058
2026-04-27T18:31:42+00:00,158,3.6,2186.2,,45.123209,5.900617
2026-04-27T18:31:43+00:00,157,3.4812,2186.2,,45.123217,5.900619
2026-04-27T18:31:47+00:00,157,3.6,2186.8,,45.123251,5.900648
2026-04-27T18:31:51+00:00,157,4.0068,2187.4,,45.123284,5.900684
2026-04-27T18:31:52+00:00,158,3.8160000000000003,2187.4,,45.123286,5.900688
2026-04-27T18:31:57+00:00,160,2.6388,2188.0,,45.123315,5.900715
2026-04-27T18:31:59+00:00,161,2.3652,2188.4,,45.123311,5.900714
2026-04-27T18:32:02+00:00,159,0.7200000000000001,2188.6,,45.123312,5.900714
2026-04-27T18:32:08+00:00,156,0.07919999999999999,2188.6,,45.123315,5.900712
2026-04-27T18:32:11+00:00,156,1.0404,2188.6,,45.123333,5.900727
2026-04-27T18:32:16+00:00,153,1.1700000000000002,2189.0,,45.123333,5.900727
2026-04-27T18:32:19+00:00,152,0.18000000000000002,2189.4,,45.123337,5.900727
2026-04-27T18:32:24+00:00,152,2.0267999999999997,2189.4,,45.123363,5.900762
2026-04-27T18:32:25+00:00,151,2.7612,2189.6,,45.123371,5.900761
2026-04-27T18:32:29+00:00,148,1.368,2190.0,,45.123379,5.900772
2026-04-27T18:32:35+00:00,151,0.5040000000000001,2190.2,,45.123379,5.900772
2026-04-27T18:32:36+00:00,152,0.0,2190.2,,45.123379,5.900772
2026-04-27T18:32:38+00:00,149,0.9612,2190.2,,45.123391,5.9008
2026-04-27T18:32:41+00:00,148,3.744,2190.2,,45.123408,5.900826
2026-04-27T18:32:43+00:00,148,3.24,2190.6,,45.12342,5.90084
2026-04-27T18:32:46+00:00,146,2.736,2191.0,,45.123438,5.900853
2026-04-27T18:32:48+00:00,142,2.3760000000000003,2191.2,,45.123445,5.900858
2026-04-27T18:32:51+00:00,143,2.3040000000000003,2191.6,,45.123463,5.900872
2026-04-27T18:32:52+00:00,145,2.5812,2191.8,,45.123472,5.900875
2026-04-27T18:32:58+00:00,145,2.9303999999999997,2192.4,,45.123506,5.900905
2026-04-27T18:33:00+00:00,147,3.1068000000000002,2192.8,,45.123523,5.900922
2026-04-27T18:33:03+00:00,146,3.456,2193.2,,45.12354,5.90094
2026-04-27T18:33:06+00:00,144,3.24,2193.8,,45.123563,5.900961
2026-04-27T18:33:07+00:00,145,3.3444000000000003,2194.0,,45.123572,5.900962
2026-04-27T18:33:12+00:00,143,3.6611999999999996,2195.0,,45.123609,5.900996
2026-04-27T18:33:13+00:00,146,3.6,2195.0,,45.123616,5.901003
2026-04-27T18:33:14+00:00,147,3.8556,2195.2,,45.123626,5.901013
2026-04-27T18:33:19+00:00,150,3.5388,2196.0,,45.123656,5.901047
2026-04-27T18:33:20+00:00,151,3.3012,2196.2,,45.123665,5.901056
2026-04-27T18:33:25+00:00,153,3.4812,2196.8,,45.123702,5.901087
2026-04-27T18:33:27+00:00,154,3.9600000000000004,2197.2,,45.123724,5.901105
2026-04-27T18:33:30+00:00,155,4.680000000000001,2197.8,,45.123751,5.901129
2026-04-27T18:33:32+00:00,156,4.104,2198.2,,45.123765,5.901144
2026-04-27T18:33:35+00:00,158,3.6,2198.8,,45.123783,5.901169
2026-04-27T18:33:39+00:00,158,2.9844,2199.4,,45.123808,5.90119
2026-04-27T18:33:40+00:00,157,2.592,2199.6,,45.123813,5.901191
2026-04-27T18:33:45+00:00,158,3.1788000000000003,2200.4,,45.123846,5.901223
2026-04-27T18:33:46+00:00,159,3.3588000000000005,2200.6,,45.123852,5.901229
2026-04-27T18:33:51+00:00,162,3.42,2200.8,,45.123889,5.901268
2026-04-27T18:33:54+00:00,163,3.42,2201.8,,45.123907,5.901285
2026-04-27T18:33:57+00:00,165,3.3012,2202.6,,45.123925,5.901305
2026-04-27T18:33:59+00:00,166,3.6,2202.8,,45.123942,5.901323
2026-04-27T18:34:01+00:00,166,3.6504000000000003,2203.0,,45.123961,5.901331
2026-04-27T18:34:02+00:00,164,3.672,2203.2,,45.123966,5.901335
2026-04-27T18:34:06+00:00,164,3.3120000000000003,2203.8,,45.123993,5.901371
2026-04-27T18:34:07+00:00,164,4.392,2204.2,,45.124006,5.901385
2026-04-27T18:34:12+00:00,166,4.381200000000001,2205.0,,45.124048,5.901413
2026-04-27T18:34:13+00:00,165,3.7800000000000002,2205.2,,45.124055,5.901418
2026-04-27T18:34:18+00:00,166,3.5388,2206.0,,45.124093,5.901453
2026-04-27T18:34:23+00:00,166,3.528,2206.8,,45.124131,5.90149
2026-04-27T18:34:25+00:00,166,3.8051999999999997,2207.2,,45.124148,5.901502
2026-04-27T18:34:26+00:00,167,3.4632,2207.4,,45.124149,5.901508
2026-04-27T18:34:31+00:00,168,3.6,2207.8,,45.124183,5.90156
2026-04-27T18:34:35+00:00,167,3.9204,2208.4,,45.124208,5.9016
2026-04-27T18:34:36+00:00,167,4.32,2208.4,,45.124217,5.901617
2026-04-27T18:34:41+00:00,168,4.2588,2209.4,,45.124255,5.90166
2026-04-27T18:34:42+00:00,168,4.2588,2209.4,,45.124268,5.901672
2026-04-27T18:34:46+00:00,169,4.248,2209.8,,45.124297,5.901704
2026-04-27T18:34:50+00:00,168,3.8268,2210.2,,45.124328,5.901741
2026-04-27T18:34:52+00:00,169,4.2588,2210.4,,45.124345,5.901763
2026-04-27T18:34:55+00:00,168,4.032000000000001,2210.8,,45.124362,5.901793
2026-04-27T18:34:57+00:00,167,3.672,2211.0,,45.124375,5.901813
2026-04-27T18:35:00+00:00,167,3.456,2211.2,,45.124394,5.901839
2026-04-27T18:35:02+00:00,168,3.8160000000000003,2211.6,,45.124408,5.901859
2026-04-27T18:35:04+00:00,168,3.6504000000000003,2211.8,,45.124421,5.901874
2026-04-27T18:35:09+00:00,167,3.4956,2212.6,,45.124462,5.901906
2026-04-27T18:35:10+00:00,167,4.0788,2213.0,,45.124475,5.901912
2026-04-27T18:35:15+00:00,167,4.0212,2213.6,,45.124516,5.901933
2026-04-27T18:35:16+00:00,167,3.8411999999999997,2213.8,,45.124528,5.901941
2026-04-27T18:35:21+00:00,165,3.42,2214.4,,45.12456,5.901972
2026-04-27T18:35:24+00:00,166,3.0132,2214.8,,45.124575,5.901986
2026-04-27T18:35:25+00:00,165,2.6784,2215.0,,45.124575,5.901986
2026-04-27T18:35:31+00:00,166,0.0,2215.2,,45.124576,5.901985
2026-04-27T18:35:32+00:00,165,0.0,2215.4,,45.124575,5.901986
2026-04-27T18:35:38+00:00,164,0.1548,2215.6,,45.124575,5.901986
2026-04-27T18:35:40+00:00,162,0.1368,2215.2,,45.124575,5.901986
2026-04-27T18:35:45+00:00,159,0.0,2215.0,,45.124575,5.901986
2026-04-27T18:35:48+00:00,156,0.0,2215.0,,45.124575,5.901986
2026-04-27T18:35:49+00:00,155,0.0,2214.8,,45.124575,5.901986
2026-04-27T18:35:52+00:00,153,0.0,2215.0,,45.124575,5.901986
2026-04-27T18:35:55+00:00,156,2.2788,2215.2,,45.124599,5.902022
2026-04-27T18:36:00+00:00,153,3.5568,2215.6,,45.124619,5.902067
2026-04-27T18:36:01+00:00,152,3.06,2215.8,,45.124624,5.902077
2026-04-27T18:36:04+00:00,149,2.8800000000000003,2216.6,,45.124638,5.902097
2026-04-27T18:36:06+00:00,149,2.8080000000000003,2216.8,,45.124647,5.902117
2026-04-27T18:36:07+00:00,149,3.1788000000000003,2217.0,,45.124652,5.90213
2026-04-27T18:36:13+00:00,150,3.4956,2218.0,,45.124685,5.902182
2026-04-27T18:36:14+00:00,150,3.0852,2218.2,,45.124689,5.902189
2026-04-27T18:36:18+00:00,153,3.8880000000000003,2219.2,,45.124717,5.90223
2026-04-27T18:36:20+00:00,153,4.14,2219.8,,45.124729,5.90225
2026-04-27T18:36:23+00:00,155,3.9600000000000004,2220.4,,45.124748,5.902284
2026-04-27T18:36:25+00:00,157,4.248,2220.6,,45.124759,5.902309
2026-04-27T18:36:27+00:00,160,3.8556,2221.2,,45.124768,5.902327
2026-04-27T18:36:28+00:00,160,3.9600000000000004,2221.4,,45.124776,5.90234
2026-04-27T18:36:30+00:00,161,3.168,2221.8,,45.124784,5.902355
2026-04-27T18:36:34+00:00,162,3.3012,2222.6,,45.124806,5.902391
2026-04-27T18:36:35+00:00,162,3.384,2222.8,,45.124809,5.902398
2026-04-27T18:36:41+00:00,164,3.2904,2223.6,,45.124835,5.902462
2026-04-27T18:36:46+00:00,164,3.4704,2224.6,,45.124858,5.902513
2026-04-27T18:36:47+00:00,165,3.6,2224.8,,45.124864,5.902522
2026-04-27T18:36:52+00:00,165,3.7188,2225.2,,45.124887,5.902575
2026-04-27T18:36:55+00:00,165,3.3768,2225.8,,45.124905,5.902597
2026-04-27T18:36:56+00:00,166,3.3984,2226.0,,45.124911,5.902607
2026-04-27T18:36:58+00:00,166,3.3588000000000005,2226.4,,45.124922,5.902627
2026-04-27T18:37:01+00:00,168,3.3120000000000003,2227.0,,45.124937,5.902653
2026-04-27T18:37:04+00:00,168,3.7800000000000002,2227.4,,45.124959,5.902687
2026-04-27T18:37:07+00:00,167,4.7988,2228.0,,45.124984,5.902726
2026-04-27T18:37:09+00:00,166,3.9600000000000004,2228.2,,45.12499,5.902741
2026-04-27T18:37:13+00:00,166,3.6611999999999996,2228.8,,45.125015,5.90279
2026-04-27T18:37:15+00:00,165,4.0788,2229.0,,45.125025,5.902811
2026-04-27T18:37:18+00:00,166,3.744,2229.4,,45.125043,5.902845
2026-04-27T18:37:23+00:00,169,3.9600000000000004,2230.2,,45.125074,5.9029
2026-04-27T18:37:27+00:00,169,3.8411999999999997,2230.8,,45.1251,5.902933
2026-04-27T18:37:30+00:00,169,3.8051999999999997,2231.4,,45.125118,5.902967
2026-04-27T18:37:32+00:00,169,4.032000000000001,2231.6,,45.125131,5.902988
2026-04-27T18:37:33+00:00,170,4.0212,2231.6,,45.125138,5.902996
2026-04-27T18:37:36+00:00,170,3.8988,2232.0,,45.125159,5.903024
2026-04-27T18:37:38+00:00,169,3.8880000000000003,2232.4,,45.125171,5.903046
2026-04-27T18:37:40+00:00,169,3.3444000000000003,2232.6,,45.125181,5.903056
2026-04-27T18:37:44+00:00,168,2.9988,2233.4,,45.125202,5.903089
2026-04-27T18:37:45+00:00,169,3.384,2233.4,,45.125209,5.903097
2026-04-27T18:37:47+00:00,166,3.4956,2233.8,,45.125226,5.90311
2026-04-27T18:37:50+00:00,169,3.6,2234.4,,45.125245,5.903133
2026-04-27T18:37:51+00:00,170,3.3012,2234.6,,45.125249,5.903139
2026-04-27T18:37:55+00:00,171,3.096,2235.4,,45.125272,5.90317
2026-04-27T18:37:56+00:00,171,3.6,2235.6,,45.125279,5.903181
2026-04-27T18:38:01+00:00,171,2.6388,2236.4,,45.125302,5.903208
2026-04-27T18:38:03+00:00,170,3.24,2236.8,,45.125325,5.903227
2026-04-27T18:38:07+00:00,170,4.5611999999999995,2237.6,,45.125358,5.903253
2026-04-27T18:38:08+00:00,170,3.8160000000000003,2237.8,,45.125365,5.90326
2026-04-27T18:38:12+00:00,171,4.176,2238.8,,45.125403,5.903287
2026-04-27T18:38:16+00:00,171,4.14,2239.6,,45.125439,5.903306
2026-04-27T18:38:19+00:00,172,3.9600000000000004,2240.0,,45.125468,5.903317
2026-04-27T18:38:21+00:00,172,3.6,2240.2,,45.125482,5.903325
2026-04-27T18:38:26+00:00,172,3.7548,2241.0,,45.125534,5.903337
2026-04-27T18:38:27+00:00,172,4.2588,2241.2,,45.125543,5.903338
2026-04-27T18:38:28+00:00,171,4.32,2241.4,,45.125554,5.903339
2026-04-27T18:38:32+00:00,171,4.176,2242.0,,45.125596,5.903337
2026-04-27T18:38:35+00:00,171,3.6504000000000003,2242.4,,45.12562,5.903337
2026-04-27T18:38:37+00:00,171,3.528,2242.4,,45.125639,5.90334
2026-04-27T18:38:42+00:00,172,3.7548,2243.2,,45.125684,5.903346
2026-04-27T18:38:43+00:00,172,3.8988,2243.4,,45.125697,5.90335
2026-04-27T18:38:46+00:00,173,3.6395999999999997,2244.2,,45.125723,5.903346
2026-04-27T18:38:50+00:00,172,2.6244,2244.4,,45.125742,5.903348
2026-04-27T18:38:56+00:00,171,2.592,2244.4,,45.125772,5.90334
2026-04-27T18:39:02+00:00,171,3.69,2245.0,,45.125827,5.903287
2026-04-27T18:39:07+00:00,168,3.3696,2245.0,,45.125842,5.903262
2026-04-27T18:39:13+00:00,167,3.5352,2245.0,,45.125859,5.90316
2026-04-27T18:39:18+00:00,166,5.1372,2244.8,,45.125857,5.903064
2026-04-27T18:39:22+00:00,165,4.8384,2245.0,,45.125853,5.903009
2026-04-27T18:39:28+00:00,165,4.248,2245.4,,45.125868,5.902915
2026-04-27T18:39:29+00:00,165,4.32,2245.6,,45.125871,5.902901
2026-04-27T18:39:35+00:00,165,4.2156,2246.6,,45.125882,5.902812
2026-04-27T18:39:36+00:00,166,4.2156,2246.8,,45.125883,5.902798
2026-04-27T18:39:41+00:00,165,2.52,2247.4,,45.125886,5.902766
2026-04-27T18:39:46+00:00,162,1.26,2247.4,,45.12589,5.902761
2026-04-27T18:39:52+00:00,161,0.9504,2247.4,,45.125899,5.902742
2026-04-27T18:39:57+00:00,158,1.9620000000000002,2247.4,,45.125914,5.902702
2026-04-27T18:39:58+00:00,158,2.52,2247.4,,45.125916,5.902693
2026-04-27T18:40:00+00:00,155,3.4632,2247.6,,45.125923,5.902653
2026-04-27T18:40:02+00:00,154,4.248,2247.8,,45.12593,5.902632
2026-04-27T18:40:04+00:00,153,4.5611999999999995,2247.8,,45.125933,5.902601
2026-04-27T18:40:05+00:00,149,3.8880000000000003,2247.6,,45.125935,5.902585
2026-04-27T18:40:06+00:00,149,3.7800000000000002,2247.6,,45.125933,5.902574
2026-04-27T18:40:11+00:00,147,2.4012000000000002,2247.2,,45.125931,5.902535
2026-04-27T18:40:13+00:00,144,1.5948,2247.2,,45.125931,5.902535
2026-04-27T18:40:17+00:00,145,1.1412,2247.0,,45.125947,5.902533
2026-04-27T18:40:23+00:00,144,1.26,2247.6,,45.125944,5.902513
2026-04-27T18:40:24+00:00,144,1.3356000000000001,2247.4,,45.125941,5.9025
2026-04-27T18:40:27+00:00,141,1.26,2247.4,,45.125935,5.902492
2026-04-27T18:40:29+00:00,138,0.648,2247.4,,45.125935,5.902492
2026-04-27T18:40:30+00:00,136,0.54,2247.4,,45.125933,5.902489
2026-04-27T18:40:32+00:00,139,3.096,2247.4,,45.125899,5.902465
2026-04-27T18:40:36+00:00,139,5.338800000000001,2247.6,,45.125861,5.902455
2026-04-27T18:40:40+00:00,135,3.15,2247.4,,45.125835,5.902461
2026-04-27T18:40:43+00:00,133,2.8800000000000003,2247.4,,45.125805,5.902458
2026-04-27T18:40:44+00:00,135,2.79,2247.4,,45.125801,5.902449
2026-04-27T18:40:47+00:00,132,2.2644,2247.4,,45.125799,5.902448
2026-04-27T18:40:48+00:00,132,0.864,2247.4,,45.125799,5.902448
2026-04-27T18:40:51+00:00,129,0.3096,2247.2,,45.125801,5.902445
2026-04-27T18:40:54+00:00,132,0.36000000000000004,2247.2,,45.125799,5.902448
2026-04-27T18:40:55+00:00,132,0.3096,2247.2,,45.125799,5.902448
2026-04-27T18:40:59+00:00,129,0.0,2247.2,,45.125799,5.902448
2026-04-27T18:41:01+00:00,125,0.0,2246.8,,45.125799,5.902448
2026-04-27T18:41:02+00:00,125,0.0,2246.8,,45.125799,5.902448
2026-04-27T18:41:05+00:00,127,0.0,2246.8,,45.125799,5.902448
2026-04-27T18:41:11+00:00,128,1.0008000000000001,2247.6,,45.125822,5.902449
2026-04-27T18:41:13+00:00,127,1.35,2247.6,,45.125826,5.902451
2026-04-27T18:41:17+00:00,132,1.6812,2247.6,,45.125845,5.902463
2026-04-27T18:41:19+00:00,131,1.3788,2247.6,,45.125842,5.90246
2026-04-27T18:41:23+00:00,128,0.0,2247.6,,45.125842,5.90246
2026-04-27T18:41:24+00:00,124,0.0,2247.6,,45.125844,5.90246
2026-04-27T18:41:25+00:00,124,1.3212,2247.6,,45.125862,5.902465
2026-04-27T18:41:27+00:00,125,2.07,2247.4,,45.12588,5.902482
2026-04-27T18:41:28+00:00,128,3.456,2247.6,,45.12588,5.902484
2026-04-27T18:41:29+00:00,128,3.528,2247.8,,45.12588,5.902486
2026-04-27T18:41:31+00:00,125,1.6812,2248.2,,45.12588,5.902488
2026-04-27T18:41:32+00:00,124,0.432,2248.2,,45.12588,5.90249
2026-04-27T18:41:33+00:00,122,0.36000000000000004,2248.0,,45.12588,5.902492
2026-04-27T18:41:36+00:00,123,0.28800000000000003,2247.2,,45.12588,5.902494
2026-04-27T18:41:37+00:00,126,0.28800000000000003,2247.2,,45.12588,5.902496
2026-04-27T18:41:38+00:00,126,0.28800000000000003,2247.2,,45.125879,5.902497
2026-04-27T18:41:42+00:00,122,0.14400000000000002,2248.0,,45.125879,5.902499
2026-04-27T18:41:43+00:00,122,0.216,2248.0,,45.125879,5.902501
2026-04-27T18:41:46+00:00,125,0.18000000000000002,2247.8,,45.125879,5.902503
2026-04-27T18:41:49+00:00,126,0.1188,2247.8,,45.125879,5.902505
2026-04-27T18:41:51+00:00,123,0.216,2247.8,,45.125879,5.902507
2026-04-27T18:41:56+00:00,127,0.1548,2247.8,,45.125879,5.902509
2026-04-27T18:42:02+00:00,126,0.0648,2247.8,,45.125879,5.902511
2026-04-27T18:42:03+00:00,126,0.1548,2248.0,,45.125879,5.902513
2026-04-27T18:42:06+00:00,122,0.14400000000000002,2248.0,,45.125879,5.902515
2026-04-27T18:42:08+00:00,121,0.14400000000000002,2248.0,,45.125879,5.902517
2026-04-27T18:42:10+00:00,124,0.20520000000000002,2247.8,,45.125879,5.902519
2026-04-27T18:42:14+00:00,122,0.18000000000000002,2247.6,,45.125879,5.902521
2026-04-27T18:42:19+00:00,122,0.1188,2247.8,,45.125879,5.902523
2026-04-27T18:42:20+00:00,121,0.18000000000000002,2247.6,,45.125879,5.902525
2026-04-27T18:42:24+00:00,118,0.14400000000000002,2247.4,,45.125879,5.902527
2026-04-27T18:42:26+00:00,122,0.18000000000000002,2247.4,,45.125879,5.902528
2026-04-27T18:42:27+00:00,121,0.20520000000000002,2247.4,,45.125879,5.90253
2026-04-27T18:42:32+00:00,116,0.1188,2247.4,,45.125878,5.902532
2026-04-27T18:42:33+00:00,115,0.18000000000000002,2247.4,,45.125878,5.902534
2026-04-27T18:42:35+00:00,118,0.18000000000000002,2247.4,,45.125878,5.902536
2026-04-27T18:42:38+00:00,120,0.14400000000000002,2247.6,,45.125878,5.902538
2026-04-27T18:42:42+00:00,122,0.1548,2247.8,,45.125878,5.90254
2026-04-27T18:42:43+00:00,118,0.216,2247.8,,45.125878,5.902542
2026-04-27T18:42:48+00:00,118,0.1188,2247.4,,45.125878,5.902544
2026-04-27T18:42:54+00:00,116,0.0972,2247.4,,45.125878,5.902546
2026-04-27T18:42:55+00:00,117,0.1548,2247.4,,45.125878,5.902548
2026-04-27T18:42:58+00:00,121,0.14400000000000002,2247.6,,45.125878,5.90255
2026-04-27T18:43:00+00:00,122,0.216,2247.6,,45.125878,5.902552
2026-04-27T18:43:06+00:00,121,0.1368,2247.6,,45.125878,5.902554
2026-04-27T18:43:08+00:00,123,0.09000000000000001,2247.4,,45.125878,5.902556
2026-04-27T18:43:09+00:00,126,0.15839999999999999,2247.4,,45.125878,5.902558
2026-04-27T18:43:11+00:00,121,0.28800000000000003,2247.2,,45.125878,5.90256
2026-04-27T18:43:12+00:00,117,0.2988,2247.2,,45.125878,5.902561
2026-04-27T18:43:13+00:00,111,0.432,2247.2,,45.125878,5.902563
2026-04-27T18:43:14+00:00,114,0.36000000000000004,2247.2,,45.125878,5.902565
2026-04-27T18:43:17+00:00,114,0.28800000000000003,2247.4,,45.125877,5.902567
2026-04-27T18:43:19+00:00,117,0.216,2247.6,,45.125877,5.902569
2026-04-27T18:43:21+00:00,120,0.20520000000000002,2247.8,,45.125877,5.902571
2026-04-27T18:43:23+00:00,113,0.24120000000000003,2247.8,,45.125877,5.902573
2026-04-27T18:43:29+00:00,115,0.1368,2247.4,,45.125877,5.902575
2026-04-27T18:43:35+00:00,118,0.09000000000000001,2247.2,,45.125877,5.902577
2026-04-27T18:43:38+00:00,114,0.07919999999999999,2247.4,,45.125877,5.902579
2026-04-27T18:43:41+00:00,115,0.18000000000000002,2247.2,,45.125877,5.902581
2026-04-27T18:43:47+00:00,118,0.1188,2247.0,,45.125877,5.902583
2026-04-27T18:43:49+00:00,115,0.09000000000000001,2247.0,,45.125877,5.902585
2026-04-27T18:43:50+00:00,112,0.15839999999999999,2247.2,,45.125877,5.902587
2026-04-27T18:43:51+00:00,113,0.18000000000000002,2247.4,,45.125877,5.902589
2026-04-27T18:43:53+00:00,117,0.2988,2247.6,,45.125877,5.902591
2026-04-27T18:43:58+00:00,114,0.1548,2247.6,,45.125877,5.902592
2026-04-27T18:44:00+00:00,116,0.1548,2247.4,,45.125877,5.902594
2026-04-27T18:44:01+00:00,116,0.2268,2247.4,,45.125877,5.902596
2026-04-27T18:44:03+00:00,112,0.28800000000000003,2247.2,,45.125877,5.902598
2026-04-27T18:44:06+00:00,116,0.14400000000000002,2246.8,,45.125877,5.9026
2026-04-27T18:44:07+00:00,119,0.24120000000000003,2246.8,,45.125876,5.902602
2026-04-27T18:44:10+00:00,122,0.20520000000000002,2247.2,,45.125876,5.902604
2026-04-27T18:44:11+00:00,119,0.28800000000000003,2247.4,,45.125876,5.902606
2026-04-27T18:44:12+00:00,116,0.28800000000000003,2247.4,,45.125876,5.902608
2026-04-27T18:44:13+00:00,116,0.2988,2247.4,,45.125876,5.90261
2026-04-27T18:44:15+00:00,116,0.36000000000000004,2247.4,,45.125876,5.902612
2026-04-27T18:44:21+00:00,116,0.13319999999999999,2247.2,,45.125876,5.902614
2026-04-27T18:44:22+00:00,119,0.1548,2247.2,,45.125876,5.902616
2026-04-27T18:44:26+00:00,116,0.14400000000000002,2247.4,,45.125876,5.902618
2026-04-27T18:44:28+00:00,115,0.18000000000000002,2247.4,,45.125876,5.90262
2026-04-27T18:44:34+00:00,117,0.13319999999999999,2247.0,,45.125876,5.902622
2026-04-27T18:44:36+00:00,117,0.09000000000000001,2247.0,,45.125876,5.902624
2026-04-27T18:44:42+00:00,115,0.1368,2247.4,,45.125876,5.902625
2026-04-27T18:44:48+00:00,115,0.09000000000000001,2247.6,,45.125876,5.902627
2026-04-27T18:44:49+00:00,116,0.1044,2247.6,,45.125876,5.902629
2026-04-27T18:44:55+00:00,118,0.1548,2247.4,,45.125876,5.902631
2026-04-27T18:45:01+00:00,118,0.09000000000000001,2247.4,,45.125876,5.902633
2026-04-27T18:45:03+00:00,121,0.09000000000000001,2247.6,,45.125875,5.902635
2026-04-27T18:45:08+00:00,123,0.1548,2247.2,,45.125875,5.902637
2026-04-27T18:45:14+00:00,121,0.0972,2247.2,,45.125875,5.902639
2026-04-27T18:45:20+00:00,123,0.061200000000000004,2247.4,,45.125875,5.902641
2026-04-27T18:45:24+00:00,116,0.108,2247.4,,45.125875,5.902643
2026-04-27T18:45:25+00:00,114,0.216,2247.4,,45.125875,5.902645
2026-04-27T18:45:26+00:00,113,0.24120000000000003,2247.4,,45.125875,5.902647
2026-04-27T18:45:28+00:00,118,0.27,2247.4,,45.125875,5.902649
2026-04-27T18:45:30+00:00,121,0.28800000000000003,2247.4,,45.125875,5.902651
2026-04-27T18:45:32+00:00,118,0.24120000000000003,2247.6,,45.125875,5.902653
2026-04-27T18:45:33+00:00,111,0.28800000000000003,2247.6,,45.125875,5.902655
2026-04-27T18:45:35+00:00,109,0.28800000000000003,2247.4,,45.125875,5.902656
2026-04-27T18:45:38+00:00,112,0.14400000000000002,2247.2,,45.125875,5.902658
2026-04-27T18:45:44+00:00,114,0.1188,2247.4,,45.125875,5.90266
2026-04-27T18:45:47+00:00,111,0.1188,2247.4,,45.125875,5.902662
2026-04-27T18:45:49+00:00,108,0.14400000000000002,2247.4,,45.125875,5.902664
2026-04-27T18:45:50+00:00,103,0.24120000000000003,2247.4,,45.125875,5.902666
2026-04-27T18:45:54+00:00,108,0.216,2247.4,,45.125875,5.902668
2026-04-27T18:45:58+00:00,113,0.13319999999999999,2247.4,,45.125874,5.90267
2026-04-27T18:46:01+00:00,106,0.1548,2247.4,,45.125874,5.902672
2026-04-27T18:46:02+00:00,102,0.18000000000000002,2247.4,,45.125874,5.902674
2026-04-27T18:46:03+00:00,98,0.28800000000000003,2247.4,,45.125874,5.902676
2026-04-27T18:46:04+00:00,98,0.2988,2247.4,,45.125874,5.902678
2026-04-27T18:46:05+00:00,101,0.3096,2247.4,,45.125874,5.90268
2026-04-27T18:46:10+00:00,107,0.18000000000000002,2247.6,,45.125874,5.902682
2026-04-27T18:46:11+00:00,107,0.18000000000000002,2247.6,,45.125874,5.902684
2026-04-27T18:46:13+00:00,99,0.18000000000000002,2247.6,,45.125874,5.902686
2026-04-27T18:46:16+00:00,102,0.216,2247.6,,45.125874,5.902688
2026-04-27T18:46:17+00:00,106,0.24120000000000003,2247.6,,45.125874,5.902689
2026-04-27T18:46:19+00:00,108,0.24120000000000003,2247.4,,45.125874,5.902691
2026-04-27T18:46:20+00:00,105,0.3096,2247.4,,45.125874,5.902693
2026-04-27T18:46:21+00:00,102,0.36000000000000004,2247.4,,45.125874,5.902695
2026-04-27T18:46:22+00:00,102,0.36000000000000004,2247.4,,45.125874,5.902697
2026-04-27T18:46:28+00:00,103,0.1548,2247.6,,45.125874,5.902699
2026-04-27T18:46:29+00:00,102,0.1548,2247.6,,45.125874,5.902701
2026-04-27T18:46:30+00:00,99,0.18000000000000002,2247.6,,45.125874,5.902703
2026-04-27T18:46:33+00:00,105,0.28800000000000003,2247.6,,45.125873,5.902705
2026-04-27T18:46:34+00:00,108,0.28800000000000003,2247.6,,45.125873,5.902707
2026-04-27T18:46:35+00:00,108,0.28800000000000003,2247.6,,45.125873,5.902709
2026-04-27T18:46:36+00:00,105,0.36000000000000004,2247.6,,45.125873,5.902711
2026-04-27T18:46:41+00:00,106,0.18000000000000002,2247.6,,45.125873,5.902713
2026-04-27T18:46:43+00:00,110,0.1044,2247.6,,45.125873,5.902715
2026-04-27T18:46:46+00:00,106,0.216,2247.6,,45.125873,5.902717
2026-04-27T18:46:47+00:00,106,0.24120000000000003,2247.6,,45.125873,5.902719
2026-04-27T18:46:53+00:00,103,0.1044,2247.8,,45.125873,5.90272
2026-04-27T18:46:56+00:00,107,0.1188,2248.0,,45.125873,5.902722
2026-04-27T18:46:59+00:00,112,0.18000000000000002,2248.2,,45.125873,5.902724
2026-04-27T18:47:00+00:00,115,0.20520000000000002,2248.2,,45.125873,5.902726
2026-04-27T18:47:02+00:00,117,0.24120000000000003,2248.2,,45.125873,5.902728
2026-04-27T18:47:03+00:00,114,0.2556,2248.0,,45.125873,5.90273
2026-04-27T18:47:05+00:00,110,0.28800000000000003,2247.8,,45.125873,5.902732
2026-04-27T18:47:10+00:00,106,0.1548,2247.8,,45.125873,5.902734
2026-04-27T18:47:14+00:00,103,0.1188,2248.0,,45.125873,5.902736
2026-04-27T18:47:16+00:00,102,0.1188,2248.0,,45.125873,5.902738
2026-04-27T18:47:21+00:00,108,0.1548,2248.0,,45.125872,5.90274
2026-04-27T18:47:23+00:00,112,0.1548,2248.0,,45.125872,5.902742
2026-04-27T18:47:25+00:00,109,0.2016,2248.0,,45.125872,5.902744
2026-04-27T18:47:27+00:00,106,0.24120000000000003,2248.0,,45.125872,5.902746
2026-04-27T18:47:28+00:00,103,0.28800000000000003,2248.0,,45.125872,5.902748
2026-04-27T18:47:29+00:00,102,0.36000000000000004,2248.0,,45.125872,5.90275
2026-04-27T18:47:31+00:00,107,0.2988,2248.0,,45.125872,5.902752
2026-04-27T18:47:33+00:00,108,0.28800000000000003,2248.0,,45.125872,5.902753
2026-04-27T18:47:36+00:00,105,0.216,2248.2,,45.125872,5.902755
2026-04-27T18:47:37+00:00,105,0.24120000000000003,2248.0,,45.125872,5.902757
2026-04-27T18:47:40+00:00,108,0.20520000000000002,2248.0,,45.125872,5.902759
2026-04-27T18:47:43+00:00,102,0.18000000000000002,2248.2,,45.125872,5.902761
2026-04-27T18:47:46+00:00,105,0.18000000000000002,2247.8,,45.125872,5.902763
2026-04-27T18:47:48+00:00,106,0.14400000000000002,2247.8,,45.125872,5.902765
2026-04-27T18:47:52+00:00,103,0.18000000000000002,2247.8,,45.125872,5.902767
2026-04-27T18:47:58+00:00,102,0.108,2247.8,,45.125872,5.902769
2026-04-27T18:48:00+00:00,105,0.09000000000000001,2248.0,,45.125872,5.902771
2026-04-27T18:48:05+00:00,105,0.1548,2248.0,,45.125872,5.902773
2026-04-27T18:48:09+00:00,108,0.1188,2248.0,,45.125871,5.902775
2026-04-27T18:48:12+00:00,104,0.1044,2248.0,,45.125871,5.902777
2026-04-27T18:48:16+00:00,107,0.1548,2248.2,,45.125871,5.902779
2026-04-27T18:48:18+00:00,110,0.18000000000000002,2248.4,,45.125871,5.902781
2026-04-27T18:48:20+00:00,112,0.18000000000000002,2248.4,,45.125871,5.902783
2026-04-27T18:48:21+00:00,108,0.28800000000000003,2248.4,,45.125871,5.902784
2026-04-27T18:48:22+00:00,104,0.2988,2248.4,,45.125871,5.902786
2026-04-27T18:48:23+00:00,101,0.36000000000000004,2248.4,,45.125871,5.902788
2026-04-27T18:48:25+00:00,108,0.432,2248.4,,45.125871,5.90279
2026-04-27T18:48:27+00:00,111,0.28800000000000003,2248.2,,45.125871,5.902792
2026-04-27T18:48:31+00:00,108,0.1188,2248.2,,45.125871,5.902794
2026-04-27T18:48:37+00:00,109,0.108,2248.2,,45.125871,5.902796
2026-04-27T18:48:41+00:00,105,0.108,2248.2,,45.125871,5.902798
2026-04-27T18:48:42+00:00,102,0.14400000000000002,2248.2,,45.125871,5.9028
2026-04-27T18:48:43+00:00,102,0.24120000000000003,2248.2,,45.125871,5.902802
2026-04-27T18:48:45+00:00,105,0.2268,2248.2,,45.125871,5.902804
2026-04-27T18:48:47+00:00,108,0.28800000000000003,2248.2,,45.125871,5.902806
2026-04-27T18:48:49+00:00,103,0.24120000000000003,2248.2,,45.12587,5.902808
2026-04-27T18:48:50+00:00,100,0.28800000000000003,2248.2,,45.12587,5.90281
2026-04-27T18:48:52+00:00,103,0.28800000000000003,2248.2,,45.12587,5.902812
2026-04-27T18:48:53+00:00,106,0.36000000000000004,2248.2,,45.12587,5.902814
2026-04-27T18:48:56+00:00,106,0.24120000000000003,2248.2,,45.12587,5.902816
2026-04-27T18:48:59+00:00,105,0.18000000000000002,2248.2,,45.12587,5.902817
2026-04-27T18:49:02+00:00,108,0.18000000000000002,2248.4,,45.12587,5.902819
2026-04-27T18:49:04+00:00,111,0.14400000000000002,2248.4,,45.12587,5.902821
2026-04-27T18:49:05+00:00,107,0.24120000000000003,2248.2,,45.12587,5.902823
2026-04-27T18:49:06+00:00,105,0.2556,2248.2,,45.12587,5.902825
2026-04-27T18:49:07+00:00,102,0.36000000000000004,2248.2,,45.12587,5.902827
2026-04-27T18:49:13+00:00,105,0.1548,2248.6,,45.12587,5.902829
2026-04-27T18:49:16+00:00,108,0.1188,2248.4,,45.12587,5.902831
2026-04-27T18:49:22+00:00,106,0.07919999999999999,2248.4,,45.12587,5.902833
2026-04-27T18:49:28+00:00,110,0.09000000000000001,2248.4,,45.12587,5.902835
2026-04-27T18:49:34+00:00,108,0.09000000000000001,2248.4,,45.12587,5.902837
2026-04-27T18:49:37+00:00,104,0.07919999999999999,2248.4,,45.12587,5.902839
2026-04-27T18:49:43+00:00,101,0.1188,2248.4,,45.12587,5.902841
2026-04-27T18:49:44+00:00,97,0.1548,2248.4,,45.125869,5.902843
2026-04-27T18:49:45+00:00,97,0.18000000000000002,2248.4,,45.125869,5.902845
2026-04-27T18:49:50+00:00,101,0.18000000000000002,2248.6,,45.125869,5.902847
2026-04-27T18:49:51+00:00,106,0.18000000000000002,2248.6,,45.125869,5.902848
2026-04-27T18:49:52+00:00,105,0.20520000000000002,2248.6,,45.125869,5.90285
2026-04-27T18:49:56+00:00,102,0.216,2248.6,,45.125869,5.902852
2026-04-27T18:49:58+00:00,105,0.18000000000000002,2248.6,,45.125869,5.902854
2026-04-27T18:49:59+00:00,108,0.20520000000000002,2248.6,,45.125869,5.902856
2026-04-27T18:50:03+00:00,105,0.216,2248.8,,45.125869,5.902858
2026-04-27T18:50:08+00:00,108,0.1188,2248.8,,45.125869,5.90286
2026-04-27T18:50:09+00:00,109,0.1188,2248.8,,45.125869,5.902862
2026-04-27T18:50:13+00:00,102,0.216,2248.8,,45.125869,5.902864
2026-04-27T18:50:15+00:00,102,0.18000000000000002,2248.8,,45.125869,5.902866
2026-04-27T18:50:16+00:00,105,0.20520000000000002,2248.8,,45.125869,5.902868
2026-04-27T18:50:18+00:00,110,0.28800000000000003,2248.8,,45.125869,5.90287
2026-04-27T18:50:21+00:00,110,0.216,2248.8,,45.125869,5.902872
2026-04-27T18:50:23+00:00,107,0.14400000000000002,2248.8,,45.125869,5.902874
2026-04-27T18:50:28+00:00,111,0.1548,2248.8,,45.125869,5.902876
2026-04-27T18:50:31+00:00,108,0.1368,2248.8,,45.125868,5.902878
2026-04-27T18:50:37+00:00,108,0.07919999999999999,2248.8,,45.125868,5.90288
2026-04-27T18:50:38+00:00,107,0.1548,2248.8,,45.125868,5.902881
2026-04-27T18:50:43+00:00,110,0.18000000000000002,2248.8,,45.125868,5.902883
2026-04-27T18:50:49+00:00,111,0.0648,2249.2,,45.125868,5.902885
2026-04-27T18:50:52+00:00,110,0.1188,2248.8,,45.125868,5.902887
2026-04-27T18:50:58+00:00,107,0.1188,2249.0,,45.125868,5.902889
2026-04-27T18:51:04+00:00,105,0.09000000000000001,2249.2,,45.125868,5.902891
2026-04-27T18:51:05+00:00,102,0.1548,2249.2,,45.125868,5.902893
2026-04-27T18:51:06+00:00,102,0.18000000000000002,2249.2,,45.125868,5.902895
2026-04-27T18:51:08+00:00,107,0.216,2249.2,,45.125868,5.902897
2026-04-27T18:51:09+00:00,110,0.36000000000000004,2249.2,,45.125868,5.902899
2026-04-27T18:51:15+00:00,113,0.1044,2249.0,,45.125868,5.902901
2026-04-27T18:51:16+00:00,110,0.1548,2249.0,,45.125868,5.902903
2026-04-27T18:51:17+00:00,107,0.18000000000000002,2249.0,,45.125868,5.902905
2026-04-27T18:51:23+00:00,110,0.1044,2249.2,,45.125868,5.902907
2026-04-27T18:51:25+00:00,107,0.13319999999999999,2249.2,,45.125868,5.902909
2026-04-27T18:51:27+00:00,99,0.14400000000000002,2249.2,,45.125868,5.902911
2026-04-27T18:51:29+00:00,94,0.24120000000000003,2249.2,,45.125867,5.902912
2026-04-27T18:51:30+00:00,96,0.28800000000000003,2249.2,,45.125867,5.902914
2026-04-27T18:51:31+00:00,101,0.2988,2249.2,,45.125867,5.902916
2026-04-27T18:51:32+00:00,104,0.36000000000000004,2249.0,,45.125867,5.902918
2026-04-27T18:51:34+00:00,108,0.432,2249.0,,45.125867,5.90292
2026-04-27T18:51:36+00:00,110,0.28800000000000003,2249.2,,45.125867,5.902922
2026-04-27T18:51:38+00:00,107,0.24120000000000003,2249.6,,45.125867,5.902924
2026-04-27T19:31:16+00:00,121,0.0,2251.4,,45.125867,5.902926
2026-04-27T19:31:17+00:00,124,0.0,2251.0,,45.125867,5.902928
2026-04-27T19:31:20+00:00,126,0.0216,2250.0,,45.125862,5.903106
2026-04-27T19:31:22+00:00,125,0.0216,2249.8,,45.125841,5.903204
2026-04-27T19:31:23+00:00,121,15.418800000000001,2249.6,,45.125826,5.903246
2026-04-27T19:31:25+00:00,118,12.96,2249.2,,45.125799,5.903313
2026-04-27T19:31:27+00:00,118,10.728,2249.0,,45.125782,5.903368
2026-04-27T19:31:28+00:00,121,8.928,2249.0,,45.125772,5.903379
2026-04-27T19:31:30+00:00,124,7.272,2249.0,,45.125736,5.903404
2026-04-27T19:31:31+00:00,125,7.2612,2248.8,,45.125718,5.903401
2026-04-27T19:31:35+00:00,126,9.576,2248.0,,45.125617,5.903422
2026-04-27T19:31:36+00:00,125,11.088000000000001,2247.6,,45.125595,5.90346
2026-04-27T19:31:39+00:00,128,11.8332,2246.6,,45.125527,5.903565
2026-04-27T19:31:40+00:00,129,13.392000000000001,2246.4,,45.125493,5.903561
2026-04-27T19:31:43+00:00,131,13.2156,2245.6,,45.125401,5.903503
2026-04-27T19:31:44+00:00,130,12.672,2245.4,,45.125393,5.903468
2026-04-27T19:31:48+00:00,132,7.416,2244.4,,45.125395,5.903374
2026-04-27T19:31:53+00:00,134,3.1608,2244.0,,45.125399,5.90337
2026-04-27T19:31:56+00:00,129,2.7432000000000003,2244.0,,45.12536,5.90332
2026-04-27T19:31:57+00:00,123,4.0392,2243.8,,45.125332,5.903292
2026-04-27T19:31:58+00:00,120,9.648000000000001,2243.4,,45.125316,5.903251
2026-04-27T19:32:00+00:00,115,8.9496,2242.8,,45.125313,5.903198
2026-04-27T19:32:01+00:00,114,9.864,2242.4,,45.125299,5.903181
2026-04-27T19:32:02+00:00,118,8.352,2242.0,,45.125279,5.903184
2026-04-27T19:32:03+00:00,121,8.712,2241.6,,45.12524,5.903186
2026-04-27T19:32:04+00:00,124,9.0612,2241.0,,45.12522,5.903159
2026-04-27T19:32:05+00:00,127,9.504000000000001,2240.6,,45.125209,5.90314
2026-04-27T19:32:06+00:00,130,10.944,2240.0,,45.125177,5.903115
2026-04-27T19:32:07+00:00,130,12.744,2239.4,,45.125143,5.903083
2026-04-27T19:32:08+00:00,131,12.096,2238.6,,45.125139,5.903041
2026-04-27T19:32:09+00:00,134,11.16,2238.2,,45.125142,5.903017
2026-04-27T19:32:11+00:00,137,11.232000000000001,2237.4,,45.125112,5.902955
2026-04-27T19:32:13+00:00,138,12.456,2236.8,,45.125044,5.902884
2026-04-27T19:32:14+00:00,136,13.824,2236.2,,45.125027,5.902846
2026-04-27T19:32:16+00:00,138,14.472,2235.2,,45.124988,5.902777
2026-04-27T19:32:18+00:00,139,13.464,2234.0,,45.12494,5.902701
2026-04-27T19:32:19+00:00,140,13.104000000000001,2233.6,,45.124928,5.902667
2026-04-27T19:32:21+00:00,140,14.544,2232.6,,45.12489,5.902566
2026-04-27T19:32:22+00:00,139,14.641200000000001,2232.2,,45.124883,5.902513
2026-04-27T19:32:24+00:00,137,16.2,2231.2,,45.124837,5.90242
2026-04-27T19:32:26+00:00,137,16.56,2229.8,,45.124788,5.902326
2026-04-27T19:32:28+00:00,133,16.38,2228.2,,45.124753,5.902231
2026-04-27T19:32:29+00:00,133,17.136,2227.4,,45.124708,5.902191
2026-04-27T19:32:30+00:00,133,18.061200000000003,2226.6,,45.12467,5.902137
2026-04-27T19:32:32+00:00,135,19.259999999999998,2224.6,,45.124602,5.902026
2026-04-27T19:32:33+00:00,137,20.52,2223.4,,45.124577,5.901977
2026-04-27T19:32:34+00:00,138,18.0,2222.2,,45.124572,5.90195
2026-04-27T19:32:35+00:00,138,15.552000000000001,2221.4,,45.124562,5.901921
2026-04-27T19:32:36+00:00,139,14.22,2220.8,,45.124543,5.901911
2026-04-27T19:32:39+00:00,141,10.224,2219.6,,45.124458,5.901894
2026-04-27T19:32:42+00:00,141,13.741200000000001,2218.4,,45.124376,5.901781
2026-04-27T19:32:44+00:00,141,15.840000000000002,2217.4,,45.124329,5.901707
2026-04-27T19:32:46+00:00,140,15.015600000000001,2216.4,,45.124273,5.901668
2026-04-27T19:32:47+00:00,140,12.096,2216.0,,45.12427,5.90165
2026-04-27T19:32:49+00:00,139,6.912,2215.6,,45.124263,5.901639
2026-04-27T19:32:51+00:00,136,1.9440000000000002,2215.2,,45.124263,5.901639
2026-04-27T19:32:53+00:00,139,0.8388000000000001,2215.2,,45.124263,5.901639
2026-04-27T19:32:56+00:00,137,0.5760000000000001,2215.2,,45.124263,5.901639
2026-04-27T19:32:58+00:00,133,0.5760000000000001,2215.4,,45.124266,5.901648
2026-04-27T19:33:02+00:00,132,3.06,2215.4,,45.124232,5.901612
2026-04-27T19:33:04+00:00,124,6.4188,2215.0,,45.124188,5.901579
2026-04-27T19:33:05+00:00,126,7.3044,2214.8,,45.124168,5.901544
2026-04-27T19:33:06+00:00,129,8.64,2214.4,,45.124132,5.901507
2026-04-27T19:33:08+00:00,132,13.32,2213.4,,45.124069,5.901454
2026-04-27T19:33:09+00:00,134,15.768,2212.8,,45.124029,5.901416
2026-04-27T19:33:10+00:00,136,17.064,2212.2,,45.123984,5.901395
2026-04-27T19:33:12+00:00,138,18.061200000000003,2210.8,,45.123911,5.901295
2026-04-27T19:33:14+00:00,138,20.16,2209.0,,45.123834,5.901204
2026-04-27T19:33:15+00:00,137,20.592,2208.0,,45.123787,5.90117
2026-04-27T19:33:16+00:00,136,20.88,2206.8,,45.123739,5.901131
2026-04-27T19:33:17+00:00,136,21.240000000000002,2206.0,,45.123704,5.901072
2026-04-27T19:33:18+00:00,134,21.240000000000002,2205.0,,45.123655,5.901036
2026-04-27T19:33:19+00:00,134,21.96,2203.8,,45.123605,5.900992
2026-04-27T19:33:20+00:00,134,22.032,2202.8,,45.123577,5.900935
2026-04-27T19:33:21+00:00,135,22.176000000000002,2202.2,,45.123534,5.900882
2026-04-27T19:33:22+00:00,141,21.888,2201.0,,45.123486,5.90085
2026-04-27T19:33:24+00:00,143,21.024,2199.8,,45.123414,5.900752
2026-04-27T19:33:25+00:00,143,21.456,2198.8,,45.12336,5.900727
2026-04-27T19:33:26+00:00,143,21.024,2197.6,,45.123325,5.900673
2026-04-27T19:33:27+00:00,142,21.528000000000002,2196.8,,45.123276,5.900628
2026-04-27T19:33:28+00:00,142,21.481199999999998,2195.6,,45.123227,5.900593
2026-04-27T19:33:29+00:00,141,22.248,2195.0,,45.123192,5.900536
2026-04-27T19:33:30+00:00,141,21.888,2194.2,,45.123146,5.900502
2026-04-27T19:33:31+00:00,142,21.384,2193.2,,45.123104,5.900471
2026-04-27T19:33:32+00:00,142,20.952,2192.4,,45.123071,5.900414
2026-04-27T19:33:33+00:00,143,20.16,2191.6,,45.123031,5.900386
2026-04-27T19:33:34+00:00,143,19.368,2190.8,,45.122985,5.90037
2026-04-27T19:33:35+00:00,143,18.864,2190.0,,45.122954,5.900323
2026-04-27T19:33:36+00:00,143,19.512,2189.6,,45.122912,5.900276
2026-04-27T19:33:37+00:00,143,19.44,2188.8,,45.122862,5.900247
2026-04-27T19:33:38+00:00,142,20.16,2188.0,,45.122828,5.900191
2026-04-27T19:33:39+00:00,143,20.664,2187.2,,45.122788,5.900147
2026-04-27T19:33:40+00:00,143,20.592,2186.0,,45.122741,5.900133
2026-04-27T19:33:41+00:00,143,20.304,2185.0,,45.1227,5.900093
2026-04-27T19:33:42+00:00,142,20.52,2184.2,,45.122661,5.900041
2026-04-27T19:33:43+00:00,142,20.16,2183.2,,45.122613,5.900019
2026-04-27T19:33:44+00:00,142,20.16,2182.2,,45.122572,5.899974
2026-04-27T19:33:45+00:00,142,21.312,2181.4,,45.122526,5.899928
2026-04-27T19:33:46+00:00,142,21.6,2180.4,,45.122475,5.899899
2026-04-27T19:33:47+00:00,142,21.096,2179.4,,45.12244,5.899854
2026-04-27T19:33:48+00:00,142,21.240000000000002,2178.4,,45.122396,5.899818
2026-04-27T19:33:49+00:00,143,21.024,2177.2,,45.122356,5.899781
2026-04-27T19:33:50+00:00,143,19.44,2176.0,,45.122315,5.899784
2026-04-27T19:33:51+00:00,143,17.712,2175.0,,45.122286,5.899762
2026-04-27T19:33:52+00:00,144,16.704,2173.8,,45.12226,5.899733
2026-04-27T19:33:53+00:00,144,14.76,2172.8,,45.122231,5.899748
2026-04-27T19:33:55+00:00,146,10.368,2171.0,,45.1222,5.899741
2026-04-27T19:33:56+00:00,147,7.992000000000001,2170.6,,45.122194,5.899748
2026-04-27T19:33:58+00:00,148,3.672,2170.0,,45.122189,5.899744
2026-04-27T19:34:00+00:00,151,1.0080000000000002,2169.8,,45.122189,5.899744
2026-04-27T19:34:04+00:00,148,0.24120000000000003,2170.0,,45.122189,5.899744
2026-04-27T19:34:08+00:00,144,0.0,2170.0,,45.122189,5.899744
2026-04-27T19:34:09+00:00,141,0.0,2170.0,,45.122189,5.899744
2026-04-27T19:34:13+00:00,141,0.0,2170.0,,45.122189,5.899744
2026-04-27T19:34:14+00:00,135,0.0,2170.0,,45.122189,5.899744
2026-04-27T19:34:15+00:00,135,0.0,2170.0,,45.122189,5.899744
2026-04-27T19:34:18+00:00,138,0.0,2170.0,,45.122189,5.899744
2026-04-27T19:34:20+00:00,141,0.0,2169.8,,45.122189,5.899744
2026-04-27T19:34:21+00:00,137,0.0,2169.8,,45.122189,5.899744
2026-04-27T19:34:23+00:00,132,0.0,2169.8,,45.122189,5.899744
2026-04-27T19:34:24+00:00,127,0.0,2169.8,,45.122189,5.899744
2026-04-27T19:34:25+00:00,127,0.0,2169.8,,45.122189,5.899744
2026-04-27T19:34:26+00:00,131,0.0,2169.8,,45.122189,5.899744
2026-04-27T19:34:27+00:00,135,0.0,2169.8,,45.12219,5.899744
2026-04-27T19:34:29+00:00,136,3.6,2169.6,,45.122147,5.899735
2026-04-27T19:34:31+00:00,129,9.144,2168.8,,45.122078,5.89976
2026-04-27T19:34:32+00:00,127,11.592,2168.0,,45.122053,5.899735
2026-04-27T19:34:33+00:00,130,12.481200000000001,2167.2,,45.122011,5.899722
2026-04-27T19:34:35+00:00,132,16.02,2165.6,,45.121916,5.899735
2026-04-27T19:34:36+00:00,133,17.64,2165.0,,45.121869,5.899715
2026-04-27T19:34:37+00:00,133,19.368,2164.0,,45.121813,5.899725
2026-04-27T19:34:38+00:00,134,20.664,2163.0,,45.121756,5.899715
2026-04-27T19:34:39+00:00,134,20.7,2162.2,,45.121708,5.89969
2026-04-27T19:34:40+00:00,134,21.096,2161.4,,45.121658,5.899698
2026-04-27T19:34:41+00:00,134,22.104,2160.4,,45.121595,5.899713
2026-04-27T19:34:42+00:00,135,21.96,2159.8,,45.121549,5.899692
2026-04-27T19:34:43+00:00,136,21.672,2159.4,,45.121496,5.899671
2026-04-27T19:34:44+00:00,137,21.672,2158.6,,45.12144,5.899668
2026-04-27T19:34:45+00:00,138,23.328000000000003,2158.0,,45.121375,5.899656
2026-04-27T19:34:47+00:00,138,23.184,2157.0,,45.121263,5.899653
2026-04-27T19:34:48+00:00,137,22.824,2156.6,,45.121214,5.899643
2026-04-27T19:34:49+00:00,135,22.176000000000002,2156.2,,45.121173,5.899618
2026-04-27T19:34:51+00:00,134,20.0412,2155.4,,45.121079,5.899599
2026-04-27T19:34:52+00:00,134,19.008000000000003,2155.0,,45.121032,5.899585
2026-04-27T19:34:54+00:00,134,18.503999999999998,2154.4,,45.12095,5.899542
2026-04-27T19:34:55+00:00,131,18.1188,2154.2,,45.120912,5.899528
2026-04-27T19:34:56+00:00,132,17.208000000000002,2154.0,,45.120877,5.899504
2026-04-27T19:34:57+00:00,133,15.984000000000002,2153.8,,45.120846,5.899485
2026-04-27T19:35:00+00:00,134,9.72,2153.4,,45.120802,5.899457
2026-04-27T19:35:01+00:00,134,6.6240000000000006,2153.2,,45.120807,5.899458
2026-04-27T19:35:02+00:00,135,4.248,2153.2,,45.12081,5.89945
2026-04-27T19:35:07+00:00,135,0.4212,2152.8,,45.120811,5.899444
2026-04-27T19:35:10+00:00,132,0.27,2152.8,,45.120811,5.899442
2026-04-27T19:35:12+00:00,133,0.864,2153.0,,45.120814,5.89943
2026-04-27T19:35:16+00:00,129,1.1412,2152.8,,45.120811,5.899444
2026-04-27T19:35:18+00:00,130,1.8612000000000002,2152.8,,45.120822,5.899419
2026-04-27T19:35:20+00:00,134,2.0267999999999997,2152.6,,45.120831,5.899407
2026-04-27T19:35:25+00:00,133,0.7200000000000001,2152.8,,45.12083,5.899408
2026-04-27T19:35:29+00:00,130,0.0,2152.4,,45.12083,5.899408
2026-04-27T19:35:30+00:00,127,0.07200000000000001,2152.4,,45.12083,5.899408
2026-04-27T19:35:33+00:00,128,0.63,2152.6,,45.120824,5.899395
2026-04-27T19:35:36+00:00,122,2.2212,2152.6,,45.12081,5.899372
2026-04-27T19:35:38+00:00,125,3.096,2152.6,,45.120794,5.899359
2026-04-27T19:35:39+00:00,126,3.3588000000000005,2152.4,,45.120785,5.899349
2026-04-27T19:35:40+00:00,123,3.6504000000000003,2152.4,,45.120776,5.899335
2026-04-27T19:35:43+00:00,126,6.336,2152.2,,45.120742,5.899273
2026-04-27T19:35:44+00:00,132,7.5600000000000005,2152.0,,45.120724,5.899245
2026-04-27T19:35:48+00:00,132,11.952,2151.2,,45.120657,5.899099
2026-04-27T19:35:49+00:00,132,12.888,2150.8,,45.120635,5.899054
2026-04-27T19:35:51+00:00,124,13.32,2150.2,,45.120593,5.898974
2026-04-27T19:35:52+00:00,125,13.6368,2149.8,,45.120569,5.898929
2026-04-27T19:35:54+00:00,128,15.264000000000001,2149.2,,45.120522,5.898836
2026-04-27T19:35:56+00:00,129,16.056,2148.6,,45.120475,5.898746
2026-04-27T19:36:01+00:00,128,16.4052,2147.2,,45.120355,5.898509
2026-04-27T19:36:04+00:00,128,17.73,2145.8,,45.120259,5.898346
2026-04-27T19:36:06+00:00,129,19.44,2144.8,,45.120195,5.898253
2026-04-27T19:36:07+00:00,129,18.9612,2144.4,,45.120163,5.898214
2026-04-27T19:36:09+00:00,126,18.072,2143.6,,45.120088,5.898141
2026-04-27T19:36:12+00:00,127,18.288,2142.6,,45.119971,5.898041
2026-04-27T19:36:14+00:00,126,18.36,2142.0,,45.119892,5.897974
2026-04-27T19:36:16+00:00,126,18.4104,2141.2,,45.119811,5.89791
2026-04-27T19:36:18+00:00,126,17.8812,2140.4,,45.119738,5.897852
2026-04-27T19:36:20+00:00,127,16.6212,2140.0,,45.119678,5.897799
2026-04-27T19:36:21+00:00,123,15.192,2139.8,,45.11965,5.897773
2026-04-27T19:36:24+00:00,127,12.5388,2139.2,,45.119578,5.897715
2026-04-27T19:36:26+00:00,128,10.512,2139.0,,45.119542,5.897668
2026-04-27T19:36:27+00:00,125,10.141200000000001,2138.8,,45.119527,5.897649
2026-04-27T19:36:32+00:00,127,9.18,2138.0,,45.119445,5.89753
2026-04-27T19:36:33+00:00,129,9.6012,2137.8,,45.119419,5.897513
2026-04-27T19:36:36+00:00,128,11.0016,2137.0,,45.119318,5.897486
2026-04-27T19:36:37+00:00,129,13.32,2136.6,,45.119282,5.89749
2026-04-27T19:36:39+00:00,130,13.741200000000001,2136.0,,45.119222,5.897455
2026-04-27T19:36:40+00:00,130,13.9356,2135.6,,45.119195,5.89742
2026-04-27T19:36:41+00:00,130,13.68,2135.2,,45.119161,5.897415
2026-04-27T19:36:43+00:00,131,13.741200000000001,2134.4,,45.119087,5.897408
2026-04-27T19:36:44+00:00,132,13.968,2133.8,,45.119075,5.897359
2026-04-27T19:36:45+00:00,133,13.536,2133.2,,45.119077,5.897313
2026-04-27T19:36:46+00:00,134,14.04,2132.8,,45.119054,5.897271
2026-04-27T19:36:48+00:00,135,13.392000000000001,2131.4,,45.118987,5.897254
2026-04-27T19:36:50+00:00,136,15.192,2130.2,,45.11892,5.897188
2026-04-27T19:36:51+00:00,139,15.552000000000001,2129.6,,45.118894,5.897143
2026-04-27T19:36:52+00:00,140,15.541200000000002,2129.0,,45.118856,5.897119
2026-04-27T19:36:54+00:00,143,16.740000000000002,2127.2,,45.118807,5.897028
2026-04-27T19:36:56+00:00,145,17.424,2125.6,,45.118742,5.896934
2026-04-27T19:36:57+00:00,145,18.648,2124.6,,45.118695,5.896889
2026-04-27T19:36:58+00:00,145,19.1412,2123.8,,45.11866,5.896833
2026-04-27T19:36:59+00:00,145,21.384,2122.8,,45.118613,5.896774
2026-04-27T19:37:00+00:00,146,21.8412,2121.6,,45.118575,5.896715
2026-04-27T19:37:01+00:00,145,23.544,2120.4,,45.118533,5.896645
2026-04-27T19:37:02+00:00,147,24.048,2119.4,,45.11849,5.896585
2026-04-27T19:37:03+00:00,147,24.264000000000003,2118.6,,45.118468,5.89651
2026-04-27T19:37:04+00:00,147,24.12,2117.8,,45.11843,5.896446
2026-04-27T19:37:05+00:00,148,23.832,2117.2,,45.118391,5.896397
2026-04-27T19:37:06+00:00,148,22.968,2116.2,,45.118363,5.896331
2026-04-27T19:37:07+00:00,149,21.96,2115.4,,45.118325,5.896286
2026-04-27T19:37:08+00:00,150,21.024,2114.6,,45.118296,5.896238
2026-04-27T19:37:09+00:00,151,20.016,2114.0,,45.118285,5.89617
2026-04-27T19:37:10+00:00,152,20.088,2113.2,,45.118253,5.89611
2026-04-27T19:37:11+00:00,152,19.872,2112.0,,45.118221,5.89605
2026-04-27T19:37:12+00:00,153,20.016,2111.0,,45.118199,5.895989
2026-04-27T19:37:13+00:00,154,20.52,2109.8,,45.118161,5.895937
2026-04-27T19:37:14+00:00,155,20.808,2108.8,,45.118136,5.895875
2026-04-27T19:37:16+00:00,156,21.816,2107.0,,45.118075,5.895733
2026-04-27T19:37:17+00:00,157,21.456,2106.0,,45.118066,5.895671
2026-04-27T19:37:18+00:00,158,20.448,2105.4,,45.118044,5.895625
2026-04-27T19:37:19+00:00,159,20.448,2104.6,,45.118011,5.895568
2026-04-27T19:37:20+00:00,158,20.2788,2103.4,,45.118,5.895507
2026-04-27T19:37:21+00:00,159,18.503999999999998,2102.6,,45.117985,5.895443
2026-04-27T19:37:22+00:00,159,18.36,2102.0,,45.117956,5.895394
2026-04-27T19:37:23+00:00,159,18.791999999999998,2100.8,,45.117949,5.895331
2026-04-27T19:37:24+00:00,159,18.288,2100.0,,45.117942,5.895272
2026-04-27T19:37:25+00:00,159,18.288,2099.2,,45.117914,5.895222
2026-04-27T19:37:26+00:00,159,17.784000000000002,2098.0,,45.117905,5.89516
2026-04-27T19:37:27+00:00,158,18.432000000000002,2097.4,,45.117894,5.895092
2026-04-27T19:37:28+00:00,158,18.864,2096.6,,45.117859,5.89504
2026-04-27T19:37:29+00:00,158,18.576,2095.4,,45.117841,5.894987
2026-04-27T19:37:30+00:00,158,18.36,2094.4,,45.117839,5.894929
2026-04-27T19:37:32+00:00,159,17.568,2092.6,,45.117799,5.894824
2026-04-27T19:37:33+00:00,159,16.848,2091.6,,45.117794,5.894766
2026-04-27T19:37:34+00:00,160,16.992,2090.8,,45.117767,5.894718
2026-04-27T19:37:35+00:00,160,17.28,2089.8,,45.117746,5.894661
2026-04-27T19:37:36+00:00,160,16.261200000000002,2089.0,,45.117745,5.894621
2026-04-27T19:37:37+00:00,160,16.272,2088.2,,45.117738,5.894558
2026-04-27T19:37:38+00:00,161,16.488,2087.6,,45.117708,5.894513
2026-04-27T19:37:39+00:00,161,16.272,2086.6,,45.117672,5.894483
2026-04-27T19:37:40+00:00,162,17.28,2085.8,,45.11763,5.894428
2026-04-27T19:37:41+00:00,162,17.712,2084.8,,45.117626,5.894379
2026-04-27T19:37:42+00:00,162,17.928,2083.8,,45.117603,5.894324
2026-04-27T19:37:44+00:00,164,18.648,2081.8,,45.117545,5.894221
2026-04-27T19:37:45+00:00,163,18.215999999999998,2081.0,,45.117534,5.894148
2026-04-27T19:37:46+00:00,163,19.296000000000003,2080.2,,45.117508,5.894094
2026-04-27T19:37:47+00:00,163,19.368,2079.0,,45.11748,5.894039
2026-04-27T19:37:48+00:00,161,19.018800000000002,2077.8,,45.117475,5.893976
2026-04-27T19:37:49+00:00,161,19.296000000000003,2076.8,,45.117449,5.893919
2026-04-27T19:37:50+00:00,161,18.720000000000002,2075.6,,45.117414,5.893878
2026-04-27T19:37:51+00:00,161,18.288,2074.4,,45.117395,5.893826
2026-04-27T19:37:52+00:00,161,18.432000000000002,2073.4,,45.117366,5.893769
2026-04-27T19:37:53+00:00,161,18.503999999999998,2072.4,,45.117349,5.893711
2026-04-27T19:37:54+00:00,162,17.784000000000002,2071.4,,45.117338,5.893657
2026-04-27T19:37:55+00:00,162,16.056,2070.6,,45.117321,5.893639
2026-04-27T19:37:56+00:00,163,14.76,2070.0,,45.117299,5.893619
2026-04-27T19:37:58+00:00,164,12.168,2068.8,,45.117285,5.89353
2026-04-27T19:38:00+00:00,164,11.592,2067.2,,45.117249,5.893475
2026-04-27T19:38:01+00:00,164,10.008,2066.6,,45.117242,5.893475
2026-04-27T19:38:02+00:00,164,8.758799999999999,2066.0,,45.117239,5.893468
2026-04-27T19:38:05+00:00,161,1.1520000000000001,2065.4,,45.117251,5.893471
2026-04-27T19:38:07+00:00,152,0.216,2065.4,,45.117251,5.893471
2026-04-27T19:38:09+00:00,149,0.1548,2065.2,,45.117251,5.893471
2026-04-27T19:38:15+00:00,153,0.0,2065.0,,45.117251,5.893471
2026-04-27T19:38:17+00:00,154,0.0,2065.2,,45.11725,5.893473
2026-04-27T19:38:21+00:00,154,0.1188,2064.8,,45.117251,5.893471
2026-04-27T19:38:22+00:00,149,0.14400000000000002,2064.6,,45.117251,5.893471
2026-04-27T19:38:24+00:00,146,0.1044,2064.4,,45.117251,5.893471
2026-04-27T19:38:27+00:00,149,0.14400000000000002,2064.6,,45.117249,5.893473
2026-04-27T19:38:28+00:00,149,0.1188,2064.6,,45.117251,5.893471
2026-04-27T19:38:33+00:00,155,0.0,2064.8,,45.117251,5.893471
2026-04-27T19:38:35+00:00,158,0.36000000000000004,2064.8,,45.117249,5.893463
2026-04-27T19:38:37+00:00,159,1.1196,2064.8,,45.117238,5.89344
2026-04-27T19:38:40+00:00,153,10.8,2063.8,,45.117174,5.893304
2026-04-27T19:38:41+00:00,151,12.481200000000001,2063.0,,45.117141,5.893245
2026-04-27T19:38:42+00:00,152,16.776,2061.8,,45.117118,5.893195
2026-04-27T19:38:43+00:00,151,16.92,2060.6,,45.1171,5.89314
2026-04-27T19:38:44+00:00,153,16.92,2059.6,,45.117069,5.893095
2026-04-27T19:38:45+00:00,153,18.144000000000002,2058.6,,45.117056,5.893038
2026-04-27T19:38:46+00:00,152,18.072,2057.2,,45.117017,5.892987
2026-04-27T19:38:47+00:00,153,18.791999999999998,2056.0,,45.116988,5.892926
2026-04-27T19:38:48+00:00,154,19.152,2054.8,,45.116968,5.892867
2026-04-27T19:38:49+00:00,155,19.584000000000003,2053.4,,45.116927,5.892825
2026-04-27T19:38:50+00:00,155,19.224,2052.0,,45.116912,5.892779
2026-04-27T19:38:51+00:00,155,18.791999999999998,2050.8,,45.116887,5.892725
2026-04-27T19:38:52+00:00,157,18.36,2049.6,,45.116848,5.892691
2026-04-27T19:38:53+00:00,158,17.064,2048.2,,45.116834,5.892649
2026-04-27T19:38:54+00:00,159,17.208000000000002,2047.0,,45.116796,5.892602
2026-04-27T19:38:55+00:00,159,18.36,2045.6,,45.11676,5.892554
2026-04-27T19:38:56+00:00,160,18.503999999999998,2044.4,,45.116736,5.892495
2026-04-27T19:38:57+00:00,160,18.791999999999998,2043.2,,45.11669,5.892462
2026-04-27T19:38:58+00:00,161,20.232,2041.8,,45.116647,5.892427
2026-04-27T19:38:59+00:00,161,19.944,2040.6,,45.116612,5.892385
2026-04-27T19:39:00+00:00,161,19.584000000000003,2039.2,,45.116566,5.892371
2026-04-27T19:39:01+00:00,162,19.152,2038.0,,45.116534,5.892334
2026-04-27T19:39:02+00:00,162,19.296000000000003,2036.6,,45.116497,5.892285
2026-04-27T19:39:03+00:00,163,18.936,2035.4,,45.11645,5.89227
2026-04-27T19:39:04+00:00,163,18.936,2034.2,,45.116415,5.89223
2026-04-27T19:39:05+00:00,163,19.512,2033.0,,45.116373,5.892185
2026-04-27T19:39:06+00:00,163,19.872,2031.8,,45.116322,5.892185
2026-04-27T19:39:07+00:00,164,19.944,2030.4,,45.116271,5.892206
2026-04-27T19:39:08+00:00,164,20.664,2029.2,,45.116218,5.892195
2026-04-27T19:39:09+00:00,164,21.744,2028.0,,45.116159,5.892168
2026-04-27T19:39:10+00:00,163,23.904,2026.8,,45.116085,5.892129
2026-04-27T19:39:11+00:00,163,26.496000000000002,2025.8,,45.11601,5.892088
2026-04-27T19:39:12+00:00,164,29.088,2024.6,,45.115928,5.892046
2026-04-27T19:39:13+00:00,163,31.464000000000002,2023.2,,45.115851,5.892004
2026-04-27T19:39:14+00:00,163,33.696,2022.2,,45.115768,5.891963
2026-04-27T19:39:15+00:00,163,33.768,2021.4,,45.11569,5.891931
2026-04-27T19:39:17+00:00,164,32.4,2019.8,,45.11555,5.891867
2026-04-27T19:39:18+00:00,164,30.816000000000003,2019.4,,45.115488,5.891839
2026-04-27T19:39:19+00:00,165,28.944,2018.6,,45.11543,5.891807
2026-04-27T19:39:21+00:00,165,25.38,2017.6,,45.115334,5.891754
2026-04-27T19:39:23+00:00,164,20.664,2017.0,,45.115244,5.891732
2026-04-27T19:39:25+00:00,163,18.1188,2016.6,,45.115178,5.891685
2026-04-27T19:39:26+00:00,162,13.895999999999999,2016.4,,45.115184,5.891671
2026-04-27T19:39:28+00:00,158,10.224,2016.2,,45.115184,5.891609
2026-04-27T19:39:31+00:00,159,6.264,2015.4,,45.115164,5.891567
2026-04-27T19:39:33+00:00,156,2.8800000000000003,2015.0,,45.115161,5.891573
2026-04-27T19:39:38+00:00,152,0.1044,2015.0,,45.115161,5.891573
2026-04-27T19:39:44+00:00,151,0.0648,2015.0,,45.115161,5.891573
2026-04-27T19:39:47+00:00,147,0.0,2015.2,,45.115161,5.891573
2026-04-27T19:39:51+00:00,150,0.0,2015.0,,45.115161,5.891573
2026-04-27T19:39:57+00:00,148,0.0,2014.6,,45.115161,5.891571
2026-04-27T19:39:58+00:00,148,0.41040000000000004,2014.4,,45.115156,5.891565
2026-04-27T19:40:04+00:00,147,0.41040000000000004,2014.8,,45.115161,5.891573
2026-04-27T19:40:07+00:00,150,0.0,2014.8,,45.115161,5.891573
2026-04-27T19:40:08+00:00,151,0.0,2014.6,,45.115161,5.891573
2026-04-27T19:40:10+00:00,146,0.0,2014.6,,45.115161,5.891573
2026-04-27T19:40:11+00:00,143,0.0,2014.6,,45.115161,5.891573
2026-04-27T19:40:12+00:00,140,0.0,2014.6,,45.115161,5.891573
2026-04-27T19:40:13+00:00,137,0.0,2014.8,,45.115161,5.891573
2026-04-27T19:40:16+00:00,137,0.0,2015.0,,45.115161,5.891573
2026-04-27T19:40:18+00:00,142,0.0,2014.8,,45.115161,5.891573
2026-04-27T19:40:19+00:00,142,0.0,2014.8,,45.115161,5.891573
2026-04-27T19:40:22+00:00,137,0.0,2014.8,,45.115161,5.891573
2026-04-27T19:40:26+00:00,135,0.0,2014.8,,45.115161,5.891573
2026-04-27T19:40:29+00:00,130,0.0,2014.8,,45.115161,5.891573
2026-04-27T19:40:32+00:00,133,0.0,2014.6,,45.115161,5.891573
2026-04-27T19:40:33+00:00,133,0.0,2014.6,,45.115161,5.891573
2026-04-27T19:40:35+00:00,130,0.0,2014.4,,45.115161,5.891573
2026-04-27T19:40:39+00:00,133,0.0,2014.6,,45.115161,5.891573
2026-04-27T19:40:41+00:00,132,0.0,2014.4,,45.115161,5.891573
2026-04-27T19:40:43+00:00,136,0.0,2014.4,,45.115161,5.891573
2026-04-27T19:40:48+00:00,134,4.6296,2014.2,,45.115086,5.891527
2026-04-27T19:40:50+00:00,133,8.8452,2013.4,,45.115026,5.891476
2026-04-27T19:40:52+00:00,129,11.041200000000002,2011.8,,45.114956,5.891386
2026-04-27T19:40:54+00:00,128,18.061200000000003,2010.0,,45.114885,5.89128
2026-04-27T19:40:55+00:00,128,20.592,2008.8,,45.114846,5.891223
2026-04-27T19:40:56+00:00,132,20.818800000000003,2007.6,,45.1148,5.891177
2026-04-27T19:40:57+00:00,133,21.312,2006.4,,45.114768,5.891127
2026-04-27T19:40:58+00:00,135,21.481199999999998,2005.2,,45.114716,5.891092
2026-04-27T19:40:59+00:00,136,21.456,2004.2,,45.11468,5.891045
2026-04-27T19:41:00+00:00,138,21.312,2003.2,,45.114631,5.891011
2026-04-27T19:41:01+00:00,139,21.168,2002.2,,45.114591,5.890963
2026-04-27T19:41:02+00:00,142,21.888,2001.2,,45.114543,5.89092
2026-04-27T19:41:03+00:00,144,22.032,2000.0,,45.114493,5.890877
2026-04-27T19:41:04+00:00,145,22.752000000000002,1999.0,,45.114454,5.890817
2026-04-27T19:41:05+00:00,146,22.896,1997.8,,45.114403,5.890783
2026-04-27T19:41:06+00:00,147,23.256,1996.6,,45.114346,5.890754
2026-04-27T19:41:07+00:00,149,23.688000000000002,1995.2,,45.114301,5.890695
2026-04-27T19:41:08+00:00,149,23.184,1994.2,,45.114272,5.890634
2026-04-27T19:41:09+00:00,151,22.176000000000002,1993.2,,45.114237,5.890593
2026-04-27T19:41:11+00:00,153,20.52,1991.6,,45.114184,5.89049
2026-04-27T19:41:12+00:00,154,19.08,1990.8,,45.114148,5.890449
2026-04-27T19:41:13+00:00,155,17.64,1990.2,,45.114138,5.890401
2026-04-27T19:41:15+00:00,157,14.940000000000001,1988.8,,45.114119,5.890349
2026-04-27T19:41:21+00:00,156,2.9699999999999998,1987.8,,45.114115,5.890339
2026-04-27T19:41:22+00:00,156,1.7496,1987.6,,45.1141,5.890317
2026-04-27T19:41:24+00:00,153,3.2004,1986.8,,45.114068,5.890284
2026-04-27T19:41:25+00:00,153,3.024,1986.4,,45.114068,5.890277
2026-04-27T19:41:26+00:00,153,5.760000000000001,1986.0,,45.11406,5.890275
2026-04-27T19:41:28+00:00,153,4.978800000000001,1985.2,,45.114035,5.890276
2026-04-27T19:41:30+00:00,154,2.8080000000000003,1985.0,,45.114036,5.890277
2026-04-27T19:41:31+00:00,153,2.3040000000000003,1985.0,,45.114036,5.890278
2026-04-27T19:41:34+00:00,156,4.680000000000001,1984.4,,45.113977,5.890226
2026-04-27T19:41:35+00:00,155,8.568,1983.8,,45.113959,5.89017
2026-04-27T19:41:36+00:00,156,10.944,1982.8,,45.11396,5.890127
2026-04-27T19:41:37+00:00,156,11.2212,1981.8,,45.113944,5.89009
2026-04-27T19:41:38+00:00,154,10.5444,1980.8,,45.113924,5.890088
2026-04-27T19:41:39+00:00,151,12.312,1979.8,,45.113888,5.890085
2026-04-27T19:41:40+00:00,150,12.096,1979.2,,45.113862,5.890055
2026-04-27T19:41:42+00:00,152,13.68,1977.4,,45.113795,5.889989
2026-04-27T19:41:43+00:00,152,15.840000000000002,1976.4,,45.11376,5.889951
2026-04-27T19:41:44+00:00,153,16.632,1975.2,,45.113717,5.889931
2026-04-27T19:41:45+00:00,154,17.496000000000002,1974.0,,45.113691,5.889877
2026-04-27T19:41:46+00:00,154,17.7012,1972.8,,45.113655,5.889836
2026-04-27T19:41:47+00:00,155,19.008000000000003,1971.6,,45.113605,5.889807
2026-04-27T19:41:48+00:00,155,19.728,1970.2,,45.113564,5.889761
2026-04-27T19:41:49+00:00,156,20.52,1969.0,,45.113512,5.889731
2026-04-27T19:41:50+00:00,157,20.808,1967.8,,45.113479,5.889689
2026-04-27T19:41:51+00:00,158,21.024,1966.6,,45.113431,5.889661
2026-04-27T19:41:52+00:00,160,19.944,1965.6,,45.1134,5.889626
2026-04-27T19:41:53+00:00,160,19.872,1964.8,,45.113364,5.889575
2026-04-27T19:41:55+00:00,163,18.144000000000002,1963.4,,45.113279,5.889558
2026-04-27T19:41:57+00:00,164,18.648,1962.2,,45.113204,5.88948
2026-04-27T19:41:58+00:00,164,17.784000000000002,1961.4,,45.113164,5.889458
2026-04-27T19:41:59+00:00,165,17.8812,1960.6,,45.113122,5.889432
2026-04-27T19:42:00+00:00,163,18.288,1959.8,,45.113094,5.889389
2026-04-27T19:42:01+00:00,164,17.7588,1959.0,,45.113059,5.889366
2026-04-27T19:42:02+00:00,163,16.488,1958.0,,45.113025,5.889342
2026-04-27T19:42:03+00:00,163,15.912,1957.2,,45.113007,5.889301
2026-04-27T19:42:05+00:00,162,16.344,1955.6,,45.112958,5.889191
2026-04-27T19:42:07+00:00,162,19.224,1953.8,,45.11287,5.889098
2026-04-27T19:42:08+00:00,162,19.512,1952.8,,45.112864,5.889043
2026-04-27T19:42:09+00:00,163,19.259999999999998,1952.0,,45.112868,5.888978
2026-04-27T19:42:10+00:00,163,19.656,1951.0,,45.112844,5.888918
2026-04-27T19:42:11+00:00,164,19.44,1950.0,,45.112818,5.888861
2026-04-27T19:42:12+00:00,164,18.0,1949.2,,45.112817,5.8888
2026-04-27T19:42:14+00:00,164,19.512,1947.6,,45.112789,5.888662
2026-04-27T19:42:15+00:00,164,19.44,1946.8,,45.112791,5.888594
2026-04-27T19:42:16+00:00,165,19.152,1946.2,,45.112781,5.888532
2026-04-27T19:42:17+00:00,164,19.224,1945.2,,45.112784,5.888469
2026-04-27T19:42:18+00:00,163,18.900000000000002,1944.6,,45.112783,5.888409
2026-04-27T19:42:19+00:00,163,17.064,1943.8,,45.112769,5.888373
2026-04-27T19:42:20+00:00,163,14.688,1943.2,,45.112761,5.888346
2026-04-27T19:42:21+00:00,163,14.328,1942.6,,45.112766,5.888287
2026-04-27T19:42:22+00:00,163,12.96,1942.0,,45.112783,5.88826
2026-04-27T19:42:23+00:00,162,9.72,1941.4,,45.112791,5.888261
2026-04-27T19:42:25+00:00,162,5.760000000000001,1940.6,,45.112791,5.88826
2026-04-27T19:42:30+00:00,162,0.36000000000000004,1940.4,,45.112791,5.88826
2026-04-27T19:42:33+00:00,158,0.0468,1940.4,,45.112791,5.88826
2026-04-27T19:42:38+00:00,155,0.0,1940.4,,45.112791,5.88826
2026-04-27T19:42:39+00:00,154,0.0,1940.4,,45.112791,5.88826
2026-04-27T19:42:45+00:00,150,0.0,1940.4,,45.112791,5.88826
2026-04-27T19:42:48+00:00,147,0.0,1940.6,,45.112791,5.88826
2026-04-27T19:42:49+00:00,147,0.0,1940.4,,45.112791,5.88826
2026-04-27T19:42:55+00:00,146,0.0,1940.2,,45.112791,5.88826
2026-04-27T19:42:57+00:00,143,0.0,1940.2,,45.112791,5.88826
2026-04-27T19:42:59+00:00,141,0.0,1940.2,,45.112791,5.88826
2026-04-27T19:43:04+00:00,138,0.0504,1940.2,,45.112791,5.888257
2026-04-27T19:43:06+00:00,140,3.24,1939.8,,45.112788,5.888183
2026-04-27T19:43:07+00:00,142,4.543200000000001,1939.4,,45.11278,5.888134
2026-04-27T19:43:08+00:00,141,5.7204,1938.6,,45.112807,5.88809
2026-04-27T19:43:09+00:00,140,5.7204,1937.6,,45.112823,5.888029
2026-04-27T19:43:10+00:00,140,14.4,1936.4,,45.112813,5.887977
2026-04-27T19:43:11+00:00,138,15.048,1935.2,,45.112787,5.887953
2026-04-27T19:43:12+00:00,137,15.48,1934.2,,45.112762,5.887904
2026-04-27T19:43:13+00:00,138,15.264000000000001,1933.2,,45.112768,5.887855
2026-04-27T19:43:14+00:00,140,13.176,1932.2,,45.11278,5.887831
2026-04-27T19:43:15+00:00,143,12.24,1931.2,,45.112794,5.8878
2026-04-27T19:43:16+00:00,143,11.592,1930.4,,45.112788,5.887774
2026-04-27T19:43:17+00:00,144,9.144,1929.6,,45.112777,5.887772
2026-04-27T19:43:18+00:00,144,7.920000000000001,1929.0,,45.112759,5.887756
2026-04-27T19:43:19+00:00,145,7.632000000000001,1928.6,,45.112745,5.887746
2026-04-27T19:43:22+00:00,146,8.28,1927.6,,45.112725,5.887656
2026-04-27T19:43:23+00:00,146,10.656,1927.0,,45.112717,5.88759
2026-04-27T19:43:25+00:00,146,14.8788,1924.6,,45.112689,5.88745
2026-04-27T19:43:26+00:00,146,15.9948,1923.0,,45.112651,5.887385
2026-04-27T19:43:27+00:00,147,21.672,1921.2,,45.112631,5.887306
2026-04-27T19:43:28+00:00,147,22.32,1919.6,,45.112621,5.887225
2026-04-27T19:43:29+00:00,148,22.5,1917.8,,45.112582,5.88716
2026-04-27T19:43:30+00:00,149,24.192,1916.2,,45.112549,5.887086
2026-04-27T19:43:31+00:00,149,23.688000000000002,1914.8,,45.112538,5.887014
2026-04-27T19:43:32+00:00,150,24.048,1913.6,,45.112511,5.886933
2026-04-27T19:43:33+00:00,151,23.976000000000003,1912.2,,45.112467,5.886877
2026-04-27T19:43:35+00:00,154,21.744,1910.6,,45.112424,5.886763
2026-04-27T19:43:36+00:00,155,20.952,1910.0,,45.1124,5.886714
2026-04-27T19:43:37+00:00,156,19.656,1909.6,,45.112376,5.886656
2026-04-27T19:43:39+00:00,158,18.900000000000002,1908.8,,45.11231,5.886557
2026-04-27T19:43:40+00:00,158,18.503999999999998,1908.4,,45.112273,5.886521
2026-04-27T19:43:41+00:00,159,18.576,1908.0,,45.112248,5.886474
2026-04-27T19:43:43+00:00,157,17.7588,1907.2,,45.112185,5.8864
2026-04-27T19:43:45+00:00,156,16.56,1906.2,,45.112108,5.886361
2026-04-27T19:43:46+00:00,154,16.344,1905.6,,45.112082,5.886321
2026-04-27T19:43:48+00:00,155,15.840000000000002,1904.6,,45.112005,5.886291
2026-04-27T19:43:50+00:00,155,17.496000000000002,1903.0,,45.111918,5.88622
2026-04-27T19:43:51+00:00,155,17.856,1902.0,,45.111875,5.886209
2026-04-27T19:43:52+00:00,155,17.8812,1901.0,,45.111839,5.886172
2026-04-27T19:43:53+00:00,155,19.152,1900.0,,45.11179,5.886151
2026-04-27T19:43:54+00:00,156,19.62,1899.0,,45.111741,5.886117
2026-04-27T19:43:55+00:00,156,20.16,1897.8,,45.111689,5.886082
2026-04-27T19:43:56+00:00,156,21.240000000000002,1896.6,,45.111639,5.886046
2026-04-27T19:43:57+00:00,156,21.672,1895.4,,45.1116,5.886002
2026-04-27T19:43:58+00:00,156,22.608,1894.2,,45.111544,5.885972
2026-04-27T19:43:59+00:00,158,22.824,1892.8,,45.111496,5.885926
2026-04-27T19:44:00+00:00,158,23.471999999999998,1891.4,,45.111441,5.885881
2026-04-27T19:44:01+00:00,159,23.616,1890.0,,45.111394,5.885833
2026-04-27T19:44:02+00:00,161,24.264000000000003,1888.6,,45.111342,5.885792
2026-04-27T19:44:03+00:00,162,23.832,1887.2,,45.111303,5.885741
2026-04-27T19:44:04+00:00,162,23.184,1886.0,,45.111257,5.885713
2026-04-27T19:44:05+00:00,163,22.536,1885.0,,45.111203,5.885694
2026-04-27T19:44:07+00:00,165,20.376,1883.4,,45.111127,5.885625
2026-04-27T19:44:08+00:00,166,19.728,1882.6,,45.111091,5.885585
2026-04-27T19:44:09+00:00,166,19.44,1881.6,,45.111057,5.885542
2026-04-27T19:44:11+00:00,166,18.540000000000003,1880.0,,45.110977,5.88548
2026-04-27T19:44:12+00:00,165,18.576,1879.0,,45.110948,5.885432
2026-04-27T19:44:13+00:00,164,18.36,1878.0,,45.110906,5.885411
2026-04-27T19:44:14+00:00,165,18.072,1877.0,,45.110873,5.885375
2026-04-27T19:44:15+00:00,164,18.36,1876.2,,45.110848,5.885326
2026-04-27T19:44:16+00:00,163,17.928,1875.2,,45.110801,5.8853
2026-04-27T19:44:17+00:00,163,18.144000000000002,1874.2,,45.110759,5.885271
2026-04-27T19:44:18+00:00,164,18.648,1873.2,,45.110726,5.885223
2026-04-27T19:44:20+00:00,165,19.368,1871.2,,45.110641,5.88516
2026-04-27T19:44:21+00:00,165,19.944,1870.0,,45.110594,5.88512
2026-04-27T19:44:22+00:00,165,20.448,1869.0,,45.11055,5.885077
2026-04-27T19:44:23+00:00,166,20.376,1867.8,,45.110517,5.885031
2026-04-27T19:44:24+00:00,166,20.0412,1866.8,,45.11047,5.885009
2026-04-27T19:44:25+00:00,167,20.664,1865.6,,45.110424,5.884972
2026-04-27T19:44:26+00:00,167,20.376,1864.6,,45.110394,5.884918
2026-04-27T19:44:27+00:00,166,20.592,1863.4,,45.110359,5.884854
2026-04-27T19:44:28+00:00,166,22.032,1862.0,,45.110324,5.884772
2026-04-27T19:44:30+00:00,165,25.992,1860.2,,45.110267,5.884579
2026-04-27T19:44:32+00:00,166,27.503999999999998,1858.8,,45.110207,5.884425
2026-04-27T19:44:34+00:00,166,24.5412,1858.4,,45.110165,5.88431
2026-04-27T19:44:38+00:00,167,11.998800000000001,1858.2,,45.110137,5.884197
2026-04-27T19:44:43+00:00,162,3.9996,1858.4,,45.110132,5.884198
2026-04-27T19:44:47+00:00,159,0.0,1858.4,,45.110132,5.884198
2026-04-27T19:44:52+00:00,155,0.0,1858.2,,45.110132,5.884198
2026-04-27T19:44:55+00:00,154,0.0,1858.0,,45.110132,5.884198
2026-04-27T19:45:00+00:00,151,0.0,1858.0,,45.110132,5.884198
2026-04-27T19:45:04+00:00,148,0.0,1858.0,,45.110132,5.884198
2026-04-27T19:45:06+00:00,147,0.0,1858.0,,45.110132,5.884198
2026-04-27T19:45:08+00:00,147,0.0,1858.0,,45.110132,5.884198
2026-04-27T19:45:11+00:00,143,0.0,1857.8,,45.110132,5.884198
2026-04-27T19:45:13+00:00,142,0.0,1857.8,,45.110132,5.884198
2026-04-27T19:45:17+00:00,143,1.1988,1857.8,,45.110154,5.884188
2026-04-27T19:45:18+00:00,143,3.024,1857.6,,45.110166,5.884165
2026-04-27T19:45:19+00:00,138,4.32,1857.4,,45.110182,5.884132
2026-04-27T19:45:21+00:00,141,6.57,1856.6,,45.110192,5.884045
2026-04-27T19:45:22+00:00,145,11.808,1856.2,,45.110192,5.883995
2026-04-27T19:45:23+00:00,147,12.24,1856.0,,45.110209,5.883965
2026-04-27T19:45:24+00:00,148,12.672,1855.6,,45.110231,5.883925
2026-04-27T19:45:25+00:00,145,13.3812,1855.0,,45.110231,5.883871
2026-04-27T19:45:27+00:00,141,13.536,1854.0,,45.11021,5.883778
2026-04-27T19:45:28+00:00,141,14.4,1853.4,,45.110218,5.883725
2026-04-27T19:45:29+00:00,143,15.120000000000001,1853.0,,45.110218,5.883666
2026-04-27T19:45:30+00:00,142,14.76,1852.6,,45.110195,5.883626
2026-04-27T19:45:31+00:00,142,15.2388,1852.0,,45.110163,5.883584
2026-04-27T19:45:32+00:00,143,16.056,1851.4,,45.110142,5.883533
2026-04-27T19:45:34+00:00,143,17.496000000000002,1850.4,,45.110087,5.883422
2026-04-27T19:45:35+00:00,145,18.720000000000002,1849.8,,45.110045,5.883378
2026-04-27T19:45:36+00:00,147,19.368,1849.2,,45.110011,5.883322
2026-04-27T19:45:38+00:00,147,20.0412,1848.0,,45.109955,5.883205
2026-04-27T19:45:39+00:00,147,19.944,1847.4,,45.109922,5.883162
2026-04-27T19:45:40+00:00,148,19.872,1846.8,,45.109892,5.883106
2026-04-27T19:45:43+00:00,150,20.16,1845.4,,45.109801,5.882925
2026-04-27T19:45:44+00:00,147,21.024,1844.8,,45.10977,5.882859
2026-04-27T19:45:45+00:00,146,21.744,1844.2,,45.10974,5.882789
2026-04-27T19:45:47+00:00,147,22.165200000000002,1843.2,,45.109684,5.882642
2026-04-27T19:45:49+00:00,149,21.816,1842.4,,45.109684,5.882506
2026-04-27T19:45:50+00:00,148,20.664,1842.2,,45.109677,5.882445
2026-04-27T19:45:52+00:00,147,18.144000000000002,1841.4,,45.109638,5.882339
2026-04-27T19:45:53+00:00,146,18.18,1841.0,,45.109612,5.882284
2026-04-27T19:45:54+00:00,145,18.144000000000002,1840.6,,45.109604,5.882211
2026-04-27T19:45:56+00:00,147,16.740000000000002,1839.6,,45.109635,5.88212
2026-04-27T19:45:58+00:00,146,16.776,1838.6,,45.109629,5.881996
2026-04-27T19:45:59+00:00,147,16.704,1838.0,,45.109611,5.881931
2026-04-27T19:46:00+00:00,147,17.7012,1837.4,,45.109592,5.881858
2026-04-27T19:46:01+00:00,147,19.656,1836.8,,45.109604,5.881786
2026-04-27T19:46:02+00:00,147,18.720000000000002,1836.4,,45.109625,5.881744
2026-04-27T19:46:04+00:00,146,18.288,1835.2,,45.109635,5.881628
2026-04-27T19:46:05+00:00,146,17.136,1834.6,,45.109617,5.881575
2026-04-27T19:46:06+00:00,146,16.344,1834.2,,45.109619,5.881514
2026-04-27T19:46:08+00:00,147,16.498800000000003,1833.0,,45.109663,5.881418
2026-04-27T19:46:10+00:00,147,17.352,1831.4,,45.109639,5.881288
2026-04-27T19:46:11+00:00,148,17.424,1830.6,,45.109658,5.881234
2026-04-27T19:46:12+00:00,148,16.8012,1829.8,,45.109688,5.881204
2026-04-27T19:46:14+00:00,150,17.1612,1828.6,,45.109719,5.881092
2026-04-27T19:46:16+00:00,151,16.488,1827.4,,45.109774,5.881001
2026-04-27T19:46:17+00:00,151,16.92,1827.0,,45.1098,5.880958
2026-04-27T19:46:18+00:00,152,16.8588,1826.4,,45.109823,5.880908
2026-04-27T19:46:21+00:00,152,16.344,1825.2,,45.109863,5.880748
2026-04-27T19:46:22+00:00,151,16.776,1824.6,,45.109884,5.880688
2026-04-27T19:46:23+00:00,151,16.272,1824.2,,45.109916,5.880666
2026-04-27T19:46:24+00:00,150,15.2388,1823.6,,45.109941,5.88066
2026-04-27T19:46:25+00:00,149,14.709600000000002,1823.2,,45.109966,5.880645
2026-04-27T19:46:27+00:00,149,12.312,1822.2,,45.109993,5.880562
2026-04-27T19:46:28+00:00,149,12.96,1821.6,,45.110014,5.880509
2026-04-27T19:46:29+00:00,149,13.248000000000001,1821.0,,45.110036,5.88048
2026-04-27T19:46:31+00:00,147,13.798800000000002,1819.2,,45.110059,5.880395
2026-04-27T19:46:32+00:00,148,14.4,1818.2,,45.110053,5.880339
2026-04-27T19:46:33+00:00,149,13.895999999999999,1817.4,,45.110076,5.880297
2026-04-27T19:46:35+00:00,152,13.9212,1815.6,,45.11009,5.880224
2026-04-27T19:46:37+00:00,151,13.248000000000001,1813.6,,45.110106,5.880138
2026-04-27T19:46:38+00:00,151,12.528,1812.8,,45.11013,5.880111
2026-04-27T19:46:39+00:00,151,13.078800000000001,1811.8,,45.110156,5.880066
2026-04-27T19:46:40+00:00,152,13.895999999999999,1811.0,,45.110153,5.88002
2026-04-27T19:46:41+00:00,153,13.4388,1810.2,,45.110133,5.879988
2026-04-27T19:46:43+00:00,153,15.48,1808.6,,45.110133,5.879869
2026-04-27T19:46:44+00:00,153,14.76,1807.6,,45.110158,5.87984
2026-04-27T19:46:45+00:00,153,14.976,1806.6,,45.110168,5.879789
2026-04-27T19:46:46+00:00,153,15.192,1805.4,,45.11016,5.879742
2026-04-27T19:46:47+00:00,153,15.9588,1804.4,,45.110171,5.879673
2026-04-27T19:46:48+00:00,153,14.904,1803.2,,45.110194,5.879639
2026-04-27T19:46:50+00:00,154,15.264000000000001,1801.0,,45.110188,5.879546
2026-04-27T19:46:52+00:00,154,15.696000000000002,1799.2,,45.110172,5.879421
2026-04-27T19:46:53+00:00,154,16.56,1798.2,,45.110194,5.879368
2026-04-27T19:46:54+00:00,155,14.6988,1797.2,,45.110201,5.879354
2026-04-27T19:46:56+00:00,156,9.8388,1796.0,,45.110198,5.879355
2026-04-27T19:47:01+00:00,154,5.6052,1795.0,,45.110252,5.879257
2026-04-27T19:47:02+00:00,151,7.9812,1794.8,,45.110282,5.879257
2026-04-27T19:47:04+00:00,150,8.82,1794.0,,45.110329,5.879289
2026-04-27T19:47:05+00:00,150,8.64,1793.8,,45.110346,5.8793
2026-04-27T19:47:06+00:00,150,9.0,1793.4,,45.110355,5.879306
2026-04-27T19:47:08+00:00,151,6.7788,1793.2,,45.110372,5.879306
2026-04-27T19:47:12+00:00,151,2.6388,1793.0,,45.11039,5.87932
2026-04-27T19:47:17+00:00,150,2.8008,1793.2,,45.110429,5.879338
2026-04-27T19:47:21+00:00,150,3.4415999999999998,1792.8,,45.110462,5.879362
2026-04-27T19:47:25+00:00,148,3.7800000000000002,1792.4,,45.110501,5.879362
2026-04-27T19:47:26+00:00,149,4.032000000000001,1792.4,,45.110512,5.879358
2026-04-27T19:47:27+00:00,149,4.0212,1792.2,,45.110522,5.879349
2026-04-27T19:47:30+00:00,151,2.3760000000000003,1792.0,,45.110528,5.87935
2026-04-27T19:47:33+00:00,151,2.0987999999999998,1792.0,,45.11054,5.87932
2026-04-27T19:47:35+00:00,154,2.8800000000000003,1792.0,,45.11055,5.879307
2026-04-27T19:47:37+00:00,154,2.9844,1792.0,,45.110556,5.879286
2026-04-27T19:47:40+00:00,151,2.232,1791.8,,45.110554,5.879271
2026-04-27T19:47:42+00:00,152,1.512,1791.6,,45.110559,5.879261
2026-04-27T19:47:47+00:00,153,3.1896,1791.4,,45.110576,5.879195
2026-04-27T19:47:48+00:00,151,4.4388000000000005,1791.4,,45.110589,5.879178
2026-04-27T19:47:51+00:00,152,5.04,1791.0,,45.110622,5.879131
2026-04-27T19:47:56+00:00,153,3.15,1790.8,,45.110634,5.879124
2026-04-27T19:48:02+00:00,153,1.3104,1790.8,,45.110649,5.87911
2026-04-27T19:48:06+00:00,156,0.792,1790.8,,45.110649,5.87911
2026-04-27T19:48:12+00:00,155,0.0,1790.8,,45.110649,5.87911
2026-04-27T19:48:18+00:00,153,0.0,1790.4,,45.110649,5.87911
2026-04-27T19:48:21+00:00,153,0.0,1790.6,,45.110649,5.87911
2026-04-27T19:48:22+00:00,150,0.036000000000000004,1790.6,,45.110645,5.879109
2026-04-27T19:48:23+00:00,147,0.648,1790.6,,45.110641,5.879116
2026-04-27T19:48:24+00:00,142,0.6588,1790.4,,45.110638,5.879113
2026-04-27T19:48:26+00:00,140,0.792,1790.0,,45.110649,5.87911
2026-04-27T19:48:31+00:00,138,0.1044,1789.6,,45.110649,5.87911
2026-04-27T19:48:34+00:00,141,0.09000000000000001,1790.0,,45.110649,5.87911
2026-04-27T19:48:36+00:00,145,0.216,1790.2,,45.110649,5.87911
2026-04-27T19:48:37+00:00,146,0.18000000000000002,1790.4,,45.110649,5.87911
2026-04-27T19:48:39+00:00,149,1.1520000000000001,1790.4,,45.110655,5.879103
2026-04-27T19:48:41+00:00,152,2.592,1790.2,,45.110675,5.879091
2026-04-27T19:48:42+00:00,152,3.096,1790.2,,45.11068,5.879091
2026-04-27T19:48:46+00:00,149,0.5040000000000001,1789.6,,45.11068,5.879091
2026-04-27T19:48:48+00:00,148,0.0,1789.4,,45.11068,5.879091
2026-04-27T19:48:49+00:00,145,0.0,1789.4,,45.11068,5.879091
2026-04-27T19:48:53+00:00,146,1.8,1789.4,,45.110704,5.879086
2026-04-27T19:48:58+00:00,142,2.1204,1789.6,,45.110721,5.879066
2026-04-27T19:49:03+00:00,143,2.664,1789.6,,45.110759,5.879049
2026-04-27T19:49:08+00:00,145,3.8880000000000003,1789.8,,45.110815,5.879041
2026-04-27T19:49:14+00:00,146,4.842,1789.4,,45.110889,5.879006
2026-04-27T19:49:18+00:00,148,4.176,1790.0,,45.110916,5.878996
2026-04-27T19:49:24+00:00,147,3.204,1790.4,,45.110969,5.878977
2026-04-27T19:49:25+00:00,149,3.7548,1790.6,,45.110979,5.878976
2026-04-27T19:49:31+00:00,149,3.4956,1790.8,,45.111025,5.878956
2026-04-27T19:49:36+00:00,146,3.2076000000000002,1790.6,,45.111065,5.878946
2026-04-27T19:49:38+00:00,149,3.4452,1790.6,,45.111086,5.878945
2026-04-27T19:49:41+00:00,149,3.8160000000000003,1790.8,,45.111111,5.878933
2026-04-27T19:49:46+00:00,149,4.0968,1790.8,,45.111162,5.878906
2026-04-27T19:49:49+00:00,150,4.2768,1790.6,,45.111186,5.87888
2026-04-27T19:49:55+00:00,151,3.3984,1790.4,,45.111224,5.878839
2026-04-27T19:49:56+00:00,153,3.1356,1790.2,,45.111226,5.878826
2026-04-27T19:49:57+00:00,151,3.1032,1790.2,,45.11123,5.878817
2026-04-27T19:49:59+00:00,148,3.096,1790.0,,45.111242,5.878802
2026-04-27T19:50:00+00:00,148,3.528,1789.8,,45.111255,5.878795
2026-04-27T19:50:06+00:00,149,5.2452000000000005,1789.8,,45.111327,5.87875
2026-04-27T19:50:10+00:00,146,4.824000000000001,1789.6,,45.111364,5.878731
2026-04-27T19:50:11+00:00,146,4.248,1789.6,,45.111376,5.87873
2026-04-27T19:50:16+00:00,147,4.0212,1790.0,,45.111423,5.878704
2026-04-27T19:50:20+00:00,148,4.2804,1790.0,,45.111469,5.87871
2026-04-27T19:50:24+00:00,148,4.14,1790.4,,45.111505,5.878695
2026-04-27T19:50:25+00:00,149,3.9600000000000004,1790.6,,45.111521,5.878698
2026-04-27T19:50:28+00:00,150,4.5,1791.0,,45.111561,5.878706
2026-04-27T19:50:29+00:00,151,5.328,1791.2,,45.111573,5.878704
2026-04-27T19:50:34+00:00,150,5.760000000000001,1791.0,,45.111646,5.878725
2026-04-27T19:50:39+00:00,149,5.867999999999999,1791.0,,45.111717,5.878713
2026-04-27T19:50:45+00:00,150,5.4648,1791.4,,45.111797,5.878703
2026-04-27T19:50:46+00:00,151,5.1444,1791.4,,45.111807,5.878698
2026-04-27T19:50:50+00:00,151,4.6080000000000005,1791.8,,45.111852,5.878677
2026-04-27T19:50:56+00:00,152,4.896000000000001,1792.2,,45.111923,5.878645
