timestamp,hr,paceKmh,elevationM,cadence,lat,lon
2026-05-26T14:32:47+00:00,113,0.0,0.0,,,
2026-05-26T14:32:48+00:00,113,0.0,0.0,,,
2026-05-26T14:32:49+00:00,113,0.0,0.0,,,
2026-05-26T14:32:50+00:00,114,0.0,0.0,,,
2026-05-26T14:32:51+00:00,114,0.0,0.0,,,
2026-05-26T14:32:52+00:00,113,0.0,0.0,,,
2026-05-26T14:32:53+00:00,113,0.0,0.0,,,
2026-05-26T14:32:54+00:00,112,0.0,0.0,,,
2026-05-26T14:32:55+00:00,110,0.0,0.0,,,
2026-05-26T14:32:56+00:00,110,0.0,0.0,,,
2026-05-26T14:32:57+00:00,110,0.0,0.0,,,
2026-05-26T14:32:58+00:00,111,0.0,0.0,,,
2026-05-26T14:32:59+00:00,111,0.0,0.0,,,
2026-05-26T14:33:00+00:00,111,0.0,0.0,,,
2026-05-26T14:33:01+00:00,112,0.0,0.0,,,
2026-05-26T14:33:02+00:00,112,0.0,0.0,,,
2026-05-26T14:33:03+00:00,112,0.0,0.0,,,
2026-05-26T14:33:04+00:00,112,0.0,0.0,,,
2026-05-26T14:33:05+00:00,112,0.0,0.0,,,
2026-05-26T14:33:06+00:00,112,0.0,0.0,,,
2026-05-26T14:33:07+00:00,112,0.0,0.0,,,
2026-05-26T14:33:08+00:00,113,0.0,0.0,,,
2026-05-26T14:33:09+00:00,113,0.0,0.0,,,
2026-05-26T14:33:10+00:00,113,0.0,0.0,,,
2026-05-26T14:33:11+00:00,114,0.0,0.0,,,
2026-05-26T14:33:13+00:00,115,0.0,0.0,,,
2026-05-26T14:33:14+00:00,116,0.0,0.0,,,
2026-05-26T14:33:19+00:00,117,0.0,0.0,,,
2026-05-26T14:33:23+00:00,116,0.0,0.0,,,
2026-05-26T14:33:24+00:00,118,0.0,0.0,,,
2026-05-26T14:33:25+00:00,119,0.0,0.0,,,
2026-05-26T14:33:26+00:00,120,0.0,0.0,,,
2026-05-26T14:33:29+00:00,121,0.0,0.0,,,
2026-05-26T14:33:30+00:00,122,0.0,0.0,,,
2026-05-26T14:33:31+00:00,123,0.0,0.0,,,
2026-05-26T14:33:32+00:00,125,0.0,0.0,,,
2026-05-26T14:33:33+00:00,126,0.0,0.0,,,
2026-05-26T14:33:34+00:00,128,0.0,0.0,,,
2026-05-26T14:33:35+00:00,129,0.0,0.0,,,
2026-05-26T14:33:36+00:00,131,0.0,0.0,,,
2026-05-26T14:33:40+00:00,132,0.0,0.0,,,
2026-05-26T14:33:45+00:00,133,0.0,0.0,,,
2026-05-26T14:33:46+00:00,134,0.0,0.0,,,
2026-05-26T14:33:47+00:00,135,0.0,0.0,,,
2026-05-26T14:33:48+00:00,136,0.0,0.0,,,
2026-05-26T14:33:49+00:00,138,0.0,0.0,,,
2026-05-26T14:33:50+00:00,139,0.0,0.0,,,
2026-05-26T14:33:51+00:00,140,0.0,0.0,,,
2026-05-26T14:33:57+00:00,140,0.0,0.0,,,
2026-05-26T14:34:00+00:00,139,0.0,0.0,,,
2026-05-26T14:34:02+00:00,138,0.0,0.0,,,
2026-05-26T14:34:04+00:00,137,0.0,0.0,,,
2026-05-26T14:34:08+00:00,136,0.0,0.0,,,
2026-05-26T14:34:14+00:00,136,0.0,0.0,,,
2026-05-26T14:34:15+00:00,135,0.0,0.0,,,
2026-05-26T14:34:16+00:00,134,0.0,0.0,,,
2026-05-26T14:34:19+00:00,133,0.0,0.0,,,
2026-05-26T14:34:20+00:00,132,0.0,0.0,,,
2026-05-26T14:34:21+00:00,131,0.0,0.0,,,
2026-05-26T14:34:22+00:00,130,0.0,0.0,,,
2026-05-26T14:34:23+00:00,129,0.0,0.0,,,
2026-05-26T14:34:24+00:00,128,0.0,0.0,,,
2026-05-26T14:34:25+00:00,127,0.0,0.0,,,
2026-05-26T14:34:27+00:00,126,0.0,0.0,,,
2026-05-26T14:34:28+00:00,127,0.0,0.0,,,
2026-05-26T14:34:31+00:00,126,0.0,0.0,,,
2026-05-26T14:34:32+00:00,127,0.0,0.0,,,
2026-05-26T14:34:36+00:00,126,0.0,0.0,,,
2026-05-26T14:34:42+00:00,122,0.0,0.0,,,
2026-05-26T14:34:43+00:00,119,0.0,0.0,,,
2026-05-26T14:34:44+00:00,113,0.0,0.0,,,
2026-05-26T14:34:45+00:00,111,0.0,0.0,,,
2026-05-26T14:34:46+00:00,110,0.0,0.0,,,
2026-05-26T14:34:47+00:00,109,0.0,0.0,,,
2026-05-26T14:34:48+00:00,108,0.0,0.0,,,
2026-05-26T14:34:49+00:00,106,0.0,0.0,,,
2026-05-26T14:34:50+00:00,102,0.0,0.0,,,
2026-05-26T14:34:51+00:00,102,0.0,0.0,,,
2026-05-26T14:34:52+00:00,101,0.0,0.0,,,
2026-05-26T14:34:53+00:00,100,0.0,0.0,,,
2026-05-26T14:34:54+00:00,99,0.0,0.0,,,
2026-05-26T14:34:55+00:00,98,0.0,0.0,,,
2026-05-26T14:34:57+00:00,97,0.0,0.0,,,
2026-05-26T14:35:00+00:00,96,0.0,0.0,,,
2026-05-26T14:35:05+00:00,97,0.0,0.0,,,
2026-05-26T14:35:11+00:00,98,0.0,0.0,,,
2026-05-26T14:35:14+00:00,97,0.0,0.0,,,
2026-05-26T14:35:20+00:00,96,0.0,0.0,,,
2026-05-26T14:35:26+00:00,95,0.0,0.0,,,
2026-05-26T14:35:32+00:00,95,0.0,0.0,,,
2026-05-26T14:35:35+00:00,94,0.0,0.0,,,
2026-05-26T14:35:39+00:00,95,0.0,0.0,,,
2026-05-26T14:35:40+00:00,94,0.0,0.0,,,
2026-05-26T14:35:43+00:00,93,0.0,0.0,,,
2026-05-26T14:35:49+00:00,93,0.0,0.0,,,
2026-05-26T14:35:50+00:00,92,0.0,0.0,,,
2026-05-26T14:35:54+00:00,91,0.0,0.0,,,
2026-05-26T14:35:57+00:00,90,0.0,0.0,,,
2026-05-26T14:36:03+00:00,90,0.0,0.0,,,
2026-05-26T14:36:04+00:00,91,0.0,0.0,,,
2026-05-26T14:36:08+00:00,90,0.0,0.0,,,
2026-05-26T14:36:09+00:00,89,0.0,0.0,,,
2026-05-26T14:36:11+00:00,88,0.0,0.0,,,
2026-05-26T14:36:14+00:00,88,0.0,0.0,,,
2026-05-26T14:36:15+00:00,88,0.0,0.0,,,
2026-05-26T14:36:16+00:00,89,0.0,0.0,,,
2026-05-26T14:36:17+00:00,90,0.0,0.0,,,
2026-05-26T14:36:18+00:00,91,0.0,0.0,,,
2026-05-26T14:36:19+00:00,92,0.0,0.0,,,
2026-05-26T14:36:20+00:00,93,0.0,0.0,,,
2026-05-26T14:36:21+00:00,94,0.0,0.0,,,
2026-05-26T14:36:22+00:00,95,0.0,0.0,,,
2026-05-26T14:36:23+00:00,97,0.0,0.0,,,
2026-05-26T14:36:24+00:00,100,0.0,0.0,,,
2026-05-26T14:36:25+00:00,102,0.0,0.0,,,
2026-05-26T14:36:26+00:00,103,0.0,0.0,,,
2026-05-26T14:36:27+00:00,103,0.0,0.0,,,
2026-05-26T14:36:28+00:00,102,0.0,0.0,,,
2026-05-26T14:36:29+00:00,100,0.0,0.0,,,
2026-05-26T14:36:30+00:00,99,0.0,0.0,,,
2026-05-26T14:36:31+00:00,100,0.0,0.0,,,
2026-05-26T14:36:32+00:00,101,0.0,0.0,,,
2026-05-26T14:36:33+00:00,102,0.0,0.0,,,
2026-05-26T14:36:34+00:00,103,0.0,0.0,,,
2026-05-26T14:36:35+00:00,101,0.0,0.0,,,
2026-05-26T14:36:36+00:00,102,0.0,0.0,,,
2026-05-26T14:36:37+00:00,103,0.0,0.0,,,
2026-05-26T14:36:38+00:00,106,0.0,0.0,,,
2026-05-26T14:36:39+00:00,127,0.0,0.0,,,
2026-05-26T14:36:40+00:00,137,0.0,0.0,,,
2026-05-26T14:36:41+00:00,139,0.0,0.0,,,
2026-05-26T14:36:44+00:00,138,0.0,0.0,,,
2026-05-26T14:36:45+00:00,139,0.0,0.0,,,
2026-05-26T14:36:46+00:00,139,0.0,0.0,,,
2026-05-26T14:36:47+00:00,139,0.0,0.0,,,
2026-05-26T14:36:48+00:00,140,0.0,0.0,,,
2026-05-26T14:36:49+00:00,140,0.0,0.0,,,
2026-05-26T14:36:50+00:00,140,0.0,0.0,,,
2026-05-26T14:36:51+00:00,140,0.0,0.0,,,
2026-05-26T14:36:52+00:00,140,0.0,0.0,,,
2026-05-26T14:36:53+00:00,140,0.0,0.0,,,
2026-05-26T14:36:54+00:00,140,0.0,0.0,,,
2026-05-26T14:36:55+00:00,139,0.0,0.0,,,
2026-05-26T14:36:56+00:00,140,0.0,0.0,,,
2026-05-26T14:36:57+00:00,141,0.0,0.0,,,
2026-05-26T14:36:58+00:00,141,0.0,0.0,,,
2026-05-26T14:36:59+00:00,142,0.0,0.0,,,
2026-05-26T14:37:00+00:00,142,0.0,0.0,,,
2026-05-26T14:37:01+00:00,143,0.0,0.0,,,
2026-05-26T14:37:03+00:00,142,0.0,0.0,,,
2026-05-26T14:37:05+00:00,141,0.0,0.0,,,
2026-05-26T14:37:06+00:00,141,0.0,0.0,,,
2026-05-26T14:37:07+00:00,140,0.0,0.0,,,
2026-05-26T14:37:08+00:00,140,0.0,0.0,,,
2026-05-26T14:37:09+00:00,140,0.0,0.0,,,
2026-05-26T14:37:10+00:00,140,0.0,0.0,,,
2026-05-26T14:37:11+00:00,139,0.0,0.0,,,
2026-05-26T14:37:12+00:00,138,0.0,0.0,,,
2026-05-26T14:37:13+00:00,138,0.0,0.0,,,
2026-05-26T14:37:14+00:00,138,0.0,0.0,,,
2026-05-26T14:37:15+00:00,140,0.0,0.0,,,
2026-05-26T14:37:16+00:00,140,0.0,0.0,,,
2026-05-26T14:37:17+00:00,140,0.0,0.0,,,
2026-05-26T14:37:18+00:00,141,0.0,0.0,,,
2026-05-26T14:37:19+00:00,140,0.0,0.0,,,
2026-05-26T14:37:20+00:00,140,0.0,0.0,,,
2026-05-26T14:37:21+00:00,140,0.0,0.0,,,
2026-05-26T14:37:22+00:00,140,0.0,0.0,,,
2026-05-26T14:37:23+00:00,139,0.0,0.0,,,
2026-05-26T14:37:24+00:00,139,0.0,0.0,,,
2026-05-26T14:37:25+00:00,139,0.0,0.0,,,
2026-05-26T14:37:26+00:00,139,0.0,0.0,,,
2026-05-26T14:37:27+00:00,139,0.0,0.0,,,
2026-05-26T14:37:28+00:00,139,0.0,0.0,,,
2026-05-26T14:37:29+00:00,139,0.0,0.0,,,
2026-05-26T14:37:30+00:00,139,0.0,0.0,,,
2026-05-26T14:37:34+00:00,139,0.0,0.0,,,
2026-05-26T14:37:35+00:00,138,0.0,0.0,,,
2026-05-26T14:37:36+00:00,138,0.0,0.0,,,
2026-05-26T14:37:37+00:00,140,0.0,0.0,,,
2026-05-26T14:37:38+00:00,142,0.0,0.0,,,
2026-05-26T14:37:39+00:00,143,0.0,0.0,,,
2026-05-26T14:37:40+00:00,143,0.0,0.0,,,
2026-05-26T14:37:41+00:00,143,0.0,0.0,,,
2026-05-26T14:37:42+00:00,143,0.0,0.0,,,
2026-05-26T14:37:43+00:00,144,0.0,0.0,,,
2026-05-26T14:37:44+00:00,144,0.0,0.0,,,
2026-05-26T14:37:45+00:00,144,0.0,0.0,,,
2026-05-26T14:37:46+00:00,143,0.0,0.0,,,
2026-05-26T14:37:47+00:00,143,0.0,0.0,,,
2026-05-26T14:37:48+00:00,142,0.0,0.0,,,
2026-05-26T14:37:49+00:00,142,0.0,0.0,,,
2026-05-26T14:37:50+00:00,141,0.0,0.0,,,
2026-05-26T14:37:51+00:00,141,0.0,0.0,,,
2026-05-26T14:37:52+00:00,141,0.0,0.0,,,
2026-05-26T14:37:53+00:00,140,0.0,0.0,,,
2026-05-26T14:37:54+00:00,140,0.0,0.0,,,
2026-05-26T14:37:55+00:00,139,0.0,0.0,,,
2026-05-26T14:37:56+00:00,139,0.0,0.0,,,
2026-05-26T14:37:57+00:00,138,0.0,0.0,,,
2026-05-26T14:37:58+00:00,138,0.0,0.0,,,
2026-05-26T14:37:59+00:00,138,0.0,0.0,,,
2026-05-26T14:38:00+00:00,138,0.0,0.0,,,
2026-05-26T14:38:01+00:00,137,0.0,0.0,,,
2026-05-26T14:38:02+00:00,137,0.0,0.0,,,
2026-05-26T14:38:03+00:00,137,0.0,0.0,,,
2026-05-26T14:38:04+00:00,137,0.0,0.0,,,
2026-05-26T14:38:05+00:00,136,0.0,0.0,,,
2026-05-26T14:38:06+00:00,136,0.0,0.0,,,
2026-05-26T14:38:07+00:00,136,0.0,0.0,,,
2026-05-26T14:38:08+00:00,136,0.0,0.0,,,
2026-05-26T14:38:09+00:00,135,0.0,0.0,,,
2026-05-26T14:38:10+00:00,135,0.0,0.0,,,
2026-05-26T14:38:11+00:00,135,0.0,0.0,,,
2026-05-26T14:38:12+00:00,134,0.0,0.0,,,
2026-05-26T14:38:13+00:00,134,0.0,0.0,,,
2026-05-26T14:38:14+00:00,133,0.0,0.0,,,
2026-05-26T14:38:15+00:00,132,0.0,0.0,,,
2026-05-26T14:38:16+00:00,131,0.0,0.0,,,
2026-05-26T14:38:17+00:00,131,0.0,0.0,,,
2026-05-26T14:38:18+00:00,131,0.0,0.0,,,
2026-05-26T14:38:19+00:00,130,0.0,0.0,,,
2026-05-26T14:38:20+00:00,130,0.0,0.0,,,
2026-05-26T14:38:21+00:00,129,0.0,0.0,,,
2026-05-26T14:38:22+00:00,128,0.0,0.0,,,
2026-05-26T14:38:23+00:00,127,0.0,0.0,,,
2026-05-26T14:38:24+00:00,127,0.0,0.0,,,
2026-05-26T14:38:25+00:00,127,0.0,0.0,,,
2026-05-26T14:38:26+00:00,127,0.0,0.0,,,
2026-05-26T14:38:27+00:00,127,0.0,0.0,,,
2026-05-26T14:38:28+00:00,127,0.0,0.0,,,
2026-05-26T14:38:29+00:00,128,0.0,0.0,,,
2026-05-26T14:38:30+00:00,129,0.0,0.0,,,
2026-05-26T14:38:31+00:00,131,0.0,0.0,,,
2026-05-26T14:38:32+00:00,133,0.0,0.0,,,
2026-05-26T14:38:33+00:00,133,0.0,0.0,,,
2026-05-26T14:38:34+00:00,134,0.0,0.0,,,
2026-05-26T14:38:35+00:00,135,0.0,0.0,,,
2026-05-26T14:38:36+00:00,135,0.0,0.0,,,
2026-05-26T14:38:37+00:00,135,0.0,0.0,,,
2026-05-26T14:38:38+00:00,135,0.0,0.0,,,
2026-05-26T14:38:39+00:00,135,0.0,0.0,,,
2026-05-26T14:38:40+00:00,134,0.0,0.0,,,
2026-05-26T14:38:41+00:00,135,0.0,0.0,,,
2026-05-26T14:38:42+00:00,134,0.0,0.0,,,
2026-05-26T14:38:43+00:00,134,0.0,0.0,,,
2026-05-26T14:38:44+00:00,134,0.0,0.0,,,
2026-05-26T14:38:45+00:00,134,0.0,0.0,,,
2026-05-26T14:38:46+00:00,134,0.0,0.0,,,
2026-05-26T14:38:47+00:00,133,0.0,0.0,,,
2026-05-26T14:38:48+00:00,133,0.0,0.0,,,
2026-05-26T14:38:49+00:00,133,0.0,0.0,,,
2026-05-26T14:38:50+00:00,133,0.0,0.0,,,
2026-05-26T14:38:51+00:00,133,0.0,0.0,,,
2026-05-26T14:38:52+00:00,134,0.0,0.0,,,
2026-05-26T14:38:53+00:00,133,0.0,0.0,,,
2026-05-26T14:38:54+00:00,134,0.0,0.0,,,
2026-05-26T14:38:55+00:00,134,0.0,0.0,,,
2026-05-26T14:38:56+00:00,134,0.0,0.0,,,
2026-05-26T14:38:57+00:00,133,0.0,0.0,,,
2026-05-26T14:38:58+00:00,134,0.0,0.0,,,
2026-05-26T14:38:59+00:00,134,0.0,0.0,,,
2026-05-26T14:39:00+00:00,135,0.0,0.0,,,
2026-05-26T14:39:01+00:00,136,0.0,0.0,,,
2026-05-26T14:39:02+00:00,137,0.0,0.0,,,
2026-05-26T14:39:03+00:00,138,0.0,0.0,,,
2026-05-26T14:39:04+00:00,139,0.0,0.0,,,
2026-05-26T14:39:05+00:00,140,0.0,0.0,,,
2026-05-26T14:39:06+00:00,141,0.0,0.0,,,
2026-05-26T14:39:07+00:00,142,0.0,0.0,,,
2026-05-26T14:39:08+00:00,142,0.0,0.0,,,
2026-05-26T14:39:09+00:00,142,0.0,0.0,,,
2026-05-26T14:39:10+00:00,142,0.0,0.0,,,
2026-05-26T14:39:11+00:00,141,0.0,0.0,,,
2026-05-26T14:39:12+00:00,142,0.0,0.0,,,
2026-05-26T14:39:13+00:00,143,0.0,0.0,,,
2026-05-26T14:39:14+00:00,144,0.0,0.0,,,
2026-05-26T14:39:15+00:00,145,0.0,0.0,,,
2026-05-26T14:39:16+00:00,146,0.0,0.0,,,
2026-05-26T14:39:17+00:00,146,0.0,0.0,,,
2026-05-26T14:39:18+00:00,147,0.0,0.0,,,
2026-05-26T14:39:19+00:00,147,0.0,0.0,,,
2026-05-26T14:39:20+00:00,147,0.0,0.0,,,
2026-05-26T14:39:21+00:00,148,0.0,0.0,,,
2026-05-26T14:39:22+00:00,147,0.0,0.0,,,
2026-05-26T14:39:23+00:00,147,0.0,0.0,,,
2026-05-26T14:39:24+00:00,146,0.0,0.0,,,
2026-05-26T14:39:25+00:00,146,0.0,0.0,,,
2026-05-26T14:39:26+00:00,146,0.0,0.0,,,
2026-05-26T14:39:27+00:00,145,0.0,0.0,,,
2026-05-26T14:39:28+00:00,145,0.0,0.0,,,
2026-05-26T14:39:29+00:00,144,0.0,0.0,,,
2026-05-26T14:39:30+00:00,144,0.0,0.0,,,
2026-05-26T14:39:31+00:00,144,0.0,0.0,,,
2026-05-26T14:39:32+00:00,144,0.0,0.0,,,
2026-05-26T14:39:33+00:00,143,0.0,0.0,,,
2026-05-26T14:39:34+00:00,145,0.0,0.0,,,
2026-05-26T14:39:35+00:00,147,0.0,0.0,,,
2026-05-26T14:39:36+00:00,148,0.0,0.0,,,
2026-05-26T14:39:37+00:00,148,0.0,0.0,,,
2026-05-26T14:39:38+00:00,147,0.0,0.0,,,
2026-05-26T14:39:39+00:00,147,0.0,0.0,,,
2026-05-26T14:39:40+00:00,148,0.0,0.0,,,
2026-05-26T14:39:41+00:00,148,0.0,0.0,,,
2026-05-26T14:39:42+00:00,148,0.0,0.0,,,
2026-05-26T14:39:43+00:00,148,0.0,0.0,,,
2026-05-26T14:39:44+00:00,149,0.0,0.0,,,
2026-05-26T14:39:45+00:00,149,0.0,0.0,,,
2026-05-26T14:39:46+00:00,149,0.0,0.0,,,
2026-05-26T14:39:47+00:00,149,0.0,0.0,,,
2026-05-26T14:39:48+00:00,149,0.0,0.0,,,
2026-05-26T14:39:49+00:00,148,0.0,0.0,,,
2026-05-26T14:39:50+00:00,149,0.0,0.0,,,
2026-05-26T14:39:51+00:00,150,0.0,0.0,,,
2026-05-26T14:39:52+00:00,150,0.0,0.0,,,
2026-05-26T14:39:53+00:00,150,0.0,0.0,,,
2026-05-26T14:39:54+00:00,150,0.0,0.0,,,
2026-05-26T14:39:55+00:00,151,0.0,0.0,,,
2026-05-26T14:39:56+00:00,151,0.0,0.0,,,
2026-05-26T14:39:57+00:00,150,0.0,0.0,,,
2026-05-26T14:39:58+00:00,150,0.0,0.0,,,
2026-05-26T14:39:59+00:00,150,0.0,0.0,,,
2026-05-26T14:40:00+00:00,150,0.0,0.0,,,
2026-05-26T14:40:01+00:00,151,0.0,0.0,,,
2026-05-26T14:40:02+00:00,151,0.0,0.0,,,
2026-05-26T14:40:03+00:00,151,0.0,0.0,,,
2026-05-26T14:40:04+00:00,152,0.0,0.0,,,
2026-05-26T14:40:05+00:00,152,0.0,0.0,,,
2026-05-26T14:40:06+00:00,152,0.0,0.0,,,
2026-05-26T14:40:07+00:00,152,0.0,0.0,,,
2026-05-26T14:40:08+00:00,151,0.0,0.0,,,
2026-05-26T14:40:09+00:00,151,0.0,0.0,,,
2026-05-26T14:40:10+00:00,150,0.0,0.0,,,
2026-05-26T14:40:11+00:00,149,0.0,0.0,,,
2026-05-26T14:40:12+00:00,148,0.0,0.0,,,
2026-05-26T14:40:13+00:00,146,0.0,0.0,,,
2026-05-26T14:40:14+00:00,143,0.0,0.0,,,
2026-05-26T14:40:15+00:00,139,0.0,0.0,,,
2026-05-26T14:40:16+00:00,136,0.0,0.0,,,
2026-05-26T14:40:17+00:00,134,0.0,0.0,,,
2026-05-26T14:40:18+00:00,134,0.0,0.0,,,
2026-05-26T14:40:19+00:00,134,0.0,0.0,,,
2026-05-26T14:40:20+00:00,134,0.0,0.0,,,
2026-05-26T14:40:21+00:00,134,0.0,0.0,,,
2026-05-26T14:40:22+00:00,134,0.0,0.0,,,
2026-05-26T14:40:23+00:00,134,0.0,0.0,,,
2026-05-26T14:40:24+00:00,134,0.0,0.0,,,
2026-05-26T14:40:25+00:00,133,0.0,0.0,,,
2026-05-26T14:40:26+00:00,134,0.0,0.0,,,
2026-05-26T14:40:27+00:00,134,0.0,0.0,,,
2026-05-26T14:40:28+00:00,134,0.0,0.0,,,
2026-05-26T14:40:29+00:00,133,0.0,0.0,,,
2026-05-26T14:40:30+00:00,134,0.0,0.0,,,
2026-05-26T14:40:31+00:00,134,0.0,0.0,,,
2026-05-26T14:40:32+00:00,134,0.0,0.0,,,
2026-05-26T14:40:33+00:00,134,0.0,0.0,,,
2026-05-26T14:40:34+00:00,134,0.0,0.0,,,
2026-05-26T14:40:35+00:00,133,0.0,0.0,,,
2026-05-26T14:40:36+00:00,133,0.0,0.0,,,
2026-05-26T14:40:37+00:00,132,0.0,0.0,,,
2026-05-26T14:40:38+00:00,127,0.0,0.0,,,
2026-05-26T14:40:39+00:00,113,0.0,0.0,,,
2026-05-26T14:40:40+00:00,111,0.0,0.0,,,
2026-05-26T14:40:41+00:00,110,0.0,0.0,,,
2026-05-26T14:40:42+00:00,110,0.0,0.0,,,
2026-05-26T14:40:43+00:00,110,0.0,0.0,,,
2026-05-26T14:40:44+00:00,111,0.0,0.0,,,
2026-05-26T14:40:45+00:00,111,0.0,0.0,,,
2026-05-26T14:40:46+00:00,111,0.0,0.0,,,
2026-05-26T14:40:47+00:00,111,0.0,0.0,,,
2026-05-26T14:40:48+00:00,111,0.0,0.0,,,
2026-05-26T14:40:49+00:00,111,0.0,0.0,,,
2026-05-26T14:40:50+00:00,111,0.0,0.0,,,
2026-05-26T14:40:51+00:00,111,0.0,0.0,,,
2026-05-26T14:40:52+00:00,111,0.0,0.0,,,
2026-05-26T14:40:53+00:00,111,0.0,0.0,,,
2026-05-26T14:40:54+00:00,111,0.0,0.0,,,
2026-05-26T14:40:55+00:00,111,0.0,0.0,,,
2026-05-26T14:40:56+00:00,111,0.0,0.0,,,
2026-05-26T14:40:57+00:00,111,0.0,0.0,,,
2026-05-26T14:40:58+00:00,110,0.0,0.0,,,
2026-05-26T14:40:59+00:00,110,0.0,0.0,,,
2026-05-26T14:41:00+00:00,110,0.0,0.0,,,
2026-05-26T14:41:01+00:00,110,0.0,0.0,,,
2026-05-26T14:41:02+00:00,111,0.0,0.0,,,
2026-05-26T14:41:03+00:00,111,0.0,0.0,,,
2026-05-26T14:41:04+00:00,111,0.0,0.0,,,
2026-05-26T14:41:05+00:00,111,0.0,0.0,,,
2026-05-26T14:41:06+00:00,111,0.0,0.0,,,
2026-05-26T14:41:07+00:00,111,0.0,0.0,,,
2026-05-26T14:41:08+00:00,111,0.0,0.0,,,
2026-05-26T14:41:09+00:00,111,0.0,0.0,,,
2026-05-26T14:41:10+00:00,111,0.0,0.0,,,
2026-05-26T14:41:11+00:00,111,0.0,0.0,,,
2026-05-26T14:41:17+00:00,110,0.0,0.0,,,
2026-05-26T14:41:18+00:00,111,0.0,0.0,,,
2026-05-26T14:41:19+00:00,112,0.0,0.0,,,
2026-05-26T14:41:20+00:00,113,0.0,0.0,,,
2026-05-26T14:41:21+00:00,114,0.0,0.0,,,
2026-05-26T14:41:22+00:00,115,0.0,0.0,,,
2026-05-26T14:41:23+00:00,116,0.0,0.0,,,
2026-05-26T14:41:24+00:00,117,0.0,0.0,,,
2026-05-26T14:41:25+00:00,119,0.0,0.0,,,
2026-05-26T14:41:26+00:00,120,0.0,0.0,,,
2026-05-26T14:41:27+00:00,122,0.0,0.0,,,
2026-05-26T14:41:28+00:00,123,0.0,0.0,,,
2026-05-26T14:41:29+00:00,123,0.0,0.0,,,
2026-05-26T14:41:30+00:00,124,0.0,0.0,,,
2026-05-26T14:41:31+00:00,124,0.0,0.0,,,
2026-05-26T14:41:32+00:00,124,0.0,0.0,,,
2026-05-26T14:41:33+00:00,125,0.0,0.0,,,
2026-05-26T14:41:34+00:00,125,0.0,0.0,,,
2026-05-26T14:41:35+00:00,126,0.0,0.0,,,
2026-05-26T14:41:36+00:00,126,0.0,0.0,,,
2026-05-26T14:41:37+00:00,126,0.0,0.0,,,
2026-05-26T14:41:38+00:00,127,0.0,0.0,,,
2026-05-26T14:41:39+00:00,128,0.0,0.0,,,
2026-05-26T14:41:40+00:00,128,0.0,0.0,,,
2026-05-26T14:41:41+00:00,128,0.0,0.0,,,
2026-05-26T14:41:42+00:00,128,0.0,0.0,,,
2026-05-26T14:41:43+00:00,130,0.0,0.0,,,
2026-05-26T14:41:44+00:00,131,0.0,0.0,,,
2026-05-26T14:41:45+00:00,132,0.0,0.0,,,
2026-05-26T14:41:46+00:00,133,0.0,0.0,,,
2026-05-26T14:41:47+00:00,133,0.0,0.0,,,
2026-05-26T14:41:48+00:00,133,0.0,0.0,,,
2026-05-26T14:41:49+00:00,134,0.0,0.0,,,
2026-05-26T14:41:50+00:00,133,0.0,0.0,,,
2026-05-26T14:41:51+00:00,132,0.0,0.0,,,
2026-05-26T14:41:55+00:00,132,0.0,0.0,,,
2026-05-26T14:41:56+00:00,131,0.0,0.0,,,
2026-05-26T14:41:57+00:00,131,0.0,0.0,,,
2026-05-26T14:41:58+00:00,131,0.0,0.0,,,
2026-05-26T14:41:59+00:00,131,0.0,0.0,,,
2026-05-26T14:42:00+00:00,132,0.0,0.0,,,
2026-05-26T14:42:01+00:00,135,0.0,0.0,,,
2026-05-26T14:42:02+00:00,137,0.0,0.0,,,
2026-05-26T14:42:03+00:00,138,0.0,0.0,,,
2026-05-26T14:42:04+00:00,139,0.0,0.0,,,
2026-05-26T14:42:05+00:00,141,0.0,0.0,,,
2026-05-26T14:42:06+00:00,142,0.0,0.0,,,
2026-05-26T14:42:07+00:00,142,0.0,0.0,,,
2026-05-26T14:42:08+00:00,142,0.0,0.0,,,
2026-05-26T14:42:09+00:00,143,0.0,0.0,,,
2026-05-26T14:42:10+00:00,142,0.0,0.0,,,
2026-05-26T14:42:11+00:00,142,0.0,0.0,,,
2026-05-26T14:42:12+00:00,141,0.0,0.0,,,
2026-05-26T14:42:13+00:00,141,0.0,0.0,,,
2026-05-26T14:42:14+00:00,140,0.0,0.0,,,
2026-05-26T14:42:15+00:00,140,0.0,0.0,,,
2026-05-26T14:42:16+00:00,139,0.0,0.0,,,
2026-05-26T14:42:17+00:00,138,0.0,0.0,,,
2026-05-26T14:42:18+00:00,137,0.0,0.0,,,
2026-05-26T14:42:19+00:00,137,0.0,0.0,,,
2026-05-26T14:42:20+00:00,136,0.0,0.0,,,
2026-05-26T14:42:21+00:00,136,0.0,0.0,,,
2026-05-26T14:42:22+00:00,136,0.0,0.0,,,
2026-05-26T14:42:23+00:00,134,0.0,0.0,,,
2026-05-26T14:42:24+00:00,131,0.0,0.0,,,
2026-05-26T14:42:25+00:00,127,0.0,0.0,,,
2026-05-26T14:42:26+00:00,125,0.0,0.0,,,
2026-05-26T14:42:27+00:00,122,0.0,0.0,,,
2026-05-26T14:42:28+00:00,121,0.0,0.0,,,
2026-05-26T14:42:29+00:00,120,0.0,0.0,,,
2026-05-26T14:42:30+00:00,119,0.0,0.0,,,
2026-05-26T14:42:31+00:00,119,0.0,0.0,,,
2026-05-26T14:42:32+00:00,118,0.0,0.0,,,
2026-05-26T14:42:33+00:00,118,0.0,0.0,,,
2026-05-26T14:42:34+00:00,118,0.0,0.0,,,
2026-05-26T14:42:35+00:00,119,0.0,0.0,,,
2026-05-26T14:42:36+00:00,119,0.0,0.0,,,
2026-05-26T14:42:37+00:00,119,0.0,0.0,,,
2026-05-26T14:42:38+00:00,119,0.0,0.0,,,
2026-05-26T14:42:39+00:00,119,0.0,0.0,,,
2026-05-26T14:42:40+00:00,120,0.0,0.0,,,
2026-05-26T14:42:41+00:00,123,0.0,0.0,,,
2026-05-26T14:42:42+00:00,129,0.0,0.0,,,
2026-05-26T14:42:43+00:00,129,0.0,0.0,,,
2026-05-26T14:42:44+00:00,131,0.0,0.0,,,
2026-05-26T14:42:45+00:00,132,0.0,0.0,,,
2026-05-26T14:42:46+00:00,133,0.0,0.0,,,
2026-05-26T14:42:47+00:00,135,0.0,0.0,,,
2026-05-26T14:42:48+00:00,135,0.0,0.0,,,
2026-05-26T14:42:49+00:00,135,0.0,0.0,,,
2026-05-26T14:42:50+00:00,135,0.0,0.0,,,
2026-05-26T14:42:51+00:00,134,0.0,0.0,,,
2026-05-26T14:42:52+00:00,135,0.0,0.0,,,
2026-05-26T14:42:53+00:00,135,0.0,0.0,,,
2026-05-26T14:42:54+00:00,134,0.0,0.0,,,
2026-05-26T14:42:55+00:00,134,0.0,0.0,,,
2026-05-26T14:42:56+00:00,134,0.0,0.0,,,
2026-05-26T14:42:57+00:00,134,0.0,0.0,,,
2026-05-26T14:42:58+00:00,135,0.0,0.0,,,
2026-05-26T14:42:59+00:00,137,0.0,0.0,,,
2026-05-26T14:43:00+00:00,138,0.0,0.0,,,
2026-05-26T14:43:01+00:00,140,0.0,0.0,,,
2026-05-26T14:43:02+00:00,142,0.0,0.0,,,
2026-05-26T14:43:03+00:00,144,0.0,0.0,,,
2026-05-26T14:43:04+00:00,145,0.0,0.0,,,
2026-05-26T14:43:05+00:00,147,0.0,0.0,,,
2026-05-26T14:43:06+00:00,148,0.0,0.0,,,
2026-05-26T14:43:07+00:00,150,0.0,0.0,,,
2026-05-26T14:43:08+00:00,150,0.0,0.0,,,
2026-05-26T14:43:09+00:00,151,0.0,0.0,,,
2026-05-26T14:43:10+00:00,152,0.0,0.0,,,
2026-05-26T14:43:11+00:00,153,0.0,0.0,,,
2026-05-26T14:43:12+00:00,153,0.0,0.0,,,
2026-05-26T14:43:13+00:00,152,0.0,0.0,,,
2026-05-26T14:43:14+00:00,152,0.0,0.0,,,
2026-05-26T14:43:15+00:00,151,0.0,0.0,,,
2026-05-26T14:43:16+00:00,152,0.0,0.0,,,
2026-05-26T14:43:17+00:00,153,0.0,0.0,,,
2026-05-26T14:43:18+00:00,156,0.0,0.0,,,
2026-05-26T14:43:19+00:00,164,0.0,0.0,,,
2026-05-26T14:43:20+00:00,169,0.0,0.0,,,
2026-05-26T14:43:21+00:00,173,0.0,0.0,,,
2026-05-26T14:43:22+00:00,175,0.0,0.0,,,
2026-05-26T14:43:23+00:00,175,0.0,0.0,,,
2026-05-26T14:43:24+00:00,176,0.0,0.0,,,
2026-05-26T14:43:25+00:00,176,0.0,0.0,,,
2026-05-26T14:43:26+00:00,175,0.0,0.0,,,
2026-05-26T14:43:27+00:00,175,0.0,0.0,,,
2026-05-26T14:43:28+00:00,175,0.0,0.0,,,
2026-05-26T14:43:29+00:00,175,0.0,0.0,,,
2026-05-26T14:43:30+00:00,174,0.0,0.0,,,
2026-05-26T14:43:31+00:00,172,0.0,0.0,,,
2026-05-26T14:43:32+00:00,171,0.0,0.0,,,
2026-05-26T14:43:33+00:00,169,0.0,0.0,,,
2026-05-26T14:43:34+00:00,168,0.0,0.0,,,
2026-05-26T14:43:35+00:00,167,0.0,0.0,,,
2026-05-26T14:43:36+00:00,167,0.0,0.0,,,
2026-05-26T14:43:37+00:00,166,0.0,0.0,,,
2026-05-26T14:43:38+00:00,166,0.0,0.0,,,
2026-05-26T14:43:39+00:00,166,0.0,0.0,,,
2026-05-26T14:43:40+00:00,165,0.0,0.0,,,
2026-05-26T14:43:41+00:00,164,0.0,0.0,,,
2026-05-26T14:43:42+00:00,163,0.0,0.0,,,
2026-05-26T14:43:43+00:00,162,0.0,0.0,,,
2026-05-26T14:43:44+00:00,161,0.0,0.0,,,
2026-05-26T14:43:45+00:00,161,0.0,0.0,,,
2026-05-26T14:43:46+00:00,161,0.0,0.0,,,
2026-05-26T14:43:47+00:00,160,0.0,0.0,,,
2026-05-26T14:43:48+00:00,160,0.0,0.0,,,
2026-05-26T14:43:49+00:00,160,0.0,0.0,,,
2026-05-26T14:43:50+00:00,159,0.0,0.0,,,
2026-05-26T14:43:51+00:00,159,0.0,0.0,,,
2026-05-26T14:43:52+00:00,159,0.0,0.0,,,
2026-05-26T14:43:53+00:00,158,0.0,0.0,,,
2026-05-26T14:43:55+00:00,157,0.0,0.0,,,
2026-05-26T14:43:56+00:00,156,0.0,0.0,,,
2026-05-26T14:43:59+00:00,155,0.0,0.0,,,
2026-05-26T14:44:01+00:00,154,0.0,0.0,,,
2026-05-26T14:44:02+00:00,152,0.0,0.0,,,
2026-05-26T14:44:03+00:00,151,0.0,0.0,,,
2026-05-26T14:44:04+00:00,150,0.0,0.0,,,
2026-05-26T14:44:05+00:00,149,0.0,0.0,,,
2026-05-26T14:44:06+00:00,148,0.0,0.0,,,
2026-05-26T14:44:07+00:00,147,0.0,0.0,,,
2026-05-26T14:44:09+00:00,146,0.0,0.0,,,
2026-05-26T14:44:11+00:00,145,0.0,0.0,,,
2026-05-26T14:44:13+00:00,144,0.0,0.0,,,
2026-05-26T14:44:15+00:00,143,0.0,0.0,,,
2026-05-26T14:44:16+00:00,143,0.0,0.0,,,
2026-05-26T14:44:17+00:00,142,0.0,0.0,,,
2026-05-26T14:44:18+00:00,142,0.0,0.0,,,
2026-05-26T14:44:19+00:00,141,0.0,0.0,,,
2026-05-26T14:44:20+00:00,139,0.0,0.0,,,
2026-05-26T14:44:21+00:00,133,0.0,0.0,,,
2026-05-26T14:44:22+00:00,128,0.0,0.0,,,
2026-05-26T14:44:23+00:00,120,0.0,0.0,,,
2026-05-26T14:44:24+00:00,114,0.0,0.0,,,
2026-05-26T14:44:25+00:00,109,0.0,0.0,,,
2026-05-26T14:44:26+00:00,106,0.0,0.0,,,
2026-05-26T14:44:27+00:00,105,0.0,0.0,,,
2026-05-26T14:44:28+00:00,106,0.0,0.0,,,
2026-05-26T14:44:29+00:00,106,0.0,0.0,,,
2026-05-26T14:44:30+00:00,106,0.0,0.0,,,
2026-05-26T14:44:31+00:00,107,0.0,0.0,,,
2026-05-26T14:44:32+00:00,109,0.0,0.0,,,
2026-05-26T14:44:33+00:00,112,0.0,0.0,,,
2026-05-26T14:44:34+00:00,114,0.0,0.0,,,
2026-05-26T14:44:35+00:00,114,0.0,0.0,,,
2026-05-26T14:44:36+00:00,114,0.0,0.0,,,
2026-05-26T14:44:37+00:00,115,0.0,0.0,,,
2026-05-26T14:44:38+00:00,115,0.0,0.0,,,
2026-05-26T14:44:39+00:00,115,0.0,0.0,,,
2026-05-26T14:44:40+00:00,115,0.0,0.0,,,
2026-05-26T14:44:41+00:00,115,0.0,0.0,,,
2026-05-26T14:44:42+00:00,115,0.0,0.0,,,
2026-05-26T14:44:43+00:00,116,0.0,0.0,,,
2026-05-26T14:44:44+00:00,116,0.0,0.0,,,
2026-05-26T14:44:45+00:00,117,0.0,0.0,,,
2026-05-26T14:44:46+00:00,116,0.0,0.0,,,
2026-05-26T14:44:47+00:00,117,0.0,0.0,,,
2026-05-26T14:44:48+00:00,117,0.0,0.0,,,
2026-05-26T14:44:49+00:00,117,0.0,0.0,,,
2026-05-26T14:44:50+00:00,116,0.0,0.0,,,
2026-05-26T14:44:51+00:00,116,0.0,0.0,,,
2026-05-26T14:44:52+00:00,116,0.0,0.0,,,
2026-05-26T14:44:53+00:00,116,0.0,0.0,,,
2026-05-26T14:44:54+00:00,114,0.0,0.0,,,
2026-05-26T14:44:55+00:00,112,0.0,0.0,,,
2026-05-26T14:44:56+00:00,110,0.0,0.0,,,
2026-05-26T14:44:57+00:00,107,0.0,0.0,,,
2026-05-26T14:44:58+00:00,107,0.0,0.0,,,
2026-05-26T14:44:59+00:00,106,0.0,0.0,,,
2026-05-26T14:45:00+00:00,106,0.0,0.0,,,
2026-05-26T14:45:01+00:00,106,0.0,0.0,,,
2026-05-26T14:45:02+00:00,106,0.0,0.0,,,
2026-05-26T14:45:03+00:00,106,0.0,0.0,,,
2026-05-26T14:45:04+00:00,105,0.0,0.0,,,
2026-05-26T14:45:05+00:00,104,0.0,0.0,,,
2026-05-26T14:45:06+00:00,103,0.0,0.0,,,
2026-05-26T14:45:07+00:00,103,0.0,0.0,,,
2026-05-26T14:45:08+00:00,102,0.0,0.0,,,
2026-05-26T14:45:09+00:00,102,0.0,0.0,,,
2026-05-26T14:45:10+00:00,101,0.0,0.0,,,
2026-05-26T14:45:11+00:00,100,0.0,0.0,,,
2026-05-26T14:45:12+00:00,100,0.0,0.0,,,
2026-05-26T14:45:13+00:00,99,0.0,0.0,,,
2026-05-26T14:45:14+00:00,99,0.0,0.0,,,
2026-05-26T14:45:15+00:00,100,0.0,0.0,,,
2026-05-26T14:45:16+00:00,101,0.0,0.0,,,
2026-05-26T14:45:17+00:00,101,0.0,0.0,,,
2026-05-26T14:45:18+00:00,101,0.0,0.0,,,
2026-05-26T14:45:19+00:00,101,0.0,0.0,,,
2026-05-26T14:45:20+00:00,102,0.0,0.0,,,
2026-05-26T14:45:21+00:00,102,0.0,0.0,,,
2026-05-26T14:45:22+00:00,102,0.0,0.0,,,
2026-05-26T14:45:23+00:00,101,0.0,0.0,,,
2026-05-26T14:45:24+00:00,101,0.0,0.0,,,
2026-05-26T14:45:25+00:00,101,0.0,0.0,,,
2026-05-26T14:45:26+00:00,101,0.0,0.0,,,
2026-05-26T14:45:27+00:00,101,0.0,0.0,,,
2026-05-26T14:45:28+00:00,100,0.0,0.0,,,
2026-05-26T14:45:29+00:00,100,0.0,0.0,,,
2026-05-26T14:45:30+00:00,100,0.0,0.0,,,
2026-05-26T14:45:31+00:00,100,0.0,0.0,,,
2026-05-26T14:45:32+00:00,100,0.0,0.0,,,
2026-05-26T14:45:33+00:00,99,0.0,0.0,,,
2026-05-26T14:45:34+00:00,100,0.0,0.0,,,
2026-05-26T14:45:35+00:00,101,0.0,0.0,,,
2026-05-26T14:45:36+00:00,100,0.0,0.0,,,
2026-05-26T14:45:37+00:00,101,0.0,0.0,,,
2026-05-26T14:45:38+00:00,102,0.0,0.0,,,
2026-05-26T14:45:39+00:00,106,0.0,0.0,,,
2026-05-26T14:45:40+00:00,108,0.0,0.0,,,
2026-05-26T14:45:41+00:00,109,0.0,0.0,,,
2026-05-26T14:45:42+00:00,109,0.0,0.0,,,
2026-05-26T14:45:43+00:00,109,0.0,0.0,,,
2026-05-26T14:45:44+00:00,108,0.0,0.0,,,
2026-05-26T14:45:45+00:00,107,0.0,0.0,,,
2026-05-26T14:45:46+00:00,107,0.0,0.0,,,
2026-05-26T14:45:47+00:00,106,0.0,0.0,,,
2026-05-26T14:45:48+00:00,105,0.0,0.0,,,
2026-05-26T14:45:49+00:00,104,0.0,0.0,,,
2026-05-26T14:45:50+00:00,105,0.0,0.0,,,
2026-05-26T14:45:51+00:00,105,0.0,0.0,,,
2026-05-26T14:45:52+00:00,109,0.0,0.0,,,
2026-05-26T14:45:53+00:00,118,0.0,0.0,,,
2026-05-26T14:45:54+00:00,121,0.0,0.0,,,
2026-05-26T14:45:55+00:00,122,0.0,0.0,,,
2026-05-26T14:45:56+00:00,122,0.0,0.0,,,
2026-05-26T14:45:57+00:00,121,0.0,0.0,,,
2026-05-26T14:45:58+00:00,121,0.0,0.0,,,
2026-05-26T14:45:59+00:00,121,0.0,0.0,,,
2026-05-26T14:46:00+00:00,121,0.0,0.0,,,
2026-05-26T14:46:01+00:00,121,0.0,0.0,,,
2026-05-26T14:46:02+00:00,120,0.0,0.0,,,
2026-05-26T14:46:03+00:00,121,0.0,0.0,,,
2026-05-26T14:46:04+00:00,121,0.0,0.0,,,
2026-05-26T14:46:05+00:00,121,0.0,0.0,,,
2026-05-26T14:46:06+00:00,120,0.0,0.0,,,
2026-05-26T14:46:07+00:00,121,0.0,0.0,,,
2026-05-26T14:46:08+00:00,121,0.0,0.0,,,
2026-05-26T14:46:09+00:00,121,0.0,0.0,,,
2026-05-26T14:46:10+00:00,120,0.0,0.0,,,
2026-05-26T14:46:11+00:00,121,0.0,0.0,,,
2026-05-26T14:46:12+00:00,121,0.0,0.0,,,
2026-05-26T14:46:13+00:00,121,0.0,0.0,,,
2026-05-26T14:46:14+00:00,121,0.0,0.0,,,
2026-05-26T14:46:15+00:00,120,0.0,0.0,,,
2026-05-26T14:46:16+00:00,120,0.0,0.0,,,
2026-05-26T14:46:17+00:00,120,0.0,0.0,,,
2026-05-26T14:46:18+00:00,119,0.0,0.0,,,
2026-05-26T14:46:19+00:00,120,0.0,0.0,,,
2026-05-26T14:46:20+00:00,119,0.0,0.0,,,
2026-05-26T14:46:21+00:00,119,0.0,0.0,,,
2026-05-26T14:46:22+00:00,118,0.0,0.0,,,
2026-05-26T14:46:23+00:00,118,0.0,0.0,,,
2026-05-26T14:46:24+00:00,119,0.0,0.0,,,
2026-05-26T14:46:25+00:00,120,0.0,0.0,,,
2026-05-26T14:46:26+00:00,118,0.0,0.0,,,
2026-05-26T14:46:27+00:00,117,0.0,0.0,,,
2026-05-26T14:46:28+00:00,116,0.0,0.0,,,
2026-05-26T14:46:29+00:00,115,0.0,0.0,,,
2026-05-26T14:46:30+00:00,114,0.0,0.0,,,
2026-05-26T14:46:31+00:00,113,0.0,0.0,,,
2026-05-26T14:46:32+00:00,112,0.0,0.0,,,
2026-05-26T14:46:33+00:00,110,0.0,0.0,,,
2026-05-26T14:46:34+00:00,107,0.0,0.0,,,
2026-05-26T14:46:35+00:00,105,0.0,0.0,,,
2026-05-26T14:46:36+00:00,104,0.0,0.0,,,
2026-05-26T14:46:37+00:00,104,0.0,0.0,,,
2026-05-26T14:46:38+00:00,104,0.0,0.0,,,
2026-05-26T14:46:39+00:00,104,0.0,0.0,,,
2026-05-26T14:46:40+00:00,104,0.0,0.0,,,
2026-05-26T14:46:41+00:00,104,0.0,0.0,,,
2026-05-26T14:46:42+00:00,103,0.0,0.0,,,
2026-05-26T14:46:45+00:00,102,0.0,0.0,,,
2026-05-26T14:46:46+00:00,101,0.0,0.0,,,
2026-05-26T14:46:47+00:00,100,0.0,0.0,,,
2026-05-26T14:46:51+00:00,101,0.0,0.0,,,
2026-05-26T14:46:54+00:00,100,0.0,0.0,,,
2026-05-26T14:46:56+00:00,100,0.0,0.0,,,
2026-05-26T14:46:57+00:00,100,0.0,0.0,,,
2026-05-26T14:46:58+00:00,100,0.0,0.0,,,
2026-05-26T14:46:59+00:00,100,0.0,0.0,,,
2026-05-26T14:47:00+00:00,98,0.0,0.0,,,
2026-05-26T14:47:01+00:00,98,0.0,0.0,,,
2026-05-26T14:47:02+00:00,98,0.0,0.0,,,
2026-05-26T14:47:03+00:00,98,0.0,0.0,,,
2026-05-26T14:47:04+00:00,98,0.0,0.0,,,
2026-05-26T14:47:05+00:00,98,0.0,0.0,,,
2026-05-26T14:47:06+00:00,99,0.0,0.0,,,
2026-05-26T14:47:07+00:00,99,0.0,0.0,,,
2026-05-26T14:47:08+00:00,99,0.0,0.0,,,
2026-05-26T14:47:09+00:00,99,0.0,0.0,,,
2026-05-26T14:47:10+00:00,97,0.0,0.0,,,
2026-05-26T14:47:11+00:00,96,0.0,0.0,,,
2026-05-26T14:47:12+00:00,95,0.0,0.0,,,
2026-05-26T14:47:13+00:00,94,0.0,0.0,,,
2026-05-26T14:47:14+00:00,94,0.0,0.0,,,
2026-05-26T14:47:15+00:00,94,0.0,0.0,,,
2026-05-26T14:47:16+00:00,94,0.0,0.0,,,
2026-05-26T14:47:17+00:00,95,0.0,0.0,,,
2026-05-26T14:47:18+00:00,95,0.0,0.0,,,
2026-05-26T14:47:19+00:00,96,0.0,0.0,,,
2026-05-26T14:47:20+00:00,97,0.0,0.0,,,
2026-05-26T14:47:21+00:00,98,0.0,0.0,,,
2026-05-26T14:47:22+00:00,97,0.0,0.0,,,
2026-05-26T14:47:23+00:00,97,0.0,0.0,,,
2026-05-26T14:47:24+00:00,96,0.0,0.0,,,
2026-05-26T14:47:25+00:00,95,0.0,0.0,,,
2026-05-26T14:47:26+00:00,92,0.0,0.0,,,
2026-05-26T14:47:27+00:00,91,0.0,0.0,,,
2026-05-26T14:47:28+00:00,90,0.0,0.0,,,
2026-05-26T14:47:29+00:00,85,0.0,0.0,,,
2026-05-26T14:47:30+00:00,84,0.0,0.0,,,
2026-05-26T14:47:31+00:00,82,0.0,0.0,,,
2026-05-26T14:47:32+00:00,82,0.0,0.0,,,
2026-05-26T14:47:33+00:00,81,0.0,0.0,,,
2026-05-26T14:47:34+00:00,81,0.0,0.0,,,
2026-05-26T14:47:35+00:00,81,0.0,0.0,,,
2026-05-26T14:47:36+00:00,80,0.0,0.0,,,
2026-05-26T14:47:37+00:00,80,0.0,0.0,,,
2026-05-26T14:47:38+00:00,80,0.0,0.0,,,
2026-05-26T14:47:39+00:00,81,0.0,0.0,,,
2026-05-26T14:47:40+00:00,82,0.0,0.0,,,
2026-05-26T14:47:41+00:00,84,0.0,0.0,,,
2026-05-26T14:47:42+00:00,86,0.0,0.0,,,
2026-05-26T14:47:43+00:00,87,0.0,0.0,,,
2026-05-26T14:47:44+00:00,88,0.0,0.0,,,
2026-05-26T14:47:45+00:00,89,0.0,0.0,,,
2026-05-26T14:47:48+00:00,90,0.0,0.0,,,
2026-05-26T14:47:50+00:00,91,0.0,0.0,,,
2026-05-26T14:47:51+00:00,92,0.0,0.0,,,
2026-05-26T14:47:54+00:00,91,0.0,0.0,,,
2026-05-26T14:47:55+00:00,92,0.0,0.0,,,
2026-05-26T14:47:59+00:00,91,0.0,0.0,,,
2026-05-26T14:48:00+00:00,92,0.0,0.0,,,
2026-05-26T14:48:03+00:00,93,0.0,0.0,,,
2026-05-26T14:48:04+00:00,94,0.0,0.0,,,
2026-05-26T14:48:05+00:00,94,0.0,0.0,,,
2026-05-26T14:48:06+00:00,95,0.0,0.0,,,
2026-05-26T14:48:07+00:00,95,0.0,0.0,,,
2026-05-26T14:48:08+00:00,96,0.0,0.0,,,
2026-05-26T14:48:09+00:00,96,0.0,0.0,,,
2026-05-26T14:48:10+00:00,95,0.0,0.0,,,
2026-05-26T14:48:11+00:00,96,0.0,0.0,,,
2026-05-26T14:48:12+00:00,96,0.0,0.0,,,
2026-05-26T14:48:13+00:00,96,0.0,0.0,,,
2026-05-26T14:48:14+00:00,97,0.0,0.0,,,
2026-05-26T14:48:15+00:00,98,0.0,0.0,,,
2026-05-26T14:48:16+00:00,100,0.0,0.0,,,
2026-05-26T14:48:17+00:00,103,0.0,0.0,,,
2026-05-26T14:48:18+00:00,106,0.0,0.0,,,
2026-05-26T14:48:19+00:00,110,0.0,0.0,,,
2026-05-26T14:48:20+00:00,112,0.0,0.0,,,
2026-05-26T14:48:21+00:00,112,0.0,0.0,,,
2026-05-26T14:48:22+00:00,114,0.0,0.0,,,
2026-05-26T14:48:23+00:00,115,0.0,0.0,,,
2026-05-26T14:48:24+00:00,116,0.0,0.0,,,
2026-05-26T14:48:25+00:00,117,0.0,0.0,,,
2026-05-26T14:48:26+00:00,117,0.0,0.0,,,
2026-05-26T14:48:27+00:00,118,0.0,0.0,,,
2026-05-26T14:48:28+00:00,118,0.0,0.0,,,
2026-05-26T14:48:29+00:00,119,0.0,0.0,,,
2026-05-26T14:48:30+00:00,118,0.0,0.0,,,
2026-05-26T14:48:31+00:00,118,0.0,0.0,,,
2026-05-26T14:48:32+00:00,117,0.0,0.0,,,
2026-05-26T14:48:33+00:00,117,0.0,0.0,,,
2026-05-26T14:48:34+00:00,116,0.0,0.0,,,
2026-05-26T14:48:35+00:00,117,0.0,0.0,,,
2026-05-26T14:48:36+00:00,116,0.0,0.0,,,
2026-05-26T14:48:37+00:00,116,0.0,0.0,,,
2026-05-26T14:48:38+00:00,115,0.0,0.0,,,
2026-05-26T14:48:39+00:00,115,0.0,0.0,,,
2026-05-26T14:48:40+00:00,114,0.0,0.0,,,
2026-05-26T14:48:41+00:00,111,0.0,0.0,,,
2026-05-26T14:48:42+00:00,111,0.0,0.0,,,
2026-05-26T14:48:43+00:00,111,0.0,0.0,,,
2026-05-26T14:48:44+00:00,111,0.0,0.0,,,
2026-05-26T14:48:45+00:00,111,0.0,0.0,,,
2026-05-26T14:48:46+00:00,112,0.0,0.0,,,
2026-05-26T14:48:47+00:00,112,0.0,0.0,,,
2026-05-26T14:48:48+00:00,112,0.0,0.0,,,
2026-05-26T14:48:49+00:00,112,0.0,0.0,,,
2026-05-26T14:48:50+00:00,113,0.0,0.0,,,
2026-05-26T14:48:51+00:00,113,0.0,0.0,,,
2026-05-26T14:48:52+00:00,113,0.0,0.0,,,
2026-05-26T14:48:53+00:00,113,0.0,0.0,,,
2026-05-26T14:48:54+00:00,112,0.0,0.0,,,
2026-05-26T14:48:55+00:00,112,0.0,0.0,,,
2026-05-26T14:48:56+00:00,110,0.0,0.0,,,
2026-05-26T14:48:57+00:00,106,0.0,0.0,,,
2026-05-26T14:48:58+00:00,105,0.0,0.0,,,
2026-05-26T14:48:59+00:00,105,0.0,0.0,,,
2026-05-26T14:49:00+00:00,105,0.0,0.0,,,
2026-05-26T14:49:01+00:00,106,0.0,0.0,,,
2026-05-26T14:49:02+00:00,106,0.0,0.0,,,
2026-05-26T14:49:03+00:00,106,0.0,0.0,,,
2026-05-26T14:49:04+00:00,107,0.0,0.0,,,
2026-05-26T14:49:05+00:00,108,0.0,0.0,,,
2026-05-26T14:49:06+00:00,108,0.0,0.0,,,
2026-05-26T14:49:07+00:00,108,0.0,0.0,,,
2026-05-26T14:49:08+00:00,108,0.0,0.0,,,
2026-05-26T14:49:09+00:00,109,0.0,0.0,,,
2026-05-26T14:49:10+00:00,110,0.0,0.0,,,
2026-05-26T14:49:11+00:00,110,0.0,0.0,,,
2026-05-26T14:49:12+00:00,111,0.0,0.0,,,
2026-05-26T14:49:13+00:00,111,0.0,0.0,,,
2026-05-26T14:49:14+00:00,111,0.0,0.0,,,
2026-05-26T14:49:15+00:00,111,0.0,0.0,,,
2026-05-26T14:49:16+00:00,111,0.0,0.0,,,
2026-05-26T14:49:17+00:00,111,0.0,0.0,,,
2026-05-26T14:49:18+00:00,111,0.0,0.0,,,
2026-05-26T14:49:19+00:00,111,0.0,0.0,,,
2026-05-26T14:49:20+00:00,112,0.0,0.0,,,
2026-05-26T14:49:21+00:00,113,0.0,0.0,,,
2026-05-26T14:49:22+00:00,113,0.0,0.0,,,
2026-05-26T14:49:23+00:00,112,0.0,0.0,,,
2026-05-26T14:49:24+00:00,112,0.0,0.0,,,
2026-05-26T14:49:25+00:00,112,0.0,0.0,,,
2026-05-26T14:49:26+00:00,113,0.0,0.0,,,
2026-05-26T14:49:27+00:00,112,0.0,0.0,,,
2026-05-26T14:49:28+00:00,112,0.0,0.0,,,
2026-05-26T14:49:29+00:00,112,0.0,0.0,,,
2026-05-26T14:49:30+00:00,112,0.0,0.0,,,
2026-05-26T14:49:31+00:00,112,0.0,0.0,,,
2026-05-26T14:49:32+00:00,112,0.0,0.0,,,
2026-05-26T14:49:33+00:00,112,0.0,0.0,,,
2026-05-26T14:49:34+00:00,112,0.0,0.0,,,
2026-05-26T14:49:36+00:00,113,0.0,0.0,,,
2026-05-26T14:49:37+00:00,115,0.0,0.0,,,
2026-05-26T14:49:38+00:00,117,0.0,0.0,,,
2026-05-26T14:49:39+00:00,119,0.0,0.0,,,
2026-05-26T14:49:40+00:00,120,0.0,0.0,,,
2026-05-26T14:49:43+00:00,121,0.0,0.0,,,
2026-05-26T14:49:45+00:00,120,0.0,0.0,,,
2026-05-26T14:49:46+00:00,120,0.0,0.0,,,
2026-05-26T14:49:47+00:00,121,0.0,0.0,,,
2026-05-26T14:49:48+00:00,121,0.0,0.0,,,
2026-05-26T14:49:49+00:00,122,0.0,0.0,,,
2026-05-26T14:49:50+00:00,122,0.0,0.0,,,
2026-05-26T14:49:51+00:00,123,0.0,0.0,,,
2026-05-26T14:49:52+00:00,124,0.0,0.0,,,
2026-05-26T14:49:53+00:00,124,0.0,0.0,,,
2026-05-26T14:49:54+00:00,125,0.0,0.0,,,
2026-05-26T14:49:55+00:00,125,0.0,0.0,,,
2026-05-26T14:49:56+00:00,124,0.0,0.0,,,
2026-05-26T14:49:57+00:00,123,0.0,0.0,,,
2026-05-26T14:49:58+00:00,123,0.0,0.0,,,
2026-05-26T14:49:59+00:00,123,0.0,0.0,,,
2026-05-26T14:50:00+00:00,122,0.0,0.0,,,
2026-05-26T14:50:01+00:00,122,0.0,0.0,,,
2026-05-26T14:50:02+00:00,122,0.0,0.0,,,
2026-05-26T14:50:03+00:00,122,0.0,0.0,,,
2026-05-26T14:50:04+00:00,121,0.0,0.0,,,
2026-05-26T14:50:05+00:00,121,0.0,0.0,,,
2026-05-26T14:50:06+00:00,121,0.0,0.0,,,
2026-05-26T14:50:07+00:00,121,0.0,0.0,,,
2026-05-26T14:50:08+00:00,121,0.0,0.0,,,
2026-05-26T14:50:09+00:00,121,0.0,0.0,,,
2026-05-26T14:50:10+00:00,121,0.0,0.0,,,
2026-05-26T14:50:11+00:00,121,0.0,0.0,,,
2026-05-26T14:50:12+00:00,122,0.0,0.0,,,
2026-05-26T14:50:13+00:00,122,0.0,0.0,,,
2026-05-26T14:50:14+00:00,122,0.0,0.0,,,
2026-05-26T14:50:15+00:00,121,0.0,0.0,,,
2026-05-26T14:50:16+00:00,121,0.0,0.0,,,
2026-05-26T14:50:17+00:00,120,0.0,0.0,,,
2026-05-26T14:50:18+00:00,120,0.0,0.0,,,
2026-05-26T14:50:19+00:00,120,0.0,0.0,,,
2026-05-26T14:50:20+00:00,120,0.0,0.0,,,
2026-05-26T14:50:21+00:00,119,0.0,0.0,,,
2026-05-26T14:50:22+00:00,120,0.0,0.0,,,
2026-05-26T14:50:23+00:00,120,0.0,0.0,,,
2026-05-26T14:50:24+00:00,119,0.0,0.0,,,
2026-05-26T14:50:25+00:00,119,0.0,0.0,,,
2026-05-26T14:50:26+00:00,118,0.0,0.0,,,
2026-05-26T14:50:27+00:00,115,0.0,0.0,,,
2026-05-26T14:50:28+00:00,110,0.0,0.0,,,
2026-05-26T14:50:29+00:00,106,0.0,0.0,,,
2026-05-26T14:50:30+00:00,106,0.0,0.0,,,
2026-05-26T14:50:31+00:00,106,0.0,0.0,,,
2026-05-26T14:50:32+00:00,106,0.0,0.0,,,
2026-05-26T14:50:33+00:00,106,0.0,0.0,,,
2026-05-26T14:50:34+00:00,107,0.0,0.0,,,
2026-05-26T14:50:37+00:00,106,0.0,0.0,,,
2026-05-26T14:50:38+00:00,107,0.0,0.0,,,
2026-05-26T14:50:40+00:00,108,0.0,0.0,,,
2026-05-26T14:50:41+00:00,109,0.0,0.0,,,
2026-05-26T14:50:43+00:00,110,0.0,0.0,,,
2026-05-26T14:50:44+00:00,112,0.0,0.0,,,
2026-05-26T14:50:45+00:00,116,0.0,0.0,,,
2026-05-26T14:50:46+00:00,118,0.0,0.0,,,
2026-05-26T14:50:47+00:00,119,0.0,0.0,,,
2026-05-26T14:50:49+00:00,120,0.0,0.0,,,
2026-05-26T14:50:55+00:00,120,0.0,0.0,,,
2026-05-26T14:50:57+00:00,121,0.0,0.0,,,
2026-05-26T14:50:59+00:00,122,0.0,0.0,,,
2026-05-26T14:51:00+00:00,123,0.0,0.0,,,
2026-05-26T14:51:01+00:00,124,0.0,0.0,,,
2026-05-26T14:51:03+00:00,125,0.0,0.0,,,
2026-05-26T14:51:04+00:00,126,0.0,0.0,,,
2026-05-26T14:51:05+00:00,127,0.0,0.0,,,
2026-05-26T14:51:06+00:00,129,0.0,0.0,,,
2026-05-26T14:51:07+00:00,141,0.0,0.0,,,
2026-05-26T14:51:08+00:00,153,0.0,0.0,,,
2026-05-26T14:51:09+00:00,153,0.0,0.0,,,
2026-05-26T14:51:10+00:00,152,0.0,0.0,,,
2026-05-26T14:51:12+00:00,151,0.0,0.0,,,
2026-05-26T14:51:16+00:00,150,0.0,0.0,,,
2026-05-26T14:51:20+00:00,149,0.0,0.0,,,
2026-05-26T14:51:24+00:00,148,0.0,0.0,,,
2026-05-26T14:51:27+00:00,147,0.0,0.0,,,
2026-05-26T14:51:28+00:00,146,0.0,0.0,,,
2026-05-26T14:51:29+00:00,145,0.0,0.0,,,
2026-05-26T14:51:30+00:00,143,0.0,0.0,,,
2026-05-26T14:51:31+00:00,141,0.0,0.0,,,
2026-05-26T14:51:34+00:00,140,0.0,0.0,,,
2026-05-26T14:51:35+00:00,139,0.0,0.0,,,
2026-05-26T14:51:36+00:00,136,0.0,0.0,,,
2026-05-26T14:51:37+00:00,133,0.0,0.0,,,
2026-05-26T14:51:38+00:00,131,0.0,0.0,,,
2026-05-26T14:51:39+00:00,129,0.0,0.0,,,
2026-05-26T14:51:40+00:00,128,0.0,0.0,,,
2026-05-26T14:51:41+00:00,127,0.0,0.0,,,
2026-05-26T14:51:44+00:00,126,0.0,0.0,,,
2026-05-26T14:51:48+00:00,127,0.0,0.0,,,
2026-05-26T14:51:51+00:00,131,0.0,0.0,,,
2026-05-26T14:51:52+00:00,133,0.0,0.0,,,
2026-05-26T14:51:53+00:00,135,0.0,0.0,,,
2026-05-26T14:51:54+00:00,136,0.0,0.0,,,
2026-05-26T14:51:55+00:00,137,0.0,0.0,,,
2026-05-26T14:51:58+00:00,138,0.0,0.0,,,
2026-05-26T14:51:59+00:00,137,0.0,0.0,,,
2026-05-26T14:52:02+00:00,136,0.0,0.0,,,
2026-05-26T14:52:04+00:00,135,0.0,0.0,,,
2026-05-26T14:52:06+00:00,136,0.0,0.0,,,
2026-05-26T14:52:07+00:00,137,0.0,0.0,,,
2026-05-26T14:52:08+00:00,138,0.0,0.0,,,
2026-05-26T14:52:10+00:00,139,0.0,0.0,,,
2026-05-26T14:52:13+00:00,137,0.0,0.0,,,
2026-05-26T14:52:18+00:00,136,0.0,0.0,,,
2026-05-26T14:52:20+00:00,137,0.0,0.0,,,
2026-05-26T14:52:21+00:00,139,0.0,0.0,,,
2026-05-26T14:52:26+00:00,138,0.0,0.0,,,
2026-05-26T14:52:27+00:00,136,0.0,0.0,,,
2026-05-26T14:52:28+00:00,135,0.0,0.0,,,
2026-05-26T14:52:29+00:00,134,0.0,0.0,,,
2026-05-26T14:52:30+00:00,133,0.0,0.0,,,
2026-05-26T14:52:32+00:00,134,0.0,0.0,,,
2026-05-26T14:52:34+00:00,135,0.0,0.0,,,
2026-05-26T14:52:40+00:00,135,0.0,0.0,,,
2026-05-26T14:52:42+00:00,134,0.0,0.0,,,
2026-05-26T14:52:43+00:00,136,0.0,0.0,,,
2026-05-26T14:52:44+00:00,136,0.0,0.0,,,
2026-05-26T14:52:45+00:00,137,0.0,0.0,,,
2026-05-26T14:52:46+00:00,137,0.0,0.0,,,
2026-05-26T14:52:47+00:00,137,0.0,0.0,,,
2026-05-26T14:52:48+00:00,137,0.0,0.0,,,
2026-05-26T14:52:49+00:00,137,0.0,0.0,,,
2026-05-26T14:52:50+00:00,138,0.0,0.0,,,
2026-05-26T14:52:51+00:00,138,0.0,0.0,,,
2026-05-26T14:52:52+00:00,138,0.0,0.0,,,
2026-05-26T14:52:53+00:00,137,0.0,0.0,,,
2026-05-26T14:52:54+00:00,137,0.0,0.0,,,
2026-05-26T14:52:55+00:00,137,0.0,0.0,,,
2026-05-26T14:52:56+00:00,137,0.0,0.0,,,
2026-05-26T14:52:57+00:00,137,0.0,0.0,,,
2026-05-26T14:52:58+00:00,138,0.0,0.0,,,
2026-05-26T14:52:59+00:00,138,0.0,0.0,,,
2026-05-26T14:53:00+00:00,139,0.0,0.0,,,
2026-05-26T14:53:01+00:00,139,0.0,0.0,,,
2026-05-26T14:53:02+00:00,140,0.0,0.0,,,
2026-05-26T14:53:03+00:00,140,0.0,0.0,,,
2026-05-26T14:53:04+00:00,141,0.0,0.0,,,
2026-05-26T14:53:05+00:00,142,0.0,0.0,,,
2026-05-26T14:53:06+00:00,143,0.0,0.0,,,
2026-05-26T14:53:07+00:00,143,0.0,0.0,,,
2026-05-26T14:53:08+00:00,144,0.0,0.0,,,
2026-05-26T14:53:09+00:00,144,0.0,0.0,,,
2026-05-26T14:53:10+00:00,145,0.0,0.0,,,
2026-05-26T14:53:11+00:00,145,0.0,0.0,,,
2026-05-26T14:53:12+00:00,145,0.0,0.0,,,
2026-05-26T14:53:13+00:00,146,0.0,0.0,,,
2026-05-26T14:53:14+00:00,146,0.0,0.0,,,
2026-05-26T14:53:15+00:00,146,0.0,0.0,,,
2026-05-26T14:53:16+00:00,146,0.0,0.0,,,
2026-05-26T14:53:17+00:00,147,0.0,0.0,,,
2026-05-26T14:53:18+00:00,147,0.0,0.0,,,
2026-05-26T14:53:19+00:00,147,0.0,0.0,,,
2026-05-26T14:53:20+00:00,147,0.0,0.0,,,
2026-05-26T14:53:21+00:00,147,0.0,0.0,,,
2026-05-26T14:53:22+00:00,148,0.0,0.0,,,
2026-05-26T14:53:23+00:00,148,0.0,0.0,,,
2026-05-26T14:53:24+00:00,148,0.0,0.0,,,
2026-05-26T14:53:25+00:00,149,0.0,0.0,,,
2026-05-26T14:53:26+00:00,150,0.0,0.0,,,
2026-05-26T14:53:27+00:00,152,0.0,0.0,,,
2026-05-26T14:53:28+00:00,153,0.0,0.0,,,
2026-05-26T14:53:29+00:00,154,0.0,0.0,,,
2026-05-26T14:53:30+00:00,155,0.0,0.0,,,
2026-05-26T14:53:31+00:00,156,0.0,0.0,,,
2026-05-26T14:53:32+00:00,157,0.0,0.0,,,
2026-05-26T14:53:33+00:00,158,0.0,0.0,,,
2026-05-26T14:53:34+00:00,159,0.0,0.0,,,
2026-05-26T14:53:35+00:00,160,0.0,0.0,,,
2026-05-26T14:53:36+00:00,160,0.0,0.0,,,
2026-05-26T14:53:37+00:00,160,0.0,0.0,,,
2026-05-26T14:53:38+00:00,160,0.0,0.0,,,
2026-05-26T14:53:39+00:00,159,0.0,0.0,,,
2026-05-26T14:53:40+00:00,158,0.0,0.0,,,
2026-05-26T14:53:41+00:00,154,0.0,0.0,,,
2026-05-26T14:53:42+00:00,148,0.0,0.0,,,
2026-05-26T14:53:43+00:00,148,0.0,0.0,,,
2026-05-26T14:53:44+00:00,145,0.0,0.0,,,
2026-05-26T14:53:45+00:00,149,0.0,0.0,,,
2026-05-26T14:53:46+00:00,153,0.0,0.0,,,
2026-05-26T14:53:47+00:00,154,0.0,0.0,,,
2026-05-26T14:53:48+00:00,154,0.0,0.0,,,
2026-05-26T14:53:49+00:00,155,0.0,0.0,,,
2026-05-26T14:53:50+00:00,155,0.0,0.0,,,
2026-05-26T14:53:51+00:00,155,0.0,0.0,,,
2026-05-26T14:53:52+00:00,154,0.0,0.0,,,
2026-05-26T14:53:53+00:00,153,0.0,0.0,,,
2026-05-26T14:53:56+00:00,152,0.0,0.0,,,
2026-05-26T14:53:57+00:00,152,0.0,0.0,,,
2026-05-26T14:53:58+00:00,152,0.0,0.0,,,
2026-05-26T14:53:59+00:00,151,0.0,0.0,,,
2026-05-26T14:54:00+00:00,151,0.0,0.0,,,
2026-05-26T14:54:01+00:00,151,0.0,0.0,,,
2026-05-26T14:54:02+00:00,151,0.0,0.0,,,
2026-05-26T14:54:03+00:00,151,0.0,0.0,,,
2026-05-26T14:54:04+00:00,152,0.0,0.0,,,
2026-05-26T14:54:05+00:00,152,0.0,0.0,,,
2026-05-26T14:54:06+00:00,152,0.0,0.0,,,
2026-05-26T14:54:07+00:00,152,0.0,0.0,,,
2026-05-26T14:54:08+00:00,151,0.0,0.0,,,
2026-05-26T14:54:09+00:00,152,0.0,0.0,,,
2026-05-26T14:54:10+00:00,152,0.0,0.0,,,
2026-05-26T14:54:11+00:00,152,0.0,0.0,,,
2026-05-26T14:54:12+00:00,152,0.0,0.0,,,
2026-05-26T14:54:13+00:00,151,0.0,0.0,,,
2026-05-26T14:54:14+00:00,150,0.0,0.0,,,
2026-05-26T14:54:15+00:00,150,0.0,0.0,,,
2026-05-26T14:54:16+00:00,149,0.0,0.0,,,
2026-05-26T14:54:17+00:00,151,0.0,0.0,,,
2026-05-26T14:54:18+00:00,152,0.0,0.0,,,
2026-05-26T14:54:19+00:00,152,0.0,0.0,,,
2026-05-26T14:54:20+00:00,152,0.0,0.0,,,
2026-05-26T14:54:21+00:00,152,0.0,0.0,,,
2026-05-26T14:54:22+00:00,151,0.0,0.0,,,
2026-05-26T14:54:23+00:00,152,0.0,0.0,,,
2026-05-26T14:54:24+00:00,152,0.0,0.0,,,
2026-05-26T14:54:25+00:00,152,0.0,0.0,,,
2026-05-26T14:54:26+00:00,152,0.0,0.0,,,
2026-05-26T14:54:27+00:00,151,0.0,0.0,,,
2026-05-26T14:54:28+00:00,151,0.0,0.0,,,
2026-05-26T14:54:29+00:00,151,0.0,0.0,,,
2026-05-26T14:54:30+00:00,151,0.0,0.0,,,
2026-05-26T14:54:31+00:00,151,0.0,0.0,,,
2026-05-26T14:54:32+00:00,151,0.0,0.0,,,
2026-05-26T14:54:33+00:00,150,0.0,0.0,,,
2026-05-26T14:54:34+00:00,150,0.0,0.0,,,
2026-05-26T14:54:35+00:00,149,0.0,0.0,,,
2026-05-26T14:54:36+00:00,149,0.0,0.0,,,
2026-05-26T14:54:37+00:00,148,0.0,0.0,,,
2026-05-26T14:54:38+00:00,147,0.0,0.0,,,
2026-05-26T14:54:41+00:00,146,0.0,0.0,,,
2026-05-26T14:54:43+00:00,145,0.0,0.0,,,
2026-05-26T14:54:46+00:00,144,0.0,0.0,,,
2026-05-26T14:54:48+00:00,143,0.0,0.0,,,
2026-05-26T14:54:52+00:00,146,0.0,0.0,,,
2026-05-26T14:54:53+00:00,151,0.0,0.0,,,
2026-05-26T14:54:54+00:00,163,0.0,0.0,,,
2026-05-26T14:54:55+00:00,167,0.0,0.0,,,
2026-05-26T14:54:56+00:00,167,0.0,0.0,,,
2026-05-26T14:54:57+00:00,167,0.0,0.0,,,
2026-05-26T14:54:58+00:00,167,0.0,0.0,,,
2026-05-26T14:54:59+00:00,166,0.0,0.0,,,
2026-05-26T14:55:00+00:00,166,0.0,0.0,,,
2026-05-26T14:55:01+00:00,161,0.0,0.0,,,
2026-05-26T14:55:02+00:00,159,0.0,0.0,,,
2026-05-26T14:55:03+00:00,133,0.0,0.0,,,
2026-05-26T14:55:04+00:00,123,0.0,0.0,,,
2026-05-26T14:55:05+00:00,121,0.0,0.0,,,
2026-05-26T14:55:06+00:00,120,0.0,0.0,,,
2026-05-26T14:55:07+00:00,120,0.0,0.0,,,
2026-05-26T14:55:08+00:00,120,0.0,0.0,,,
2026-05-26T14:55:09+00:00,120,0.0,0.0,,,
2026-05-26T14:55:10+00:00,120,0.0,0.0,,,
2026-05-26T14:55:11+00:00,120,0.0,0.0,,,
2026-05-26T14:55:12+00:00,120,0.0,0.0,,,
2026-05-26T14:55:13+00:00,120,0.0,0.0,,,
2026-05-26T14:55:14+00:00,120,0.0,0.0,,,
2026-05-26T14:55:15+00:00,120,0.0,0.0,,,
2026-05-26T14:55:16+00:00,120,0.0,0.0,,,
2026-05-26T14:55:17+00:00,120,0.0,0.0,,,
2026-05-26T14:55:18+00:00,120,0.0,0.0,,,
2026-05-26T14:55:19+00:00,119,0.0,0.0,,,
2026-05-26T14:55:20+00:00,119,0.0,0.0,,,
2026-05-26T14:55:21+00:00,118,0.0,0.0,,,
2026-05-26T14:55:22+00:00,118,0.0,0.0,,,
2026-05-26T14:55:23+00:00,117,0.0,0.0,,,
2026-05-26T14:55:24+00:00,117,0.0,0.0,,,
2026-05-26T14:55:25+00:00,117,0.0,0.0,,,
2026-05-26T14:55:26+00:00,118,0.0,0.0,,,
2026-05-26T14:55:27+00:00,118,0.0,0.0,,,
2026-05-26T14:55:28+00:00,117,0.0,0.0,,,
2026-05-26T14:55:29+00:00,117,0.0,0.0,,,
2026-05-26T14:55:30+00:00,117,0.0,0.0,,,
2026-05-26T14:55:32+00:00,116,0.0,0.0,,,
2026-05-26T14:55:35+00:00,117,0.0,0.0,,,
2026-05-26T14:55:39+00:00,116,0.0,0.0,,,
2026-05-26T14:55:43+00:00,118,0.0,0.0,,,
2026-05-26T14:55:44+00:00,119,0.0,0.0,,,
2026-05-26T14:55:46+00:00,118,0.0,0.0,,,
2026-05-26T14:55:49+00:00,117,0.0,0.0,,,
2026-05-26T14:55:50+00:00,130,0.0,0.0,,,
2026-05-26T14:55:51+00:00,148,0.0,0.0,,,
2026-05-26T14:55:52+00:00,149,0.0,0.0,,,
2026-05-26T14:55:54+00:00,148,0.0,0.0,,,
2026-05-26T14:55:59+00:00,149,0.0,0.0,,,
2026-05-26T14:56:00+00:00,148,0.0,0.0,,,
2026-05-26T14:56:04+00:00,150,0.0,0.0,,,
2026-05-26T14:56:05+00:00,153,0.0,0.0,,,
2026-05-26T14:56:06+00:00,153,0.0,0.0,,,
2026-05-26T14:56:07+00:00,154,0.0,0.0,,,
2026-05-26T14:56:08+00:00,155,0.0,0.0,,,
2026-05-26T14:56:09+00:00,157,0.0,0.0,,,
2026-05-26T14:56:12+00:00,156,0.0,0.0,,,
2026-05-26T14:56:13+00:00,152,0.0,0.0,,,
2026-05-26T14:56:14+00:00,150,0.0,0.0,,,
2026-05-26T14:56:18+00:00,151,0.0,0.0,,,
2026-05-26T14:56:21+00:00,150,0.0,0.0,,,
2026-05-26T14:56:23+00:00,149,0.0,0.0,,,
2026-05-26T14:56:25+00:00,148,0.0,0.0,,,
2026-05-26T14:56:27+00:00,149,0.0,0.0,,,
2026-05-26T14:56:28+00:00,148,0.0,0.0,,,
2026-05-26T14:56:29+00:00,149,0.0,0.0,,,
2026-05-26T14:56:32+00:00,150,0.0,0.0,,,
2026-05-26T14:56:35+00:00,149,0.0,0.0,,,
2026-05-26T14:56:40+00:00,148,0.0,0.0,,,
2026-05-26T14:56:41+00:00,149,0.0,0.0,,,
2026-05-26T14:56:43+00:00,148,0.0,0.0,,,
2026-05-26T14:56:46+00:00,147,0.0,0.0,,,
2026-05-26T14:56:52+00:00,146,0.0,0.0,,,
2026-05-26T14:56:58+00:00,146,0.0,0.0,,,
2026-05-26T14:56:59+00:00,147,0.0,0.0,,,
2026-05-26T14:57:05+00:00,146,0.0,0.0,,,
2026-05-26T14:57:06+00:00,145,0.0,0.0,,,
2026-05-26T14:57:10+00:00,146,0.0,0.0,,,
2026-05-26T14:57:11+00:00,145,0.0,0.0,,,
2026-05-26T14:57:13+00:00,146,0.0,0.0,,,
2026-05-26T14:57:16+00:00,145,0.0,0.0,,,
2026-05-26T14:57:17+00:00,146,0.0,0.0,,,
2026-05-26T14:57:18+00:00,146,0.0,0.0,,,
2026-05-26T14:57:19+00:00,147,0.0,0.0,,,
2026-05-26T14:57:20+00:00,148,0.0,0.0,,,
2026-05-26T14:57:21+00:00,148,0.0,0.0,,,
2026-05-26T14:57:22+00:00,149,0.0,0.0,,,
2026-05-26T14:57:23+00:00,150,0.0,0.0,,,
2026-05-26T14:57:24+00:00,151,0.0,0.0,,,
2026-05-26T14:57:25+00:00,153,0.0,0.0,,,
2026-05-26T14:57:26+00:00,153,0.0,0.0,,,
2026-05-26T14:57:27+00:00,153,0.0,0.0,,,
2026-05-26T14:57:28+00:00,153,0.0,0.0,,,
2026-05-26T14:57:29+00:00,154,0.0,0.0,,,
2026-05-26T14:57:30+00:00,154,0.0,0.0,,,
2026-05-26T14:57:31+00:00,155,0.0,0.0,,,
2026-05-26T14:57:32+00:00,155,0.0,0.0,,,
2026-05-26T14:57:33+00:00,155,0.0,0.0,,,
2026-05-26T14:57:34+00:00,154,0.0,0.0,,,
2026-05-26T14:57:35+00:00,155,0.0,0.0,,,
2026-05-26T14:57:36+00:00,154,0.0,0.0,,,
2026-05-26T14:57:37+00:00,154,0.0,0.0,,,
2026-05-26T14:57:38+00:00,153,0.0,0.0,,,
2026-05-26T14:57:39+00:00,153,0.0,0.0,,,
2026-05-26T14:57:40+00:00,152,0.0,0.0,,,
2026-05-26T14:57:41+00:00,151,0.0,0.0,,,
2026-05-26T14:57:42+00:00,151,0.0,0.0,,,
2026-05-26T14:57:43+00:00,151,0.0,0.0,,,
2026-05-26T14:57:44+00:00,151,0.0,0.0,,,
2026-05-26T14:57:45+00:00,151,0.0,0.0,,,
2026-05-26T14:57:46+00:00,152,0.0,0.0,,,
2026-05-26T14:57:47+00:00,152,0.0,0.0,,,
2026-05-26T14:57:48+00:00,151,0.0,0.0,,,
2026-05-26T14:57:49+00:00,151,0.0,0.0,,,
2026-05-26T14:57:50+00:00,151,0.0,0.0,,,
2026-05-26T14:57:51+00:00,151,0.0,0.0,,,
2026-05-26T14:57:52+00:00,150,0.0,0.0,,,
2026-05-26T14:57:53+00:00,150,0.0,0.0,,,
2026-05-26T14:57:54+00:00,149,0.0,0.0,,,
2026-05-26T14:57:55+00:00,149,0.0,0.0,,,
2026-05-26T14:57:56+00:00,149,0.0,0.0,,,
2026-05-26T14:57:57+00:00,149,0.0,0.0,,,
2026-05-26T14:57:58+00:00,148,0.0,0.0,,,
2026-05-26T14:57:59+00:00,147,0.0,0.0,,,
2026-05-26T14:58:00+00:00,148,0.0,0.0,,,
2026-05-26T14:58:01+00:00,148,0.0,0.0,,,
2026-05-26T14:58:02+00:00,149,0.0,0.0,,,
2026-05-26T14:58:03+00:00,149,0.0,0.0,,,
2026-05-26T14:58:04+00:00,149,0.0,0.0,,,
2026-05-26T14:58:05+00:00,149,0.0,0.0,,,
2026-05-26T14:58:06+00:00,148,0.0,0.0,,,
2026-05-26T14:58:07+00:00,148,0.0,0.0,,,
2026-05-26T14:58:08+00:00,148,0.0,0.0,,,
2026-05-26T14:58:09+00:00,148,0.0,0.0,,,
2026-05-26T14:58:10+00:00,148,0.0,0.0,,,
2026-05-26T14:58:11+00:00,147,0.0,0.0,,,
2026-05-26T14:58:12+00:00,147,0.0,0.0,,,
2026-05-26T14:58:13+00:00,147,0.0,0.0,,,
2026-05-26T14:58:14+00:00,146,0.0,0.0,,,
2026-05-26T14:58:15+00:00,147,0.0,0.0,,,
2026-05-26T14:58:16+00:00,147,0.0,0.0,,,
2026-05-26T14:58:17+00:00,148,0.0,0.0,,,
2026-05-26T14:58:18+00:00,148,0.0,0.0,,,
2026-05-26T14:58:19+00:00,147,0.0,0.0,,,
2026-05-26T14:58:20+00:00,146,0.0,0.0,,,
2026-05-26T14:58:21+00:00,145,0.0,0.0,,,
2026-05-26T14:58:22+00:00,144,0.0,0.0,,,
2026-05-26T14:58:23+00:00,143,0.0,0.0,,,
2026-05-26T14:58:24+00:00,142,0.0,0.0,,,
2026-05-26T14:58:25+00:00,141,0.0,0.0,,,
2026-05-26T14:58:26+00:00,140,0.0,0.0,,,
2026-05-26T14:58:27+00:00,139,0.0,0.0,,,
2026-05-26T14:58:28+00:00,139,0.0,0.0,,,
2026-05-26T14:58:29+00:00,139,0.0,0.0,,,
2026-05-26T14:58:30+00:00,138,0.0,0.0,,,
2026-05-26T14:58:31+00:00,137,0.0,0.0,,,
2026-05-26T14:58:32+00:00,137,0.0,0.0,,,
2026-05-26T14:58:33+00:00,137,0.0,0.0,,,
2026-05-26T14:58:34+00:00,136,0.0,0.0,,,
2026-05-26T14:58:35+00:00,135,0.0,0.0,,,
2026-05-26T14:58:36+00:00,134,0.0,0.0,,,
2026-05-26T14:58:37+00:00,133,0.0,0.0,,,
2026-05-26T14:58:38+00:00,133,0.0,0.0,,,
2026-05-26T14:58:39+00:00,133,0.0,0.0,,,
2026-05-26T14:58:40+00:00,132,0.0,0.0,,,
2026-05-26T14:58:41+00:00,132,0.0,0.0,,,
2026-05-26T14:58:42+00:00,133,0.0,0.0,,,
2026-05-26T14:58:43+00:00,133,0.0,0.0,,,
2026-05-26T14:58:44+00:00,134,0.0,0.0,,,
2026-05-26T14:58:45+00:00,134,0.0,0.0,,,
2026-05-26T14:58:46+00:00,134,0.0,0.0,,,
2026-05-26T14:58:47+00:00,134,0.0,0.0,,,
2026-05-26T14:58:48+00:00,134,0.0,0.0,,,
2026-05-26T14:58:49+00:00,134,0.0,0.0,,,
2026-05-26T14:58:50+00:00,133,0.0,0.0,,,
2026-05-26T14:58:51+00:00,132,0.0,0.0,,,
2026-05-26T14:58:54+00:00,133,0.0,0.0,,,
2026-05-26T14:58:55+00:00,135,0.0,0.0,,,
2026-05-26T14:58:56+00:00,137,0.0,0.0,,,
2026-05-26T14:58:57+00:00,139,0.0,0.0,,,
2026-05-26T14:58:58+00:00,148,0.0,0.0,,,
2026-05-26T14:58:59+00:00,151,0.0,0.0,,,
2026-05-26T14:59:00+00:00,150,0.0,0.0,,,
2026-05-26T14:59:01+00:00,149,0.0,0.0,,,
2026-05-26T14:59:03+00:00,148,0.0,0.0,,,
2026-05-26T14:59:04+00:00,147,0.0,0.0,,,
2026-05-26T14:59:06+00:00,146,0.0,0.0,,,
2026-05-26T14:59:07+00:00,145,0.0,0.0,,,
2026-05-26T14:59:13+00:00,145,0.0,0.0,,,
2026-05-26T14:59:16+00:00,144,0.0,0.0,,,
2026-05-26T14:59:17+00:00,143,0.0,0.0,,,
2026-05-26T14:59:19+00:00,142,0.0,0.0,,,
2026-05-26T14:59:22+00:00,143,0.0,0.0,,,
2026-05-26T14:59:23+00:00,142,0.0,0.0,,,
2026-05-26T14:59:26+00:00,140,0.0,0.0,,,
2026-05-26T14:59:27+00:00,138,0.0,0.0,,,
2026-05-26T14:59:28+00:00,137,0.0,0.0,,,
2026-05-26T14:59:29+00:00,136,0.0,0.0,,,
2026-05-26T14:59:30+00:00,135,0.0,0.0,,,
2026-05-26T14:59:31+00:00,134,0.0,0.0,,,
2026-05-26T14:59:32+00:00,133,0.0,0.0,,,
2026-05-26T14:59:33+00:00,132,0.0,0.0,,,
2026-05-26T14:59:34+00:00,131,0.0,0.0,,,
2026-05-26T14:59:35+00:00,130,0.0,0.0,,,
2026-05-26T14:59:37+00:00,129,0.0,0.0,,,
2026-05-26T14:59:39+00:00,128,0.0,0.0,,,
2026-05-26T14:59:41+00:00,127,0.0,0.0,,,
2026-05-26T14:59:45+00:00,128,0.0,0.0,,,
2026-05-26T14:59:48+00:00,129,0.0,0.0,,,
2026-05-26T14:59:51+00:00,128,0.0,0.0,,,
2026-05-26T14:59:52+00:00,129,0.0,0.0,,,
2026-05-26T14:59:55+00:00,128,0.0,0.0,,,
2026-05-26T14:59:56+00:00,129,0.0,0.0,,,
2026-05-26T14:59:58+00:00,130,0.0,0.0,,,
2026-05-26T14:59:59+00:00,129,0.0,0.0,,,
2026-05-26T15:00:05+00:00,129,0.0,0.0,,,
2026-05-26T15:00:09+00:00,128,0.0,0.0,,,
2026-05-26T15:00:10+00:00,129,0.0,0.0,,,
2026-05-26T15:00:11+00:00,128,0.0,0.0,,,
2026-05-26T15:00:12+00:00,127,0.0,0.0,,,
2026-05-26T15:00:15+00:00,126,0.0,0.0,,,
2026-05-26T15:00:16+00:00,127,0.0,0.0,,,
2026-05-26T15:00:18+00:00,128,0.0,0.0,,,
2026-05-26T15:00:21+00:00,129,0.0,0.0,,,
2026-05-26T15:00:24+00:00,128,0.0,0.0,,,
2026-05-26T15:00:28+00:00,127,0.0,0.0,,,
2026-05-26T15:00:32+00:00,128,0.0,0.0,,,
2026-05-26T15:00:33+00:00,127,0.0,0.0,,,
2026-05-26T15:00:37+00:00,126,0.0,0.0,,,
2026-05-26T15:00:41+00:00,127,0.0,0.0,,,
2026-05-26T15:00:42+00:00,128,0.0,0.0,,,
2026-05-26T15:00:43+00:00,130,0.0,0.0,,,
2026-05-26T15:00:45+00:00,129,0.0,0.0,,,
2026-05-26T15:00:47+00:00,131,0.0,0.0,,,
2026-05-26T15:00:48+00:00,134,0.0,0.0,,,
2026-05-26T15:00:49+00:00,138,0.0,0.0,,,
2026-05-26T15:00:50+00:00,139,0.0,0.0,,,
2026-05-26T15:00:53+00:00,138,0.0,0.0,,,
2026-05-26T15:00:54+00:00,139,0.0,0.0,,,
2026-05-26T15:00:58+00:00,138,0.0,0.0,,,
2026-05-26T15:00:59+00:00,139,0.0,0.0,,,
2026-05-26T15:01:04+00:00,138,0.0,0.0,,,
2026-05-26T15:01:09+00:00,139,0.0,0.0,,,
2026-05-26T15:01:15+00:00,139,0.0,0.0,,,
2026-05-26T15:01:17+00:00,142,0.0,0.0,,,
2026-05-26T15:01:18+00:00,145,0.0,0.0,,,
2026-05-26T15:01:19+00:00,145,0.0,0.0,,,
2026-05-26T15:01:20+00:00,146,0.0,0.0,,,
2026-05-26T15:01:23+00:00,147,0.0,0.0,,,
2026-05-26T15:01:24+00:00,146,0.0,0.0,,,
2026-05-26T15:01:28+00:00,145,0.0,0.0,,,
2026-05-26T15:01:30+00:00,144,0.0,0.0,,,
2026-05-26T15:01:34+00:00,143,0.0,0.0,,,
2026-05-26T15:01:39+00:00,142,0.0,0.0,,,
2026-05-26T15:01:41+00:00,141,0.0,0.0,,,
2026-05-26T15:01:42+00:00,140,0.0,0.0,,,
2026-05-26T15:01:44+00:00,139,0.0,0.0,,,
2026-05-26T15:01:45+00:00,138,0.0,0.0,,,
2026-05-26T15:01:47+00:00,137,0.0,0.0,,,
2026-05-26T15:01:53+00:00,137,0.0,0.0,,,
2026-05-26T15:01:57+00:00,136,0.0,0.0,,,
2026-05-26T15:02:02+00:00,135,0.0,0.0,,,
2026-05-26T15:02:03+00:00,136,0.0,0.0,,,
2026-05-26T15:02:04+00:00,135,0.0,0.0,,,
2026-05-26T15:02:05+00:00,134,0.0,0.0,,,
2026-05-26T15:02:06+00:00,133,0.0,0.0,,,
2026-05-26T15:02:11+00:00,134,0.0,0.0,,,
2026-05-26T15:02:12+00:00,135,0.0,0.0,,,
2026-05-26T15:02:13+00:00,137,0.0,0.0,,,
2026-05-26T15:02:14+00:00,138,0.0,0.0,,,
2026-05-26T15:02:16+00:00,139,0.0,0.0,,,
2026-05-26T15:02:21+00:00,138,0.0,0.0,,,
2026-05-26T15:02:22+00:00,139,0.0,0.0,,,
2026-05-26T15:02:24+00:00,138,0.0,0.0,,,
2026-05-26T15:02:25+00:00,139,0.0,0.0,,,
2026-05-26T15:02:26+00:00,138,0.0,0.0,,,
2026-05-26T15:02:30+00:00,139,0.0,0.0,,,
2026-05-26T15:02:31+00:00,138,0.0,0.0,,,
2026-05-26T15:02:36+00:00,137,0.0,0.0,,,
2026-05-26T15:02:42+00:00,137,0.0,0.0,,,
2026-05-26T15:02:44+00:00,136,0.0,0.0,,,
2026-05-26T15:02:47+00:00,137,0.0,0.0,,,
2026-05-26T15:02:48+00:00,136,0.0,0.0,,,
2026-05-26T15:02:50+00:00,136,0.0,0.0,,,
2026-05-26T15:02:51+00:00,137,0.0,0.0,,,
2026-05-26T15:02:52+00:00,138,0.0,0.0,,,
2026-05-26T15:02:53+00:00,138,0.0,0.0,,,
2026-05-26T15:02:54+00:00,139,0.0,0.0,,,
2026-05-26T15:02:55+00:00,139,0.0,0.0,,,
2026-05-26T15:02:56+00:00,140,0.0,0.0,,,
2026-05-26T15:02:57+00:00,140,0.0,0.0,,,
2026-05-26T15:02:58+00:00,141,0.0,0.0,,,
2026-05-26T15:02:59+00:00,141,0.0,0.0,,,
2026-05-26T15:03:00+00:00,142,0.0,0.0,,,
2026-05-26T15:03:01+00:00,142,0.0,0.0,,,
2026-05-26T15:03:02+00:00,142,0.0,0.0,,,
2026-05-26T15:03:03+00:00,140,0.0,0.0,,,
2026-05-26T15:03:04+00:00,139,0.0,0.0,,,
2026-05-26T15:03:05+00:00,137,0.0,0.0,,,
2026-05-26T15:03:06+00:00,133,0.0,0.0,,,
2026-05-26T15:03:07+00:00,131,0.0,0.0,,,
2026-05-26T15:03:08+00:00,131,0.0,0.0,,,
2026-05-26T15:03:09+00:00,131,0.0,0.0,,,
2026-05-26T15:03:10+00:00,131,0.0,0.0,,,
2026-05-26T15:03:11+00:00,131,0.0,0.0,,,
2026-05-26T15:03:12+00:00,130,0.0,0.0,,,
2026-05-26T15:03:13+00:00,129,0.0,0.0,,,
2026-05-26T15:03:14+00:00,129,0.0,0.0,,,
2026-05-26T15:03:15+00:00,129,0.0,0.0,,,
2026-05-26T15:03:16+00:00,130,0.0,0.0,,,
2026-05-26T15:03:17+00:00,127,0.0,0.0,,,
2026-05-26T15:03:18+00:00,125,0.0,0.0,,,
2026-05-26T15:03:19+00:00,124,0.0,0.0,,,
2026-05-26T15:03:20+00:00,124,0.0,0.0,,,
2026-05-26T15:03:21+00:00,125,0.0,0.0,,,
2026-05-26T15:03:22+00:00,125,0.0,0.0,,,
2026-05-26T15:03:23+00:00,125,0.0,0.0,,,
2026-05-26T15:03:24+00:00,126,0.0,0.0,,,
2026-05-26T15:03:25+00:00,126,0.0,0.0,,,
2026-05-26T15:03:26+00:00,126,0.0,0.0,,,
2026-05-26T15:03:27+00:00,127,0.0,0.0,,,
2026-05-26T15:03:28+00:00,127,0.0,0.0,,,
2026-05-26T15:03:29+00:00,127,0.0,0.0,,,
2026-05-26T15:03:30+00:00,127,0.0,0.0,,,
2026-05-26T15:03:31+00:00,127,0.0,0.0,,,
2026-05-26T15:03:32+00:00,128,0.0,0.0,,,
2026-05-26T15:03:33+00:00,128,0.0,0.0,,,
2026-05-26T15:03:34+00:00,128,0.0,0.0,,,
2026-05-26T15:03:35+00:00,129,0.0,0.0,,,
2026-05-26T15:03:36+00:00,130,0.0,0.0,,,
2026-05-26T15:03:37+00:00,130,0.0,0.0,,,
2026-05-26T15:03:38+00:00,131,0.0,0.0,,,
2026-05-26T15:03:39+00:00,131,0.0,0.0,,,
2026-05-26T15:03:40+00:00,131,0.0,0.0,,,
2026-05-26T15:03:41+00:00,130,0.0,0.0,,,
2026-05-26T15:03:42+00:00,129,0.0,0.0,,,
2026-05-26T15:03:43+00:00,127,0.0,0.0,,,
2026-05-26T15:03:44+00:00,126,0.0,0.0,,,
2026-05-26T15:03:47+00:00,127,0.0,0.0,,,
2026-05-26T15:03:48+00:00,128,0.0,0.0,,,
2026-05-26T15:03:49+00:00,129,0.0,0.0,,,
2026-05-26T15:03:51+00:00,130,0.0,0.0,,,
2026-05-26T15:03:52+00:00,132,0.0,0.0,,,
2026-05-26T15:03:53+00:00,137,0.0,0.0,,,
2026-05-26T15:03:54+00:00,138,0.0,0.0,,,
2026-05-26T15:03:55+00:00,138,0.0,0.0,,,
2026-05-26T15:03:56+00:00,138,0.0,0.0,,,
2026-05-26T15:03:57+00:00,138,0.0,0.0,,,
2026-05-26T15:03:58+00:00,139,0.0,0.0,,,
2026-05-26T15:03:59+00:00,139,0.0,0.0,,,
2026-05-26T15:04:00+00:00,138,0.0,0.0,,,
2026-05-26T15:04:01+00:00,138,0.0,0.0,,,
2026-05-26T15:04:02+00:00,138,0.0,0.0,,,
2026-05-26T15:04:03+00:00,137,0.0,0.0,,,
2026-05-26T15:04:04+00:00,136,0.0,0.0,,,
2026-05-26T15:04:05+00:00,136,0.0,0.0,,,
2026-05-26T15:04:06+00:00,136,0.0,0.0,,,
2026-05-26T15:04:07+00:00,135,0.0,0.0,,,
2026-05-26T15:04:08+00:00,135,0.0,0.0,,,
2026-05-26T15:04:09+00:00,134,0.0,0.0,,,
2026-05-26T15:04:10+00:00,134,0.0,0.0,,,
2026-05-26T15:04:11+00:00,134,0.0,0.0,,,
2026-05-26T15:04:12+00:00,136,0.0,0.0,,,
2026-05-26T15:04:13+00:00,137,0.0,0.0,,,
2026-05-26T15:04:14+00:00,137,0.0,0.0,,,
2026-05-26T15:04:15+00:00,137,0.0,0.0,,,
2026-05-26T15:04:16+00:00,137,0.0,0.0,,,
2026-05-26T15:04:17+00:00,137,0.0,0.0,,,
2026-05-26T15:04:18+00:00,137,0.0,0.0,,,
2026-05-26T15:04:19+00:00,137,0.0,0.0,,,
2026-05-26T15:04:20+00:00,137,0.0,0.0,,,
2026-05-26T15:04:21+00:00,137,0.0,0.0,,,
2026-05-26T15:04:22+00:00,136,0.0,0.0,,,
2026-05-26T15:04:23+00:00,134,0.0,0.0,,,
2026-05-26T15:04:24+00:00,132,0.0,0.0,,,
2026-05-26T15:04:25+00:00,130,0.0,0.0,,,
2026-05-26T15:04:26+00:00,129,0.0,0.0,,,
2026-05-26T15:04:27+00:00,127,0.0,0.0,,,
2026-05-26T15:04:28+00:00,127,0.0,0.0,,,
2026-05-26T15:04:29+00:00,129,0.0,0.0,,,
2026-05-26T15:04:30+00:00,131,0.0,0.0,,,
2026-05-26T15:04:31+00:00,132,0.0,0.0,,,
2026-05-26T15:04:32+00:00,133,0.0,0.0,,,
2026-05-26T15:04:33+00:00,134,0.0,0.0,,,
2026-05-26T15:04:34+00:00,135,0.0,0.0,,,
2026-05-26T15:04:35+00:00,135,0.0,0.0,,,
2026-05-26T15:04:36+00:00,135,0.0,0.0,,,
2026-05-26T15:04:37+00:00,135,0.0,0.0,,,
2026-05-26T15:04:38+00:00,135,0.0,0.0,,,
2026-05-26T15:04:39+00:00,135,0.0,0.0,,,
2026-05-26T15:04:40+00:00,136,0.0,0.0,,,
2026-05-26T15:04:41+00:00,135,0.0,0.0,,,
2026-05-26T15:04:42+00:00,135,0.0,0.0,,,
2026-05-26T15:04:43+00:00,136,0.0,0.0,,,
2026-05-26T15:04:44+00:00,135,0.0,0.0,,,
2026-05-26T15:04:45+00:00,135,0.0,0.0,,,
2026-05-26T15:04:46+00:00,136,0.0,0.0,,,
2026-05-26T15:04:47+00:00,136,0.0,0.0,,,
2026-05-26T15:04:48+00:00,136,0.0,0.0,,,
2026-05-26T15:04:49+00:00,136,0.0,0.0,,,
2026-05-26T15:04:50+00:00,136,0.0,0.0,,,
2026-05-26T15:04:51+00:00,136,0.0,0.0,,,
2026-05-26T15:04:52+00:00,137,0.0,0.0,,,
2026-05-26T15:04:53+00:00,136,0.0,0.0,,,
2026-05-26T15:04:54+00:00,136,0.0,0.0,,,
2026-05-26T15:04:55+00:00,136,0.0,0.0,,,
2026-05-26T15:04:56+00:00,136,0.0,0.0,,,
2026-05-26T15:04:57+00:00,136,0.0,0.0,,,
2026-05-26T15:04:58+00:00,136,0.0,0.0,,,
2026-05-26T15:04:59+00:00,136,0.0,0.0,,,
2026-05-26T15:05:00+00:00,136,0.0,0.0,,,
2026-05-26T15:05:01+00:00,135,0.0,0.0,,,
2026-05-26T15:05:02+00:00,135,0.0,0.0,,,
2026-05-26T15:05:03+00:00,134,0.0,0.0,,,
2026-05-26T15:05:04+00:00,133,0.0,0.0,,,
2026-05-26T15:05:05+00:00,128,0.0,0.0,,,
2026-05-26T15:05:06+00:00,121,0.0,0.0,,,
2026-05-26T15:05:07+00:00,117,0.0,0.0,,,
2026-05-26T15:05:08+00:00,118,0.0,0.0,,,
2026-05-26T15:05:09+00:00,116,0.0,0.0,,,
2026-05-26T15:05:10+00:00,121,0.0,0.0,,,
2026-05-26T15:05:11+00:00,121,0.0,0.0,,,
2026-05-26T15:05:12+00:00,118,0.0,0.0,,,
2026-05-26T15:05:13+00:00,117,0.0,0.0,,,
2026-05-26T15:05:14+00:00,117,0.0,0.0,,,
2026-05-26T15:05:15+00:00,117,0.0,0.0,,,
2026-05-26T15:05:16+00:00,116,0.0,0.0,,,
2026-05-26T15:05:17+00:00,116,0.0,0.0,,,
2026-05-26T15:05:18+00:00,116,0.0,0.0,,,
2026-05-26T15:05:19+00:00,116,0.0,0.0,,,
2026-05-26T15:05:20+00:00,116,0.0,0.0,,,
2026-05-26T15:05:21+00:00,117,0.0,0.0,,,
2026-05-26T15:05:22+00:00,117,0.0,0.0,,,
2026-05-26T15:05:23+00:00,119,0.0,0.0,,,
2026-05-26T15:05:24+00:00,119,0.0,0.0,,,
2026-05-26T15:05:25+00:00,120,0.0,0.0,,,
2026-05-26T15:05:26+00:00,121,0.0,0.0,,,
2026-05-26T15:05:27+00:00,122,0.0,0.0,,,
2026-05-26T15:05:28+00:00,123,0.0,0.0,,,
2026-05-26T15:05:29+00:00,123,0.0,0.0,,,
2026-05-26T15:05:30+00:00,124,0.0,0.0,,,
2026-05-26T15:05:31+00:00,124,0.0,0.0,,,
2026-05-26T15:05:32+00:00,125,0.0,0.0,,,
2026-05-26T15:05:33+00:00,125,0.0,0.0,,,
2026-05-26T15:05:34+00:00,125,0.0,0.0,,,
2026-05-26T15:05:35+00:00,125,0.0,0.0,,,
2026-05-26T15:05:36+00:00,125,0.0,0.0,,,
2026-05-26T15:05:37+00:00,125,0.0,0.0,,,
2026-05-26T15:05:38+00:00,125,0.0,0.0,,,
2026-05-26T15:05:39+00:00,124,0.0,0.0,,,
2026-05-26T15:05:40+00:00,124,0.0,0.0,,,
2026-05-26T15:05:41+00:00,125,0.0,0.0,,,
2026-05-26T15:05:42+00:00,127,0.0,0.0,,,
2026-05-26T15:05:43+00:00,133,0.0,0.0,,,
2026-05-26T15:05:44+00:00,140,0.0,0.0,,,
2026-05-26T15:05:45+00:00,150,0.0,0.0,,,
2026-05-26T15:05:46+00:00,167,0.0,0.0,,,
2026-05-26T15:05:47+00:00,169,0.0,0.0,,,
2026-05-26T15:05:51+00:00,168,0.0,0.0,,,
2026-05-26T15:05:52+00:00,167,0.0,0.0,,,
2026-05-26T15:05:54+00:00,166,0.0,0.0,,,
2026-05-26T15:05:56+00:00,165,0.0,0.0,,,
2026-05-26T15:05:57+00:00,163,0.0,0.0,,,
2026-05-26T15:05:58+00:00,154,0.0,0.0,,,
2026-05-26T15:05:59+00:00,152,0.0,0.0,,,
2026-05-26T15:06:00+00:00,151,0.0,0.0,,,
2026-05-26T15:06:02+00:00,150,0.0,0.0,,,
2026-05-26T15:06:05+00:00,149,0.0,0.0,,,
2026-05-26T15:06:07+00:00,148,0.0,0.0,,,
2026-05-26T15:06:10+00:00,147,0.0,0.0,,,
2026-05-26T15:06:12+00:00,146,0.0,0.0,,,
2026-05-26T15:06:13+00:00,145,0.0,0.0,,,
2026-05-26T15:06:15+00:00,144,0.0,0.0,,,
2026-05-26T15:06:17+00:00,143,0.0,0.0,,,
2026-05-26T15:06:22+00:00,145,0.0,0.0,,,
2026-05-26T15:06:25+00:00,144,0.0,0.0,,,
2026-05-26T15:06:28+00:00,141,0.0,0.0,,,
2026-05-26T15:06:29+00:00,140,0.0,0.0,,,
2026-05-26T15:06:30+00:00,135,0.0,0.0,,,
2026-05-26T15:06:31+00:00,131,0.0,0.0,,,
2026-05-26T15:06:32+00:00,127,0.0,0.0,,,
2026-05-26T15:06:33+00:00,127,0.0,0.0,,,
2026-05-26T15:06:37+00:00,126,0.0,0.0,,,
2026-05-26T15:06:40+00:00,125,0.0,0.0,,,
2026-05-26T15:06:46+00:00,124,0.0,0.0,,,
2026-05-26T15:06:52+00:00,124,0.0,0.0,,,
2026-05-26T15:06:54+00:00,125,0.0,0.0,,,
2026-05-26T15:06:55+00:00,124,0.0,0.0,,,
2026-05-26T15:06:57+00:00,123,0.0,0.0,,,
2026-05-26T15:06:59+00:00,122,0.0,0.0,,,
2026-05-26T15:07:00+00:00,121,0.0,0.0,,,
2026-05-26T15:07:02+00:00,122,0.0,0.0,,,
2026-05-26T15:07:03+00:00,121,0.0,0.0,,,
2026-05-26T15:07:07+00:00,120,0.0,0.0,,,
2026-05-26T15:07:09+00:00,121,0.0,0.0,,,
2026-05-26T15:07:13+00:00,120,0.0,0.0,,,
2026-05-26T15:07:16+00:00,119,0.0,0.0,,,
2026-05-26T15:07:19+00:00,120,0.0,0.0,,,
2026-05-26T15:07:20+00:00,119,0.0,0.0,,,
2026-05-26T15:07:22+00:00,120,0.0,0.0,,,
2026-05-26T15:07:24+00:00,119,0.0,0.0,,,
2026-05-26T15:07:26+00:00,118,0.0,0.0,,,
2026-05-26T15:07:27+00:00,117,0.0,0.0,,,
2026-05-26T15:07:28+00:00,116,0.0,0.0,,,
2026-05-26T15:07:30+00:00,115,0.0,0.0,,,
2026-05-26T15:07:32+00:00,116,0.0,0.0,,,
2026-05-26T15:07:33+00:00,117,0.0,0.0,,,
2026-05-26T15:07:39+00:00,117,0.0,0.0,,,
2026-05-26T15:07:40+00:00,116,0.0,0.0,,,
2026-05-26T15:07:42+00:00,115,0.0,0.0,,,
2026-05-26T15:07:44+00:00,114,0.0,0.0,,,
2026-05-26T15:07:45+00:00,113,0.0,0.0,,,
2026-05-26T15:07:51+00:00,113,0.0,0.0,,,
2026-05-26T15:07:53+00:00,112,0.0,0.0,,,
2026-05-26T15:07:56+00:00,109,0.0,0.0,,,
2026-05-26T15:07:57+00:00,108,0.0,0.0,,,
2026-05-26T15:07:59+00:00,107,0.0,0.0,,,
2026-05-26T15:08:04+00:00,106,0.0,0.0,,,
2026-05-26T15:08:09+00:00,105,0.0,0.0,,,
2026-05-26T15:08:10+00:00,106,0.0,0.0,,,
2026-05-26T15:08:11+00:00,107,0.0,0.0,,,
2026-05-26T15:08:12+00:00,108,0.0,0.0,,,
2026-05-26T15:08:13+00:00,110,0.0,0.0,,,
2026-05-26T15:08:14+00:00,112,0.0,0.0,,,
2026-05-26T15:08:15+00:00,111,0.0,0.0,,,
2026-05-26T15:08:20+00:00,110,0.0,0.0,,,
2026-05-26T15:08:22+00:00,109,0.0,0.0,,,
2026-05-26T15:08:23+00:00,108,0.0,0.0,,,
2026-05-26T15:08:24+00:00,107,0.0,0.0,,,
2026-05-26T15:08:26+00:00,106,0.0,0.0,,,
2026-05-26T15:08:28+00:00,105,0.0,0.0,,,
2026-05-26T15:08:31+00:00,104,0.0,0.0,,,
2026-05-26T15:08:34+00:00,105,0.0,0.0,,,
2026-05-26T15:08:35+00:00,106,0.0,0.0,,,
2026-05-26T15:08:36+00:00,111,0.0,0.0,,,
2026-05-26T15:08:37+00:00,116,0.0,0.0,,,
2026-05-26T15:08:38+00:00,119,0.0,0.0,,,
2026-05-26T15:08:39+00:00,119,0.0,0.0,,,
2026-05-26T15:08:44+00:00,118,0.0,0.0,,,
2026-05-26T15:08:48+00:00,117,0.0,0.0,,,
2026-05-26T15:08:51+00:00,118,0.0,0.0,,,
2026-05-26T15:08:53+00:00,117,0.0,0.0,,,
2026-05-26T15:08:59+00:00,117,0.0,0.0,,,
2026-05-26T15:09:03+00:00,116,0.0,0.0,,,
2026-05-26T15:09:09+00:00,116,0.0,0.0,,,
2026-05-26T15:09:10+00:00,116,0.0,0.0,,,
2026-05-26T15:09:11+00:00,116,0.0,0.0,,,
2026-05-26T15:09:12+00:00,114,0.0,0.0,,,
2026-05-26T15:09:13+00:00,114,0.0,0.0,,,
2026-05-26T15:09:14+00:00,115,0.0,0.0,,,
2026-05-26T15:09:15+00:00,115,0.0,0.0,,,
2026-05-26T15:09:16+00:00,115,0.0,0.0,,,
2026-05-26T15:09:17+00:00,115,0.0,0.0,,,
2026-05-26T15:09:18+00:00,113,0.0,0.0,,,
2026-05-26T15:09:19+00:00,114,0.0,0.0,,,
2026-05-26T15:09:20+00:00,114,0.0,0.0,,,
2026-05-26T15:09:21+00:00,114,0.0,0.0,,,
2026-05-26T15:09:22+00:00,113,0.0,0.0,,,
2026-05-26T15:09:23+00:00,113,0.0,0.0,,,
2026-05-26T15:09:24+00:00,112,0.0,0.0,,,
2026-05-26T15:09:25+00:00,112,0.0,0.0,,,
2026-05-26T15:09:26+00:00,112,0.0,0.0,,,
2026-05-26T15:09:27+00:00,113,0.0,0.0,,,
2026-05-26T15:09:28+00:00,113,0.0,0.0,,,
2026-05-26T15:09:29+00:00,113,0.0,0.0,,,
2026-05-26T15:09:30+00:00,113,0.0,0.0,,,
2026-05-26T15:09:31+00:00,114,0.0,0.0,,,
2026-05-26T15:09:32+00:00,113,0.0,0.0,,,
2026-05-26T15:09:33+00:00,113,0.0,0.0,,,
2026-05-26T15:09:34+00:00,113,0.0,0.0,,,
2026-05-26T15:09:35+00:00,113,0.0,0.0,,,
2026-05-26T15:09:36+00:00,113,0.0,0.0,,,
2026-05-26T15:09:37+00:00,114,0.0,0.0,,,
2026-05-26T15:09:38+00:00,115,0.0,0.0,,,
2026-05-26T15:09:39+00:00,116,0.0,0.0,,,
2026-05-26T15:09:42+00:00,117,0.0,0.0,,,
2026-05-26T15:09:48+00:00,116,0.0,0.0,,,
2026-05-26T15:09:54+00:00,115,0.0,0.0,,,
2026-05-26T15:09:56+00:00,114,0.0,0.0,,,
2026-05-26T15:09:59+00:00,113,0.0,0.0,,,
2026-05-26T15:10:00+00:00,113,0.0,0.0,,,
2026-05-26T15:10:01+00:00,113,0.0,0.0,,,
2026-05-26T15:10:02+00:00,113,0.0,0.0,,,
2026-05-26T15:10:03+00:00,113,0.0,0.0,,,
2026-05-26T15:10:04+00:00,112,0.0,0.0,,,
2026-05-26T15:10:05+00:00,111,0.0,0.0,,,
2026-05-26T15:10:06+00:00,110,0.0,0.0,,,
2026-05-26T15:10:07+00:00,109,0.0,0.0,,,
2026-05-26T15:10:08+00:00,108,0.0,0.0,,,
2026-05-26T15:10:09+00:00,108,0.0,0.0,,,
2026-05-26T15:10:10+00:00,107,0.0,0.0,,,
2026-05-26T15:10:11+00:00,107,0.0,0.0,,,
2026-05-26T15:10:12+00:00,107,0.0,0.0,,,
2026-05-26T15:10:13+00:00,106,0.0,0.0,,,
2026-05-26T15:10:14+00:00,106,0.0,0.0,,,
2026-05-26T15:10:15+00:00,107,0.0,0.0,,,
2026-05-26T15:10:16+00:00,107,0.0,0.0,,,
2026-05-26T15:10:17+00:00,107,0.0,0.0,,,
2026-05-26T15:10:18+00:00,106,0.0,0.0,,,
2026-05-26T15:10:19+00:00,106,0.0,0.0,,,
2026-05-26T15:10:20+00:00,105,0.0,0.0,,,
2026-05-26T15:10:21+00:00,102,0.0,0.0,,,
2026-05-26T15:10:22+00:00,100,0.0,0.0,,,
2026-05-26T15:10:23+00:00,99,0.0,0.0,,,
2026-05-26T15:10:24+00:00,98,0.0,0.0,,,
2026-05-26T15:10:25+00:00,98,0.0,0.0,,,
2026-05-26T15:10:26+00:00,99,0.0,0.0,,,
2026-05-26T15:10:27+00:00,99,0.0,0.0,,,
2026-05-26T15:10:28+00:00,100,0.0,0.0,,,
2026-05-26T15:10:29+00:00,100,0.0,0.0,,,
2026-05-26T15:10:30+00:00,101,0.0,0.0,,,
2026-05-26T15:10:31+00:00,101,0.0,0.0,,,
2026-05-26T15:10:32+00:00,101,0.0,0.0,,,
2026-05-26T15:10:33+00:00,101,0.0,0.0,,,
2026-05-26T15:10:34+00:00,101,0.0,0.0,,,
2026-05-26T15:10:35+00:00,101,0.0,0.0,,,
2026-05-26T15:10:36+00:00,101,0.0,0.0,,,
2026-05-26T15:10:37+00:00,101,0.0,0.0,,,
2026-05-26T15:10:38+00:00,101,0.0,0.0,,,
2026-05-26T15:10:40+00:00,102,0.0,0.0,,,
2026-05-26T15:10:42+00:00,103,0.0,0.0,,,
2026-05-26T15:10:44+00:00,104,0.0,0.0,,,
2026-05-26T15:10:45+00:00,105,0.0,0.0,,,
2026-05-26T15:10:46+00:00,106,0.0,0.0,,,
2026-05-26T15:10:50+00:00,105,0.0,0.0,,,
2026-05-26T15:10:51+00:00,105,0.0,0.0,,,
2026-05-26T15:10:52+00:00,106,0.0,0.0,,,
2026-05-26T15:10:53+00:00,106,0.0,0.0,,,
2026-05-26T15:10:54+00:00,107,0.0,0.0,,,
2026-05-26T15:10:55+00:00,107,0.0,0.0,,,
2026-05-26T15:10:56+00:00,108,0.0,0.0,,,
2026-05-26T15:10:57+00:00,108,0.0,0.0,,,
2026-05-26T15:10:58+00:00,108,0.0,0.0,,,
2026-05-26T15:10:59+00:00,106,0.0,0.0,,,
2026-05-26T15:11:00+00:00,106,0.0,0.0,,,
2026-05-26T15:11:01+00:00,106,0.0,0.0,,,
2026-05-26T15:11:02+00:00,105,0.0,0.0,,,
2026-05-26T15:11:03+00:00,105,0.0,0.0,,,
2026-05-26T15:11:04+00:00,105,0.0,0.0,,,
2026-05-26T15:11:05+00:00,107,0.0,0.0,,,
2026-05-26T15:11:06+00:00,108,0.0,0.0,,,
2026-05-26T15:11:07+00:00,111,0.0,0.0,,,
2026-05-26T15:11:08+00:00,112,0.0,0.0,,,
2026-05-26T15:11:09+00:00,113,0.0,0.0,,,
2026-05-26T15:11:10+00:00,113,0.0,0.0,,,
2026-05-26T15:11:11+00:00,114,0.0,0.0,,,
2026-05-26T15:11:12+00:00,114,0.0,0.0,,,
2026-05-26T15:11:13+00:00,114,0.0,0.0,,,
2026-05-26T15:11:14+00:00,113,0.0,0.0,,,
2026-05-26T15:11:17+00:00,112,0.0,0.0,,,
2026-05-26T15:11:22+00:00,111,0.0,0.0,,,
2026-05-26T15:11:23+00:00,112,0.0,0.0,,,
2026-05-26T15:11:26+00:00,113,0.0,0.0,,,
2026-05-26T15:11:31+00:00,114,0.0,0.0,,,
2026-05-26T15:11:32+00:00,115,0.0,0.0,,,
2026-05-26T15:11:35+00:00,114,0.0,0.0,,,
2026-05-26T15:11:39+00:00,113,0.0,0.0,,,
2026-05-26T15:11:40+00:00,114,0.0,0.0,,,
2026-05-26T15:11:43+00:00,113,0.0,0.0,,,
2026-05-26T15:11:48+00:00,117,0.0,0.0,,,
2026-05-26T15:11:49+00:00,139,0.0,0.0,,,
2026-05-26T15:11:50+00:00,143,0.0,0.0,,,
2026-05-26T15:11:51+00:00,154,0.0,0.0,,,
2026-05-26T15:11:52+00:00,154,0.0,0.0,,,
2026-05-26T15:11:54+00:00,153,0.0,0.0,,,
2026-05-26T15:11:55+00:00,152,0.0,0.0,,,
2026-05-26T15:11:57+00:00,151,0.0,0.0,,,
2026-05-26T15:11:59+00:00,150,0.0,0.0,,,
2026-05-26T15:12:02+00:00,149,0.0,0.0,,,
2026-05-26T15:12:03+00:00,148,0.0,0.0,,,
2026-05-26T15:12:05+00:00,145,0.0,0.0,,,
2026-05-26T15:12:06+00:00,139,0.0,0.0,,,
2026-05-26T15:12:07+00:00,137,0.0,0.0,,,
2026-05-26T15:12:09+00:00,138,0.0,0.0,,,
2026-05-26T15:12:11+00:00,139,0.0,0.0,,,
2026-05-26T15:12:13+00:00,138,0.0,0.0,,,
2026-05-26T15:12:17+00:00,136,0.0,0.0,,,
2026-05-26T15:12:21+00:00,137,0.0,0.0,,,
2026-05-26T15:12:22+00:00,136,0.0,0.0,,,
2026-05-26T15:12:24+00:00,137,0.0,0.0,,,
2026-05-26T15:12:25+00:00,136,0.0,0.0,,,
2026-05-26T15:12:31+00:00,136,0.0,0.0,,,
2026-05-26T15:12:32+00:00,135,0.0,0.0,,,
2026-05-26T15:12:36+00:00,134,0.0,0.0,,,
2026-05-26T15:12:37+00:00,133,0.0,0.0,,,
2026-05-26T15:12:38+00:00,132,0.0,0.0,,,
2026-05-26T15:12:40+00:00,131,0.0,0.0,,,
2026-05-26T15:12:41+00:00,130,0.0,0.0,,,
2026-05-26T15:12:42+00:00,128,0.0,0.0,,,
2026-05-26T15:12:43+00:00,125,0.0,0.0,,,
2026-05-26T15:12:44+00:00,125,0.0,0.0,,,
2026-05-26T15:12:45+00:00,124,0.0,0.0,,,
2026-05-26T15:12:51+00:00,124,0.0,0.0,,,
2026-05-26T15:12:52+00:00,125,0.0,0.0,,,
2026-05-26T15:12:53+00:00,124,0.0,0.0,,,
2026-05-26T15:12:54+00:00,125,0.0,0.0,,,
2026-05-26T15:12:58+00:00,124,0.0,0.0,,,
2026-05-26T15:13:00+00:00,123,0.0,0.0,,,
2026-05-26T15:13:01+00:00,122,0.0,0.0,,,
2026-05-26T15:13:02+00:00,121,0.0,0.0,,,
2026-05-26T15:13:05+00:00,120,0.0,0.0,,,
2026-05-26T15:13:07+00:00,119,0.0,0.0,,,
2026-05-26T15:13:11+00:00,118,0.0,0.0,,,
2026-05-26T15:13:17+00:00,118,0.0,0.0,,,
2026-05-26T15:13:18+00:00,119,0.0,0.0,,,
2026-05-26T15:13:21+00:00,118,0.0,0.0,,,
2026-05-26T15:13:23+00:00,117,0.0,0.0,,,
2026-05-26T15:13:24+00:00,116,0.0,0.0,,,
2026-05-26T15:13:25+00:00,114,0.0,0.0,,,
2026-05-26T15:13:29+00:00,113,0.0,0.0,,,
2026-05-26T15:13:30+00:00,115,0.0,0.0,,,
2026-05-26T15:13:32+00:00,116,0.0,0.0,,,
2026-05-26T15:13:36+00:00,115,0.0,0.0,,,
2026-05-26T15:13:41+00:00,116,0.0,0.0,,,
2026-05-26T15:13:47+00:00,118,0.0,0.0,,,
2026-05-26T15:13:49+00:00,117,0.0,0.0,,,
2026-05-26T15:13:51+00:00,116,0.0,0.0,,,
2026-05-26T15:13:52+00:00,115,0.0,0.0,,,
2026-05-26T15:13:56+00:00,113,0.0,0.0,,,
2026-05-26T15:13:59+00:00,115,0.0,0.0,,,
2026-05-26T15:14:00+00:00,116,0.0,0.0,,,
2026-05-26T15:14:01+00:00,117,0.0,0.0,,,
2026-05-26T15:14:02+00:00,118,0.0,0.0,,,
2026-05-26T15:14:07+00:00,117,0.0,0.0,,,
2026-05-26T15:14:10+00:00,116,0.0,0.0,,,
2026-05-26T15:14:13+00:00,117,0.0,0.0,,,
2026-05-26T15:14:18+00:00,117,0.0,0.0,,,
2026-05-26T15:14:19+00:00,116,0.0,0.0,,,
2026-05-26T15:14:20+00:00,117,0.0,0.0,,,
2026-05-26T15:14:21+00:00,118,0.0,0.0,,,
2026-05-26T15:14:22+00:00,118,0.0,0.0,,,
2026-05-26T15:14:23+00:00,118,0.0,0.0,,,
2026-05-26T15:14:24+00:00,118,0.0,0.0,,,
2026-05-26T15:14:25+00:00,118,0.0,0.0,,,
2026-05-26T15:14:26+00:00,118,0.0,0.0,,,
2026-05-26T15:14:27+00:00,118,0.0,0.0,,,
2026-05-26T15:14:28+00:00,117,0.0,0.0,,,
2026-05-26T15:14:29+00:00,117,0.0,0.0,,,
2026-05-26T15:14:30+00:00,117,0.0,0.0,,,
2026-05-26T15:14:31+00:00,117,0.0,0.0,,,
2026-05-26T15:14:32+00:00,116,0.0,0.0,,,
2026-05-26T15:14:33+00:00,115,0.0,0.0,,,
2026-05-26T15:14:34+00:00,115,0.0,0.0,,,
2026-05-26T15:14:35+00:00,116,0.0,0.0,,,
2026-05-26T15:14:36+00:00,116,0.0,0.0,,,
2026-05-26T15:14:37+00:00,116,0.0,0.0,,,
2026-05-26T15:14:38+00:00,117,0.0,0.0,,,
2026-05-26T15:14:39+00:00,117,0.0,0.0,,,
2026-05-26T15:14:40+00:00,116,0.0,0.0,,,
2026-05-26T15:14:41+00:00,115,0.0,0.0,,,
2026-05-26T15:14:42+00:00,115,0.0,0.0,,,
2026-05-26T15:14:43+00:00,115,0.0,0.0,,,
2026-05-26T15:14:44+00:00,115,0.0,0.0,,,
2026-05-26T15:14:45+00:00,115,0.0,0.0,,,
2026-05-26T15:14:46+00:00,114,0.0,0.0,,,
2026-05-26T15:14:47+00:00,115,0.0,0.0,,,
2026-05-26T15:14:48+00:00,114,0.0,0.0,,,
2026-05-26T15:14:49+00:00,114,0.0,0.0,,,
2026-05-26T15:14:50+00:00,114,0.0,0.0,,,
2026-05-26T15:14:51+00:00,114,0.0,0.0,,,
2026-05-26T15:14:52+00:00,113,0.0,0.0,,,
2026-05-26T15:14:53+00:00,113,0.0,0.0,,,
2026-05-26T15:14:54+00:00,113,0.0,0.0,,,
2026-05-26T15:14:55+00:00,113,0.0,0.0,,,
2026-05-26T15:14:56+00:00,113,0.0,0.0,,,
2026-05-26T15:14:57+00:00,114,0.0,0.0,,,
2026-05-26T15:14:58+00:00,114,0.0,0.0,,,
2026-05-26T15:14:59+00:00,114,0.0,0.0,,,
2026-05-26T15:15:00+00:00,114,0.0,0.0,,,
2026-05-26T15:15:01+00:00,114,0.0,0.0,,,
2026-05-26T15:15:02+00:00,115,0.0,0.0,,,
2026-05-26T15:15:06+00:00,114,0.0,0.0,,,
2026-05-26T15:15:07+00:00,115,0.0,0.0,,,
2026-05-26T15:15:08+00:00,114,0.0,0.0,,,
2026-05-26T15:15:11+00:00,115,0.0,0.0,,,
2026-05-26T15:15:12+00:00,114,0.0,0.0,,,
2026-05-26T15:15:13+00:00,115,0.0,0.0,,,
2026-05-26T15:15:19+00:00,115,0.0,0.0,,,
2026-05-26T15:15:21+00:00,116,0.0,0.0,,,
2026-05-26T15:15:22+00:00,119,0.0,0.0,,,
2026-05-26T15:15:23+00:00,121,0.0,0.0,,,
2026-05-26T15:15:24+00:00,124,0.0,0.0,,,
2026-05-26T15:15:25+00:00,132,0.0,0.0,,,
2026-05-26T15:15:26+00:00,145,0.0,0.0,,,
2026-05-26T15:15:27+00:00,151,0.0,0.0,,,
2026-05-26T15:15:28+00:00,152,0.0,0.0,,,
2026-05-26T15:15:31+00:00,151,0.0,0.0,,,
2026-05-26T15:15:35+00:00,150,0.0,0.0,,,
2026-05-26T15:15:38+00:00,149,0.0,0.0,,,
2026-05-26T15:15:41+00:00,148,0.0,0.0,,,
2026-05-26T15:15:45+00:00,149,0.0,0.0,,,
2026-05-26T15:15:49+00:00,148,0.0,0.0,,,
2026-05-26T15:15:50+00:00,149,0.0,0.0,,,
2026-05-26T15:15:51+00:00,148,0.0,0.0,,,
2026-05-26T15:15:52+00:00,142,0.0,0.0,,,
2026-05-26T15:15:53+00:00,132,0.0,0.0,,,
2026-05-26T15:15:54+00:00,130,0.0,0.0,,,
2026-05-26T15:15:55+00:00,129,0.0,0.0,,,
2026-05-26T15:15:59+00:00,128,0.0,0.0,,,
2026-05-26T15:16:04+00:00,129,0.0,0.0,,,
2026-05-26T15:16:06+00:00,127,0.0,0.0,,,
2026-05-26T15:16:07+00:00,125,0.0,0.0,,,
2026-05-26T15:16:08+00:00,124,0.0,0.0,,,
2026-05-26T15:16:09+00:00,121,0.0,0.0,,,
2026-05-26T15:16:10+00:00,119,0.0,0.0,,,
2026-05-26T15:16:11+00:00,117,0.0,0.0,,,
2026-05-26T15:16:13+00:00,116,0.0,0.0,,,
2026-05-26T15:16:14+00:00,115,0.0,0.0,,,
2026-05-26T15:16:17+00:00,116,0.0,0.0,,,
2026-05-26T15:16:19+00:00,117,0.0,0.0,,,
2026-05-26T15:16:20+00:00,118,0.0,0.0,,,
2026-05-26T15:16:26+00:00,118,0.0,0.0,,,
2026-05-26T15:16:29+00:00,120,0.0,0.0,,,
2026-05-26T15:16:30+00:00,123,0.0,0.0,,,
2026-05-26T15:16:31+00:00,123,0.0,0.0,,,
2026-05-26T15:16:36+00:00,121,0.0,0.0,,,
2026-05-26T15:16:38+00:00,120,0.0,0.0,,,
2026-05-26T15:16:39+00:00,119,0.0,0.0,,,
2026-05-26T15:16:44+00:00,120,0.0,0.0,,,
2026-05-26T15:16:46+00:00,119,0.0,0.0,,,
2026-05-26T15:16:47+00:00,118,0.0,0.0,,,
2026-05-26T15:16:48+00:00,117,0.0,0.0,,,
2026-05-26T15:16:50+00:00,116,0.0,0.0,,,
2026-05-26T15:16:52+00:00,115,0.0,0.0,,,
2026-05-26T15:16:55+00:00,116,0.0,0.0,,,
2026-05-26T15:16:58+00:00,117,0.0,0.0,,,
2026-05-26T15:17:02+00:00,118,0.0,0.0,,,
2026-05-26T15:17:05+00:00,117,0.0,0.0,,,
2026-05-26T15:17:06+00:00,118,0.0,0.0,,,
2026-05-26T15:17:12+00:00,118,0.0,0.0,,,
2026-05-26T15:17:16+00:00,119,0.0,0.0,,,
2026-05-26T15:17:17+00:00,120,0.0,0.0,,,
2026-05-26T15:17:19+00:00,119,0.0,0.0,,,
2026-05-26T15:17:23+00:00,118,0.0,0.0,,,
2026-05-26T15:17:24+00:00,116,0.0,0.0,,,
2026-05-26T15:17:25+00:00,115,0.0,0.0,,,
2026-05-26T15:17:26+00:00,113,0.0,0.0,,,
2026-05-26T15:17:27+00:00,112,0.0,0.0,,,
2026-05-26T15:17:28+00:00,111,0.0,0.0,,,
2026-05-26T15:17:30+00:00,112,0.0,0.0,,,
2026-05-26T15:17:31+00:00,113,0.0,0.0,,,
2026-05-26T15:17:32+00:00,114,0.0,0.0,,,
2026-05-26T15:17:35+00:00,115,0.0,0.0,,,
2026-05-26T15:17:36+00:00,118,0.0,0.0,,,
2026-05-26T15:17:37+00:00,120,0.0,0.0,,,
2026-05-26T15:17:38+00:00,122,0.0,0.0,,,
2026-05-26T15:17:39+00:00,123,0.0,0.0,,,
2026-05-26T15:17:40+00:00,124,0.0,0.0,,,
2026-05-26T15:17:43+00:00,123,0.0,0.0,,,
2026-05-26T15:17:44+00:00,124,0.0,0.0,,,
2026-05-26T15:17:46+00:00,123,0.0,0.0,,,
2026-05-26T15:17:49+00:00,124,0.0,0.0,,,
2026-05-26T15:17:50+00:00,125,0.0,0.0,,,
2026-05-26T15:17:51+00:00,128,0.0,0.0,,,
2026-05-26T15:17:54+00:00,129,0.0,0.0,,,
2026-05-26T15:17:55+00:00,130,0.0,0.0,,,
2026-05-26T15:18:01+00:00,130,0.0,0.0,,,
2026-05-26T15:18:03+00:00,129,0.0,0.0,,,
2026-05-26T15:18:09+00:00,128,0.0,0.0,,,
2026-05-26T15:18:11+00:00,126,0.0,0.0,,,
2026-05-26T15:18:12+00:00,125,0.0,0.0,,,
2026-05-26T15:18:14+00:00,124,0.0,0.0,,,
2026-05-26T15:18:19+00:00,123,0.0,0.0,,,
2026-05-26T15:18:20+00:00,124,0.0,0.0,,,
2026-05-26T15:18:26+00:00,123,0.0,0.0,,,
2026-05-26T15:18:27+00:00,122,0.0,0.0,,,
2026-05-26T15:18:30+00:00,123,0.0,0.0,,,
2026-05-26T15:18:36+00:00,123,0.0,0.0,,,
2026-05-26T15:18:38+00:00,124,0.0,0.0,,,
2026-05-26T15:18:39+00:00,123,0.0,0.0,,,
2026-05-26T15:18:45+00:00,123,0.0,0.0,,,
2026-05-26T15:18:47+00:00,123,0.0,0.0,,,
2026-05-26T15:18:48+00:00,124,0.0,0.0,,,
2026-05-26T15:18:49+00:00,124,0.0,0.0,,,
2026-05-26T15:18:50+00:00,125,0.0,0.0,,,
2026-05-26T15:18:51+00:00,125,0.0,0.0,,,
2026-05-26T15:18:52+00:00,125,0.0,0.0,,,
2026-05-26T15:18:53+00:00,126,0.0,0.0,,,
2026-05-26T15:18:54+00:00,126,0.0,0.0,,,
2026-05-26T15:18:55+00:00,126,0.0,0.0,,,
2026-05-26T15:18:56+00:00,125,0.0,0.0,,,
2026-05-26T15:18:57+00:00,125,0.0,0.0,,,
2026-05-26T15:18:58+00:00,126,0.0,0.0,,,
2026-05-26T15:18:59+00:00,126,0.0,0.0,,,
2026-05-26T15:19:00+00:00,126,0.0,0.0,,,
2026-05-26T15:19:01+00:00,127,0.0,0.0,,,
2026-05-26T15:19:02+00:00,127,0.0,0.0,,,
2026-05-26T15:19:03+00:00,127,0.0,0.0,,,
2026-05-26T15:19:04+00:00,128,0.0,0.0,,,
2026-05-26T15:19:05+00:00,128,0.0,0.0,,,
2026-05-26T15:19:06+00:00,128,0.0,0.0,,,
2026-05-26T15:19:07+00:00,129,0.0,0.0,,,
2026-05-26T15:19:08+00:00,129,0.0,0.0,,,
2026-05-26T15:19:09+00:00,130,0.0,0.0,,,
2026-05-26T15:19:10+00:00,130,0.0,0.0,,,
2026-05-26T15:19:11+00:00,130,0.0,0.0,,,
2026-05-26T15:19:12+00:00,131,0.0,0.0,,,
2026-05-26T15:19:13+00:00,130,0.0,0.0,,,
2026-05-26T15:19:14+00:00,129,0.0,0.0,,,
2026-05-26T15:19:15+00:00,129,0.0,0.0,,,
2026-05-26T15:19:16+00:00,126,0.0,0.0,,,
2026-05-26T15:19:17+00:00,123,0.0,0.0,,,
2026-05-26T15:19:18+00:00,121,0.0,0.0,,,
2026-05-26T15:19:19+00:00,120,0.0,0.0,,,
2026-05-26T15:19:20+00:00,119,0.0,0.0,,,
2026-05-26T15:19:21+00:00,119,0.0,0.0,,,
2026-05-26T15:19:22+00:00,120,0.0,0.0,,,
2026-05-26T15:19:23+00:00,120,0.0,0.0,,,
2026-05-26T15:19:24+00:00,120,0.0,0.0,,,
2026-05-26T15:19:25+00:00,121,0.0,0.0,,,
2026-05-26T15:19:26+00:00,121,0.0,0.0,,,
2026-05-26T15:19:27+00:00,121,0.0,0.0,,,
2026-05-26T15:19:28+00:00,121,0.0,0.0,,,
2026-05-26T15:19:29+00:00,123,0.0,0.0,,,
2026-05-26T15:19:30+00:00,123,0.0,0.0,,,
2026-05-26T15:19:31+00:00,124,0.0,0.0,,,
2026-05-26T15:19:32+00:00,123,0.0,0.0,,,
2026-05-26T15:19:33+00:00,123,0.0,0.0,,,
2026-05-26T15:19:34+00:00,123,0.0,0.0,,,
2026-05-26T15:19:35+00:00,122,0.0,0.0,,,
2026-05-26T15:19:36+00:00,121,0.0,0.0,,,
2026-05-26T15:19:37+00:00,121,0.0,0.0,,,
2026-05-26T15:19:38+00:00,122,0.0,0.0,,,
2026-05-26T15:19:39+00:00,122,0.0,0.0,,,
2026-05-26T15:19:40+00:00,122,0.0,0.0,,,
2026-05-26T15:19:41+00:00,123,0.0,0.0,,,
2026-05-26T15:19:42+00:00,123,0.0,0.0,,,
2026-05-26T15:19:43+00:00,123,0.0,0.0,,,
2026-05-26T15:19:44+00:00,123,0.0,0.0,,,
2026-05-26T15:19:45+00:00,123,0.0,0.0,,,
2026-05-26T15:19:46+00:00,124,0.0,0.0,,,
2026-05-26T15:19:48+00:00,125,0.0,0.0,,,
2026-05-26T15:19:49+00:00,126,0.0,0.0,,,
2026-05-26T15:19:50+00:00,127,0.0,0.0,,,
2026-05-26T15:19:53+00:00,129,0.0,0.0,,,
2026-05-26T15:19:54+00:00,145,0.0,0.0,,,
2026-05-26T15:19:55+00:00,147,0.0,0.0,,,
2026-05-26T15:19:56+00:00,151,0.0,0.0,,,
2026-05-26T15:19:57+00:00,151,0.0,0.0,,,
2026-05-26T15:20:01+00:00,150,0.0,0.0,,,
2026-05-26T15:20:02+00:00,149,0.0,0.0,,,
2026-05-26T15:20:05+00:00,148,0.0,0.0,,,
2026-05-26T15:20:08+00:00,147,0.0,0.0,,,
2026-05-26T15:20:11+00:00,146,0.0,0.0,,,
2026-05-26T15:20:15+00:00,145,0.0,0.0,,,
2026-05-26T15:20:17+00:00,144,0.0,0.0,,,
2026-05-26T15:20:20+00:00,140,0.0,0.0,,,
2026-05-26T15:20:21+00:00,136,0.0,0.0,,,
2026-05-26T15:20:22+00:00,134,0.0,0.0,,,
2026-05-26T15:20:23+00:00,133,0.0,0.0,,,
2026-05-26T15:20:24+00:00,132,0.0,0.0,,,
2026-05-26T15:20:26+00:00,131,0.0,0.0,,,
2026-05-26T15:20:27+00:00,129,0.0,0.0,,,
2026-05-26T15:20:29+00:00,128,0.0,0.0,,,
2026-05-26T15:20:34+00:00,127,0.0,0.0,,,
2026-05-26T15:20:36+00:00,126,0.0,0.0,,,
2026-05-26T15:20:38+00:00,125,0.0,0.0,,,
2026-05-26T15:20:39+00:00,124,0.0,0.0,,,
2026-05-26T15:20:40+00:00,123,0.0,0.0,,,
2026-05-26T15:20:41+00:00,122,0.0,0.0,,,
2026-05-26T15:20:42+00:00,121,0.0,0.0,,,
2026-05-26T15:20:43+00:00,120,0.0,0.0,,,
2026-05-26T15:20:45+00:00,119,0.0,0.0,,,
2026-05-26T15:20:46+00:00,118,0.0,0.0,,,
2026-05-26T15:20:48+00:00,117,0.0,0.0,,,
2026-05-26T15:20:51+00:00,116,0.0,0.0,,,
2026-05-26T15:20:53+00:00,115,0.0,0.0,,,
2026-05-26T15:20:59+00:00,115,0.0,0.0,,,
2026-05-26T15:21:00+00:00,116,0.0,0.0,,,
2026-05-26T15:21:01+00:00,115,0.0,0.0,,,
2026-05-26T15:21:03+00:00,116,0.0,0.0,,,
2026-05-26T15:21:07+00:00,115,0.0,0.0,,,
2026-05-26T15:21:08+00:00,114,0.0,0.0,,,
2026-05-26T15:21:09+00:00,113,0.0,0.0,,,
2026-05-26T15:21:12+00:00,112,0.0,0.0,,,
2026-05-26T15:21:13+00:00,110,0.0,0.0,,,
2026-05-26T15:21:14+00:00,109,0.0,0.0,,,
2026-05-26T15:21:16+00:00,110,0.0,0.0,,,
2026-05-26T15:21:17+00:00,106,0.0,0.0,,,
2026-05-26T15:21:18+00:00,104,0.0,0.0,,,
2026-05-26T15:21:19+00:00,105,0.0,0.0,,,
2026-05-26T15:21:20+00:00,108,0.0,0.0,,,
2026-05-26T15:21:21+00:00,105,0.0,0.0,,,
2026-05-26T15:21:22+00:00,101,0.0,0.0,,,
2026-05-26T15:21:23+00:00,101,0.0,0.0,,,
2026-05-26T15:21:24+00:00,100,0.0,0.0,,,
2026-05-26T15:21:28+00:00,101,0.0,0.0,,,
2026-05-26T15:21:29+00:00,102,0.0,0.0,,,
2026-05-26T15:21:33+00:00,101,0.0,0.0,,,
2026-05-26T15:21:34+00:00,102,0.0,0.0,,,
2026-05-26T15:21:35+00:00,101,0.0,0.0,,,
2026-05-26T15:21:36+00:00,102,0.0,0.0,,,
2026-05-26T15:21:42+00:00,102,0.0,0.0,,,
2026-05-26T15:21:43+00:00,103,0.0,0.0,,,
2026-05-26T15:21:44+00:00,102,0.0,0.0,,,
2026-05-26T15:21:49+00:00,103,0.0,0.0,,,
2026-05-26T15:21:51+00:00,104,0.0,0.0,,,
2026-05-26T15:21:52+00:00,108,0.0,0.0,,,
2026-05-26T15:21:53+00:00,109,0.0,0.0,,,
2026-05-26T15:21:54+00:00,107,0.0,0.0,,,
2026-05-26T15:21:57+00:00,108,0.0,0.0,,,
2026-05-26T15:21:58+00:00,107,0.0,0.0,,,
2026-05-26T15:22:00+00:00,106,0.0,0.0,,,
2026-05-26T15:22:03+00:00,105,0.0,0.0,,,
2026-05-26T15:22:09+00:00,104,0.0,0.0,,,
2026-05-26T15:22:13+00:00,103,0.0,0.0,,,
2026-05-26T15:22:17+00:00,104,0.0,0.0,,,
2026-05-26T15:22:19+00:00,105,0.0,0.0,,,
2026-05-26T15:22:20+00:00,106,0.0,0.0,,,
2026-05-26T15:22:26+00:00,105,0.0,0.0,,,
2026-05-26T15:22:27+00:00,103,0.0,0.0,,,
2026-05-26T15:22:28+00:00,102,0.0,0.0,,,
2026-05-26T15:22:29+00:00,101,0.0,0.0,,,
2026-05-26T15:22:31+00:00,100,0.0,0.0,,,
2026-05-26T15:22:33+00:00,99,0.0,0.0,,,
2026-05-26T15:22:35+00:00,98,0.0,0.0,,,
2026-05-26T15:22:40+00:00,97,0.0,0.0,,,
2026-05-26T15:22:42+00:00,98,0.0,0.0,,,
2026-05-26T15:22:43+00:00,99,0.0,0.0,,,
2026-05-26T15:22:44+00:00,101,0.0,0.0,,,
2026-05-26T15:22:46+00:00,102,0.0,0.0,,,
2026-05-26T15:22:47+00:00,101,0.0,0.0,,,
2026-05-26T15:22:48+00:00,100,0.0,0.0,,,
2026-05-26T15:22:52+00:00,99,0.0,0.0,,,
2026-05-26T15:22:53+00:00,100,0.0,0.0,,,
2026-05-26T15:22:55+00:00,99,0.0,0.0,,,
2026-05-26T15:22:56+00:00,100,0.0,0.0,,,
2026-05-26T15:22:58+00:00,99,0.0,0.0,,,
2026-05-26T15:22:59+00:00,100,0.0,0.0,,,
2026-05-26T15:23:03+00:00,99,0.0,0.0,,,
2026-05-26T15:23:04+00:00,100,0.0,0.0,,,
2026-05-26T15:23:07+00:00,99,0.0,0.0,,,
2026-05-26T15:23:08+00:00,100,0.0,0.0,,,
2026-05-26T15:23:10+00:00,99,0.0,0.0,,,
2026-05-26T15:23:11+00:00,100,0.0,0.0,,,
2026-05-26T15:23:16+00:00,101,0.0,0.0,,,
2026-05-26T15:23:17+00:00,100,0.0,0.0,,,
2026-05-26T15:23:19+00:00,101,0.0,0.0,,,
2026-05-26T15:23:22+00:00,100,0.0,0.0,,,
2026-05-26T15:23:23+00:00,101,0.0,0.0,,,
2026-05-26T15:23:27+00:00,100,0.0,0.0,,,
2026-05-26T15:23:28+00:00,101,0.0,0.0,,,
2026-05-26T15:23:30+00:00,100,0.0,0.0,,,
2026-05-26T15:23:31+00:00,101,0.0,0.0,,,
2026-05-26T15:23:33+00:00,100,0.0,0.0,,,
2026-05-26T15:23:38+00:00,101,0.0,0.0,,,
2026-05-26T15:23:39+00:00,100,0.0,0.0,,,
2026-05-26T15:23:44+00:00,99,0.0,0.0,,,
2026-05-26T15:23:45+00:00,100,0.0,0.0,,,
2026-05-26T15:23:47+00:00,101,0.0,0.0,,,
2026-05-26T15:23:53+00:00,101,0.0,0.0,,,
2026-05-26T15:23:55+00:00,100,0.0,0.0,,,
2026-05-26T15:23:59+00:00,99,0.0,0.0,,,
2026-05-26T15:24:01+00:00,98,0.0,0.0,,,
2026-05-26T15:24:04+00:00,97,0.0,0.0,,,
2026-05-26T15:24:08+00:00,96,0.0,0.0,,,
2026-05-26T15:24:09+00:00,97,0.0,0.0,,,
2026-05-26T15:24:10+00:00,96,0.0,0.0,,,
2026-05-26T15:24:11+00:00,97,0.0,0.0,,,
2026-05-26T15:24:13+00:00,99,0.0,0.0,,,
2026-05-26T15:24:15+00:00,100,0.0,0.0,,,
2026-05-26T15:24:18+00:00,99,0.0,0.0,,,
2026-05-26T15:24:22+00:00,98,0.0,0.0,,,
2026-05-26T15:24:23+00:00,99,0.0,0.0,,,
2026-05-26T15:24:29+00:00,99,0.0,0.0,,,
2026-05-26T15:24:30+00:00,100,0.0,0.0,,,
2026-05-26T15:24:36+00:00,100,0.0,0.0,,,
2026-05-26T15:24:38+00:00,99,0.0,0.0,,,
2026-05-26T15:24:41+00:00,98,0.0,0.0,,,
2026-05-26T15:24:45+00:00,97,0.0,0.0,,,
2026-05-26T15:24:47+00:00,96,0.0,0.0,,,
2026-05-26T15:24:50+00:00,97,0.0,0.0,,,
2026-05-26T15:24:54+00:00,98,0.0,0.0,,,
2026-05-26T15:24:57+00:00,99,0.0,0.0,,,
2026-05-26T15:25:02+00:00,98,0.0,0.0,,,
2026-05-26T15:25:04+00:00,97,0.0,0.0,,,
2026-05-26T15:25:10+00:00,97,0.0,0.0,,,
2026-05-26T15:25:12+00:00,96,0.0,0.0,,,
2026-05-26T15:25:17+00:00,95,0.0,0.0,,,
2026-05-26T15:25:18+00:00,96,0.0,0.0,,,
2026-05-26T15:25:23+00:00,95,0.0,0.0,,,
2026-05-26T15:25:25+00:00,94,0.0,0.0,,,
2026-05-26T15:25:28+00:00,95,0.0,0.0,,,
2026-05-26T15:25:29+00:00,94,0.0,0.0,,,
2026-05-26T15:25:31+00:00,95,0.0,0.0,,,
2026-05-26T15:25:32+00:00,96,0.0,0.0,,,
2026-05-26T15:25:36+00:00,95,0.0,0.0,,,
2026-05-26T15:25:38+00:00,96,0.0,0.0,,,
2026-05-26T15:25:44+00:00,96,0.0,0.0,,,
2026-05-26T15:25:45+00:00,97,0.0,0.0,,,
2026-05-26T15:25:51+00:00,97,0.0,0.0,,,
2026-05-26T15:25:53+00:00,96,0.0,0.0,,,
2026-05-26T15:25:59+00:00,96,0.0,0.0,,,
2026-05-26T15:26:05+00:00,96,0.0,0.0,,,
2026-05-26T15:26:09+00:00,97,0.0,0.0,,,
2026-05-26T15:26:12+00:00,98,0.0,0.0,,,
2026-05-26T15:26:13+00:00,97,0.0,0.0,,,
2026-05-26T15:26:14+00:00,98,0.0,0.0,,,
2026-05-26T15:26:16+00:00,97,0.0,0.0,,,
2026-05-26T15:26:22+00:00,97,0.0,0.0,,,
2026-05-26T15:26:27+00:00,98,0.0,0.0,,,
2026-05-26T15:26:28+00:00,97,0.0,0.0,,,
2026-05-26T15:26:34+00:00,97,0.0,0.0,,,
2026-05-26T15:26:40+00:00,96,0.0,0.0,,,
2026-05-26T15:26:41+00:00,97,0.0,0.0,,,
2026-05-26T15:26:44+00:00,98,0.0,0.0,,,
2026-05-26T15:26:47+00:00,97,0.0,0.0,,,
2026-05-26T15:26:52+00:00,98,0.0,0.0,,,
2026-05-26T15:26:57+00:00,97,0.0,0.0,,,
2026-05-26T15:27:01+00:00,96,0.0,0.0,,,
2026-05-26T15:27:02+00:00,97,0.0,0.0,,,
2026-05-26T15:27:03+00:00,96,0.0,0.0,,,
2026-05-26T15:27:05+00:00,95,0.0,0.0,,,
2026-05-26T15:27:06+00:00,94,0.0,0.0,,,
2026-05-26T15:27:12+00:00,94,0.0,0.0,,,
2026-05-26T15:27:18+00:00,94,0.0,0.0,,,
2026-05-26T15:27:19+00:00,94,0.0,0.0,,,
2026-05-26T15:27:20+00:00,93,0.0,0.0,,,
2026-05-26T15:27:21+00:00,93,0.0,0.0,,,
2026-05-26T15:27:22+00:00,94,0.0,0.0,,,
2026-05-26T15:27:23+00:00,95,0.0,0.0,,,
2026-05-26T15:27:24+00:00,96,0.0,0.0,,,
2026-05-26T15:27:25+00:00,96,0.0,0.0,,,
2026-05-26T15:27:26+00:00,96,0.0,0.0,,,
2026-05-26T15:27:27+00:00,96,0.0,0.0,,,
2026-05-26T15:27:28+00:00,96,0.0,0.0,,,
2026-05-26T15:27:29+00:00,97,0.0,0.0,,,
2026-05-26T15:27:30+00:00,98,0.0,0.0,,,
2026-05-26T15:27:31+00:00,99,0.0,0.0,,,
2026-05-26T15:27:32+00:00,99,0.0,0.0,,,
2026-05-26T15:27:33+00:00,99,0.0,0.0,,,
2026-05-26T15:27:34+00:00,98,0.0,0.0,,,
2026-05-26T15:27:35+00:00,98,0.0,0.0,,,
2026-05-26T15:27:36+00:00,97,0.0,0.0,,,
2026-05-26T15:27:37+00:00,97,0.0,0.0,,,
2026-05-26T15:27:38+00:00,97,0.0,0.0,,,
2026-05-26T15:27:39+00:00,97,0.0,0.0,,,
2026-05-26T15:27:40+00:00,96,0.0,0.0,,,
2026-05-26T15:27:41+00:00,96,0.0,0.0,,,
2026-05-26T15:27:42+00:00,96,0.0,0.0,,,
2026-05-26T15:27:43+00:00,95,0.0,0.0,,,
2026-05-26T15:27:44+00:00,95,0.0,0.0,,,
2026-05-26T15:27:45+00:00,95,0.0,0.0,,,
2026-05-26T15:27:46+00:00,94,0.0,0.0,,,
2026-05-26T15:27:47+00:00,94,0.0,0.0,,,
2026-05-26T15:27:48+00:00,93,0.0,0.0,,,
2026-05-26T15:27:49+00:00,93,0.0,0.0,,,
2026-05-26T15:27:50+00:00,92,0.0,0.0,,,
2026-05-26T15:27:51+00:00,92,0.0,0.0,,,
2026-05-26T15:27:52+00:00,92,0.0,0.0,,,
2026-05-26T15:27:53+00:00,91,0.0,0.0,,,
2026-05-26T15:27:54+00:00,90,0.0,0.0,,,
2026-05-26T15:27:55+00:00,89,0.0,0.0,,,
2026-05-26T15:27:56+00:00,89,0.0,0.0,,,
2026-05-26T15:27:57+00:00,88,0.0,0.0,,,
2026-05-26T15:27:58+00:00,87,0.0,0.0,,,
2026-05-26T15:27:59+00:00,87,0.0,0.0,,,
2026-05-26T15:28:00+00:00,88,0.0,0.0,,,
2026-05-26T15:28:01+00:00,89,0.0,0.0,,,
2026-05-26T15:28:02+00:00,91,0.0,0.0,,,
2026-05-26T15:28:03+00:00,92,0.0,0.0,,,
2026-05-26T15:28:04+00:00,93,0.0,0.0,,,
2026-05-26T15:28:05+00:00,94,0.0,0.0,,,
2026-05-26T15:28:06+00:00,95,0.0,0.0,,,
2026-05-26T15:28:07+00:00,96,0.0,0.0,,,
2026-05-26T15:28:08+00:00,96,0.0,0.0,,,
2026-05-26T15:28:09+00:00,97,0.0,0.0,,,
2026-05-26T15:28:10+00:00,98,0.0,0.0,,,
2026-05-26T15:28:11+00:00,98,0.0,0.0,,,
2026-05-26T15:28:12+00:00,98,0.0,0.0,,,
2026-05-26T15:28:13+00:00,98,0.0,0.0,,,
2026-05-26T15:28:14+00:00,98,0.0,0.0,,,
2026-05-26T15:28:15+00:00,99,0.0,0.0,,,
2026-05-26T15:28:16+00:00,100,0.0,0.0,,,
2026-05-26T15:28:17+00:00,101,0.0,0.0,,,
2026-05-26T15:28:18+00:00,101,0.0,0.0,,,
2026-05-26T15:28:19+00:00,102,0.0,0.0,,,
2026-05-26T15:28:20+00:00,103,0.0,0.0,,,
2026-05-26T15:28:21+00:00,103,0.0,0.0,,,
2026-05-26T15:28:22+00:00,103,0.0,0.0,,,
2026-05-26T15:28:23+00:00,104,0.0,0.0,,,
2026-05-26T15:28:26+00:00,105,0.0,0.0,,,
2026-05-26T15:28:27+00:00,104,0.0,0.0,,,
2026-05-26T15:28:29+00:00,105,0.0,0.0,,,
2026-05-26T15:28:35+00:00,106,0.0,0.0,,,
2026-05-26T15:28:36+00:00,107,0.0,0.0,,,
2026-05-26T15:28:37+00:00,109,0.0,0.0,,,
2026-05-26T15:28:43+00:00,109,0.0,0.0,,,
2026-05-26T15:28:48+00:00,110,0.0,0.0,,,
2026-05-26T15:28:52+00:00,111,0.0,0.0,,,
2026-05-26T15:28:53+00:00,124,0.0,0.0,,,
2026-05-26T15:28:54+00:00,137,0.0,0.0,,,
2026-05-26T15:28:55+00:00,138,0.0,0.0,,,
2026-05-26T15:28:56+00:00,139,0.0,0.0,,,
2026-05-26T15:28:58+00:00,138,0.0,0.0,,,
2026-05-26T15:29:00+00:00,137,0.0,0.0,,,
2026-05-26T15:29:02+00:00,136,0.0,0.0,,,
2026-05-26T15:29:04+00:00,135,0.0,0.0,,,
2026-05-26T15:29:06+00:00,136,0.0,0.0,,,
2026-05-26T15:29:07+00:00,137,0.0,0.0,,,
2026-05-26T15:29:09+00:00,138,0.0,0.0,,,
2026-05-26T15:29:10+00:00,139,0.0,0.0,,,
2026-05-26T15:29:11+00:00,138,0.0,0.0,,,
2026-05-26T15:29:15+00:00,139,0.0,0.0,,,
2026-05-26T15:29:17+00:00,140,0.0,0.0,,,
2026-05-26T15:29:18+00:00,139,0.0,0.0,,,
2026-05-26T15:29:21+00:00,136,0.0,0.0,,,
2026-05-26T15:29:22+00:00,132,0.0,0.0,,,
2026-05-26T15:29:23+00:00,130,0.0,0.0,,,
2026-05-26T15:29:24+00:00,128,0.0,0.0,,,
2026-05-26T15:29:25+00:00,126,0.0,0.0,,,
2026-05-26T15:29:27+00:00,125,0.0,0.0,,,
2026-05-26T15:29:28+00:00,124,0.0,0.0,,,
2026-05-26T15:29:31+00:00,125,0.0,0.0,,,
2026-05-26T15:29:37+00:00,125,0.0,0.0,,,
2026-05-26T15:29:38+00:00,124,0.0,0.0,,,
2026-05-26T15:29:39+00:00,123,0.0,0.0,,,
2026-05-26T15:29:41+00:00,119,0.0,0.0,,,
2026-05-26T15:29:42+00:00,116,0.0,0.0,,,
2026-05-26T15:29:43+00:00,116,0.0,0.0,,,
2026-05-26T15:29:45+00:00,115,0.0,0.0,,,
2026-05-26T15:29:48+00:00,114,0.0,0.0,,,
2026-05-26T15:29:54+00:00,114,0.0,0.0,,,
2026-05-26T15:29:56+00:00,113,0.0,0.0,,,
2026-05-26T15:29:58+00:00,112,0.0,0.0,,,
2026-05-26T15:30:04+00:00,112,0.0,0.0,,,
2026-05-26T15:30:07+00:00,111,0.0,0.0,,,
2026-05-26T15:30:12+00:00,110,0.0,0.0,,,
2026-05-26T15:30:16+00:00,111,0.0,0.0,,,
2026-05-26T15:30:18+00:00,112,0.0,0.0,,,
2026-05-26T15:30:19+00:00,113,0.0,0.0,,,
2026-05-26T15:30:23+00:00,114,0.0,0.0,,,
2026-05-26T15:30:25+00:00,115,0.0,0.0,,,
2026-05-26T15:30:26+00:00,116,0.0,0.0,,,
2026-05-26T15:30:32+00:00,116,0.0,0.0,,,
2026-05-26T15:30:37+00:00,115,0.0,0.0,,,
2026-05-26T15:30:38+00:00,116,0.0,0.0,,,
2026-05-26T15:30:41+00:00,115,0.0,0.0,,,
2026-05-26T15:30:45+00:00,116,0.0,0.0,,,
2026-05-26T15:30:46+00:00,115,0.0,0.0,,,
2026-05-26T15:30:50+00:00,114,0.0,0.0,,,
2026-05-26T15:30:51+00:00,113,0.0,0.0,,,
2026-05-26T15:30:52+00:00,112,0.0,0.0,,,
2026-05-26T15:30:53+00:00,113,0.0,0.0,,,
2026-05-26T15:30:54+00:00,114,0.0,0.0,,,
2026-05-26T15:30:55+00:00,114,0.0,0.0,,,
2026-05-26T15:30:56+00:00,115,0.0,0.0,,,
2026-05-26T15:30:57+00:00,116,0.0,0.0,,,
2026-05-26T15:30:58+00:00,117,0.0,0.0,,,
2026-05-26T15:30:59+00:00,118,0.0,0.0,,,
2026-05-26T15:31:00+00:00,119,0.0,0.0,,,
2026-05-26T15:31:01+00:00,118,0.0,0.0,,,
2026-05-26T15:31:02+00:00,119,0.0,0.0,,,
2026-05-26T15:31:03+00:00,118,0.0,0.0,,,
2026-05-26T15:31:04+00:00,115,0.0,0.0,,,
2026-05-26T15:31:05+00:00,115,0.0,0.0,,,
2026-05-26T15:31:06+00:00,116,0.0,0.0,,,
2026-05-26T15:31:07+00:00,117,0.0,0.0,,,
2026-05-26T15:31:08+00:00,116,0.0,0.0,,,
2026-05-26T15:31:09+00:00,117,0.0,0.0,,,
2026-05-26T15:31:10+00:00,117,0.0,0.0,,,
2026-05-26T15:31:11+00:00,118,0.0,0.0,,,
2026-05-26T15:31:12+00:00,118,0.0,0.0,,,
2026-05-26T15:31:13+00:00,119,0.0,0.0,,,
2026-05-26T15:31:14+00:00,119,0.0,0.0,,,
2026-05-26T15:31:15+00:00,120,0.0,0.0,,,
2026-05-26T15:31:16+00:00,120,0.0,0.0,,,
2026-05-26T15:31:17+00:00,120,0.0,0.0,,,
2026-05-26T15:31:18+00:00,121,0.0,0.0,,,
2026-05-26T15:31:19+00:00,121,0.0,0.0,,,
2026-05-26T15:31:20+00:00,121,0.0,0.0,,,
2026-05-26T15:31:21+00:00,121,0.0,0.0,,,
2026-05-26T15:31:22+00:00,121,0.0,0.0,,,
2026-05-26T15:31:23+00:00,121,0.0,0.0,,,
2026-05-26T15:31:24+00:00,122,0.0,0.0,,,
2026-05-26T15:31:25+00:00,121,0.0,0.0,,,
2026-05-26T15:31:26+00:00,122,0.0,0.0,,,
2026-05-26T15:31:27+00:00,122,0.0,0.0,,,
2026-05-26T15:31:28+00:00,122,0.0,0.0,,,
2026-05-26T15:31:29+00:00,122,0.0,0.0,,,
2026-05-26T15:31:30+00:00,122,0.0,0.0,,,
2026-05-26T15:31:31+00:00,122,0.0,0.0,,,
2026-05-26T15:31:32+00:00,122,0.0,0.0,,,
2026-05-26T15:31:34+00:00,123,0.0,0.0,,,
2026-05-26T15:31:40+00:00,122,0.0,0.0,,,
2026-05-26T15:31:41+00:00,123,0.0,0.0,,,
2026-05-26T15:31:42+00:00,124,0.0,0.0,,,
2026-05-26T15:31:44+00:00,123,0.0,0.0,,,
2026-05-26T15:31:46+00:00,124,0.0,0.0,,,
2026-05-26T15:31:50+00:00,123,0.0,0.0,,,
2026-05-26T15:31:51+00:00,122,0.0,0.0,,,
2026-05-26T15:31:54+00:00,125,0.0,0.0,,,
2026-05-26T15:31:55+00:00,126,0.0,0.0,,,
2026-05-26T15:31:56+00:00,128,0.0,0.0,,,
2026-05-26T15:31:57+00:00,131,0.0,0.0,,,
2026-05-26T15:31:58+00:00,132,0.0,0.0,,,
2026-05-26T15:31:59+00:00,133,0.0,0.0,,,
2026-05-26T15:32:04+00:00,132,0.0,0.0,,,
2026-05-26T15:32:08+00:00,131,0.0,0.0,,,
2026-05-26T15:32:11+00:00,130,0.0,0.0,,,
2026-05-26T15:32:14+00:00,129,0.0,0.0,,,
2026-05-26T15:32:15+00:00,130,0.0,0.0,,,
2026-05-26T15:32:20+00:00,129,0.0,0.0,,,
2026-05-26T15:32:21+00:00,127,0.0,0.0,,,
2026-05-26T15:32:23+00:00,126,0.0,0.0,,,
2026-05-26T15:32:24+00:00,124,0.0,0.0,,,
2026-05-26T15:32:25+00:00,123,0.0,0.0,,,
2026-05-26T15:32:26+00:00,121,0.0,0.0,,,
2026-05-26T15:32:27+00:00,119,0.0,0.0,,,
2026-05-26T15:32:28+00:00,116,0.0,0.0,,,
2026-05-26T15:32:29+00:00,114,0.0,0.0,,,
2026-05-26T15:32:30+00:00,113,0.0,0.0,,,
2026-05-26T15:32:33+00:00,112,0.0,0.0,,,
2026-05-26T15:32:35+00:00,111,0.0,0.0,,,
2026-05-26T15:32:38+00:00,110,0.0,0.0,,,
2026-05-26T15:32:42+00:00,111,0.0,0.0,,,
2026-05-26T15:32:43+00:00,110,0.0,0.0,,,
2026-05-26T15:32:45+00:00,109,0.0,0.0,,,
2026-05-26T15:32:47+00:00,108,0.0,0.0,,,
2026-05-26T15:32:49+00:00,107,0.0,0.0,,,
2026-05-26T15:32:51+00:00,106,0.0,0.0,,,
2026-05-26T15:32:53+00:00,107,0.0,0.0,,,
2026-05-26T15:32:54+00:00,108,0.0,0.0,,,
2026-05-26T15:32:57+00:00,107,0.0,0.0,,,
2026-05-26T15:33:01+00:00,108,0.0,0.0,,,
2026-05-26T15:33:07+00:00,108,0.0,0.0,,,
2026-05-26T15:33:13+00:00,107,0.0,0.0,,,
2026-05-26T15:33:14+00:00,108,0.0,0.0,,,
2026-05-26T15:33:16+00:00,107,0.0,0.0,,,
2026-05-26T15:33:22+00:00,108,0.0,0.0,,,
2026-05-26T15:33:25+00:00,107,0.0,0.0,,,
2026-05-26T15:33:27+00:00,105,0.0,0.0,,,
2026-05-26T15:33:28+00:00,104,0.0,0.0,,,
2026-05-26T15:33:29+00:00,103,0.0,0.0,,,
2026-05-26T15:33:30+00:00,102,0.0,0.0,,,
2026-05-26T15:33:32+00:00,101,0.0,0.0,,,
2026-05-26T15:33:34+00:00,102,0.0,0.0,,,
2026-05-26T15:33:37+00:00,101,0.0,0.0,,,
2026-05-26T15:33:43+00:00,101,0.0,0.0,,,
2026-05-26T15:33:48+00:00,100,0.0,0.0,,,
2026-05-26T15:33:49+00:00,99,0.0,0.0,,,
2026-05-26T15:33:52+00:00,100,0.0,0.0,,,
2026-05-26T15:33:54+00:00,101,0.0,0.0,,,
2026-05-26T15:33:55+00:00,100,0.0,0.0,,,
2026-05-26T15:34:01+00:00,100,0.0,0.0,,,
2026-05-26T15:34:07+00:00,101,0.0,0.0,,,
2026-05-26T15:34:09+00:00,102,0.0,0.0,,,
2026-05-26T15:34:12+00:00,103,0.0,0.0,,,
2026-05-26T15:34:13+00:00,105,0.0,0.0,,,
2026-05-26T15:34:15+00:00,106,0.0,0.0,,,
2026-05-26T15:34:17+00:00,105,0.0,0.0,,,
2026-05-26T15:34:18+00:00,103,0.0,0.0,,,
2026-05-26T15:34:19+00:00,102,0.0,0.0,,,
2026-05-26T15:34:20+00:00,100,0.0,0.0,,,
2026-05-26T15:34:21+00:00,99,0.0,0.0,,,
2026-05-26T15:34:22+00:00,98,0.0,0.0,,,
2026-05-26T15:34:24+00:00,97,0.0,0.0,,,
2026-05-26T15:34:29+00:00,96,0.0,0.0,,,
2026-05-26T15:34:31+00:00,97,0.0,0.0,,,
2026-05-26T15:34:37+00:00,96,0.0,0.0,,,
2026-05-26T15:34:38+00:00,95,0.0,0.0,,,
2026-05-26T15:34:41+00:00,96,0.0,0.0,,,
2026-05-26T15:34:46+00:00,97,0.0,0.0,,,
2026-05-26T15:34:47+00:00,96,0.0,0.0,,,
2026-05-26T15:34:53+00:00,96,0.0,0.0,,,
2026-05-26T15:34:54+00:00,95,0.0,0.0,,,
2026-05-26T15:34:59+00:00,96,0.0,0.0,,,
2026-05-26T15:35:02+00:00,97,0.0,0.0,,,
2026-05-26T15:35:08+00:00,98,0.0,0.0,,,
2026-05-26T15:35:09+00:00,97,0.0,0.0,,,
2026-05-26T15:35:10+00:00,98,0.0,0.0,,,
2026-05-26T15:35:11+00:00,97,0.0,0.0,,,
2026-05-26T15:35:17+00:00,96,0.0,0.0,,,
2026-05-26T15:35:23+00:00,96,0.0,0.0,,,
2026-05-26T15:35:25+00:00,98,0.0,0.0,,,
2026-05-26T15:35:26+00:00,103,0.0,0.0,,,
2026-05-26T15:35:27+00:00,106,0.0,0.0,,,
2026-05-26T15:35:28+00:00,107,0.0,0.0,,,
2026-05-26T15:35:30+00:00,108,0.0,0.0,,,
2026-05-26T15:35:36+00:00,108,0.0,0.0,,,
2026-05-26T15:35:37+00:00,107,0.0,0.0,,,
2026-05-26T15:35:38+00:00,108,0.0,0.0,,,
2026-05-26T15:35:39+00:00,107,0.0,0.0,,,
2026-05-26T15:35:45+00:00,107,0.0,0.0,,,
2026-05-26T15:35:48+00:00,106,0.0,0.0,,,
2026-05-26T15:35:49+00:00,105,0.0,0.0,,,
2026-05-26T15:35:50+00:00,104,0.0,0.0,,,
2026-05-26T15:35:52+00:00,103,0.0,0.0,,,
2026-05-26T15:35:55+00:00,102,0.0,0.0,,,
2026-05-26T15:35:59+00:00,101,0.0,0.0,,,
2026-05-26T15:36:02+00:00,100,0.0,0.0,,,
2026-05-26T15:36:08+00:00,100,0.0,0.0,,,
2026-05-26T15:36:09+00:00,99,0.0,0.0,,,
2026-05-26T15:36:12+00:00,100,0.0,0.0,,,
2026-05-26T15:36:13+00:00,99,0.0,0.0,,,
2026-05-26T15:36:14+00:00,100,0.0,0.0,,,
2026-05-26T15:36:16+00:00,99,0.0,0.0,,,
2026-05-26T15:36:22+00:00,99,0.0,0.0,,,
2026-05-26T15:36:27+00:00,98,0.0,0.0,,,
2026-05-26T15:36:29+00:00,99,0.0,0.0,,,
2026-05-26T15:36:31+00:00,98,0.0,0.0,,,
2026-05-26T15:36:36+00:00,100,0.0,0.0,,,
2026-05-26T15:36:40+00:00,99,0.0,0.0,,,
2026-05-26T15:36:41+00:00,97,0.0,0.0,,,
2026-05-26T15:36:43+00:00,98,0.0,0.0,,,
2026-05-26T15:36:44+00:00,99,0.0,0.0,,,
2026-05-26T15:36:47+00:00,100,0.0,0.0,,,
2026-05-26T15:36:50+00:00,101,0.0,0.0,,,
2026-05-26T15:36:54+00:00,102,0.0,0.0,,,
2026-05-26T15:36:55+00:00,101,0.0,0.0,,,
2026-05-26T15:36:57+00:00,100,0.0,0.0,,,
2026-05-26T15:37:01+00:00,101,0.0,0.0,,,
2026-05-26T15:37:02+00:00,100,0.0,0.0,,,
2026-05-26T15:37:03+00:00,101,0.0,0.0,,,
2026-05-26T15:37:07+00:00,100,0.0,0.0,,,
2026-05-26T15:37:08+00:00,99,0.0,0.0,,,
2026-05-26T15:37:10+00:00,98,0.0,0.0,,,
2026-05-26T15:37:11+00:00,97,0.0,0.0,,,
2026-05-26T15:37:14+00:00,98,0.0,0.0,,,
2026-05-26T15:37:15+00:00,97,0.0,0.0,,,
2026-05-26T15:37:17+00:00,96,0.0,0.0,,,
2026-05-26T15:37:23+00:00,96,0.0,0.0,,,
2026-05-26T15:37:29+00:00,96,0.0,0.0,,,
2026-05-26T15:37:33+00:00,97,0.0,0.0,,,
2026-05-26T15:37:35+00:00,98,0.0,0.0,,,
2026-05-26T15:37:37+00:00,99,0.0,0.0,,,
2026-05-26T15:37:40+00:00,98,0.0,0.0,,,
2026-05-26T15:37:41+00:00,99,0.0,0.0,,,
2026-05-26T15:37:43+00:00,98,0.0,0.0,,,
2026-05-26T15:37:44+00:00,99,0.0,0.0,,,
2026-05-26T15:37:46+00:00,100,0.0,0.0,,,
2026-05-26T15:37:49+00:00,101,0.0,0.0,,,
2026-05-26T15:37:50+00:00,100,0.0,0.0,,,
2026-05-26T15:37:55+00:00,99,0.0,0.0,,,
2026-05-26T15:37:56+00:00,101,0.0,0.0,,,
2026-05-26T15:37:57+00:00,102,0.0,0.0,,,
2026-05-26T15:37:58+00:00,103,0.0,0.0,,,
2026-05-26T15:37:59+00:00,104,0.0,0.0,,,
2026-05-26T15:38:00+00:00,105,0.0,0.0,,,
2026-05-26T15:38:02+00:00,104,0.0,0.0,,,
2026-05-26T15:38:04+00:00,103,0.0,0.0,,,
2026-05-26T15:38:05+00:00,102,0.0,0.0,,,
2026-05-26T15:38:07+00:00,101,0.0,0.0,,,
2026-05-26T15:38:10+00:00,100,0.0,0.0,,,
2026-05-26T15:38:12+00:00,99,0.0,0.0,,,
2026-05-26T15:38:14+00:00,98,0.0,0.0,,,
2026-05-26T15:38:17+00:00,99,0.0,0.0,,,
2026-05-26T15:38:21+00:00,98,0.0,0.0,,,
2026-05-26T15:38:24+00:00,99,0.0,0.0,,,
2026-05-26T15:38:30+00:00,99,0.0,0.0,,,
2026-05-26T15:38:33+00:00,100,0.0,0.0,,,
2026-05-26T15:38:39+00:00,101,0.0,0.0,,,
2026-05-26T15:38:40+00:00,100,0.0,0.0,,,
2026-05-26T15:38:42+00:00,101,0.0,0.0,,,
2026-05-26T15:38:43+00:00,100,0.0,0.0,,,
2026-05-26T15:38:45+00:00,101,0.0,0.0,,,
2026-05-26T15:38:48+00:00,102,0.0,0.0,,,
2026-05-26T15:38:52+00:00,103,0.0,0.0,,,
2026-05-26T15:38:58+00:00,103,0.0,0.0,,,
2026-05-26T15:39:02+00:00,102,0.0,0.0,,,
2026-05-26T15:39:03+00:00,103,0.0,0.0,,,
2026-05-26T15:39:07+00:00,102,0.0,0.0,,,
2026-05-26T15:39:11+00:00,103,0.0,0.0,,,
2026-05-26T15:39:12+00:00,102,0.0,0.0,,,
2026-05-26T15:39:14+00:00,103,0.0,0.0,,,
2026-05-26T15:39:15+00:00,104,0.0,0.0,,,
2026-05-26T15:39:17+00:00,105,0.0,0.0,,,
2026-05-26T15:39:18+00:00,104,0.0,0.0,,,
2026-05-26T15:39:20+00:00,103,0.0,0.0,,,
2026-05-26T15:39:21+00:00,102,0.0,0.0,,,
2026-05-26T15:39:22+00:00,101,0.0,0.0,,,
2026-05-26T15:39:26+00:00,100,0.0,0.0,,,
2026-05-26T15:39:27+00:00,99,0.0,0.0,,,
2026-05-26T15:39:31+00:00,98,0.0,0.0,,,
2026-05-26T15:39:34+00:00,97,0.0,0.0,,,
2026-05-26T15:39:36+00:00,95,0.0,0.0,,,
2026-05-26T15:39:37+00:00,94,0.0,0.0,,,
2026-05-26T15:39:40+00:00,95,0.0,0.0,,,
2026-05-26T15:39:41+00:00,96,0.0,0.0,,,
2026-05-26T15:39:43+00:00,97,0.0,0.0,,,
2026-05-26T15:39:45+00:00,98,0.0,0.0,,,
2026-05-26T15:39:46+00:00,99,0.0,0.0,,,
2026-05-26T15:39:47+00:00,100,0.0,0.0,,,
2026-05-26T15:39:48+00:00,99,0.0,0.0,,,
2026-05-26T15:39:54+00:00,99,0.0,0.0,,,
2026-05-26T15:39:57+00:00,100,0.0,0.0,,,
2026-05-26T15:39:58+00:00,102,0.0,0.0,,,
2026-05-26T15:40:02+00:00,103,0.0,0.0,,,
2026-05-26T15:40:03+00:00,102,0.0,0.0,,,
2026-05-26T15:40:08+00:00,103,0.0,0.0,,,
2026-05-26T15:40:13+00:00,102,0.0,0.0,,,
2026-05-26T15:40:14+00:00,103,0.0,0.0,,,
2026-05-26T15:40:15+00:00,102,0.0,0.0,,,
2026-05-26T15:40:16+00:00,100,0.0,0.0,,,
2026-05-26T15:40:17+00:00,98,0.0,0.0,,,
2026-05-26T15:40:18+00:00,97,0.0,0.0,,,
2026-05-26T15:40:22+00:00,96,0.0,0.0,,,
2026-05-26T15:40:24+00:00,97,0.0,0.0,,,
2026-05-26T15:40:27+00:00,96,0.0,0.0,,,
2026-05-26T15:40:28+00:00,97,0.0,0.0,,,
2026-05-26T15:40:30+00:00,96,0.0,0.0,,,
2026-05-26T15:40:33+00:00,97,0.0,0.0,,,
2026-05-26T15:40:34+00:00,96,0.0,0.0,,,
2026-05-26T15:40:38+00:00,97,0.0,0.0,,,
2026-05-26T15:40:39+00:00,96,0.0,0.0,,,
2026-05-26T15:40:40+00:00,97,0.0,0.0,,,
2026-05-26T15:40:46+00:00,95,0.0,0.0,,,
2026-05-26T15:40:47+00:00,93,0.0,0.0,,,
2026-05-26T15:40:48+00:00,92,0.0,0.0,,,
2026-05-26T15:40:49+00:00,91,0.0,0.0,,,
2026-05-26T15:40:51+00:00,90,0.0,0.0,,,
2026-05-26T15:40:52+00:00,89,0.0,0.0,,,
2026-05-26T15:40:55+00:00,88,0.0,0.0,,,
2026-05-26T15:40:59+00:00,90,0.0,0.0,,,
2026-05-26T15:41:00+00:00,92,0.0,0.0,,,
2026-05-26T15:41:01+00:00,94,0.0,0.0,,,
2026-05-26T15:41:02+00:00,95,0.0,0.0,,,
2026-05-26T15:41:05+00:00,96,0.0,0.0,,,
2026-05-26T15:41:08+00:00,97,0.0,0.0,,,
2026-05-26T15:41:13+00:00,98,0.0,0.0,,,
2026-05-26T15:41:14+00:00,97,0.0,0.0,,,
2026-05-26T15:41:16+00:00,98,0.0,0.0,,,
2026-05-26T15:41:19+00:00,97,0.0,0.0,,,
2026-05-26T15:41:25+00:00,97,0.0,0.0,,,
2026-05-26T15:41:26+00:00,96,0.0,0.0,,,
2026-05-26T15:41:30+00:00,97,0.0,0.0,,,
2026-05-26T15:41:31+00:00,96,0.0,0.0,,,
2026-05-26T15:41:33+00:00,97,0.0,0.0,,,
2026-05-26T15:41:34+00:00,96,0.0,0.0,,,
2026-05-26T15:41:40+00:00,96,0.0,0.0,,,
2026-05-26T15:41:44+00:00,95,0.0,0.0,,,
2026-05-26T15:41:46+00:00,96,0.0,0.0,,,
2026-05-26T15:41:49+00:00,97,0.0,0.0,,,
2026-05-26T15:41:50+00:00,98,0.0,0.0,,,
2026-05-26T15:41:52+00:00,99,0.0,0.0,,,
2026-05-26T15:41:53+00:00,100,0.0,0.0,,,
2026-05-26T15:41:57+00:00,101,0.0,0.0,,,
2026-05-26T15:42:00+00:00,102,0.0,0.0,,,
2026-05-26T15:42:04+00:00,103,0.0,0.0,,,
2026-05-26T15:42:05+00:00,102,0.0,0.0,,,
2026-05-26T15:42:09+00:00,102,0.0,0.0,,,
2026-05-26T15:42:10+00:00,103,0.0,0.0,,,
2026-05-26T15:42:11+00:00,105,0.0,0.0,,,
2026-05-26T15:42:12+00:00,105,0.0,0.0,,,
2026-05-26T15:42:13+00:00,105,0.0,0.0,,,
2026-05-26T15:42:14+00:00,106,0.0,0.0,,,
2026-05-26T15:42:15+00:00,107,0.0,0.0,,,
2026-05-26T15:42:16+00:00,110,0.0,0.0,,,
2026-05-26T15:42:17+00:00,114,0.0,0.0,,,
2026-05-26T15:42:18+00:00,117,0.0,0.0,,,
2026-05-26T15:42:19+00:00,116,0.0,0.0,,,
2026-05-26T15:42:20+00:00,115,0.0,0.0,,,
2026-05-26T15:42:21+00:00,115,0.0,0.0,,,
2026-05-26T15:42:22+00:00,116,0.0,0.0,,,
2026-05-26T15:42:23+00:00,116,0.0,0.0,,,
2026-05-26T15:42:24+00:00,112,0.0,0.0,,,
2026-05-26T15:42:25+00:00,108,0.0,0.0,,,
2026-05-26T15:42:26+00:00,107,0.0,0.0,,,
2026-05-26T15:42:27+00:00,107,0.0,0.0,,,
2026-05-26T15:42:28+00:00,106,0.0,0.0,,,
2026-05-26T15:42:29+00:00,105,0.0,0.0,,,
2026-05-26T15:42:30+00:00,103,0.0,0.0,,,
2026-05-26T15:42:31+00:00,103,0.0,0.0,,,
2026-05-26T15:42:32+00:00,104,0.0,0.0,,,
2026-05-26T15:42:33+00:00,104,0.0,0.0,,,
2026-05-26T15:42:34+00:00,104,0.0,0.0,,,
2026-05-26T15:42:35+00:00,105,0.0,0.0,,,
2026-05-26T15:42:36+00:00,105,0.0,0.0,,,
2026-05-26T15:42:37+00:00,105,0.0,0.0,,,
2026-05-26T15:42:38+00:00,106,0.0,0.0,,,
2026-05-26T15:42:39+00:00,106,0.0,0.0,,,
2026-05-26T15:42:40+00:00,106,0.0,0.0,,,
2026-05-26T15:42:41+00:00,107,0.0,0.0,,,
2026-05-26T15:42:42+00:00,106,0.0,0.0,,,
2026-05-26T15:42:43+00:00,105,0.0,0.0,,,
2026-05-26T15:42:44+00:00,105,0.0,0.0,,,
2026-05-26T15:42:45+00:00,105,0.0,0.0,,,
2026-05-26T15:42:46+00:00,106,0.0,0.0,,,
2026-05-26T15:42:47+00:00,106,0.0,0.0,,,
2026-05-26T15:42:48+00:00,106,0.0,0.0,,,
2026-05-26T15:42:49+00:00,106,0.0,0.0,,,
2026-05-26T15:42:50+00:00,105,0.0,0.0,,,
2026-05-26T15:42:51+00:00,104,0.0,0.0,,,
2026-05-26T15:42:52+00:00,103,0.0,0.0,,,
2026-05-26T15:42:53+00:00,101,0.0,0.0,,,
2026-05-26T15:42:54+00:00,101,0.0,0.0,,,
2026-05-26T15:42:55+00:00,100,0.0,0.0,,,
2026-05-26T15:42:56+00:00,100,0.0,0.0,,,
2026-05-26T15:42:57+00:00,99,0.0,0.0,,,
2026-05-26T15:42:58+00:00,99,0.0,0.0,,,
2026-05-26T15:42:59+00:00,98,0.0,0.0,,,
2026-05-26T15:43:00+00:00,98,0.0,0.0,,,
2026-05-26T15:43:01+00:00,98,0.0,0.0,,,
2026-05-26T15:43:02+00:00,98,0.0,0.0,,,
2026-05-26T15:43:03+00:00,98,0.0,0.0,,,
2026-05-26T15:43:04+00:00,97,0.0,0.0,,,
2026-05-26T15:43:05+00:00,97,0.0,0.0,,,
2026-05-26T15:43:06+00:00,97,0.0,0.0,,,
2026-05-26T15:43:07+00:00,97,0.0,0.0,,,
2026-05-26T15:43:08+00:00,94,0.0,0.0,,,
2026-05-26T15:43:09+00:00,94,0.0,0.0,,,
2026-05-26T15:43:10+00:00,94,0.0,0.0,,,
2026-05-26T15:43:11+00:00,94,0.0,0.0,,,
2026-05-26T15:43:12+00:00,95,0.0,0.0,,,
2026-05-26T15:43:13+00:00,95,0.0,0.0,,,
2026-05-26T15:43:14+00:00,96,0.0,0.0,,,
2026-05-26T15:43:15+00:00,96,0.0,0.0,,,
2026-05-26T15:43:16+00:00,97,0.0,0.0,,,
2026-05-26T15:43:17+00:00,96,0.0,0.0,,,
2026-05-26T15:43:19+00:00,97,0.0,0.0,,,
2026-05-26T15:43:22+00:00,98,0.0,0.0,,,
2026-05-26T15:43:23+00:00,99,0.0,0.0,,,
2026-05-26T15:43:27+00:00,100,0.0,0.0,,,
2026-05-26T15:43:31+00:00,101,0.0,0.0,,,
2026-05-26T15:43:32+00:00,100,0.0,0.0,,,
2026-05-26T15:43:34+00:00,101,0.0,0.0,,,
2026-05-26T15:43:40+00:00,102,0.0,0.0,,,
2026-05-26T15:43:41+00:00,103,0.0,0.0,,,
2026-05-26T15:43:43+00:00,104,0.0,0.0,,,
2026-05-26T15:43:44+00:00,105,0.0,0.0,,,
2026-05-26T15:43:46+00:00,106,0.0,0.0,,,
2026-05-26T15:43:48+00:00,107,0.0,0.0,,,
2026-05-26T15:43:51+00:00,106,0.0,0.0,,,
2026-05-26T15:43:52+00:00,107,0.0,0.0,,,
2026-05-26T15:43:53+00:00,106,0.0,0.0,,,
2026-05-26T15:43:59+00:00,106,0.0,0.0,,,
2026-05-26T15:44:02+00:00,107,0.0,0.0,,,
2026-05-26T15:44:03+00:00,106,0.0,0.0,,,
2026-05-26T15:44:09+00:00,107,0.0,0.0,,,
2026-05-26T15:44:12+00:00,110,0.0,0.0,,,
2026-05-26T15:44:13+00:00,122,0.0,0.0,,,
2026-05-26T15:44:14+00:00,127,0.0,0.0,,,
2026-05-26T15:44:15+00:00,127,0.0,0.0,,,
2026-05-26T15:44:17+00:00,126,0.0,0.0,,,
2026-05-26T15:44:20+00:00,125,0.0,0.0,,,
2026-05-26T15:44:21+00:00,124,0.0,0.0,,,
2026-05-26T15:44:23+00:00,123,0.0,0.0,,,
2026-05-26T15:44:24+00:00,120,0.0,0.0,,,
2026-05-26T15:44:25+00:00,117,0.0,0.0,,,
2026-05-26T15:44:26+00:00,115,0.0,0.0,,,
2026-05-26T15:44:27+00:00,114,0.0,0.0,,,
2026-05-26T15:44:28+00:00,113,0.0,0.0,,,
2026-05-26T15:44:34+00:00,114,0.0,0.0,,,
2026-05-26T15:44:38+00:00,115,0.0,0.0,,,
2026-05-26T15:44:39+00:00,114,0.0,0.0,,,
2026-05-26T15:44:45+00:00,114,0.0,0.0,,,
2026-05-26T15:44:46+00:00,115,0.0,0.0,,,
2026-05-26T15:44:52+00:00,114,0.0,0.0,,,
2026-05-26T15:44:53+00:00,112,0.0,0.0,,,
2026-05-26T15:44:54+00:00,110,0.0,0.0,,,
2026-05-26T15:44:56+00:00,109,0.0,0.0,,,
2026-05-26T15:45:01+00:00,108,0.0,0.0,,,
2026-05-26T15:45:03+00:00,107,0.0,0.0,,,
2026-05-26T15:45:04+00:00,104,0.0,0.0,,,
2026-05-26T15:45:10+00:00,104,0.0,0.0,,,
2026-05-26T15:45:13+00:00,106,0.0,0.0,,,
2026-05-26T15:45:14+00:00,105,0.0,0.0,,,
2026-05-26T15:45:17+00:00,110,0.0,0.0,,,
2026-05-26T15:45:18+00:00,106,0.0,0.0,,,
2026-05-26T15:45:19+00:00,104,0.0,0.0,,,
2026-05-26T15:45:21+00:00,105,0.0,0.0,,,
2026-05-26T15:45:22+00:00,106,0.0,0.0,,,
2026-05-26T15:45:25+00:00,105,0.0,0.0,,,
2026-05-26T15:45:26+00:00,104,0.0,0.0,,,
2026-05-26T15:45:27+00:00,103,0.0,0.0,,,
2026-05-26T15:45:31+00:00,105,0.0,0.0,,,
2026-05-26T15:45:32+00:00,107,0.0,0.0,,,
2026-05-26T15:45:33+00:00,106,0.0,0.0,,,
2026-05-26T15:45:38+00:00,105,0.0,0.0,,,
2026-05-26T15:45:39+00:00,104,0.0,0.0,,,
2026-05-26T15:45:40+00:00,103,0.0,0.0,,,
2026-05-26T15:45:46+00:00,103,0.0,0.0,,,
2026-05-26T15:45:48+00:00,102,0.0,0.0,,,
2026-05-26T15:45:53+00:00,103,0.0,0.0,,,
2026-05-26T15:45:58+00:00,104,0.0,0.0,,,
2026-05-26T15:46:00+00:00,105,0.0,0.0,,,
2026-05-26T15:46:01+00:00,106,0.0,0.0,,,
2026-05-26T15:46:05+00:00,105,0.0,0.0,,,
2026-05-26T15:46:08+00:00,104,0.0,0.0,,,
2026-05-26T15:46:11+00:00,103,0.0,0.0,,,
2026-05-26T15:46:15+00:00,102,0.0,0.0,,,
2026-05-26T15:46:18+00:00,101,0.0,0.0,,,
2026-05-26T15:46:19+00:00,99,0.0,0.0,,,
2026-05-26T15:46:20+00:00,98,0.0,0.0,,,
2026-05-26T15:46:21+00:00,97,0.0,0.0,,,
2026-05-26T15:46:24+00:00,98,0.0,0.0,,,
2026-05-26T15:46:25+00:00,99,0.0,0.0,,,
2026-05-26T15:46:31+00:00,99,0.0,0.0,,,
2026-05-26T15:46:36+00:00,98,0.0,0.0,,,
2026-05-26T15:46:39+00:00,97,0.0,0.0,,,
2026-05-26T15:46:45+00:00,97,0.0,0.0,,,
2026-05-26T15:46:46+00:00,98,0.0,0.0,,,
2026-05-26T15:46:47+00:00,97,0.0,0.0,,,
2026-05-26T15:46:48+00:00,100,0.0,0.0,,,
2026-05-26T15:46:49+00:00,102,0.0,0.0,,,
2026-05-26T15:46:51+00:00,101,0.0,0.0,,,
2026-05-26T15:46:52+00:00,100,0.0,0.0,,,
2026-05-26T15:46:53+00:00,99,0.0,0.0,,,
2026-05-26T15:46:54+00:00,98,0.0,0.0,,,
2026-05-26T15:46:56+00:00,97,0.0,0.0,,,
2026-05-26T15:47:00+00:00,96,0.0,0.0,,,
2026-05-26T15:47:01+00:00,97,0.0,0.0,,,
2026-05-26T15:47:04+00:00,96,0.0,0.0,,,
2026-05-26T15:47:07+00:00,97,0.0,0.0,,,
2026-05-26T15:47:09+00:00,98,0.0,0.0,,,
2026-05-26T15:47:10+00:00,99,0.0,0.0,,,
2026-05-26T15:47:11+00:00,100,0.0,0.0,,,
2026-05-26T15:47:15+00:00,101,0.0,0.0,,,
2026-05-26T15:47:16+00:00,100,0.0,0.0,,,
2026-05-26T15:47:17+00:00,101,0.0,0.0,,,
2026-05-26T15:47:18+00:00,100,0.0,0.0,,,
2026-05-26T15:47:19+00:00,99,0.0,0.0,,,
2026-05-26T15:47:24+00:00,100,0.0,0.0,,,
2026-05-26T15:47:27+00:00,101,0.0,0.0,,,
2026-05-26T15:47:28+00:00,102,0.0,0.0,,,
2026-05-26T15:47:29+00:00,103,0.0,0.0,,,
2026-05-26T15:47:30+00:00,102,0.0,0.0,,,
2026-05-26T15:47:34+00:00,101,0.0,0.0,,,
2026-05-26T15:47:36+00:00,100,0.0,0.0,,,
2026-05-26T15:47:38+00:00,99,0.0,0.0,,,
2026-05-26T15:47:39+00:00,98,0.0,0.0,,,
2026-05-26T15:47:40+00:00,97,0.0,0.0,,,
2026-05-26T15:47:43+00:00,96,0.0,0.0,,,
2026-05-26T15:47:49+00:00,96,0.0,0.0,,,
2026-05-26T15:47:50+00:00,97,0.0,0.0,,,
2026-05-26T15:47:51+00:00,96,0.0,0.0,,,
2026-05-26T15:47:56+00:00,95,0.0,0.0,,,
2026-05-26T15:47:57+00:00,93,0.0,0.0,,,
2026-05-26T15:47:58+00:00,91,0.0,0.0,,,
2026-05-26T15:47:59+00:00,90,0.0,0.0,,,
2026-05-26T15:48:01+00:00,89,0.0,0.0,,,
2026-05-26T15:48:02+00:00,90,0.0,0.0,,,
2026-05-26T15:48:04+00:00,91,0.0,0.0,,,
2026-05-26T15:48:05+00:00,92,0.0,0.0,,,
2026-05-26T15:48:07+00:00,93,0.0,0.0,,,
2026-05-26T15:48:08+00:00,94,0.0,0.0,,,
2026-05-26T15:48:10+00:00,95,0.0,0.0,,,
2026-05-26T15:48:16+00:00,95,0.0,0.0,,,
2026-05-26T15:48:20+00:00,96,0.0,0.0,,,
2026-05-26T15:48:21+00:00,95,0.0,0.0,,,
2026-05-26T15:48:22+00:00,96,0.0,0.0,,,
2026-05-26T15:48:28+00:00,96,0.0,0.0,,,
2026-05-26T15:48:30+00:00,95,0.0,0.0,,,
2026-05-26T15:48:35+00:00,96,0.0,0.0,,,
2026-05-26T15:48:36+00:00,97,0.0,0.0,,,
2026-05-26T15:48:37+00:00,100,0.0,0.0,,,
2026-05-26T15:48:40+00:00,99,0.0,0.0,,,
2026-05-26T15:48:42+00:00,98,0.0,0.0,,,
2026-05-26T15:48:45+00:00,99,0.0,0.0,,,
2026-05-26T15:48:47+00:00,100,0.0,0.0,,,
2026-05-26T15:48:49+00:00,102,0.0,0.0,,,
2026-05-26T15:48:50+00:00,101,0.0,0.0,,,
2026-05-26T15:48:54+00:00,100,0.0,0.0,,,
2026-05-26T15:48:59+00:00,98,0.0,0.0,,,
2026-05-26T15:49:01+00:00,97,0.0,0.0,,,
2026-05-26T15:49:02+00:00,96,0.0,0.0,,,
2026-05-26T15:49:04+00:00,95,0.0,0.0,,,
2026-05-26T15:49:05+00:00,93,0.0,0.0,,,
2026-05-26T15:49:06+00:00,92,0.0,0.0,,,
2026-05-26T15:49:07+00:00,93,0.0,0.0,,,
2026-05-26T15:49:08+00:00,92,0.0,0.0,,,
2026-05-26T15:49:14+00:00,93,0.0,0.0,,,
2026-05-26T15:49:16+00:00,94,0.0,0.0,,,
2026-05-26T15:49:17+00:00,95,0.0,0.0,,,
2026-05-26T15:49:20+00:00,96,0.0,0.0,,,
2026-05-26T15:49:21+00:00,97,0.0,0.0,,,
2026-05-26T15:49:23+00:00,98,0.0,0.0,,,
2026-05-26T15:49:28+00:00,99,0.0,0.0,,,
2026-05-26T15:49:32+00:00,100,0.0,0.0,,,
2026-05-26T15:49:36+00:00,99,0.0,0.0,,,
2026-05-26T15:49:37+00:00,100,0.0,0.0,,,
2026-05-26T15:49:39+00:00,99,0.0,0.0,,,
2026-05-26T15:49:42+00:00,100,0.0,0.0,,,
2026-05-26T15:49:43+00:00,99,0.0,0.0,,,
2026-05-26T15:49:46+00:00,100,0.0,0.0,,,
2026-05-26T15:49:47+00:00,101,0.0,0.0,,,
2026-05-26T15:49:48+00:00,103,0.0,0.0,,,
2026-05-26T15:49:49+00:00,104,0.0,0.0,,,
2026-05-26T15:49:50+00:00,105,0.0,0.0,,,
2026-05-26T15:49:54+00:00,106,0.0,0.0,,,
2026-05-26T15:49:56+00:00,107,0.0,0.0,,,
2026-05-26T15:49:58+00:00,108,0.0,0.0,,,
2026-05-26T15:50:04+00:00,108,0.0,0.0,,,
2026-05-26T15:50:08+00:00,107,0.0,0.0,,,
2026-05-26T15:50:12+00:00,106,0.0,0.0,,,
2026-05-26T15:50:15+00:00,105,0.0,0.0,,,
2026-05-26T15:50:16+00:00,104,0.0,0.0,,,
2026-05-26T15:50:22+00:00,104,0.0,0.0,,,
2026-05-26T15:50:24+00:00,103,0.0,0.0,,,
2026-05-26T15:50:26+00:00,104,0.0,0.0,,,
2026-05-26T15:50:27+00:00,103,0.0,0.0,,,
2026-05-26T15:50:30+00:00,102,0.0,0.0,,,
2026-05-26T15:50:34+00:00,101,0.0,0.0,,,
2026-05-26T15:50:35+00:00,101,0.0,0.0,,,
2026-05-26T15:50:36+00:00,101,0.0,0.0,,,
2026-05-26T15:50:37+00:00,102,0.0,0.0,,,
2026-05-26T15:50:38+00:00,102,0.0,0.0,,,
2026-05-26T15:50:39+00:00,101,0.0,0.0,,,
2026-05-26T15:50:40+00:00,100,0.0,0.0,,,
2026-05-26T15:50:41+00:00,101,0.0,0.0,,,
2026-05-26T15:50:42+00:00,102,0.0,0.0,,,
2026-05-26T15:50:43+00:00,103,0.0,0.0,,,
2026-05-26T15:50:44+00:00,104,0.0,0.0,,,
2026-05-26T15:50:45+00:00,104,0.0,0.0,,,
2026-05-26T15:50:46+00:00,105,0.0,0.0,,,
2026-05-26T15:50:47+00:00,106,0.0,0.0,,,
2026-05-26T15:50:48+00:00,107,0.0,0.0,,,
2026-05-26T15:50:49+00:00,108,0.0,0.0,,,
2026-05-26T15:50:50+00:00,108,0.0,0.0,,,
2026-05-26T15:50:51+00:00,109,0.0,0.0,,,
2026-05-26T15:50:52+00:00,110,0.0,0.0,,,
2026-05-26T15:50:53+00:00,110,0.0,0.0,,,
2026-05-26T15:50:54+00:00,111,0.0,0.0,,,
2026-05-26T15:50:55+00:00,112,0.0,0.0,,,
2026-05-26T15:50:56+00:00,112,0.0,0.0,,,
2026-05-26T15:50:57+00:00,113,0.0,0.0,,,
2026-05-26T15:50:58+00:00,113,0.0,0.0,,,
2026-05-26T15:50:59+00:00,113,0.0,0.0,,,
2026-05-26T15:51:00+00:00,114,0.0,0.0,,,
2026-05-26T15:51:01+00:00,114,0.0,0.0,,,
2026-05-26T15:51:02+00:00,113,0.0,0.0,,,
2026-05-26T15:51:03+00:00,114,0.0,0.0,,,
2026-05-26T15:51:04+00:00,114,0.0,0.0,,,
2026-05-26T15:51:05+00:00,114,0.0,0.0,,,
2026-05-26T15:51:06+00:00,114,0.0,0.0,,,
2026-05-26T15:51:07+00:00,113,0.0,0.0,,,
2026-05-26T15:51:08+00:00,113,0.0,0.0,,,
2026-05-26T15:51:09+00:00,113,0.0,0.0,,,
2026-05-26T15:51:10+00:00,114,0.0,0.0,,,
2026-05-26T15:51:11+00:00,114,0.0,0.0,,,
2026-05-26T15:51:12+00:00,113,0.0,0.0,,,
2026-05-26T15:51:13+00:00,113,0.0,0.0,,,
2026-05-26T15:51:14+00:00,112,0.0,0.0,,,
2026-05-26T15:51:15+00:00,112,0.0,0.0,,,
2026-05-26T15:51:16+00:00,112,0.0,0.0,,,
2026-05-26T15:51:17+00:00,112,0.0,0.0,,,
2026-05-26T15:51:18+00:00,111,0.0,0.0,,,
2026-05-26T15:51:19+00:00,111,0.0,0.0,,,
2026-05-26T15:51:20+00:00,112,0.0,0.0,,,
2026-05-26T15:51:21+00:00,112,0.0,0.0,,,
2026-05-26T15:51:22+00:00,113,0.0,0.0,,,
2026-05-26T15:51:23+00:00,115,0.0,0.0,,,
2026-05-26T15:51:24+00:00,115,0.0,0.0,,,
2026-05-26T15:51:25+00:00,115,0.0,0.0,,,
2026-05-26T15:51:26+00:00,114,0.0,0.0,,,
2026-05-26T15:51:27+00:00,111,0.0,0.0,,,
2026-05-26T15:51:28+00:00,105,0.0,0.0,,,
2026-05-26T15:51:29+00:00,104,0.0,0.0,,,
2026-05-26T15:51:30+00:00,103,0.0,0.0,,,
2026-05-26T15:51:34+00:00,102,0.0,0.0,,,
2026-05-26T15:51:40+00:00,101,0.0,0.0,,,
2026-05-26T15:51:44+00:00,100,0.0,0.0,,,
2026-05-26T15:51:49+00:00,101,0.0,0.0,,,
2026-05-26T15:51:50+00:00,103,0.0,0.0,,,
2026-05-26T15:51:51+00:00,108,0.0,0.0,,,
2026-05-26T15:51:52+00:00,145,0.0,0.0,,,
2026-05-26T15:51:53+00:00,152,0.0,0.0,,,
2026-05-26T15:51:54+00:00,151,0.0,0.0,,,
2026-05-26T15:51:56+00:00,150,0.0,0.0,,,
2026-05-26T15:51:58+00:00,149,0.0,0.0,,,
2026-05-26T15:51:59+00:00,148,0.0,0.0,,,
2026-05-26T15:52:00+00:00,147,0.0,0.0,,,
2026-05-26T15:52:02+00:00,146,0.0,0.0,,,
2026-05-26T15:52:03+00:00,145,0.0,0.0,,,
2026-05-26T15:52:05+00:00,142,0.0,0.0,,,
2026-05-26T15:52:06+00:00,140,0.0,0.0,,,
2026-05-26T15:52:07+00:00,138,0.0,0.0,,,
2026-05-26T15:52:08+00:00,137,0.0,0.0,,,
2026-05-26T15:52:09+00:00,135,0.0,0.0,,,
2026-05-26T15:52:10+00:00,134,0.0,0.0,,,
2026-05-26T15:52:15+00:00,133,0.0,0.0,,,
2026-05-26T15:52:21+00:00,133,0.0,0.0,,,
2026-05-26T15:52:27+00:00,133,0.0,0.0,,,
2026-05-26T15:52:28+00:00,132,0.0,0.0,,,
2026-05-26T15:52:30+00:00,131,0.0,0.0,,,
2026-05-26T15:52:32+00:00,130,0.0,0.0,,,
2026-05-26T15:52:38+00:00,130,0.0,0.0,,,
2026-05-26T15:52:39+00:00,129,0.0,0.0,,,
2026-05-26T15:52:40+00:00,130,0.0,0.0,,,
2026-05-26T15:52:41+00:00,129,0.0,0.0,,,
2026-05-26T15:52:42+00:00,130,0.0,0.0,,,
2026-05-26T15:52:45+00:00,129,0.0,0.0,,,
2026-05-26T15:52:47+00:00,130,0.0,0.0,,,
2026-05-26T15:52:49+00:00,131,0.0,0.0,,,
2026-05-26T15:52:52+00:00,130,0.0,0.0,,,
2026-05-26T15:52:56+00:00,129,0.0,0.0,,,
2026-05-26T15:52:57+00:00,128,0.0,0.0,,,
2026-05-26T15:53:02+00:00,127,0.0,0.0,,,
2026-05-26T15:53:03+00:00,128,0.0,0.0,,,
2026-05-26T15:53:07+00:00,129,0.0,0.0,,,
2026-05-26T15:53:09+00:00,128,0.0,0.0,,,
2026-05-26T15:53:12+00:00,127,0.0,0.0,,,
2026-05-26T15:53:13+00:00,126,0.0,0.0,,,
2026-05-26T15:53:16+00:00,127,0.0,0.0,,,
2026-05-26T15:53:17+00:00,127,0.0,0.0,,,
2026-05-26T15:53:18+00:00,128,0.0,0.0,,,
2026-05-26T15:53:19+00:00,127,0.0,0.0,,,
2026-05-26T15:53:20+00:00,128,0.0,0.0,,,
2026-05-26T15:53:21+00:00,128,0.0,0.0,,,
2026-05-26T15:53:22+00:00,129,0.0,0.0,,,
2026-05-26T15:53:23+00:00,129,0.0,0.0,,,
2026-05-26T15:53:24+00:00,129,0.0,0.0,,,
2026-05-26T15:53:25+00:00,129,0.0,0.0,,,
2026-05-26T15:53:26+00:00,129,0.0,0.0,,,
2026-05-26T15:53:27+00:00,128,0.0,0.0,,,
2026-05-26T15:53:28+00:00,126,0.0,0.0,,,
2026-05-26T15:53:29+00:00,123,0.0,0.0,,,
2026-05-26T15:53:30+00:00,122,0.0,0.0,,,
2026-05-26T15:53:31+00:00,121,0.0,0.0,,,
2026-05-26T15:53:32+00:00,116,0.0,0.0,,,
2026-05-26T15:53:33+00:00,115,0.0,0.0,,,
2026-05-26T15:53:34+00:00,114,0.0,0.0,,,
2026-05-26T15:53:35+00:00,115,0.0,0.0,,,
2026-05-26T15:53:36+00:00,118,0.0,0.0,,,
2026-05-26T15:53:37+00:00,123,0.0,0.0,,,
2026-05-26T15:53:38+00:00,124,0.0,0.0,,,
2026-05-26T15:53:39+00:00,125,0.0,0.0,,,
2026-05-26T15:53:40+00:00,125,0.0,0.0,,,
2026-05-26T15:53:41+00:00,126,0.0,0.0,,,
2026-05-26T15:53:42+00:00,126,0.0,0.0,,,
2026-05-26T15:53:43+00:00,127,0.0,0.0,,,
2026-05-26T15:53:44+00:00,127,0.0,0.0,,,
2026-05-26T15:53:45+00:00,128,0.0,0.0,,,
2026-05-26T15:53:46+00:00,128,0.0,0.0,,,
2026-05-26T15:53:47+00:00,129,0.0,0.0,,,
2026-05-26T15:53:48+00:00,129,0.0,0.0,,,
2026-05-26T15:53:49+00:00,129,0.0,0.0,,,
2026-05-26T15:53:50+00:00,130,0.0,0.0,,,
2026-05-26T15:53:51+00:00,130,0.0,0.0,,,
2026-05-26T15:53:52+00:00,130,0.0,0.0,,,
2026-05-26T15:53:53+00:00,130,0.0,0.0,,,
2026-05-26T15:53:54+00:00,130,0.0,0.0,,,
2026-05-26T15:53:55+00:00,130,0.0,0.0,,,
2026-05-26T15:53:56+00:00,130,0.0,0.0,,,
2026-05-26T15:53:57+00:00,129,0.0,0.0,,,
2026-05-26T15:53:58+00:00,128,0.0,0.0,,,
2026-05-26T15:53:59+00:00,128,0.0,0.0,,,
2026-05-26T15:54:00+00:00,127,0.0,0.0,,,
2026-05-26T15:54:01+00:00,126,0.0,0.0,,,
2026-05-26T15:54:02+00:00,126,0.0,0.0,,,
2026-05-26T15:54:03+00:00,125,0.0,0.0,,,
2026-05-26T15:54:04+00:00,128,0.0,0.0,,,
2026-05-26T15:54:05+00:00,140,0.0,0.0,,,
2026-05-26T15:54:06+00:00,151,0.0,0.0,,,
2026-05-26T15:54:07+00:00,156,0.0,0.0,,,
2026-05-26T15:54:08+00:00,157,0.0,0.0,,,
2026-05-26T15:54:09+00:00,158,0.0,0.0,,,
2026-05-26T15:54:13+00:00,157,0.0,0.0,,,
2026-05-26T15:54:14+00:00,156,0.0,0.0,,,
2026-05-26T15:54:15+00:00,155,0.0,0.0,,,
2026-05-26T15:54:17+00:00,154,0.0,0.0,,,
2026-05-26T15:54:18+00:00,153,0.0,0.0,,,
2026-05-26T15:54:19+00:00,152,0.0,0.0,,,
2026-05-26T15:54:20+00:00,151,0.0,0.0,,,
2026-05-26T15:54:22+00:00,150,0.0,0.0,,,
2026-05-26T15:54:23+00:00,149,0.0,0.0,,,
2026-05-26T15:54:26+00:00,148,0.0,0.0,,,
2026-05-26T15:54:27+00:00,147,0.0,0.0,,,
2026-05-26T15:54:28+00:00,146,0.0,0.0,,,
2026-05-26T15:54:29+00:00,144,0.0,0.0,,,
2026-05-26T15:54:30+00:00,143,0.0,0.0,,,
2026-05-26T15:54:31+00:00,142,0.0,0.0,,,
2026-05-26T15:54:32+00:00,141,0.0,0.0,,,
2026-05-26T15:54:33+00:00,138,0.0,0.0,,,
2026-05-26T15:54:34+00:00,136,0.0,0.0,,,
2026-05-26T15:54:35+00:00,134,0.0,0.0,,,
2026-05-26T15:54:37+00:00,133,0.0,0.0,,,
2026-05-26T15:54:38+00:00,132,0.0,0.0,,,
2026-05-26T15:54:40+00:00,133,0.0,0.0,,,
2026-05-26T15:54:41+00:00,136,0.0,0.0,,,
2026-05-26T15:54:42+00:00,145,0.0,0.0,,,
2026-05-26T15:54:43+00:00,147,0.0,0.0,,,
2026-05-26T15:54:44+00:00,149,0.0,0.0,,,
2026-05-26T15:54:45+00:00,150,0.0,0.0,,,
2026-05-26T15:54:46+00:00,151,0.0,0.0,,,
2026-05-26T15:54:47+00:00,152,0.0,0.0,,,
2026-05-26T15:54:48+00:00,153,0.0,0.0,,,
2026-05-26T15:54:52+00:00,152,0.0,0.0,,,
2026-05-26T15:54:58+00:00,152,0.0,0.0,,,
2026-05-26T15:55:00+00:00,151,0.0,0.0,,,
2026-05-26T15:55:06+00:00,152,0.0,0.0,,,
2026-05-26T15:55:07+00:00,151,0.0,0.0,,,
2026-05-26T15:55:09+00:00,150,0.0,0.0,,,
2026-05-26T15:55:10+00:00,149,0.0,0.0,,,
2026-05-26T15:55:11+00:00,147,0.0,0.0,,,
2026-05-26T15:55:13+00:00,146,0.0,0.0,,,
2026-05-26T15:55:14+00:00,145,0.0,0.0,,,
2026-05-26T15:55:15+00:00,143,0.0,0.0,,,
2026-05-26T15:55:16+00:00,142,0.0,0.0,,,
2026-05-26T15:55:20+00:00,141,0.0,0.0,,,
2026-05-26T15:55:21+00:00,142,0.0,0.0,,,
2026-05-26T15:55:23+00:00,143,0.0,0.0,,,
2026-05-26T15:55:29+00:00,143,0.0,0.0,,,
2026-05-26T15:55:30+00:00,142,0.0,0.0,,,
2026-05-26T15:55:31+00:00,141,0.0,0.0,,,
2026-05-26T15:55:32+00:00,139,0.0,0.0,,,
2026-05-26T15:55:33+00:00,135,0.0,0.0,,,
2026-05-26T15:55:34+00:00,122,0.0,0.0,,,
2026-05-26T15:55:35+00:00,118,0.0,0.0,,,
2026-05-26T15:55:36+00:00,117,0.0,0.0,,,
2026-05-26T15:55:37+00:00,115,0.0,0.0,,,
2026-05-26T15:55:38+00:00,113,0.0,0.0,,,
2026-05-26T15:55:39+00:00,111,0.0,0.0,,,
2026-05-26T15:55:40+00:00,108,0.0,0.0,,,
2026-05-26T15:55:41+00:00,106,0.0,0.0,,,
2026-05-26T15:55:42+00:00,104,0.0,0.0,,,
2026-05-26T15:55:43+00:00,103,0.0,0.0,,,
2026-05-26T15:55:44+00:00,102,0.0,0.0,,,
2026-05-26T15:55:48+00:00,103,0.0,0.0,,,
2026-05-26T15:55:49+00:00,102,0.0,0.0,,,
2026-05-26T15:55:54+00:00,103,0.0,0.0,,,
2026-05-26T15:55:55+00:00,104,0.0,0.0,,,
2026-05-26T15:55:57+00:00,105,0.0,0.0,,,
2026-05-26T15:55:58+00:00,104,0.0,0.0,,,
2026-05-26T15:55:59+00:00,106,0.0,0.0,,,
2026-05-26T15:56:01+00:00,105,0.0,0.0,,,
2026-05-26T15:56:02+00:00,103,0.0,0.0,,,
2026-05-26T15:56:03+00:00,102,0.0,0.0,,,
2026-05-26T15:56:04+00:00,100,0.0,0.0,,,
2026-05-26T15:56:05+00:00,99,0.0,0.0,,,
2026-05-26T15:56:09+00:00,98,0.0,0.0,,,
2026-05-26T15:56:10+00:00,97,0.0,0.0,,,
2026-05-26T15:56:13+00:00,98,0.0,0.0,,,
2026-05-26T15:56:15+00:00,99,0.0,0.0,,,
2026-05-26T15:56:17+00:00,98,0.0,0.0,,,
2026-05-26T15:56:19+00:00,96,0.0,0.0,,,
2026-05-26T15:56:22+00:00,97,0.0,0.0,,,
2026-05-26T15:56:24+00:00,98,0.0,0.0,,,
2026-05-26T15:56:25+00:00,99,0.0,0.0,,,
2026-05-26T15:56:26+00:00,98,0.0,0.0,,,
2026-05-26T15:56:28+00:00,97,0.0,0.0,,,
2026-05-26T15:56:34+00:00,97,0.0,0.0,,,
2026-05-26T15:56:36+00:00,98,0.0,0.0,,,
2026-05-26T15:56:37+00:00,97,0.0,0.0,,,
2026-05-26T15:56:39+00:00,98,0.0,0.0,,,
2026-05-26T15:56:40+00:00,97,0.0,0.0,,,
2026-05-26T15:56:42+00:00,98,0.0,0.0,,,
2026-05-26T15:56:44+00:00,98,0.0,0.0,,,
